total_net_return,cagr,volatility,sharpe,sortino,calmar,max_dd,drawdown_duration_days,expected_shortfall_95,annual_arithmetic_return,trades,average_trade,median_trade,win_rate,profit_factor,payoff_ratio,expectancy,top1_trade_positive_pnl_share,top5_trade_positive_pnl_share,top10_trade_positive_pnl_share,top_month_positive_pnl_share,top_quarter_positive_pnl_share,top_year_positive_pnl_share,asset,case,component,discovery,gross_exposure,net_exposure,max_gross,annual_turnover,annual_transaction_cost,net_funding_usdt,ruin,history_start,history_end,extra_sleeve_rebalance_cost,executable_adjusted_sharpe
4.329591263837551,0.7458635069377433,0.8315065001294619,1.0663562868234313,1.8270470757573873,1.2351556996849302,-0.6038619318422787,496,-0.08265965019865666,0.8866821839476,157,0.023075237839764156,-0.00449108344893103,0.12738853503184713,1.907362657801516,18.31408627935441,0.023075237839764156,0.35495373792678414,0.8359327168156383,0.9766360144289445,0.20987303193101553,0.5029873740123095,0.8302630784130054,SOLUSDT,base,trend,False,0.7171711829621733,0.0351488055554511,1.3321975990428556,96.5983908319217,0.06810186553650481,9409.320881695237,False,2022-01-01 00:00:00+00:00,2024-12-31 23:00:00+00:00,,
0.08955689420988233,0.028976149998677814,0.3198144618614665,0.2473440885645701,0.3819244862943569,0.09457432083240735,-0.30638496521720393,556,-0.043698938427454856,0.0791042165788929,56,0.0036565331419077854,-0.025216262699497283,0.4107142857142857,1.0685808934735856,1.6480444033146258,0.0036565331419077854,0.11850468764442916,0.4725241982071109,0.7624749161421719,0.20223559905715638,0.3542568480691157,0.97049876644568,SOLUSDT,base,breakout,False,0.14060340162529048,0.002788050158282019,1.1294861504417826,36.609130676925304,0.025809437127232337,177.40844790350172,False,2022-01-01 00:00:00+00:00,2024-12-31 23:00:00+00:00,,
2.1074561425144984,0.45876469645649887,0.4648741542238207,1.038761126803256,1.7847924717892203,1.4696875455234066,-0.31215117652311386,264,-0.046683905870355404,0.4828932002632466,213,0.007824211000253376,-0.0026394539947580697,0.19718309859154928,1.7219818561339282,7.955208054527092,0.007824211000253376,0.26910538986755883,0.5949713953985651,0.7681925457860428,0.1574490297428339,0.5236580759441695,0.745982649987089,SOLUSDT,base,equal,False,0.42888729229373185,0.01896842785686656,,66.6037607544235,0.04695565133186857,,,2022-01-01 00:00:00+00:00,2024-12-31 23:00:00+00:00,0.004910968738978682,1.035241940145321
0.7638158647392408,0.2080255676719711,0.3319291030826156,0.7323492214996632,1.2253887540564072,0.7389925348863566,-0.2814988756333805,244,-0.037424735183331365,0.24308802023563497,213,0.0034769939314954826,-0.0009861151785849384,0.18309859154929578,1.3808652988427235,6.15584196852945,0.0034769939314954826,0.15424580640441055,0.4518761600258552,0.669180896127069,0.1599096186588517,0.36486475065750534,0.7332666308683259,SOLUSDT,base,inverse_vol,False,0.2662825997719672,0.013341693450557766,,50.42141973594963,0.035547100913844484,,,2022-01-01 00:00:00+00:00,2024-12-31 23:00:00+00:00,0.006425097027839332,0.7258989160938487
4.0273708065135185,0.7122493227395601,0.8317941635954462,1.0428628134866822,1.7852053648510373,1.1585512092707986,-0.6147758657883198,496,-0.08270629163490754,0.8674472016889487,157,0.022651861122004676,-0.0047236256724531266,0.12101910828025478,1.857880252632006,18.985703008591532,0.022651861122004676,0.3557972250959523,0.8362104498383459,0.9772593786362733,0.2094725139622317,0.507030848476829,0.8523785912016895,SOLUSDT,stress,trend,False,0.717214192375294,0.03514712751140996,1.3323114764384312,96.59562910059714,0.08741904433604039,9092.508169599352,False,2022-01-01 00:00:00+00:00,2024-12-31 23:00:00+00:00,,
0.06542580071720905,0.02132986728405939,0.32015297461608033,0.22415697884293798,0.3451199616503371,0.06896475830740043,-0.30928647917512586,606,-0.04386340472112813,0.07176452355752037,56,0.0032557408348012906,-0.02561044421136071,0.375,1.0501433055109863,1.8850843856182475,0.0032557408348012906,0.11801132576504791,0.472775796963098,0.7635885556349439,0.2032224914108606,0.3539279897973704,1.0,SOLUSDT,stress,breakout,False,0.14060340162529045,0.0027880501582820093,1.1294861504417832,36.60462998271264,0.03312719013435493,175.5109779594084,False,2022-01-01 00:00:00+00:00,2024-12-31 23:00:00+00:00,,
1.9852371225689858,0.4394010646748203,0.46506231607143467,1.0097697585781216,1.7325578239155588,1.384154964566284,-0.31745077388246323,266,-0.046736193456577,0.46960586262323467,213,0.007627044846394419,-0.0027805923152016947,0.19248826291079812,1.6857831245518837,8.039774242206631,0.007627044846394419,0.269509127605395,0.595180724389786,0.7683368048443713,0.1580589584391609,0.528452904197798,0.7640498787599824,SOLUSDT,stress,equal,False,0.4289087970002923,0.018967588834845988,,66.6001295416549,0.060273117235197675,,,2022-01-01 00:00:00+00:00,2024-12-31 23:00:00+00:00,0.006310473574838079,1.0052496051394395
0.7114697218826669,0.1959658092992027,0.3322093476111053,0.7018044788447175,1.1716518031057503,0.6860170764170862,-0.2856573342498824,244,-0.03752693561554231,0.2331460080675554,213,0.0033349286513467222,-0.0010339985946444512,0.18309859154929578,1.3559757191770696,6.0505589542789115,0.0033349286513467222,0.154378039644486,0.45144519965560387,0.6692993002803446,0.16069781796136837,0.37019289892964746,0.7587439868386752,SOLUSDT,stress,inverse_vol,False,0.2663708609471492,0.013316041813652892,,50.42564457939029,0.04563520834434821,,,2022-01-01 00:00:00+00:00,2024-12-31 23:00:00+00:00,0.00825098511570824,0.6935282425826288
3.742248215285061,0.679277629607755,0.832085097185998,1.0193829123068172,1.7434510807165389,1.086165119586558,-0.6253907599852937,499,-0.08275293405679367,0.8482133296565636,157,0.02222885528738532,-0.005075741987898867,0.12101910828025478,1.8103366448744953,18.567638441827004,0.02222885528738532,0.35655753637807414,0.8364580948831613,0.9778718008439368,0.20901146215588842,0.5110466700943601,0.8706540485325273,SOLUSDT,slippage_1_5,trend,False,0.7172572015702058,0.035145448054398835,1.3324253547718716,96.5928666374322,0.10673511763436258,8788.080956141022,False,2022-01-01 00:00:00+00:00,2024-12-31 23:00:00+00:00,,
0.04182913453888215,0.013740397647098224,0.32049613174115427,0.20102157627622444,0.30860954597132256,0.043906349913747776,-0.3129478463614186,628,-0.04402784711374851,0.06442663759303932,56,0.0028551086676629686,-0.026004468224655304,0.375,1.0320859252071217,1.8563447247000708,0.0028551086676629686,0.11751538790328891,0.4730176816279675,0.7646949010561358,0.20425307997902648,0.3536438457913095,1.0,SOLUSDT,slippage_1_5,breakout,False,0.14060340162529048,0.0027880501582820028,1.1294861504417824,36.60013108679055,0.040443144850903556,173.63653969778227,False,2022-01-01 00:00:00+00:00,2024-12-31 23:00:00+00:00,,
1.867823108307428,0.420294139473693,0.46525294139718104,0.9807997822742327,1.6804948153313728,1.3023906901629085,-0.32270972347101223,266,-0.046788477183340484,0.45631998362480153,213,0.007430014074123545,-0.002902860296679091,0.19248826291079812,1.6506654136034755,7.887159191900041,0.007430014074123545,0.26988594533661386,0.5953833724944357,0.7684786490175213,0.15866660362768825,0.5332170694527494,0.783358320624435,SOLUSDT,slippage_1_5,equal,False,0.42893030159774814,0.018966749106340407,,66.59649886211136,0.07358913124263307,,,2022-01-01 00:00:00+00:00,2024-12-31 23:00:00+00:00,0.007712834973076469,0.9752774886907015
0.6606720096862702,0.18402523607048682,0.33249322551360316,0.671305543412382,1.1182292544748396,0.6344923318061779,-0.2900353981373286,244,-0.03763074081294127,0.22320454543434504,213,0.0031929223496174742,-0.001104620589267054,0.18309859154929578,1.3317222475188621,5.948005251356829,0.0031929223496174742,0.15450504217593106,0.45100887459290706,0.6694133258386965,0.16137015675509173,0.3756787740999828,0.7871905437344296,SOLUSDT,slippage_1_5,inverse_vol,False,0.26645979628004474,0.01329034647026117,,50.42986868830185,0.055725004900573555,,,2022-01-01 00:00:00+00:00,2024-12-31 23:00:00+00:00,0.01007888715163363,0.6612046053369159
3.4732584547926173,0.6469362376907988,0.832379296316807,0.9959168517929157,1.701785241512619,1.01765174501585,-0.6357147627951276,504,-0.0827995774633155,0.8289805682854369,157,0.02180621988415378,-0.005213988452628502,0.12101910828025478,1.764659971011927,18.164080879018996,0.02180621988415378,0.3572430584911286,0.8366988185247722,0.9784999855511838,0.20849178680551836,0.5150343844639668,0.8724652356719079,SOLUSDT,slippage_2,trend,False,0.7173002105428381,0.03514376718415264,1.3325392340217113,96.59010344209993,0.1260500849919404,8495.508895238212,False,2022-01-01 00:00:00+00:00,2024-12-31 23:00:00+00:00,,
0.018755058384507972,0.006207318398771422,0.3208439141601106,0.1779387268481709,0.2723911078125717,0.019604652861323173,-0.31662475447435556,748,-0.044192265619638085,0.05709055760263391,56,0.002454636544534059,-0.02639833483375708,0.375,1.0143996991222914,1.8281697411139228,0.002454636544534059,0.11702115352707572,0.47326696059621165,0.7658216301212719,0.20532936396405183,0.3534064796010193,1.0,SOLUSDT,slippage_2,breakout,False,0.14060340162529048,0.0027880501582820158,1.1294861504417828,36.59563398808146,0.04775730235444631,171.7848106116116,False,2022-01-01 00:00:00+00:00,2024-12-31 23:00:00+00:00,,
1.7550252693627737,0.40144052186241974,0.46544602581018324,0.9518516398821136,1.628604608000296,1.2241714980880833,-0.32792833560444057,266,-0.04684075705190705,0.4430355629440355,213,0.007233118529065811,-0.0029308847660224906,0.19248826291079812,1.6165884846536123,7.738916652364673,0.007233118529065811,0.2702374203069738,0.5955834685574783,0.7686233231555729,0.15927210037995942,0.5380787874646319,0.8040584460429443,SOLUSDT,slippage_2,equal,False,0.4289518060840643,0.018965908671217335,,66.5928687150907,0.08690369367319335,,,2022-01-01 00:00:00+00:00,2024-12-31 23:00:00+00:00,0.009118015589335487,0.9453260749751009
0.6113769195234153,0.1722026443343163,0.33278071830986095,0.6408532276198418,1.0651207496170751,0.5837930300530693,-0.29497207994871466,262,-0.037736087108714615,0.21326359741852374,213,0.003050974534755413,-0.001148669568503565,0.18309859154929578,1.3080803652932178,5.848076212697264,0.003050974534755413,0.1546268485294452,0.4505673494065814,0.6695231907356647,0.16203949351006755,0.3813303830001593,0.8191730957138941,SOLUSDT,slippage_2,inverse_vol,False,0.26654939364910313,0.013264613324256717,,50.43409195246458,0.06581648999796627,,,2022-01-01 00:00:00+00:00,2024-12-31 23:00:00+00:00,0.011909049495320062,0.6289286451281659
3.3508746732620356,0.6317914137092384,0.8325201835306293,0.9847753989117359,1.6820252487978868,0.9863741027940142,-0.6405190605872753,504,-0.08282173342605438,0.8198453958384471,157,0.02160559770394755,-0.005241663127440707,0.12101910828025478,1.7435858880589061,17.9772577275146,0.02160559770394755,0.3575422171704063,0.8368110809562594,0.9788041805293954,0.20822786786845088,0.5169185972757139,0.8734165354380845,SOLUSDT,asset_conservative,trend,False,0.7173206397257942,0.03514296827563524,1.332593326980207,96.58879066773524,0.13522430693482934,8360.542947881106,False,2022-01-01 00:00:00+00:00,2024-12-31 23:00:00+00:00,,
0.007974586961223995,0.0026487386457769713,0.3210107255657145,0.16699302447071188,0.255289054339405,0.008319833180341869,-0.31836439365580316,748,-0.04427035604625147,0.05360655194975634,56,0.0022644683237513026,-0.02658536635968055,0.375,1.0061255096659767,1.8149796500569517,0.0022644683237513026,0.11678700303808437,0.47338802849333994,0.7663641011339117,0.2058572151893593,0.3533107487839419,1.0,SOLUSDT,asset_conservative,breakout,False,0.14060340162529045,0.0027880501582819932,1.1294861504417828,36.5934984954696,0.05123089789365744,170.91310266420948,False,2022-01-01 00:00:00+00:00,2024-12-31 23:00:00+00:00,,
1.7030106965093514,0.3925728192791935,0.4655386010786587,0.9381090480621846,1.6040176229436223,1.1881990816274566,-0.33039313474429977,266,-0.04686588313760312,0.4367259738941016,213,0.007139640472405016,-0.002944196389017984,0.19248826291079812,1.6007533341166291,7.669979487759666,0.007139640472405016,0.2703954579343387,0.5956777247272639,0.7686931424824482,0.15955900027638992,0.5404239464563665,0.8144281414572951,SOLUSDT,asset_conservative,equal,False,0.4289620206755423,0.018965509216958613,,66.59114458160242,0.09322760241424338,,,2022-01-01 00:00:00+00:00,2024-12-31 23:00:00+00:00,0.009786464301577478,0.9311065371754174
0.5884752422584221,0.16662789894854657,0.3329185383767185,0.6264049405843487,1.040004132577443,0.5604588501058995,-0.29730621421548076,493,-0.037786099280847994,0.20854181725129656,213,0.0029835696688778755,-0.0012024596664994068,0.18309859154929578,1.2970579454125384,5.801500459817225,0.0029835696688778755,0.15468289692983464,0.45035585229513003,0.6695739841200592,0.16236088209820695,0.3840754071523071,0.8358044314547077,SOLUSDT,asset_conservative,inverse_vol,False,0.26659218084708314,0.013252378497594402,,50.43609768241889,0.07061053675538645,,,2022-01-01 00:00:00+00:00,2024-12-31 23:00:00+00:00,0.012779108481591356,0.6136145772552759
3.4136752645231097,0.6395978938850582,0.8205454358592706,0.9960870678745891,1.6749673864011114,0.9774533462801813,-0.6543513266583274,504,-0.08315384200808303,0.8173346972629376,157,0.022227512200849526,-0.00485317445529596,0.2356687898089172,1.7894168884829709,8.374336148974006,0.022227512200849526,0.3619171472594214,0.863130434756891,0.9585111911486249,0.22853492976387837,0.4942880352809362,0.9058032169970688,SOLUSDT,delay1,trend,False,0.7208308636232864,0.03138781958350163,1.4237146301761545,96.52214739006286,0.08735254338800688,7778.038159130892,False,2022-01-01 00:00:00+00:00,2024-12-31 23:00:00+00:00,,
-0.1907101998667876,-0.06804279301961214,0.31335699387315946,-0.06969310309096502,-0.10430587459648225,-0.16176674071792266,-0.42062288402200254,1086,-0.04440984535335903,-0.021838821278276997,56,-0.0019970962384203744,-0.024328817456168578,0.32142857142857145,0.8299913208671825,1.948275410494216,-0.0019970962384203744,0.1084321636111335,0.4649534630754472,0.7941343309408527,0.18647718184972806,0.37053383137484336,0.600712797741721,SOLUSDT,delay1,breakout,False,0.14264837791613086,0.0042381855264860815,1.1341378422687627,36.7403604864416,0.03325002624022965,139.84264564597092,False,2022-01-01 00:00:00+00:00,2024-12-31 23:00:00+00:00,,
1.4213913066056079,0.3424708104255778,0.45971003459080634,0.8652148268774916,1.4565346798643692,1.0443163573624676,-0.3279378016164799,503,-0.04671476421854281,0.3977479379923302,213,0.006633736133748667,-0.002936386037641418,0.25821596244131456,1.5907051943360493,5.123171157809738,0.006633736133748667,0.2761633664316053,0.61916372844351,0.761054081097684,0.167279016614869,0.549716134014965,0.8294472166316661,SOLUSDT,delay1,equal,False,0.4317396207697087,0.017813002554993858,,66.63125393825221,0.06030128481411826,,,2022-01-01 00:00:00+00:00,2024-12-31 23:00:00+00:00,0.006307976103379062,0.8606454661093893
0.5278087126382018,0.1515965241964068,0.33175794389908314,0.5881424541269554,0.9801353366610547,0.505105894601467,-0.30012820245548266,574,-0.037334708009328324,0.19512093130091956,213,0.0027329382186449245,-0.0013901613237818644,0.2535211267605634,1.3062028249863045,3.7624684955214107,0.0027329382186449245,0.15273018802289218,0.4466494612229798,0.6671447844963687,0.16567517565335652,0.3955165508547832,0.6731892451268651,SOLUSDT,delay1,inverse_vol,False,0.2665287927413461,0.011936432527113813,,49.754510685427846,0.0450278321703122,,,2022-01-01 00:00:00+00:00,2024-12-31 23:00:00+00:00,0.008291406007039504,0.5798058814617629
2.952959816785726,0.5804930391980796,0.8331628553052142,0.9463588563525559,1.6116564371804254,0.902754079254962,-0.6430245540149288,505,-0.08317772410622834,0.7884710469020725,157,0.02043314177277593,-0.005112242169992459,0.12101910828025478,1.6859941961948424,17.426681800080846,0.02043314177277593,0.3603880724526556,0.8369371064310139,0.9789857153003576,0.2059213765448693,0.5227271719287594,0.8733224259477311,SOLUSDT,adverse_funding,trend,False,0.7184917336883403,0.035597093181156704,1.3341018083576088,96.63135783568165,0.08745137884129191,13285.589676718202,False,2022-01-01 00:00:00+00:00,2024-12-31 23:00:00+00:00,,
0.017776405212510005,0.00588530941093679,0.32012567147347015,0.17661307678500796,0.27045734035300845,0.018650348669050625,-0.31556028873085806,748,-0.04410394998118242,0.05653837979679622,56,0.0024079700685725423,-0.026310519722424444,0.375,1.0137518967496457,1.8262907683224565,0.0024079700685725423,0.11666897430091339,0.473997435615865,0.7661784849077512,0.2045349230782419,0.3517519672306335,1.0,SOLUSDT,adverse_funding,breakout,False,0.14068245275452135,0.0027969748454568315,1.1297312724185988,36.61481760509672,0.03313640993261253,593.996035910839,False,2022-01-01 00:00:00+00:00,2024-12-31 23:00:00+00:00,,
1.5895891478787303,0.3728337381078426,0.46566435573334886,0.9073159844584955,1.5481213326051744,1.1360684996748447,-0.32817892425901407,266,-0.04698893375715432,0.42250471334943446,213,0.006847463345953329,-0.002829900297362418,0.18779342723004694,1.574828101631728,7.783804048199058,0.006847463345953329,0.27091702952589153,0.5935308646291902,0.7665543327635755,0.15963049097648327,0.5446808425813989,0.8356020063511324,SOLUSDT,adverse_funding,equal,False,0.42958709322143085,0.019197034013306753,,66.62308772038918,0.060293894386952214,,,2022-01-01 00:00:00+00:00,2024-12-31 23:00:00+00:00,0.006335186061055492,0.9027840153696135
0.5667446268736638,0.16128842860128656,0.33217731646837834,0.6132645613622855,1.0176288049228965,0.5434622022948147,-0.2967794778003561,493,-0.03772321212619458,0.20371257627848113,213,0.002897000035256382,-0.001088225321993797,0.1784037558685446,1.289802995377425,5.955635754022404,0.002897000035256382,0.1544506240453367,0.4485679656053484,0.6699332315729787,0.1625909295010875,0.3849933881565178,0.8515437782772681,SOLUSDT,adverse_funding,inverse_vol,False,0.2665088563756426,0.013310534047930653,,50.41847560032243,0.0456287204182918,,,2022-01-01 00:00:00+00:00,2024-12-31 23:00:00+00:00,0.008256762282193457,0.6049818339305397
-0.2684081194804506,-0.09884899155051008,0.632108400618792,0.1418206504300301,0.23253318801251102,-0.11805207050788981,-0.8373338233309824,1074,-0.06867111138037525,0.08964602451804313,209,0.005623006472539129,-0.00378439471507144,0.08133971291866028,0.8406504594412892,16.216249009451243,0.005623006472539129,0.3838940146372127,0.8393814480673087,0.9858859767890072,0.35370733283296296,0.6009879871814486,1.0,XRPUSDT,base,trend,False,0.7256689593778566,-0.051103625925810914,1.666173121914897,105.19323006180608,0.07416122719357329,490.3364839060348,False,2022-01-01 00:00:00+00:00,2024-12-31 23:00:00+00:00,,
-0.2524364102360377,-0.0923442948602039,0.2182820909387439,-0.3375819114668321,-0.5581287489257423,-0.2136800957414604,-0.4321614258912292,1084,-0.027587787638898173,-0.07368808549807804,55,-0.004388882454837741,-0.013060767499853104,0.38181818181818183,0.6996484978081404,1.2241785897526951,-0.004388882454837741,0.1976154290478892,0.7016016212142258,0.8934471506118462,0.30505567969228564,0.7837065503433523,1.0,XRPUSDT,base,breakout,False,0.10913315284002416,-0.020916625698597955,1.1097739574934045,36.06169284176186,0.025423493453442112,34.288251149093426,False,2022-01-01 00:00:00+00:00,2024-12-31 23:00:00+00:00,,
-0.14520565673535613,-0.05090882210745973,0.35089854625876205,0.022738679299339693,0.038202902127027025,-0.08196178148207994,-0.6211287893808213,1074,-0.037008385620229796,0.007978969509982505,264,0.000857611038240921,-0.0020810158290317403,0.14772727272727273,0.89466094633999,6.49119447627768,0.000857611038240921,0.34449464087868603,0.654645325153997,0.8274451002112839,0.3963370074039291,0.6936667033397182,1.0,XRPUSDT,base,equal,False,0.4174010561089404,-0.03601012581220443,,70.62746145178397,0.0497923603235077,,,2022-01-01 00:00:00+00:00,2024-12-31 23:00:00+00:00,0.0035632903042358832,0.019357517417699248
-0.16152867230357626,-0.0569833906371604,0.22478946898615684,-0.15145896892533456,-0.2599345634868523,-0.13571867109230334,-0.4198640480233228,932,-0.024759900747912816,-0.03404638119791679,264,-0.000439380991874618,-0.0005160477617959939,0.14772727272727273,0.8385497514927155,4.045648781267919,-0.000439380991874618,0.15215004145784805,0.5825836285038233,0.7917497659833519,0.2019301426298029,0.46347094225962676,1.0,XRPUSDT,base,inverse_vol,False,0.23211044937021147,-0.04458941065543704,,46.52801855762092,0.03280225308312274,,,2022-01-01 00:00:00+00:00,2024-12-31 23:00:00+00:00,0.005775836946398425,-0.16001464730595855
-0.3136104283696215,-0.11778738485135165,0.632436736925531,0.10850596467239272,0.17766704184705023,-0.13905193780329908,-0.8470747456822358,1074,-0.06872862013869757,0.068623158234365,209,0.0053100753837067565,-0.003932253480661555,0.08133971291866028,0.8128013734995254,15.85959617032383,0.0053100753837067565,0.37466624649848224,0.8412503041318813,0.9869737403917368,0.3455855694332183,0.5884472425520286,1.0,XRPUSDT,stress,trend,False,0.7257132720806,-0.051107793826241595,1.6662999449035425,105.18929329714727,0.0951963104339183,471.99804280534136,False,2022-01-01 00:00:00+00:00,2024-12-31 23:00:00+00:00,,
-0.26863789866387067,-0.09894326017765676,0.21866272906632522,-0.36995349951586215,-0.6086477903778643,-0.22580717972615166,-0.438175882173678,1084,-0.02779036468177253,-0.08089504183177584,55,-0.004784882561752109,-0.013460190029545929,0.38181818181818183,0.6820727980317567,1.1942812970128918,-0.004784882561752109,0.2002216226611683,0.707888810758919,0.8987672952217002,0.31032301124954376,0.8113618049943413,1.0,XRPUSDT,stress,breakout,False,0.10913315284002419,-0.020916625698597955,1.1097739574934047,36.0571151557166,0.03263168921592353,34.1926282205784,False,2022-01-01 00:00:00+00:00,2024-12-31 23:00:00+00:00,,
-0.18089186911131938,-0.06429251889395271,0.3511353325237206,-0.017474578119508612,-0.029297481979037854,-0.10104199904523431,-0.6362950011031585,1074,-0.0370690284594036,-0.006135941798705388,264,0.000695916181830287,-0.0022303328541139313,0.14393939393939395,0.868797438888594,6.541171602263925,0.000695916181830287,0.33986853433423864,0.6558563594152781,0.8300066811148769,0.39419208488917024,0.6884865170047609,1.0,XRPUSDT,stress,equal,False,0.41742321246031205,-0.03601220976241977,,70.62320422643194,0.0639139998249209,,,2022-01-01 00:00:00+00:00,2024-12-31 23:00:00+00:00,0.0045799364957826855,-0.0218193218930425
-0.18504392026336725,-0.06587478479228859,0.22521137841729966,-0.19280075694446608,-0.32952688459585017,-0.15420693195797086,-0.42718432923782423,932,-0.024888835264692318,-0.043420924231361964,264,-0.000546411188157277,-0.0005628184515137761,0.14772727272727273,0.8160629553242171,3.9419913815947534,-0.000546411188157277,0.15408164808239613,0.5857760909956177,0.796592471068879,0.20363018039025568,0.47074579937943917,1.0,XRPUSDT,stress,inverse_vol,False,0.23236512766387227,-0.04455074612478027,,46.5620501181662,0.042138655356940405,,,2022-01-01 00:00:00+00:00,2024-12-31 23:00:00+00:00,0.007419449198513538,-0.2037698903357051
-0.35602614274504374,-0.13633058061289705,0.6327704213997615,0.07522769965322404,0.12300834728394557,-0.1592212229457695,-0.8562337236872688,1074,-0.06878612614610508,0.04760186321050527,209,0.004997334924709346,-0.004103205728125229,0.08133971291866028,0.7863081180381953,15.515610743549276,0.004997334924709346,0.3654863178810603,0.8432137020542553,0.988093550911042,0.33746450615085455,0.5757981272448981,1.0,XRPUSDT,slippage_1_5,trend,False,0.7257575821644148,-0.05111196154357063,1.6664267469305813,105.18535587430027,0.11622981824110182,454.4789641436229,False,2022-01-01 00:00:00+00:00,2024-12-31 23:00:00+00:00,,
-0.2844882501651579,-0.10549424378874006,0.21905015000982617,-0.4021917793867086,-0.6584619523955488,-0.23753188082651022,-0.4441266722667493,1084,-0.027992898913670582,-0.08810016960737743,55,-0.005180724443462567,-0.013859452966576782,0.34545454545454546,0.6652114899696512,1.363877912903756,-0.005180724443462567,0.20271349006320954,0.7137214693130256,0.9034667483718917,0.31590084391162315,0.8345114747464072,1.0,XRPUSDT,slippage_1_5,breakout,False,0.10913315284002417,-0.020916625698597955,1.1097739574934047,36.05253929872466,0.03983805592509076,34.09427537349048,False,2022-01-01 00:00:00+00:00,2024-12-31 23:00:00+00:00,,
-0.21508880365180394,-0.07748770380244618,0.3513758364233751,-0.05762818924758879,-0.096415695732769,-0.11905536306363738,-0.6508543740362835,1074,-0.03713021348935414,-0.020249153198436065,264,0.0005343229789400674,-0.002324903866925389,0.14015151515151514,0.8440057375612401,6.597646325193084,0.0005343229789400674,0.3352142039963699,0.6570583419163254,0.8325301527875931,0.3920671582464271,0.6833094437122677,1.0,XRPUSDT,slippage_1_5,equal,False,0.4174453675022195,-0.0360142936210843,,70.61894758651246,0.07803393708309629,,,2022-01-01 00:00:00+00:00,2024-12-31 23:00:00+00:00,0.005599186542848254,-0.06293843959049285
-0.2079302243366743,-0.07469423027905975,0.22563936248708033,-0.23403051239971456,-0.3983596447035671,-0.17130433755751026,-0.43603233487291826,932,-0.02501826480184249,-0.05280649562039634,264,-0.0006535098465695047,-0.0005919902727263742,0.14393939393939395,0.7944219149414777,3.96542662527272,-0.0006535098465695047,0.15600574832842082,0.5889089461915775,0.8013464315438762,0.20538615082483586,0.4781694052313751,,XRPUSDT,slippage_1_5,inverse_vol,False,0.23262139719330907,-0.04451095585148721,,46.596308778327554,0.05148892120005195,,,2022-01-01 00:00:00+00:00,2024-12-31 23:00:00+00:00,0.009065274430408459,-0.24740663113529135
-0.3958266601275371,-0.15448676678505702,0.6331094430298305,0.04198664250394053,0.06855944631029404,-0.1786293356991804,-0.8648454419895479,1074,-0.06884362939870604,0.0265821398503624,209,0.004684784910243001,-0.004274167920221264,0.08133971291866028,0.7610884064211033,15.183631742001461,0.004684784910243001,0.35636204445252706,0.845270323395942,0.9892452307071485,0.32935167010065286,0.563056688336091,1.0,XRPUSDT,slippage_2,trend,False,0.7258018896215714,-0.05111612907775712,1.6665535279493695,105.18141779285435,0.1372617502196749,437.73826150956126,False,2022-01-01 00:00:00+00:00,2024-12-31 23:00:00+00:00,,
-0.2999950764607703,-0.11199759512716334,0.21944431140858195,-0.4342945565955222,-0.7075801491122301,-0.24887554189381209,-0.45001447018425556,1084,-0.028195390360245605,-0.09530346992059979,55,-0.005576408194780497,-0.014258556406576434,0.34545454545454546,0.6489667588659865,1.3311697128528772,-0.005576408194780497,0.20516309132778138,0.71935782123165,0.9078764088653323,0.32181766795294786,0.8453562019968569,1.0,XRPUSDT,slippage_2,breakout,False,0.1091331528400242,-0.020916625698597965,1.1097739574934045,36.04796526969004,0.0470425946769455,33.99328249087842,False,2022-01-01 00:00:00+00:00,2024-12-31 23:00:00+00:00,,
-0.24785858843247321,-0.0904970289953545,0.3516200479469764,-0.09772100662559563,-0.1631498500605968,-0.13612031427546298,-0.6648311787777548,1074,-0.037191390226237776,-0.03436066503511873,264,0.0003728313181164383,-0.002451718812966016,0.14015151515151514,0.8202339776389649,6.452570328815361,0.0003728313181164383,0.3305318035447041,0.6582456784167954,0.8350076842293508,0.38996407449916926,0.6781393824282809,1.0,XRPUSDT,slippage_2,equal,False,0.41746752123079783,-0.03601637738817755,,70.6146915312722,0.09215217244831021,,,2022-01-01 00:00:00+00:00,2024-12-31 23:00:00+00:00,0.006621088086509938,-0.10399870048602856
-0.23020391698478848,-0.08344234367366932,0.22607335139780094,-0.27514644676404115,-0.46643963056470106,-0.18559737431303525,-0.4495879533992353,932,-0.02514892647034231,-0.06220327934514341,264,-0.0007606790179416869,-0.0006297431281871546,0.14015151515151514,0.7736197357155274,3.992733195207758,-0.0007606790179416869,0.1578945692427985,0.5918800782291211,0.8058718395681256,0.20720182091967707,0.48575027265690623,,XRPUSDT,slippage_2,inverse_vol,False,0.23287918799908974,-0.0444700581915997,,46.63078394885985,0.06085317305326212,,,2022-01-01 00:00:00+00:00,2024-12-31 23:00:00+00:00,0.010713353222818418,-0.29092295152185726
-0.4138626467532732,-0.1629777049247415,0.6332723447662436,0.026210400756832564,0.042770374805346144,-0.1875994154526808,-0.8687537993200743,1074,-0.06887094247752241,0.016598321944542284,209,0.004536390314968934,-0.004355378445938097,0.08133971291866028,0.7495328952423704,15.02996813757695,0.004536390314968934,0.3520497335572896,0.84627944850347,0.9898033794760543,0.3255031409560837,0.556976920839271,1.0,XRPUSDT,asset_conservative,trend,False,0.7258229347413345,-0.05111810859232712,1.6666137415603508,105.17954697333337,0.1472513657626667,430.0478065412223,False,2022-01-01 00:00:00+00:00,2024-12-31 23:00:00+00:00,,
-0.30724263608670144,-0.11507010118007543,0.21963388701765407,-0.44949528983646436,-0.7306700797589282,-0.25413608739616705,-0.4527893002487885,1084,-0.02829155881654409,-0.09872439770290968,55,-0.005764302608985598,-0.014448074694391367,0.32727272727272727,0.6414794114130892,1.4277371298716581,-0.005764302608985598,0.20629473502410897,0.7219071208865797,0.9097954669766412,0.3245660562374038,0.8506350614380256,1.0,XRPUSDT,asset_conservative,breakout,False,0.10913315284002416,-0.02091662569859795,1.1097739574934042,36.04579324593835,0.050464110544313684,33.94441147156247,False,2022-01-01 00:00:00+00:00,2024-12-31 23:00:00+00:00,,
-0.26294158993244743,-0.09661210660440145,0.35173734433242393,-0.1167434693552908,-0.19471351678609972,-0.14392375116202255,-0.6712728498553384,1074,-0.0372204462719071,-0.0410630378791837,264,0.0002961583185267366,-0.002523553050079781,0.14015151515151514,0.8092795036471645,6.385342703178693,0.0002961583185267366,0.32831083130299393,0.6588288148251341,0.8361990286978039,0.38888616278921134,0.6756872151292315,1.0,XRPUSDT,asset_conservative,equal,False,0.4174780437906793,-0.03601736714546253,,70.61267010963586,0.09885773815349021,,,2022-01-01 00:00:00+00:00,2024-12-31 23:00:00+00:00,0.007107459823818039,-0.1234814053157408
-0.24057392415571022,-0.08757288330277924,0.22628157960006903,-0.29463613676598405,-0.4985159233791907,-0.19207924667582818,-0.455920589123175,932,-0.025212091217148454,-0.06667073043466884,264,-0.0008116096437066985,-0.0006493598833940987,0.14015151515151514,0.7640038073179778,3.9450908889890917,-0.0008116096437066985,0.1587966344699346,0.5933002965369585,0.8080303676019384,0.2080863364413619,0.48940894643352045,,XRPUSDT,asset_conservative,inverse_vol,False,0.23300215157916015,-0.0444502492763413,,46.64723248196722,0.0653061254747541,,,2022-01-01 00:00:00+00:00,2024-12-31 23:00:00+00:00,0.011496983812398734,-0.31155046547587306
-0.8163868046597537,-0.4313323762844733,0.7621509626993281,-0.21355983713485016,-0.28125517446319753,-0.44808834094265004,-0.962605666947444,1074,-0.081724525915773,-0.16276483546623777,209,0.002691477021286923,-0.0027141123577801747,0.2535885167464115,0.4685155661696604,3.4252733193398,0.002691477021286923,0.4003343111245979,0.8781213134254034,0.9610791054009771,0.34782589993169855,0.696450579952475,1.0,XRPUSDT,delay1,trend,False,0.7286764024135256,-0.05415624375553921,6.881254752969212,105.06869027962999,0.09508716470306515,187.7017151505945,False,2022-01-01 00:00:00+00:00,2024-12-31 23:00:00+00:00,,
-0.3408240166139056,-0.12959340396354824,0.21353002141735633,-0.5453985659272115,-0.8554812375155157,-0.26861174148534256,-0.48245621448614084,1084,-0.02907400635026717,-0.11645896746343289,55,-0.006624997692588133,-0.018901338669433464,0.34545454545454546,0.6061343387603069,1.2580380882964557,-0.006624997692588133,0.19132008373669793,0.7205349508249922,0.8749047440561114,0.33914450726212486,0.8243365623360818,1.0,XRPUSDT,delay1,breakout,False,0.11178076556052179,-0.022042180137505453,1.1428583455252632,36.05097069539893,0.03262612847933604,33.60168244724209,False,2022-01-01 00:00:00+00:00,2024-12-31 23:00:00+00:00,,
-0.49936218320007686,-0.20579502528321258,0.4095491184236381,-0.34089171526532425,-0.4629509818024081,-0.261735749630022,-0.7862702193877422,1074,-0.0436079545120092,-0.1396119014648354,264,-0.0006081573672762487,-0.0017059720133334893,0.2803030303030303,0.6336051316367033,2.3795420842096404,-0.0006081573672762487,0.28851239257909606,0.6808328887874993,0.8330263888202459,0.3310436733559105,0.6376927201623258,1.0,XRPUSDT,delay1,equal,False,0.4202285839870237,-0.038099211946522334,,70.55983048751447,0.06385664659120059,,,2022-01-01 00:00:00+00:00,2024-12-31 23:00:00+00:00,0.004925949829486162,-0.34489297331258834
-0.3792263443057897,-0.1468198633139981,0.2421571727041458,-0.5343206770677588,-0.7825810722542486,-0.2712262322363346,-0.5413188175178636,932,-0.028183297614115626,-0.1293895844760934,264,-0.001517765236481374,-0.0002558390917485196,0.23106060606060605,0.6494911051467868,1.8204989269842207,-0.001517765236481374,0.18550016734283087,0.6299944132445083,0.8242708828498255,0.2258544384217412,0.6905803422882961,,XRPUSDT,delay1,inverse_vol,False,0.23191609440118058,-0.04155880046942306,,46.73906854405912,0.04229885703237351,,,2022-01-01 00:00:00+00:00,2024-12-31 23:00:00+00:00,0.007129195814989722,-0.544076613740393
-0.4589432263459311,-0.18499161538793052,0.6333169654074536,-0.015759749522907596,-0.025649383826498832,-0.21094839372565874,-0.8769519981674505,1074,-0.06912923882886002,-0.009980916743429404,209,0.004000097792620727,-0.003975177287080476,0.08133971291866028,0.7139350045792475,14.587219795851844,0.004000097792620727,0.3496824892152932,0.8555395969112303,0.9925427439961246,0.3205945215012451,0.547171399308669,1.0,XRPUSDT,adverse_funding,trend,False,0.726760340567629,-0.05097238728547846,1.6669625413107074,105.2268396859397,0.09523028991577544,1745.373146348696,False,2022-01-01 00:00:00+00:00,2024-12-31 23:00:00+00:00,,
-0.2941956674757562,-0.10955425995863843,0.21868689323911772,-0.4239979038004776,-0.692450482051973,-0.245478911430908,-0.4462878677440826,1084,-0.028008363485794528,-0.09272278432202474,55,-0.005433409343337955,-0.014259312014928202,0.34545454545454546,0.6541337476310476,1.3408688488733946,-0.005433409343337955,0.2040452281564462,0.7195087309448917,0.9093158948007208,0.3217043003824194,0.847783064519835,1.0,XRPUSDT,adverse_funding,breakout,False,0.10918147437608473,-0.020934634426846347,1.1098944068934722,36.06405950557573,0.03263797385254604,316.38086206764103,False,2022-01-01 00:00:00+00:00,2024-12-31 23:00:00+00:00,,
-0.28520815977852576,-0.10579407195669455,0.3515108698143155,-0.14608894046392815,-0.24331126188302657,-0.15583948475948348,-0.6788656425550492,1074,-0.03728543523187147,-0.05135185053272713,264,0.00015504010135641887,-0.0023819156857028106,0.13636363636363635,0.7897867469155256,6.4691759427057285,0.00015504010135641887,0.329736479388295,0.6612370416703874,0.8384861724245225,0.3898912261269977,0.6738934552205899,1.0,XRPUSDT,adverse_funding,equal,False,0.4179709074718569,-0.035953510856162406,,70.64544959575773,0.06393413188416074,,,2022-01-01 00:00:00+00:00,2024-12-31 23:00:00+00:00,0.004596413551286937,-0.15045033871998212
-0.2451077151860791,-0.08939058723151705,0.22528135175315367,-0.3057932567215162,-0.518443851097932,-0.1957629773354295,-0.45662662291016864,932,-0.025064107263465696,-0.06888951823122232,264,-0.0008408718530319559,-0.0005972181326747942,0.14015151515151514,0.7571756996027563,3.906014476774965,-0.0008408718530319559,0.15566964737563938,0.5965855775162053,0.8137804083345449,0.21222862392415912,0.4953654660991314,,XRPUSDT,adverse_funding,inverse_vol,False,0.23255373984818895,-0.04455381723720755,,46.579963466194116,0.04215486693690567,,,2022-01-01 00:00:00+00:00,2024-12-31 23:00:00+00:00,0.007420816921701954,-0.3167589207540081
-0.2673136028256281,-0.09840022877128474,0.484273445419743,0.025213170842664258,0.038711984486505424,-0.17045059256600129,-0.5772947297509836,580,-0.055741912236491005,0.012210069113933625,220,-0.00011406125996321474,-0.0032212177637786672,0.08636363636363636,0.8477456587398589,10.441585621813111,-0.00011406125996321474,0.3263597087896527,0.7970807129078539,0.9687993627747749,0.2629914908106924,0.5804972393531974,,BNBUSDT,base,trend,False,0.7156096297389455,0.053009031263640746,1.2064404441194732,113.69259326776157,0.0801532782537719,320.7678649802699,False,2022-01-01 00:00:00+00:00,2024-12-31 23:00:00+00:00,,
0.052201023209027975,0.01709031509754788,0.17242286179855684,0.18306682659429366,0.3059230743123393,0.09508522916984466,-0.17973680293729477,896,-0.02146806749709106,0.03156490614176827,54,0.0014567328848830048,-0.011539855074977519,0.3888888888888889,1.0739947878074994,1.7636134692582763,0.0014567328848830048,0.12340825839398809,0.5356104470263032,0.7931113235037114,0.27625321743710735,0.34106481631331825,1.0,BNBUSDT,base,breakout,False,0.12498069568419186,-0.0036556944131604773,1.0737384808838926,35.583033779878946,0.02508603881481465,76.22260720071642,False,2022-01-01 00:00:00+00:00,2024-12-31 23:00:00+00:00,,
-0.041878928451154374,-0.014146351796932355,0.2702670224074423,0.08098467742340522,0.1272486718946799,-0.03754749864694836,-0.3767588336562091,874,-0.030185100325030693,0.021887487627850945,274,0.00013669873092742315,-0.0016920516603215797,0.145985401459854,0.9683670964880386,6.0218932506589,0.00013669873092742315,0.2214436412102521,0.5485084958607273,0.7312720852027582,0.22555317068834901,0.5306880642284536,1.0,BNBUSDT,base,equal,False,0.42029516271156864,0.024676668425240123,,74.63781352382026,0.05261965853429328,,,2022-01-01 00:00:00+00:00,2024-12-31 23:00:00+00:00,0.002763984604228387,0.07757964669682217
-0.05188991388507769,-0.017588825699034638,0.16831150505560746,-0.022458496842077305,-0.0362178098692658,-0.06852844919382048,-0.2566645810017937,874,-0.01982419414601865,-0.003780023404776639,274,-0.00011232074151719579,-0.0006417623573435939,0.1386861313868613,0.9389586014566871,5.557579331970877,-0.00011232074151719579,0.09256435372850029,0.402034724075512,0.6534549370327034,0.29477095573906303,0.38186303585569453,,BNBUSDT,base,inverse_vol,False,0.23270574725734017,0.005212617717516808,,48.706226050649605,0.034337889365707974,,,2022-01-01 00:00:00+00:00,2024-12-31 23:00:00+00:00,0.004863819166797031,-0.03208332372585371
-0.31601887936867024,-0.1188195081925233,0.4846713262534734,-0.021653306822644984,-0.03319055605001827,-0.20064071124019037,-0.5922003937191115,874,-0.05582007111877215,-0.010494736935504729,220,-0.0004318457997361127,-0.003309560060195558,0.08181818181818182,0.8191378436774576,10.685225738658254,-0.0004318457997361127,0.32244865043211296,0.7985747834133917,0.9709940243868399,0.2595883710753272,0.5788036377956438,,BNBUSDT,stress,trend,False,0.7156535424799692,0.05301195243783731,1.2065191232302541,113.68864139196377,0.10288822045972724,322.9860382153259,False,2022-01-01 00:00:00+00:00,2024-12-31 23:00:00+00:00,,
0.029743509476672036,0.009808796912201823,0.1727804346413319,0.14147186001201487,0.23505647700944893,0.05293631862794417,-0.1852942774721763,896,-0.021651643770998364,0.024443569462393587,54,0.001056885713377297,-0.01193742603313324,0.3888888888888889,1.041765757897698,1.7080900385677118,0.001056885713377297,0.12500904194071163,0.5400368263358665,0.7978502102955669,0.27983764098934616,0.3455797967758712,1.0,BNBUSDT,stress,breakout,False,0.12498069568419183,-0.0036556944131604825,1.073738480883894,35.578779172143825,0.03219879515079017,75.65223087787054,False,2022-01-01 00:00:00+00:00,2024-12-31 23:00:00+00:00,,
-0.08404960237787307,-0.028814369654903915,0.27054566979728745,0.025779071861213563,0.04040762782833851,-0.07480175406548911,-0.3852098124554254,874,-0.030251723357140447,0.006974416263444429,274,-2.8410542586497532e-05,-0.0017914496333429823,0.14233576642335766,0.9367755371093978,5.989769077077468,-2.8410542586497532e-05,0.22028895932553647,0.5495201690059118,0.733662131587621,0.2255925846735806,0.5371577584758538,1.0,BNBUSDT,stress,equal,False,0.4203171190820805,0.02467812901233841,,74.63371028205381,0.0675435078052587,,,2022-01-01 00:00:00+00:00,2024-12-31 23:00:00+00:00,0.0035526451261988085,0.021406219974501095
-0.0787739850827266,-0.026955052127168422,0.16868543349124954,-0.07881591281280965,-0.126551746181102,-0.10223727145922558,-0.26365191228639817,874,-0.01993835263963649,-0.013295096418837325,274,-0.0002171891852077486,-0.0006670898792129998,0.13503649635036497,0.9082795611217486,5.545574964054969,-0.0002171891852077486,0.09438970784141866,0.4051523878297414,0.6574519053559618,0.3001510147087674,0.38715917730700417,,BNBUSDT,stress,inverse_vol,False,0.23298067358849536,0.0052239260892786195,,48.72749536521998,0.04409838330552409,,,2022-01-01 00:00:00+00:00,2024-12-31 23:00:00+00:00,0.006248295070129357,-0.09115550465354931
-0.361493164312926,-0.1387793395000897,0.4850761670881571,-0.06843867372099453,-0.10472698455394633,-0.2287888066921249,-0.6065827323748465,874,-0.055898228732074305,-0.03319796952917701,220,-0.000749423461460039,-0.0033661968814447064,0.08181818181818182,0.7920363257793539,10.314537837567132,-0.000749423461460039,0.31848545530968275,0.8017509704272098,0.9730913751898578,0.25612482401353515,0.577103497657472,,BNBUSDT,slippage_1_5,trend,False,0.7156974544366128,0.05301487237499091,1.2065977869716336,113.68468901960647,0.12562158136666512,325.2917399438529,False,2022-01-01 00:00:00+00:00,2024-12-31 23:00:00+00:00,,
0.00776531335816788,0.002579407869514716,0.17314612509799926,0.10005384854087987,0.16529431018672897,0.013297648302826596,-0.19397473980165558,896,-0.02183644883389124,0.017323936175995456,54,0.0006571983042028095,-0.012334838138438095,0.3888888888888889,1.0108059083249645,1.654752220481605,0.0006571983042028095,0.12705829260159915,0.5445559567169282,0.8026844687212932,0.28332297166123804,0.3502312561684879,1.0,BNBUSDT,slippage_1_5,breakout,False,0.12498069568419186,-0.0036556944131604734,1.0737384808838935,35.57452626437334,0.039309851522132545,75.08956381382917,False,2022-01-01 00:00:00+00:00,2024-12-31 23:00:00+00:00,,
-0.12436518925327389,-0.04326451702252199,0.2708291505463878,-0.029306360340377455,-0.045824645145770525,-0.10993499594422326,-0.39354635574346786,874,-0.030319881918093376,-0.007937016676590775,274,-0.00019341324513178718,-0.0018606182177742891,0.14233576642335766,0.906784510185888,5.7874271444042895,-0.00019341324513178718,0.21911958467656678,0.5505216729570171,0.7360549681738292,0.22562712396226697,0.5442048865599058,1.0,BNBUSDT,slippage_1_5,equal,False,0.42033907506040236,0.024679588980915237,,74.62960764198989,0.08246571644439885,,,2022-01-01 00:00:00+00:00,2024-12-31 23:00:00+00:00,0.00434351013520341,-0.03464799925087948
-0.10492367815845105,-0.036241997341455945,0.16906801778764222,-0.13496753021062322,-0.21577676669090184,-0.1339375032931101,-0.2705888675716436,874,-0.020057628382019375,-0.022818692798403782,274,-0.0003221155509859786,-0.0006997934312046548,0.13503649635036497,0.8790215417287022,5.365972540125851,-0.0003221155509859786,0.09625586693773117,0.4083192386564603,0.6615039436083909,0.30510365773617665,0.39296178124075426,,BNBUSDT,slippage_1_5,inverse_vol,False,0.23326070750110123,0.005237296317192016,,48.749349990533645,0.05386803173953968,,,2022-01-01 00:00:00+00:00,2024-12-31 23:00:00+00:00,0.007635989894331928,-0.1500165747362786
-0.4039503497272796,-0.15828999280280875,0.4854879471462178,-0.115141124935491,-0.1758929362187754,-0.2551171435624182,-0.620460038837338,874,-0.055976385072518745,-0.05589962837703771,220,-0.0010667944767745012,-0.003495687041182624,0.08181818181818182,0.7663088111885286,9.962856134037521,-0.0010667944767745012,0.3144975805438049,0.8049635855917961,0.9751649295722286,0.2526246082807576,0.5753986284802968,,BNBUSDT,slippage_2,trend,False,0.7157413656050734,0.05301779107585167,1.2066764353152266,113.68073615041466,0.14835336067629115,327.6669623971669,False,2022-01-01 00:00:00+00:00,2024-12-31 23:00:00+00:00,,
-0.013743797042855,-0.0045982257974390706,0.1735198745394582,0.05881750023721122,0.09662185411158887,-0.022693332493962014,-0.20262452853332646,896,-0.022022295895388812,0.010206005261885443,54,0.00025767056162707454,-0.012732091486079586,0.37037037037037035,0.981045859258262,1.734655657532735,0.00025767056162707454,0.12910861228479417,0.5489908093683177,0.8073523503278027,0.2867705627613287,0.35502910057634535,1.0,BNBUSDT,slippage_2,breakout,False,0.12498069568419186,-0.00365569441316048,1.0737384808838935,35.57027505554884,0.046419208947491235,74.53446489919884,False,2022-01-01 00:00:00+00:00,2024-12-31 23:00:00+00:00,,
-0.16290725013625074,-0.057500024661064075,0.27111744668653304,-0.08426905695962718,-0.13144435307467975,-0.14124966685987508,-0.40708078071508824,874,-0.03039031148721554,-0.022846811557576136,274,-0.0003583094836129775,-0.0018946016105850813,0.14233576642335766,0.8782701971468597,5.594904332320567,-0.0003583094836129775,0.21794145731983805,0.5515271852159884,0.738469114650172,0.22565738991603784,0.5518903501000963,,BNBUSDT,slippage_2,equal,False,0.4203610306446326,0.02468104833134557,,74.62550560298175,0.09738628481189117,,,2022-01-01 00:00:00+00:00,2024-12-31 23:00:00+00:00,0.005136663801014645,-0.09058050090649
-0.1303592633867714,-0.0454506036040081,0.16945915917337995,-0.19090861697241204,-0.3039000237949332,-0.1638001559247493,-0.2774759483433481,874,-0.020180637454335557,-0.032351213711097795,274,-0.0004271041886630704,-0.0007262348945802296,0.13138686131386862,0.8510865238743696,5.363010590758126,-0.0004271041886630704,0.09816556796317408,0.41154416491325874,0.665625415494919,0.3101788507946981,0.39803444270501787,,BNBUSDT,slippage_2,inverse_vol,False,0.23354570380917267,0.0052527460032514555,,48.7717751026463,0.06364716650895344,,,2022-01-01 00:00:00+00:00,2024-12-31 23:00:00+00:00,0.00902729400124379,-0.20866220519069487
-0.42311882886189767,-0.16740311120255735,0.4856859675087012,-0.1372952265536955,-0.20956572660550785,-0.2670417306084824,-0.6268799667419467,874,-0.05601350888721026,-0.06668236494305792,220,-0.0012174733850999762,-0.003550048560188667,0.08181818181818182,0.754537422016191,9.80204930690241,-0.0012174733850999762,0.3125956560611401,0.806502698444324,0.9761420782439483,0.25094986610704967,0.5745877228384692,,BNBUSDT,asset_conservative,trend,False,0.7157622231328825,0.0530191770258888,1.2067137878761918,113.6788583634218,0.15915040170879052,328.81476352742743,False,2022-01-01 00:00:00+00:00,2024-12-31 23:00:00+00:00,,
-0.023799200009661736,-0.007989578580330003,0.17370021158822233,0.0392951976441009,0.06437986921454752,-0.03865290463714408,-0.2067006000023165,896,-0.02211178023558995,0.006825584145181343,54,6.795078946075424e-05,-0.012920731238906169,0.37037037037037035,0.9673182436863228,1.7090544667723555,6.795078946075424e-05,0.13008010589172195,0.5510564882329306,0.8094947462619138,0.2883862578205272,0.35736247818020783,1.0,BNBUSDT,asset_conservative,breakout,False,0.1249806956841918,-0.003655694413160489,1.0737384808838926,35.56825632622502,0.04979555885671502,74.27340405315334,False,2022-01-01 00:00:00+00:00,2024-12-31 23:00:00+00:00,,
-0.18061610846423415,-0.0641876214967606,0.2712560690069086,-0.11033261120574615,-0.1718980578778162,-0.15524757350863883,-0.41345329943716547,874,-0.0304238468139506,-0.02992839039893829,274,-0.0004365979320541827,-0.0019255807557650956,0.14233576642335766,0.865210744353118,5.506692016292317,-0.0004365979320541827,0.21737900141758737,0.5520066050671854,0.7396237150329493,0.22567045021320548,0.5557843254059334,,BNBUSDT,asset_conservative,equal,False,0.4203714594085372,0.02468174130636415,,74.6235573448234,0.10447298028275277,,,2022-01-01 00:00:00+00:00,2024-12-31 23:00:00+00:00,0.005514283457317699,-0.11710513931164798
-0.14219670600696976,-0.04979751379512465,0.16964792007177928,-0.21740555811010828,-0.34537473963557186,-0.1773858069936756,-0.28072997856530935,874,-0.020239743541771407,-0.03688240074542422,274,-0.0004769968305458613,-0.0007402875717169464,0.13138686131386862,0.8382578188751006,5.281673593710731,-0.0004769968305458613,0.09908617421569281,0.41308819737729463,0.6675942403876162,0.31263427001061816,0.3984578898231184,,BNBUSDT,asset_conservative,inverse_vol,False,0.23368277305496124,0.005260816608992688,,48.7826225999038,0.06829567163986532,,,2022-01-01 00:00:00+00:00,2024-12-31 23:00:00+00:00,0.00968914705745972,-0.23644143277247773
-0.23456703840005066,-0.0851756942239239,0.4855130745021715,0.05650599122928467,0.08672488870638127,-0.1445242578513639,-0.5893522339448573,874,-0.055119927447585905,0.02743439752952274,220,0.0001347552805951174,-0.0036366332665490855,0.2,0.8597794387130471,4.061796937774767,0.0001347552805951174,0.3312565617697444,0.7879471872659982,0.9682499839146554,0.26461374642923224,0.5770058937657538,1.0,BNBUSDT,delay1,trend,False,0.7162657899219096,0.05209832845887659,1.1948349638083475,113.74584080360091,0.10293998592725881,308.42811825592196,False,2022-01-01 00:00:00+00:00,2024-12-31 23:00:00+00:00,,
-0.15222922968884423,-0.05351305940811679,0.17495715625478542,-0.22811928077422233,-0.36071855283247295,-0.2061233118184636,-0.25961672620148213,1044,-0.023194578840020266,-0.039911100651144886,54,-0.0025777709631092517,-0.013468490726137105,0.35185185185185186,0.7946631841916608,1.5054063096679084,-0.0025777709631092517,0.1323670772820402,0.5311076304989955,0.828192880245762,0.33603080539341124,0.34904319524630056,,BNBUSDT,delay1,breakout,False,0.12520099570346813,-0.010338170737266271,1.085219591089807,35.62157631916901,0.03223752656884795,60.055962609450695,False,2022-01-01 00:00:00+00:00,2024-12-31 23:00:00+00:00,,
-0.12037221902916595,-0.041813782414287126,0.27141456069484204,-0.02298458691693037,-0.03559070034206727,-0.10698192866326989,-0.39084902409918,874,-0.030544260307426168,-0.00623835156081107,274,-0.0001792840504116941,-0.0022106290827137616,0.22992700729927007,0.9048270046286503,3.224591060905671,-0.0001792840504116941,0.23358476566102257,0.5652539035912835,0.7333025758524924,0.23387872224675932,0.5867245139882992,1.0,BNBUSDT,delay1,equal,False,0.4207333928126888,0.02088007886080517,,74.68370856138498,0.06758875624805338,,,2022-01-01 00:00:00+00:00,2024-12-31 23:00:00+00:00,0.003558235621192219,-0.02735106721555268
-0.17624605091746592,-0.06252841670125031,0.17352911363561355,-0.2863726511068191,-0.4449821653306474,-0.22722426383242972,-0.2751837134231533,874,-0.02121504957139268,-0.04969399231604712,274,-0.000622457174705192,-0.0006303009207491064,0.22992700729927007,0.7995908769592349,2.558634359791547,-0.000622457174705192,0.12331888052681891,0.43162480066510484,0.6838795635639692,0.3046696612503758,0.4577405231213862,,BNBUSDT,delay1,inverse_vol,False,0.23566070154176016,0.0005214532166675062,,49.0516445652982,0.04439173833159488,,,2022-01-01 00:00:00+00:00,2024-12-31 23:00:00+00:00,0.006275707683782953,-0.29843218466837285
-0.459215900190168,-0.18512842544799246,0.4856233896499838,-0.18163790631247806,-0.2764863902185641,-0.29248770681284547,-0.6329442952159725,874,-0.05618226930459792,-0.08820761575239179,220,-0.001593604857201739,-0.0033928097207650424,0.06818181818181818,0.7206346600192444,11.361250844042628,-0.001593604857201739,0.3183818475974679,0.8265479032917099,0.9892486188355477,0.24950950420905854,0.5741646398969283,,BNBUSDT,adverse_funding,trend,False,0.7168303511560092,0.0534545363524689,1.2079510484893,113.720459571959,0.1029170159126229,2220.215154377892,False,2022-01-01 00:00:00+00:00,2024-12-31 23:00:00+00:00,,
-0.010925715047312323,-0.003651920601646097,0.17274726521475298,0.06382000279945937,0.10493591404204014,-0.018266662685726364,-0.1999227042441486,896,-0.021874073057439748,0.011024730949604487,54,0.00029918006318628023,-0.012599123884369703,0.3888888888888889,0.984710970660056,1.6091793857363692,0.00029918006318628023,0.1296288318193626,0.5503017487512749,0.8067895866469814,0.28443121924854337,0.3555311862946045,1.0,BNBUSDT,adverse_funding,breakout,False,0.12504215114280892,-0.0036612425953365018,1.0746386096385656,35.58754273850255,0.0322067261783448,506.0491060762242,False,2022-01-01 00:00:00+00:00,2024-12-31 23:00:00+00:00,,
-0.20149108525686787,-0.07219585170946097,0.270987668441059,-0.14241032672594642,-0.22148868996629692,-0.17344064555915054,-0.41625682075104564,874,-0.030457379090979005,-0.03859144240139365,274,-0.0005468731339464302,-0.0018288851348904531,0.14233576642335766,0.84462309550448,5.36215254668818,-0.0005468731339464302,0.220209498271158,0.5555906276537742,0.7465850780324257,0.22667164881110757,0.5581017530739049,,BNBUSDT,adverse_funding,equal,False,0.42093625114940914,0.02489664687856621,,74.65400115523076,0.06756187104548385,,,2022-01-01 00:00:00+00:00,2024-12-31 23:00:00+00:00,0.0035645052419392338,-0.14679285841414622
-0.14530927536821348,-0.05094713844783283,0.16882318359344137,-0.22645560800703998,-0.3600074800831187,-0.1819364495661194,-0.28002711149597104,874,-0.02011815114183396,-0.0382309566863369,274,-0.0004947267481135281,-0.0006899727367194607,0.13503649635036497,0.8303032209315413,5.063656632595615,-0.0004947267481135281,0.09957924994105426,0.41685197368491816,0.6675607533616611,0.31483294851587246,0.40350550692432074,,BNBUSDT,adverse_funding,inverse_vol,False,0.23337093390638622,0.005240533849485297,,48.74005878294576,0.044109753198565915,,,2022-01-01 00:00:00+00:00,2024-12-31 23:00:00+00:00,0.006250244441880016,-0.2387942555035671
1.0069256548095975,0.2611064613166272,0.6536834441684383,0.6759633752478941,1.0674734389124934,0.5828270311333634,-0.44799991655994487,515,-0.07148995167260942,0.44186606726376587,131,0.00960851612839059,-0.003561837948009025,0.12213740458015267,1.4554416283189837,12.078166762549666,0.00960851612839059,0.23154263045129433,0.7348362235989593,0.9427157108143698,0.2746663532200318,0.36339901572279143,0.6040649755223818,DOTUSDT,base,trend,False,0.7476898025094583,-0.19410141070572406,1.1934395155293582,85.53899353447112,0.06030499044180213,2549.4561090719326,False,2022-01-01 00:00:00+00:00,2024-12-31 23:00:00+00:00,,
-0.04405571551187715,-0.014892834331685978,0.2878363089252074,0.08963732654536043,0.14016517466581122,-0.0362364806571439,-0.410990086829801,1072,-0.03737038437324471,0.025800877214740055,68,0.0010897632961870266,-0.016425661761745897,0.38235294117647056,0.9716986603995229,1.695584076224339,0.0010897632961870266,0.18176797364062178,0.5076237821674761,0.7413288227126308,0.28357162962968674,0.325585809379626,0.8776252077455923,DOTUSDT,base,breakout,False,0.18185704881275042,-0.01640151924468169,1.1043256182742276,44.276277694869705,0.031214775774883144,275.5565456273296,False,2022-01-01 00:00:00+00:00,2024-12-31 23:00:00+00:00,,
0.6412329556869885,0.17939143247336964,0.3741476129412182,0.6249765176932727,1.0324548183615285,0.6044321287309867,-0.29679334361329257,515,-0.03861870069331447,0.233833472239253,199,0.003357850695723714,-0.0019016433719008065,0.21105527638190955,1.330816511639653,5.258063841022525,0.003357850695723714,0.1498855692744534,0.4917236814358618,0.662959611523192,0.23026847120324748,0.3416607732519874,0.4864983633730487,DOTUSDT,base,equal,False,0.46477342566110436,-0.10525146497520285,,64.90763561467041,0.04575988310834264,,,2022-01-01 00:00:00+00:00,2024-12-31 23:00:00+00:00,0.004385409991546795,0.621075932333428
0.19818243503733335,0.0620633798824497,0.266549066143948,0.3570082849197856,0.5854031888018294,0.21025672494219064,-0.2951790478973446,659,-0.028967384848057047,0.09516022495102137,199,0.0013285900296310343,-0.0009140644326260682,0.19597989949748743,1.1317776640825714,4.3061182965267895,0.0013285900296310343,0.12589409644519178,0.4202349596347715,0.6319164513152424,0.30595947268570894,0.27364547692198327,0.624682961561677,DOTUSDT,base,inverse_vol,False,0.31802469673095657,-0.0765852038382156,,51.677354853021754,0.036432535171380336,,,2022-01-01 00:00:00+00:00,2024-12-31 23:00:00+00:00,0.006197115078940818,0.34928173902965787
0.9056987896002053,0.23955626501988503,0.6539012394113999,0.6495874908744728,1.0248067342296605,0.5223328857751341,-0.4586275755247291,518,-0.07154665247970847,0.4247660653889591,131,0.009193263401908553,-0.0036186574123615507,0.11450381679389313,1.4129205749650247,12.67576401782212,0.009193263401908553,0.22797982349090898,0.7348026517251091,0.942775324517446,0.27066469257436293,0.36604964302456905,0.6335386104184717,DOTUSDT,stress,trend,False,0.7477335873662725,-0.19411439980891745,1.1935037413906737,85.53661649197149,0.0774106379252342,2484.5361858152273,False,2022-01-01 00:00:00+00:00,2024-12-31 23:00:00+00:00,,
-0.06949466159636475,-0.023701841638382404,0.288291974532162,0.05881608716962293,0.09167622347746729,-0.05642773559195294,-0.42003885836883526,1072,-0.037537588118760595,0.016956205904386353,68,0.0006937237863082042,-0.01682216930321861,0.38235294117647056,0.9553386556095201,1.6658832621281454,0.0006937237863082042,0.1846055245563363,0.5110697421845516,0.7436381210310451,0.2882076054131936,0.33064531425544563,0.9083513492431504,DOTUSDT,stress,breakout,False,0.1818570488127504,-0.01640151924468168,1.1043256182742283,44.27098812734811,0.04006524425525005,272.98113786342174,False,2022-01-01 00:00:00+00:00,2024-12-31 23:00:00+00:00,,
0.5781952795189385,0.16410810277260768,0.37434791867809036,0.5899889504570637,0.9729909854254081,0.5392952909094937,-0.3043010119666497,518,-0.03867106765492932,0.22086113564667276,199,0.0031572641178878023,-0.0019305716583995676,0.21105527638190955,1.2993294003851237,5.145704435107652,0.0031572641178878023,0.14791260494421526,0.4911627302408978,0.6630778222760353,0.22840638092331522,0.3487452354700089,0.5080018397852298,DOTUSDT,stress,equal,False,0.46479531808951147,-0.10525795952679957,,64.90380230965981,0.058737941090242135,,,2022-01-01 00:00:00+00:00,2024-12-31 23:00:00+00:00,0.005635091532373596,0.5849793149243572
0.162662711711004,0.05147271588235047,0.266932046540389,0.31933613675379713,0.5222018852845247,0.17133968731656385,-0.3004132707867646,659,-0.029062804949298467,0.0852410485179926,199,0.0011770920832722181,-0.0009376962327869976,0.19597989949748743,1.1081423734530225,4.222091588502374,0.0011770920832722181,0.12795902596689002,0.4217855434115611,0.6329788089057485,0.3069792420354528,0.2798243447874321,0.6220307516469039,DOTUSDT,stress,inverse_vol,False,0.3182737249849543,-0.07662700254570104,,51.68755346969611,0.04677723589007499,,,2022-01-01 00:00:00+00:00,2024-12-31 23:00:00+00:00,0.007958821161014736,0.30942479607778683
0.8095643067004308,0.21837132611403542,0.6541228528874051,0.6232269856491917,0.9822424190828661,0.46555880676769806,-0.4690520787914063,518,-0.07160335437626482,0.4076670138492671,131,0.008778397677348853,-0.003675486982928408,0.11450381679389313,1.3721007362370918,12.367840050245443,0.008778397677348853,0.224434922180062,0.7348335278017317,0.9428719290324511,0.26669671866466876,0.36864326079521675,0.6678159319349323,DOTUSDT,slippage_1_5,trend,False,0.7477773701553204,-0.19412738868776186,1.193567944614662,85.53423870019138,0.09451533376371148,2421.754661838234,False,2022-01-01 00:00:00+00:00,2024-12-31 23:00:00+00:00,,
-0.09425659078077309,-0.0324320584224308,0.28875318507861414,0.028098896180548224,0.04365827300706417,-0.07560826240405058,-0.42894860153132297,1072,-0.03770476363799289,0.008113645769326605,68,0.0002978425173770606,-0.017218518416737646,0.38235294117647056,0.9393951646838359,1.6368326204323125,0.0002978425173770606,0.18747599815826088,0.514545806583724,0.745973236489214,0.29291335986237155,0.33579678343791963,0.9467067716417852,DOTUSDT,slippage_1_5,breakout,False,0.1818570488127504,-0.016401519244681705,1.104325618274229,44.26570067331812,0.048913599244016524,270.4453772411469,False,2022-01-01 00:00:00+00:00,2024-12-31 23:00:00+00:00,,
0.5175785592842235,0.14902276367539558,0.3745510490766424,0.5550387065309151,0.9137839896593581,0.47805277206440644,-0.3117286885124855,526,-0.0387234265877878,0.2078903298092969,199,0.0029568461450323923,-0.0020049046232302305,0.21105527638190955,1.2689240827663057,5.036771249177741,0.0029568461450323923,0.14595155482757105,0.4906267855349929,0.6632327115686727,0.2264696945007229,0.35622067780221117,0.5334074085547231,DOTUSDT,slippage_1_5,equal,False,0.4648172094840355,-0.10526445396622178,,64.89996968675476,0.07171446650386401,,,2022-01-01 00:00:00+00:00,2024-12-31 23:00:00+00:00,0.006887265918304832,0.5489189450468707
0.1281835371741855,0.04098384263636001,0.26731973392558783,0.2817595983306144,0.45949981199045925,0.13410578826481592,-0.305608304955712,663,-0.02915872106740133,0.07531990085672036,199,0.001025649361391108,-0.0010429613959613204,0.19095477386934673,1.0852180686406605,4.279260889646217,0.001025649361391108,0.13004870240119093,0.42334399426188923,0.6340500474063857,0.3079296900422386,0.2864407449689507,0.6193236090316521,DOTUSDT,slippage_1_5,inverse_vol,False,0.3185247064770666,-0.07666866572789935,,51.69785211330194,0.05712612658519866,,,2022-01-01 00:00:00+00:00,2024-12-31 23:00:00+00:00,0.009722061975718567,0.26966696383313105
0.718266700245191,0.19754550502294177,0.6543482793702364,0.5968823108550572,0.9397817293925995,0.4121737302189527,-0.4792772817374914,526,-0.07166005735909783,0.39056891309453723,131,0.00836391845833004,-0.0037323266644891393,0.11450381679389313,1.3328867705091192,12.07105426434379,0.00836391845833004,0.22091004215421658,0.7349349785073284,0.9430120578622249,0.2625997859993563,0.37117808838448424,0.7082881147160839,DOTUSDT,slippage_2,trend,False,0.7478211508712688,-0.1941403773394803,1.1936321251908164,85.53186015881569,0.11161907750725449,2361.0323479424546,False,2022-01-01 00:00:00+00:00,2024-12-31 23:00:00+00:00,,
-0.11835952408543748,-0.04108419026446808,0.28921990899391875,-0.0025129821042570496,-0.0038921613508970097,-0.09385921104095118,-0.43772145332164436,1072,-0.03787191094785538,-0.0007268044554965703,68,-9.788060542719505e-05,-0.017614709197235845,0.38235294117647056,0.9238531549735833,1.608411033161394,-9.788060542719505e-05,0.19037952621177803,0.5180519980455355,0.7483342517216895,0.29768996534186737,0.3410434937363254,0.9957309620256737,DOTUSDT,slippage_2,breakout,False,0.1818570488127504,-0.01640151924468169,1.1043256182742285,44.26041533151329,0.05775984200762485,267.948527731533,False,2022-01-01 00:00:00+00:00,2024-12-31 23:00:00+00:00,,
0.45928982702206267,0.13413285089855176,0.37475699793327966,0.5201265230388664,0.8548350994826139,0.42037739098362537,-0.3190772238837567,526,-0.03877577749526308,0.1949210543195204,199,0.0027565965264844104,-0.0020899169016034384,0.21105527638190955,1.2395462861902398,4.931110684107063,0.0027565965264844104,0.14400265861666645,0.49107613931096267,0.6634252649260794,0.22455019735256054,0.3641252428115085,0.5494283214914872,DOTUSDT,slippage_2,equal,False,0.4648390998420095,-0.10527094829208103,,64.8961377451645,0.08468945975743966,,,2022-01-01 00:00:00+00:00,2024-12-31 23:00:00+00:00,0.00814195190231251,0.5128955689353497
0.0947142815662938,0.03059565824176591,0.26771208135544844,0.2442796640860937,0.3972949121831872,0.09845288917819009,-0.31076445289879473,665,-0.02925704854821242,0.06539661730529793,199,0.0008742593706337712,-0.001064966975468558,0.19095477386934673,1.0629760240012178,4.197118278075087,0.0008742593706337712,0.1321664137937895,0.4249204967135436,0.6351455460031835,0.30875803334554003,0.2930898337495909,0.6165524711351792,DOTUSDT,slippage_2,inverse_vol,False,0.3187775826543885,-0.0767101949812023,,51.70824766562319,0.06747926320363826,,,2022-01-01 00:00:00+00:00,2024-12-31 23:00:00+00:00,0.011486806601726775,0.2300094039058183
0.676524139518272,0.1877772948164289,0.6544566911682307,0.5843742658590129,0.9196495508915036,0.38791709493225923,-0.48406553170651034,526,-0.07168699165556007,0.3824476484379535,131,0.008167176083720534,-0.0037593290566204,0.11450381679389313,1.3147960574385797,11.933810326741892,0.008167176083720534,0.21924300963702698,0.7350086004195773,0.9430943939426426,0.2606307011538877,0.3723610317619873,0.7302248187300346,DOTUSDT,asset_conservative,trend,False,0.7478419459835698,-0.19414654686867838,1.1936626030276347,85.5307300889785,0.11974302212456989,2332.8885231215554,False,2022-01-01 00:00:00+00:00,2024-12-31 23:00:00+00:00,,
-0.12958265031475125,-0.04516680108510562,0.28944352510465593,-0.017016374948914753,-0.02631585927511395,-0.10222405653108811,-0.44184121250724984,1072,-0.03795129604283013,-0.004925279549716445,68,-0.0002857937155790776,-0.017802844379353443,0.38235294117647056,0.9166071815933028,1.5951252700261833,-0.0002857937155790776,0.19177031850404974,0.519727998077115,0.749464829813756,0.299983988980896,0.34357004839832395,1.0,DOTUSDT,asset_conservative,breakout,False,0.1818570488127504,-0.01640151924468169,1.104325618274229,44.257905533729115,0.06196106774722075,266.7759462870463,False,2022-01-01 00:00:00+00:00,2024-12-31 23:00:00+00:00,,
0.4323922339531747,0.1271278698630911,0.3748558091761531,0.5035567805630977,0.8269251743126654,0.3941456952949055,-0.32254029761246583,526,-0.03880064136589541,0.18876118444411855,199,0.0026615368619813517,-0.0021302918353927657,0.21105527638190955,1.225937005686239,4.882026252766548,0.0026615368619813517,0.14308125896363147,0.49150555291674247,0.6635302098836066,0.2236445685143143,0.36804248592516803,0.5566798542674036,DOTUSDT,asset_conservative,equal,False,0.46484949739816006,-0.10527403305668002,,64.8943178113538,0.09085204493589533,,,2022-01-01 00:00:00+00:00,2024-12-31 23:00:00+00:00,0.008738804365460706,0.4957976466900955
0.07916155570945893,0.025696229538699544,0.2679000652965347,0.22651081766631748,0.36792112403782484,0.08204413266383158,-0.31320008761610685,668,-0.02930373734526097,0.06068226284317792,199,0.0008023668939246885,-0.0010858155973313532,0.19095477386934673,1.0526413580267708,4.158884376897829,0.0008023668939246885,0.1331825623633384,0.4256767691617296,0.6356760820746876,0.3091664102199191,0.2959234728923524,0.6152105425733327,DOTUSDT,asset_conservative,inverse_vol,False,0.31889834580177845,-0.07672987489796197,,51.71321861096734,0.07239850605535428,,,2022-01-01 00:00:00+00:00,2024-12-31 23:00:00+00:00,0.01232565529785845,0.21120742057897263
1.0390004475334753,0.2677832279597505,0.6562262347407962,0.68420413044292,1.0704392305319246,0.6149802020302017,-0.4354339002714752,515,-0.07294674380497548,0.44899270031465804,131,0.009926783116181712,-0.0028861172691264326,0.22900763358778625,1.4758309079903582,5.737509760302314,0.009926783116181712,0.23912324927693496,0.7399061556234653,0.9389227724136501,0.2819656601617369,0.3376402664482605,0.5630657831396989,DOTUSDT,delay1,trend,False,0.7542060024803865,-0.20072064423103209,1.2336291663390189,85.72281028649346,0.07757914330927657,2502.645099562772,False,2022-01-01 00:00:00+00:00,2024-12-31 23:00:00+00:00,,
-0.220708134656056,-0.07969244864629654,0.28406531370666993,-0.15262865538442338,-0.2383270644109237,-0.16371833542702185,-0.486765568672788,1072,-0.03714213607016703,-0.043356506872403444,68,-0.0019129015586132998,-0.020805479825549394,0.36764705882352944,0.8564077808680536,1.582196714291907,-0.0019129015586132998,0.20325177226883667,0.5330399028242948,0.7660387914341461,0.31846947203319964,0.3101926975591583,1.0,DOTUSDT,delay1,breakout,False,0.17907656342687261,-0.018256186504632135,1.1263899409189047,44.373481207254734,0.04015800049256554,216.9793067653943,False,2022-01-01 00:00:00+00:00,2024-12-31 23:00:00+00:00,,
0.4933788151863987,0.14288804708569613,0.3749960177847104,0.5408540013818696,0.8739999636772088,0.4757048017733476,-0.30037125240912743,526,-0.039700241778727115,0.20281809672112736,199,0.002859457002174869,-0.0019581676763359033,0.27638190954773867,1.2625093844369657,3.4943182254207628,0.002859457002174869,0.15003635788960584,0.5002388929140682,0.677288127873072,0.2310178824190612,0.37299315138548694,0.516228311738056,DOTUSDT,delay1,equal,False,0.4666412829536295,-0.10948841536783212,,65.0481457468741,0.058868571900921055,,,2022-01-01 00:00:00+00:00,2024-12-31 23:00:00+00:00,0.005678925566783415,0.5358174476407025
0.1028231529360768,0.03313172404976017,0.2665230275784947,0.2535212610880188,0.40883292489106315,0.11271733832234128,-0.2939363592406019,663,-0.029817534329615866,0.0675692540606968,199,0.0008851416876512215,-0.0006969347118392596,0.2562814070351759,1.0692756515772044,2.8521666228092064,0.0008851416876512215,0.14050459690869604,0.4332209026821032,0.6481455369223703,0.26833749559003706,0.30168200405381984,0.687293212051579,DOTUSDT,delay1,inverse_vol,False,0.3165308689295645,-0.07912004372149875,,51.7735656427769,0.04685507690671309,,,2022-01-01 00:00:00+00:00,2024-12-31 23:00:00+00:00,0.008170913373801466,0.24333330653467916
0.4839578931810724,0.14048188248762195,0.6551525749109413,0.5224641611697957,0.8192418322647858,0.27757228250572624,-0.5061091879183717,526,-0.07199120864737481,0.3422937404890766,131,0.006968122781160553,-0.003699512776945709,0.11450381679389313,1.2402047620429695,11.320831610429572,0.006968122781160553,0.21678235561084053,0.7430114900272962,0.9451615061962274,0.2569850528077524,0.37125640517126296,0.8262493127619366,DOTUSDT,adverse_funding,trend,False,0.7489895839838268,-0.1942665561500315,1.1937805802519126,85.57675109212924,0.07744695973837698,4784.993849865288,False,2022-01-01 00:00:00+00:00,2024-12-31 23:00:00+00:00,,
-0.12222245638026874,-0.04248546738103676,0.288233454022322,-0.008569732737574156,-0.013270805601747593,-0.09678332072712097,-0.4389750946945069,1072,-0.03776044919905068,-0.002470083666999168,68,-0.00018442052096609952,-0.01762413840156349,0.38235294117647056,0.9207280959766321,1.6021794337498745,-0.00018442052096609952,0.19166839874731242,0.5200695792763989,0.7487450860597118,0.2994160936901237,0.34121701533948656,1.0,DOTUSDT,adverse_funding,breakout,False,0.18195982997805396,-0.016414793334889245,1.1051523511091241,44.28387408900426,0.04007690605054886,829.0850083336607,False,2022-01-01 00:00:00+00:00,2024-12-31 23:00:00+00:00,,
0.3535695314411189,0.10608083815873504,0.3748561361538508,0.45327210101024573,0.742260287932005,0.32763669589401184,-0.3237758147611507,590,-0.03890262745078236,0.1699118284110387,199,0.0023395608527595492,-0.0019413995060878274,0.21105527638190955,1.191005126689905,4.74991098199394,0.0023395608527595492,0.1420932200445071,0.49388559057740317,0.6613325691000776,0.22378767314253223,0.3715493036523933,0.5562434467835793,DOTUSDT,adverse_funding,equal,False,0.46547470698094046,-0.10534067474246035,,64.93031259056676,0.058761932894462916,,,2022-01-01 00:00:00+00:00,2024-12-31 23:00:00+00:00,0.005653913138711098,0.4482516138074301
0.048176528776638694,0.01579310828668823,0.2670225301838258,0.19005263135395337,0.3083509418718356,0.04957943052189249,-0.3185415427414916,691,-0.029242204744810037,0.050748334492226536,199,0.0006447916404621046,-0.000973455531876395,0.18592964824120603,1.032775604404576,4.223257921988433,0.0006447916404621046,0.13454089367078972,0.42789903846773863,0.6388339538482476,0.312830638095202,0.3023553978681209,0.6333418098785007,DOTUSDT,adverse_funding,inverse_vol,False,0.3185069881287633,-0.07671361562259754,,51.69194247851802,0.0467812079430588,,,2022-01-01 00:00:00+00:00,2024-12-31 23:00:00+00:00,0.007958155764293606,0.18013743548329003
1.820561983172086,0.4124559721981682,0.7990389594813435,0.8165687011710765,1.3542526800516892,0.7045970272966611,-0.5853785301658805,488,-0.08644993898555861,0.6524702053287691,121,0.020816618020445436,-0.0037175937216349366,0.15702479338842976,2.050476015749821,11.801213378947157,0.020816618020445436,0.49164150925523264,0.8494246382670195,0.9641130980240313,0.4278160515676216,0.6307180362768864,0.9532225819563506,DOGEUSDT,base,trend,False,0.772910072493971,-0.07382390334481377,1.7304914095130033,88.68978016034887,0.06252629501304596,1643.6745371203247,False,2022-01-01 00:00:00+00:00,2024-12-31 23:00:00+00:00,,
0.944331155822488,0.24786878065210716,0.28772548307980095,0.9084917148059474,1.775574638161267,1.6668171923617403,-0.14870783778087737,229,-0.030846067268035467,0.26139621751653797,53,0.014204695218823777,0.00924926187635389,0.5283018867924528,1.847092734607895,1.7676328326505746,0.014204695218823777,0.13521331024014735,0.48272289897613996,0.6684149018119689,0.18818573032483332,0.25308377204639004,0.5506174173460852,DOGEUSDT,base,breakout,False,0.11306894157675179,-0.016708111625360397,1.152378245780516,34.43387840510336,0.024275884275597865,76.32745761588887,False,2022-01-01 00:00:00+00:00,2024-12-31 23:00:00+00:00,,
1.9674831968392223,0.43654450672889,0.4408579138631131,1.0364636701622911,1.8000299452863373,1.2528136208421685,-0.3484512775614902,485,-0.04470959341800008,0.4569332114226535,174,0.008485643966600048,-0.0015757017425313642,0.27011494252873564,2.1944673103980805,5.5395120968321026,0.008485643966600048,0.3330399940229046,0.6060867745560214,0.7658183185432313,0.33323785891365176,0.5720479165098877,0.8967917751076556,DOGEUSDT,base,equal,False,0.44298950703536144,-0.04526600748508707,,61.56182928272612,0.04340108964432192,,,2022-01-01 00:00:00+00:00,2024-12-31 23:00:00+00:00,0.004740962568177017,1.0328848555941674
1.880206625606493,0.4223336592255822,0.3198671305051959,1.2555741886841811,2.5157715837636885,1.918630445830311,-0.2201224629492482,430,-0.029631498816861907,0.4016169128707984,174,0.007026352123043088,-0.000565492544003084,0.25862068965517243,2.236348047154432,5.603378537170843,0.007026352123043088,0.17272531717002912,0.49075777272659005,0.6858991017595436,0.17321376939630692,0.4114382541952355,0.7374944684526804,DOGEUSDT,base,inverse_vol,False,0.2588271941625186,-0.046321211409819256,,45.422007874236996,0.032022515551337075,,,2022-01-01 00:00:00+00:00,2024-12-31 23:00:00+00:00,0.006882525228791774,1.2484433286806915
1.6730657495935386,0.387415934185829,0.7992672647987935,0.7941643343005622,1.3160813198175416,0.6558991253371532,-0.5906638981820334,488,-0.08650596502653154,0.634749555277165,121,0.0203358754158357,-0.0037741529009374477,0.15702479338842976,1.9732727770543934,11.557569910363712,0.0203358754158357,0.4879932209022072,0.8487439212854624,0.965140544955489,0.4241106534134227,0.6291785907995294,0.9566679841781103,DOGEUSDT,stress,trend,False,0.7729555652119137,-0.07383389285095407,1.7306954263746708,88.68728589894285,0.0802619937385433,1574.6065152386323,False,2022-01-01 00:00:00+00:00,2024-12-31 23:00:00+00:00,,
0.9040587228749783,0.2392008952351381,0.2878948958071689,0.8839285877254051,1.7195528250176753,1.5815861640800297,-0.15124114048776816,229,-0.031013117838323116,0.25447852866418347,53,0.01380482207614189,0.008849849588205146,0.5094339622641509,1.8096653845749848,1.8679829246855604,0.01380482207614189,0.13465792456484468,0.48391330538615557,0.6708187985466805,0.1885698552876614,0.25125601382900553,0.5504044867992904,DOGEUSDT,stress,breakout,False,0.11306894157675178,-0.016708111625360393,1.1523782457805156,34.4298476713444,0.03115901214256668,75.66922388309592,False,2022-01-01 00:00:00+00:00,2024-12-31 23:00:00+00:00,,
1.8593057856225137,0.4188879560105152,0.4409890451650759,1.0082201516009122,1.7486142399352358,1.1898425806399218,-0.35205325715039437,485,-0.044750834847836575,0.44461404197067433,174,0.008265695291761618,-0.0016134561267385082,0.26436781609195403,2.1326239810002767,5.586360609849547,0.008265695291761618,0.3311761838680433,0.6055294170170504,0.7657369500036677,0.3323013393584335,0.5717933114165018,0.9062029507421503,DOGEUSDT,stress,equal,False,0.44301225339433264,-0.04527100223815724,,61.558566785143626,0.05571050294055498,,,2022-01-01 00:00:00+00:00,2024-12-31 23:00:00+00:00,0.0060917808473641795,1.0036229826500824
1.80323406482822,0.4095602301953476,0.3200041597529895,1.2269682718958066,2.451108633546255,1.8454032752042033,-0.2219353545636401,431,-0.029729594978700414,0.39263495089159517,174,0.0068684870986146776,-0.0005837698159324282,0.25862068965517243,2.1863485631491266,5.491366852675103,0.0068684870986146776,0.17226269724869225,0.4908122640654631,0.6872694041427518,0.17596530190053133,0.4120236670306807,0.7399493459063711,DOGEUSDT,stress,inverse_vol,False,0.2588865695009809,-0.04638476740893066,,45.41955256037009,0.04110469506713494,,,2022-01-01 00:00:00+00:00,2024-12-31 23:00:00+00:00,0.008839279523003798,1.2178129905405646
1.533262360299402,0.36281618605261845,0.7994988834762463,0.771770799883912,1.2779794860898694,0.6086611607937793,-0.5960889398289442,624,-0.08656199437104492,0.6170298928067571,121,0.019855600942834034,-0.0038307154281984283,0.1487603305785124,1.899279343184556,12.067518325264144,0.019855600942834034,0.4843077148276409,0.8480868476237307,0.9662108405858831,0.42037134065633897,0.6277281960141885,0.9604048045082653,DOGEUSDT,slippage_1_5,trend,False,0.7730010567644666,-0.07384388425892015,1.7308994698536415,88.68479088989534,0.09799669393333438,1508.6244820148588,False,2022-01-01 00:00:00+00:00,2024-12-31 23:00:00+00:00,,
0.8646206062992958,0.23059325426122523,0.2880692123211505,0.8593853613862055,1.664093754808311,1.4996283563846262,-0.15376693384029505,229,-0.03118014606773936,0.2475624641348515,53,0.013405108706168232,0.008450596888626294,0.5094339622641509,1.7731115826952155,1.8304395197496408,0.013405108706168232,0.13409713769327408,0.4850942327791514,0.673208901478949,0.18895504665650306,0.2504638026806141,0.5503453600984347,DOGEUSDT,slippage_1_5,breakout,False,0.11306894157675178,-0.016708111625360407,1.152378245780516,34.42581854809932,0.038040529495649754,75.01985088551146,False,2022-01-01 00:00:00+00:00,2024-12-31 23:00:00+00:00,,
1.7550697213504707,0.4014480523005215,0.4411227224219391,0.9799907293311176,1.697350521744304,1.1288191694175294,-0.3556353959754853,485,-0.04479379304085673,0.43229617847080426,174,0.008045917579184585,-0.0016820746862596394,0.25862068965517243,2.0727949116787525,5.6367759439056835,0.008045917579184585,0.3292909174626193,0.6049543253528199,0.7656365551760126,0.3313625441690746,0.5716491464227733,0.9165749790739518,DOGEUSDT,slippage_1_5,equal,False,0.4430349991706092,-0.04527599794214029,,61.555304718997334,0.06801861171449206,,,2022-01-01 00:00:00+00:00,2024-12-31 23:00:00+00:00,0.007445295154080707,0.9743737922475829
1.7283248987839581,0.3969025935158612,0.32014574288663616,1.1983775195517532,2.3868379316974564,1.7718038179783293,-0.22401046294659,431,-0.029829358221963236,0.3836554612555404,174,0.0067107423112015355,-0.0006020573504674745,0.2471264367816092,2.1375720419289554,5.730249823101639,0.0067107423112015355,0.17178044703539225,0.49082432980721147,0.6886926416013783,0.1787681258092935,0.412664666626834,0.7426928134790322,DOGEUSDT,slippage_1_5,inverse_vol,False,0.2589490213719847,-0.046447721597394145,,45.41735424725069,0.05018617644321202,,,2022-01-01 00:00:00+00:00,2024-12-31 23:00:00+00:00,0.010797965599759055,1.187197264393356
1.4007516427551856,0.3386490501913688,0.7997338112644291,0.7493883713852519,1.2399479608016746,0.5592771792871581,-0.6055120121707864,624,-0.08661802701670548,0.599311218365171,121,0.019375793991110075,-0.0038872813042955573,0.1487603305785124,1.8283149430582137,11.823221142020264,0.019375793991110075,0.4805782805006877,0.8474425320487599,0.9673106520548598,0.416598576653099,0.6263730101122192,0.9644561253933843,DOGEUSDT,slippage_2,trend,False,0.7730465471463547,-0.07385387756844047,1.7311035399343644,88.68229513279726,0.11573039514830044,1445.5871794048549,False,2022-01-01 00:00:00+00:00,2024-12-31 23:00:00+00:00,,
0.8259995153249917,0.22204543809365673,0.2882484198005351,0.8348632860563169,1.609192203633996,1.4207703670199576,-0.15628524021048762,229,-0.031347151969671506,0.24064802295521545,53,0.01300555501316412,0.008051503681988974,0.5094339622641509,1.737495321609476,1.7938670094956455,0.01300555501316412,0.13353972176227785,0.48629726308520344,0.6756288147043523,0.1893639836581351,0.25337223997842734,0.5504562664923095,DOGEUSDT,slippage_2,breakout,False,0.11306894157675178,-0.016708111625360393,1.1523782457805154,34.42179103440308,0.04492043729989602,74.37918422437818,False,2022-01-01 00:00:00+00:00,2024-12-31 23:00:00+00:00,,
1.6546314837148781,0.38422214180281244,0.4412589419213205,0.9517758865837975,1.6462400090235645,1.069667293704568,-0.35919780296557424,485,-0.044836747739196714,0.41997962066019323,174,0.007826310641298228,-0.0017102190762528476,0.25862068965517243,2.014989299592494,5.521915300437806,0.007826310641298228,0.32739768659811785,0.6043861318035426,0.7655481541269462,0.3304218831009533,0.5716216891217395,0.928018890152987,DOGEUSDT,slippage_2,equal,False,0.44305774436155315,-0.04528099459690044,,61.552043083600175,0.08032541622409822,,,2022-01-01 00:00:00+00:00,2024-12-31 23:00:00+00:00,0.008801493864439337,0.9451377922711462
1.6554227042908076,0.3843595264718429,0.32029186389807734,1.1698028116714032,2.3229599248329214,1.6845056046697449,-0.22817349221417305,431,-0.02992914882412081,0.3746783229434453,174,0.006553115696699398,-0.0006203554131759027,0.2471264367816092,2.090222866134275,5.617104457728592,0.006553115696699398,0.17129527117025697,0.49084148236385616,0.690135620799978,0.18162380848515797,0.4133635634963342,0.7457494868335194,DOGEUSDT,slippage_2,inverse_vol,False,0.25901454554445286,-0.046510061472398674,,45.41541485627251,0.05926711638743563,,,2022-01-01 00:00:00+00:00,2024-12-31 23:00:00+00:00,0.012758818744774128,1.156596867389329
1.3402533543696644,0.3273190246458477,0.7998465599496279,0.7387606871634749,1.2219078965197192,0.5366667708712841,-0.609911107621666,624,-0.08664464367913503,0.5908951942537286,121,0.019148049291413186,-0.003914151268834639,0.1487603305785124,1.7956339200871108,11.709750444959619,0.019148049291413186,0.47879388708538406,0.8471455256730206,0.9678483224699718,0.4147949394802176,0.6257645368191109,0.9664979223931552,DOGEUSDT,asset_conservative,trend,False,0.7730681546661278,-0.07385862505652221,1.7312004825371354,88.681109386006,0.12415355314040841,1416.6368718337571,False,2022-01-01 00:00:00+00:00,2024-12-31 23:00:00+00:00,,
0.807935804442454,0.2180060622504565,0.28833525296066803,0.8232230688276424,1.5833077556542638,1.384351642201285,-0.15747881940155084,229,-0.031426471955358665,0.2373642317934757,53,0.01281582291817554,0.007861990253589184,0.5094339622641509,1.7208958741936913,1.7768243655382228,0.01281582291817554,0.13327615039675794,0.48691042185388955,0.6767888891952742,0.18956681069693837,0.25477923693496835,0.5505737735992995,DOGEUSDT,asset_conservative,breakout,False,0.11306894157675178,-0.016708111625360397,1.1523782457805154,34.41987852896372,0.04818782994054921,74.0778736230919,False,2022-01-01 00:00:00+00:00,2024-12-31 23:00:00+00:00,,
1.6082135849860486,0.3761140400046039,0.44132453568032254,0.9383790828334568,1.6220165685988668,1.042204736547232,-0.3608830653088849,485,-0.04485714999710549,0.41412971302360224,174,0.0077220571161733635,-0.0017235863229966134,0.25862068965517243,1.9882202884928792,5.46854962500591,0.0077220571161733635,0.3264966620932721,0.6041206207469375,0.7655128230631622,0.32997453808689214,0.5716514526781091,0.9338666318183403,DOGEUSDT,asset_conservative,equal,False,0.44306854812143986,-0.04528336834094131,,61.55049395748485,0.08617069154047881,,,2022-01-01 00:00:00+00:00,2024-12-31 23:00:00+00:00,0.009446648670027544,0.9312554416589768
1.6214813070581395,0.3784413522904191,0.3203628563329686,1.156235691501678,2.292755685017798,1.644368096259348,-0.23014393988262571,431,-0.029976558744980213,0.3704149687236027,174,0.0064782838164192955,-0.000657376020223997,0.2471264367816092,2.068226241912426,5.5645206914898955,0.0064782838164192955,0.1710646824272591,0.4908539934438323,0.6908316541389694,0.18299924817361266,0.4137165241165425,0.7473189351481433,DOGEUSDT,asset_conservative,inverse_vol,False,0.25904674490386537,-0.046539453616318095,,45.41458489852523,0.06358041885793532,,,2022-01-01 00:00:00+00:00,2024-12-31 23:00:00+00:00,0.013690919570797069,1.1420673841637392
1.8088003961101413,0.41049174180053005,0.8019854918114846,0.8147670351831625,1.3486181717170913,0.7121257714845247,-0.5764315212814208,488,-0.08708595304387916,0.6534313414231537,121,0.021623381735941142,-0.002885095171120938,0.2892561983471074,1.952967561133367,5.340228918503296,0.021623381735941142,0.46957228524829464,0.8397007085015893,0.9565009065522401,0.4059136549117953,0.6219859855926699,0.945284238814973,DOGEUSDT,delay1,trend,False,0.7711679677592964,-0.07221157943574613,1.9446091367960499,88.85355299502419,0.08041246546049688,1635.2508055211745,False,2022-01-01 00:00:00+00:00,2024-12-31 23:00:00+00:00,,
0.15380321772154826,0.04879760130192734,0.2769233920088747,0.30597691104656893,0.5539445939557073,0.16544665423122074,-0.2949446244692868,1030,-0.03224240808545718,0.0847321640834136,53,0.004373892127431103,-0.00825679789520236,0.4339622641509434,1.135409423326855,1.5864681824425444,0.004373892127431103,0.1480531353869799,0.5228935785121053,0.7768161868375283,0.20727898781590157,0.35284242682685873,0.7820983299320386,DOGEUSDT,delay1,breakout,False,0.11422289444197524,-0.022274500753214826,1.0813937248875065,34.44476842613377,0.03117251542565106,61.69186988715752,False,2022-01-01 00:00:00+00:00,2024-12-31 23:00:00+00:00,,
1.281155149252673,0.3160609819235194,0.44049090972525107,0.8378873311676112,1.4424793962026108,0.7529159439129313,-0.41978255936637376,512,-0.044879068721956177,0.36908175275328375,174,0.0070670059761585155,-0.0018231231020383023,0.3333333333333333,1.7638305614474015,3.5102572422312397,0.0070670059761585155,0.31430238565488583,0.6011304810116551,0.7746417483577184,0.3181211563462698,0.6107845050632157,0.9768936757114521,DOGEUSDT,delay1,equal,False,0.44269543110063586,-0.04724304009448048,,61.64916071057897,0.05579249044307397,,,2022-01-01 00:00:00+00:00,2024-12-31 23:00:00+00:00,0.006076326207390564,0.8332969042263234
0.8751619983473047,0.23290578406397566,0.31349279402770625,0.818765124010216,1.5838243350372276,0.7124194197570164,-0.3269222842681807,545,-0.030211770844441342,0.256676966378404,174,0.004519212579236425,-0.0005337858335539141,0.3160919540229885,1.5879214496934138,3.0729088533197433,0.004519212579236425,0.16075664486618418,0.4906585628387781,0.7199410800987782,0.2122628915825432,0.4917771512080064,0.8504097096856762,DOGEUSDT,delay1,inverse_vol,False,0.2546977395242015,-0.05355274209958486,,45.318708286251976,0.041013430999058034,,,2022-01-01 00:00:00+00:00,2024-12-31 23:00:00+00:00,0.008553594270890011,0.8097165476704371
1.0683321422793721,0.27382793516442505,0.8007226941203909,0.6874864157950247,1.1334399594978866,0.4413875765100249,-0.6203797971151229,624,-0.08697976061415384,0.5504859750265634,121,0.01774272579954492,-0.0037883800344365526,0.1487603305785124,1.660979858470083,11.263026514365434,0.01774272579954492,0.4755723291746219,0.8496353906231098,0.9731364618692373,0.40639489057148365,0.6243130678932641,0.986945193409784,DOGEUSDT,adverse_funding,trend,False,0.7741860782837845,-0.07362635397404145,1.7329932331706943,88.73248342839639,0.08030289750269874,3266.4480190678196,False,2022-01-01 00:00:00+00:00,2024-12-31 23:00:00+00:00,,
0.8370640489796406,0.22450652294796303,0.2876994606620725,0.8429041589948082,1.6284037135324636,1.4475315215426166,-0.15509612026182973,229,-0.03123432905255064,0.24250307193262416,53,0.013114967369992759,0.008555782768422565,0.5094339622641509,1.7487479299821789,1.806176543637893,0.013114967369992759,0.13385080668378138,0.4861085967585865,0.6755947515010474,0.18953976182279864,0.2535984496664363,0.5441731705980343,DOGEUSDT,adverse_funding,breakout,False,0.11312271769749245,-0.01672571367557756,1.1526338146876056,34.43760294533063,0.03116603066552422,582.9671517878772,False,2022-01-01 00:00:00+00:00,2024-12-31 23:00:00+00:00,,
1.4728305973268059,0.35190197944232504,0.44161064834785935,0.897837325623708,1.5481283321802461,0.9587427823745298,-0.3670452449934123,487,-0.04500146684517061,0.3964945234795938,174,0.0073565253395588,-0.001631151848420307,0.26436781609195403,1.9278409934506004,5.1955821161671905,0.0073565253395588,0.32563477104059363,0.6032034237781302,0.765121002054492,0.329463200527876,0.5718329721043991,0.9519956809632257,DOGEUSDT,adverse_funding,equal,False,0.44365439799063844,-0.04517603382480952,,61.585043186863516,0.05573446408411148,,,2022-01-01 00:00:00+00:00,2024-12-31 23:00:00+00:00,0.006113998567031496,0.8932293365107581
1.5794036065451995,0.3710331099607651,0.31999209128689726,1.1403561886788682,2.262241520738741,1.6241763528854405,-0.22844385666716793,483,-0.0298980954262977,0.3649049616273066,174,0.006370936501895626,-0.0006067449183552622,0.25287356321839083,2.0548188779266128,5.3652236994732885,0.006370936501895626,0.17047148717127272,0.4917301799163242,0.6912054273860414,0.186788798616828,0.4135587753004777,0.7473680373887154,DOGEUSDT,adverse_funding,inverse_vol,False,0.2590957015212765,-0.04635442679644862,,45.429764874412285,0.04111393721134311,,,2022-01-01 00:00:00+00:00,2024-12-31 23:00:00+00:00,0.008842270454769654,1.1311924586064563
1.1733231073468455,0.2950073524099859,0.6635211234231907,0.71719116633725,1.1136115977421805,0.44105194969352846,-0.6688721195201067,564,-0.07494447184379718,0.47587148839728055,151,0.01228553632224281,-0.0038033717067702164,0.1390728476821192,1.6727251072387046,11.818622906686034,0.01228553632224281,0.4417075478630793,0.829096675038355,0.9603042704056168,0.4788887259802117,0.5032677168133218,0.6352913211520912,ADAUSDT,base,trend,False,0.7341212088459892,-0.13645585221325457,1.525552599320824,89.34926798089154,0.06299123392652853,1412.0503454515688,False,2022-01-01 00:00:00+00:00,2024-12-31 23:00:00+00:00,,
1.112191231343422,0.2827607078867045,0.2941741981021518,0.9891763929321341,1.9022130004671498,2.1226472045455633,-0.13321135386096372,152,-0.03201091494640506,0.29099017217238954,64,0.013735559349841681,-0.0044716117716132354,0.4375,1.7031807885116896,2.5105024020099527,0.013735559349841681,0.12933862635735416,0.5115139491721077,0.7358370661635669,0.17661970751564246,0.3125526712117873,0.47533905009535554,ADAUSDT,base,breakout,False,0.15704692578435953,0.0020005415626450813,1.1027175367326811,42.13411652950522,0.02970455215330118,223.76833879492514,False,2022-01-01 00:00:00+00:00,2024-12-31 23:00:00+00:00,,
1.5934347777511908,0.37351235070224376,0.36621763933590173,1.0470026265805976,1.753416726346381,1.0403561347769168,-0.3590235480106395,531,-0.03775031251287119,0.3834308302848351,215,0.005626132456854716,-0.0018944355527223005,0.22790697674418606,1.8141070721619397,6.198323410385343,0.005626132456854716,0.28096959104902425,0.5638760960048628,0.7176158951172376,0.35897865218129327,0.33436836076078996,0.5603406410578468,ADAUSDT,base,equal,False,0.44558406731517447,-0.06722765532530475,,65.74169225519837,0.04634789303991486,,,2022-01-01 00:00:00+00:00,2024-12-31 23:00:00+00:00,0.004392827448343542,1.0430272299899077
1.145554746741086,0.28947333855760204,0.26930759761869566,1.0764253318096495,1.8660507519292502,1.2337931154673578,-0.23462064662919624,245,-0.028253814787610448,0.28988952012556407,215,0.003959960300913605,-0.0013023186276502469,0.2,1.6058282775372312,6.399619077705308,0.003959960300913605,0.11486677352941513,0.39710263662665535,0.6146483028214257,0.19199851061923665,0.18571784627701504,0.5294484169768519,ADAUSDT,base,inverse_vol,False,0.3064566254598729,-0.03698562355031497,,54.05333367942591,0.03810760024399527,,,2022-01-01 00:00:00+00:00,2024-12-31 23:00:00+00:00,0.006823180436167644,1.0680655912240404
1.0587855798642511,0.2718668814172731,0.6638213071873152,0.6899963685859892,1.07023959253675,0.40428151190219225,-0.6724692408962936,643,-0.07502250099234614,0.45803429134925194,151,0.01190695655388849,-0.003973097799992981,0.13245033112582782,1.6127966853516256,12.224808040161697,0.01190695655388849,0.4378726619727133,0.8293062239800083,0.9620292712773726,0.4741424409114077,0.49946504260112257,0.6281627766185655,ADAUSDT,stress,trend,False,0.7341650419664264,-0.13646533587207849,1.5256620212353893,89.34592645005017,0.0808580634372954,1365.331720346328,False,2022-01-01 00:00:00+00:00,2024-12-31 23:00:00+00:00,,
1.058966560451449,0.2719041147673036,0.29432678726849376,0.9599510364419189,1.8370067589300638,2.0149934054809187,-0.13494044895020796,152,-0.032183898108974575,0.2825393044910108,64,0.013331687761464239,-0.004870102056638432,0.4375,1.6685456825192653,2.456504335843934,0.013331687761464239,0.13031762540025865,0.5143137857619707,0.7384331882858913,0.17859237634345512,0.31688650098933374,0.4796585134795817,ADAUSDT,stress,breakout,False,0.15704692578435955,0.0020005415626450705,1.1027175367326814,42.1289341683052,0.0381266854223162,221.47253181965723,False,2022-01-01 00:00:00+00:00,2024-12-31 23:00:00+00:00,,
1.4926445966824478,0.355499873818073,0.3663964940294775,1.0106177432209298,1.6892948182401428,0.9774482152091627,-0.36370200312044165,555,-0.0378140251037048,0.3702867979201314,215,0.00543767482220073,-0.0019925121074998563,0.22790697674418606,1.7657925375839183,6.0596722307529065,0.00543767482220073,0.27843912937596643,0.5637061898891683,0.7174545787834002,0.3568552593558482,0.3325048936917218,0.5546344990251969,ADAUSDT,stress,equal,False,0.44560598387539296,-0.06723239715471671,,65.73743030917768,0.0594923744298058,,,2022-01-01 00:00:00+00:00,2024-12-31 23:00:00+00:00,0.005644905906141468,1.005510740588696
1.0772210593972535,0.2756484753248867,0.26946862710417857,1.0359286595739219,1.789994620366095,1.159464066187368,-0.23773783367973922,245,-0.028353684270169682,0.2791502736732567,215,0.003807542476159883,-0.0013270246735305052,0.2,1.569634030504033,6.251435219986913,0.003807542476159883,0.11405944430778212,0.3982519836343119,0.6154520712241729,0.19172231306886267,0.18806445408556421,0.5404409834397662,ADAUSDT,stress,inverse_vol,False,0.3065226793565308,-0.03698744164010069,,54.052902629929164,0.04891787688008589,,,2022-01-01 00:00:00+00:00,2024-12-31 23:00:00+00:00,0.008758420747684572,1.0251997773605543
0.9502686054276213,0.24913654689063147,0.6641258939372817,0.6628237194237802,1.0269882441729612,0.3685300272460591,-0.6760278090563532,644,-0.0751005282512268,0.440198395185152,151,0.011528623754897169,-0.004060017805321781,0.13245033112582782,1.555192590277863,11.953121578818042,0.011528623754897169,0.43401794340277483,0.8295255052806184,0.963762147772283,0.4693845919303245,0.4957420006934865,0.6208040883620688,ADAUSDT,slippage_1_5,trend,False,0.7342088735845343,-0.136474819188614,1.5257714201227843,89.34261013904957,0.09872358420364977,1320.4821879898282,False,2022-01-01 00:00:00+00:00,2024-12-31 23:00:00+00:00,,
1.0070831157755147,0.2611394119923236,0.29448562023886776,0.9307433032716214,1.7724644830952385,1.910784186610297,-0.1366660943827367,152,-0.03235685293668247,0.274090518947116,64,0.012927977543407933,-0.005268433121487939,0.421875,1.6348330877316888,2.562198457203134,0.012927977543407933,0.13128129321069226,0.5170799456779648,0.74095669227791,0.18059002057183282,0.3213112462463093,0.4842630976556125,ADAUSDT,slippage_1_5,breakout,False,0.15704692578435953,0.002000541562645087,1.102717536732682,42.123753877761594,0.046546748034926574,219.21405776682883,False,2022-01-01 00:00:00+00:00,2024-12-31 23:00:00+00:00,,
1.395770983513338,0.33772352263851446,0.36657872732712365,0.9742639996330972,1.6254529469465244,0.9168639040121856,-0.36834640469609536,556,-0.03787868386439931,0.357144457066134,215,0.005249340596387441,-0.002097575992892351,0.22325581395348837,1.7191744218255098,6.0852972062778194,0.005249340596387441,0.2759020382670763,0.5635488619252853,0.717297882627248,0.35474020694332364,0.33071586612580306,0.5482194371626965,ADAUSDT,slippage_1_5,equal,False,0.44562789968444705,-0.06723713881298447,,65.73318200840558,0.07263516611928816,,,2022-01-01 00:00:00+00:00,2024-12-31 23:00:00+00:00,0.006899597727247503,0.9680237552711068
1.011064971221626,0.26197209256424325,0.2696350992840331,0.9954677793778473,1.7144794950623576,1.0877309748724047,-0.240842725468008,245,-0.02845357985955935,0.26841305352660183,215,0.003655223008264708,-0.0013517083753489263,0.19534883720930232,1.5346876894697805,6.292724085782235,0.003655223008264708,0.11324326113957119,0.39939931684531155,0.6162554957058476,0.19144110889378577,0.1904528370909018,0.5523452094379211,ADAUSDT,slippage_1_5,inverse_vol,False,0.30659102702323837,-0.03698968160984306,,54.05258808987152,0.05972810983930803,,,2022-01-01 00:00:00+00:00,2024-12-31 23:00:00+00:00,0.010693921583114979,0.9823705891031272
0.8474566473337555,0.22680916123298922,0.6644348751078815,0.6356737634767534,0.9838588809432312,0.3337646258232464,-0.6795482315525607,646,-0.07517855361720317,0.4223638176450336,151,0.01115053813082471,-0.004118280368558207,0.13245033112582782,1.4998515139736817,11.69047628291994,0.01115053813082471,0.43017108747431276,0.829807361238341,0.9655634815278452,0.46461604664097944,0.4921066188811439,0.6131963661676054,ADAUSDT,slippage_2,trend,False,0.7342527036724532,-0.13648430213826618,1.5258807959665506,89.33929407770631,0.11658777877140673,1277.4205706308903,False,2022-01-01 00:00:00+00:00,2024-12-31 23:00:00+00:00,,
0.9565070945978653,0.2504658209010482,0.29465068161692193,0.9015550645778302,1.7085788444244179,1.809877178972808,-0.13838829717892764,152,-0.03252977944650754,0.26564381429304573,64,0.012524428598976775,-0.00566660506156936,0.421875,1.602007911492767,2.507586443719565,0.012524428598976775,0.13222684340629026,0.5198024220618594,0.7433936859783041,0.1826131887892546,0.3258019186563443,0.48918718033396186,ADAUSDT,slippage_2,breakout,False,0.15704692578435953,0.0020005415626450796,1.1027175367326807,42.11857565663362,0.054964741231906866,216.99218594570618,False,2022-01-01 00:00:00+00:00,2024-12-31 23:00:00+00:00,,
1.3026618243187618,0.3201802142901835,0.366764332186292,0.9379423945573542,1.5618929953480862,0.8584909636649561,-0.37295699994710774,557,-0.03794333719240575,0.3440038159690396,215,0.0050611298097889505,-0.002186100591238151,0.22325581395348837,1.67416801680225,5.951711739516338,0.0050611298097889505,0.27335756285604335,0.5634023831134174,0.7171434314564744,0.3525241706328387,0.32900610352428195,0.5415923659468279,ADAUSDT,slippage_2,equal,False,0.44564981472840637,-0.06724188028781056,,65.72893486716997,0.0857762600016568,,,2022-01-01 00:00:00+00:00,2024-12-31 23:00:00+00:00,0.008156929408098786,0.9305672867338671
0.9470164340629017,0.24844246152654414,0.2698069999291549,0.9550447311107946,1.6395065007509013,1.0184765517199879,-0.24393537691857337,245,-0.028553500827310542,0.2576777536991499,215,0.0035030001939255376,-0.0013763698692951297,0.19534883720930232,1.500925349004396,6.150020735023508,0.0035030001939255376,0.11241755114359761,0.4005414532498624,0.6170539616407978,0.19115500133905033,0.19288534870542665,0.5652963282569502,ADAUSDT,slippage_2,inverse_vol,False,0.3066616454194876,-0.036992333381482306,,54.05238135909535,0.07053835767361945,,,2022-01-01 00:00:00+00:00,2024-12-31 23:00:00+00:00,0.012629317465641877,0.9395806858366619
0.8005324482941287,0.21634275908288125,0.6645831781952812,0.6227856333646157,0.9634154547756858,0.31758731192525197,-0.6812071860534534,686,-0.07521561500199797,0.41389285555581745,151,0.01097103399329462,-0.004145958495554122,0.13245033112582782,1.4743225812542646,11.568758069073628,0.01097103399329462,0.4283470291000072,0.8299642671188171,0.9664441940767218,0.462306763407349,0.49041300257159254,0.6094893663431704,ADAUSDT,asset_conservative,trend,False,0.734273522426499,-0.13648880641009964,1.5259327414151127,89.33771878373517,0.12507280629722922,1257.5700864307976,False,2022-01-01 00:00:00+00:00,2024-12-31 23:00:00+00:00,,
0.9329319366059203,0.2454275593172175,0.2947312631217788,0.8876980182304146,1.6784617872928567,1.7630639223462925,-0.1392051395337961,152,-0.03261190962346962,0.2616323581837499,64,0.012332799318612267,-0.005855681017267089,0.421875,1.58677024832025,2.4822259599345466,0.012332799318612267,0.13267628657445316,0.5211067115685748,0.7445588441084289,0.18358329899988615,0.32778283122066687,0.49164931941874523,ADAUSDT,asset_conservative,breakout,False,0.15704692578435953,0.002000541562645068,1.1027175367326822,42.11611672618163,0.05896256341665429,215.94941175052543,False,2022-01-01 00:00:00+00:00,2024-12-31 23:00:00+00:00,,
1.2597112186604367,0.3119278965593233,0.3668536735260597,0.9207011711872377,1.5318011802668297,0.831507802821701,-0.375135260908922,558,-0.03797404562046667,0.3377626068697837,215,0.004971772894876467,-0.0022816949557946564,0.2186046511627907,1.6533300039520094,6.051025855453412,0.004971772894876467,0.27214569970787195,0.5633351891172501,0.717068999290435,0.3514440241761278,0.3282232329367441,0.5383649895287049,ADAUSDT,asset_conservative,equal,False,0.4456602241054293,-0.06724413242372726,,65.72691775495841,0.09201768485694173,,,2022-01-01 00:00:00+00:00,2024-12-31 23:00:00+00:00,0.008755154700167292,0.912786384691345
0.9173120036875284,0.24206679968840605,0.269890550076283,0.935857615247303,1.6040843910859885,0.9855859077230958,-0.24560700167439453,245,-0.028602989149959734,0.252579126572173,215,0.003430727695073997,-0.001388076339075703,0.19534883720930232,1.485303632016361,6.083956285459337,0.003430727695073997,0.11202456720611029,0.4010910721947073,0.6174453251193484,0.19101741391365462,0.1940569830752968,0.5718607031612002,ADAUSDT,asset_conservative,inverse_vol,False,0.3066959777635908,-0.03699373435632926,,54.05232041131194,0.07567324857583671,,,2022-01-01 00:00:00+00:00,2024-12-31 23:00:00+00:00,0.013548588057840134,0.9192698784918976
1.1321665265230632,0.28678809386494186,0.6583735832834797,0.7080535009694346,1.0906118281515562,0.4455869265224056,-0.6436187347397886,564,-0.07648148772348251,0.46616372058965944,151,0.011966053442765391,-0.0031268663445591692,0.2251655629139073,1.6516322529768934,6.4519181818131734,0.011966053442765391,0.43596305060209506,0.8144971083371653,0.9657406405623941,0.4543416197365278,0.4724895132579099,0.5958595374686347,ADAUSDT,delay1,trend,False,0.7362613954060171,-0.13894225760703569,1.617148501271248,89.02789521743148,0.0805702451717755,1355.549424653324,False,2022-01-01 00:00:00+00:00,2024-12-31 23:00:00+00:00,,
0.9592318752796167,0.2510455200557393,0.2946889186279406,0.9035162127887569,1.6592330603901393,1.4287583258231438,-0.17570887638474875,366,-0.03364920511268537,0.26625621570953106,64,0.012434899571970668,-0.005793265928529365,0.46875,1.6446913875073574,2.1169738823967674,0.012434899571970668,0.14288379127258288,0.5346883218965723,0.7430834082387058,0.18438951097307807,0.3012680724944809,0.39141095612344773,ADAUSDT,delay1,breakout,False,0.15529844855566247,0.0038933051291766435,1.1108073898390691,42.08332764322979,0.038085411517122955,203.42808518451596,False,2022-01-01 00:00:00+00:00,2024-12-31 23:00:00+00:00,,
1.4771914879095567,0.3526954907157758,0.36053883774656265,1.015729596396544,1.6665205901633358,0.9490348448431545,-0.3716359758888149,556,-0.038586415967873815,0.36620996814959517,215,0.005488422620738294,-0.0014029023814658586,0.3116279069767442,1.7936198120490867,4.0004714628872104,0.005488422620738294,0.27699400587285267,0.5540895368220727,0.7151381104932215,0.3471091121444316,0.3477501927532266,0.5831636525352323,ADAUSDT,delay1,equal,False,0.4457799219808398,-0.06752447623892952,,65.55561143033063,0.059327828344449225,,,2022-01-01 00:00:00+00:00,2024-12-31 23:00:00+00:00,0.005694756098441724,1.0104864336163668
1.2045610061429057,0.30117673779086407,0.26550023237669335,1.122508803132858,1.892815664183772,1.1482775183000453,-0.26228566961472677,238,-0.029397331020510373,0.29802634807665773,215,0.00415867886641872,-0.0007362275639379094,0.2930232558139535,1.669218836757838,3.8696998105426403,0.00415867886641872,0.1429538463394055,0.4201396082163128,0.620862044286215,0.17275572878615214,0.16611762629490287,0.48145442324718,ADAUSDT,delay1,inverse_vol,False,0.3063052042140415,-0.03815335942186759,,54.15887668115281,0.049013783396443286,,,2022-01-01 00:00:00+00:00,2024-12-31 23:00:00+00:00,0.008843504142679,1.1115019607816723
0.6155623819604326,0.17321575177788007,0.6648233364642308,0.5685413896695446,0.8770161971401554,0.2531500897849504,-0.6842413207320048,717,-0.07543870212395945,0.377979583598117,151,0.009987472969103128,-0.004226411304800387,0.11920529801324503,1.3864631339365971,12.545478366388153,0.009987472969103128,0.43116057113970446,0.837906921078128,0.9719536287950921,0.4609296155686679,0.49361605168233796,0.6088988441136253,ADAUSDT,adverse_funding,trend,False,0.7355380336403805,-0.13639899698673694,1.5262900198000167,89.38598358769185,0.08089431514686111,3099.496368523992,False,2022-01-01 00:00:00+00:00,2024-12-31 23:00:00+00:00,,
0.9581600860326032,0.2508175602773779,0.29414374709338653,0.9035508966726956,1.7156180914100416,1.83246408105305,-0.13687447566952704,152,-0.03240559662895311,0.265773846436896,64,0.012520687980753512,-0.005552386154561708,0.4375,1.6073802902330103,2.3606185861244073,0.012520687980753512,0.13227945877942937,0.5203328989734423,0.7438033902490687,0.18251298322256868,0.32566706240564497,0.4904115437128556,ADAUSDT,adverse_funding,breakout,False,0.15713332407899253,0.0020028561942098504,1.103315479392399,42.14052224398101,0.03813717263080282,1053.7792799160839,False,2022-01-01 00:00:00+00:00,2024-12-31 23:00:00+00:00,,
1.1545562575535966,0.29127247394739886,0.36683077948893894,0.8774528556898591,1.4567925395545605,0.7724434043406839,-0.3770793721722737,559,-0.038048942310539936,0.3218767150175065,215,0.004707746254638327,-0.0022859664387524987,0.22325581395348837,1.6204022507496596,5.777042413500642,0.004707746254638327,0.27258396488264625,0.5662988232857712,0.718712942995988,0.3523581406162955,0.33250155641115536,0.5374946311582048,ADAUSDT,adverse_funding,equal,False,0.44633567885968656,-0.06719807039626353,,65.76325291583643,0.059515743888831976,,,2022-01-01 00:00:00+00:00,2024-12-31 23:00:00+00:00,0.005662277963409935,0.8723327387806662
0.8818717724212028,0.2343732356602155,0.2694659699919789,0.9138293657224775,1.5669210292789788,0.9548306735970754,-0.24546052210207647,245,-0.028524249450742927,0.24624591644156224,215,0.0033308643475186707,-0.0013396683440825103,0.2,1.4781506625152296,5.861456778305697,0.0033308643475186707,0.1121722587072133,0.4046220731956349,0.6201995804249613,0.19020659104955837,0.19446438672460417,0.5727569062191223,ADAUSDT,adverse_funding,inverse_vol,False,0.30679738259580297,-0.03696223153817531,,54.05488467967104,0.04891967063510229,,,2022-01-01 00:00:00+00:00,2024-12-31 23:00:00+00:00,0.008760779442377242,0.9030848196506086
2.780151592449919,0.5571391738227349,0.7395572683042433,0.9627564273458032,1.5368126623773266,0.8714520621052632,-0.6393228016200825,369,-0.07969761017606229,0.7120135134502149,152,0.020416156371557245,-0.0035790618403902124,0.125,1.8472586275766127,16.960486382892274,0.020416156371557245,0.3913316221166091,0.7683439398013211,0.9247253812326094,0.24307717778927088,0.6095165381578953,0.8324692766087631,AVAXUSDT,base,trend,False,0.7074096647492764,-0.05902815111269034,1.2636600997556247,85.0495468196972,0.05995993050788654,4160.583391988881,False,2022-01-01 00:00:00+00:00,2024-12-31 23:00:00+00:00,,
0.8995817876645236,0.2382297921214802,0.35350563315263994,0.7771615285862272,1.3593108940820668,0.5110526507888812,-0.4661550854960623,733,-0.041609295945466834,0.27473097822474773,69,0.011621853002710012,-0.011342797666754858,0.4782608695652174,1.5882381492160997,1.7099236141343992,0.011621853002710012,0.15278006009846848,0.48228141616938575,0.6933634796044303,0.35519589330092954,0.45304844935943234,0.9712124061455333,AVAXUSDT,base,breakout,False,0.18063353698645712,0.004637805146016154,1.1128950678599956,44.988592711424765,0.03171695786155446,191.50180194279326,False,2022-01-01 00:00:00+00:00,2024-12-31 23:00:00+00:00,,
2.397349956264749,0.5027447615636533,0.41692529444320103,1.1833588712730283,1.946067865798827,1.4499198737987151,-0.34673968586035586,455,-0.04413862630880171,0.49337224583748135,221,0.007434517040022311,-0.0019175778401863172,0.23529411764705882,1.9818437974783243,6.265629459790573,0.007434517040022311,0.1995175287286931,0.5046343117902068,0.6579506153077418,0.15930327577113237,0.33570291920795675,0.5802653002360292,AVAXUSDT,base,equal,False,0.4440216008678668,-0.027195172983337092,,65.01906976556099,0.045838444184720495,,,2022-01-01 00:00:00+00:00,2024-12-31 23:00:00+00:00,0.005184627630362083,1.1792378515894402
1.827687509952907,0.41364330655298054,0.33010996054222774,1.2118557602751474,2.051682012193919,1.3408001351466112,-0.3085048216434959,463,-0.03583688576155938,0.40004565720730034,221,0.005324618080238599,-0.0007583577326557222,0.22171945701357465,1.8516328861345028,5.224903295617275,0.005324618080238599,0.08850775322385547,0.39795500053027505,0.5885819549279478,0.20874370364396436,0.25956473182895884,0.7157807181057905,AVAXUSDT,base,inverse_vol,False,0.3245496052727269,-0.009526575610479093,,53.797313229730825,0.03792710582696023,,,2022-01-01 00:00:00+00:00,2024-12-31 23:00:00+00:00,0.007219098579535922,1.2046010949488966
2.5904119452602306,0.5306618353274712,0.7398236954661925,0.939474744353261,1.498273331354173,0.8263770138588873,-0.6421546418014084,369,-0.07975818639308872,0.695045677164586,152,0.02004956409733815,-0.0037233077970435053,0.125,1.7991914444351917,16.63248540933976,0.02004956409733815,0.3934113177102568,0.7685025163155259,0.924818815713349,0.24417037300794656,0.6128521087347475,0.857959781975914,AVAXUSDT,stress,trend,False,0.7074536187204576,-0.059036028857489285,1.2637629509328603,85.0474707084671,0.07696796099116272,4016.4885023741426,False,2022-01-01 00:00:00+00:00,2024-12-31 23:00:00+00:00,,
0.8482430090834241,0.22698303970242661,0.35385935956690434,0.7509604420463742,1.3093315762509723,0.48148328098890675,-0.47142455130784955,751,-0.041771517444673674,0.2657343810826094,69,0.011221252784075752,-0.01174216347628125,0.4782608695652174,1.5560524590651434,1.6826916750926415,0.011221252784075752,0.15201502673928205,0.48306098920224283,0.6956320678781505,0.35500075225299116,0.4538123354689344,0.9766435704898944,AVAXUSDT,stress,breakout,False,0.18063353698645712,0.0046378051460161645,1.1128950678599951,44.98301464440214,0.04070962825318394,189.6829614527872,False,2022-01-01 00:00:00+00:00,2024-12-31 23:00:00+00:00,,
2.2667490230698006,0.4832541156075245,0.4171281545373946,1.1516605242251319,1.8910996041044377,1.3825535654355552,-0.3495373544208985,455,-0.04420175324743931,0.4803900291235977,221,0.007251909025310568,-0.001946029344460981,0.23529411764705882,1.9341224964005306,6.152350057920976,0.007251909025310568,0.20035511181417232,0.5047109275205277,0.6570321288709041,0.15844032381227344,0.34107412402491555,0.5785648120674048,AVAXUSDT,stress,equal,False,0.44404357785345744,-0.027199111855736566,,65.01524267643462,0.058838794622173334,,,2022-01-01 00:00:00+00:00,2024-12-31 23:00:00+00:00,0.006661218942585232,1.1463675951958578
1.7384708784631049,0.3986304534015137,0.3303801745823816,1.1787994489892795,1.9910085671692557,1.2649344685284734,-0.31513921338964657,527,-0.03591990612964353,0.3894519677546934,221,0.005177008191655203,-0.0007811125144213193,0.22171945701357465,1.8124009343533158,5.130676761776719,0.005177008191655203,0.087939542083253,0.39786613749746,0.5887166973965599,0.20804843226547845,0.2578002779022345,0.7186664122159173,AVAXUSDT,stress,inverse_vol,False,0.32468072318823854,-0.009548172786563988,,53.79719441484192,0.04868646094543193,,,2022-01-01 00:00:00+00:00,2024-12-31 23:00:00+00:00,0.00926627570648949,1.1694937252977557
2.410169548994595,0.5046308227166805,0.7400934401933802,0.9162068345800778,1.459820534500789,0.7824161826047662,-0.6449647054035849,372,-0.07981959927222661,0.678078668133057,152,0.01968326543481261,-0.00395181122502182,0.125,1.7529327539542672,16.3145493354081,0.01968326543481261,0.3954580140298905,0.7686677129780817,0.924920833832731,0.24519586742114793,0.616114274863368,0.8853200887176526,AVAXUSDT,slippage_1_5,trend,False,0.7074975731416491,-0.05904390786158294,1.2638657980652825,85.04539406860417,0.09397516044580762,3877.8424983373984,False,2022-01-01 00:00:00+00:00,2024-12-31 23:00:00+00:00,,
0.7982918117436664,0.21583845896774467,0.3542181738139271,0.7248075730892859,1.259748627598376,0.4528313386735861,-0.4766420530875123,751,-0.04193371648080911,0.25674001490619136,69,0.010820812628659056,-0.012141369715808675,0.4782608695652174,1.5246331097455275,1.6560022207134608,0.010820812628659056,0.15124734564711573,0.4838627045341096,0.697942177343755,0.3548149219226072,0.4546697041283021,0.9823542297769455,AVAXUSDT,slippage_1_5,breakout,False,0.18063353698645715,0.004637805146016148,1.1128950678599947,44.97743885923046,0.04970006993944967,187.89060076139467,False,2022-01-01 00:00:00+00:00,2024-12-31 23:00:00+00:00,,
2.1411670798255598,0.46401602003062714,0.41733381693782445,1.1199891371114554,1.8363293758310593,1.3169695433477084,-0.3523361814815461,455,-0.04426487591796559,0.46740934151962416,221,0.007069438246897619,-0.0019744719370189756,0.23529411764705882,1.8879961748638936,6.042123980002475,0.007069438246897619,0.20118133635586405,0.504794518690022,0.656112633120674,0.15758097259125448,0.34657146901909547,0.577044199567357,AVAXUSDT,slippage_1_5,equal,False,0.44406555506405304,-0.02720305135778339,,65.01141646391733,0.07183761519262864,,,2022-01-01 00:00:00+00:00,2024-12-31 23:00:00+00:00,0.008140378901620081,1.113523087330406
1.6520543282484437,0.3837744644378731,0.3306541141714271,1.1457835807441743,1.9306782787387484,1.192928158231011,-0.321707943424666,527,-0.036002904461200205,0.3788580549231308,221,0.005029476435718244,-0.0008094286182561544,0.22171945701357465,1.7743667554152471,5.038870841861751,0.005029476435718244,0.08736964677039488,0.39778640113905595,0.5891324324710635,0.207298640137747,0.2560247386921266,0.7219684673394671,AVAXUSDT,slippage_1_5,inverse_vol,False,0.3248128618405914,-0.00957063198366567,,53.79709790381392,0.059445793183714395,,,2022-01-01 00:00:00+00:00,2024-12-31 23:00:00+00:00,0.011313092091808405,1.134430041536805
2.2389503547945315,0.4790386782260334,0.7403664977395628,0.8929530019137624,1.4214550608723702,0.7395389331620071,-0.647753156386011,372,-0.07988372597358022,0.6611124866729213,152,0.019317260033103537,-0.004036224257802531,0.11842105263157894,1.7083653354028507,17.02229874873119,0.019317260033103537,0.3974675064143004,0.7688333476107939,0.9250236694839691,0.24613167980096035,0.6193020701400097,0.9147993590437573,AVAXUSDT,slippage_2,trend,False,0.707541528010055,-0.05905178812502797,1.2639686411484776,85.043316899845,0.11098152855429773,3744.4277621227466,False,2022-01-01 00:00:00+00:00,2024-12-31 23:00:00+00:00,,
0.7496906861700292,0.20479512069005734,0.35458205565892853,0.698703937135367,1.2105608298927377,0.4250553681615402,-0.4818081032027478,751,-0.04209589306733334,0.24774787832644524,69,0.010420532440547222,-0.01254041648095436,0.4782608695652174,1.4939573887870385,1.629839200693161,0.010420532440547222,0.1504770780909615,0.4846869784421228,0.7002943930393385,0.35463880223096933,0.4556259460467716,0.988361555527696,AVAXUSDT,slippage_2,breakout,False,0.18063353698645715,0.004637805146016163,1.1128950678599954,44.97186535451062,0.058688284287636346,186.1241861451823,False,2022-01-01 00:00:00+00:00,2024-12-31 23:00:00+00:00,,
2.0204113049786177,0.44502720519966177,0.4175422758534189,1.0883453216105334,1.7817576550153373,1.252367004424045,-0.3553488742737412,455,-0.044327994323899854,0.4544301824996833,221,0.006887104515085022,-0.002051340769698989,0.23076923076923078,1.8433774323480376,6.086969165944976,0.006887104515085022,0.20199479870539133,0.5048823742377272,0.6551886825292287,0.1567254706937032,0.35219989319480277,0.575125659921853,AVAXUSDT,slippage_2,equal,False,0.4440875324982561,-0.027206991489505897,,65.0075911271778,0.08483490642096703,,,2022-01-01 00:00:00+00:00,2024-12-31 23:00:00+00:00,0.00962224575436765,1.0807048571273485
1.5683502035981611,0.36907368504119553,0.33093176007341907,1.112809130686855,1.8706916662541602,1.124498826294044,-0.32821171210781397,527,-0.036085879662039154,0.3682638842439724,221,0.004882022282615681,-0.000826631496214437,0.2171945701357466,1.7374731178441751,5.0883258374034845,0.004882022282615681,0.0867978715601564,0.39771487272366574,0.5895610962546705,0.2065171180687024,0.2542382175877519,0.7257304880072594,AVAXUSDT,slippage_2,inverse_vol,False,0.324946001882121,-0.009593942532473459,,53.79702340090409,0.07020511553817983,,,2022-01-01 00:00:00+00:00,2024-12-31 23:00:00+00:00,0.013359628587528687,1.0994110079199066
2.1606511297061446,0.4670340262922601,0.7404973592148377,0.8819124502646983,1.40326227552371,0.7195432247203943,-0.6490701465137745,372,-0.07991418664081955,0.6530538404796961,152,0.019143510098931976,-0.0040634263782668,0.11842105263157894,1.687762550322128,16.869886824137783,0.019143510098931976,0.3984095171185094,0.7689137981381706,0.9250746556218694,0.2465629284337554,0.6207899557462473,0.9296276195433307,AVAXUSDT,asset_conservative,trend,False,0.7075624067284048,-0.05905553169134723,1.2640174901932282,85.04233005932933,0.11905926208306107,3682.827726803705,False,2022-01-01 00:00:00+00:00,2024-12-31 23:00:00+00:00,,
0.7270675133839555,0.1995847350806872,0.3547566688978669,0.6863222469296512,1.187334662012765,0.4121572884900891,-0.48424409965392734,751,-0.04217291908544033,0.2434773941112623,69,0.010230455362040269,-0.01272990785614415,0.4782608695652174,1.4796405762029015,1.6175917022880244,0.010230455362040269,0.15011031306742145,0.48508653286573195,0.7014266164518911,0.3545586666235383,0.4561164528340387,0.99132427526752,AVAXUSDT,asset_conservative,breakout,False,0.18063353698645712,0.004637805146016169,1.112895067859995,44.96921873823538,0.06295690623352955,185.29407737767835,False,2022-01-01 00:00:00+00:00,2024-12-31 23:00:00+00:00,,
1.9646891190821911,0.4360939100014518,0.4176422718080394,1.0733243437137396,1.7559059388086546,1.2223218290938762,-0.35677503225540375,455,-0.04435797407379504,0.44826561729547915,221,0.0068005439468911116,-0.0020919974738337166,0.23076923076923078,1.822692932446968,6.035698238713603,0.0068005439468911116,0.20237692869319812,0.5049263529458783,0.6547492493963796,0.15632052987583148,0.35492081198115366,0.5726540680755057,AVAXUSDT,asset_conservative,equal,False,0.44409797185743083,-0.027208863272665532,,65.00577439878235,0.09100808415829528,,,2022-01-01 00:00:00+00:00,2024-12-31 23:00:00+00:00,0.01032713319620467,1.0651255457479494
1.5295163005091958,0.3621447132609579,0.3310649346674635,1.0971610551767508,1.842318614868627,1.0931731836982348,-0.33127844577728516,527,-0.03612528446603214,0.3632315530517763,221,0.0048120085950064916,-0.0008374441589378723,0.2171945701357466,1.7203346716953751,5.045436453489609,0.0048120085950064916,0.08652570220067389,0.3976841375568438,0.5897697850143349,0.20614704514387885,0.25338580437115227,0.7276926875342954,AVAXUSDT,asset_conservative,inverse_vol,False,0.32500958860739687,-0.00960531017325641,,53.79699563685564,0.07531579389159788,,,2022-01-01 00:00:00+00:00,2024-12-31 23:00:00+00:00,0.014331643997413506,1.0827928994975908
2.7637539038192327,0.5548864265344016,0.7415912416912425,0.9604622784298918,1.5250501919161377,0.8676835192153931,-0.6395032454185141,657,-0.08094739667750993,0.7122704136584234,152,0.020264708662151694,-0.002346460313204619,0.3223684210526316,1.8382145843865438,5.0597136777682685,0.020264708662151694,0.37078656222941464,0.7784949717902677,0.9264892291761974,0.2376189153751553,0.6192874001804495,0.8351769779239318,AVAXUSDT,delay1,trend,False,0.7092206389292417,-0.06113374677862427,1.3393041634498346,85.42771013663219,0.07731207767365211,4053.156015625173,False,2022-01-01 00:00:00+00:00,2024-12-31 23:00:00+00:00,,
0.6553701443227613,0.1827650024514984,0.3550297168038197,0.6465080700130114,1.0981461524272196,0.4045730382754087,-0.4517478555431643,675,-0.04331815863900657,0.22952957700810345,69,0.009750755916414834,-0.012488562741952973,0.4492753623188406,1.4284222664569861,1.7571050714633647,0.009750755916414834,0.14505995693740245,0.4649531576905198,0.6798752303538076,0.36736870627076107,0.43711428393064733,0.9977720412728707,AVAXUSDT,delay1,breakout,False,0.17870419099165558,-0.0024872268656378565,1.1482620304596372,45.026415955736276,0.04074890643994132,154.9740567059577,False,2022-01-01 00:00:00+00:00,2024-12-31 23:00:00+00:00,,
2.163489453309577,0.46747263558550456,0.4198249089428706,1.1216580657850939,1.8131155723093508,1.3142222462355186,-0.35570287820385127,455,-0.04571396904465487,0.4708999953332634,221,0.007072479550617864,-0.0012920966420734501,0.3665158371040724,1.8892230411817517,3.1836629223530584,0.007072479550617864,0.19407551440904108,0.49394597147351704,0.6591355112487263,0.15311122943028224,0.3348119067889341,0.5737173525824955,AVAXUSDT,delay1,equal,False,0.4439624149604486,-0.03181048682213105,,65.22706304618423,0.05903049205679673,,,2022-01-01 00:00:00+00:00,2024-12-31 23:00:00+00:00,0.006635970145651792,1.116419901709243
1.630266033834511,0.37997797551191015,0.33246317095954786,1.1333189654790259,1.8648578304886478,1.1585231296813197,-0.3279847987294241,463,-0.03738950096232498,0.3767868169717513,221,0.004996545167476958,-0.0002604841312193809,0.3257918552036199,1.763139462297049,2.82228918675926,0.004996545167476958,0.08497205772773331,0.3856433765903593,0.587247079193666,0.21922580685453424,0.21592094103032142,0.7582213943039909,AVAXUSDT,delay1,inverse_vol,False,0.32435845048007117,-0.014882687748430514,,54.166498040083155,0.049020680726275245,,,2022-01-01 00:00:00+00:00,2024-12-31 23:00:00+00:00,0.009232048119684698,1.1241072321924315
1.8429624798436475,0.4161818837415763,0.741076067544468,0.8342120420749644,1.3236876238550122,0.6426979820006427,-0.6475543651872866,658,-0.08018192341818005,0.6182145796391548,152,0.018036092120174253,-0.0037946815854720253,0.125,1.6241257410579322,15.396236993796462,0.018036092120174253,0.40724613718096486,0.7749949007858958,0.9281385532735288,0.24876342210108784,0.6278442113762309,0.9926013226571249,AVAXUSDT,adverse_funding,trend,False,0.7087273776363344,-0.05906160964580763,1.2646643871483172,85.08412967556431,0.07700113735638571,7041.8158035226015,False,2022-01-01 00:00:00+00:00,2024-12-31 23:00:00+00:00,,
0.743133947373964,0.2032896731003735,0.35370382092638697,0.6960513390768599,1.2052501144122754,0.4231462513793404,-0.48042413807922213,751,-0.042020860264894336,0.24619601819241352,69,0.0103440173817174,-0.01184129786650702,0.4782608695652174,1.4927598192064038,1.628355742270208,0.0103440173817174,0.1498139391197008,0.48522552105295896,0.7007721582641036,0.35364939609525076,0.4559655785897776,0.9867157798798967,AVAXUSDT,adverse_funding,breakout,False,0.1807322086413275,0.004649948145197899,1.1131340772411449,44.99616703502196,0.04072153116669488,798.3960700536958,False,2022-01-01 00:00:00+00:00,2024-12-31 23:00:00+00:00,,
1.8249973596413196,0.4131952785884916,0.4176983471020157,1.0347306900168924,1.6893293582898339,1.1624637140424312,-0.35544789363929297,456,-0.0444318653203288,0.43220529891578413,221,0.006527128815949793,-0.001953109777053768,0.23529411764705882,1.7868651044696193,5.7964190852329915,0.006527128815949793,0.20421974922679023,0.5069522372436629,0.6545850581918651,0.15496571069025367,0.360146901067829,0.5667860032895695,AVAXUSDT,adverse_funding,equal,False,0.44472979313883104,-0.027205830750304874,,65.04014835529314,0.058861334261540284,,,2022-01-01 00:00:00+00:00,2024-12-31 23:00:00+00:00,0.006680818514278641,1.029426426022931
1.4641416136754954,0.35031813790207167,0.3304554511406358,1.0721712072380354,1.7988352297666181,1.0404145154688813,-0.336710159934855,527,-0.03610940034594845,0.3543048199878451,221,0.004679423135953279,-0.0007936733937881156,0.22171945701357465,1.704389835073892,4.866364699381849,0.004679423135953279,0.08665544505489704,0.39842018584351363,0.5921067992413134,0.2059615255308868,0.25318391552294894,0.7321219151771076,AVAXUSDT,adverse_funding,inverse_vol,False,0.32493273673972306,-0.009643201151722503,,53.791715000618346,0.04868150207555961,,,2022-01-01 00:00:00+00:00,2024-12-31 23:00:00+00:00,0.009264433364607085,1.0628646036608866
1.030436039414044,0.2660073354536667,0.7581231731403651,0.6786360358403125,1.0923223458278157,0.5383759049704546,-0.49409220025971423,372,-0.08350111303216647,0.5144897048986563,133,0.008744255147151998,-0.0033795021745653257,0.13533834586466165,1.3149463530186594,10.2316891365208,0.008744255147151998,0.166265243855938,0.5742963036134915,0.8687691579454175,0.15400118774335353,0.511633493334916,0.6200484727321044,AXSUSDT,base,trend,False,0.7111862345970443,-0.1733210575123333,1.5104193227234837,88.51413277065822,0.06240246360331404,6801.204537937756,False,2022-01-01 00:00:00+00:00,2024-12-31 23:00:00+00:00,,
0.6282932597567998,0.17628659048044248,0.3768643230776554,0.6126544772628242,1.1159213962254653,0.6812553985715928,-0.2587672565238639,401,-0.042000087229287254,0.23088761485414905,71,0.009232745889833596,-0.013098854737708929,0.36619718309859156,1.2863578544815937,2.497194433996641,0.009232745889833596,0.14828248773548153,0.44797045869493735,0.6810037987710211,0.24446671809071213,0.3857740293650054,1.0,AXSUSDT,base,breakout,False,0.1886512520996012,-0.028397190170483047,1.1435901579301568,46.27281065131353,0.03262233150917604,1367.432610509914,False,2022-01-01 00:00:00+00:00,2024-12-31 23:00:00+00:00,,
1.3026650393650367,0.3201808281545089,0.4407993546826942,0.8454836784973961,1.4446313348379964,0.9784675837504606,-0.3272268120802302,316,-0.04490405928765444,0.3726886598764027,204,0.005056146995074938,-0.0020840651588947988,0.21568627450980393,1.4235960462010897,5.88441314187608,0.005056146995074938,0.09975505185724624,0.3624619539336694,0.5697655790478723,0.16080308749994351,0.3424352814911985,0.5649363138986728,AXSUSDT,base,equal,False,0.4499187433483228,-0.10085912384140816,,67.39347171098588,0.04751239755624504,,,2022-01-01 00:00:00+00:00,2024-12-31 23:00:00+00:00,0.004813575157824641,0.8418377748950614
1.4118142239551403,0.3407001750516463,0.3417410196062593,1.024571479824688,1.8656612974980133,1.1710596287674526,-0.29093324257982944,280,-0.034250945463389644,0.35013810217478286,204,0.004989050031421895,-0.0007838012515974006,0.2107843137254902,1.5472666471276624,5.675535420526072,0.004989050031421895,0.10374365200586408,0.3495187088412462,0.540681407019144,0.2288078363389705,0.2732276767578228,0.5680364459244759,AXSUSDT,base,inverse_vol,False,0.3140880089062669,-0.07538555011459823,,52.49964160529073,0.03701224733172997,,,2022-01-01 00:00:00+00:00,2024-12-31 23:00:00+00:00,0.006809568319764131,1.0178829426048037
0.9244544601362372,0.24360581635452783,0.7583389822636314,0.6551062377622422,1.0535033483211829,0.48298524999112113,-0.504375271002595,372,-0.08355093121734451,0.49679259761917527,133,0.008311855013006731,-0.0034749687514322677,0.13533834586466165,1.2856906380172282,9.980055523150007,0.008311855013006731,0.16578765324323944,0.5745919572562627,0.8696390646264769,0.15095831567161225,0.512884676096273,0.6141028467236975,AXSUSDT,stress,trend,False,0.7112286626112596,-0.17333426709696362,1.5105580142710382,88.51196253227118,0.08010332609170544,6658.075900668107,False,2022-01-01 00:00:00+00:00,2024-12-31 23:00:00+00:00,,
0.583038074851844,0.16529651497956954,0.3770946500435479,0.5876387965279509,1.066784541269962,0.6255818840314784,-0.2642284234868477,401,-0.04215665581537062,0.2215954463287193,71,0.008833399240097748,-0.013492865026950813,0.36619718309859156,1.266471847683908,2.455391850712055,0.008833399240097748,0.1477063752857349,0.45008303117708903,0.6826501183475079,0.24323068876613385,0.39090887677515135,1.0,AXSUSDT,stress,breakout,False,0.1886512520996012,-0.02839719017048305,1.1435901579301573,46.26710113958776,0.04187172653132694,1351.3565947309116,False,2022-01-01 00:00:00+00:00,2024-12-31 23:00:00+00:00,,
1.2107683443594182,0.3023957120562777,0.44097271722800874,0.8145493087007077,1.3896137285378196,0.9045534628465756,-0.33430385762346926,316,-0.04495888364213097,0.3591940219739472,204,0.0048501004499761965,-0.0021380110260118554,0.21568627450980393,1.3962423932205261,5.760528427021788,0.0048501004499761965,0.09937082842980399,0.3620638868118464,0.5687691957210834,0.16007979842214345,0.3441717085521636,0.5730936105097828,AXSUSDT,stress,equal,False,0.4499399573554304,-0.10086572863372333,,67.38953183592949,0.06098752631151618,,,2022-01-01 00:00:00+00:00,2024-12-31 23:00:00+00:00,0.006184745035496701,0.8098671012914038
1.3366439529164191,0.3266369161630194,0.3418407080357739,0.9935200159869313,1.8041642662915858,1.096210667391748,-0.2979691092955681,287,-0.03433902729079731,0.339625585712686,204,0.004829108401458443,-0.0008229499206825143,0.20588235294117646,1.5199627740106807,5.7350686190042515,0.004829108401458443,0.1035620348885634,0.3503932690549059,0.5429137603065122,0.22847277856331252,0.27799652558538124,0.5867281715415846,AXSUSDT,stress,inverse_vol,False,0.3141671089840213,-0.07541177460994405,,52.49834785837764,0.04751100481183176,,,2022-01-01 00:00:00+00:00,2024-12-31 23:00:00+00:00,0.008740993937318047,0.9849384767589804
0.823990413165633,0.22159748715700944,0.7585581196986777,0.6315882044794997,1.014768185131905,0.4307457501201294,-0.5144507800604157,372,-0.08360075051658895,0.4790963608138333,133,0.00787993809521283,-0.0036516841984796894,0.13533834586466165,1.2575126189787205,9.737014134725184,0.00787993809521283,0.16527722991369984,0.5774244351479093,0.8705184870804036,0.1479093304516397,0.514152704746485,0.6079726157668542,AXSUSDT,slippage_1_5,trend,False,0.7112710891595929,-0.17334747737205905,1.5106966973297102,88.50979151202762,0.09780331962079053,6519.475995872611,False,2022-01-01 00:00:00+00:00,2024-12-31 23:00:00+00:00,,
0.5390407351966342,0.15440913678303292,0.3773301379795384,0.5626520513693809,1.018023819204872,0.5726292821167666,-0.2696493902865884,401,-0.0423151449968632,0.21230557617767884,71,0.008434212152705432,-0.013886717886037252,0.36619718309859156,1.2470741368090872,2.4145803732561615,0.008434212152705432,0.14712561841983574,0.4522135091561371,0.6845164214838283,0.24199747245448852,0.39614127327538523,1.0,AXSUSDT,slippage_1_5,breakout,False,0.1886512520996012,-0.02839719017048304,1.143590157930157,46.26139390914588,0.0511188402696062,1335.54649709082,False,2022-01-01 00:00:00+00:00,2024-12-31 23:00:00+00:00,,
1.1225379276559897,0.28484994778465134,0.44114885703550916,0.783637910384362,1.3347969982574301,0.8345869159947309,-0.3413065102334407,318,-0.04501713573974848,0.34570096849575604,204,0.00464425420185166,-0.0022510366109429326,0.21568627450980393,1.3697883501466257,5.6404007927997055,0.00464425420185166,0.09897521329800335,0.36166649568280934,0.5682396603903979,0.1593453852919371,0.3459471510232825,0.5815542148186007,AXSUSDT,slippage_1_5,equal,False,0.449961170629597,-0.10087233377127107,,67.38559271058675,0.07446107994519836,,,2022-01-01 00:00:00+00:00,2024-12-31 23:00:00+00:00,0.007558460288767285,0.7779185087598163
1.2638109495391276,0.3127200915777193,0.341944674391772,0.962477388001894,1.743008424185123,1.025520592822244,-0.3049378957053511,291,-0.034427116705053294,0.32911401704975085,204,0.004669301113220883,-0.000843476507609256,0.20098039215686275,1.4934128417007022,5.799098950847108,0.004669301113220883,0.1033703198262082,0.35123794304185474,0.5451254856984938,0.22813477372911445,0.2828846650424331,0.6066673632141041,AXSUSDT,slippage_1_5,inverse_vol,False,0.314247388459064,-0.07543883029556221,,52.49716819551,0.058009370856038564,,,2022-01-01 00:00:00+00:00,2024-12-31 23:00:00+00:00,0.010672168402711487,0.9520050750606981
0.7287573968895733,0.19997550311849532,0.7587805813529235,0.6080822391668362,0.9761176931964863,0.38139762319172804,-0.5243228876074246,372,-0.08365057092661445,0.46140099494539943,133,0.007448503561480599,-0.0038162808399369546,0.13533834586466165,1.2303508007981374,9.502135837142344,0.007448503561480599,0.16473434907245743,0.5808739797699543,0.8714073837399143,0.14488431119601294,0.5154403123045428,0.6016402813888937,AXSUSDT,slippage_2,trend,False,0.711313514237111,-0.17336068833671942,1.5108353718868401,88.50761970959744,0.11550244372102465,6385.241425608308,False,2022-01-01 00:00:00+00:00,2024-12-31 23:00:00+00:00,,
0.49626627437291293,0.143623495215347,0.3775707726791964,0.5376952288526157,0.9696380574382657,0.5222094267868578,-0.27503045301012463,401,-0.04247361028085945,0.20301800302379946,71,0.008035184532043967,-0.014280413409303378,0.36619718309859156,1.2281463183863714,2.374725167088294,0.008035184532043967,0.14654030148803787,0.4543621144899654,0.6866589025475199,0.24076731193251408,0.40147453738856836,1.0,AXSUSDT,slippage_2,breakout,False,0.1886512520996012,-0.028397190170483057,1.1435901579301575,46.25568895862088,0.06036367409100025,1319.9970416614713,False,2022-01-01 00:00:00+00:00,2024-12-31 23:00:00+00:00,,
1.0378275677915294,0.2675403171705002,0.4413277692003266,0.7527500469470879,1.280182137590807,0.7682739916069913,-0.3482355515001734,319,-0.04507653615660025,0.33220949898459945,204,0.0044386078712521015,-0.0023504261989877096,0.21568627450980393,1.3441889827151043,5.5238633177829515,0.0044386078712521015,0.09856834486367823,0.3612696208726469,0.5677102261238891,0.15860006173789523,0.3477639077448654,0.5903447877707954,AXSUSDT,slippage_2,equal,False,0.44998238316835615,-0.10087893925360122,,67.38165433410914,0.08793305890601244,,,2022-01-01 00:00:00+00:00,2024-12-31 23:00:00+00:00,0.008934739836128172,0.7459925690310439
1.1932422707915937,0.29894810010609896,0.3420529134962391,0.9314445684361502,1.6821943916475468,0.9586580009261487,-0.31184019725208423,292,-0.03451521348475826,0.31860332839383226,204,0.004509626749598503,-0.0008582064986571173,0.20098039215686275,1.4675597338698902,5.683757561647664,0.004509626749598503,0.10316420886684384,0.3520376296938741,0.5472930466266824,0.22779407151974204,0.28789691019791447,0.6280020358498498,AXSUSDT,slippage_2,inverse_vol,False,0.3143288307554696,-0.0754667049902457,,52.496101338868904,0.0685074122472239,,,2022-01-01 00:00:00+00:00,2024-12-31 23:00:00+00:00,0.012603132353393307,0.9190837560999262
0.6852751542915134,0.18983845377628294,0.7588874139617118,0.5969212205364423,0.9577886034410715,0.3589021670717278,-0.5289420660933014,372,-0.0836742360095468,0.45299600139176927,133,0.007243740902988889,-0.003892869484077208,0.13533834586466165,1.2177882845991335,9.393311372404789,0.007243740902988889,0.1644652259911678,0.582502782950358,0.8718329156616909,0.1434560285823752,0.5160596150783481,0.598555913801229,AXSUSDT,asset_conservative,trend,False,0.7113336656322614,-0.17336696378623614,1.5109012393196215,88.50658782933799,0.12390922296107318,6322.963599049415,False,2022-01-01 00:00:00+00:00,2024-12-31 23:00:00+00:00,,
0.4763669344827617,0.1385356797037114,0.37768687298892833,0.5258515035829525,0.9467858190166359,0.4990971648728913,-0.27757256392949714,401,-0.04254887292330401,0.19860721004477158,71,0.007845702247805312,-0.014467363693394786,0.36619718309859156,1.2193151253246841,2.3561192780887827,0.007845702247805312,0.14626070307343186,0.45538911675005445,0.6876804349176369,0.24018412771071454,0.4040441750067323,1.0,AXSUSDT,asset_conservative,breakout,False,0.18865125209960115,-0.028397190170483033,1.1435901579301566,46.252979905410086,0.06475417186757412,1312.700860840432,False,2022-01-01 00:00:00+00:00,2024-12-31 23:00:00+00:00,,
0.9987824775554686,0.25940004399466976,0.4414137222416865,0.7380867184275817,1.254311134411799,0.7379775169445489,-0.3515012829505494,319,-0.04510474983548649,0.32580160571827044,204,0.00434099578842402,-0.0023901372587209506,0.21568627450980393,1.332316435570502,5.4697199172599555,0.00434099578842402,0.09837118161388764,0.3610812399644861,0.5674588050513456,0.1582422743613244,0.34864204020487377,0.5946444391693932,AXSUSDT,asset_conservative,equal,False,0.4499924588659312,-0.10088207697835959,,67.37978386737403,0.09433169741432365,,,2022-01-01 00:00:00+00:00,2024-12-31 23:00:00+00:00,0.009589379042176422,0.7308358457815615
1.1604948694658774,0.2924566834442466,0.3421058222953583,0.9167076962769685,1.6534276183727348,0.9281520202244473,-0.3150956708293585,292,-0.03455706197069399,0.31361104023931585,204,0.004433827588040947,-0.0008652124838323392,0.20098039215686275,1.4555409306285692,5.63013487925563,0.004433827588040947,0.10306491594526958,0.352414029680197,0.5483262634688248,0.2276313671684135,0.2903226629387824,0.638673763840015,AXSUSDT,asset_conservative,inverse_vol,False,0.3143679184102085,-0.07548022882385577,,52.49563372598673,0.0734938872163814,,,2022-01-01 00:00:00+00:00,2024-12-31 23:00:00+00:00,0.013520230929870277,0.9034507076473086
0.5874731102750079,0.16638273842855944,0.7583907483032232,0.5716575707200091,0.9053136174525956,0.2596010264789807,-0.6409171053182683,372,-0.08486409096237481,0.43353981283155046,133,0.00665908996683176,-0.0026110497566542296,0.2556390977443609,1.1748039997392077,4.1091290078558185,0.00665908996683176,0.1673307444779163,0.5395606828549141,0.8271079670094497,0.15389714593116607,0.5226327475287544,0.7321822444297399,AXSUSDT,delay1,trend,False,0.7150895315092359,-0.17747540842187404,1.5391820465397323,88.36695874224351,0.0799720976617304,6401.117497463021,False,2022-01-01 00:00:00+00:00,2024-12-31 23:00:00+00:00,,
0.3386124183832222,0.10199535235025459,0.3720005893654901,0.44129510834730645,0.7677690750016029,0.3542009098383013,-0.2879590354435204,401,-0.043300052798502464,0.1641620403893058,71,0.006658477350873072,-0.01487525875182762,0.36619718309859156,1.1650922512516622,2.2332857467940195,0.006658477350873072,0.14467694311393434,0.4816123854808709,0.6933805444854256,0.23414999634479086,0.39932443811231216,0.9627264067138186,AXSUSDT,delay1,breakout,False,0.18401114896038898,-0.023153296793437087,1.1212026041295067,46.31739523646996,0.04191724268900532,1080.4740020379782,False,2022-01-01 00:00:00+00:00,2024-12-31 23:00:00+00:00,,
0.8541259698169905,0.22828230344799016,0.43630647450631055,0.6849564333157877,1.1402128220603722,0.5709722745937327,-0.39981328972658303,262,-0.04518074423750161,0.2988509266104281,204,0.003970207223744169,-0.0018297848871153817,0.30392156862745096,1.2829706800844756,3.2883040900767715,0.003970207223744169,0.09631272523958742,0.35401487892618716,0.5504869385076364,0.15903607779917278,0.35082818784946973,0.5611411200601016,AXSUSDT,delay1,equal,False,0.44955034023481244,-0.10031435260765555,,67.34217698935674,0.06094467017536785,,,2022-01-01 00:00:00+00:00,2024-12-31 23:00:00+00:00,0.0062565106735009025,0.6801792946181128
0.9617437320051294,0.2515794433376346,0.32774069748741524,0.8454904439818337,1.4576310247948376,0.7221723804183158,-0.34836480895587296,262,-0.03462426883710369,0.27710162782955056,204,0.003912705293038391,-0.00046026161965848956,0.27450980392156865,1.3806381040171885,3.457282036149604,0.003912705293038391,0.10901543745498937,0.3415955780912035,0.5348426032912091,0.22806514678206455,0.2769201582370659,0.5927241298654635,AXSUSDT,delay1,inverse_vol,False,0.31030286179167843,-0.07598979118285583,,52.3231252461035,0.047352428347723664,,,2022-01-01 00:00:00+00:00,2024-12-31 23:00:00+00:00,0.00866142105324181,0.8366636335362767
0.5155226505752071,0.148504130973514,0.7593312200461023,0.5505371462267886,0.8806227894956286,0.2760006289828745,-0.5380572193649911,372,-0.0839935027606919,0.41804004292508684,133,0.006226918721733661,-0.0036821176127253244,0.13533834586466165,1.1759575390164134,8.98533437962662,0.006226918721733661,0.16201434879865872,0.5904476866142087,0.8750205351920148,0.1415030345880849,0.5135872053917581,0.5925644109066355,AXSUSDT,adverse_funding,trend,False,0.712231951842779,-0.1734625283112686,1.5116216838147047,88.54471158176463,0.08013296398149698,9583.710820762062,False,2022-01-01 00:00:00+00:00,2024-12-31 23:00:00+00:00,,
0.4891506772646679,0.14180940921090346,0.37701135468778546,0.5337307930931923,0.9627765649107103,0.5141920866709309,-0.27579072663103366,401,-0.04239327705464896,0.20122256934265056,71,0.007957003989800232,-0.01434039451694693,0.36619718309859156,1.2256869203654435,2.369237978487452,0.007957003989800232,0.14677952425893484,0.4555007909911454,0.6884634124698986,0.24038807685763566,0.40146203474389097,1.0,AXSUSDT,adverse_funding,breakout,False,0.18875056455944855,-0.028424137222534947,1.1440953148854143,46.28144528063282,0.0418847079789727,2181.3094973998423,False,2022-01-01 00:00:00+00:00,2024-12-31 23:00:00+00:00,,
0.9041129138994015,0.23921264061128134,0.44138543781198153,0.7014986893739874,1.1892944537500452,0.6751059631007519,-0.3543334730929959,319,-0.04519239430229533,0.3096313061338687,204,0.004063230572971023,-0.0022740367703100433,0.21568627450980393,1.3116147202319792,5.362522337249519,0.004063230572971023,0.09589454153538293,0.3601342962884716,0.5631386998744695,0.15838677064396198,0.34554118753165264,0.6056664618536667,AXSUSDT,adverse_funding,equal,False,0.45049125820111374,-0.10094333276690179,,67.41307843119873,0.06100883598023485,,,2022-01-01 00:00:00+00:00,2024-12-31 23:00:00+00:00,0.006201134207603525,0.6968098798912485
1.105734687313344,0.281453519783345,0.34187042204212487,0.8920740704659151,1.6079967115605247,0.8884414756233288,-0.3167946651588702,296,-0.03454537508766235,0.30497373896301866,204,0.004289694301860219,-0.0008278347284434638,0.20098039215686275,1.4447989675475934,5.57016226592144,0.004289694301860219,0.1042449794380407,0.3521285353896781,0.5511137729476169,0.22837975386773146,0.2926309053382149,0.6486000141994407,AXSUSDT,adverse_funding,inverse_vol,False,0.3143986470493596,-0.07549388860816941,,52.50751329643273,0.04751929953327161,,,2022-01-01 00:00:00+00:00,2024-12-31 23:00:00+00:00,0.008740527885850813,0.8834994113702253
-0.05320045603085388,-0.018041273135678604,0.6611695281045574,0.29921734224441887,0.45387804604448734,-0.028009271606479348,-0.6441178974288335,871,-0.07746772850365694,0.1978333889724423,138,0.002724730897383378,-0.0042360117885377226,0.11594202898550725,0.9740384271829617,8.824178873388389,0.002724730897383378,0.18333396133756838,0.6697898185998632,0.9011026191943551,0.21976200964485662,0.40027372321551863,1.0,MATICUSDT,base,trend,False,0.6320801297884602,-0.14363810231600646,1.359049378371448,79.69544202763439,0.05618528662948225,986.2138869117124,False,2022-01-01 00:00:00+00:00,2024-09-04 08:00:00+00:00,,
0.5658726106211103,0.16107313585310212,0.32687676948189526,0.6157371704184609,1.1037575626827036,0.362040808350497,-0.4449032599031346,928,-0.03757356919858755,0.20127017711630968,58,0.011003339021094868,-0.01768941751444255,0.39655172413793105,1.372567284338473,2.261503277725192,0.011003339021094868,0.15859249760158622,0.6093412667310687,0.8365479983201737,0.24495258711599807,0.32590151919999805,0.9305772370552388,MATICUSDT,base,breakout,False,0.15471953182833767,-0.016750088881385142,1.1795312629849222,37.54984806527151,0.026472642886016414,237.44667378550835,False,2022-01-01 00:00:00+00:00,2024-09-04 08:00:00+00:00,,
0.45494570095337306,0.13300736839103755,0.3893943755409187,0.5124670400469267,0.832255798694571,0.30766268189755464,-0.4323155722712132,739,-0.04212877611980313,0.199551783044376,196,0.0028241086044766693,-0.0023218934803576974,0.20918367346938777,1.231621212851302,4.925516387845995,0.0028241086044766693,0.09462524076637734,0.3799738697727923,0.6403240185980239,0.16891095119203398,0.26647513419340435,0.5084958946679259,MATICUSDT,base,equal,False,0.39339983080839896,-0.08019409559869582,,58.62264504645296,0.04132896475774933,,,2022-01-01 00:00:00+00:00,2024-09-04 08:00:00+00:00,0.004028198470005477,0.5090181122551346
0.9182272347776366,0.24226422194628383,0.29549050003431937,0.8789669015766083,1.553768399461534,0.9673657003913749,-0.25043705999527277,419,-0.030827982548437556,0.25972636926048837,196,0.0040347437305158565,-0.0006225496593035715,0.17346938775510204,1.6220646057453858,6.056845763537073,0.0040347437305158565,0.12755774941247605,0.4471582599059693,0.6642921772256966,0.1930084832005486,0.24345107446896602,0.6296283098653273,MATICUSDT,base,inverse_vol,False,0.2639070760693816,-0.04813591749747241,,43.09263291903301,0.030380306207918276,,,2022-01-01 00:00:00+00:00,2024-09-04 08:00:00+00:00,0.005910221389639283,0.8723924102650811
-0.09787954417573042,-0.03372268786768784,0.6613676871192328,0.27499728541038954,0.41676942752898866,-0.05204278427771109,-0.647980086686688,871,-0.07752538916090236,0.18187431861593686,138,0.0023567710740901417,-0.00429262572837429,0.11594202898550725,0.9518428000370509,8.649540008305095,0.0023567710740901417,0.1866245184557189,0.6740199481060405,0.9028598334073797,0.2235196766972414,0.4111498091393232,1.0,MATICUSDT,stress,trend,False,0.632117464394477,-0.14364782733134734,1.3591789936730483,79.69365092735065,0.07212275408925233,963.876907013723,False,2022-01-01 00:00:00+00:00,2024-09-04 08:00:00+00:00,,
0.5303378906253289,0.15223105610121324,0.3272403017670811,0.5920638797017613,1.0578654206439333,0.34001411777825624,-0.4477198096829976,928,-0.03773071735688564,0.19374716265899317,58,0.010604950160156243,-0.018088898571322846,0.39655172413793105,1.3488077650189967,2.2273603361031316,0.010604950160156243,0.1573238599642254,0.6113723816743936,0.8390036873022363,0.24903195518829785,0.32823082477834586,0.9480844490956872,MATICUSDT,stress,breakout,False,0.15471953182833767,-0.016750088881385145,1.1795312629849215,37.54540205683806,0.033978588861438445,235.89448453201763,False,2022-01-01 00:00:00+00:00,2024-09-04 08:00:00+00:00,,
0.4041997994308415,0.11969085309593308,0.38960700902351014,0.48205175032190417,0.7815713103715535,0.27415647956821887,-0.43657860388504943,741,-0.042199410419132506,0.18781074063746497,196,0.0026408768135021666,-0.0024302231317001603,0.20918367346938777,1.2065397722943512,4.838913190629322,0.0026408768135021666,0.09585738213603728,0.3817932525051944,0.6424527202285448,0.16809851196335793,0.2665372804036446,0.5133400863960099,MATICUSDT,stress,equal,False,0.39341849811140733,-0.08019895810636625,,58.61952649209436,0.05305067147534539,,,2022-01-01 00:00:00+00:00,2024-09-04 08:00:00+00:00,0.005172902381137767,0.47762542382690476
0.8692598110673211,0.23161205654507366,0.2957809720369659,0.849270470109336,1.4972023067203297,0.9078588906835185,-0.2551190046403523,419,-0.030931940429729975,0.2511980451712304,196,0.0039018900090601254,-0.0006369041029347802,0.17346938775510204,1.588973042966719,5.951899258645753,0.0039018900090601254,0.12676194978960117,0.4485480096281089,0.6662517385427875,0.1927387414507879,0.2437879594262579,0.6284839031322461,MATICUSDT,stress,inverse_vol,False,0.26403881895514325,-0.04817972959026313,,43.09856857426535,0.03900420455971014,,,2022-01-01 00:00:00+00:00,2024-09-04 08:00:00+00:00,0.007588580133430513,0.8408324316487396
-0.1404563465723635,-0.049155925982517834,0.6615692970555036,0.25079150177839105,0.3797468490162017,-0.07541554496540351,-0.6518009782342336,871,-0.07758305839930793,0.16591595753902424,138,0.001989120147840492,-0.004387996474497409,0.10869565217391304,0.9303297340912285,9.118636139320747,0.001989120147840492,0.18992519461193944,0.6782139430412257,0.9045568818262336,0.22729202292222656,0.4222706485087162,1.0,MATICUSDT,slippage_1_5,trend,False,0.6321547984277486,-0.14365755223964852,1.3593086132035535,79.6918594316685,0.08805950467199371,942.1655085886599,False,2022-01-01 00:00:00+00:00,2024-09-04 08:00:00+00:00,,
0.49560965297272763,0.1434563341641144,0.3276081623835753,0.5684410611354155,1.0123589340440555,0.31842240453033827,-0.4505221118963265,928,-0.0378878425986904,0.18622593146194305,58,0.010206720478868487,-0.018488220012156092,0.39655172413793105,1.3256575914437707,2.1939282228701527,0.010206720478868487,0.15605617692310253,0.6134249783524537,0.8414758083626062,0.2531652976816105,0.3307096649372358,0.9673572803468538,MATICUSDT,slippage_1_5,breakout,False,0.15471953182833767,-0.016750088881385142,1.1795312629849226,37.54095782484501,0.041482758396453746,234.35558539952893,False,2022-01-01 00:00:00+00:00,2024-09-04 08:00:00+00:00,,
0.3552229856280973,0.10653062209509878,0.38982221241559667,0.4516698610103088,0.7311039393631339,0.24167028725312045,-0.4408097631941026,741,-0.0422700384352152,0.17607094450048363,196,0.0024577822286449506,-0.00248720197046726,0.20408163265306123,1.1821877565610766,4.904613393568399,0.0024577822286449506,0.09709067982575824,0.3836172553868388,0.6445766856143074,0.16722389447122338,0.2732633153829076,0.5183887063393616,MATICUSDT,slippage_1_5,equal,False,0.3934371651280431,-0.08020382056051684,,58.61640862825676,0.06477113153422373,,,2022-01-01 00:00:00+00:00,2024-09-04 08:00:00+00:00,0.006318789162177486,0.44626635220479444
0.8215212562060263,0.22104651107016227,0.29607510922742786,0.8196137920197072,1.4410082095868515,0.850913326881801,-0.2597755894600855,475,-0.031035880718568276,0.24266724299654116,196,0.003769062062529974,-0.0006542918173242621,0.17346938775510204,1.5567663606059872,5.849476111044806,0.003769062062529974,0.12596599336688397,0.44995885329488716,0.668238123891502,0.19246758652733845,0.24421912243540778,0.6273694407517851,MATICUSDT,slippage_1_5,inverse_vol,False,0.2641716505523572,-0.048223660055031724,,43.104582556882136,0.04763056372535476,,,2022-01-01 00:00:00+00:00,2024-09-04 08:00:00+00:00,0.009267669953341804,0.8093131183976482
-0.18102949449058148,-0.0643448794246555,0.6617743536421772,0.22660035879459295,0.3428110052937574,-0.09814939531727776,-0.6555810070622873,871,-0.07764073621617593,0.1499583059763772,138,0.0016217777158549918,-0.004523203775669582,0.10869565217391304,0.9094714417253291,8.939995236732042,0.0016217777158549918,0.19323983688689966,0.6823891735311741,0.9073240180085655,0.23107769114165833,0.4336389118736977,1.0,MATICUSDT,slippage_2,trend,False,0.6321921318864784,-0.14366727703953025,1.3594382369598772,79.69006754035593,0.10399553814016449,921.0612263226975,False,2022-01-01 00:00:00+00:00,2024-09-04 08:00:00+00:00,,
0.4616695894539138,0.1347484560622647,0.3279803329850773,0.5448695073576931,0.9672364389574304,0.2972543847034758,-0.4533102386250153,1058,-0.03804494493773398,0.1787064824565912,58,0.009808649881848269,-0.01888738193258715,0.39655172413793105,1.303095807294936,2.161184968414074,0.009808649881848269,0.15478956759571463,0.6154990494038712,0.8439643109751266,0.2573529488577789,0.3333486669590312,0.9886338295887209,MATICUSDT,slippage_2,breakout,False,0.15471953182833767,-0.016750088881385166,1.1795312629849228,37.536515368227896,0.0489851525555374,232.82983096688167,False,2022-01-01 00:00:00+00:00,2024-09-04 08:00:00+00:00,,
0.30795361451496683,0.09352484364723468,0.3900399801158863,0.4213219223518029,0.6808541967596748,0.21016380168401197,-0.4450092875073334,871,-0.042340660171662055,0.16433239421648418,196,0.002274824664933631,-0.0025441710690616666,0.20408163265306123,1.1585385302109918,4.819347667153936,0.002274824664933631,0.09832481855047143,0.3854457012272652,0.6466962567427964,0.16834339317374025,0.2801841928888367,0.5236681790970693,MATICUSDT,slippage_2,equal,False,0.393455831857408,-0.08020868296045769,,58.61329145429192,0.07649034534785096,,,2022-01-01 00:00:00+00:00,2024-09-04 08:00:00+00:00,0.007465858299232627,0.4149414704019327
0.7749810053231367,0.2105668612670082,0.2963728904811934,0.7899977229483018,1.3851853808088614,0.7963740938294577,-0.2644069701645779,475,-0.031139802607848974,0.23413390862374925,196,0.0036362590563878447,-0.0006738253328444883,0.17346938775510204,1.5254117284992825,5.749486609498043,0.0036362590563878447,0.12516995227496214,0.4513911455351388,0.6702517569317076,0.19219518417086245,0.2447525443578066,0.6262874928525198,MATICUSDT,slippage_2,inverse_vol,False,0.2643055517793928,-0.04826770551635359,,43.110673401037694,0.0562594287883542,,,2022-01-01 00:00:00+00:00,2024-09-04 08:00:00+00:00,0.0109475504675086,0.7778353690195289
-0.19962717557373488,-0.07147516593022518,0.6618729616790445,0.21511480049360887,0.3252970646824767,-0.10873024297462759,-0.6573623306158163,871,-0.07766813618355074,0.1423786701037017,138,0.0014473980137946396,-0.004554485409883943,0.10869565217391304,0.8997850153573568,8.856685044534382,0.0014473980137946396,0.19482015082310303,0.6843701535596175,0.9090272434472052,0.2328801558325917,0.43912625027598745,1.0,MATICUSDT,asset_conservative,trend,False,0.6322098650775874,-0.14367189628109453,1.3594998097235953,79.68921625332112,0.11156490275464954,911.2441722238655,False,2022-01-01 00:00:00+00:00,2024-09-04 08:00:00+00:00,,
0.4458189799622909,0.13063548263929392,0.3281586185394165,0.5336912038878496,0.9459372391963771,0.2873448345761714,-0.45462965371199027,1058,-0.03811956052962193,0.1751353681944748,58,0.009619622049923775,-0.0190769279904239,0.39655172413793105,1.2925792572987864,2.1458671152036155,0.009619622049923775,0.15418833885880584,0.6164917528871662,0.845152073228392,0.25936120305283705,0.33455974229410984,0.9995219239125416,MATICUSDT,asset_conservative,breakout,False,0.15471953182833764,-0.016750088881385135,1.1795312629849215,37.53440582296372,0.0525481681521492,232.10966085601783,False,2022-01-01 00:00:00+00:00,2024-09-04 08:00:00+00:00,,
0.28608152693211863,0.08740068154754232,0.3901443164546316,0.4069187027809734,0.6570619885762863,0.19553029297424923,-0.4469930475634931,871,-0.04237420329768157,0.15875701914908827,196,0.0021879677690283448,-0.0025712279784280197,0.20408163265306123,1.1475447933251042,4.779537289174472,0.0021879677690283448,0.09891174731863814,0.38631770687050854,0.6477049500567111,0.16965256652751473,0.28354218290805483,0.5262656286009478,MATICUSDT,asset_conservative,equal,False,0.39346469845296256,-0.08021099258123984,,58.611811038142406,0.08205653545339937,,,2022-01-01 00:00:00+00:00,2024-09-04 08:00:00+00:00,0.008011227651820663,0.40007421112753944
0.7532855264337683,0.20561891066351,0.29651560700196905,0.775944560515801,1.3587993875550095,0.7712692534066983,-0.2665980910755754,475,-0.03118988648884591,0.23007967236121885,196,0.003573186129090254,-0.0006831073684537188,0.17346938775510204,1.5108076773609147,5.702819270564967,0.003573186129090254,0.12479182417399266,0.4520791024590661,0.6712179025061886,0.19206540559863722,0.24504427785406077,0.6257857640056356,MATICUSDT,asset_conservative,inverse_vol,False,0.26436952405877634,-0.0482886664333074,,43.11359305449224,0.06035903027628913,,,2022-01-01 00:00:00+00:00,2024-09-04 08:00:00+00:00,0.01174586668776554,0.7628981627036837
-0.13100404514067732,-0.04568635864910442,0.6712377704422595,0.26352195858027017,0.3921995143953365,-0.06677902622964108,-0.6841423307371575,871,-0.08020394711712382,0.176885891939998,138,0.002080314804167894,-0.002924234481295717,0.2753623188405797,0.9316861009761981,2.934824526441276,0.002080314804167894,0.17896253509996304,0.6402785844846622,0.8860611851278115,0.19651244994097708,0.39261997565611423,0.9423956792589817,MATICUSDT,delay1,trend,False,0.633557001815226,-0.14527263500951224,1.4100957577295998,79.34329022198442,0.07180567765089589,849.0973049685039,False,2022-01-01 00:00:00+00:00,2024-09-04 08:00:00+00:00,,
0.29824870331866715,0.09081597506860617,0.32853752404726044,0.42424516505272525,0.7441997106714647,0.20282745948185796,-0.44774990181607666,1058,-0.038700136682635604,0.1393804561154437,58,0.007484064000896374,-0.015656108541872542,0.39655172413793105,1.2061039449030373,2.0075006033864016,0.007484064000896374,0.14863341954870324,0.618785448897752,0.8396436245728689,0.3006935804358419,0.35766848688946845,1.0,MATICUSDT,delay1,breakout,False,0.15296804231959535,-0.015227193030562506,1.170438389752875,37.578903142001934,0.03400890734351175,217.3747710991898,False,2022-01-01 00:00:00+00:00,2024-09-04 08:00:00+00:00,,
0.2787995003227981,0.08534631685257099,0.3930607735420765,0.402312275027345,0.6356938733866988,0.17965916039708738,-0.47504572916814447,741,-0.044030581194853084,0.15813317402772087,196,0.0021317497794527116,-0.001619354001441343,0.3163265306122449,1.1518536854238894,2.6395028460144156,0.0021317497794527116,0.09589537515644808,0.3743638383877568,0.6352457482388021,0.16441608310381176,0.2626332470671975,0.523799702100737,MATICUSDT,delay1,equal,False,0.39326252206741064,-0.08024991402003738,,58.46109668199318,0.05290729249720383,,,2022-01-01 00:00:00+00:00,2024-09-04 08:00:00+00:00,0.005303898231127006,0.397815973066367
0.684455479534432,0.18964569617697258,0.2966458061209399,0.7309390534657475,1.2435971815253308,0.6564169625461339,-0.2889104136513596,478,-0.03274847843491463,0.21683000474062344,196,0.00332934222386704,-0.00017430822128900402,0.2653061224489796,1.494558117210694,3.1472873289942713,0.00332934222386704,0.12284258651117905,0.45511833136860685,0.6665012273964316,0.1829792985784342,0.3057249494231125,0.6505625251772531,MATICUSDT,delay1,inverse_vol,False,0.26176462794404726,-0.04651921507087032,,42.800081148643116,0.038734073439522024,,,2022-01-01 00:00:00+00:00,2024-09-04 08:00:00+00:00,0.007828823019895674,0.7222460384687336
-0.2675479746551691,-0.09849628592613957,0.662607471951165,0.17111744607475998,0.25805199516127125,-0.14956150514948957,-0.6585670947058915,871,-0.0779602430250869,0.11338369835033651,138,0.0006506814225169385,-0.004421707258937084,0.10869565217391304,0.8610979604247136,8.495417336186021,0.0006506814225169385,0.20417552402199668,0.6936479596571318,0.9129941225884718,0.243127279124975,0.46664257575322093,1.0,MATICUSDT,adverse_funding,trend,False,0.6332365121356247,-0.14364207662364614,1.360998525122098,79.71725404936814,0.07214411491467818,2466.279208482134,False,2022-01-01 00:00:00+00:00,2024-09-04 08:00:00+00:00,,
0.4550837685068434,0.1330431735944222,0.327143683432458,0.5408532275286803,0.9599244838897947,0.294086631590505,-0.45239449639341467,1058,-0.03796327370632279,0.17693671705006575,58,0.009704985506928233,-0.019336231806536743,0.39655172413793105,1.300672148110566,2.157320217432862,0.009704985506928233,0.15494726451290367,0.6176517999797873,0.8459766633751397,0.2576679647784833,0.33398389192707517,0.9905018919429034,MATICUSDT,adverse_funding,breakout,False,0.15480298802786022,-0.01676662583378256,1.1800589269483066,37.5567373973503,0.033988847344602016,787.916644401317,False,2022-01-01 00:00:00+00:00,2024-09-04 08:00:00+00:00,,
0.23467985386376156,0.07272962785415427,0.3901041291518554,0.3721063091944223,0.5997597377301651,0.16253896062565515,-0.4474596587439641,871,-0.042433631212914456,0.14516020770020113,196,0.0019477742081373715,-0.00244802173908019,0.1989795918367347,1.1235055079965486,4.838043988614586,0.0019477742081373715,0.10059513253665738,0.3894724651846391,0.6498331747366619,0.17359426670774236,0.2927678091744848,0.5219481230077676,MATICUSDT,adverse_funding,equal,False,0.39401975008174245,-0.08020435122871437,,58.63699572335922,0.0530664811296401,,,2022-01-01 00:00:00+00:00,2024-09-04 08:00:00+00:00,0.00519187241089892,0.36767035220454714
0.7163628130512356,0.19710344064518437,0.2959309311239735,0.7529360834201626,1.3180675838793428,0.7382015708557946,-0.2670049054713918,477,-0.03113967711618773,0.22281707624336652,196,0.003446860994843525,-0.0006439490093450722,0.17346938775510204,1.494738507271535,5.647053122518113,0.003446860994843525,0.1256862261629417,0.45613870894059694,0.6745161126026656,0.1927291172703142,0.24977132602322502,0.6302501780623028,MATICUSDT,adverse_funding,inverse_vol,False,0.26428146983166045,-0.04814763890283422,,43.10017619307081,0.039005659454729086,,,2022-01-01 00:00:00+00:00,2024-09-04 08:00:00+00:00,0.0075951202775872,0.7444808088650444
8.39948854523374,1.1089783334563408,0.9114726726021753,1.269040803331971,2.021326858846285,1.801201730764382,-0.6156880234540525,320,-0.09925675388896724,1.1566960126542032,112,0.034304902771687844,-0.00655063242418241,0.14285714285714285,1.8507933258508882,15.029744295413037,0.034304902771687844,0.20015452698685238,0.6420267451808896,0.9121806415570168,0.2699503851701252,0.3632242908369393,0.5652606239509569,FTMUSDT,base,trend,False,0.7544572407272313,-0.06651652576692503,1.5793646521609206,68.96068216415917,0.048617280925732205,6943.263874655495,False,2022-01-01 00:00:00+00:00,2024-12-31 23:00:00+00:00,,
-0.25147619150988776,-0.09195619852173298,0.37165838470301776,-0.07795291685519308,-0.12467528869835301,-0.20019456104016992,-0.4593341499586573,1092,-0.049394751992568715,-0.02897185516128971,60,-0.002795075118661345,-0.025572017698744023,0.35,0.8237650396072246,1.6624002325067095,-0.002795075118661345,0.16289192597624225,0.5782690618175472,0.8375277251391198,0.21018866828941377,0.33309273175384957,,FTMUSDT,base,breakout,False,0.14858213123018935,-0.014868104704223317,1.1865094805245144,39.06247822837187,0.02753904715100217,174.90291933103202,False,2022-01-01 00:00:00+00:00,2024-12-31 23:00:00+00:00,,
2.6296572619462,0.536213570270222,0.5217467609433599,1.0807198452501152,1.7479288431260456,1.2146218434519842,-0.44146544306027813,324,-0.0565465915226788,0.5638620787464568,172,0.010094260572646218,-0.00406141371463578,0.21511627906976744,1.6414541940548344,6.791409104812909,0.010094260572646218,0.14642927652274773,0.5054666747570167,0.7145606554868551,0.21798875255470845,0.2997307425232989,0.48272113797197896,FTMUSDT,base,equal,False,0.4515196859787103,-0.040692315235574164,,54.01158019626552,0.03807816403836719,,,2022-01-01 00:00:00+00:00,2024-12-31 23:00:00+00:00,0.006087909556096211,1.0768398281712286
1.2157115006279433,0.30336479916881065,0.34934249060027167,0.9311439261325691,1.5092152849242935,0.9890269798435606,-0.3067305597839155,368,-0.04055837610853773,0.3252881382624671,172,0.005671449153809849,-0.0020343680035057373,0.19767441860465115,1.49356695961538,6.000317413033052,0.005671449153809849,0.10547797226186655,0.3793690574551918,0.5888602284943348,0.18148280724149932,0.2859458059778285,0.4794739048092846,FTMUSDT,base,inverse_vol,False,0.2686385052420816,-0.05876802630309562,,40.817750050782074,0.02877651378580137,,,2022-01-01 00:00:00+00:00,2024-12-31 23:00:00+00:00,0.006739313110374059,0.9246759698474948
8.013963695921847,1.0797677699578148,0.911723678879965,1.2536261733982694,1.9955340985385865,1.7464769564325406,-0.6182548048978634,320,-0.09931371603707607,1.1429606667508831,112,0.03387361144030417,-0.006607955926434691,0.14285714285714285,1.8258896447228938,14.833827934478784,0.03387361144030417,0.20048861238843732,0.641317126219393,0.9113708921892614,0.27069286251392777,0.365662266179166,0.5585681832768886,FTMUSDT,stress,trend,False,0.7545042807345298,-0.0665244416919256,1.5795419360383838,68.95915985104968,0.062408039665199956,6746.393553931933,False,2022-01-01 00:00:00+00:00,2024-12-31 23:00:00+00:00,,
-0.26922050939821374,-0.09918236915921241,0.3721004354841592,-0.09885325410561863,-0.1576778225321026,-0.21015058433549652,-0.4719585694840227,1092,-0.04957276682899407,-0.03678333890172694,60,-0.0031931160226175205,-0.02597142077489598,0.35,0.8110783085044044,1.6367606167069244,-0.0031931160226175205,0.16524782929834853,0.5822160644138248,0.8400691377627932,0.21380437902985883,0.3438484680202351,,FTMUSDT,stress,breakout,False,0.14858213123018935,-0.014868104704223305,1.1865094805245142,39.05771954157852,0.03534723618512856,174.44152167733964,False,2022-01-01 00:00:00+00:00,2024-12-31 23:00:00+00:00,,
2.5130951623286353,0.5196048603242447,0.5219458092618363,1.0596668353497956,1.711973028362507,1.170306230269294,-0.4439905102484849,324,-0.056617299533617806,0.5530886639245781,172,0.009894035243836497,-0.004118101380621004,0.21511627906976744,1.6186285617771945,6.699621231118223,0.009894035243836497,0.1462651495058938,0.5067109149567726,0.7143890970285338,0.2187076995363643,0.30138352692747344,0.477735637119631,FTMUSDT,stress,equal,False,0.45154320598235964,-0.04069627319807447,,54.0084396963141,0.04887763792516426,,,2022-01-01 00:00:00+00:00,2024-12-31 23:00:00+00:00,0.007819993923617005,1.0546847109074484
1.1637336729127155,0.29310161357975284,0.3496749702703302,0.907982441407292,1.4688070452559037,0.9494019367146082,-0.30872236746643555,368,-0.040673254671523634,0.31749873320507666,172,0.005529491440085663,-0.002068576230208662,0.19186046511627908,1.4740399850606423,6.148110880674342,0.005529491440085663,0.10540246385267696,0.37994386767540755,0.5899396913254044,0.18418037595558087,0.2876352473647859,0.47629559793684906,FTMUSDT,stress,inverse_vol,False,0.2687693536940947,-0.058770312058287304,,40.81823771519141,0.03694050513224822,,,2022-01-01 00:00:00+00:00,2024-12-31 23:00:00+00:00,0.008653901096182,0.8996862770870337
7.644199255135726,1.0509576735552413,0.9119767988275999,1.238217818398123,1.9697791422015503,1.6928954030183,-0.6208048481208384,320,-0.09937068155299544,1.1292259222740146,112,0.03344267728341523,-0.006665282757098291,0.14285714285714285,1.8014796317100237,14.641627938918141,0.03344267728341523,0.2007957582221884,0.6405768875065057,0.9105599547515625,0.27140033024833143,0.3680846831312476,0.5517614803085069,FTMUSDT,slippage_1_5,trend,False,0.7545513194720077,-0.06653235795167627,1.5797192332885952,68.95763698668972,0.07619818887029214,6555.714390892653,False,2022-01-01 00:00:00+00:00,2024-12-31 23:00:00+00:00,,
-0.2865441985854825,-0.10635103995994122,0.3725464044722808,-0.11969762536079775,-0.1904157702501919,-0.21960277733806352,-0.484288228268721,1092,-0.04975763419274618,-0.0445929199520353,60,-0.0035909978859520065,-0.026370664266158778,0.35,0.7986444853162447,1.6116089517031134,-0.0035909978859520065,0.167632471188534,0.586198180178801,0.8426487966247437,0.21749065771315576,0.35545946557263824,,FTMUSDT,slippage_1_5,breakout,False,0.14858213123018935,-0.01486810470422332,1.1865094805245129,39.05296275615885,0.043153523845555534,173.97967308274733,False,2022-01-01 00:00:00+00:00,2024-12-31 23:00:00+00:00,,
2.400275856958378,0.5031756473207185,0.5221466037178055,1.0386288013741154,1.6761175273735769,1.1269224905868946,-0.4465042196989676,324,-0.05668826582791868,0.5423165011609896,172,0.009693959108453784,-0.004216263653408871,0.21511627906976744,1.5962643930759384,6.609630945244281,0.009693959108453784,0.1460882117882434,0.507951946273071,0.7142177926781045,0.21942072357464626,0.3030625976028943,0.4726853808502489,FTMUSDT,slippage_1_5,equal,False,0.4515667253510986,-0.0407002313279498,,54.005299871424285,0.05967585635792384,,,2022-01-01 00:00:00+00:00,2024-12-31 23:00:00+00:00,0.00955448530612661,1.032543836184835
1.1129894064675208,0.2829221207680257,0.35001051713905745,0.8848675545167078,1.4286352341878608,0.9105695320624222,-0.3107089692834468,368,-0.04078811915503153,0.309712950355966,172,0.005387673124334303,-0.0021113012481507655,0.19186046511627908,1.4548960610959631,6.0662942937803805,0.005387673124334303,0.10532424123206684,0.38052558466746744,0.5910259880388734,0.18692707982690066,0.2893717438423825,0.47309351267410504,FTMUSDT,slippage_1_5,inverse_vol,False,0.2689012648745128,-0.058772484322920364,,40.81878152803332,0.04510475358847683,,,2022-01-01 00:00:00+00:00,2024-12-31 23:00:00+00:00,0.010569703922751039,0.874746207999956
7.289553068349738,1.0225426110010765,0.9122320299626987,1.222815843885594,1.944062074890789,1.6404297269816694,-0.6233382595928186,322,-0.09942765043391454,1.115491779538306,112,0.03301209992205505,-0.006722612917070903,0.14285714285714285,1.7775506928313909,14.45304066656864,0.03301209992205505,0.20107559302428127,0.6398056354866662,0.9097480166129438,0.27207236269170737,0.3704908371659842,0.5448363996361872,FTMUSDT,slippage_2,trend,False,0.7545983569331898,-0.0665402745450213,1.5798965439099337,68.95611357077344,0.08998772820985936,6371.021518689776,False,2022-01-01 00:00:00+00:00,2024-12-31 23:00:00+00:00,,
-0.30345723109019584,-0.11346266898536372,0.37299627393951396,-0.14048558420947163,-0.2228911546966969,-0.22860328189976475,-0.49633000909896596,1092,-0.0499424721188501,-0.052400599452348734,60,-0.003988720803964805,-0.026769748268158554,0.35,0.7864563541132789,1.5869314394111476,-0.003988720803964805,0.17004617199038538,0.5902157692502679,0.8452671505557279,0.22124941917645363,0.3680358282466412,,FTMUSDT,slippage_2,breakout,False,0.14858213123018935,-0.014868104704223313,1.186509480524514,39.048207870973556,0.050957911271620485,173.5174411113937,False,2022-01-01 00:00:00+00:00,2024-12-31 23:00:00+00:00,,
2.2910791782373,0.4869239918440045,0.5223491412826222,1.0176059421439358,1.640362630074753,1.0844472391384414,-0.4490066222408846,393,-0.056759226698496576,0.5315455900429786,172,0.009494031957940683,-0.004345056509006639,0.21511627906976744,1.5743489981837877,6.521386379612144,0.009494031957940683,0.14589845707884203,0.509189604404838,0.7140467834523799,0.22012791476526336,0.3047696931353877,0.4675661645691404,FTMUSDT,slippage_2,equal,False,0.4515902440816896,-0.04070418962462231,,54.0021607208735,0.07047281974073992,,,2022-01-01 00:00:00+00:00,2024-12-31 23:00:00+00:00,0.01129152411244947,1.0104173422128033
1.063448193915547,0.27282543104693047,0.35034910051152707,0.8617993778508692,1.3886984176726658,0.8725098337687593,-0.3126903795095073,368,-0.04090296874736862,0.30193063685144567,172,0.0052459912828999155,-0.002165936434428055,0.19186046511627908,1.4361268580177895,5.986114960403434,0.0052459912828999155,0.10524366724559199,0.38111562514535025,0.592121139609476,0.18972433095104,0.29115770111847283,0.4698655048712173,FTMUSDT,slippage_2,inverse_vol,False,0.26903421762311763,-0.058774549557973586,,40.81938157040217,0.053269292949374825,,,2022-01-01 00:00:00+00:00,2024-12-31 23:00:00+00:00,0.012486705610563397,0.8498559355201247
7.126213230728904,1.0091822896690434,0.9123540036068752,1.2155021715728311,1.9318597982995298,1.6158917298013418,-0.6245358343365695,322,-0.09945471183033974,1.1089682726273236,112,0.0328077005559144,-0.006749845909616022,0.14285714285714285,1.766349442276855,14.364698303967963,0.0328077005559144,0.2011988430348449,0.639428315928101,0.9093620505374339,0.2723790468313749,0.3716278601218951,0.5415042409454963,FTMUSDT,asset_conservative,trend,False,0.7546206992782766,-0.06654403504338798,1.5799807711386809,68.95538975490776,0.09653754565687085,6285.33204313052,False,2022-01-01 00:00:00+00:00,2024-12-31 23:00:00+00:00,,
-0.31134988583221446,-0.11682084178970309,0.3732113231912797,-0.15033997609654146,-0.23822558253838752,-0.2327335774239809,-0.5019509564659227,1092,-0.05003025982647068,-0.05610858140753559,60,-0.0041775835370111945,-0.02695925732564351,0.35,0.7807510421517603,1.5753718649765094,-0.0041775835370111945,0.17120295366040666,0.5921366574010825,0.846524556279745,0.22306079523512765,0.3743844279366845,,FTMUSDT,asset_conservative,breakout,False,0.14858213123018932,-0.014868104704223305,1.1865094805245135,39.04594996585734,0.05466432995220026,173.29776567760456,False,2022-01-01 00:00:00+00:00,2024-12-31 23:00:00+00:00,,
2.240446049755241,0.47926610087414456,0.5224459563804558,1.0076254571038101,1.6234143777755379,1.0645831730595083,-0.4501913171300468,393,-0.056792931212739164,0.526429845609894,172,0.009399118692551809,-0.0043851226457393856,0.21511627906976744,1.5640928442932602,6.480067266892574,0.009399118692551809,0.14580383316127746,0.5097762633026639,0.7139656696966813,0.22046181572744689,0.3055909101919872,0.4651090356599398,FTMUSDT,asset_conservative,equal,False,0.451601415254233,-0.04070606987380565,,54.000669860382544,0.07560093780453556,,,2022-01-01 00:00:00+00:00,2024-12-31 23:00:00+00:00,0.012117449968283686,0.9999123916737399
1.0403289369158668,0.26805825395176996,0.35051098199314035,0.850858382360463,1.3698103236212456,0.8546965552456314,-0.31362973479486256,368,-0.040957516853266936,0.29823520713826074,172,0.005178739338386789,-0.002187246405201408,0.19186046511627908,1.427339711477114,5.9485891846040895,0.005178739338386789,0.10520457118085133,0.38139884352657794,0.592644438352579,0.19107115554702792,0.29202409006533087,0.46832242072090535,FTMUSDT,asset_conservative,inverse_vol,False,0.26909772896312845,-0.058775494826054986,,40.81968634184078,0.0571475608785771,,,2022-01-01 00:00:00+00:00,2024-12-31 23:00:00+00:00,0.013397702680202218,0.8380505373026302
7.914118282582647,1.0720672388637165,0.9121115939432869,1.2506283858418694,1.9649710325464569,1.70726762587642,-0.6279432835337544,320,-0.10157484328135295,1.1407126504409475,112,0.033683653859058686,-0.003058731939386236,0.32142857142857145,1.866507160197579,5.264881245226192,0.033683653859058686,0.2055138700009936,0.6198356234407475,0.9087286878956656,0.26181778150638235,0.3641510541857859,0.5601033673070301,FTMUSDT,delay1,trend,False,0.7575060494744122,-0.069642248078461,1.6386813970321494,69.1147643435912,0.06254886173095003,6529.054958519789,False,2022-01-01 00:00:00+00:00,2024-12-31 23:00:00+00:00,,
-0.32748679365716926,-0.12376753211693825,0.36405818608525864,-0.18507747843352587,-0.2946925932548383,-0.24477984431074085,-0.5056279550526186,1092,-0.04848379096446005,-0.06737897108374301,60,-0.004823015620358164,-0.018029102570450324,0.3,0.7465465327514819,1.8909689902737392,-0.004823015620358164,0.1720502487299246,0.6257321265158196,0.8783175113380901,0.1927218911805296,0.33232353962813177,,FTMUSDT,delay1,breakout,False,0.15087494816032168,-0.0039980151786430055,1.2212969340625672,39.10002558605818,0.03538552315538265,179.69706501895578,False,2022-01-01 00:00:00+00:00,2024-12-31 23:00:00+00:00,,
2.3688678351288432,0.49853732319319044,0.5166698737260096,1.0387035648283163,1.6522367103011153,1.111421596886721,-0.448558247014164,324,-0.05664080212873065,0.5366668396786022,172,0.00974479599044619,-0.002649643929608934,0.32558139534883723,1.6214485205517248,3.839095386557562,0.00974479599044619,0.15249168019182957,0.5154855986899347,0.7305308726060004,0.21952448667242155,0.3099429513640255,0.45899760463051686,FTMUSDT,delay1,equal,False,0.454190498817367,-0.036820131628552015,,54.10739496482469,0.04896719244316635,,,2022-01-01 00:00:00+00:00,2024-12-31 23:00:00+00:00,0.007934478593471602,1.0335965747455556
1.0356686956290004,0.26709295723974313,0.3431439515566205,0.8596924802361378,1.3721603911323028,0.8515685072294371,-0.31364823261105,368,-0.04017944158933517,0.2949982747917402,172,0.005119963106253658,-0.0009763303751365981,0.3023255813953488,1.4592281037825703,3.2838643433265577,0.005119963106253658,0.10949364493670796,0.39393922199841863,0.6037056497341433,0.18558865924222137,0.2939742936311518,0.4483129022287313,FTMUSDT,delay1,inverse_vol,False,0.2693624070270382,-0.045738687836107864,,41.12556865359669,0.037218639631505,,,2022-01-01 00:00:00+00:00,2024-12-31 23:00:00+00:00,0.008751498262159832,0.8511463007639262
6.033577779562857,0.9148485978084546,0.9135303351824644,1.1624415298275481,1.8425114478331404,1.4610674032368693,-0.6261508509338352,323,-0.09980845993598426,1.0619256003733768,112,0.030947374395159395,-0.006621884687549703,0.14285714285714285,1.7144647309129795,13.8752388443372,0.030947374395159395,0.20106847653340457,0.6356341856651135,0.9085229202491628,0.2705770574999284,0.37092291565540014,0.5258455074398174,FTMUSDT,adverse_funding,trend,False,0.7560649807077675,-0.06652670707839216,1.582949823126778,68.99548497710663,0.06244091390428151,13992.610793495456,False,2022-01-01 00:00:00+00:00,2024-12-31 23:00:00+00:00,,
-0.30423424681509503,-0.11379214438376029,0.3721191013139251,-0.14267553205033487,-0.22638670181625073,-0.229349391024767,-0.49615193602790986,1092,-0.04982368400480063,-0.05309229076605673,60,-0.004018641248598172,-0.026417225859710097,0.35,0.7852259227138892,1.5843388189220116,-0.004018641248598172,0.17025452894237134,0.5905495769799626,0.8459513313557526,0.22241597008108496,0.3670401279286771,,FTMUSDT,adverse_funding,breakout,False,0.14865490300069303,-0.014879612166000693,1.1870485527561987,39.06835684339802,0.03535686294327521,592.5652692330389,False,2022-01-01 00:00:00+00:00,2024-12-31 23:00:00+00:00,,
2.0318393272276882,0.4468457170973681,0.5227609670999269,0.96490879493541,1.5516630667642373,0.991563268424068,-0.45064771086928046,393,-0.05688345581871645,0.50441665480366,172,0.008930470061476223,-0.004221674862854441,0.21511627906976744,1.5327968662867952,6.341605892470273,0.008930470061476223,0.1451727184460286,0.5116937871033259,0.7121485335604842,0.21995549730917113,0.30505896600371646,0.4583293725027499,FTMUSDT,adverse_funding,equal,False,0.4523599418542303,-0.040703159622196415,,54.031920910252325,0.04889888842377836,,,2022-01-01 00:00:00+00:00,2024-12-31 23:00:00+00:00,0.007850420345339455,0.9599142076070977
0.9814364774577344,0.25574963965563646,0.3498113282928727,0.8239633871318397,1.3258197260760252,0.8192062889630447,-0.3121919876608438,393,-0.040865301644033424,0.2882317269172833,172,0.004981172250026505,-0.0020930620011935658,0.19186046511627908,1.4125685104448595,5.879915303686337,0.004981172250026505,0.10503508968356434,0.3828102837684726,0.5915820747180393,0.194332263481129,0.2929236290179162,0.46862742920718986,FTMUSDT,adverse_funding,inverse_vol,False,0.2690535155568178,-0.058832833830029255,,40.82247757148089,0.0369443422021902,,,2022-01-01 00:00:00+00:00,2024-12-31 23:00:00+00:00,0.008663056223252906,0.815666359288826
-0.7603966741617888,-0.3786261113474966,0.6019297883222908,-0.49107354399829933,-0.7257338009667136,-0.4299800298194023,-0.8805667358703261,932,-0.07062326088770034,-0.2955917943895735,195,-0.005992097435778892,-0.0048811849467301415,0.08205128205128205,0.5127903518335152,6.501733883925621,-0.005992097435778892,0.42598256840183063,0.8808001847033068,0.9981855957477301,0.20004883282482533,0.8901118471229448,,LTCUSDT,base,trend,False,0.7252834967655444,0.00395094688169212,1.2620110515817615,108.31397162826978,0.0763613499979302,510.6509761490675,False,2022-01-01 00:00:00+00:00,2024-12-31 23:00:00+00:00,,
0.018291178150486642,0.00605471232096666,0.23604279433373457,0.14203008982372825,0.22555478544460114,0.0183812324596953,-0.3293964283539139,1044,-0.030183583160687658,0.03352517928146413,50,0.0018276084392044648,-0.010505802124394965,0.36,1.019219837754246,1.9580199602727373,0.0018276084392044648,0.17659560676501887,0.7024505900077057,0.8978194036343293,0.24959081847108366,0.3527797578184848,1.0,LTCUSDT,base,breakout,False,0.12200426520644343,-0.024497352656838743,1.1286065932158655,32.701233757272064,0.023054369798876803,10.53757951717197,False,2022-01-01 00:00:00+00:00,2024-12-31 23:00:00+00:00,,
-0.42569222325106404,-0.16864186293693628,0.32885786629682584,-0.39844966772296864,-0.6100284472988479,-0.2623252393840864,-0.6428731880046716,932,-0.03688821737819539,-0.1310333075540547,245,-0.0019605761090719944,-0.0026748699599272426,0.13877551020408163,0.7088258498657408,4.5486677860230404,-0.0019605761090719944,0.18198197823653728,0.5336656163742376,0.7888932672527305,0.22678223834790806,0.5918279995515628,,LTCUSDT,base,equal,False,0.4236438809859939,-0.010273202887573323,,70.50760269277092,0.049707859898403504,,,2022-01-01 00:00:00+00:00,2024-12-31 23:00:00+00:00,0.003831910087774245,-0.4023311780254365
-0.29454630663026604,-0.10970160578079013,0.22614377547443615,-0.4021220264896644,-0.6294412375783078,-0.246413217674504,-0.44519367433324497,932,-0.02742673443186932,-0.09093739327180393,245,-0.0012250308744042916,-0.0008504282528020314,0.14285714285714285,0.7337125361822372,4.238855418553336,-0.0012250308744042916,0.15010532880531466,0.5957722832430128,0.7673670817307653,0.21010522193027048,0.48704579114925833,,LTCUSDT,base,inverse_vol,False,0.2382476090153591,-0.019477732240214343,,47.45755062244069,0.033457573188820686,,,2022-01-01 00:00:00+00:00,2024-12-31 23:00:00+00:00,0.005788493363344588,-0.4107265710234364
-0.7756209655861366,-0.3920635990698038,0.6021784986457562,-0.526877805253884,-0.7777697519671056,-0.441844795407548,-0.8873332969966816,932,-0.07066815758186551,-0.31727448573755496,195,-0.006332657723270652,-0.00505363517650264,0.07692307692307693,0.500671085373142,6.783144828096052,-0.006332657723270652,0.4317450054823828,0.8851439639610916,0.999106295948781,0.2034584509542782,0.8974679869499784,,LTCUSDT,stress,trend,False,0.7253282094016927,0.003949186017989142,1.2621138512511303,108.31107886199767,0.09802152637010789,494.30536069933834,False,2022-01-01 00:00:00+00:00,2024-12-31 23:00:00+00:00,,
-0.0017749254797455594,-0.0005914522330906502,0.23643691278063086,0.11417990306491592,0.1806248124271149,-0.0017668201873628007,-0.3347551931549222,1044,-0.03035317079360603,0.02699634378226041,50,0.001429798144215245,-0.010901592241385615,0.36,0.9981451179812955,1.9168430872334943,0.001429798144215245,0.1762372578031206,0.7065264100015323,0.9008543456521912,0.24881324082558587,0.35788141206405094,1.0,LTCUSDT,stress,breakout,False,0.12200426520644343,-0.02449735265683874,1.1286065932158655,32.69707700646777,0.02959085469085333,10.910798691429541,False,2022-01-01 00:00:00+00:00,2024-12-31 23:00:00+00:00,,
-0.4496380993734258,-0.1803502095920635,0.3290687787337187,-0.44105998611036057,-0.6740834739354138,-0.27500811284374055,-0.6557995970632997,932,-0.03694522381589349,-0.14513907097764728,245,-0.0021339097202494883,-0.0027039569293434568,0.1346938775510204,0.6924962173685217,4.589278284918532,-0.0021339097202494883,0.183888013893769,0.5352652211280292,0.7926674613066168,0.23010153240207534,0.6061424549697659,,LTCUSDT,stress,equal,False,0.42366623730406816,-0.010274083319424811,,70.50407793423271,0.0638061905304806,,,2022-01-01 00:00:00+00:00,2024-12-31 23:00:00+00:00,0.004923139475400193,-0.44604381533658816
-0.31438029580482385,-0.11811704265664202,0.22654412560474688,-0.44290953494659213,-0.6911019989774624,-0.25931372945355236,-0.4554986074418357,932,-0.02754539031143973,-0.1003385533164808,245,-0.0013405920139122418,-0.0008803836304921761,0.13877551020408163,0.7169169013314439,4.284298489506561,-0.0013405920139122418,0.15226244176404125,0.5995388433100626,0.7711172176255721,0.21298218841648975,0.49394617761221965,,LTCUSDT,stress,inverse_vol,False,0.23851722322898272,-0.019483184432510157,,47.48896284497471,0.04297751137470211,,,2022-01-01 00:00:00+00:00,2024-12-31 23:00:00+00:00,0.007436384278183916,-0.45395438666475124
-0.7898800641304591,-0.40521252381642814,0.6024324164170349,-0.5626457146529557,-0.8296283051285072,-0.4534011487791342,-0.893717461694875,932,-0.07071305722461223,-0.3389560174650696,195,-0.006672985599409428,-0.005226095184477593,0.07179487179487179,0.4891616820906841,7.112405256637723,-0.006672985599409428,0.43718778748102566,0.8889559148469898,0.9994095876054985,0.20687122310779216,0.9044450688566926,,LTCUSDT,slippage_1_5,trend,False,0.7253729216839392,0.003947424193100787,1.2622166349478063,108.30818543707186,0.11968054490796443,478.6554712529059,False,2022-01-01 00:00:00+00:00,2024-12-31 23:00:00+00:00,,
-0.021445597562204766,-0.0071937058304113455,0.23683656858489635,0.0864273822395811,0.13619699534962187,-0.02115353175770192,-0.34007114806217387,1044,-0.03052305891981438,0.020469164641397603,50,0.0010321467977059584,-0.011297224217075585,0.36,0.9777058112663184,1.8768019587016005,0.0010321467977059584,0.17587906354589294,0.7106388623005557,0.9039136430990266,0.24803663940954415,0.36319352755219153,1.0,LTCUSDT,slippage_1_5,breakout,False,0.12200426520644343,-0.024497352656838736,1.128606593215866,32.692921965743935,0.03612567877214705,11.276198007674566,False,2022-01-01 00:00:00+00:00,2024-12-31 23:00:00+00:00,,
-0.4725861919155281,-0.19189399179712696,0.32928333425902656,-0.483606091909192,-0.7378086422684395,-0.2871553197474704,-0.6682585297945447,932,-0.037003609845471644,-0.159243426411836,245,-0.0023071308338588194,-0.0027330438986180737,0.1346938775510204,0.6767859566462027,4.474047410532039,-0.0023071308338588194,0.18577580288057127,0.5368619269130117,0.7964440485169466,0.2334227221785983,0.6211070669777153,,LTCUSDT,slippage_1_5,equal,False,0.42368859344519133,-0.010274964231868973,,70.50055370140791,0.07790311184005572,,,2022-01-01 00:00:00+00:00,2024-12-31 23:00:00+00:00,0.006016344467122511,-0.48969283485069626
-0.3337024480516364,-0.12647292983395597,0.22694981779910148,-0.48363530452999265,-0.7522810038477803,-0.27161281789866765,-0.46563682381565674,932,-0.02766480575283076,-0.10976094424429479,245,-0.0014563684582976281,-0.0009103540992445392,0.13877551020408163,0.700653397482755,4.185464755950765,-0.0014563684582976281,0.15445035269728724,0.6033399738074875,0.7748931993522278,0.21557013879232964,0.5009569307855686,,LTCUSDT,slippage_1_5,inverse_vol,False,0.23879281763455198,-0.019486841263954648,,47.521480949133874,0.052511236448792936,,,2022-01-01 00:00:00+00:00,2024-12-31 23:00:00+00:00,0.009086889286598818,-0.4971198042558836
-0.8032350246618332,-0.41807903858597784,0.6026915332754192,-0.5983763986501889,-0.8813075801946751,-0.4646660964330038,-0.8997407854701469,932,-0.07075795981327962,-0.3606363891783058,195,-0.007013081366797828,-0.005398564974897917,0.06666666666666667,0.47812483663268046,7.4983730947400895,-0.007013081366797828,0.4424911619609572,0.8926138257422687,0.999525728452951,0.21028747094105152,0.9110545000231013,,LTCUSDT,slippage_2,trend,False,0.725417633608737,0.003945661408223887,1.262319402629212,108.30529135314403,0.14133840521585297,463.6673675004133,False,2022-01-01 00:00:00+00:00,2024-12-31 23:00:00+00:00,,
-0.040728632484345995,-0.013752339147586001,0.23724172810665198,0.05877398107398419,0.09226604087767264,-0.03982207261275848,-0.34534463540654403,1044,-0.03069616846182766,0.013943640837699667,50,0.0006346543044317962,-0.011692698146226055,0.36,0.9578733670889598,1.837850224570823,0.0006346543044317962,0.17552107033082587,0.7147883612475947,0.9069975875224345,0.2472610936713292,0.36873047395705955,1.0,LTCUSDT,slippage_2,breakout,False,0.12200426520644346,-0.024497352656838747,1.1286065932158655,32.68876863404638,0.04265884306743053,11.633910082458357,False,2022-01-01 00:00:00+00:00,2024-12-31 23:00:00+00:00,,
-0.4945780500925644,-0.20327551800770816,0.3295015238232546,-0.5260867147409203,-0.801201810400381,-0.29881730930795863,-0.6802668777069205,932,-0.03706198782932299,-0.1733463741703031,245,-0.002480239589823264,-0.0027621308677510796,0.1306122448979592,0.661656389083222,4.520323559176659,-0.002480239589823264,0.18764826016105624,0.53846584706701,0.8002382580145193,0.23674480861567906,0.6319555257326579,,LTCUSDT,slippage_2,equal,False,0.42371094940759024,-0.010275845624307433,,70.4970299935952,0.09199862414164175,,,2022-01-01 00:00:00+00:00,2024-12-31 23:00:00+00:00,0.007111538023343361,-0.5332769441649464
-0.3525254607484539,-0.13476984756511579,0.2273607910281437,-0.5242989741782738,-0.8129829463262278,-0.28336139815675865,-0.4756111751345877,932,-0.02778544845679089,-0.11920502950441661,245,-0.001572365716846099,-0.0009403414291698602,0.1346938775510204,0.684892933249469,4.235127459134426,-0.001572365716846099,0.15667240797949383,0.6071871279919516,0.7787094268816326,0.21818936799772073,0.5080819801810388,,LTCUSDT,slippage_2,inverse_vol,False,0.23907426498274714,-0.019488649218471744,,47.555073489373726,0.06205937090363272,,,2022-01-01 00:00:00+00:00,2024-12-31 23:00:00+00:00,0.010739928408798262,-0.5402221058729324
-0.8092785713862389,-0.4240934468426154,0.6028164326419605,-0.6153351819475458,-0.9057918776092163,-0.46991933116766993,-0.9024813807697909,932,-0.07077928957411986,-0.3709341592607112,195,-0.007174545633034966,-0.0054804915534877605,0.06153846153846154,0.4730264936010401,8.06543097104262,-0.007174545633034966,0.44498433083802647,0.8943447346566469,0.9995688495895931,0.21191152166396426,0.914068612391206,,LTCUSDT,asset_conservative,trend,False,0.7254388716467721,0.003944823749457426,1.2623682116552162,108.30391643232102,0.15162548300524942,456.7704883613519,False,2022-01-01 00:00:00+00:00,2024-12-31 23:00:00+00:00,,
-0.04975449389726483,-0.01685249276640588,0.23743609714115224,0.04567374865029695,0.07157139686427404,-0.048449708160881434,-0.34783476322387175,1044,-0.030778383353880955,0.010844596621332477,50,0.0004459009908931265,-0.011880492924261823,0.36,0.948657725198921,1.8197170129601927,0.0004459009908931265,0.1753511075456266,0.7167724729396835,0.9084711810379972,0.24689310263108166,0.37144376297245063,1.0,LTCUSDT,asset_conservative,breakout,False,0.12200426520644343,-0.024497352656838736,1.1286065932158662,32.68679639987885,0.04576151495983039,11.801168149279466,False,2022-01-01 00:00:00+00:00,2024-12-31 23:00:00+00:00,,
-0.504700773881245,-0.20862556168973012,0.32960643427633174,-0.5462417070679679,-0.831196651170124,-0.304199722341668,-0.6858177255514,932,-0.03708971455462428,-0.18004478131968943,245,-0.0025624269289755332,-0.002775947178039647,0.12653061224489795,0.654664048646746,4.632673679324633,-0.0025624269289755332,0.1885319858873979,0.5392297527950664,0.8020460444442129,0.23832282664925336,0.6362441509218536,,LTCUSDT,asset_conservative,equal,False,0.42372156842660774,-0.010276264453690656,,70.49535641609992,0.0986934989825399,,,2022-01-01 00:00:00+00:00,2024-12-31 23:00:00+00:00,0.007632467958154357,-0.5539562989591799
-0.3612951045844096,-0.13869038202276274,0.22755783559767934,-0.543592330702751,-0.8416505637219683,-0.2887624029424659,-0.4802923808969547,932,-0.02784272717713507,-0.12369869422221595,245,-0.0016275432419511904,-0.0009528348138289071,0.1306122448979592,0.6775759132410337,4.341968403684556,-0.0016275432419511904,0.1577400819900609,0.6090310471296103,0.7805366450993075,0.21944457211092647,0.5115076240553368,,LTCUSDT,asset_conservative,inverse_vol,False,0.23920996191900337,-0.01948884953092961,,47.57139667844898,0.06659995534982857,,,2022-01-01 00:00:00+00:00,2024-12-31 23:00:00+00:00,0.011526003571084536,-0.5606733795975247
-0.7959151309905931,-0.41095720630992316,0.602487739572425,-0.5784479280683886,-0.8486343019741285,-0.4585868604786221,-0.8961382057065734,932,-0.07075869086839476,-0.3485077846422761,195,-0.0068028485286380285,-0.00445321334946955,0.17435897435897435,0.4898332844756067,2.5940319138768455,-0.0068028485286380285,0.4424355277098533,0.8728869757148582,0.9882680168663417,0.2125284255607834,0.9019618049364355,,LTCUSDT,delay1,trend,False,0.7272798045686508,0.0018678432392334138,1.2653532653719377,108.20330329050972,0.0979239894779113,461.4970163588541,False,2022-01-01 00:00:00+00:00,2024-12-31 23:00:00+00:00,,
-0.007290359538391633,-0.0024338293980787906,0.23039384461914209,0.10260792343335723,0.16697986210083315,-0.006798558165739555,-0.35799199458846376,1044,-0.029739448781923666,0.023640233968197734,50,0.0012943341619428683,-0.009815846506301741,0.38,0.9918616018029107,1.7492806979492532,0.0012943341619428683,0.17743378142040667,0.7343930310171438,0.9093017847266339,0.2655514312131065,0.3664872504396359,0.5246716622376437,LTCUSDT,delay1,breakout,False,0.12841154172152489,-0.016896182738970936,1.1259338766333606,32.708232891596076,0.02960095076689445,39.0539742098441,False,2022-01-01 00:00:00+00:00,2024-12-31 23:00:00+00:00,,
-0.4776011648146343,-0.194461134445153,0.3291940306587601,-0.49342867795016837,-0.7481522137203586,-0.28866318416354747,-0.6736610178005153,932,-0.03702678648312353,-0.16243377533703918,245,-0.0023333836915732137,-0.0024328009489204784,0.22448979591836735,0.6652629518666596,2.396752572297058,-0.0023333836915732137,0.1944739604122483,0.54329262703539,0.8048375374528944,0.21503702297480018,0.6336044066972957,,LTCUSDT,delay1,equal,False,0.42784567314508787,-0.007514169749868748,,70.4557680910529,0.06376247012240288,,,2022-01-01 00:00:00+00:00,2024-12-31 23:00:00+00:00,0.004951186852604489,-0.498439443910973
-0.2990013413987497,-0.11157797097116329,0.22483947544332508,-0.41524470159459675,-0.6576880623551401,-0.2236260809744883,-0.4989488278153581,932,-0.026941197972029762,-0.09336340088714919,245,-0.001239950190756511,-0.0007760536904842381,0.2163265306122449,0.7254247801304332,2.5441501285700086,-0.001239950190756511,0.14343770667550665,0.6049127877480658,0.78172136757766,0.22584209465116376,0.5166839106266498,1.0,LTCUSDT,delay1,inverse_vol,False,0.24631820190109935,-0.016711196160072748,,47.46069809176618,0.04295193177304839,,,2022-01-01 00:00:00+00:00,2024-12-31 23:00:00+00:00,0.007270141901495126,-0.42612300376164347
-0.8242961056159066,-0.43961029027498677,0.6030782793208088,-0.6599284383060429,-0.968262966153934,-0.48445175151631775,-0.9074387467875207,932,-0.07107211437940297,-0.3979885070484769,195,-0.007658830909700686,-0.005425003100522954,0.07179487179487179,0.4476761255362178,6.446890643001823,-0.007658830909700686,0.4593656238503732,0.9078637693412951,0.9995049913234004,0.2154152881413764,0.9200671093858617,,LTCUSDT,adverse_funding,trend,False,0.7262345548827108,0.004105957555114674,1.2627121051307257,108.34852403088506,0.09805541424795099,1672.558378503494,False,2022-01-01 00:00:00+00:00,2024-12-31 23:00:00+00:00,,
-0.04016858675285995,-0.013560619876270996,0.23644755150947105,0.05899163166222633,0.09268707953032909,-0.03943532444967383,-0.34386986960324495,1044,-0.030591185873450995,0.013948426866082005,50,0.0006243670375794316,-0.011509654438645666,0.36,0.9581219394194144,1.8372803778596665,0.0006243670375794316,0.17630094604224947,0.7132819202445555,0.905072097119533,0.24812540946337402,0.3666245747436938,1.0,LTCUSDT,adverse_funding,breakout,False,0.12207143836853379,-0.024522459852154194,1.1292282875070934,32.70549106624988,0.029598469414956138,410.0552391478875,False,2022-01-01 00:00:00+00:00,2024-12-31 23:00:00+00:00,,
-0.5221537251614224,-0.2180236683400646,0.3294741660268491,-0.5828075761046151,-0.8846106201504735,-0.31481982846189005,-0.6925347409191447,932,-0.037162066655915954,-0.19202004009119744,245,-0.002721579541727397,-0.002711244107277782,0.1306122448979592,0.6363892840361287,4.330047241579066,-0.002721579541727397,0.18912990759505685,0.541671369788583,0.8062786558132956,0.24387966306562006,0.6476530673008701,,LTCUSDT,adverse_funding,equal,False,0.42415299662562234,-0.010208251148519757,,70.52700754856748,0.06382694183145356,,,2022-01-01 00:00:00+00:00,2024-12-31 23:00:00+00:00,0.004941077499116819,-0.5878037116104885
-0.36575322640678687,-0.1406971952742545,0.22668948161889965,-0.5568270244427949,-0.8623203327889201,-0.2924105201446183,-0.48116324681023614,932,-0.027736499795018917,-0.12622682952233152,245,-0.0016602250175574707,-0.0008827687523769717,0.13877551020408163,0.6688258272585083,3.995733795288643,-0.0016602250175574707,0.1615621817927507,0.6158119915386042,0.7827610275300853,0.2209381257779235,0.5142185942511147,,LTCUSDT,adverse_funding,inverse_vol,False,0.238801391939049,-0.019490195753890733,,47.503059293117296,0.04299026866027116,,,2022-01-01 00:00:00+00:00,2024-12-31 23:00:00+00:00,0.007435550485098392,-0.567891067234101
-0.7932740586490465,-0.4084294584687759,0.7329420191983282,-0.3571315060452808,-0.5447806441458403,-0.4518964866190303,-0.9038119803155293,949,-0.08073958036493503,-0.2617566871601681,195,-0.005170470812114598,-0.005843634532053348,0.08717948717948718,0.48748356610146404,7.467608952609492,-0.005170470812114598,0.2992506268411246,0.8242293184770875,0.9608749499249336,0.16858950953698473,0.40973992588067193,,LINKUSDT,base,trend,False,0.7306701345486251,0.009893319706428035,1.3645494492580206,112.28987603798045,0.07916436260677621,295.3141342628524,False,2022-01-01 00:00:00+00:00,2024-12-31 23:00:00+00:00,,
-0.06243964955136161,-0.0212428967246705,0.3161621853572085,0.08725342931102105,0.1386834171999304,-0.040462172091126736,-0.5250063362102357,1044,-0.04159766821619895,0.02758623489088313,61,0.0008611917140311747,-0.012080899915470336,0.4262295081967213,0.9472634677802496,1.396856349523138,0.0008611917140311747,0.1774790031105521,0.5561247902424148,0.7594794646196703,0.3932667311371414,0.5146811164095617,1.0,LINKUSDT,base,breakout,False,0.16621043496608043,-0.0022585963255664513,1.1401197526582578,40.12569239158773,0.028288613136069347,102.29104622928838,False,2022-01-01 00:00:00+00:00,2024-12-31 23:00:00+00:00,,
-0.4520814988300772,-0.1815638802744446,0.4111816661671523,-0.284753031977465,-0.4434736602900709,-0.2746286683581015,-0.6611250069409896,964,-0.044469226150609505,-0.11708522613464245,256,-0.0016451319562783093,-0.003080735256725628,0.17578125,0.7065212518778806,3.864705406578583,-0.0016451319562783093,0.15146633868657666,0.522403814119498,0.689410877775687,0.15721881096016893,0.2768049230754188,1.0,LINKUSDT,base,equal,False,0.4484402847573528,0.0038173616904307833,,76.20778421478408,0.05372648787142278,,,2022-01-01 00:00:00+00:00,2024-12-31 23:00:00+00:00,0.004958955282890764,-0.28876880521650883
-0.34690565741827883,-0.13227605956785782,0.29173853672413996,-0.34253252949269636,-0.5327930535828254,-0.2363988286843869,-0.5595461716287009,1030,-0.03337209560837317,-0.09992993893461755,256,-0.0013385011589554321,-0.0015657843652928,0.16015625,0.7143347727660577,3.8993775198441605,-0.0013385011589554321,0.11841105141612847,0.48538880017381963,0.7048148571020059,0.2781179727500316,0.4546795193008982,1.0,LINKUSDT,base,inverse_vol,False,0.3010286802182792,-0.010705835905506864,,56.29069390272407,0.03968493920142047,,,2022-01-01 00:00:00+00:00,2024-12-31 23:00:00+00:00,0.006732230128954887,-0.350227890158132
-0.8069232153252621,-0.4217345371301179,0.7332667748202514,-0.3876153071016178,-0.5905524237640134,-0.4636745453384749,-0.9095486076818353,949,-0.08081364800262374,-0.2842254261093646,195,-0.005526549810873561,-0.00616010861378122,0.08717948717948718,0.474315695606944,7.3061841625440485,-0.005526549810873561,0.3066967005946433,0.8279571014269429,0.9621699861334063,0.17400658923972578,0.42033055586942614,,LINKUSDT,stress,trend,False,0.7307140513914052,0.009891678747478724,1.364697362852712,112.28620559371768,0.10161901606231451,282.3046453307644,False,2022-01-01 00:00:00+00:00,2024-12-31 23:00:00+00:00,,
-0.08507765374516263,-0.0291775229968515,0.3165415631007243,0.06183817360007608,0.09800128889581426,-0.05474377214347735,-0.53298342175582,1044,-0.041761759603497706,0.019574352130662026,61,0.0004610003617959942,-0.012476189671565064,0.4262295081967213,0.9280924948629528,1.3730308356146232,0.0004610003617959942,0.17711868138707024,0.5574226728062235,0.7623930557910387,0.394642995515288,0.5168322983647312,1.0,LINKUSDT,stress,breakout,False,0.16621043496608043,-0.002258596325566465,1.1401197526582578,40.12105689213835,0.036309556487385194,101.12598622626228,False,2022-01-01 00:00:00+00:00,2024-12-31 23:00:00+00:00,,
-0.4767506678410107,-0.1940246148560204,0.4114013193004439,-0.3216458741900989,-0.500062917977383,-0.2891093038972035,-0.6711116253975982,964,-0.0445410492848378,-0.13232553698935126,256,-0.0018247305040426007,-0.0031664353235040985,0.17578125,0.6889526685826022,3.786316124421669,-0.0018247305040426007,0.1513989790019445,0.5238693868145808,0.690859013163035,0.15685955392936793,0.280710767143754,1.0,LINKUSDT,stress,equal,False,0.44846224317874284,0.003816541210956128,,76.20363124292801,0.06896428627484985,,,2022-01-01 00:00:00+00:00,2024-12-31 23:00:00+00:00,0.006371684358965562,-0.3268028146709274
-0.36840140249691067,-0.14189372317767313,0.2920710937047511,-0.3799457299178534,-0.5895802559176239,-0.2501006826645026,-0.5673464049197194,1030,-0.0334639697799592,-0.11097116488555742,256,-0.0014677932692920273,-0.001586660511285866,0.16015625,0.6964325506225888,3.8225603016823007,-0.0014677932692920273,0.11799804226292311,0.48721259661101324,0.7082348201079792,0.2785772468964292,0.4536934925913346,1.0,LINKUSDT,stress,inverse_vol,False,0.3011717970119961,-0.010701296043712887,,56.29812875311145,0.05094980652156586,,,2022-01-01 00:00:00+00:00,2024-12-31 23:00:00+00:00,0.008644864358033464,-0.38981753932645685
-0.8196731010024534,-0.4347423737133881,0.7335961418413567,-0.41806748514430137,-0.6361601676958628,-0.4751573920450063,-0.9149439343505149,949,-0.08088771591023707,-0.30669269413117817,195,-0.005882347295556652,-0.006444618043886807,0.08205128205128205,0.46160183210746064,7.638939080003715,-0.005882347295556652,0.3142220043817778,0.831692701465467,0.9634289746318717,0.17956038723870588,0.43135485585459094,,LINKUSDT,slippage_1_5,trend,False,0.7307579673932326,0.00989003722077797,1.3648452899531156,112.28253424420372,0.12407220033984512,269.8964357544447,False,2022-01-01 00:00:00+00:00,2024-12-31 23:00:00+00:00,,
-0.10716908651796953,-0.037047838147097445,0.3169256409856914,0.0364890573933798,0.05766034129689841,-0.06850225224319677,-0.5408265704253077,1044,-0.041925820471433235,0.011564317903360577,61,6.0968909412368486e-05,-0.01287132148628257,0.4262295081967213,0.9093524763990455,1.3496741523616722,6.0968909412368486e-05,0.17675862993887909,0.5587590223295166,0.7653444893450323,0.39599917222567566,0.5191098176494856,1.0,LINKUSDT,slippage_1_5,breakout,False,0.16621043496608043,-0.002258596325566474,1.1401197526582576,40.11642324484211,0.04432864768555054,99.97990072560646,False,2022-01-01 00:00:00+00:00,2024-12-31 23:00:00+00:00,,
-0.5003096079316698,-0.20629587826519735,0.41162401596381004,-0.3584926592982918,-0.5563822304586385,-0.30301796630710315,-0.680804114618472,964,-0.04461286293709604,-0.14756418811390878,256,-0.0020042022763276093,-0.0032521209008123915,0.171875,0.6719364450278588,3.8122510133337215,-0.0020042022763276093,0.15130676073423927,0.5261061812855184,0.6932351135459948,0.15652336053070748,0.2848692061556334,1.0,LINKUSDT,slippage_1_5,equal,False,0.4484842011796566,0.003815720447605757,,76.19947874452292,0.0842004240126978,,,2022-01-01 00:00:00+00:00,2024-12-31 23:00:00+00:00,0.007787279232540793,-0.36479177337320506
-0.38919859716596417,-0.15140892946032003,0.29240751220312516,-0.41727954662297057,-0.6459734595276617,-0.26331473955801743,-0.5750112193281127,1030,-0.033559026716666794,-0.1220156741212708,256,-0.0015970700077901417,-0.0016076231477375829,0.15625,0.679051630239301,3.860789637292333,-0.0015970700077901417,0.11758362435978437,0.4890809640637674,0.7117155869062933,0.2790777484122085,0.45272755892080324,1.0,LINKUSDT,slippage_1_5,inverse_vol,False,0.3013157576316629,-0.010696724591948776,,56.305642521422016,0.062217734986171336,,,2022-01-01 00:00:00+00:00,2024-12-31 23:00:00+00:00,0.010558880472016228,-0.42932488649469225
-0.8315828372210017,-0.4474595637811508,0.7339301122726184,-0.4484875128774483,-0.6816030274156842,-0.4863594608713565,-0.9200182165254623,949,-0.08096178408405094,-0.32915849067901304,195,-0.006237863608770568,-0.0066482365481478805,0.08205128205128205,0.4493180394998045,7.476216726162538,-0.006237863608770568,0.3218281863418693,0.835441087352931,0.9646582640385349,0.18525444052535545,0.44284881199109954,,LINKUSDT,slippage_2,trend,False,0.7308018825507158,0.009888395128689659,1.3649932305635541,112.27886198897669,0.1465239148956146,258.05943185751806,False,2022-01-01 00:00:00+00:00,2024-12-31 23:00:00+00:00,,
-0.12872714508774386,-0.04485436394480191,0.3173143979831643,0.01120696420930466,0.017658259080041875,-0.08177074586921594,-0.5485380311504305,1044,-0.04208985083829324,0.003556131101294377,61,-0.00033890273893456136,-0.013266295454264153,0.4262295081967213,0.8910308267604732,1.326772596345954,-0.00033890273893456136,0.17639899076513318,0.5601349138333753,0.7683345213028329,0.3972246557731928,0.5215206935847618,1.0,LINKUSDT,slippage_2,breakout,False,0.16621043496608043,-0.0022585963255664725,1.1401197526582572,40.11179144858919,0.052345887840408896,98.85243554530066,False,2022-01-01 00:00:00+00:00,2024-12-31 23:00:00+00:00,,
-0.5228082639393878,-0.2183805478268972,0.4118497496504371,-0.39529265205827835,-0.6124310423451781,-0.3163967337551129,-0.6902111321917785,964,-0.0446846671101163,-0.16280117978885927,256,-0.002183547417965836,-0.0033377919865348214,0.171875,0.6554490599296116,3.7357824541548075,-0.002183547417965836,0.1511903659605758,0.5288353505900804,0.6956555962904106,0.15621203990458596,0.2893076809227141,1.0,LINKUSDT,slippage_2,equal,False,0.4485061587583981,0.0038148994015615957,,76.19532671878295,0.09943490136801172,,,2022-01-01 00:00:00+00:00,2024-12-31 23:00:00+00:00,0.009205867038944606,-0.4027350201058564
-0.40931976859241415,-0.1608227813183365,0.2927477665307076,-0.4545330664823121,-0.7019738827904837,-0.2757402217804457,-0.5832401971678596,1030,-0.03365781211579652,-0.1330635400270505,256,-0.0017263321995726298,-0.0016286721712516687,0.15625,0.6621705735722586,3.7856024665968215,-0.0017263321995726298,0.11716831565538546,0.49099690308631677,0.7152612256994008,0.27962151139328234,0.45178310671287114,1.0,LINKUSDT,slippage_2,inverse_vol,False,0.3014605418089973,-0.010692120558662125,,56.313233913626334,0.07348877025728237,,,2022-01-01 00:00:00+00:00,2024-12-31 23:00:00+00:00,0.012474444788856022,-0.4687491196752177
-0.8369617530422067,-0.45340028154743384,0.7340903585326782,-0.46292561188885617,-0.7031303696653514,-0.49158589422493915,-0.9223215858589457,949,-0.08099696655878898,-0.3398292284054499,195,-0.006406635458570926,-0.006730237298568371,0.08205128205128205,0.443625246759882,7.400529418924047,-0.006406635458570926,0.3254727406950104,0.8372344996293574,0.9652416560713752,0.18800933161080552,0.4484844486938611,,LINKUSDT,asset_conservative,trend,False,0.7308227419537555,0.00988761493756901,1.365063507087497,112.27711735032774,0.15718796429045884,252.6286678362148,False,2022-01-01 00:00:00+00:00,2024-12-31 23:00:00+00:00,,
-0.13878410913140105,-0.04854026722046212,0.317500690605926,-0.0007782999557004718,-0.0012246528842818193,-0.08790074120941102,-0.5522168135627188,1052,-0.0421677545829254,-0.0002471107734334614,61,-0.0005287858182197855,-0.013453852820703847,0.4262295081967213,0.8824710819726918,1.3160499670726147,-0.0005287858182197855,0.1762283485529914,0.560802632504428,0.769768532470172,0.3975171173061865,0.5227147331937304,1.0,LINKUSDT,asset_conservative,breakout,False,0.1662104349660804,-0.0022585963255664747,1.140119752658257,40.10959199349211,0.05615342879088896,98.32331191801558,False,2022-01-01 00:00:00+00:00,2024-12-31 23:00:00+00:00,,
-0.5331375626419255,-0.22405622030633687,0.41195803516523877,-0.41275604570071894,-0.6389592749356615,-0.32257710798070927,-0.6945818992206225,964,-0.04471877077239346,-0.17003816958944168,256,-0.002268692041735831,-0.0033675797381172976,0.171875,0.6477956051487228,3.7001377949519103,-0.002268692041735831,0.15112726716601216,0.5301483852910923,0.6968237512355759,0.15607342886789494,0.2915229739957648,1.0,LINKUSDT,asset_conservative,equal,False,0.44851658845991804,0.003814509306001271,,76.19335467190993,0.10667069654067388,,,2022-01-01 00:00:00+00:00,2024-12-31 23:00:00+00:00,0.009880700843949545,-0.4207417946809443
-0.4186468327772541,-0.16525917043691718,0.2929107236416743,-0.4722001000707626,-0.7284368370150539,-0.2811916282633634,-0.5877101372382816,1030,-0.03370473281927368,-0.1383124730153981,256,-0.0017877268779644272,-0.001656308176872399,0.15625,0.6543205900597189,3.7505440238252707,-0.0017877268779644272,0.11710468966130026,0.49192594170487275,0.7169713979177087,0.2798955726412517,0.4513424477566287,1.0,LINKUSDT,asset_conservative,inverse_vol,False,0.3015295969670103,-0.010689921976722564,,56.31686664178569,0.07884361329849995,,,2022-01-01 00:00:00+00:00,2024-12-31 23:00:00+00:00,0.013384886527164217,-0.48744623847982105
-0.7687719637943249,-0.38594550438403386,0.7311352902080616,-0.30885249482784716,-0.4698757583269748,-0.4309819965297285,-0.8955026137789305,949,-0.08103972312526941,-0.22581295843744187,195,-0.0043219820832268415,-0.003991411183417655,0.2358974358974359,0.4927481185564398,2.4566705560392967,-0.0043219820832268415,0.3490449968479322,0.82575307849645,0.9263973342753747,0.19580146002918153,0.34366517033306143,1.0,LINKUSDT,delay1,trend,False,0.7354150195700645,0.004935094971025523,1.5259093236850727,112.54353735088313,0.1018519013025492,264.4457032668392,False,2022-01-01 00:00:00+00:00,2024-12-31 23:00:00+00:00,,
0.2751635939585153,0.0843176538468755,0.31418576289760014,0.4118342697238511,0.6717665300974408,0.17698851027349907,-0.4764018506996869,920,-0.04044959588708914,0.1293924642205642,61,0.006108647470644129,-0.009568949749198167,0.4098360655737705,1.2282380559643447,1.8401073360746354,0.006108647470644129,0.15647269879499254,0.499230690821743,0.7014039837397607,0.350949820810784,0.5821000248255751,1.0,LINKUSDT,delay1,breakout,False,0.16539017408332385,7.834669689003273e-05,1.1676439934497695,40.0061663120951,0.036205580512446066,111.85076538757613,False,2022-01-01 00:00:00+00:00,2024-12-31 23:00:00+00:00,,
-0.3239637366231436,-0.12224150119973676,0.4085808456145599,-0.11799438868927944,-0.1848271428648665,-0.1913127179172846,-0.6389617090307019,964,-0.043799332821034945,-0.04821024710843885,256,-0.0008423413835597587,-0.0022192886676939434,0.28125,0.7902076306896583,2.322578625141911,-0.0008423413835597587,0.15548444203210599,0.5277596218271131,0.6716643431043695,0.16402526671764914,0.27484605905698767,1.0,LINKUSDT,delay1,equal,False,0.45040259682669426,0.002506720833957783,,76.27485183148912,0.06902874090749764,,,2022-01-01 00:00:00+00:00,2024-12-31 23:00:00+00:00,0.006493122180948545,-0.12328674884440935
-0.1866247941180137,-0.06647863827794731,0.288253100516631,-0.09653406294991605,-0.15089669242731593,-0.12233893188430164,-0.5433972428402226,1030,-0.03300305456205951,-0.027826242950780938,256,-0.00047620266119758746,-0.001064505607850263,0.26953125,0.8501683976564482,2.2939353449941926,-0.00047620266119758746,0.10662134458541014,0.4424972925057445,0.6535737505367614,0.2832624810952883,0.5085475752092805,1.0,LINKUSDT,delay1,inverse_vol,False,0.2996405602404109,-0.010920360142120847,,56.36262386603049,0.05100817459875759,,,2022-01-01 00:00:00+00:00,2024-12-31 23:00:00+00:00,0.008635119390456927,-0.10651474916546087
-0.8486755896752771,-0.46680539128272314,0.7346898351562923,-0.4957022481821632,-0.7515740533781894,-0.5041616165451683,-0.9259042655439866,949,-0.08123149522699731,-0.36418740300355695,195,-0.006923396681481352,-0.006360568342141592,0.08717948717948718,0.41874894456606554,6.626175005447508,-0.006923396681481352,0.3398341584058293,0.8443083562861761,0.9672874733770452,0.19407138848484604,0.45707822646610996,,LINKUSDT,adverse_funding,trend,False,0.7317610427814656,0.010230643184050642,1.3657000972686308,112.32138134151799,0.10165085011407378,1157.1589891654132,False,2022-01-01 00:00:00+00:00,2024-12-31 23:00:00+00:00,,
-0.13325074750678634,-0.046508745301269694,0.3164395335797668,0.0049052006242628265,0.007724591058399349,-0.0846321735279453,-0.5495397714902435,1052,-0.04199642800156474,0.0015521993976569098,61,-0.00044776802311285454,-0.013685025006868808,0.4262295081967213,0.8864002463443235,1.3204147361179064,-0.00044776802311285454,0.17719224147101825,0.5624788319297295,0.7699635271789187,0.39736095769874347,0.5255171483072476,1.0,LINKUSDT,adverse_funding,breakout,False,0.1663110979447979,-0.0022627609604385555,1.1405019349535888,40.13340087787014,0.03632072779447248,509.97468130770596,False,2022-01-01 00:00:00+00:00,2024-12-31 23:00:00+00:00,,
-0.5487216051344801,-0.23277995104173155,0.4120092530653889,-0.44008138276975445,-0.6804104399071276,-0.332330474759461,-0.7004472015701131,964,-0.044772035096242134,-0.18131760180295003,256,-0.0024265049575908325,-0.0031912869513764956,0.171875,0.630627772467034,3.615625583145139,-0.0024265049575908325,0.15038669062212548,0.5321162676140165,0.7011205935993027,0.1575587178894466,0.28726809034685485,1.0,LINKUSDT,adverse_funding,equal,False,0.4490360703631317,0.003983941111806033,,76.22739110969407,0.06898578895427314,,,2022-01-01 00:00:00+00:00,2024-12-31 23:00:00+00:00,0.006392129343998147,-0.4452467502678122
-0.4272169261207861,-0.1693775546854911,0.29215615800823913,-0.49108616819082546,-0.7570271593640545,-0.2865646820012003,-0.5910622115141937,1030,-0.03364902361554712,-0.1434738481496195,256,-0.0018535686812354278,-0.0016196978714897049,0.16015625,0.6426927856176073,3.5882274482792456,-0.0018535686812354278,0.11844010347202845,0.49460461147368046,0.7238606587373062,0.2815486584349752,0.4573244374559649,1.0,LINKUSDT,adverse_funding,inverse_vol,False,0.30140419871355445,-0.010638639282166212,,56.29612173313613,0.050947990168488194,,,2022-01-01 00:00:00+00:00,2024-12-31 23:00:00+00:00,0.008644825910122713,-0.5009581360632647
0.9533522506861174,0.24979395241572178,0.4419183505381433,0.723601318738654,1.1277405370979472,0.6078067365839265,-0.4109759523555889,293,-0.05087388592430806,0.31977270122421125,135,0.007159465520158565,-0.0026107091617927746,0.11851851851851852,1.524919099061471,12.72002032147601,0.007159465520158565,0.2169428651861871,0.7439600205801252,0.9353018649859378,0.1959640573693522,0.26791542692001635,0.6764718827970372,BTCUSDT,base,trend,True,0.7779966336458255,0.09750470052257294,1.2427556860253801,85.31872278789018,0.060149699565462574,2104.292724584485,False,2022-01-01 00:00:00+00:00,2024-12-31 23:00:00+00:00,,
1.194178040757699,0.29913264193513145,0.22602874686525268,1.2675715220276338,2.715372821607275,2.7892360779387944,-0.10724536524573647,234,-0.022187267165268244,0.2865076026859871,57,0.015441495910335125,-0.004333689935468025,0.42105263157894735,2.0684378761186513,3.3373142221925534,0.015441495910335125,0.1770564503067634,0.49704311038087223,0.7323320803559222,0.15383491669337507,0.3169241513227791,0.6970712440318206,BTCUSDT,base,breakout,True,0.1493065685972944,0.00513555696727009,1.0555603922645393,37.190291180879356,0.026219155282519946,201.50699391978992,False,2022-01-01 00:00:00+00:00,2024-12-31 23:00:00+00:00,,
1.223668849266006,0.3049217828546551,0.2742224418021597,1.1054534777055278,1.9597395053003517,1.5198089833723651,-0.20063164923400567,252,-0.027785862293655574,0.30314015195509914,192,0.004767293238406632,-0.0013702966062910102,0.20833333333333334,1.7778758436530655,7.37156937940192,0.004767293238406632,0.13754772469992838,0.485196151076028,0.6648482911912206,0.1447236537802306,0.2479632479506216,0.46593390129023404,BTCUSDT,base,equal,True,0.46365160112156,0.05132012874492151,,61.254506984384754,0.04318442742399126,,,2022-01-01 00:00:00+00:00,2024-12-31 23:00:00+00:00,0.002682357691567489,1.1021877588501519
0.9198040385976061,0.24260420313172082,0.21394628817027578,1.1198253981981103,2.1769219707945555,1.9956843139892426,-0.12156441849601496,234,-0.02064554776092994,0.23958248734328672,192,0.003797943022816979,-0.0007188654299183097,0.1875,1.8274396564779796,7.835955427176741,0.003797943022816979,0.12116827733242254,0.4134766042848738,0.6580988098317943,0.154749944297544,0.3021323581592154,0.4203297715465977,BTCUSDT,base,inverse_vol,True,0.2984781414539177,0.030802445860591436,,46.748408329195826,0.032957627872083055,,,2022-01-01 00:00:00+00:00,2024-12-31 23:00:00+00:00,0.0059154807375159935,1.110614782437765
0.8551629991324219,0.22851104829220015,0.44222711946655835,0.6845535070642967,1.0650488249175025,0.5470323793643931,-0.4177285603417321,293,-0.05095712008233695,0.30272812554977424,135,0.006759062567861025,-0.0027827503681489775,0.1111111111111111,1.4719880048816125,13.231108541668782,0.006759062567861025,0.21377780727801798,0.74239606281819,0.9359830748225431,0.19324501158155138,0.2661849188636108,0.7091734639173687,BTCUSDT,stress,trend,True,0.7780432874692406,0.09750895955928518,1.242846208321785,85.31628048833323,0.07721123384194158,2026.1300481595317,False,2022-01-01 00:00:00+00:00,2024-12-31 23:00:00+00:00,,
1.145218489869941,0.2894060333072681,0.22624945778123942,1.2333345283215782,2.622472409652364,2.6540276472614965,-0.10904409138536508,234,-0.022383996637785692,0.27904126829563775,57,0.015040427942310372,-0.004733159645809146,0.42105263157894735,2.0142024638253613,3.2467317936314446,0.015040427942310372,0.1788840798751621,0.4987544913548384,0.7344601705363628,0.1552323800769661,0.3205735834120611,0.7100449659592672,BTCUSDT,stress,breakout,True,0.1493065685972944,0.005135556967270084,1.0555603922645398,37.185845255607575,0.03365318995632485,198.64374782953718,False,2022-01-01 00:00:00+00:00,2024-12-31 23:00:00+00:00,,
1.1430037292477655,0.2889625504305193,0.2744298588763657,1.0599600863904297,1.8734749568030957,1.3980021027972154,-0.20669679240992833,253,-0.027869986572723788,0.290884696922706,192,0.00457065865996163,-0.0014119053462257993,0.203125,1.7227757448601677,7.373918415855783,0.00457065865996163,0.13591969404798057,0.48447601408267205,0.6645648385699946,0.14372671258503864,0.25053011473989517,0.4738132917247227,BTCUSDT,stress,equal,True,0.46367492803326754,0.05132225826327763,,61.25106287197041,0.05543221189913322,,,2022-01-01 00:00:00+00:00,2024-12-31 23:00:00+00:00,0.0034467853849260276,1.0557673291748666
0.8675097750131993,0.23122793451799284,0.2141745076495214,1.0759012410335773,2.081166004196241,1.832642696112895,-0.1261718582724478,234,-0.0207648731019118,0.23043061857787545,192,0.0036519661039033885,-0.0007378365225878742,0.18229166666666666,1.77316034761424,7.879934728658222,0.0036519661039033885,0.12027462121829599,0.41503552293900137,0.6600429635123913,0.15738922190820495,0.30943054389389507,0.4253893160349626,BTCUSDT,stress,inverse_vol,True,0.2986970931696607,0.03089043112179133,,46.75593083029231,0.04231411740141454,,,2022-01-01 00:00:00+00:00,2024-12-31 23:00:00+00:00,0.007591298374626464,1.0640918572183675
0.7618963744013401,0.2075875931950113,0.442541496051947,0.6455542137640397,1.002635924065988,0.4891265940726925,-0.42440463411842266,293,-0.05104088374562958,0.2856845275417765,135,0.006359034399911472,-0.002895028948854536,0.1111111111111111,1.421705349428305,12.802325690143157,0.006359034399911472,0.21062680033973774,0.7408283570572709,0.9368700193219489,0.19042440989726456,0.2665239379603563,0.7329883394304711,BTCUSDT,slippage_1_5,trend,True,0.7780899393261851,0.09751321671306301,1.2429367223518493,85.31383748820711,0.09427179042446886,1950.9991906085968,False,2022-01-01 00:00:00+00:00,2024-12-31 23:00:00+00:00,,
1.097351534141917,0.27975227659010815,0.22647694415801892,1.199136292781355,2.5310312270659963,2.523947084428754,-0.1108392003604246,234,-0.0225806947051029,0.2715767232180967,57,0.014639520224396442,-0.005132469744636886,0.42105263157894735,1.962412744337935,3.1598619564418122,0.014639520224396442,0.18072891007348202,0.5004906513422895,0.7366216902630239,0.156643495168411,0.32393020632143155,0.7236412719449415,BTCUSDT,slippage_1_5,breakout,True,0.14930656859729438,0.005135556967270097,1.0555603922645393,37.18140110674298,0.041085448222950995,195.82445730560437,False,2022-01-01 00:00:00+00:00,2024-12-31 23:00:00+00:00,,
1.0652634972374657,0.27319823406244415,0.2746413422286263,1.0145254283966811,1.787797890334633,1.2843329432306712,-0.2127160527201214,269,-0.027956432488917486,0.2786306253799366,192,0.004374170260773059,-0.0015255528326342188,0.203125,1.670447878657503,7.148651683550875,0.004374170260773059,0.13429927262540947,0.4837748542803632,0.664673523138547,0.14273609962871853,0.2531970710868002,0.4824155862298419,BTCUSDT,slippage_1_5,equal,True,0.4636982539617398,0.05132438684016657,,61.24761929747504,0.06767861932370993,,,2022-01-01 00:00:00+00:00,2024-12-31 23:00:00+00:00,0.004212892768164897,1.0094052701979792
0.8166112029073138,0.21994938308498257,0.21440880723686997,1.0320241697587955,1.9864216690947687,1.6821121930614507,-0.13075785550586483,234,-0.020886403053716685,0.22127507127760437,192,0.003505989425886932,-0.0008188110849824547,0.18229166666666666,1.7214401630920326,7.655142565559753,0.003505989425886932,0.11938673412364378,0.41663056232378587,0.6620256024389036,0.16004200241426578,0.3170169973821464,0.4309017197024677,BTCUSDT,slippage_1_5,inverse_vol,True,0.298919469996569,0.03097877612431912,,46.763785708759016,0.05167398320817872,,,2022-01-01 00:00:00+00:00,2024-12-31 23:00:00+00:00,0.009265998014374686,1.0176230350538016
0.6733062415219864,0.18701756707318307,0.44286146635077217,0.6066048370196785,0.9405048290734429,0.4339104039792991,-0.43100503089597564,293,-0.05112618513821081,0.268641907618006,135,0.0059593804598854615,-0.0029527841541001805,0.1111111111111111,1.373881257287039,12.394156783211924,0.0059593804598854615,0.20749164755596403,0.7392623152203676,0.937773125128478,0.18760409096704844,0.26897645338380544,0.759190606600003,BTCUSDT,slippage_2,trend,True,0.7781365892119199,0.09751747198336772,1.2430272280927195,85.31139378724015,0.1113313688923484,1878.7781868855413,False,2022-01-01 00:00:00+00:00,2024-12-31 23:00:00+00:00,,
1.0505527840880764,0.2701708251544708,0.22671117995688497,1.1649798939399267,2.44102428502431,2.3987316617008387,-0.11263069957683558,235,-0.022777361386038687,0.2641139663811675,57,0.014238772660568617,-0.005531620327593266,0.42105263157894735,1.9129039791933633,3.0764810489255368,0.014238772660568617,0.18259116608165124,0.5022520438266537,0.7388171509911794,0.15806863299151735,0.3263532407264583,0.7379179383654302,BTCUSDT,slippage_2,breakout,True,0.14930656859729444,0.005135556967270052,1.0555603922645398,37.176958733221106,0.04851593114685354,193.04838996747333,False,2022-01-01 00:00:00+00:00,2024-12-31 23:00:00+00:00,,
0.990342143954581,0.25762645623534897,0.2748568802921035,0.9691514242484829,1.7027113661655502,1.178045269437195,-0.21868977612246487,276,-0.02804592520785691,0.26637793699958684,192,0.004177827875270146,-0.001679327841534678,0.203125,1.620691844390802,6.9337811316550955,0.004177827875270146,0.1326871830064876,0.48309530632054665,0.6648032026354913,0.14175211401984972,0.2558122696708786,0.49186200900738297,BTCUSDT,slippage_2,equal,True,0.46372157890460713,0.05132651447531889,,61.24417626023063,0.07992365001960097,,,2022-01-01 00:00:00+00:00,2024-12-31 23:00:00+00:00,0.004980700066385319,0.9631035191245343
0.7670709717137956,0.20876756674895147,0.2146491423278256,0.9881971510503521,1.8926835275396752,1.542739300699275,-0.1353226476141003,234,-0.021007983056909842,0.2121156709237588,192,0.0033600103116337983,-0.0009073007881694652,0.18229166666666666,1.6721034567517692,7.440020157355737,0.0033600103116337983,0.11850500248818617,0.41826373169739717,0.6640497209014495,0.1627291333323363,0.32491218869490474,0.4369357599641976,BTCUSDT,slippage_2,inverse_vol,True,0.29914517696022824,0.031067451189301865,,46.77196441580209,0.06103741356262172,,,2022-01-01 00:00:00+00:00,2024-12-31 23:00:00+00:00,0.010939582666740832,0.9712116100140106
0.6327961250327716,0.17736890055447674,0.44301540771752335,0.5881217704199291,0.9110921647582894,0.40857682382655564,-0.4341139541232798,293,-0.0511677518991819,0.2605470059101365,135,0.005769675774522922,-0.0029802190530786184,0.1111111111111111,1.3519746646422302,12.207075135809939,0.005769675774522922,0.2060081667595256,0.7385193749342165,0.938207943800342,0.18626475521557465,0.2699341678251148,0.7726012645821412,BTCUSDT,asset_conservative,trend,True,0.7781587472157343,0.09751949257680276,1.2430702154092133,85.31023278368909,0.11943432589716468,1845.4585926071106,False,2022-01-01 00:00:00+00:00,2024-12-31 23:00:00+00:00,,
1.0286906719366589,0.2656448082202385,0.2268247987197338,1.1487711418140643,2.3987668043279777,2.340887147602203,-0.11348039929748066,235,-0.022870767069876327,0.2605697830170139,57,0.01404847364399603,-0.005721161001716015,0.42105263157894735,1.890142413791182,3.038037161688241,0.01404847364399603,0.1834819087662499,0.5030976778773805,0.7398720352686439,0.15875059744274986,0.3275129989032542,0.7449562472522904,BTCUSDT,asset_conservative,breakout,True,0.14930656859729444,0.005135556967270106,1.0555603922645396,37.17484922741553,0.05204478891838174,191.744691159735,False,2022-01-01 00:00:00+00:00,2024-12-31 23:00:00+00:00,,
0.9557123200577746,0.25029663058645957,0.27496067790972134,0.9476205704916291,1.6625029759004475,1.1299489923171913,-0.22151144192197136,277,-0.028088430255558055,0.2605583944635752,192,0.004084616344789679,-0.0017200578839928096,0.203125,1.597904237575212,6.835154369264572,0.004084616344789679,0.13192441227312207,0.4827803075508564,0.6648676897843333,0.14128712991922737,0.25683545581088363,0.4966865265419064,BTCUSDT,asset_conservative,equal,True,0.4637326579065144,0.05132752477203642,,61.242541005552305,0.08573955740777321,,,2022-01-01 00:00:00+00:00,2024-12-31 23:00:00+00:00,0.005345982335207037,0.9411319019132562
0.7440046739231134,0.2034898118554842,0.21476540276300135,0.9673976981135232,1.848509006998896,1.4801028445447149,-0.13748356244668825,234,-0.021065750489548084,0.20776355626735118,192,0.003290668618328467,-0.000951583886483123,0.18229166666666666,1.6494555117462255,7.3410450409209425,0.003290668618328467,0.11808833542694734,0.41905304599237725,0.665025969464609,0.1640254525809698,0.3287769938482881,0.440008006578818,BTCUSDT,asset_conservative,inverse_vol,True,0.29925352700117624,0.031109678978635306,,46.77596029391021,0.06548634441147429,,,2022-01-01 00:00:00+00:00,2024-12-31 23:00:00+00:00,0.011734168528345669,0.9491871936255342
0.4962260787081829,0.14361326370852234,0.44567071794510377,0.5223491639029195,0.7950293308356458,0.33145560334003543,-0.43328054273739824,680,-0.052887955145432854,0.23279572689463882,135,0.005220647988052088,-0.0017443382952429425,0.24444444444444444,1.3071334879120646,4.51496029210096,0.005220647988052088,0.21651846018734686,0.7522648797812909,0.9599003135145965,0.17585033164267228,0.24786058462977953,0.6783526487476553,BTCUSDT,delay1,trend,True,0.7798438382729134,0.0954535975020641,1.2825291799471505,85.4879654481284,0.0773666087305562,1587.092724220578,False,2022-01-01 00:00:00+00:00,2024-12-31 23:00:00+00:00,,
1.0765211493378168,0.2755053153381064,0.22301250788184193,1.1996776181141278,2.4947804881499933,1.9683414119731089,-0.13996825635138865,170,-0.021926649321437612,0.26754311426534627,57,0.014335333731858949,-0.0029250806829308556,0.47368421052631576,2.092304138816398,2.5680923562560256,0.014335333731858949,0.16867550279968102,0.4784892115268543,0.6998095191906721,0.1556936592043582,0.2840600156364377,0.5758671762798543,BTCUSDT,delay1,breakout,True,0.15880950846153183,0.012734468355375728,1.0749638941955868,37.26595980283318,0.033725693621564024,167.280379815684,False,2022-01-01 00:00:00+00:00,2024-12-31 23:00:00+00:00,,
0.8978942232371443,0.23786334219843863,0.2733507475979333,0.9151956699528118,1.5775096631802352,1.039081480278879,-0.2289169297239313,491,-0.02853622124675198,0.25016942057999253,192,0.00398623572640987,-0.0009586255303937848,0.3125,1.6275249411280082,3.784741437759235,0.00398623572640987,0.14094655119104546,0.4947335440739216,0.6727476618457257,0.14655233841245074,0.26631768609208867,0.5381557788891291,BTCUSDT,delay1,equal,True,0.4693266733672226,0.05409403292871992,,61.376962625480786,0.05554615117606011,,,2022-01-01 00:00:00+00:00,2024-12-31 23:00:00+00:00,0.003501174781533856,0.9109259534688965
0.9210234029615323,0.24286698764030623,0.2166494213145119,1.109428235976787,2.1572982173049455,1.6859401058137813,-0.14405433906151577,263,-0.020674688198621696,0.24035698531435065,192,0.0038037720259463934,-0.00040442060958447026,0.296875,1.8705031742469396,4.214127231426873,0.0038037720259463934,0.12399627525458143,0.41930191572447634,0.6453119389151086,0.17109357613259754,0.288522806982393,0.47506255881470616,BTCUSDT,delay1,inverse_vol,True,0.3083216720529222,0.0373775415306223,,46.29904609482431,0.041900636715815995,,,2022-01-01 00:00:00+00:00,2024-12-31 23:00:00+00:00,0.007400322322858198,1.0981310178573749
0.4356347619690435,0.12797695201249848,0.4429365564417619,0.4913893234255534,0.757977765465606,0.2864853006915584,-0.44671385129907104,655,-0.051330479035254575,0.21765429479036183,135,0.0046251352147317695,-0.002841222604158465,0.1111111111111111,1.2563570137710345,11.353077476900488,0.0046251352147317695,0.19696978342125937,0.740782718345702,0.9445099106585187,0.1808503374733341,0.2685586369129951,0.8492506074506355,BTCUSDT,adverse_funding,trend,True,0.7795136173624203,0.09819129505629645,1.2444404894166492,85.36243722526291,0.07725300568886291,4754.460925746987,False,2022-01-01 00:00:00+00:00,2024-12-31 23:00:00+00:00,,
1.0460754276297592,0.2692465278913516,0.2260142576490756,1.1646529796492162,2.4507772909162773,2.436070342576463,-0.11052493977106925,235,-0.022584464875387563,0.26322817861420156,57,0.014171028287502935,-0.005750765679288469,0.42105263157894735,1.9248249019974304,3.0935491846776197,0.014171028287502935,0.18351006855463262,0.5026962895038787,0.7383491147476694,0.15861353785592455,0.3282246013400106,0.737530775730963,BTCUSDT,adverse_funding,breakout,True,0.1494092559026656,0.0051476883206968355,1.0555603922645393,37.196383341852794,0.033662726924376773,1030.6414254856995,False,2022-01-01 00:00:00+00:00,2024-12-31 23:00:00+00:00,,
0.8415917561180519,0.22551077060775815,0.274652338874883,0.875438518700596,1.5319849533824825,0.9827747056527127,-0.22946334425445403,293,-0.028082240449373196,0.24044123670228168,192,0.003734686218797981,-0.0016602747619916757,0.203125,1.5433732279919679,6.593840590883963,0.003734686218797981,0.12654089727125634,0.4788758125078108,0.6617154783625236,0.1379710677991047,0.25378378376776417,0.5042778263589953,BTCUSDT,adverse_funding,equal,True,0.46446143663254297,0.05166949168849663,,61.27941028355785,0.05545786630661984,,,2022-01-01 00:00:00+00:00,2024-12-31 23:00:00+00:00,0.0034617445836875966,0.871232517170233
0.6951470803693534,0.19215507446340663,0.21410665444728924,0.9254991925853552,1.7711152522489064,1.4142707302203643,-0.1358686638685268,234,-0.020925497372136333,0.19815553581811785,192,0.003125888853131313,-0.0008613682513678482,0.18229166666666666,1.620736377021624,7.212100067807144,0.003125888853131313,0.11450549751980027,0.421131194955337,0.6666626191996299,0.16953034108252063,0.34363947938220285,0.4412847878241649,BTCUSDT,adverse_funding,inverse_vol,True,0.29897539191691086,0.031021556895935883,,46.761386310097336,0.042319054610638084,,,2022-01-01 00:00:00+00:00,2024-12-31 23:00:00+00:00,0.007591870654649321,0.9136832511292804
0.39134966887070766,0.11626799263891274,0.5103271685567813,0.46967910529903034,0.7140705556228483,0.19931611211833733,-0.5833346406530471,871,-0.0565094829439691,0.23969000793753648,149,0.004365210074543455,-0.003257897288581301,0.12751677852348994,1.1817796361196062,9.249041521458908,0.004365210074543455,0.17631675763016616,0.6077836139470055,0.9141052332403932,0.1447340064433547,0.4891124989745354,0.7282433618640067,ETHUSDT,base,trend,True,0.7390302200477878,0.01726110631478571,1.2692431028093936,80.70087435567937,0.05689411642075396,1532.5128005034558,False,2022-01-01 00:00:00+00:00,2024-12-31 23:00:00+00:00,,
0.66862511216997,0.18591063676631925,0.26835653760302713,0.7650162201350366,1.4761905391305212,0.7764869580090545,-0.2394253178997391,629,-0.029014330570722575,0.20529710404559362,51,0.012340695433186088,0.003299145267069187,0.5098039215686274,1.6941492849202386,1.6928686034270795,0.012340695433186088,0.19045365599902211,0.5398157211972215,0.7533942402710871,0.21141963273296382,0.39981202342533156,0.7419846202045808,ETHUSDT,base,breakout,True,0.12342931742062849,-0.0014253047461936133,1.0856826871299357,33.25786828980275,0.023446797144310937,65.78248859045361,False,2022-01-01 00:00:00+00:00,2024-12-31 23:00:00+00:00,,
0.6994152105651434,0.19315388020133728,0.30506150252611614,0.7293399991449838,1.2211480028166926,0.5458469042600272,-0.35386090622458455,690,-0.03100980380422086,0.222493555991565,200,0.003165607103279995,-0.0016087191161173174,0.225,1.4242165238068178,5.097909010496124,0.003165607103279995,0.09349168015848658,0.39960166519750845,0.6612098155347744,0.1497010466117821,0.30538306496140816,0.6978131276361473,ETHUSDT,base,equal,True,0.4312297687342082,0.00791790078429604,,56.979371322741066,0.040170456782532456,,,2022-01-01 00:00:00+00:00,2024-12-31 23:00:00+00:00,0.0033080134515378677,0.7257337498458487
0.9541175350074471,0.24995699694998863,0.25831002124264807,0.9903312626084894,1.802601846827147,1.0674549117393977,-0.23416164392619487,571,-0.026428885997364954,0.25581248948165736,200,0.0037186220051838347,-0.0006357168455128285,0.23,1.7256256264099565,5.3268710843328755,0.0037186220051838347,0.10189666886982919,0.4079589010846414,0.6113289231322399,0.16686577730994476,0.21658499348252397,0.6248798007267962,ETHUSDT,base,inverse_vol,True,0.28065813943342055,-0.011956010973231327,,42.53633003560864,0.0299881126751041,,,2022-01-01 00:00:00+00:00,2024-12-31 23:00:00+00:00,0.006066516348452797,0.9825478095095783
0.3250157071235291,0.09825495244894489,0.5106073224060905,0.4378430557703757,0.6648097926076532,0.16600289010581093,-0.5918869989933113,871,-0.05659621816642041,0.2235658703410121,149,0.004031045316205602,-0.0034058620433196967,0.12751677852348994,1.1515174756737383,9.02475350468212,0.004031045316205602,0.17997429677947702,0.6093529377101339,0.916319531113358,0.14166329729009877,0.509077623823301,0.7360999740018818,ETHUSDT,stress,trend,True,0.7390786465340204,0.017254481818435016,1.2693569774784512,80.69934214852363,0.07303290464441389,1485.6506339042985,False,2022-01-01 00:00:00+00:00,2024-12-31 23:00:00+00:00,,
0.6352407378308622,0.1779556548485084,0.2686353273864888,0.739456531898345,1.4196612632750054,0.7376234549000088,-0.2412554178779901,629,-0.02918482878716855,0.19864414753458953,51,0.011940664916271111,0.0028977233522643384,0.5098039215686274,1.6570849477308371,1.6608901095697568,0.011940664916271111,0.19316611133470238,0.5428675894353093,0.7565511821515956,0.2148460699995366,0.40505187689477784,0.7517179390569164,ETHUSDT,stress,breakout,True,0.12342931742062851,-0.0014253047461936085,1.0856826871299348,33.253757055510206,0.030094650135236736,65.47851149428581,False,2022-01-01 00:00:00+00:00,2024-12-31 23:00:00+00:00,,
0.6420470162269081,0.17958621721360957,0.30522830149738184,0.6916298649311575,1.155506620517775,0.49497309431135567,-0.36282015987851546,691,-0.031084674619467487,0.21110500893780082,200,0.0029926248069806283,-0.0016783687838740412,0.225,1.3890261003865123,4.982086020349872,0.0029926248069806283,0.09243278596722987,0.4007061438770062,0.6639273853435949,0.1526071900502875,0.31711348507612175,0.7128105027074214,ETHUSDT,stress,equal,True,0.4312539819773245,0.007914588536120697,,56.97654960201692,0.05156377738982531,,,2022-01-01 00:00:00+00:00,2024-12-31 23:00:00+00:00,0.004250970635126949,0.686997857734367
0.9051903888297537,0.2394461265246104,0.2584754630538197,0.9571845786176468,1.7367392373003299,1.0062643552133586,-0.23795548881768802,608,-0.026526327821722578,0.24740872718617155,200,0.0035904913714554496,-0.0006560652784757563,0.23,1.686104065021905,5.212729484961843,0.0035904913714554496,0.10347072116890521,0.4096286167925884,0.614551993444411,0.16976967687131028,0.21582116491832468,0.6276146572532674,ETHUSDT,stress,inverse_vol,True,0.2808091388668664,-0.011969853831421384,,42.5408503988475,0.038499469610956995,,,2022-01-01 00:00:00+00:00,2024-12-31 23:00:00+00:00,0.00778619243550106,0.9471992165811213
0.26183501910873686,0.08052994423198045,0.5108917501590637,0.40603971928051213,0.6157217550429172,0.13415728852662323,-0.600265144863892,871,-0.05668493334903919,0.20744234281731577,149,0.003697098327646668,-0.0035147034663531754,0.12751677852348994,1.122532199318654,8.808534288994199,0.003697098327646668,0.18365985364239346,0.6109448897236975,0.9189184620260392,0.13861643568245238,0.5286244551111041,0.7472675119272376,ETHUSDT,slippage_1_5,trend,True,0.7391270740131932,0.017247853449370645,1.2694708514974773,80.69780951786649,0.08917107951724247,1440.447717109912,False,2022-01-01 00:00:00+00:00,2024-12-31 23:00:00+00:00,,
0.602524369795177,0.1700540540002642,0.26891926352035483,0.7139422934153908,1.3637908831754937,0.6995773893854456,-0.24308111808709365,635,-0.029355297413406607,0.1919928357413,51,0.011540794234944578,0.0024964618289927687,0.5098039215686274,1.6210577141571967,1.6296629627111743,0.011540794234944578,0.19591731226184034,0.5459572310057765,0.7597482499226743,0.2183451775593375,0.41063088695717737,0.7624843824295284,ETHUSDT,slippage_1_5,breakout,True,0.12342931742062851,-0.0014253047461936133,1.0856826871299357,33.24964746389623,0.036740860447605335,65.17657380080998,False,2022-01-01 00:00:00+00:00,2024-12-31 23:00:00+00:00,,
0.5866142754721999,0.1661725518297017,0.305398279301186,0.6539578079362554,1.0902008714371048,0.4471144804712486,-0.37165549112737206,722,-0.031159536474046047,0.19971758927930788,200,0.002819749836580404,-0.0017422471768565428,0.225,1.3551614737261786,4.870041526970664,0.002819749836580404,0.09263959453662106,0.4018397212283058,0.6666820298030136,0.1555569087301285,0.3295128382398109,0.7306168805659468,ETHUSDT,slippage_1_5,equal,True,0.43127819571691084,0.007911274351588515,,56.973728490881356,0.0629559699824239,,,2022-01-01 00:00:00+00:00,2024-12-31 23:00:00+00:00,0.005196030953745412,0.6482987840076572
0.857461474580177,0.2290177353584537,0.25864489076238073,0.9240523606304164,1.671305731499429,0.9473999088155072,-0.24173290838161954,608,-0.026623734666763016,0.2390014218739741,200,0.0034623640572676987,-0.0006764465701342204,0.23,1.6478897754532154,5.101877754620726,0.0034623640572676987,0.10506654510051074,0.411332321331162,0.6178206759797255,0.17269477350214713,0.21503036377002765,0.6308279087922237,ETHUSDT,slippage_1_5,inverse_vol,True,0.2809619283017611,-0.011983869643438352,,42.54559828382256,0.04701288610362393,,,2022-01-01 00:00:00+00:00,2024-12-31 23:00:00+00:00,0.009505395243437964,0.9118678553738757
0.20165815081137728,0.06308840473529398,0.5111804433776658,0.3742698456120161,0.5668078337971063,0.10368323037611171,-0.6084725997293903,871,-0.056773646751404665,0.1913194256228409,149,0.0033633688925278587,-0.0036685632349620924,0.12751677852348994,1.094750644173889,8.599957731441322,0.0033633688925278587,0.18737199828754078,0.6130965635834863,0.9215200142166788,0.13559465788734767,0.5486499768747732,0.7629480310846395,ETHUSDT,slippage_2,trend,True,0.7391755024847916,0.017241221207377075,1.2695847248652543,80.69627646348043,0.10530864078484196,1396.8407669969254,False,2022-01-01 00:00:00+00:00,2024-12-31 23:00:00+00:00,,
0.5704626374104407,0.1622054752597164,0.2692083251639557,0.6884748737517553,1.3085726173995373,0.6623269346956969,-0.24490242924250238,635,-0.029525736467167836,0.1853431676801759,51,0.011141083293430117,0.002095360601144963,0.5098039215686274,1.586027321873415,1.5991609905360495,0.011141083293430117,0.19870785473746685,0.5490852743155867,0.7629860080505639,0.22191925678848534,0.41658093953353437,0.7744227228790712,ETHUSDT,slippage_2,breakout,True,0.12342931742062851,-0.0014253047461935963,1.0856826871299359,33.24553951397648,0.043385429065739306,64.87665705730028,False,2022-01-01 00:00:00+00:00,2024-12-31 23:00:00+00:00,,
0.5330517294331405,0.15291113914030952,0.305571429005169,0.6163249531039194,1.025232556389982,0.40200777664298265,-0.38036860982445053,744,-0.031234389372147217,0.1883312966515084,200,0.0026469820712938987,-0.0018054909161313941,0.225,1.3225527246272393,4.761594310478587,0.0026469820712938987,0.09416765111543829,0.40300262501256606,0.6694739644477625,0.15855058232983535,0.34264100485304133,0.7519091879741953,ETHUSDT,slippage_2,equal,True,0.4313024099527101,0.007907958230591735,,56.97090798872846,0.07434703492529064,,,2022-01-01 00:00:00+00:00,2024-12-31 23:00:00+00:00,0.006143188328068598,0.609637692831393
0.8109014791747315,0.21867108246613798,0.2588182873709688,0.8909356967562612,1.606301352127371,0.8901443237920015,-0.24565800918058145,645,-0.026721437197512795,0.2305904511921163,200,0.0033342381919350805,-0.0006968613815482429,0.23,1.6109198106918519,4.994174576498304,0.0033342381919350805,0.10668441694666847,0.41307038103481264,0.621135424181314,0.17541714008185755,0.21421160336905842,0.6345818783613446,ETHUSDT,slippage_2,inverse_vol,True,0.2811164702839965,-0.011998054564236482,,42.55056910533775,0.05552849268246576,,,2022-01-01 00:00:00+00:00,2024-12-31 23:00:00+00:00,0.011224268618663262,0.8765547400160986
0.1740850027247267,0.05490167530610668,0.5113190644418137,0.35919109340478056,0.5436351265519848,0.08966285867717723,-0.6123123455585444,871,-0.056816038271774685,0.18366125383556453,149,0.003204923560070526,-0.0037495078688828108,0.12751677852348994,1.0819562991029752,8.503445498031752,0.003204923560070526,0.18914416000960133,0.6146254669773732,0.9227563833504272,0.13416845185467063,0.5583254922995042,0.7724771033810828,ETHUSDT,asset_conservative,trend,True,0.7391985063563116,0.01723806953563278,1.2696388144864585,80.69554811414378,0.11297376735980126,1376.6688981679483,False,2022-01-01 00:00:00+00:00,2024-12-31 23:00:00+00:00,,
0.5554588447255937,0.15849587153108047,0.26934741890175645,0.6763946416463912,1.2825704074444029,0.6449055613327203,-0.24576601759107664,635,-0.02960668466321683,0.18218515088643397,51,0.010951276527402761,0.001904893643650808,0.5098039215686274,1.569725978002736,1.5849193310331557,0.010951276527402761,0.20004731935477713,0.5505847323735437,0.7645383632680554,0.22361453291528768,0.4195474130742438,0.7805504417101844,ETHUSDT,asset_conservative,breakout,True,0.12342931742062849,-0.00142530474619361,1.0856826871299354,33.243588812586324,0.046541024337620855,64.73489928305818,False,2022-01-01 00:00:00+00:00,2024-12-31 23:00:00+00:00,,
0.5082463664405599,0.14666480480449695,0.3056547842467985,0.5984634031224566,0.9944913153680562,0.38147763351944297,-0.3844650168645387,754,-0.03126994136238943,0.18292320236099927,200,0.002564954903226654,-0.0018322427799394364,0.225,1.3074845299749283,4.7112925669703705,0.002564954903226654,0.09489862007057534,0.40356534206288475,0.6708132577732121,0.15998808617362184,0.34915138491007547,0.7634966125666961,ETHUSDT,asset_conservative,equal,True,0.43131391188847007,0.007906382394719583,,56.96956846336505,0.07975739584871108,,,2022-01-01 00:00:00+00:00,2024-12-31 23:00:00+00:00,0.006593844183267993,0.5912872882342974
0.7891866865907742,0.21378484553264498,0.25890203617922436,0.8752110453365671,1.57557462533379,0.8636654497206151,-0.24753201092136046,645,-0.026769852640885834,0.2265939217241847,200,0.0032733783886825553,-0.0007065703449617169,0.23,1.5937778108949845,4.9440797574648165,0.0032733783886825553,0.10746071036225181,0.4139081020482161,0.6227261993685143,0.17672688441464732,0.214465763936425,0.6365751898820977,ETHUSDT,asset_conservative,inverse_vol,True,0.28119048076474595,-0.012004850543598547,,42.55300700905355,0.059574209812674965,,,2022-01-01 00:00:00+00:00,2024-12-31 23:00:00+00:00,0.012040656605849133,0.8597876975286167
0.1305344540267046,0.04170575130185461,0.5034139305687582,0.33224293575765534,0.4984704752432305,0.07022267765826831,-0.5939071635065172,871,-0.05668342981917692,0.16725572219346468,149,0.002726106681293341,-0.003732712297374933,0.174496644295302,1.064803581414868,5.759749453941755,0.002726106681293341,0.20198497202416923,0.6220400300145685,0.936956340194585,0.14004996399461828,0.6003115492350484,0.5960879683972227,ETHUSDT,delay1,trend,True,0.73993846865489,0.016231859376785802,1.3522578055517918,80.49667583612428,0.07284949163169246,1337.6211795177255,False,2022-01-01 00:00:00+00:00,2024-12-31 23:00:00+00:00,,
0.926764459112549,0.2441027466091057,0.2672856794149772,0.946129219715697,1.8881679651957766,1.0750643586070028,-0.22705872876801336,443,-0.02815951233339161,0.25288679130607233,51,0.01498296663065287,0.004783003964191761,0.5098039215686274,2.0784227679934673,1.9976182235133026,0.01498296663065287,0.17297809818711934,0.53580030367257,0.7307435217949895,0.2237182267178447,0.48001988657182987,0.6635079643297566,ETHUSDT,delay1,breakout,True,0.1411957047232083,0.004981970858183656,1.094940233196458,33.29223223238831,0.030129470170311416,53.6467724583137,False,2022-01-01 00:00:00+00:00,2024-12-31 23:00:00+00:00,,
0.6438636888626537,0.1800206703352678,0.3000407154598565,0.7001425004196629,1.147614143577966,0.5009568405011736,-0.35935365241278916,690,-0.03137753439708639,0.21007125674976854,200,0.0029309212091168154,-0.0016786463022663788,0.26,1.4114654438044292,4.160321633109706,0.0029309212091168154,0.09036339014490902,0.3961513990791986,0.6589542520670383,0.1511079493717216,0.3173133538450214,0.6473507944327866,ETHUSDT,delay1,equal,True,0.4405670866890492,0.010606915117484728,,56.89445403425629,0.051489480901001944,,,2022-01-01 00:00:00+00:00,2024-12-31 23:00:00+00:00,0.004370097636548692,0.6952986249441773
1.041366444558772,0.26827295739004176,0.2547860835795213,1.0581171309264528,1.8962223688500575,1.1472755735811997,-0.23383480269926138,555,-0.02675235955304821,0.2695935197571505,200,0.0038989265537715716,-0.0006492850857732877,0.26,1.8121854018051202,4.713800533432334,0.0038989265537715716,0.09490222178474896,0.3910678033057873,0.5974859658395425,0.15225722673471417,0.2538931538059006,0.566329667671899,ETHUSDT,delay1,inverse_vol,True,0.2975385268106057,-0.006192630135244597,,42.68938951091146,0.03863389750737487,,,2022-01-01 00:00:00+00:00,2024-12-31 23:00:00+00:00,0.008125462590753262,1.047526336280383
0.039367487922542965,0.012942070686544627,0.5116875829771443,0.2800145651071281,0.42225478130185523,0.020719450629828995,-0.6246338726719147,871,-0.056987462933607784,0.14327997601806258,149,0.0022326274143040347,-0.0034204669760526203,0.12751677852348994,1.0195296614351554,8.003631092439223,0.0022326274143040347,0.20489939524845738,0.6296994422312742,0.9331291997514359,0.127457397021579,0.6050611502636853,0.8609274438265475,ETHUSDT,adverse_funding,trend,True,0.7407245113840253,0.01776545214567218,1.269505639615446,80.7422371568768,0.0730717246269735,3780.1418729154375,False,2022-01-01 00:00:00+00:00,2024-12-31 23:00:00+00:00,,
0.5711108663813753,0.16236521253947434,0.26853075024319656,0.6900457970392052,1.3149010224656434,0.6664324878941306,-0.24363339946486473,635,-0.029406882021033542,0.18529851558110233,51,0.011125366037997773,0.0018929943800073958,0.5098039215686274,1.591981162009032,1.6044102007419438,0.011125366037997773,0.1994905525696531,0.5509322900122011,0.7622283548789552,0.22278303742183075,0.41467669215132247,0.7702318277109044,ETHUSDT,adverse_funding,breakout,True,0.1234979239430193,-0.0014241743748194884,1.086031698056998,33.262957418500434,0.03010297646374289,546.3670899960023,False,2022-01-01 00:00:00+00:00,2024-12-31 23:00:00+00:00,,
0.4261596924566904,0.12549222140534488,0.3056827301538736,0.5374502043896398,0.8909196842379863,0.3188093242180768,-0.39362782664256013,845,-0.031303593161090375,0.16428924579958246,200,0.002258022557754183,-0.0016924771453335123,0.225,1.2655728974132603,4.567430713992882,0.002258022557754183,0.09850509293508815,0.4071224117163107,0.6719594307448241,0.16669940254578217,0.37654948777279623,0.8117112807989235,ETHUSDT,adverse_funding,equal,True,0.4321112176635223,0.008170638885426346,,57.00259728768862,0.051587350545358214,,,2022-01-01 00:00:00+00:00,2024-12-31 23:00:00+00:00,0.004268600209451741,0.5328044181019096
0.739594590506023,0.20247545566439795,0.25853830506036135,0.8398478392495052,1.5120220620838771,0.8138342314744399,-0.24879201173139287,645,-0.026699103813438558,0.21713283686817392,200,0.0031198625747068187,-0.0006683791474176358,0.23,1.5701620818875437,4.873584214672311,0.0031198625747068187,0.11167241440544301,0.4163681766744202,0.6263292721366942,0.18177123676743595,0.22323188916164374,0.6409067819462643,ETHUSDT,adverse_funding,inverse_vol,True,0.28113403386334845,-0.01189749579808287,,42.54326481131167,0.038501654654237064,,,2022-01-01 00:00:00+00:00,2024-12-31 23:00:00+00:00,0.007789871634905298,0.8298525147631366
