release_date,delayed_flag,n_captures,first_capture,last_capture,weekday
2003-12-01,True,5,20040214153319_deacotcalendar.html,20041012092535_deacotcalendar.html,Monday
2003-12-05,False,5,20040214153319_deacotcalendar.html,20041012092535_deacotcalendar.html,Friday
2003-12-12,False,5,20040214153319_deacotcalendar.html,20041012092535_deacotcalendar.html,Friday
2003-12-19,False,5,20040214153319_deacotcalendar.html,20041012092535_deacotcalendar.html,Friday
2003-12-29,True,5,20040214153319_deacotcalendar.html,20041012092535_deacotcalendar.html,Monday
2004-01-05,True,5,20040214153319_deacotcalendar.html,20041012092535_deacotcalendar.html,Monday
2004-01-09,False,5,20040214153319_deacotcalendar.html,20041012092535_deacotcalendar.html,Friday
2004-01-16,False,5,20040214153319_deacotcalendar.html,20041012092535_deacotcalendar.html,Friday
2004-01-23,False,5,20040214153319_deacotcalendar.html,20041012092535_deacotcalendar.html,Friday
2004-01-30,False,5,20040214153319_deacotcalendar.html,20041012092535_deacotcalendar.html,Friday
2004-02-06,False,5,20040214153319_deacotcalendar.html,20041012092535_deacotcalendar.html,Friday
2004-02-13,False,5,20040214153319_deacotcalendar.html,20041012092535_deacotcalendar.html,Friday
2004-02-20,False,5,20040214153319_deacotcalendar.html,20041012092535_deacotcalendar.html,Friday
2004-02-27,False,5,20040214153319_deacotcalendar.html,20041012092535_deacotcalendar.html,Friday
2004-03-05,False,5,20040214153319_deacotcalendar.html,20041012092535_deacotcalendar.html,Friday
2004-03-12,False,5,20040214153319_deacotcalendar.html,20041012092535_deacotcalendar.html,Friday
2004-03-19,False,5,20040214153319_deacotcalendar.html,20041012092535_deacotcalendar.html,Friday
2004-03-26,False,5,20040214153319_deacotcalendar.html,20041012092535_deacotcalendar.html,Friday
2004-04-02,False,5,20040214153319_deacotcalendar.html,20041012092535_deacotcalendar.html,Friday
2004-04-09,False,5,20040214153319_deacotcalendar.html,20041012092535_deacotcalendar.html,Friday
2004-04-16,False,5,20040214153319_deacotcalendar.html,20041012092535_deacotcalendar.html,Friday
2004-04-23,False,5,20040214153319_deacotcalendar.html,20041012092535_deacotcalendar.html,Friday
2004-04-30,False,5,20040214153319_deacotcalendar.html,20041012092535_deacotcalendar.html,Friday
2004-05-07,False,5,20040214153319_deacotcalendar.html,20041012092535_deacotcalendar.html,Friday
2004-05-14,False,5,20040214153319_deacotcalendar.html,20041012092535_deacotcalendar.html,Friday
2004-05-21,False,5,20040214153319_deacotcalendar.html,20041012092535_deacotcalendar.html,Friday
2004-05-28,False,5,20040214153319_deacotcalendar.html,20041012092535_deacotcalendar.html,Friday
2004-06-04,False,5,20040214153319_deacotcalendar.html,20041012092535_deacotcalendar.html,Friday
2004-06-11,False,3,20040214153319_deacotcalendar.html,20040603221744_deacotcalendar.html,Friday
2004-06-14,True,2,20040806001551_deacotcalendar.html,20041012092535_deacotcalendar.html,Monday
2004-06-18,False,5,20040214153319_deacotcalendar.html,20041012092535_deacotcalendar.html,Friday
2004-06-25,False,5,20040214153319_deacotcalendar.html,20041012092535_deacotcalendar.html,Friday
2004-07-02,False,5,20040214153319_deacotcalendar.html,20041012092535_deacotcalendar.html,Friday
2004-07-09,False,5,20040214153319_deacotcalendar.html,20041012092535_deacotcalendar.html,Friday
2004-07-16,False,5,20040214153319_deacotcalendar.html,20041012092535_deacotcalendar.html,Friday
2004-07-23,False,5,20040214153319_deacotcalendar.html,20041012092535_deacotcalendar.html,Friday
2004-07-30,False,5,20040214153319_deacotcalendar.html,20041012092535_deacotcalendar.html,Friday
2004-08-06,False,5,20040214153319_deacotcalendar.html,20041012092535_deacotcalendar.html,Friday
2004-08-13,False,5,20040214153319_deacotcalendar.html,20041012092535_deacotcalendar.html,Friday
2004-08-20,False,5,20040214153319_deacotcalendar.html,20041012092535_deacotcalendar.html,Friday
2004-08-27,False,5,20040214153319_deacotcalendar.html,20041012092535_deacotcalendar.html,Friday
2004-09-03,False,5,20040214153319_deacotcalendar.html,20041012092535_deacotcalendar.html,Friday
2004-09-10,False,5,20040214153319_deacotcalendar.html,20041012092535_deacotcalendar.html,Friday
2004-09-17,False,5,20040214153319_deacotcalendar.html,20041012092535_deacotcalendar.html,Friday
2004-09-24,False,5,20040214153319_deacotcalendar.html,20041012092535_deacotcalendar.html,Friday
2004-10-01,False,5,20040214153319_deacotcalendar.html,20041012092535_deacotcalendar.html,Friday
2004-10-08,False,5,20040214153319_deacotcalendar.html,20041012092535_deacotcalendar.html,Friday
2004-10-15,False,5,20040214153319_deacotcalendar.html,20041012092535_deacotcalendar.html,Friday
2004-10-22,False,5,20040214153319_deacotcalendar.html,20041012092535_deacotcalendar.html,Friday
2004-10-29,False,5,20040214153319_deacotcalendar.html,20041012092535_deacotcalendar.html,Friday
2004-11-05,False,5,20040214153319_deacotcalendar.html,20041012092535_deacotcalendar.html,Friday
2004-11-15,True,5,20040214153319_deacotcalendar.html,20041012092535_deacotcalendar.html,Monday
2004-11-19,False,5,20040214153319_deacotcalendar.html,20041012092535_deacotcalendar.html,Friday
2004-11-29,True,10,20040214153319_deacotcalendar.html,20051102081826_deacotcalendar.html,Monday
2004-12-03,False,10,20040214153319_deacotcalendar.html,20051102081826_deacotcalendar.html,Friday
2004-12-10,False,10,20040214153319_deacotcalendar.html,20051102081826_deacotcalendar.html,Friday
2004-12-17,False,10,20040214153319_deacotcalendar.html,20051102081826_deacotcalendar.html,Friday
2004-12-27,True,10,20040214153319_deacotcalendar.html,20051102081826_deacotcalendar.html,Monday
2005-01-03,True,10,20040214153319_deacotcalendar.html,20051102081826_deacotcalendar.html,Monday
2005-01-07,False,5,20041212024019_deacotcalendar.html,20051102081826_deacotcalendar.html,Friday
2005-01-14,False,5,20041212024019_deacotcalendar.html,20051102081826_deacotcalendar.html,Friday
2005-01-21,False,5,20041212024019_deacotcalendar.html,20051102081826_deacotcalendar.html,Friday
2005-01-28,False,5,20041212024019_deacotcalendar.html,20051102081826_deacotcalendar.html,Friday
2005-02-04,False,5,20041212024019_deacotcalendar.html,20051102081826_deacotcalendar.html,Friday
2005-02-11,False,5,20041212024019_deacotcalendar.html,20051102081826_deacotcalendar.html,Friday
2005-02-18,False,5,20041212024019_deacotcalendar.html,20051102081826_deacotcalendar.html,Friday
2005-02-25,False,5,20041212024019_deacotcalendar.html,20051102081826_deacotcalendar.html,Friday
2005-03-04,False,5,20041212024019_deacotcalendar.html,20051102081826_deacotcalendar.html,Friday
2005-03-11,False,5,20041212024019_deacotcalendar.html,20051102081826_deacotcalendar.html,Friday
2005-03-18,False,5,20041212024019_deacotcalendar.html,20051102081826_deacotcalendar.html,Friday
2005-03-25,False,5,20041212024019_deacotcalendar.html,20051102081826_deacotcalendar.html,Friday
2005-04-01,False,5,20041212024019_deacotcalendar.html,20051102081826_deacotcalendar.html,Friday
2005-04-08,False,5,20041212024019_deacotcalendar.html,20051102081826_deacotcalendar.html,Friday
2005-04-15,False,5,20041212024019_deacotcalendar.html,20051102081826_deacotcalendar.html,Friday
2005-04-22,False,5,20041212024019_deacotcalendar.html,20051102081826_deacotcalendar.html,Friday
2005-04-29,False,5,20041212024019_deacotcalendar.html,20051102081826_deacotcalendar.html,Friday
2005-05-06,False,5,20041212024019_deacotcalendar.html,20051102081826_deacotcalendar.html,Friday
2005-05-13,False,5,20041212024019_deacotcalendar.html,20051102081826_deacotcalendar.html,Friday
2005-05-20,False,5,20041212024019_deacotcalendar.html,20051102081826_deacotcalendar.html,Friday
2005-05-27,False,5,20041212024019_deacotcalendar.html,20051102081826_deacotcalendar.html,Friday
2005-06-03,False,5,20041212024019_deacotcalendar.html,20051102081826_deacotcalendar.html,Friday
2005-06-10,False,5,20041212024019_deacotcalendar.html,20051102081826_deacotcalendar.html,Friday
2005-06-17,False,5,20041212024019_deacotcalendar.html,20051102081826_deacotcalendar.html,Friday
2005-06-24,False,5,20041212024019_deacotcalendar.html,20051102081826_deacotcalendar.html,Friday
2005-07-01,False,5,20041212024019_deacotcalendar.html,20051102081826_deacotcalendar.html,Friday
2005-07-08,False,5,20041212024019_deacotcalendar.html,20051102081826_deacotcalendar.html,Friday
2005-07-15,False,5,20041212024019_deacotcalendar.html,20051102081826_deacotcalendar.html,Friday
2005-07-22,False,5,20041212024019_deacotcalendar.html,20051102081826_deacotcalendar.html,Friday
2005-07-29,False,5,20041212024019_deacotcalendar.html,20051102081826_deacotcalendar.html,Friday
2005-08-05,False,5,20041212024019_deacotcalendar.html,20051102081826_deacotcalendar.html,Friday
2005-08-12,False,5,20041212024019_deacotcalendar.html,20051102081826_deacotcalendar.html,Friday
2005-08-19,False,5,20041212024019_deacotcalendar.html,20051102081826_deacotcalendar.html,Friday
2005-08-26,False,5,20041212024019_deacotcalendar.html,20051102081826_deacotcalendar.html,Friday
2005-09-02,False,5,20041212024019_deacotcalendar.html,20051102081826_deacotcalendar.html,Friday
2005-09-09,False,5,20041212024019_deacotcalendar.html,20051102081826_deacotcalendar.html,Friday
2005-09-16,False,5,20041212024019_deacotcalendar.html,20051102081826_deacotcalendar.html,Friday
2005-09-23,False,5,20041212024019_deacotcalendar.html,20051102081826_deacotcalendar.html,Friday
2005-09-30,False,5,20041212024019_deacotcalendar.html,20051102081826_deacotcalendar.html,Friday
2005-10-07,False,5,20041212024019_deacotcalendar.html,20051102081826_deacotcalendar.html,Friday
2005-10-14,False,5,20041212024019_deacotcalendar.html,20051102081826_deacotcalendar.html,Friday
2005-10-21,False,5,20041212024019_deacotcalendar.html,20051102081826_deacotcalendar.html,Friday
2005-10-28,False,5,20041212024019_deacotcalendar.html,20051102081826_deacotcalendar.html,Friday
2005-11-04,False,5,20041212024019_deacotcalendar.html,20051102081826_deacotcalendar.html,Friday
2005-11-14,True,5,20041212024019_deacotcalendar.html,20051102081826_deacotcalendar.html,Monday
2005-11-18,False,5,20041212024019_deacotcalendar.html,20051102081826_deacotcalendar.html,Friday
2005-11-28,True,14,20041212024019_deacotcalendar.html,20060922183703_deacotcalendar.html,Monday
2005-12-02,False,14,20041212024019_deacotcalendar.html,20060922183703_deacotcalendar.html,Friday
2005-12-09,False,14,20041212024019_deacotcalendar.html,20060922183703_deacotcalendar.html,Friday
2005-12-16,False,14,20041212024019_deacotcalendar.html,20060922183703_deacotcalendar.html,Friday
2005-12-23,False,14,20041212024019_deacotcalendar.html,20060922183703_deacotcalendar.html,Friday
2005-12-30,True,14,20041212024019_deacotcalendar.html,20060922183703_deacotcalendar.html,Friday
2006-01-06,False,9,20051204062059_deacotcalendar.html,20060922183703_deacotcalendar.html,Friday
2006-01-13,False,9,20051204062059_deacotcalendar.html,20060922183703_deacotcalendar.html,Friday
2006-01-20,False,9,20051204062059_deacotcalendar.html,20060922183703_deacotcalendar.html,Friday
2006-01-27,False,9,20051204062059_deacotcalendar.html,20060922183703_deacotcalendar.html,Friday
2006-02-03,False,9,20051204062059_deacotcalendar.html,20060922183703_deacotcalendar.html,Friday
2006-02-10,False,9,20051204062059_deacotcalendar.html,20060922183703_deacotcalendar.html,Friday
2006-02-17,False,9,20051204062059_deacotcalendar.html,20060922183703_deacotcalendar.html,Friday
2006-02-24,False,9,20051204062059_deacotcalendar.html,20060922183703_deacotcalendar.html,Friday
2006-03-03,False,9,20051204062059_deacotcalendar.html,20060922183703_deacotcalendar.html,Friday
2006-03-10,False,9,20051204062059_deacotcalendar.html,20060922183703_deacotcalendar.html,Friday
2006-03-17,False,9,20051204062059_deacotcalendar.html,20060922183703_deacotcalendar.html,Friday
2006-03-24,False,9,20051204062059_deacotcalendar.html,20060922183703_deacotcalendar.html,Friday
2006-03-31,False,9,20051204062059_deacotcalendar.html,20060922183703_deacotcalendar.html,Friday
2006-04-07,False,9,20051204062059_deacotcalendar.html,20060922183703_deacotcalendar.html,Friday
2006-04-14,False,9,20051204062059_deacotcalendar.html,20060922183703_deacotcalendar.html,Friday
2006-04-21,False,9,20051204062059_deacotcalendar.html,20060922183703_deacotcalendar.html,Friday
2006-04-28,False,9,20051204062059_deacotcalendar.html,20060922183703_deacotcalendar.html,Friday
2006-05-05,False,9,20051204062059_deacotcalendar.html,20060922183703_deacotcalendar.html,Friday
2006-05-12,False,9,20051204062059_deacotcalendar.html,20060922183703_deacotcalendar.html,Friday
2006-05-19,False,9,20051204062059_deacotcalendar.html,20060922183703_deacotcalendar.html,Friday
2006-05-26,False,9,20051204062059_deacotcalendar.html,20060922183703_deacotcalendar.html,Friday
2006-06-02,False,9,20051204062059_deacotcalendar.html,20060922183703_deacotcalendar.html,Friday
2006-06-09,False,9,20051204062059_deacotcalendar.html,20060922183703_deacotcalendar.html,Friday
2006-06-16,False,9,20051204062059_deacotcalendar.html,20060922183703_deacotcalendar.html,Friday
2006-06-23,False,9,20051204062059_deacotcalendar.html,20060922183703_deacotcalendar.html,Friday
2006-06-30,False,9,20051204062059_deacotcalendar.html,20060922183703_deacotcalendar.html,Friday
2006-07-07,False,9,20051204062059_deacotcalendar.html,20060922183703_deacotcalendar.html,Friday
2006-07-14,False,9,20051204062059_deacotcalendar.html,20060922183703_deacotcalendar.html,Friday
2006-07-21,False,9,20051204062059_deacotcalendar.html,20060922183703_deacotcalendar.html,Friday
2006-07-28,False,9,20051204062059_deacotcalendar.html,20060922183703_deacotcalendar.html,Friday
2006-08-04,False,9,20051204062059_deacotcalendar.html,20060922183703_deacotcalendar.html,Friday
2006-08-11,False,9,20051204062059_deacotcalendar.html,20060922183703_deacotcalendar.html,Friday
2006-08-18,False,9,20051204062059_deacotcalendar.html,20060922183703_deacotcalendar.html,Friday
2006-08-25,False,9,20051204062059_deacotcalendar.html,20060922183703_deacotcalendar.html,Friday
2006-09-01,False,9,20051204062059_deacotcalendar.html,20060922183703_deacotcalendar.html,Friday
2006-09-08,False,9,20051204062059_deacotcalendar.html,20060922183703_deacotcalendar.html,Friday
2006-09-15,False,9,20051204062059_deacotcalendar.html,20060922183703_deacotcalendar.html,Friday
2006-09-22,False,9,20051204062059_deacotcalendar.html,20060922183703_deacotcalendar.html,Friday
2006-09-29,False,9,20051204062059_deacotcalendar.html,20060922183703_deacotcalendar.html,Friday
2006-10-06,False,9,20051204062059_deacotcalendar.html,20060922183703_deacotcalendar.html,Friday
2006-10-13,False,9,20051204062059_deacotcalendar.html,20060922183703_deacotcalendar.html,Friday
2006-10-20,False,9,20051204062059_deacotcalendar.html,20060922183703_deacotcalendar.html,Friday
2006-10-27,False,9,20051204062059_deacotcalendar.html,20060922183703_deacotcalendar.html,Friday
2006-11-03,False,9,20051204062059_deacotcalendar.html,20060922183703_deacotcalendar.html,Friday
2006-11-13,True,9,20051204062059_deacotcalendar.html,20060922183703_deacotcalendar.html,Monday
2006-11-17,False,9,20051204062059_deacotcalendar.html,20060922183703_deacotcalendar.html,Friday
2006-11-27,True,17,20051204062059_deacotcalendar.html,20070804163938_deacotcalendar.html,Monday
2006-12-01,False,17,20051204062059_deacotcalendar.html,20070804163938_deacotcalendar.html,Friday
2006-12-08,False,17,20051204062059_deacotcalendar.html,20070804163938_deacotcalendar.html,Friday
2006-12-15,False,17,20051204062059_deacotcalendar.html,20070804163938_deacotcalendar.html,Friday
2006-12-22,False,17,20051204062059_deacotcalendar.html,20070804163938_deacotcalendar.html,Friday
2006-12-29,True,17,20051204062059_deacotcalendar.html,20070804163938_deacotcalendar.html,Friday
2007-01-05,False,1,20061207170441_deacotcalendar.html,20061207170441_deacotcalendar.html,Friday
2007-01-08,False,7,20070203021817_deacotcalendar.html,20070804163938_deacotcalendar.html,Monday
2007-01-12,False,8,20061207170441_deacotcalendar.html,20070804163938_deacotcalendar.html,Friday
2007-01-19,False,8,20061207170441_deacotcalendar.html,20070804163938_deacotcalendar.html,Friday
2007-01-26,False,8,20061207170441_deacotcalendar.html,20070804163938_deacotcalendar.html,Friday
2007-02-02,False,8,20061207170441_deacotcalendar.html,20070804163938_deacotcalendar.html,Friday
2007-02-09,False,8,20061207170441_deacotcalendar.html,20070804163938_deacotcalendar.html,Friday
2007-02-16,False,8,20061207170441_deacotcalendar.html,20070804163938_deacotcalendar.html,Friday
2007-02-23,False,8,20061207170441_deacotcalendar.html,20070804163938_deacotcalendar.html,Friday
2007-03-02,False,8,20061207170441_deacotcalendar.html,20070804163938_deacotcalendar.html,Friday
2007-03-09,False,8,20061207170441_deacotcalendar.html,20070804163938_deacotcalendar.html,Friday
2007-03-16,False,8,20061207170441_deacotcalendar.html,20070804163938_deacotcalendar.html,Friday
2007-03-23,False,8,20061207170441_deacotcalendar.html,20070804163938_deacotcalendar.html,Friday
2007-03-30,False,8,20061207170441_deacotcalendar.html,20070804163938_deacotcalendar.html,Friday
2007-04-06,False,8,20061207170441_deacotcalendar.html,20070804163938_deacotcalendar.html,Friday
2007-04-13,False,8,20061207170441_deacotcalendar.html,20070804163938_deacotcalendar.html,Friday
2007-04-20,False,8,20061207170441_deacotcalendar.html,20070804163938_deacotcalendar.html,Friday
2007-04-27,False,8,20061207170441_deacotcalendar.html,20070804163938_deacotcalendar.html,Friday
2007-05-04,False,8,20061207170441_deacotcalendar.html,20070804163938_deacotcalendar.html,Friday
2007-05-11,False,8,20061207170441_deacotcalendar.html,20070804163938_deacotcalendar.html,Friday
2007-05-18,False,8,20061207170441_deacotcalendar.html,20070804163938_deacotcalendar.html,Friday
2007-05-25,False,8,20061207170441_deacotcalendar.html,20070804163938_deacotcalendar.html,Friday
2007-06-01,False,8,20061207170441_deacotcalendar.html,20070804163938_deacotcalendar.html,Friday
2007-06-08,False,8,20061207170441_deacotcalendar.html,20070804163938_deacotcalendar.html,Friday
2007-06-15,False,8,20061207170441_deacotcalendar.html,20070804163938_deacotcalendar.html,Friday
2007-06-22,False,8,20061207170441_deacotcalendar.html,20070804163938_deacotcalendar.html,Friday
2007-06-29,False,8,20061207170441_deacotcalendar.html,20070804163938_deacotcalendar.html,Friday
2007-07-09,True,8,20061207170441_deacotcalendar.html,20070804163938_deacotcalendar.html,Monday
2007-07-13,False,8,20061207170441_deacotcalendar.html,20070804163938_deacotcalendar.html,Friday
2007-07-20,False,8,20061207170441_deacotcalendar.html,20070804163938_deacotcalendar.html,Friday
2007-07-27,False,8,20061207170441_deacotcalendar.html,20070804163938_deacotcalendar.html,Friday
2007-08-03,False,8,20061207170441_deacotcalendar.html,20070804163938_deacotcalendar.html,Friday
2007-08-10,False,8,20061207170441_deacotcalendar.html,20070804163938_deacotcalendar.html,Friday
2007-08-17,False,8,20061207170441_deacotcalendar.html,20070804163938_deacotcalendar.html,Friday
2007-08-24,False,8,20061207170441_deacotcalendar.html,20070804163938_deacotcalendar.html,Friday
2007-08-31,False,8,20061207170441_deacotcalendar.html,20070804163938_deacotcalendar.html,Friday
2007-09-07,False,8,20061207170441_deacotcalendar.html,20070804163938_deacotcalendar.html,Friday
2007-09-14,False,8,20061207170441_deacotcalendar.html,20070804163938_deacotcalendar.html,Friday
2007-09-21,False,8,20061207170441_deacotcalendar.html,20070804163938_deacotcalendar.html,Friday
2007-09-28,False,8,20061207170441_deacotcalendar.html,20070804163938_deacotcalendar.html,Friday
2007-10-05,False,8,20061207170441_deacotcalendar.html,20070804163938_deacotcalendar.html,Friday
2007-10-12,False,8,20061207170441_deacotcalendar.html,20070804163938_deacotcalendar.html,Friday
2007-10-19,False,8,20061207170441_deacotcalendar.html,20070804163938_deacotcalendar.html,Friday
2007-10-26,False,8,20061207170441_deacotcalendar.html,20070804163938_deacotcalendar.html,Friday
2007-11-02,False,8,20061207170441_deacotcalendar.html,20070804163938_deacotcalendar.html,Friday
2007-11-09,False,8,20061207170441_deacotcalendar.html,20070804163938_deacotcalendar.html,Friday
2007-11-16,False,8,20061207170441_deacotcalendar.html,20070804163938_deacotcalendar.html,Friday
2007-11-26,True,8,20061207170441_deacotcalendar.html,20070804163938_deacotcalendar.html,Monday
2007-11-30,False,8,20061207170441_deacotcalendar.html,20070804163938_deacotcalendar.html,Friday
2007-12-07,False,8,20061207170441_deacotcalendar.html,20070804163938_deacotcalendar.html,Friday
2007-12-14,False,8,20061207170441_deacotcalendar.html,20070804163938_deacotcalendar.html,Friday
2007-12-21,False,8,20061207170441_deacotcalendar.html,20070804163938_deacotcalendar.html,Friday
2007-12-28,True,8,20061207170441_deacotcalendar.html,20070804163938_deacotcalendar.html,Friday
2009-12-04,False,1,20100407123152_ReleaseSchedule.html,20100407123152_ReleaseSchedule.html,Friday
2009-12-11,False,1,20100407123152_ReleaseSchedule.html,20100407123152_ReleaseSchedule.html,Friday
2009-12-18,False,1,20100407123152_ReleaseSchedule.html,20100407123152_ReleaseSchedule.html,Friday
2009-12-28,True,1,20100407123152_ReleaseSchedule.html,20100407123152_ReleaseSchedule.html,Monday
2010-01-04,True,9,20100407123152_ReleaseSchedule.html,20101201205829_ReleaseSchedule.html,Monday
2010-01-08,False,9,20100407123152_ReleaseSchedule.html,20101201205829_ReleaseSchedule.html,Friday
2010-01-15,False,9,20100407123152_ReleaseSchedule.html,20101201205829_ReleaseSchedule.html,Friday
2010-01-22,False,9,20100407123152_ReleaseSchedule.html,20101201205829_ReleaseSchedule.html,Friday
2010-01-29,False,9,20100407123152_ReleaseSchedule.html,20101201205829_ReleaseSchedule.html,Friday
2010-02-05,False,9,20100407123152_ReleaseSchedule.html,20101201205829_ReleaseSchedule.html,Friday
2010-02-12,False,9,20100407123152_ReleaseSchedule.html,20101201205829_ReleaseSchedule.html,Friday
2010-02-19,False,9,20100407123152_ReleaseSchedule.html,20101201205829_ReleaseSchedule.html,Friday
2010-02-26,False,9,20100407123152_ReleaseSchedule.html,20101201205829_ReleaseSchedule.html,Friday
2010-03-05,False,9,20100407123152_ReleaseSchedule.html,20101201205829_ReleaseSchedule.html,Friday
2010-03-12,False,9,20100407123152_ReleaseSchedule.html,20101201205829_ReleaseSchedule.html,Friday
2010-03-19,False,9,20100407123152_ReleaseSchedule.html,20101201205829_ReleaseSchedule.html,Friday
2010-03-26,False,9,20100407123152_ReleaseSchedule.html,20101201205829_ReleaseSchedule.html,Friday
2010-04-02,False,9,20100407123152_ReleaseSchedule.html,20101201205829_ReleaseSchedule.html,Friday
2010-04-09,False,9,20100407123152_ReleaseSchedule.html,20101201205829_ReleaseSchedule.html,Friday
2010-04-16,False,9,20100407123152_ReleaseSchedule.html,20101201205829_ReleaseSchedule.html,Friday
2010-04-23,False,9,20100407123152_ReleaseSchedule.html,20101201205829_ReleaseSchedule.html,Friday
2010-04-30,False,9,20100407123152_ReleaseSchedule.html,20101201205829_ReleaseSchedule.html,Friday
2010-05-07,False,9,20100407123152_ReleaseSchedule.html,20101201205829_ReleaseSchedule.html,Friday
2010-05-14,False,9,20100407123152_ReleaseSchedule.html,20101201205829_ReleaseSchedule.html,Friday
2010-05-21,False,9,20100407123152_ReleaseSchedule.html,20101201205829_ReleaseSchedule.html,Friday
2010-05-28,False,9,20100407123152_ReleaseSchedule.html,20101201205829_ReleaseSchedule.html,Friday
2010-06-04,False,9,20100407123152_ReleaseSchedule.html,20101201205829_ReleaseSchedule.html,Friday
2010-06-11,False,9,20100407123152_ReleaseSchedule.html,20101201205829_ReleaseSchedule.html,Friday
2010-06-18,False,9,20100407123152_ReleaseSchedule.html,20101201205829_ReleaseSchedule.html,Friday
2010-06-25,False,9,20100407123152_ReleaseSchedule.html,20101201205829_ReleaseSchedule.html,Friday
2010-07-02,False,9,20100407123152_ReleaseSchedule.html,20101201205829_ReleaseSchedule.html,Friday
2010-07-09,False,9,20100407123152_ReleaseSchedule.html,20101201205829_ReleaseSchedule.html,Friday
2010-07-16,False,9,20100407123152_ReleaseSchedule.html,20101201205829_ReleaseSchedule.html,Friday
2010-07-23,False,9,20100407123152_ReleaseSchedule.html,20101201205829_ReleaseSchedule.html,Friday
2010-07-30,False,9,20100407123152_ReleaseSchedule.html,20101201205829_ReleaseSchedule.html,Friday
2010-08-06,False,9,20100407123152_ReleaseSchedule.html,20101201205829_ReleaseSchedule.html,Friday
2010-08-13,False,9,20100407123152_ReleaseSchedule.html,20101201205829_ReleaseSchedule.html,Friday
2010-08-20,False,9,20100407123152_ReleaseSchedule.html,20101201205829_ReleaseSchedule.html,Friday
2010-08-27,False,9,20100407123152_ReleaseSchedule.html,20101201205829_ReleaseSchedule.html,Friday
2010-09-03,False,9,20100407123152_ReleaseSchedule.html,20101201205829_ReleaseSchedule.html,Friday
2010-09-10,False,9,20100407123152_ReleaseSchedule.html,20101201205829_ReleaseSchedule.html,Friday
2010-09-17,False,9,20100407123152_ReleaseSchedule.html,20101201205829_ReleaseSchedule.html,Friday
2010-09-24,False,9,20100407123152_ReleaseSchedule.html,20101201205829_ReleaseSchedule.html,Friday
2010-10-01,False,9,20100407123152_ReleaseSchedule.html,20101201205829_ReleaseSchedule.html,Friday
2010-10-08,False,9,20100407123152_ReleaseSchedule.html,20101201205829_ReleaseSchedule.html,Friday
2010-10-15,False,9,20100407123152_ReleaseSchedule.html,20101201205829_ReleaseSchedule.html,Friday
2010-10-22,False,9,20100407123152_ReleaseSchedule.html,20101201205829_ReleaseSchedule.html,Friday
2010-10-29,False,9,20100407123152_ReleaseSchedule.html,20101201205829_ReleaseSchedule.html,Friday
2010-11-05,False,9,20100407123152_ReleaseSchedule.html,20101201205829_ReleaseSchedule.html,Friday
2010-11-15,True,9,20100407123152_ReleaseSchedule.html,20101201205829_ReleaseSchedule.html,Monday
2010-11-19,False,9,20100407123152_ReleaseSchedule.html,20101201205829_ReleaseSchedule.html,Friday
2010-11-29,True,9,20100407123152_ReleaseSchedule.html,20101201205829_ReleaseSchedule.html,Monday
2010-12-03,False,21,20100407123152_ReleaseSchedule.html,20111205033154_ReleaseSchedule.html,Friday
2010-12-10,False,21,20100407123152_ReleaseSchedule.html,20111205033154_ReleaseSchedule.html,Friday
2010-12-17,False,21,20100407123152_ReleaseSchedule.html,20111205033154_ReleaseSchedule.html,Friday
2010-12-27,True,21,20100407123152_ReleaseSchedule.html,20111205033154_ReleaseSchedule.html,Monday
2011-01-03,True,12,20110110213715_ReleaseSchedule.html,20111205033154_ReleaseSchedule.html,Monday
2011-01-07,False,12,20110110213715_ReleaseSchedule.html,20111205033154_ReleaseSchedule.html,Friday
2011-01-14,False,12,20110110213715_ReleaseSchedule.html,20111205033154_ReleaseSchedule.html,Friday
2011-01-21,False,12,20110110213715_ReleaseSchedule.html,20111205033154_ReleaseSchedule.html,Friday
2011-01-28,False,12,20110110213715_ReleaseSchedule.html,20111205033154_ReleaseSchedule.html,Friday
2011-02-04,False,12,20110110213715_ReleaseSchedule.html,20111205033154_ReleaseSchedule.html,Friday
2011-02-11,False,12,20110110213715_ReleaseSchedule.html,20111205033154_ReleaseSchedule.html,Friday
2011-02-18,False,12,20110110213715_ReleaseSchedule.html,20111205033154_ReleaseSchedule.html,Friday
2011-02-25,False,12,20110110213715_ReleaseSchedule.html,20111205033154_ReleaseSchedule.html,Friday
2011-03-04,False,12,20110110213715_ReleaseSchedule.html,20111205033154_ReleaseSchedule.html,Friday
2011-03-11,False,12,20110110213715_ReleaseSchedule.html,20111205033154_ReleaseSchedule.html,Friday
2011-03-18,False,12,20110110213715_ReleaseSchedule.html,20111205033154_ReleaseSchedule.html,Friday
2011-03-25,False,12,20110110213715_ReleaseSchedule.html,20111205033154_ReleaseSchedule.html,Friday
2011-04-01,False,12,20110110213715_ReleaseSchedule.html,20111205033154_ReleaseSchedule.html,Friday
2011-04-08,False,12,20110110213715_ReleaseSchedule.html,20111205033154_ReleaseSchedule.html,Friday
2011-04-15,False,12,20110110213715_ReleaseSchedule.html,20111205033154_ReleaseSchedule.html,Friday
2011-04-22,False,12,20110110213715_ReleaseSchedule.html,20111205033154_ReleaseSchedule.html,Friday
2011-04-29,False,12,20110110213715_ReleaseSchedule.html,20111205033154_ReleaseSchedule.html,Friday
2011-05-06,False,12,20110110213715_ReleaseSchedule.html,20111205033154_ReleaseSchedule.html,Friday
2011-05-13,False,12,20110110213715_ReleaseSchedule.html,20111205033154_ReleaseSchedule.html,Friday
2011-05-20,False,12,20110110213715_ReleaseSchedule.html,20111205033154_ReleaseSchedule.html,Friday
2011-05-27,False,12,20110110213715_ReleaseSchedule.html,20111205033154_ReleaseSchedule.html,Friday
2011-06-03,False,12,20110110213715_ReleaseSchedule.html,20111205033154_ReleaseSchedule.html,Friday
2011-06-10,False,12,20110110213715_ReleaseSchedule.html,20111205033154_ReleaseSchedule.html,Friday
2011-06-17,False,12,20110110213715_ReleaseSchedule.html,20111205033154_ReleaseSchedule.html,Friday
2011-06-24,False,12,20110110213715_ReleaseSchedule.html,20111205033154_ReleaseSchedule.html,Friday
2011-07-01,False,12,20110110213715_ReleaseSchedule.html,20111205033154_ReleaseSchedule.html,Friday
2011-07-08,False,12,20110110213715_ReleaseSchedule.html,20111205033154_ReleaseSchedule.html,Friday
2011-07-15,False,12,20110110213715_ReleaseSchedule.html,20111205033154_ReleaseSchedule.html,Friday
2011-07-22,False,12,20110110213715_ReleaseSchedule.html,20111205033154_ReleaseSchedule.html,Friday
2011-07-29,False,12,20110110213715_ReleaseSchedule.html,20111205033154_ReleaseSchedule.html,Friday
2011-08-05,False,12,20110110213715_ReleaseSchedule.html,20111205033154_ReleaseSchedule.html,Friday
2011-08-12,False,12,20110110213715_ReleaseSchedule.html,20111205033154_ReleaseSchedule.html,Friday
2011-08-19,False,12,20110110213715_ReleaseSchedule.html,20111205033154_ReleaseSchedule.html,Friday
2011-08-26,False,12,20110110213715_ReleaseSchedule.html,20111205033154_ReleaseSchedule.html,Friday
2011-09-02,False,12,20110110213715_ReleaseSchedule.html,20111205033154_ReleaseSchedule.html,Friday
2011-09-09,False,12,20110110213715_ReleaseSchedule.html,20111205033154_ReleaseSchedule.html,Friday
2011-09-16,False,12,20110110213715_ReleaseSchedule.html,20111205033154_ReleaseSchedule.html,Friday
2011-09-23,False,12,20110110213715_ReleaseSchedule.html,20111205033154_ReleaseSchedule.html,Friday
2011-09-30,False,12,20110110213715_ReleaseSchedule.html,20111205033154_ReleaseSchedule.html,Friday
2011-10-07,False,12,20110110213715_ReleaseSchedule.html,20111205033154_ReleaseSchedule.html,Friday
2011-10-14,False,12,20110110213715_ReleaseSchedule.html,20111205033154_ReleaseSchedule.html,Friday
2011-10-21,False,12,20110110213715_ReleaseSchedule.html,20111205033154_ReleaseSchedule.html,Friday
2011-10-28,False,12,20110110213715_ReleaseSchedule.html,20111205033154_ReleaseSchedule.html,Friday
2011-11-04,False,12,20110110213715_ReleaseSchedule.html,20111205033154_ReleaseSchedule.html,Friday
2011-11-14,True,12,20110110213715_ReleaseSchedule.html,20111205033154_ReleaseSchedule.html,Monday
2011-11-18,False,12,20110110213715_ReleaseSchedule.html,20111205033154_ReleaseSchedule.html,Friday
2011-11-28,True,12,20110110213715_ReleaseSchedule.html,20111205033154_ReleaseSchedule.html,Monday
2011-12-02,False,22,20110110213715_ReleaseSchedule.html,20121129045839_ReleaseSchedule.html,Friday
2011-12-09,False,22,20110110213715_ReleaseSchedule.html,20121129045839_ReleaseSchedule.html,Friday
2011-12-16,False,22,20110110213715_ReleaseSchedule.html,20121129045839_ReleaseSchedule.html,Friday
2011-12-23,False,22,20110110213715_ReleaseSchedule.html,20121129045839_ReleaseSchedule.html,Friday
2011-12-30,True,22,20110110213715_ReleaseSchedule.html,20121129045839_ReleaseSchedule.html,Friday
2012-01-06,False,10,20120115134554_ReleaseSchedule.html,20121129045839_ReleaseSchedule.html,Friday
2012-01-13,False,10,20120115134554_ReleaseSchedule.html,20121129045839_ReleaseSchedule.html,Friday
2012-01-20,False,10,20120115134554_ReleaseSchedule.html,20121129045839_ReleaseSchedule.html,Friday
2012-01-27,False,10,20120115134554_ReleaseSchedule.html,20121129045839_ReleaseSchedule.html,Friday
2012-02-03,False,10,20120115134554_ReleaseSchedule.html,20121129045839_ReleaseSchedule.html,Friday
2012-02-10,False,10,20120115134554_ReleaseSchedule.html,20121129045839_ReleaseSchedule.html,Friday
2012-02-17,False,10,20120115134554_ReleaseSchedule.html,20121129045839_ReleaseSchedule.html,Friday
2012-02-24,False,10,20120115134554_ReleaseSchedule.html,20121129045839_ReleaseSchedule.html,Friday
2012-03-02,False,10,20120115134554_ReleaseSchedule.html,20121129045839_ReleaseSchedule.html,Friday
2012-03-09,False,10,20120115134554_ReleaseSchedule.html,20121129045839_ReleaseSchedule.html,Friday
2012-03-16,False,10,20120115134554_ReleaseSchedule.html,20121129045839_ReleaseSchedule.html,Friday
2012-03-23,False,10,20120115134554_ReleaseSchedule.html,20121129045839_ReleaseSchedule.html,Friday
2012-03-30,False,10,20120115134554_ReleaseSchedule.html,20121129045839_ReleaseSchedule.html,Friday
2012-04-06,False,10,20120115134554_ReleaseSchedule.html,20121129045839_ReleaseSchedule.html,Friday
2012-04-13,False,10,20120115134554_ReleaseSchedule.html,20121129045839_ReleaseSchedule.html,Friday
2012-04-20,False,10,20120115134554_ReleaseSchedule.html,20121129045839_ReleaseSchedule.html,Friday
2012-04-27,False,10,20120115134554_ReleaseSchedule.html,20121129045839_ReleaseSchedule.html,Friday
2012-05-04,False,10,20120115134554_ReleaseSchedule.html,20121129045839_ReleaseSchedule.html,Friday
2012-05-11,False,10,20120115134554_ReleaseSchedule.html,20121129045839_ReleaseSchedule.html,Friday
2012-05-18,False,10,20120115134554_ReleaseSchedule.html,20121129045839_ReleaseSchedule.html,Friday
2012-05-25,False,10,20120115134554_ReleaseSchedule.html,20121129045839_ReleaseSchedule.html,Friday
2012-06-01,False,10,20120115134554_ReleaseSchedule.html,20121129045839_ReleaseSchedule.html,Friday
2012-06-08,False,10,20120115134554_ReleaseSchedule.html,20121129045839_ReleaseSchedule.html,Friday
2012-06-15,False,10,20120115134554_ReleaseSchedule.html,20121129045839_ReleaseSchedule.html,Friday
2012-06-22,False,10,20120115134554_ReleaseSchedule.html,20121129045839_ReleaseSchedule.html,Friday
2012-06-29,False,10,20120115134554_ReleaseSchedule.html,20121129045839_ReleaseSchedule.html,Friday
2012-07-09,True,10,20120115134554_ReleaseSchedule.html,20121129045839_ReleaseSchedule.html,Monday
2012-07-13,False,10,20120115134554_ReleaseSchedule.html,20121129045839_ReleaseSchedule.html,Friday
2012-07-20,False,10,20120115134554_ReleaseSchedule.html,20121129045839_ReleaseSchedule.html,Friday
2012-07-27,False,10,20120115134554_ReleaseSchedule.html,20121129045839_ReleaseSchedule.html,Friday
2012-08-03,False,10,20120115134554_ReleaseSchedule.html,20121129045839_ReleaseSchedule.html,Friday
2012-08-10,False,10,20120115134554_ReleaseSchedule.html,20121129045839_ReleaseSchedule.html,Friday
2012-08-17,False,10,20120115134554_ReleaseSchedule.html,20121129045839_ReleaseSchedule.html,Friday
2012-08-24,False,10,20120115134554_ReleaseSchedule.html,20121129045839_ReleaseSchedule.html,Friday
2012-08-31,False,10,20120115134554_ReleaseSchedule.html,20121129045839_ReleaseSchedule.html,Friday
2012-09-07,False,10,20120115134554_ReleaseSchedule.html,20121129045839_ReleaseSchedule.html,Friday
2012-09-14,False,10,20120115134554_ReleaseSchedule.html,20121129045839_ReleaseSchedule.html,Friday
2012-09-21,False,10,20120115134554_ReleaseSchedule.html,20121129045839_ReleaseSchedule.html,Friday
2012-09-28,False,10,20120115134554_ReleaseSchedule.html,20121129045839_ReleaseSchedule.html,Friday
2012-10-05,False,10,20120115134554_ReleaseSchedule.html,20121129045839_ReleaseSchedule.html,Friday
2012-10-12,False,10,20120115134554_ReleaseSchedule.html,20121129045839_ReleaseSchedule.html,Friday
2012-10-19,False,10,20120115134554_ReleaseSchedule.html,20121129045839_ReleaseSchedule.html,Friday
2012-10-26,False,10,20120115134554_ReleaseSchedule.html,20121129045839_ReleaseSchedule.html,Friday
2012-11-02,False,10,20120115134554_ReleaseSchedule.html,20121129045839_ReleaseSchedule.html,Friday
2012-11-09,False,10,20120115134554_ReleaseSchedule.html,20121129045839_ReleaseSchedule.html,Friday
2012-11-16,False,10,20120115134554_ReleaseSchedule.html,20121129045839_ReleaseSchedule.html,Friday
2012-11-26,True,10,20120115134554_ReleaseSchedule.html,20121129045839_ReleaseSchedule.html,Monday
2012-11-30,False,10,20120115134554_ReleaseSchedule.html,20121129045839_ReleaseSchedule.html,Friday
2012-12-07,False,16,20120115134554_ReleaseSchedule.html,20130508014708_ReleaseSchedule.html,Friday
2012-12-14,False,16,20120115134554_ReleaseSchedule.html,20130508014708_ReleaseSchedule.html,Friday
2012-12-21,False,16,20120115134554_ReleaseSchedule.html,20130508014708_ReleaseSchedule.html,Friday
2012-12-28,True,16,20120115134554_ReleaseSchedule.html,20130508014708_ReleaseSchedule.html,Friday
2013-01-04,False,13,20121201003123_ReleaseSchedule.html,20131202025933_ReleaseSchedule.html,Friday
2013-01-11,False,13,20121201003123_ReleaseSchedule.html,20131202025933_ReleaseSchedule.html,Friday
2013-01-18,False,13,20121201003123_ReleaseSchedule.html,20131202025933_ReleaseSchedule.html,Friday
2013-01-25,False,13,20121201003123_ReleaseSchedule.html,20131202025933_ReleaseSchedule.html,Friday
2013-02-01,False,13,20121201003123_ReleaseSchedule.html,20131202025933_ReleaseSchedule.html,Friday
2013-02-08,False,13,20121201003123_ReleaseSchedule.html,20131202025933_ReleaseSchedule.html,Friday
2013-02-15,False,13,20121201003123_ReleaseSchedule.html,20131202025933_ReleaseSchedule.html,Friday
2013-02-22,False,13,20121201003123_ReleaseSchedule.html,20131202025933_ReleaseSchedule.html,Friday
2013-03-01,False,13,20121201003123_ReleaseSchedule.html,20131202025933_ReleaseSchedule.html,Friday
2013-03-08,False,13,20121201003123_ReleaseSchedule.html,20131202025933_ReleaseSchedule.html,Friday
2013-03-15,False,13,20121201003123_ReleaseSchedule.html,20131202025933_ReleaseSchedule.html,Friday
2013-03-22,False,13,20121201003123_ReleaseSchedule.html,20131202025933_ReleaseSchedule.html,Friday
2013-03-29,False,13,20121201003123_ReleaseSchedule.html,20131202025933_ReleaseSchedule.html,Friday
2013-04-05,False,13,20121201003123_ReleaseSchedule.html,20131202025933_ReleaseSchedule.html,Friday
2013-04-12,False,13,20121201003123_ReleaseSchedule.html,20131202025933_ReleaseSchedule.html,Friday
2013-04-19,False,13,20121201003123_ReleaseSchedule.html,20131202025933_ReleaseSchedule.html,Friday
2013-04-26,False,13,20121201003123_ReleaseSchedule.html,20131202025933_ReleaseSchedule.html,Friday
2013-05-03,False,13,20121201003123_ReleaseSchedule.html,20131202025933_ReleaseSchedule.html,Friday
2013-05-10,False,13,20121201003123_ReleaseSchedule.html,20131202025933_ReleaseSchedule.html,Friday
2013-05-17,False,13,20121201003123_ReleaseSchedule.html,20131202025933_ReleaseSchedule.html,Friday
2013-05-24,False,13,20121201003123_ReleaseSchedule.html,20131202025933_ReleaseSchedule.html,Friday
2013-05-31,False,13,20121201003123_ReleaseSchedule.html,20131202025933_ReleaseSchedule.html,Friday
2013-06-07,False,13,20121201003123_ReleaseSchedule.html,20131202025933_ReleaseSchedule.html,Friday
2013-06-14,False,13,20121201003123_ReleaseSchedule.html,20131202025933_ReleaseSchedule.html,Friday
2013-06-21,False,13,20121201003123_ReleaseSchedule.html,20131202025933_ReleaseSchedule.html,Friday
2013-06-28,False,13,20121201003123_ReleaseSchedule.html,20131202025933_ReleaseSchedule.html,Friday
2013-07-08,True,13,20121201003123_ReleaseSchedule.html,20131202025933_ReleaseSchedule.html,Monday
2013-07-12,False,13,20121201003123_ReleaseSchedule.html,20131202025933_ReleaseSchedule.html,Friday
2013-07-19,False,13,20121201003123_ReleaseSchedule.html,20131202025933_ReleaseSchedule.html,Friday
2013-07-26,False,13,20121201003123_ReleaseSchedule.html,20131202025933_ReleaseSchedule.html,Friday
2013-08-02,False,13,20121201003123_ReleaseSchedule.html,20131202025933_ReleaseSchedule.html,Friday
2013-08-09,False,13,20121201003123_ReleaseSchedule.html,20131202025933_ReleaseSchedule.html,Friday
2013-08-16,False,13,20121201003123_ReleaseSchedule.html,20131202025933_ReleaseSchedule.html,Friday
2013-08-23,False,13,20121201003123_ReleaseSchedule.html,20131202025933_ReleaseSchedule.html,Friday
2013-08-30,False,13,20121201003123_ReleaseSchedule.html,20131202025933_ReleaseSchedule.html,Friday
2013-09-06,False,13,20121201003123_ReleaseSchedule.html,20131202025933_ReleaseSchedule.html,Friday
2013-09-13,False,13,20121201003123_ReleaseSchedule.html,20131202025933_ReleaseSchedule.html,Friday
2013-09-20,False,13,20121201003123_ReleaseSchedule.html,20131202025933_ReleaseSchedule.html,Friday
2013-09-27,False,13,20121201003123_ReleaseSchedule.html,20131202025933_ReleaseSchedule.html,Friday
2013-10-04,False,13,20121201003123_ReleaseSchedule.html,20131202025933_ReleaseSchedule.html,Friday
2013-10-11,False,13,20121201003123_ReleaseSchedule.html,20131202025933_ReleaseSchedule.html,Friday
2013-10-18,False,13,20121201003123_ReleaseSchedule.html,20131202025933_ReleaseSchedule.html,Friday
2013-10-25,False,13,20121201003123_ReleaseSchedule.html,20131202025933_ReleaseSchedule.html,Friday
2013-11-01,False,13,20121201003123_ReleaseSchedule.html,20131202025933_ReleaseSchedule.html,Friday
2013-11-08,False,13,20121201003123_ReleaseSchedule.html,20131202025933_ReleaseSchedule.html,Friday
2013-11-15,False,13,20121201003123_ReleaseSchedule.html,20131202025933_ReleaseSchedule.html,Friday
2013-11-22,False,13,20121201003123_ReleaseSchedule.html,20131202025933_ReleaseSchedule.html,Friday
2013-12-02,True,22,20121201003123_ReleaseSchedule.html,20140923155321_ReleaseSchedule.html,Monday
2013-12-06,False,22,20121201003123_ReleaseSchedule.html,20140923155321_ReleaseSchedule.html,Friday
2013-12-13,False,22,20121201003123_ReleaseSchedule.html,20140923155321_ReleaseSchedule.html,Friday
2013-12-20,False,22,20121201003123_ReleaseSchedule.html,20140923155321_ReleaseSchedule.html,Friday
2013-12-30,True,22,20121201003123_ReleaseSchedule.html,20140923155321_ReleaseSchedule.html,Monday
2014-01-06,True,9,20140115120601_ReleaseSchedule.html,20140923155321_ReleaseSchedule.html,Monday
2014-01-10,False,9,20140115120601_ReleaseSchedule.html,20140923155321_ReleaseSchedule.html,Friday
2014-01-17,False,9,20140115120601_ReleaseSchedule.html,20140923155321_ReleaseSchedule.html,Friday
2014-01-24,False,9,20140115120601_ReleaseSchedule.html,20140923155321_ReleaseSchedule.html,Friday
2014-01-31,False,9,20140115120601_ReleaseSchedule.html,20140923155321_ReleaseSchedule.html,Friday
2014-02-07,False,9,20140115120601_ReleaseSchedule.html,20140923155321_ReleaseSchedule.html,Friday
2014-02-14,False,9,20140115120601_ReleaseSchedule.html,20140923155321_ReleaseSchedule.html,Friday
2014-02-21,False,9,20140115120601_ReleaseSchedule.html,20140923155321_ReleaseSchedule.html,Friday
2014-02-28,False,9,20140115120601_ReleaseSchedule.html,20140923155321_ReleaseSchedule.html,Friday
2014-03-07,False,9,20140115120601_ReleaseSchedule.html,20140923155321_ReleaseSchedule.html,Friday
2014-03-14,False,9,20140115120601_ReleaseSchedule.html,20140923155321_ReleaseSchedule.html,Friday
2014-03-21,False,9,20140115120601_ReleaseSchedule.html,20140923155321_ReleaseSchedule.html,Friday
2014-03-28,False,9,20140115120601_ReleaseSchedule.html,20140923155321_ReleaseSchedule.html,Friday
2014-04-04,False,9,20140115120601_ReleaseSchedule.html,20140923155321_ReleaseSchedule.html,Friday
2014-04-11,False,9,20140115120601_ReleaseSchedule.html,20140923155321_ReleaseSchedule.html,Friday
2014-04-18,False,9,20140115120601_ReleaseSchedule.html,20140923155321_ReleaseSchedule.html,Friday
2014-04-25,False,9,20140115120601_ReleaseSchedule.html,20140923155321_ReleaseSchedule.html,Friday
2014-05-02,False,9,20140115120601_ReleaseSchedule.html,20140923155321_ReleaseSchedule.html,Friday
2014-05-09,False,9,20140115120601_ReleaseSchedule.html,20140923155321_ReleaseSchedule.html,Friday
2014-05-16,False,9,20140115120601_ReleaseSchedule.html,20140923155321_ReleaseSchedule.html,Friday
2014-05-23,False,9,20140115120601_ReleaseSchedule.html,20140923155321_ReleaseSchedule.html,Friday
2014-05-30,False,9,20140115120601_ReleaseSchedule.html,20140923155321_ReleaseSchedule.html,Friday
2014-06-06,False,9,20140115120601_ReleaseSchedule.html,20140923155321_ReleaseSchedule.html,Friday
2014-06-13,False,9,20140115120601_ReleaseSchedule.html,20140923155321_ReleaseSchedule.html,Friday
2014-06-20,False,9,20140115120601_ReleaseSchedule.html,20140923155321_ReleaseSchedule.html,Friday
2014-06-27,False,9,20140115120601_ReleaseSchedule.html,20140923155321_ReleaseSchedule.html,Friday
2014-07-07,True,9,20140115120601_ReleaseSchedule.html,20140923155321_ReleaseSchedule.html,Monday
2014-07-11,False,9,20140115120601_ReleaseSchedule.html,20140923155321_ReleaseSchedule.html,Friday
2014-07-18,False,9,20140115120601_ReleaseSchedule.html,20140923155321_ReleaseSchedule.html,Friday
2014-07-25,False,9,20140115120601_ReleaseSchedule.html,20140923155321_ReleaseSchedule.html,Friday
2014-08-01,False,9,20140115120601_ReleaseSchedule.html,20140923155321_ReleaseSchedule.html,Friday
2014-08-08,False,9,20140115120601_ReleaseSchedule.html,20140923155321_ReleaseSchedule.html,Friday
2014-08-15,False,9,20140115120601_ReleaseSchedule.html,20140923155321_ReleaseSchedule.html,Friday
2014-08-22,False,9,20140115120601_ReleaseSchedule.html,20140923155321_ReleaseSchedule.html,Friday
2014-08-29,False,9,20140115120601_ReleaseSchedule.html,20140923155321_ReleaseSchedule.html,Friday
2014-09-05,False,9,20140115120601_ReleaseSchedule.html,20140923155321_ReleaseSchedule.html,Friday
2014-09-12,False,9,20140115120601_ReleaseSchedule.html,20140923155321_ReleaseSchedule.html,Friday
2014-09-19,False,9,20140115120601_ReleaseSchedule.html,20140923155321_ReleaseSchedule.html,Friday
2014-09-26,False,9,20140115120601_ReleaseSchedule.html,20140923155321_ReleaseSchedule.html,Friday
2014-10-03,False,9,20140115120601_ReleaseSchedule.html,20140923155321_ReleaseSchedule.html,Friday
2014-10-10,False,9,20140115120601_ReleaseSchedule.html,20140923155321_ReleaseSchedule.html,Friday
2014-10-17,False,9,20140115120601_ReleaseSchedule.html,20140923155321_ReleaseSchedule.html,Friday
2014-10-24,False,9,20140115120601_ReleaseSchedule.html,20140923155321_ReleaseSchedule.html,Friday
2014-10-31,False,2,20140803120517_ReleaseSchedule.html,20140923155321_ReleaseSchedule.html,Friday
2014-11-07,False,9,20140115120601_ReleaseSchedule.html,20140923155321_ReleaseSchedule.html,Friday
2014-11-14,False,9,20140115120601_ReleaseSchedule.html,20140923155321_ReleaseSchedule.html,Friday
2014-11-21,False,9,20140115120601_ReleaseSchedule.html,20140923155321_ReleaseSchedule.html,Friday
2014-12-01,True,21,20140115120601_ReleaseSchedule.html,20151204215645_ReleaseSchedule.html,Monday
2014-12-05,False,21,20140115120601_ReleaseSchedule.html,20151204215645_ReleaseSchedule.html,Friday
2014-12-12,False,21,20140115120601_ReleaseSchedule.html,20151204215645_ReleaseSchedule.html,Friday
2014-12-19,False,21,20140115120601_ReleaseSchedule.html,20151204215645_ReleaseSchedule.html,Friday
2014-12-29,True,9,20140115120601_ReleaseSchedule.html,20140923155321_ReleaseSchedule.html,Monday
2014-12-30,True,12,20150103222559_ReleaseSchedule.html,20151204215645_ReleaseSchedule.html,Tuesday
2015-01-05,True,12,20150103222559_ReleaseSchedule.html,20151204215645_ReleaseSchedule.html,Monday
2015-01-09,False,12,20150103222559_ReleaseSchedule.html,20151204215645_ReleaseSchedule.html,Friday
2015-01-16,False,12,20150103222559_ReleaseSchedule.html,20151204215645_ReleaseSchedule.html,Friday
2015-01-23,False,12,20150103222559_ReleaseSchedule.html,20151204215645_ReleaseSchedule.html,Friday
2015-01-30,False,12,20150103222559_ReleaseSchedule.html,20151204215645_ReleaseSchedule.html,Friday
2015-02-06,False,12,20150103222559_ReleaseSchedule.html,20151204215645_ReleaseSchedule.html,Friday
2015-02-13,False,12,20150103222559_ReleaseSchedule.html,20151204215645_ReleaseSchedule.html,Friday
2015-02-20,False,12,20150103222559_ReleaseSchedule.html,20151204215645_ReleaseSchedule.html,Friday
2015-02-27,False,12,20150103222559_ReleaseSchedule.html,20151204215645_ReleaseSchedule.html,Friday
2015-03-06,False,12,20150103222559_ReleaseSchedule.html,20151204215645_ReleaseSchedule.html,Friday
2015-03-13,False,12,20150103222559_ReleaseSchedule.html,20151204215645_ReleaseSchedule.html,Friday
2015-03-20,False,12,20150103222559_ReleaseSchedule.html,20151204215645_ReleaseSchedule.html,Friday
2015-03-27,False,12,20150103222559_ReleaseSchedule.html,20151204215645_ReleaseSchedule.html,Friday
2015-04-03,False,12,20150103222559_ReleaseSchedule.html,20151204215645_ReleaseSchedule.html,Friday
2015-04-10,False,12,20150103222559_ReleaseSchedule.html,20151204215645_ReleaseSchedule.html,Friday
2015-04-17,False,12,20150103222559_ReleaseSchedule.html,20151204215645_ReleaseSchedule.html,Friday
2015-04-24,False,12,20150103222559_ReleaseSchedule.html,20151204215645_ReleaseSchedule.html,Friday
2015-05-01,False,12,20150103222559_ReleaseSchedule.html,20151204215645_ReleaseSchedule.html,Friday
2015-05-08,False,12,20150103222559_ReleaseSchedule.html,20151204215645_ReleaseSchedule.html,Friday
2015-05-15,False,12,20150103222559_ReleaseSchedule.html,20151204215645_ReleaseSchedule.html,Friday
2015-05-22,False,12,20150103222559_ReleaseSchedule.html,20151204215645_ReleaseSchedule.html,Friday
2015-05-29,False,12,20150103222559_ReleaseSchedule.html,20151204215645_ReleaseSchedule.html,Friday
2015-06-05,False,12,20150103222559_ReleaseSchedule.html,20151204215645_ReleaseSchedule.html,Friday
2015-06-12,False,12,20150103222559_ReleaseSchedule.html,20151204215645_ReleaseSchedule.html,Friday
2015-06-19,False,12,20150103222559_ReleaseSchedule.html,20151204215645_ReleaseSchedule.html,Friday
2015-06-26,False,12,20150103222559_ReleaseSchedule.html,20151204215645_ReleaseSchedule.html,Friday
2015-07-06,True,12,20150103222559_ReleaseSchedule.html,20151204215645_ReleaseSchedule.html,Monday
2015-07-10,False,12,20150103222559_ReleaseSchedule.html,20151204215645_ReleaseSchedule.html,Friday
2015-07-17,False,12,20150103222559_ReleaseSchedule.html,20151204215645_ReleaseSchedule.html,Friday
2015-07-24,False,12,20150103222559_ReleaseSchedule.html,20151204215645_ReleaseSchedule.html,Friday
2015-07-31,False,12,20150103222559_ReleaseSchedule.html,20151204215645_ReleaseSchedule.html,Friday
2015-08-07,False,12,20150103222559_ReleaseSchedule.html,20151204215645_ReleaseSchedule.html,Friday
2015-08-14,False,12,20150103222559_ReleaseSchedule.html,20151204215645_ReleaseSchedule.html,Friday
2015-08-21,False,12,20150103222559_ReleaseSchedule.html,20151204215645_ReleaseSchedule.html,Friday
2015-08-28,False,12,20150103222559_ReleaseSchedule.html,20151204215645_ReleaseSchedule.html,Friday
2015-09-04,False,12,20150103222559_ReleaseSchedule.html,20151204215645_ReleaseSchedule.html,Friday
2015-09-11,False,12,20150103222559_ReleaseSchedule.html,20151204215645_ReleaseSchedule.html,Friday
2015-09-18,False,12,20150103222559_ReleaseSchedule.html,20151204215645_ReleaseSchedule.html,Friday
2015-09-25,False,12,20150103222559_ReleaseSchedule.html,20151204215645_ReleaseSchedule.html,Friday
2015-10-02,False,12,20150103222559_ReleaseSchedule.html,20151204215645_ReleaseSchedule.html,Friday
2015-10-09,False,12,20150103222559_ReleaseSchedule.html,20151204215645_ReleaseSchedule.html,Friday
2015-10-16,False,12,20150103222559_ReleaseSchedule.html,20151204215645_ReleaseSchedule.html,Friday
2015-10-23,False,12,20150103222559_ReleaseSchedule.html,20151204215645_ReleaseSchedule.html,Friday
2015-10-30,False,12,20150103222559_ReleaseSchedule.html,20151204215645_ReleaseSchedule.html,Friday
2015-11-06,False,12,20150103222559_ReleaseSchedule.html,20151204215645_ReleaseSchedule.html,Friday
2015-11-13,False,10,20150103222559_ReleaseSchedule.html,20151006133125_ReleaseSchedule.html,Friday
2015-11-16,True,2,20151113183945_ReleaseSchedule.html,20151204215645_ReleaseSchedule.html,Monday
2015-11-20,False,12,20150103222559_ReleaseSchedule.html,20151204215645_ReleaseSchedule.html,Friday
2015-11-30,True,12,20150103222559_ReleaseSchedule.html,20151204215645_ReleaseSchedule.html,Monday
2015-12-04,False,20,20150103222559_ReleaseSchedule.html,20161003175538_ReleaseSchedule.html,Friday
2015-12-11,False,20,20150103222559_ReleaseSchedule.html,20161003175538_ReleaseSchedule.html,Friday
2015-12-18,False,20,20150103222559_ReleaseSchedule.html,20161003175538_ReleaseSchedule.html,Friday
2015-12-28,True,20,20150103222559_ReleaseSchedule.html,20161003175538_ReleaseSchedule.html,Monday
2016-01-04,True,8,20160114131752_ReleaseSchedule.html,20161003175538_ReleaseSchedule.html,Monday
2016-01-08,False,8,20160114131752_ReleaseSchedule.html,20161003175538_ReleaseSchedule.html,Friday
2016-01-15,False,8,20160114131752_ReleaseSchedule.html,20161003175538_ReleaseSchedule.html,Friday
2016-01-22,False,8,20160114131752_ReleaseSchedule.html,20161003175538_ReleaseSchedule.html,Friday
2016-01-29,False,8,20160114131752_ReleaseSchedule.html,20161003175538_ReleaseSchedule.html,Friday
2016-02-05,False,8,20160114131752_ReleaseSchedule.html,20161003175538_ReleaseSchedule.html,Friday
2016-02-12,False,8,20160114131752_ReleaseSchedule.html,20161003175538_ReleaseSchedule.html,Friday
2016-02-19,False,8,20160114131752_ReleaseSchedule.html,20161003175538_ReleaseSchedule.html,Friday
2016-02-26,False,8,20160114131752_ReleaseSchedule.html,20161003175538_ReleaseSchedule.html,Friday
2016-03-04,False,8,20160114131752_ReleaseSchedule.html,20161003175538_ReleaseSchedule.html,Friday
2016-03-11,False,8,20160114131752_ReleaseSchedule.html,20161003175538_ReleaseSchedule.html,Friday
2016-03-18,False,8,20160114131752_ReleaseSchedule.html,20161003175538_ReleaseSchedule.html,Friday
2016-03-25,False,8,20160114131752_ReleaseSchedule.html,20161003175538_ReleaseSchedule.html,Friday
2016-04-01,False,8,20160114131752_ReleaseSchedule.html,20161003175538_ReleaseSchedule.html,Friday
2016-04-08,False,8,20160114131752_ReleaseSchedule.html,20161003175538_ReleaseSchedule.html,Friday
2016-04-15,False,8,20160114131752_ReleaseSchedule.html,20161003175538_ReleaseSchedule.html,Friday
2016-04-22,False,8,20160114131752_ReleaseSchedule.html,20161003175538_ReleaseSchedule.html,Friday
2016-04-29,False,8,20160114131752_ReleaseSchedule.html,20161003175538_ReleaseSchedule.html,Friday
2016-05-06,False,8,20160114131752_ReleaseSchedule.html,20161003175538_ReleaseSchedule.html,Friday
2016-05-13,False,8,20160114131752_ReleaseSchedule.html,20161003175538_ReleaseSchedule.html,Friday
2016-05-20,False,8,20160114131752_ReleaseSchedule.html,20161003175538_ReleaseSchedule.html,Friday
2016-05-27,False,8,20160114131752_ReleaseSchedule.html,20161003175538_ReleaseSchedule.html,Friday
2016-06-03,False,8,20160114131752_ReleaseSchedule.html,20161003175538_ReleaseSchedule.html,Friday
2016-06-10,False,8,20160114131752_ReleaseSchedule.html,20161003175538_ReleaseSchedule.html,Friday
2016-06-17,False,8,20160114131752_ReleaseSchedule.html,20161003175538_ReleaseSchedule.html,Friday
2016-06-24,False,8,20160114131752_ReleaseSchedule.html,20161003175538_ReleaseSchedule.html,Friday
2016-07-01,False,8,20160114131752_ReleaseSchedule.html,20161003175538_ReleaseSchedule.html,Friday
2016-07-08,False,8,20160114131752_ReleaseSchedule.html,20161003175538_ReleaseSchedule.html,Friday
2016-07-15,False,8,20160114131752_ReleaseSchedule.html,20161003175538_ReleaseSchedule.html,Friday
2016-07-22,False,8,20160114131752_ReleaseSchedule.html,20161003175538_ReleaseSchedule.html,Friday
2016-07-29,False,8,20160114131752_ReleaseSchedule.html,20161003175538_ReleaseSchedule.html,Friday
2016-08-05,False,8,20160114131752_ReleaseSchedule.html,20161003175538_ReleaseSchedule.html,Friday
2016-08-12,False,8,20160114131752_ReleaseSchedule.html,20161003175538_ReleaseSchedule.html,Friday
2016-08-19,False,8,20160114131752_ReleaseSchedule.html,20161003175538_ReleaseSchedule.html,Friday
2016-08-26,False,8,20160114131752_ReleaseSchedule.html,20161003175538_ReleaseSchedule.html,Friday
2016-09-02,False,8,20160114131752_ReleaseSchedule.html,20161003175538_ReleaseSchedule.html,Friday
2016-09-09,False,8,20160114131752_ReleaseSchedule.html,20161003175538_ReleaseSchedule.html,Friday
2016-09-16,False,8,20160114131752_ReleaseSchedule.html,20161003175538_ReleaseSchedule.html,Friday
2016-09-23,False,8,20160114131752_ReleaseSchedule.html,20161003175538_ReleaseSchedule.html,Friday
2016-09-30,False,8,20160114131752_ReleaseSchedule.html,20161003175538_ReleaseSchedule.html,Friday
2016-10-07,False,8,20160114131752_ReleaseSchedule.html,20161003175538_ReleaseSchedule.html,Friday
2016-10-14,False,8,20160114131752_ReleaseSchedule.html,20161003175538_ReleaseSchedule.html,Friday
2016-10-21,False,8,20160114131752_ReleaseSchedule.html,20161003175538_ReleaseSchedule.html,Friday
2016-10-28,False,8,20160114131752_ReleaseSchedule.html,20161003175538_ReleaseSchedule.html,Friday
2016-11-04,False,8,20160114131752_ReleaseSchedule.html,20161003175538_ReleaseSchedule.html,Friday
2016-11-14,True,8,20160114131752_ReleaseSchedule.html,20161003175538_ReleaseSchedule.html,Monday
2016-11-18,False,8,20160114131752_ReleaseSchedule.html,20161003175538_ReleaseSchedule.html,Friday
2016-11-28,True,8,20160114131752_ReleaseSchedule.html,20161003175538_ReleaseSchedule.html,Monday
2016-12-02,False,11,20160114131752_ReleaseSchedule.html,20171012122855_ReleaseSchedule.html,Friday
2016-12-09,False,11,20160114131752_ReleaseSchedule.html,20171012122855_ReleaseSchedule.html,Friday
2016-12-16,False,11,20160114131752_ReleaseSchedule.html,20171012122855_ReleaseSchedule.html,Friday
2016-12-23,False,11,20160114131752_ReleaseSchedule.html,20171012122855_ReleaseSchedule.html,Friday
2016-12-30,True,11,20160114131752_ReleaseSchedule.html,20171012122855_ReleaseSchedule.html,Friday
2017-01-06,False,3,20170125184928_ReleaseSchedule.html,20171012122855_ReleaseSchedule.html,Friday
2017-01-13,False,3,20170125184928_ReleaseSchedule.html,20171012122855_ReleaseSchedule.html,Friday
2017-01-20,False,3,20170125184928_ReleaseSchedule.html,20171012122855_ReleaseSchedule.html,Friday
2017-01-27,False,3,20170125184928_ReleaseSchedule.html,20171012122855_ReleaseSchedule.html,Friday
2017-02-03,False,3,20170125184928_ReleaseSchedule.html,20171012122855_ReleaseSchedule.html,Friday
2017-02-10,False,3,20170125184928_ReleaseSchedule.html,20171012122855_ReleaseSchedule.html,Friday
2017-02-17,False,3,20170125184928_ReleaseSchedule.html,20171012122855_ReleaseSchedule.html,Friday
2017-02-24,False,3,20170125184928_ReleaseSchedule.html,20171012122855_ReleaseSchedule.html,Friday
2017-03-03,False,3,20170125184928_ReleaseSchedule.html,20171012122855_ReleaseSchedule.html,Friday
2017-03-10,False,3,20170125184928_ReleaseSchedule.html,20171012122855_ReleaseSchedule.html,Friday
2017-03-17,False,3,20170125184928_ReleaseSchedule.html,20171012122855_ReleaseSchedule.html,Friday
2017-03-24,False,3,20170125184928_ReleaseSchedule.html,20171012122855_ReleaseSchedule.html,Friday
2017-03-31,False,3,20170125184928_ReleaseSchedule.html,20171012122855_ReleaseSchedule.html,Friday
2017-04-07,False,3,20170125184928_ReleaseSchedule.html,20171012122855_ReleaseSchedule.html,Friday
2017-04-14,False,3,20170125184928_ReleaseSchedule.html,20171012122855_ReleaseSchedule.html,Friday
2017-04-21,False,3,20170125184928_ReleaseSchedule.html,20171012122855_ReleaseSchedule.html,Friday
2017-04-28,False,3,20170125184928_ReleaseSchedule.html,20171012122855_ReleaseSchedule.html,Friday
2017-05-05,False,3,20170125184928_ReleaseSchedule.html,20171012122855_ReleaseSchedule.html,Friday
2017-05-12,False,3,20170125184928_ReleaseSchedule.html,20171012122855_ReleaseSchedule.html,Friday
2017-05-19,False,3,20170125184928_ReleaseSchedule.html,20171012122855_ReleaseSchedule.html,Friday
2017-05-26,False,3,20170125184928_ReleaseSchedule.html,20171012122855_ReleaseSchedule.html,Friday
2017-06-02,False,3,20170125184928_ReleaseSchedule.html,20171012122855_ReleaseSchedule.html,Friday
2017-06-09,False,3,20170125184928_ReleaseSchedule.html,20171012122855_ReleaseSchedule.html,Friday
2017-06-16,False,3,20170125184928_ReleaseSchedule.html,20171012122855_ReleaseSchedule.html,Friday
2017-06-23,False,3,20170125184928_ReleaseSchedule.html,20171012122855_ReleaseSchedule.html,Friday
2017-06-30,False,3,20170125184928_ReleaseSchedule.html,20171012122855_ReleaseSchedule.html,Friday
2017-07-07,False,3,20170125184928_ReleaseSchedule.html,20171012122855_ReleaseSchedule.html,Friday
2017-07-14,False,3,20170125184928_ReleaseSchedule.html,20171012122855_ReleaseSchedule.html,Friday
2017-07-21,False,3,20170125184928_ReleaseSchedule.html,20171012122855_ReleaseSchedule.html,Friday
2017-07-28,False,3,20170125184928_ReleaseSchedule.html,20171012122855_ReleaseSchedule.html,Friday
2017-08-04,False,3,20170125184928_ReleaseSchedule.html,20171012122855_ReleaseSchedule.html,Friday
2017-08-11,False,3,20170125184928_ReleaseSchedule.html,20171012122855_ReleaseSchedule.html,Friday
2017-08-18,False,3,20170125184928_ReleaseSchedule.html,20171012122855_ReleaseSchedule.html,Friday
2017-08-25,False,3,20170125184928_ReleaseSchedule.html,20171012122855_ReleaseSchedule.html,Friday
2017-09-01,False,3,20170125184928_ReleaseSchedule.html,20171012122855_ReleaseSchedule.html,Friday
2017-09-08,False,3,20170125184928_ReleaseSchedule.html,20171012122855_ReleaseSchedule.html,Friday
2017-09-15,False,3,20170125184928_ReleaseSchedule.html,20171012122855_ReleaseSchedule.html,Friday
2017-09-22,False,3,20170125184928_ReleaseSchedule.html,20171012122855_ReleaseSchedule.html,Friday
2017-09-29,False,3,20170125184928_ReleaseSchedule.html,20171012122855_ReleaseSchedule.html,Friday
2017-10-06,False,3,20170125184928_ReleaseSchedule.html,20171012122855_ReleaseSchedule.html,Friday
2017-10-13,False,3,20170125184928_ReleaseSchedule.html,20171012122855_ReleaseSchedule.html,Friday
2017-10-20,False,3,20170125184928_ReleaseSchedule.html,20171012122855_ReleaseSchedule.html,Friday
2017-10-27,False,3,20170125184928_ReleaseSchedule.html,20171012122855_ReleaseSchedule.html,Friday
2017-11-03,False,3,20170125184928_ReleaseSchedule.html,20171012122855_ReleaseSchedule.html,Friday
2017-11-13,True,3,20170125184928_ReleaseSchedule.html,20171012122855_ReleaseSchedule.html,Monday
2017-11-17,False,3,20170125184928_ReleaseSchedule.html,20171012122855_ReleaseSchedule.html,Friday
2017-11-27,True,3,20170125184928_ReleaseSchedule.html,20171012122855_ReleaseSchedule.html,Monday
2017-12-01,False,5,20170125184928_ReleaseSchedule.html,20181026195851_ReleaseSchedule.html,Friday
2017-12-08,False,5,20170125184928_ReleaseSchedule.html,20181026195851_ReleaseSchedule.html,Friday
2017-12-15,False,5,20170125184928_ReleaseSchedule.html,20181026195851_ReleaseSchedule.html,Friday
2017-12-22,False,5,20170125184928_ReleaseSchedule.html,20181026195851_ReleaseSchedule.html,Friday
2017-12-29,True,5,20170125184928_ReleaseSchedule.html,20181026195851_ReleaseSchedule.html,Friday
2018-01-05,False,2,20180110230136_ReleaseSchedule.html,20181026195851_ReleaseSchedule.html,Friday
2018-01-12,False,2,20180110230136_ReleaseSchedule.html,20181026195851_ReleaseSchedule.html,Friday
2018-01-19,False,2,20180110230136_ReleaseSchedule.html,20181026195851_ReleaseSchedule.html,Friday
2018-01-26,False,2,20180110230136_ReleaseSchedule.html,20181026195851_ReleaseSchedule.html,Friday
2018-02-02,False,2,20180110230136_ReleaseSchedule.html,20181026195851_ReleaseSchedule.html,Friday
2018-02-09,False,2,20180110230136_ReleaseSchedule.html,20181026195851_ReleaseSchedule.html,Friday
2018-02-16,False,2,20180110230136_ReleaseSchedule.html,20181026195851_ReleaseSchedule.html,Friday
2018-02-23,False,2,20180110230136_ReleaseSchedule.html,20181026195851_ReleaseSchedule.html,Friday
2018-03-02,False,2,20180110230136_ReleaseSchedule.html,20181026195851_ReleaseSchedule.html,Friday
2018-03-09,False,2,20180110230136_ReleaseSchedule.html,20181026195851_ReleaseSchedule.html,Friday
2018-03-16,False,2,20180110230136_ReleaseSchedule.html,20181026195851_ReleaseSchedule.html,Friday
2018-03-23,False,2,20180110230136_ReleaseSchedule.html,20181026195851_ReleaseSchedule.html,Friday
2018-03-30,False,2,20180110230136_ReleaseSchedule.html,20181026195851_ReleaseSchedule.html,Friday
2018-04-06,False,2,20180110230136_ReleaseSchedule.html,20181026195851_ReleaseSchedule.html,Friday
2018-04-13,False,2,20180110230136_ReleaseSchedule.html,20181026195851_ReleaseSchedule.html,Friday
2018-04-20,False,2,20180110230136_ReleaseSchedule.html,20181026195851_ReleaseSchedule.html,Friday
2018-04-27,False,2,20180110230136_ReleaseSchedule.html,20181026195851_ReleaseSchedule.html,Friday
2018-05-04,False,2,20180110230136_ReleaseSchedule.html,20181026195851_ReleaseSchedule.html,Friday
2018-05-11,False,2,20180110230136_ReleaseSchedule.html,20181026195851_ReleaseSchedule.html,Friday
2018-05-18,False,2,20180110230136_ReleaseSchedule.html,20181026195851_ReleaseSchedule.html,Friday
2018-05-25,False,2,20180110230136_ReleaseSchedule.html,20181026195851_ReleaseSchedule.html,Friday
2018-06-01,False,2,20180110230136_ReleaseSchedule.html,20181026195851_ReleaseSchedule.html,Friday
2018-06-08,False,2,20180110230136_ReleaseSchedule.html,20181026195851_ReleaseSchedule.html,Friday
2018-06-15,False,2,20180110230136_ReleaseSchedule.html,20181026195851_ReleaseSchedule.html,Friday
2018-06-22,False,2,20180110230136_ReleaseSchedule.html,20181026195851_ReleaseSchedule.html,Friday
2018-06-29,False,2,20180110230136_ReleaseSchedule.html,20181026195851_ReleaseSchedule.html,Friday
2018-07-09,True,2,20180110230136_ReleaseSchedule.html,20181026195851_ReleaseSchedule.html,Monday
2018-07-13,False,2,20180110230136_ReleaseSchedule.html,20181026195851_ReleaseSchedule.html,Friday
2018-07-20,False,2,20180110230136_ReleaseSchedule.html,20181026195851_ReleaseSchedule.html,Friday
2018-07-27,False,2,20180110230136_ReleaseSchedule.html,20181026195851_ReleaseSchedule.html,Friday
2018-08-03,False,2,20180110230136_ReleaseSchedule.html,20181026195851_ReleaseSchedule.html,Friday
2018-08-10,False,2,20180110230136_ReleaseSchedule.html,20181026195851_ReleaseSchedule.html,Friday
2018-08-17,False,2,20180110230136_ReleaseSchedule.html,20181026195851_ReleaseSchedule.html,Friday
2018-08-24,False,2,20180110230136_ReleaseSchedule.html,20181026195851_ReleaseSchedule.html,Friday
2018-08-31,False,2,20180110230136_ReleaseSchedule.html,20181026195851_ReleaseSchedule.html,Friday
2018-09-07,False,2,20180110230136_ReleaseSchedule.html,20181026195851_ReleaseSchedule.html,Friday
2018-09-14,False,2,20180110230136_ReleaseSchedule.html,20181026195851_ReleaseSchedule.html,Friday
2018-09-21,False,2,20180110230136_ReleaseSchedule.html,20181026195851_ReleaseSchedule.html,Friday
2018-09-28,False,2,20180110230136_ReleaseSchedule.html,20181026195851_ReleaseSchedule.html,Friday
2018-10-05,False,2,20180110230136_ReleaseSchedule.html,20181026195851_ReleaseSchedule.html,Friday
2018-10-12,False,2,20180110230136_ReleaseSchedule.html,20181026195851_ReleaseSchedule.html,Friday
2018-10-19,False,2,20180110230136_ReleaseSchedule.html,20181026195851_ReleaseSchedule.html,Friday
2018-10-26,False,2,20180110230136_ReleaseSchedule.html,20181026195851_ReleaseSchedule.html,Friday
2018-11-02,False,2,20180110230136_ReleaseSchedule.html,20181026195851_ReleaseSchedule.html,Friday
2018-11-09,False,2,20180110230136_ReleaseSchedule.html,20181026195851_ReleaseSchedule.html,Friday
2018-11-16,False,2,20180110230136_ReleaseSchedule.html,20181026195851_ReleaseSchedule.html,Friday
2018-11-26,True,2,20180110230136_ReleaseSchedule.html,20181026195851_ReleaseSchedule.html,Monday
2018-11-30,False,2,20180110230136_ReleaseSchedule.html,20181026195851_ReleaseSchedule.html,Friday
2018-12-07,False,5,20180110230136_ReleaseSchedule.html,20191023185507_ReleaseSchedule.html,Friday
2018-12-14,False,5,20180110230136_ReleaseSchedule.html,20191023185507_ReleaseSchedule.html,Friday
2018-12-21,False,5,20180110230136_ReleaseSchedule.html,20191023185507_ReleaseSchedule.html,Friday
2018-12-28,True,5,20180110230136_ReleaseSchedule.html,20191023185507_ReleaseSchedule.html,Friday
2019-01-04,False,3,20190416141729_ReleaseSchedule.html,20191023185507_ReleaseSchedule.html,Friday
2019-01-11,False,3,20190416141729_ReleaseSchedule.html,20191023185507_ReleaseSchedule.html,Friday
2019-01-18,False,3,20190416141729_ReleaseSchedule.html,20191023185507_ReleaseSchedule.html,Friday
2019-01-25,False,3,20190416141729_ReleaseSchedule.html,20191023185507_ReleaseSchedule.html,Friday
2019-02-01,False,3,20190416141729_ReleaseSchedule.html,20191023185507_ReleaseSchedule.html,Friday
2019-02-08,False,3,20190416141729_ReleaseSchedule.html,20191023185507_ReleaseSchedule.html,Friday
2019-02-15,False,3,20190416141729_ReleaseSchedule.html,20191023185507_ReleaseSchedule.html,Friday
2019-02-22,False,3,20190416141729_ReleaseSchedule.html,20191023185507_ReleaseSchedule.html,Friday
2019-03-01,False,3,20190416141729_ReleaseSchedule.html,20191023185507_ReleaseSchedule.html,Friday
2019-03-08,False,3,20190416141729_ReleaseSchedule.html,20191023185507_ReleaseSchedule.html,Friday
2019-03-15,False,3,20190416141729_ReleaseSchedule.html,20191023185507_ReleaseSchedule.html,Friday
2019-03-22,False,3,20190416141729_ReleaseSchedule.html,20191023185507_ReleaseSchedule.html,Friday
2019-03-29,False,3,20190416141729_ReleaseSchedule.html,20191023185507_ReleaseSchedule.html,Friday
2019-04-05,False,3,20190416141729_ReleaseSchedule.html,20191023185507_ReleaseSchedule.html,Friday
2019-04-12,False,3,20190416141729_ReleaseSchedule.html,20191023185507_ReleaseSchedule.html,Friday
2019-04-19,False,3,20190416141729_ReleaseSchedule.html,20191023185507_ReleaseSchedule.html,Friday
2019-04-26,False,3,20190416141729_ReleaseSchedule.html,20191023185507_ReleaseSchedule.html,Friday
2019-05-03,False,3,20190416141729_ReleaseSchedule.html,20191023185507_ReleaseSchedule.html,Friday
2019-05-10,False,3,20190416141729_ReleaseSchedule.html,20191023185507_ReleaseSchedule.html,Friday
2019-05-17,False,3,20190416141729_ReleaseSchedule.html,20191023185507_ReleaseSchedule.html,Friday
2019-05-24,False,3,20190416141729_ReleaseSchedule.html,20191023185507_ReleaseSchedule.html,Friday
2019-05-31,False,3,20190416141729_ReleaseSchedule.html,20191023185507_ReleaseSchedule.html,Friday
2019-06-07,False,3,20190416141729_ReleaseSchedule.html,20191023185507_ReleaseSchedule.html,Friday
2019-06-14,False,3,20190416141729_ReleaseSchedule.html,20191023185507_ReleaseSchedule.html,Friday
2019-06-21,False,3,20190416141729_ReleaseSchedule.html,20191023185507_ReleaseSchedule.html,Friday
2019-06-28,False,3,20190416141729_ReleaseSchedule.html,20191023185507_ReleaseSchedule.html,Friday
2019-07-08,True,3,20190416141729_ReleaseSchedule.html,20191023185507_ReleaseSchedule.html,Monday
2019-07-12,False,3,20190416141729_ReleaseSchedule.html,20191023185507_ReleaseSchedule.html,Friday
2019-07-19,False,3,20190416141729_ReleaseSchedule.html,20191023185507_ReleaseSchedule.html,Friday
2019-07-26,False,3,20190416141729_ReleaseSchedule.html,20191023185507_ReleaseSchedule.html,Friday
2019-08-02,False,3,20190416141729_ReleaseSchedule.html,20191023185507_ReleaseSchedule.html,Friday
2019-08-09,False,3,20190416141729_ReleaseSchedule.html,20191023185507_ReleaseSchedule.html,Friday
2019-08-16,False,3,20190416141729_ReleaseSchedule.html,20191023185507_ReleaseSchedule.html,Friday
2019-08-23,False,3,20190416141729_ReleaseSchedule.html,20191023185507_ReleaseSchedule.html,Friday
2019-08-30,False,3,20190416141729_ReleaseSchedule.html,20191023185507_ReleaseSchedule.html,Friday
2019-09-06,False,3,20190416141729_ReleaseSchedule.html,20191023185507_ReleaseSchedule.html,Friday
2019-09-13,False,3,20190416141729_ReleaseSchedule.html,20191023185507_ReleaseSchedule.html,Friday
2019-09-20,False,3,20190416141729_ReleaseSchedule.html,20191023185507_ReleaseSchedule.html,Friday
2019-09-27,False,3,20190416141729_ReleaseSchedule.html,20191023185507_ReleaseSchedule.html,Friday
2019-10-04,False,3,20190416141729_ReleaseSchedule.html,20191023185507_ReleaseSchedule.html,Friday
2019-10-11,False,3,20190416141729_ReleaseSchedule.html,20191023185507_ReleaseSchedule.html,Friday
2019-10-18,False,3,20190416141729_ReleaseSchedule.html,20191023185507_ReleaseSchedule.html,Friday
2019-10-25,False,3,20190416141729_ReleaseSchedule.html,20191023185507_ReleaseSchedule.html,Friday
2019-11-01,False,3,20190416141729_ReleaseSchedule.html,20191023185507_ReleaseSchedule.html,Friday
2019-11-08,False,3,20190416141729_ReleaseSchedule.html,20191023185507_ReleaseSchedule.html,Friday
2019-11-15,False,3,20190416141729_ReleaseSchedule.html,20191023185507_ReleaseSchedule.html,Friday
2019-11-22,False,3,20190416141729_ReleaseSchedule.html,20191023185507_ReleaseSchedule.html,Friday
2019-12-02,True,6,20190416141729_ReleaseSchedule.html,20201016175409_ReleaseSchedule.html,Monday
2019-12-06,False,6,20190416141729_ReleaseSchedule.html,20201016175409_ReleaseSchedule.html,Friday
2019-12-13,False,6,20190416141729_ReleaseSchedule.html,20201016175409_ReleaseSchedule.html,Friday
2019-12-20,False,6,20190416141729_ReleaseSchedule.html,20201016175409_ReleaseSchedule.html,Friday
2019-12-30,True,6,20190416141729_ReleaseSchedule.html,20201016175409_ReleaseSchedule.html,Monday
2020-01-06,True,3,20200108001415_ReleaseSchedule.html,20201016175409_ReleaseSchedule.html,Monday
2020-01-10,False,3,20200108001415_ReleaseSchedule.html,20201016175409_ReleaseSchedule.html,Friday
2020-01-17,False,3,20200108001415_ReleaseSchedule.html,20201016175409_ReleaseSchedule.html,Friday
2020-01-24,False,3,20200108001415_ReleaseSchedule.html,20201016175409_ReleaseSchedule.html,Friday
2020-01-31,False,3,20200108001415_ReleaseSchedule.html,20201016175409_ReleaseSchedule.html,Friday
2020-02-07,False,3,20200108001415_ReleaseSchedule.html,20201016175409_ReleaseSchedule.html,Friday
2020-02-14,False,3,20200108001415_ReleaseSchedule.html,20201016175409_ReleaseSchedule.html,Friday
2020-02-21,False,3,20200108001415_ReleaseSchedule.html,20201016175409_ReleaseSchedule.html,Friday
2020-02-28,False,3,20200108001415_ReleaseSchedule.html,20201016175409_ReleaseSchedule.html,Friday
2020-03-06,False,3,20200108001415_ReleaseSchedule.html,20201016175409_ReleaseSchedule.html,Friday
2020-03-13,False,3,20200108001415_ReleaseSchedule.html,20201016175409_ReleaseSchedule.html,Friday
2020-03-20,False,3,20200108001415_ReleaseSchedule.html,20201016175409_ReleaseSchedule.html,Friday
2020-03-27,False,3,20200108001415_ReleaseSchedule.html,20201016175409_ReleaseSchedule.html,Friday
2020-04-03,False,3,20200108001415_ReleaseSchedule.html,20201016175409_ReleaseSchedule.html,Friday
2020-04-10,False,3,20200108001415_ReleaseSchedule.html,20201016175409_ReleaseSchedule.html,Friday
2020-04-17,False,3,20200108001415_ReleaseSchedule.html,20201016175409_ReleaseSchedule.html,Friday
2020-04-24,False,3,20200108001415_ReleaseSchedule.html,20201016175409_ReleaseSchedule.html,Friday
2020-05-01,False,3,20200108001415_ReleaseSchedule.html,20201016175409_ReleaseSchedule.html,Friday
2020-05-08,False,3,20200108001415_ReleaseSchedule.html,20201016175409_ReleaseSchedule.html,Friday
2020-05-15,False,3,20200108001415_ReleaseSchedule.html,20201016175409_ReleaseSchedule.html,Friday
2020-05-22,False,3,20200108001415_ReleaseSchedule.html,20201016175409_ReleaseSchedule.html,Friday
2020-05-29,False,3,20200108001415_ReleaseSchedule.html,20201016175409_ReleaseSchedule.html,Friday
2020-06-05,False,3,20200108001415_ReleaseSchedule.html,20201016175409_ReleaseSchedule.html,Friday
2020-06-12,False,3,20200108001415_ReleaseSchedule.html,20201016175409_ReleaseSchedule.html,Friday
2020-06-19,False,3,20200108001415_ReleaseSchedule.html,20201016175409_ReleaseSchedule.html,Friday
2020-06-26,False,3,20200108001415_ReleaseSchedule.html,20201016175409_ReleaseSchedule.html,Friday
2020-07-06,True,3,20200108001415_ReleaseSchedule.html,20201016175409_ReleaseSchedule.html,Monday
2020-07-10,False,3,20200108001415_ReleaseSchedule.html,20201016175409_ReleaseSchedule.html,Friday
2020-07-17,False,3,20200108001415_ReleaseSchedule.html,20201016175409_ReleaseSchedule.html,Friday
2020-07-24,False,3,20200108001415_ReleaseSchedule.html,20201016175409_ReleaseSchedule.html,Friday
2020-07-31,False,3,20200108001415_ReleaseSchedule.html,20201016175409_ReleaseSchedule.html,Friday
2020-08-07,False,3,20200108001415_ReleaseSchedule.html,20201016175409_ReleaseSchedule.html,Friday
2020-08-14,False,3,20200108001415_ReleaseSchedule.html,20201016175409_ReleaseSchedule.html,Friday
2020-08-21,False,3,20200108001415_ReleaseSchedule.html,20201016175409_ReleaseSchedule.html,Friday
2020-08-28,False,3,20200108001415_ReleaseSchedule.html,20201016175409_ReleaseSchedule.html,Friday
2020-09-04,False,3,20200108001415_ReleaseSchedule.html,20201016175409_ReleaseSchedule.html,Friday
2020-09-11,False,3,20200108001415_ReleaseSchedule.html,20201016175409_ReleaseSchedule.html,Friday
2020-09-18,False,3,20200108001415_ReleaseSchedule.html,20201016175409_ReleaseSchedule.html,Friday
2020-09-25,False,3,20200108001415_ReleaseSchedule.html,20201016175409_ReleaseSchedule.html,Friday
2020-10-02,False,3,20200108001415_ReleaseSchedule.html,20201016175409_ReleaseSchedule.html,Friday
2020-10-09,False,3,20200108001415_ReleaseSchedule.html,20201016175409_ReleaseSchedule.html,Friday
2020-10-16,False,3,20200108001415_ReleaseSchedule.html,20201016175409_ReleaseSchedule.html,Friday
2020-10-23,False,3,20200108001415_ReleaseSchedule.html,20201016175409_ReleaseSchedule.html,Friday
2020-10-30,False,3,20200108001415_ReleaseSchedule.html,20201016175409_ReleaseSchedule.html,Friday
2020-11-06,False,3,20200108001415_ReleaseSchedule.html,20201016175409_ReleaseSchedule.html,Friday
2020-11-16,True,3,20200108001415_ReleaseSchedule.html,20201016175409_ReleaseSchedule.html,Monday
2020-11-20,False,3,20200108001415_ReleaseSchedule.html,20201016175409_ReleaseSchedule.html,Friday
2020-11-30,True,3,20200108001415_ReleaseSchedule.html,20201016175409_ReleaseSchedule.html,Monday
2020-12-04,False,6,20200108001415_ReleaseSchedule.html,20211002025824_ReleaseSchedule.html,Friday
2020-12-11,False,6,20200108001415_ReleaseSchedule.html,20211002025824_ReleaseSchedule.html,Friday
2020-12-18,False,6,20200108001415_ReleaseSchedule.html,20211002025824_ReleaseSchedule.html,Friday
2020-12-28,True,6,20200108001415_ReleaseSchedule.html,20211002025824_ReleaseSchedule.html,Monday
2021-01-04,True,3,20210119172806_ReleaseSchedule.html,20211002025824_ReleaseSchedule.html,Monday
2021-01-08,False,3,20210119172806_ReleaseSchedule.html,20211002025824_ReleaseSchedule.html,Friday
2021-01-15,False,3,20210119172806_ReleaseSchedule.html,20211002025824_ReleaseSchedule.html,Friday
2021-01-22,False,3,20210119172806_ReleaseSchedule.html,20211002025824_ReleaseSchedule.html,Friday
2021-01-29,False,3,20210119172806_ReleaseSchedule.html,20211002025824_ReleaseSchedule.html,Friday
2021-02-05,False,3,20210119172806_ReleaseSchedule.html,20211002025824_ReleaseSchedule.html,Friday
2021-02-12,False,3,20210119172806_ReleaseSchedule.html,20211002025824_ReleaseSchedule.html,Friday
2021-02-19,False,3,20210119172806_ReleaseSchedule.html,20211002025824_ReleaseSchedule.html,Friday
2021-02-26,False,3,20210119172806_ReleaseSchedule.html,20211002025824_ReleaseSchedule.html,Friday
2021-03-05,False,3,20210119172806_ReleaseSchedule.html,20211002025824_ReleaseSchedule.html,Friday
2021-03-12,False,3,20210119172806_ReleaseSchedule.html,20211002025824_ReleaseSchedule.html,Friday
2021-03-19,False,3,20210119172806_ReleaseSchedule.html,20211002025824_ReleaseSchedule.html,Friday
2021-03-26,False,3,20210119172806_ReleaseSchedule.html,20211002025824_ReleaseSchedule.html,Friday
2021-04-02,False,3,20210119172806_ReleaseSchedule.html,20211002025824_ReleaseSchedule.html,Friday
2021-04-09,False,3,20210119172806_ReleaseSchedule.html,20211002025824_ReleaseSchedule.html,Friday
2021-04-16,False,3,20210119172806_ReleaseSchedule.html,20211002025824_ReleaseSchedule.html,Friday
2021-04-23,False,3,20210119172806_ReleaseSchedule.html,20211002025824_ReleaseSchedule.html,Friday
2021-04-30,False,3,20210119172806_ReleaseSchedule.html,20211002025824_ReleaseSchedule.html,Friday
2021-05-07,False,3,20210119172806_ReleaseSchedule.html,20211002025824_ReleaseSchedule.html,Friday
2021-05-14,False,3,20210119172806_ReleaseSchedule.html,20211002025824_ReleaseSchedule.html,Friday
2021-05-21,False,3,20210119172806_ReleaseSchedule.html,20211002025824_ReleaseSchedule.html,Friday
2021-05-28,False,3,20210119172806_ReleaseSchedule.html,20211002025824_ReleaseSchedule.html,Friday
2021-06-04,False,3,20210119172806_ReleaseSchedule.html,20211002025824_ReleaseSchedule.html,Friday
2021-06-11,False,3,20210119172806_ReleaseSchedule.html,20211002025824_ReleaseSchedule.html,Friday
2021-06-18,False,3,20210119172806_ReleaseSchedule.html,20211002025824_ReleaseSchedule.html,Friday
2021-06-25,False,3,20210119172806_ReleaseSchedule.html,20211002025824_ReleaseSchedule.html,Friday
2021-07-02,False,3,20210119172806_ReleaseSchedule.html,20211002025824_ReleaseSchedule.html,Friday
2021-07-09,False,3,20210119172806_ReleaseSchedule.html,20211002025824_ReleaseSchedule.html,Friday
2021-07-16,False,3,20210119172806_ReleaseSchedule.html,20211002025824_ReleaseSchedule.html,Friday
2021-07-23,False,3,20210119172806_ReleaseSchedule.html,20211002025824_ReleaseSchedule.html,Friday
2021-07-30,False,3,20210119172806_ReleaseSchedule.html,20211002025824_ReleaseSchedule.html,Friday
2021-08-06,False,3,20210119172806_ReleaseSchedule.html,20211002025824_ReleaseSchedule.html,Friday
2021-08-13,False,3,20210119172806_ReleaseSchedule.html,20211002025824_ReleaseSchedule.html,Friday
2021-08-20,False,3,20210119172806_ReleaseSchedule.html,20211002025824_ReleaseSchedule.html,Friday
2021-08-27,False,3,20210119172806_ReleaseSchedule.html,20211002025824_ReleaseSchedule.html,Friday
2021-09-03,False,3,20210119172806_ReleaseSchedule.html,20211002025824_ReleaseSchedule.html,Friday
2021-09-10,False,3,20210119172806_ReleaseSchedule.html,20211002025824_ReleaseSchedule.html,Friday
2021-09-17,False,3,20210119172806_ReleaseSchedule.html,20211002025824_ReleaseSchedule.html,Friday
2021-09-24,False,3,20210119172806_ReleaseSchedule.html,20211002025824_ReleaseSchedule.html,Friday
2021-10-01,False,3,20210119172806_ReleaseSchedule.html,20211002025824_ReleaseSchedule.html,Friday
2021-10-08,False,3,20210119172806_ReleaseSchedule.html,20211002025824_ReleaseSchedule.html,Friday
2021-10-15,False,3,20210119172806_ReleaseSchedule.html,20211002025824_ReleaseSchedule.html,Friday
2021-10-22,False,3,20210119172806_ReleaseSchedule.html,20211002025824_ReleaseSchedule.html,Friday
2021-10-29,False,3,20210119172806_ReleaseSchedule.html,20211002025824_ReleaseSchedule.html,Friday
2021-11-05,False,3,20210119172806_ReleaseSchedule.html,20211002025824_ReleaseSchedule.html,Friday
2021-11-15,True,3,20210119172806_ReleaseSchedule.html,20211002025824_ReleaseSchedule.html,Monday
2021-11-19,False,3,20210119172806_ReleaseSchedule.html,20211002025824_ReleaseSchedule.html,Friday
2021-11-29,True,3,20210119172806_ReleaseSchedule.html,20211002025824_ReleaseSchedule.html,Monday
2021-12-03,False,6,20210119172806_ReleaseSchedule.html,20221107223131_ReleaseSchedule.html,Friday
2021-12-10,False,6,20210119172806_ReleaseSchedule.html,20221107223131_ReleaseSchedule.html,Friday
2021-12-17,False,6,20210119172806_ReleaseSchedule.html,20221107223131_ReleaseSchedule.html,Friday
2021-12-27,True,6,20210119172806_ReleaseSchedule.html,20221107223131_ReleaseSchedule.html,Monday
2022-01-03,True,3,20220110070736_ReleaseSchedule.html,20221107223131_ReleaseSchedule.html,Monday
2022-01-07,False,3,20220110070736_ReleaseSchedule.html,20221107223131_ReleaseSchedule.html,Friday
2022-01-14,False,3,20220110070736_ReleaseSchedule.html,20221107223131_ReleaseSchedule.html,Friday
2022-01-21,False,3,20220110070736_ReleaseSchedule.html,20221107223131_ReleaseSchedule.html,Friday
2022-01-28,False,3,20220110070736_ReleaseSchedule.html,20221107223131_ReleaseSchedule.html,Friday
2022-02-04,False,3,20220110070736_ReleaseSchedule.html,20221107223131_ReleaseSchedule.html,Friday
2022-02-11,False,3,20220110070736_ReleaseSchedule.html,20221107223131_ReleaseSchedule.html,Friday
2022-02-18,False,3,20220110070736_ReleaseSchedule.html,20221107223131_ReleaseSchedule.html,Friday
2022-02-25,False,3,20220110070736_ReleaseSchedule.html,20221107223131_ReleaseSchedule.html,Friday
2022-03-04,False,3,20220110070736_ReleaseSchedule.html,20221107223131_ReleaseSchedule.html,Friday
2022-03-11,False,3,20220110070736_ReleaseSchedule.html,20221107223131_ReleaseSchedule.html,Friday
2022-03-18,False,3,20220110070736_ReleaseSchedule.html,20221107223131_ReleaseSchedule.html,Friday
2022-03-25,False,3,20220110070736_ReleaseSchedule.html,20221107223131_ReleaseSchedule.html,Friday
2022-04-01,False,3,20220110070736_ReleaseSchedule.html,20221107223131_ReleaseSchedule.html,Friday
2022-04-08,False,3,20220110070736_ReleaseSchedule.html,20221107223131_ReleaseSchedule.html,Friday
2022-04-15,False,3,20220110070736_ReleaseSchedule.html,20221107223131_ReleaseSchedule.html,Friday
2022-04-22,False,3,20220110070736_ReleaseSchedule.html,20221107223131_ReleaseSchedule.html,Friday
2022-04-29,False,3,20220110070736_ReleaseSchedule.html,20221107223131_ReleaseSchedule.html,Friday
2022-05-06,False,3,20220110070736_ReleaseSchedule.html,20221107223131_ReleaseSchedule.html,Friday
2022-05-13,False,3,20220110070736_ReleaseSchedule.html,20221107223131_ReleaseSchedule.html,Friday
2022-05-20,False,3,20220110070736_ReleaseSchedule.html,20221107223131_ReleaseSchedule.html,Friday
2022-05-27,False,3,20220110070736_ReleaseSchedule.html,20221107223131_ReleaseSchedule.html,Friday
2022-06-03,False,3,20220110070736_ReleaseSchedule.html,20221107223131_ReleaseSchedule.html,Friday
2022-06-10,False,3,20220110070736_ReleaseSchedule.html,20221107223131_ReleaseSchedule.html,Friday
2022-06-17,False,3,20220110070736_ReleaseSchedule.html,20221107223131_ReleaseSchedule.html,Friday
2022-06-24,False,3,20220110070736_ReleaseSchedule.html,20221107223131_ReleaseSchedule.html,Friday
2022-07-01,False,3,20220110070736_ReleaseSchedule.html,20221107223131_ReleaseSchedule.html,Friday
2022-07-08,False,3,20220110070736_ReleaseSchedule.html,20221107223131_ReleaseSchedule.html,Friday
2022-07-15,False,3,20220110070736_ReleaseSchedule.html,20221107223131_ReleaseSchedule.html,Friday
2022-07-22,False,3,20220110070736_ReleaseSchedule.html,20221107223131_ReleaseSchedule.html,Friday
2022-07-29,False,3,20220110070736_ReleaseSchedule.html,20221107223131_ReleaseSchedule.html,Friday
2022-08-05,False,3,20220110070736_ReleaseSchedule.html,20221107223131_ReleaseSchedule.html,Friday
2022-08-12,False,3,20220110070736_ReleaseSchedule.html,20221107223131_ReleaseSchedule.html,Friday
2022-08-19,False,3,20220110070736_ReleaseSchedule.html,20221107223131_ReleaseSchedule.html,Friday
2022-08-26,False,3,20220110070736_ReleaseSchedule.html,20221107223131_ReleaseSchedule.html,Friday
2022-09-02,False,3,20220110070736_ReleaseSchedule.html,20221107223131_ReleaseSchedule.html,Friday
2022-09-09,False,3,20220110070736_ReleaseSchedule.html,20221107223131_ReleaseSchedule.html,Friday
2022-09-16,False,3,20220110070736_ReleaseSchedule.html,20221107223131_ReleaseSchedule.html,Friday
2022-09-23,False,3,20220110070736_ReleaseSchedule.html,20221107223131_ReleaseSchedule.html,Friday
2022-09-30,False,3,20220110070736_ReleaseSchedule.html,20221107223131_ReleaseSchedule.html,Friday
2022-10-07,False,3,20220110070736_ReleaseSchedule.html,20221107223131_ReleaseSchedule.html,Friday
2022-10-14,False,3,20220110070736_ReleaseSchedule.html,20221107223131_ReleaseSchedule.html,Friday
2022-10-21,False,3,20220110070736_ReleaseSchedule.html,20221107223131_ReleaseSchedule.html,Friday
2022-10-28,False,3,20220110070736_ReleaseSchedule.html,20221107223131_ReleaseSchedule.html,Friday
2022-11-04,False,3,20220110070736_ReleaseSchedule.html,20221107223131_ReleaseSchedule.html,Friday
2022-11-14,True,3,20220110070736_ReleaseSchedule.html,20221107223131_ReleaseSchedule.html,Monday
2022-11-18,False,3,20220110070736_ReleaseSchedule.html,20221107223131_ReleaseSchedule.html,Friday
2022-11-28,True,3,20220110070736_ReleaseSchedule.html,20221107223131_ReleaseSchedule.html,Monday
2022-12-02,False,6,20220110070736_ReleaseSchedule.html,20231022202048_ReleaseSchedule.html,Friday
2022-12-09,False,6,20220110070736_ReleaseSchedule.html,20231022202048_ReleaseSchedule.html,Friday
2022-12-16,False,6,20220110070736_ReleaseSchedule.html,20231022202048_ReleaseSchedule.html,Friday
2022-12-23,False,6,20220110070736_ReleaseSchedule.html,20231022202048_ReleaseSchedule.html,Friday
2022-12-30,True,6,20220110070736_ReleaseSchedule.html,20231022202048_ReleaseSchedule.html,Friday
2023-01-06,False,3,20230128132242_ReleaseSchedule.html,20231022202048_ReleaseSchedule.html,Friday
2023-01-13,False,3,20230128132242_ReleaseSchedule.html,20231022202048_ReleaseSchedule.html,Friday
2023-01-20,False,3,20230128132242_ReleaseSchedule.html,20231022202048_ReleaseSchedule.html,Friday
2023-01-27,False,3,20230128132242_ReleaseSchedule.html,20231022202048_ReleaseSchedule.html,Friday
2023-02-03,False,3,20230128132242_ReleaseSchedule.html,20231022202048_ReleaseSchedule.html,Friday
2023-02-10,False,3,20230128132242_ReleaseSchedule.html,20231022202048_ReleaseSchedule.html,Friday
2023-02-17,False,3,20230128132242_ReleaseSchedule.html,20231022202048_ReleaseSchedule.html,Friday
2023-02-24,False,3,20230128132242_ReleaseSchedule.html,20231022202048_ReleaseSchedule.html,Friday
2023-03-03,False,3,20230128132242_ReleaseSchedule.html,20231022202048_ReleaseSchedule.html,Friday
2023-03-10,False,3,20230128132242_ReleaseSchedule.html,20231022202048_ReleaseSchedule.html,Friday
2023-03-17,False,3,20230128132242_ReleaseSchedule.html,20231022202048_ReleaseSchedule.html,Friday
2023-03-24,False,3,20230128132242_ReleaseSchedule.html,20231022202048_ReleaseSchedule.html,Friday
2023-03-31,False,3,20230128132242_ReleaseSchedule.html,20231022202048_ReleaseSchedule.html,Friday
2023-04-07,False,3,20230128132242_ReleaseSchedule.html,20231022202048_ReleaseSchedule.html,Friday
2023-04-14,False,3,20230128132242_ReleaseSchedule.html,20231022202048_ReleaseSchedule.html,Friday
2023-04-21,False,3,20230128132242_ReleaseSchedule.html,20231022202048_ReleaseSchedule.html,Friday
2023-04-28,False,3,20230128132242_ReleaseSchedule.html,20231022202048_ReleaseSchedule.html,Friday
2023-05-05,False,3,20230128132242_ReleaseSchedule.html,20231022202048_ReleaseSchedule.html,Friday
2023-05-12,False,3,20230128132242_ReleaseSchedule.html,20231022202048_ReleaseSchedule.html,Friday
2023-05-19,False,3,20230128132242_ReleaseSchedule.html,20231022202048_ReleaseSchedule.html,Friday
2023-05-26,False,3,20230128132242_ReleaseSchedule.html,20231022202048_ReleaseSchedule.html,Friday
2023-06-02,False,3,20230128132242_ReleaseSchedule.html,20231022202048_ReleaseSchedule.html,Friday
2023-06-09,False,3,20230128132242_ReleaseSchedule.html,20231022202048_ReleaseSchedule.html,Friday
2023-06-16,False,3,20230128132242_ReleaseSchedule.html,20231022202048_ReleaseSchedule.html,Friday
2023-06-23,False,3,20230128132242_ReleaseSchedule.html,20231022202048_ReleaseSchedule.html,Friday
2023-06-30,False,3,20230128132242_ReleaseSchedule.html,20231022202048_ReleaseSchedule.html,Friday
2023-07-07,True,3,20230128132242_ReleaseSchedule.html,20231022202048_ReleaseSchedule.html,Friday
2023-07-14,False,3,20230128132242_ReleaseSchedule.html,20231022202048_ReleaseSchedule.html,Friday
2023-07-21,False,3,20230128132242_ReleaseSchedule.html,20231022202048_ReleaseSchedule.html,Friday
2023-07-28,False,3,20230128132242_ReleaseSchedule.html,20231022202048_ReleaseSchedule.html,Friday
2023-08-04,False,3,20230128132242_ReleaseSchedule.html,20231022202048_ReleaseSchedule.html,Friday
2023-08-11,False,3,20230128132242_ReleaseSchedule.html,20231022202048_ReleaseSchedule.html,Friday
2023-08-18,False,3,20230128132242_ReleaseSchedule.html,20231022202048_ReleaseSchedule.html,Friday
2023-08-25,False,3,20230128132242_ReleaseSchedule.html,20231022202048_ReleaseSchedule.html,Friday
2023-09-01,False,3,20230128132242_ReleaseSchedule.html,20231022202048_ReleaseSchedule.html,Friday
2023-09-08,False,3,20230128132242_ReleaseSchedule.html,20231022202048_ReleaseSchedule.html,Friday
2023-09-15,False,3,20230128132242_ReleaseSchedule.html,20231022202048_ReleaseSchedule.html,Friday
2023-09-22,False,3,20230128132242_ReleaseSchedule.html,20231022202048_ReleaseSchedule.html,Friday
2023-09-29,False,3,20230128132242_ReleaseSchedule.html,20231022202048_ReleaseSchedule.html,Friday
2023-10-06,False,3,20230128132242_ReleaseSchedule.html,20231022202048_ReleaseSchedule.html,Friday
2023-10-13,False,3,20230128132242_ReleaseSchedule.html,20231022202048_ReleaseSchedule.html,Friday
2023-10-20,False,3,20230128132242_ReleaseSchedule.html,20231022202048_ReleaseSchedule.html,Friday
2023-10-27,False,3,20230128132242_ReleaseSchedule.html,20231022202048_ReleaseSchedule.html,Friday
2023-11-03,False,3,20230128132242_ReleaseSchedule.html,20231022202048_ReleaseSchedule.html,Friday
2023-11-13,True,3,20230128132242_ReleaseSchedule.html,20231022202048_ReleaseSchedule.html,Monday
2023-11-17,False,3,20230128132242_ReleaseSchedule.html,20231022202048_ReleaseSchedule.html,Friday
2023-11-27,True,3,20230128132242_ReleaseSchedule.html,20231022202048_ReleaseSchedule.html,Monday
2023-12-01,False,6,20230128132242_ReleaseSchedule.html,20241128070832_ReleaseSchedule.html,Friday
2023-12-08,False,6,20230128132242_ReleaseSchedule.html,20241128070832_ReleaseSchedule.html,Friday
2023-12-15,False,6,20230128132242_ReleaseSchedule.html,20241128070832_ReleaseSchedule.html,Friday
2023-12-22,False,6,20230128132242_ReleaseSchedule.html,20241128070832_ReleaseSchedule.html,Friday
2023-12-29,True,6,20230128132242_ReleaseSchedule.html,20241128070832_ReleaseSchedule.html,Friday
2024-01-05,False,3,20240222133806_ReleaseSchedule.html,20241128070832_ReleaseSchedule.html,Friday
2024-01-12,False,3,20240222133806_ReleaseSchedule.html,20241128070832_ReleaseSchedule.html,Friday
2024-01-19,False,3,20240222133806_ReleaseSchedule.html,20241128070832_ReleaseSchedule.html,Friday
2024-01-26,False,3,20240222133806_ReleaseSchedule.html,20241128070832_ReleaseSchedule.html,Friday
2024-02-02,False,3,20240222133806_ReleaseSchedule.html,20241128070832_ReleaseSchedule.html,Friday
2024-02-09,False,3,20240222133806_ReleaseSchedule.html,20241128070832_ReleaseSchedule.html,Friday
2024-02-16,False,3,20240222133806_ReleaseSchedule.html,20241128070832_ReleaseSchedule.html,Friday
2024-02-23,False,3,20240222133806_ReleaseSchedule.html,20241128070832_ReleaseSchedule.html,Friday
2024-03-01,False,3,20240222133806_ReleaseSchedule.html,20241128070832_ReleaseSchedule.html,Friday
2024-03-08,False,3,20240222133806_ReleaseSchedule.html,20241128070832_ReleaseSchedule.html,Friday
2024-03-15,False,3,20240222133806_ReleaseSchedule.html,20241128070832_ReleaseSchedule.html,Friday
2024-03-22,False,3,20240222133806_ReleaseSchedule.html,20241128070832_ReleaseSchedule.html,Friday
2024-03-29,False,3,20240222133806_ReleaseSchedule.html,20241128070832_ReleaseSchedule.html,Friday
2024-04-05,False,3,20240222133806_ReleaseSchedule.html,20241128070832_ReleaseSchedule.html,Friday
2024-04-12,False,3,20240222133806_ReleaseSchedule.html,20241128070832_ReleaseSchedule.html,Friday
2024-04-19,False,3,20240222133806_ReleaseSchedule.html,20241128070832_ReleaseSchedule.html,Friday
2024-04-26,False,3,20240222133806_ReleaseSchedule.html,20241128070832_ReleaseSchedule.html,Friday
2024-05-03,False,3,20240222133806_ReleaseSchedule.html,20241128070832_ReleaseSchedule.html,Friday
2024-05-10,False,3,20240222133806_ReleaseSchedule.html,20241128070832_ReleaseSchedule.html,Friday
2024-05-17,False,3,20240222133806_ReleaseSchedule.html,20241128070832_ReleaseSchedule.html,Friday
2024-05-24,False,3,20240222133806_ReleaseSchedule.html,20241128070832_ReleaseSchedule.html,Friday
2024-05-31,False,3,20240222133806_ReleaseSchedule.html,20241128070832_ReleaseSchedule.html,Friday
2024-06-07,False,3,20240222133806_ReleaseSchedule.html,20241128070832_ReleaseSchedule.html,Friday
2024-06-14,False,3,20240222133806_ReleaseSchedule.html,20241128070832_ReleaseSchedule.html,Friday
2024-06-24,True,3,20240222133806_ReleaseSchedule.html,20241128070832_ReleaseSchedule.html,Monday
2024-06-28,False,3,20240222133806_ReleaseSchedule.html,20241128070832_ReleaseSchedule.html,Friday
2024-07-08,True,3,20240222133806_ReleaseSchedule.html,20241128070832_ReleaseSchedule.html,Monday
2024-07-12,False,3,20240222133806_ReleaseSchedule.html,20241128070832_ReleaseSchedule.html,Friday
2024-07-19,False,3,20240222133806_ReleaseSchedule.html,20241128070832_ReleaseSchedule.html,Friday
2024-07-26,False,3,20240222133806_ReleaseSchedule.html,20241128070832_ReleaseSchedule.html,Friday
2024-08-02,False,3,20240222133806_ReleaseSchedule.html,20241128070832_ReleaseSchedule.html,Friday
2024-08-09,False,3,20240222133806_ReleaseSchedule.html,20241128070832_ReleaseSchedule.html,Friday
2024-08-16,False,3,20240222133806_ReleaseSchedule.html,20241128070832_ReleaseSchedule.html,Friday
2024-08-23,False,3,20240222133806_ReleaseSchedule.html,20241128070832_ReleaseSchedule.html,Friday
2024-08-30,False,3,20240222133806_ReleaseSchedule.html,20241128070832_ReleaseSchedule.html,Friday
2024-09-06,False,3,20240222133806_ReleaseSchedule.html,20241128070832_ReleaseSchedule.html,Friday
2024-09-13,False,3,20240222133806_ReleaseSchedule.html,20241128070832_ReleaseSchedule.html,Friday
2024-09-20,False,3,20240222133806_ReleaseSchedule.html,20241128070832_ReleaseSchedule.html,Friday
2024-09-27,False,3,20240222133806_ReleaseSchedule.html,20241128070832_ReleaseSchedule.html,Friday
2024-10-04,False,3,20240222133806_ReleaseSchedule.html,20241128070832_ReleaseSchedule.html,Friday
2024-10-11,False,3,20240222133806_ReleaseSchedule.html,20241128070832_ReleaseSchedule.html,Friday
2024-10-18,False,3,20240222133806_ReleaseSchedule.html,20241128070832_ReleaseSchedule.html,Friday
2024-10-25,False,3,20240222133806_ReleaseSchedule.html,20241128070832_ReleaseSchedule.html,Friday
2024-11-01,False,3,20240222133806_ReleaseSchedule.html,20241128070832_ReleaseSchedule.html,Friday
2024-11-08,False,3,20240222133806_ReleaseSchedule.html,20241128070832_ReleaseSchedule.html,Friday
2024-11-15,False,3,20240222133806_ReleaseSchedule.html,20241128070832_ReleaseSchedule.html,Friday
2024-11-22,False,3,20240222133806_ReleaseSchedule.html,20241128070832_ReleaseSchedule.html,Friday
2024-12-02,True,3,20240222133806_ReleaseSchedule.html,20241128070832_ReleaseSchedule.html,Monday
2024-12-06,False,3,20240222133806_ReleaseSchedule.html,20241128070832_ReleaseSchedule.html,Friday
2024-12-13,False,3,20240222133806_ReleaseSchedule.html,20241128070832_ReleaseSchedule.html,Friday
2024-12-20,False,3,20240222133806_ReleaseSchedule.html,20241128070832_ReleaseSchedule.html,Friday
2024-12-30,True,3,20240222133806_ReleaseSchedule.html,20241128070832_ReleaseSchedule.html,Monday
2026-01-05,True,1,20260208160558_ReleaseSchedule.html,20260208160558_ReleaseSchedule.html,Monday
2026-01-09,False,1,20260208160558_ReleaseSchedule.html,20260208160558_ReleaseSchedule.html,Friday
2026-01-16,False,1,20260208160558_ReleaseSchedule.html,20260208160558_ReleaseSchedule.html,Friday
2026-01-23,False,1,20260208160558_ReleaseSchedule.html,20260208160558_ReleaseSchedule.html,Friday
2026-01-30,False,1,20260208160558_ReleaseSchedule.html,20260208160558_ReleaseSchedule.html,Friday
2026-02-06,False,1,20260208160558_ReleaseSchedule.html,20260208160558_ReleaseSchedule.html,Friday
2026-02-13,False,1,20260208160558_ReleaseSchedule.html,20260208160558_ReleaseSchedule.html,Friday
2026-02-20,False,1,20260208160558_ReleaseSchedule.html,20260208160558_ReleaseSchedule.html,Friday
2026-02-27,False,1,20260208160558_ReleaseSchedule.html,20260208160558_ReleaseSchedule.html,Friday
2026-03-06,False,1,20260208160558_ReleaseSchedule.html,20260208160558_ReleaseSchedule.html,Friday
2026-03-13,False,1,20260208160558_ReleaseSchedule.html,20260208160558_ReleaseSchedule.html,Friday
2026-03-20,False,1,20260208160558_ReleaseSchedule.html,20260208160558_ReleaseSchedule.html,Friday
2026-03-27,False,1,20260208160558_ReleaseSchedule.html,20260208160558_ReleaseSchedule.html,Friday
2026-04-03,False,1,20260208160558_ReleaseSchedule.html,20260208160558_ReleaseSchedule.html,Friday
2026-04-10,False,1,20260208160558_ReleaseSchedule.html,20260208160558_ReleaseSchedule.html,Friday
2026-04-17,False,1,20260208160558_ReleaseSchedule.html,20260208160558_ReleaseSchedule.html,Friday
2026-04-24,False,1,20260208160558_ReleaseSchedule.html,20260208160558_ReleaseSchedule.html,Friday
2026-05-01,False,1,20260208160558_ReleaseSchedule.html,20260208160558_ReleaseSchedule.html,Friday
2026-05-08,False,1,20260208160558_ReleaseSchedule.html,20260208160558_ReleaseSchedule.html,Friday
2026-05-15,False,1,20260208160558_ReleaseSchedule.html,20260208160558_ReleaseSchedule.html,Friday
2026-05-22,False,1,20260208160558_ReleaseSchedule.html,20260208160558_ReleaseSchedule.html,Friday
2026-05-29,False,1,20260208160558_ReleaseSchedule.html,20260208160558_ReleaseSchedule.html,Friday
2026-06-05,False,1,20260208160558_ReleaseSchedule.html,20260208160558_ReleaseSchedule.html,Friday
2026-06-12,False,1,20260208160558_ReleaseSchedule.html,20260208160558_ReleaseSchedule.html,Friday
2026-06-22,True,1,20260208160558_ReleaseSchedule.html,20260208160558_ReleaseSchedule.html,Monday
2026-06-26,False,1,20260208160558_ReleaseSchedule.html,20260208160558_ReleaseSchedule.html,Friday
2026-07-06,True,1,20260208160558_ReleaseSchedule.html,20260208160558_ReleaseSchedule.html,Monday
2026-07-10,False,1,20260208160558_ReleaseSchedule.html,20260208160558_ReleaseSchedule.html,Friday
2026-07-17,False,1,20260208160558_ReleaseSchedule.html,20260208160558_ReleaseSchedule.html,Friday
2026-07-24,False,1,20260208160558_ReleaseSchedule.html,20260208160558_ReleaseSchedule.html,Friday
2026-07-31,False,1,20260208160558_ReleaseSchedule.html,20260208160558_ReleaseSchedule.html,Friday
2026-08-07,False,1,20260208160558_ReleaseSchedule.html,20260208160558_ReleaseSchedule.html,Friday
2026-08-14,False,1,20260208160558_ReleaseSchedule.html,20260208160558_ReleaseSchedule.html,Friday
2026-08-21,False,1,20260208160558_ReleaseSchedule.html,20260208160558_ReleaseSchedule.html,Friday
2026-08-28,False,1,20260208160558_ReleaseSchedule.html,20260208160558_ReleaseSchedule.html,Friday
2026-09-04,False,1,20260208160558_ReleaseSchedule.html,20260208160558_ReleaseSchedule.html,Friday
2026-09-11,False,1,20260208160558_ReleaseSchedule.html,20260208160558_ReleaseSchedule.html,Friday
2026-09-18,False,1,20260208160558_ReleaseSchedule.html,20260208160558_ReleaseSchedule.html,Friday
2026-09-25,False,1,20260208160558_ReleaseSchedule.html,20260208160558_ReleaseSchedule.html,Friday
2026-10-02,False,1,20260208160558_ReleaseSchedule.html,20260208160558_ReleaseSchedule.html,Friday
2026-10-09,False,1,20260208160558_ReleaseSchedule.html,20260208160558_ReleaseSchedule.html,Friday
2026-10-16,False,1,20260208160558_ReleaseSchedule.html,20260208160558_ReleaseSchedule.html,Friday
2026-10-23,False,1,20260208160558_ReleaseSchedule.html,20260208160558_ReleaseSchedule.html,Friday
2026-10-30,False,1,20260208160558_ReleaseSchedule.html,20260208160558_ReleaseSchedule.html,Friday
2026-11-06,False,1,20260208160558_ReleaseSchedule.html,20260208160558_ReleaseSchedule.html,Friday
2026-11-16,True,1,20260208160558_ReleaseSchedule.html,20260208160558_ReleaseSchedule.html,Monday
2026-11-20,False,1,20260208160558_ReleaseSchedule.html,20260208160558_ReleaseSchedule.html,Friday
2026-11-30,True,1,20260208160558_ReleaseSchedule.html,20260208160558_ReleaseSchedule.html,Monday
2026-12-04,False,1,20260208160558_ReleaseSchedule.html,20260208160558_ReleaseSchedule.html,Friday
2026-12-11,False,1,20260208160558_ReleaseSchedule.html,20260208160558_ReleaseSchedule.html,Friday
2026-12-18,False,1,20260208160558_ReleaseSchedule.html,20260208160558_ReleaseSchedule.html,Friday
2026-12-28,True,1,20260208160558_ReleaseSchedule.html,20260208160558_ReleaseSchedule.html,Monday
