asset,side,pnl,entry_time,exit_time
LINKUSDT,-1,-86.79472585195927,2021-01-01 04:00:00+00:00,2021-01-03 16:00:00+00:00
LINKUSDT,1,279.00153486864633,2021-01-03 16:00:00+00:00,2021-02-26 12:00:00+00:00
LINKUSDT,-1,-7.416697693766372,2021-02-26 12:00:00+00:00,2021-02-26 16:00:00+00:00
LINKUSDT,1,-0.5742441784415306,2021-02-26 16:00:00+00:00,2021-02-26 20:00:00+00:00
LINKUSDT,-1,-3.646019775568604,2021-02-26 20:00:00+00:00,2021-02-27 20:00:00+00:00
LINKUSDT,1,-3.3782141198848716,2021-02-27 20:00:00+00:00,2021-02-28 00:00:00+00:00
LINKUSDT,-1,-29.514623240195117,2021-02-28 00:00:00+00:00,2021-03-01 12:00:00+00:00
LINKUSDT,1,-1.2490962634461888,2021-03-01 12:00:00+00:00,2021-03-01 20:00:00+00:00
LINKUSDT,-1,-7.563215233523029,2021-03-01 20:00:00+00:00,2021-03-02 00:00:00+00:00
LINKUSDT,1,-44.903740011978044,2021-03-02 00:00:00+00:00,2021-03-05 04:00:00+00:00
LINKUSDT,-1,-7.772609114483844,2021-03-05 04:00:00+00:00,2021-03-05 20:00:00+00:00
LINKUSDT,1,-4.323767663803443,2021-03-05 20:00:00+00:00,2021-03-06 12:00:00+00:00
LINKUSDT,-1,-4.47780854618475,2021-03-06 12:00:00+00:00,2021-03-06 20:00:00+00:00
LINKUSDT,1,-42.00923994067244,2021-03-06 20:00:00+00:00,2021-03-12 20:00:00+00:00
LINKUSDT,-1,-1.7939287301393947,2021-03-12 20:00:00+00:00,2021-03-13 00:00:00+00:00
LINKUSDT,1,-2.873447570557347,2021-03-13 00:00:00+00:00,2021-03-13 04:00:00+00:00
LINKUSDT,-1,-3.638668370820137,2021-03-13 04:00:00+00:00,2021-03-13 08:00:00+00:00
LINKUSDT,1,-48.83425422498087,2021-03-13 08:00:00+00:00,2021-03-15 08:00:00+00:00
LINKUSDT,-1,-19.25848971221152,2021-03-15 08:00:00+00:00,2021-03-17 16:00:00+00:00
LINKUSDT,1,-64.7968564960926,2021-03-17 16:00:00+00:00,2021-03-23 00:00:00+00:00
LINKUSDT,-1,-22.72117108832015,2021-03-23 00:00:00+00:00,2021-03-30 12:00:00+00:00
LINKUSDT,1,-2.57447731163057,2021-03-30 12:00:00+00:00,2021-03-30 16:00:00+00:00
LINKUSDT,-1,-41.01272668848663,2021-03-30 16:00:00+00:00,2021-04-01 00:00:00+00:00
LINKUSDT,1,-80.86898303473151,2021-04-01 00:00:00+00:00,2021-04-25 08:00:00+00:00
LINKUSDT,-1,-3.463195256650142,2021-04-25 08:00:00+00:00,2021-04-25 12:00:00+00:00
LINKUSDT,1,-16.403679116564938,2021-04-25 12:00:00+00:00,2021-04-25 20:00:00+00:00
LINKUSDT,-1,-11.853011412718747,2021-04-25 20:00:00+00:00,2021-04-26 04:00:00+00:00
LINKUSDT,1,43.12536740479828,2021-04-26 04:00:00+00:00,2021-05-17 20:00:00+00:00
LINKUSDT,-1,-10.067153188573077,2021-05-17 20:00:00+00:00,2021-05-18 08:00:00+00:00
LINKUSDT,1,-16.646779137902076,2021-05-18 08:00:00+00:00,2021-05-18 16:00:00+00:00
LINKUSDT,-1,-15.63852825718601,2021-05-18 16:00:00+00:00,2021-05-18 20:00:00+00:00
LINKUSDT,1,-90.72344201649099,2021-05-18 20:00:00+00:00,2021-05-19 04:00:00+00:00
LINKUSDT,-1,328.7543580041138,2021-05-19 04:00:00+00:00,2021-07-26 08:00:00+00:00
LINKUSDT,1,185.0548035494665,2021-07-26 08:00:00+00:00,2021-09-08 08:00:00+00:00
LINKUSDT,-1,-16.764425762505702,2021-09-08 08:00:00+00:00,2021-09-08 20:00:00+00:00
LINKUSDT,1,-2.904243471770018,2021-09-08 20:00:00+00:00,2021-09-09 00:00:00+00:00
LINKUSDT,-1,-7.449477893555048,2021-09-09 00:00:00+00:00,2021-09-09 08:00:00+00:00
LINKUSDT,1,-81.34630096311201,2021-09-09 08:00:00+00:00,2021-09-11 00:00:00+00:00
LINKUSDT,-1,-5.2179672725045405,2021-09-11 00:00:00+00:00,2021-09-11 08:00:00+00:00
LINKUSDT,1,-55.381744904004584,2021-09-11 08:00:00+00:00,2021-09-14 12:00:00+00:00
LINKUSDT,-1,-19.435085193498587,2021-09-14 12:00:00+00:00,2021-09-14 16:00:00+00:00
LINKUSDT,1,-82.39352919900392,2021-09-14 16:00:00+00:00,2021-09-19 04:00:00+00:00
LINKUSDT,-1,-6.388241920897659,2021-09-19 04:00:00+00:00,2021-09-19 08:00:00+00:00
LINKUSDT,1,-24.875498530725483,2021-09-19 08:00:00+00:00,2021-09-19 12:00:00+00:00
LINKUSDT,-1,-96.89588427438821,2021-09-19 12:00:00+00:00,2021-10-02 16:00:00+00:00
LINKUSDT,1,-3.5643800466956335,2021-10-02 16:00:00+00:00,2021-10-03 00:00:00+00:00
LINKUSDT,-1,-10.518472873663846,2021-10-03 00:00:00+00:00,2021-10-03 04:00:00+00:00
LINKUSDT,1,-2.609617977788959,2021-10-03 04:00:00+00:00,2021-10-03 08:00:00+00:00
LINKUSDT,-1,-2.2962071776448045,2021-10-03 08:00:00+00:00,2021-10-03 12:00:00+00:00
LINKUSDT,1,-2.4337199300242385,2021-10-03 12:00:00+00:00,2021-10-03 16:00:00+00:00
LINKUSDT,-1,-8.687688755829699,2021-10-03 16:00:00+00:00,2021-10-03 20:00:00+00:00
LINKUSDT,1,-41.15536373919949,2021-10-03 20:00:00+00:00,2021-10-04 04:00:00+00:00
LINKUSDT,-1,-46.28409232749874,2021-10-04 04:00:00+00:00,2021-10-06 00:00:00+00:00
LINKUSDT,1,-5.644403409795715,2021-10-06 00:00:00+00:00,2021-10-06 04:00:00+00:00
LINKUSDT,-1,-82.88534268853805,2021-10-06 04:00:00+00:00,2021-10-06 16:00:00+00:00
LINKUSDT,1,-7.473426890084924,2021-10-06 16:00:00+00:00,2021-10-07 00:00:00+00:00
LINKUSDT,-1,9.239951780912769,2021-10-07 00:00:00+00:00,2021-10-07 08:00:00+00:00
LINKUSDT,1,-9.99393065926782,2021-10-07 08:00:00+00:00,2021-10-08 04:00:00+00:00
LINKUSDT,-1,-4.309984940967545,2021-10-08 04:00:00+00:00,2021-10-08 08:00:00+00:00
LINKUSDT,1,-26.418317739131517,2021-10-08 08:00:00+00:00,2021-10-09 04:00:00+00:00
LINKUSDT,-1,-5.324674213015907,2021-10-09 04:00:00+00:00,2021-10-09 12:00:00+00:00
LINKUSDT,1,-15.599844626463334,2021-10-09 12:00:00+00:00,2021-10-11 00:00:00+00:00
LINKUSDT,-1,-20.27190219737205,2021-10-11 00:00:00+00:00,2021-10-11 04:00:00+00:00
LINKUSDT,1,-2.245053815625049,2021-10-11 04:00:00+00:00,2021-10-11 12:00:00+00:00
LINKUSDT,-1,-63.76646828147535,2021-10-11 12:00:00+00:00,2021-10-14 08:00:00+00:00
LINKUSDT,1,-56.97267894378,2021-10-14 08:00:00+00:00,2021-10-18 12:00:00+00:00
LINKUSDT,-1,-38.47897369662496,2021-10-18 12:00:00+00:00,2021-10-20 16:00:00+00:00
LINKUSDT,1,40.78239516917863,2021-10-20 16:00:00+00:00,2021-11-16 20:00:00+00:00
LINKUSDT,-1,204.20403503756728,2021-11-16 20:00:00+00:00,2021-12-26 20:00:00+00:00
LINKUSDT,1,-9.372197889204639,2021-12-26 20:00:00+00:00,2021-12-28 04:00:00+00:00
LINKUSDT,-1,-95.44562599679647,2021-12-28 04:00:00+00:00,2022-01-02 20:00:00+00:00
LINKUSDT,1,-6.294566152723023,2022-01-02 20:00:00+00:00,2022-01-03 04:00:00+00:00
LINKUSDT,-1,-3.334473588959426,2022-01-03 04:00:00+00:00,2022-01-03 08:00:00+00:00
LINKUSDT,1,-103.09405670445739,2022-01-03 08:00:00+00:00,2022-01-19 16:00:00+00:00
LINKUSDT,-1,-21.923943544002146,2022-01-19 16:00:00+00:00,2022-01-20 08:00:00+00:00
LINKUSDT,1,-21.81557965194361,2022-01-20 08:00:00+00:00,2022-01-21 00:00:00+00:00
LINKUSDT,-1,193.31784845416274,2022-01-21 00:00:00+00:00,2022-03-19 00:00:00+00:00
LINKUSDT,1,-1.4639220645796764,2022-03-19 00:00:00+00:00,2022-03-19 04:00:00+00:00
LINKUSDT,-1,-1.183105450542028,2022-03-19 04:00:00+00:00,2022-03-19 08:00:00+00:00
LINKUSDT,1,-12.45704953567468,2022-03-19 08:00:00+00:00,2022-03-20 16:00:00+00:00
LINKUSDT,-1,0.03343163600267793,2022-03-20 16:00:00+00:00,2022-03-20 20:00:00+00:00
LINKUSDT,1,-46.22936571263163,2022-03-20 20:00:00+00:00,2022-04-11 04:00:00+00:00
LINKUSDT,-1,366.24087976039425,2022-04-11 04:00:00+00:00,2022-06-06 04:00:00+00:00
LINKUSDT,1,-13.978239218875299,2022-06-06 04:00:00+00:00,2022-06-07 04:00:00+00:00
LINKUSDT,-1,-4.504760138253884,2022-06-07 04:00:00+00:00,2022-06-07 08:00:00+00:00
LINKUSDT,1,-5.886738618070196,2022-06-07 08:00:00+00:00,2022-06-07 12:00:00+00:00
LINKUSDT,-1,-8.64717228127316,2022-06-07 12:00:00+00:00,2022-06-07 16:00:00+00:00
LINKUSDT,1,-107.31915313380793,2022-06-07 16:00:00+00:00,2022-06-11 16:00:00+00:00
LINKUSDT,-1,-283.70937218286747,2022-06-11 16:00:00+00:00,2022-06-21 04:00:00+00:00
LINKUSDT,1,-93.09018776096269,2022-06-21 04:00:00+00:00,2022-06-21 20:00:00+00:00
LINKUSDT,-1,-64.8781227320213,2022-06-21 20:00:00+00:00,2022-06-24 12:00:00+00:00
LINKUSDT,1,-17.13292225851494,2022-06-24 12:00:00+00:00,2022-06-24 16:00:00+00:00
LINKUSDT,-1,-20.9388818561505,2022-06-24 16:00:00+00:00,2022-06-24 20:00:00+00:00
LINKUSDT,1,-7.081610505202042,2022-06-24 20:00:00+00:00,2022-06-25 16:00:00+00:00
LINKUSDT,-1,-88.36516270915514,2022-06-25 16:00:00+00:00,2022-06-26 00:00:00+00:00
LINKUSDT,1,-3.7664730640664805,2022-06-26 00:00:00+00:00,2022-06-26 04:00:00+00:00
LINKUSDT,-1,59.384203711194786,2022-06-26 04:00:00+00:00,2022-07-17 00:00:00+00:00
LINKUSDT,1,-6.394523518411532,2022-07-17 00:00:00+00:00,2022-07-17 16:00:00+00:00
LINKUSDT,-1,-22.45890489259281,2022-07-17 16:00:00+00:00,2022-07-18 04:00:00+00:00
LINKUSDT,1,-151.79287416221064,2022-07-18 04:00:00+00:00,2022-07-26 00:00:00+00:00
LINKUSDT,-1,-68.66285696022709,2022-07-26 00:00:00+00:00,2022-07-27 20:00:00+00:00
LINKUSDT,1,110.38755805191374,2022-07-27 20:00:00+00:00,2022-08-19 20:00:00+00:00
LINKUSDT,-1,-341.844198488066,2022-08-19 20:00:00+00:00,2022-09-09 04:00:00+00:00
LINKUSDT,1,-94.83214899226037,2022-09-09 04:00:00+00:00,2022-09-14 00:00:00+00:00
LINKUSDT,-1,-13.89175591378746,2022-09-14 00:00:00+00:00,2022-09-14 16:00:00+00:00
LINKUSDT,1,-7.466372642307316,2022-09-14 16:00:00+00:00,2022-09-15 04:00:00+00:00
LINKUSDT,-1,-6.878270627518829,2022-09-15 04:00:00+00:00,2022-09-15 08:00:00+00:00
LINKUSDT,1,-8.891231433710058,2022-09-15 08:00:00+00:00,2022-09-15 12:00:00+00:00
LINKUSDT,-1,-8.001296764207927,2022-09-15 12:00:00+00:00,2022-09-16 00:00:00+00:00
LINKUSDT,1,-22.723685349460478,2022-09-16 00:00:00+00:00,2022-09-19 04:00:00+00:00
LINKUSDT,-1,-10.059997447228024,2022-09-19 04:00:00+00:00,2022-09-19 16:00:00+00:00
LINKUSDT,1,-2.679911556275119,2022-09-19 16:00:00+00:00,2022-09-20 04:00:00+00:00
LINKUSDT,-1,-0.7170495035558849,2022-09-20 04:00:00+00:00,2022-09-20 08:00:00+00:00
LINKUSDT,1,-2.6207327571391064,2022-09-20 08:00:00+00:00,2022-09-20 12:00:00+00:00
LINKUSDT,-1,-7.673799012608552,2022-09-20 12:00:00+00:00,2022-09-20 16:00:00+00:00
LINKUSDT,1,-8.152754927585136,2022-09-20 16:00:00+00:00,2022-09-20 20:00:00+00:00
LINKUSDT,-1,-56.92198793750203,2022-09-20 20:00:00+00:00,2022-09-24 00:00:00+00:00
LINKUSDT,1,-103.19739228004852,2022-09-24 00:00:00+00:00,2022-10-03 00:00:00+00:00
LINKUSDT,-1,-20.446849103193692,2022-10-03 00:00:00+00:00,2022-10-04 04:00:00+00:00
LINKUSDT,1,-109.48898812759055,2022-10-04 04:00:00+00:00,2022-10-11 04:00:00+00:00
LINKUSDT,-1,-78.5579992903352,2022-10-11 04:00:00+00:00,2022-10-29 20:00:00+00:00
LINKUSDT,1,-117.00285793132278,2022-10-29 20:00:00+00:00,2022-11-09 04:00:00+00:00
LINKUSDT,-1,-98.92838327361832,2022-11-09 04:00:00+00:00,2022-11-26 16:00:00+00:00
LINKUSDT,1,-30.425418258600597,2022-11-26 16:00:00+00:00,2022-11-28 00:00:00+00:00
LINKUSDT,-1,-52.43132431651222,2022-11-28 00:00:00+00:00,2022-11-29 00:00:00+00:00
LINKUSDT,1,-53.435412921155866,2022-11-29 00:00:00+00:00,2022-12-07 08:00:00+00:00
LINKUSDT,-1,-7.38251985454527,2022-12-07 08:00:00+00:00,2022-12-08 20:00:00+00:00
LINKUSDT,1,-8.738471956145151,2022-12-08 20:00:00+00:00,2022-12-09 20:00:00+00:00
LINKUSDT,-1,-2.1931863833667053,2022-12-09 20:00:00+00:00,2022-12-10 16:00:00+00:00
LINKUSDT,1,-6.468142162258028,2022-12-10 16:00:00+00:00,2022-12-12 00:00:00+00:00
LINKUSDT,-1,-33.527520755311116,2022-12-12 00:00:00+00:00,2022-12-13 16:00:00+00:00
LINKUSDT,1,-1.7225236117085774,2022-12-13 16:00:00+00:00,2022-12-13 20:00:00+00:00
LINKUSDT,-1,-1.8611560789889787,2022-12-13 20:00:00+00:00,2022-12-14 00:00:00+00:00
LINKUSDT,1,-1.73452925833808,2022-12-14 00:00:00+00:00,2022-12-14 04:00:00+00:00
LINKUSDT,-1,77.01785101163324,2022-12-14 04:00:00+00:00,2023-01-11 04:00:00+00:00
LINKUSDT,1,-2.5044363097426015,2023-01-11 04:00:00+00:00,2023-01-11 16:00:00+00:00
LINKUSDT,-1,-4.934983370267844,2023-01-11 16:00:00+00:00,2023-01-11 20:00:00+00:00
LINKUSDT,1,-37.983953063515166,2023-01-11 20:00:00+00:00,2023-02-13 12:00:00+00:00
LINKUSDT,-1,-6.623240610812311,2023-02-13 12:00:00+00:00,2023-02-14 16:00:00+00:00
LINKUSDT,1,0.29986817692750023,2023-02-14 16:00:00+00:00,2023-02-15 08:00:00+00:00
LINKUSDT,-1,-10.24530673410413,2023-02-15 08:00:00+00:00,2023-02-15 20:00:00+00:00
LINKUSDT,1,-44.65569287876955,2023-02-15 20:00:00+00:00,2023-03-03 04:00:00+00:00
LINKUSDT,-1,-146.6768635538146,2023-03-03 04:00:00+00:00,2023-03-18 00:00:00+00:00
LINKUSDT,1,-5.165946961732541,2023-03-18 00:00:00+00:00,2023-03-18 16:00:00+00:00
LINKUSDT,-1,-21.78918629446865,2023-03-18 16:00:00+00:00,2023-03-19 16:00:00+00:00
LINKUSDT,1,-39.17534857714418,2023-03-19 16:00:00+00:00,2023-03-21 08:00:00+00:00
LINKUSDT,-1,-6.300394922377611,2023-03-21 08:00:00+00:00,2023-03-21 12:00:00+00:00
LINKUSDT,1,-102.82948335753385,2023-03-21 12:00:00+00:00,2023-03-25 20:00:00+00:00
LINKUSDT,-1,-2.3863751875972126,2023-03-25 20:00:00+00:00,2023-03-26 00:00:00+00:00
LINKUSDT,1,-20.21777247799034,2023-03-26 00:00:00+00:00,2023-03-27 16:00:00+00:00
LINKUSDT,-1,-10.810111379882496,2023-03-27 16:00:00+00:00,2023-03-28 20:00:00+00:00
LINKUSDT,1,-1.883900399577417,2023-03-28 20:00:00+00:00,2023-03-29 00:00:00+00:00
LINKUSDT,-1,-1.3217303618226244,2023-03-29 00:00:00+00:00,2023-03-29 04:00:00+00:00
LINKUSDT,1,-53.57434419183059,2023-03-29 04:00:00+00:00,2023-04-21 20:00:00+00:00
LINKUSDT,-1,-27.700156973660178,2023-04-21 20:00:00+00:00,2023-04-26 16:00:00+00:00
LINKUSDT,1,-12.336315797449124,2023-04-26 16:00:00+00:00,2023-04-26 20:00:00+00:00
LINKUSDT,-1,124.71063015086676,2023-04-26 20:00:00+00:00,2023-06-24 20:00:00+00:00
LINKUSDT,1,-3.921606751866968,2023-06-24 20:00:00+00:00,2023-06-28 08:00:00+00:00
LINKUSDT,-1,-1.7135928612255729,2023-06-28 08:00:00+00:00,2023-06-28 16:00:00+00:00
LINKUSDT,1,-6.1122276313926,2023-06-28 16:00:00+00:00,2023-06-28 20:00:00+00:00
LINKUSDT,-1,-13.947667837744554,2023-06-28 20:00:00+00:00,2023-06-29 12:00:00+00:00
LINKUSDT,1,-5.262187100354204,2023-06-29 12:00:00+00:00,2023-06-29 16:00:00+00:00
LINKUSDT,-1,-4.441514675891698,2023-06-29 16:00:00+00:00,2023-06-30 04:00:00+00:00
LINKUSDT,1,106.99723232257918,2023-06-30 04:00:00+00:00,2023-08-15 00:00:00+00:00
LINKUSDT,-1,59.52270433896747,2023-08-15 00:00:00+00:00,2023-09-16 00:00:00+00:00
LINKUSDT,1,-7.124885050071166,2023-09-16 00:00:00+00:00,2023-09-17 20:00:00+00:00
LINKUSDT,-1,-16.694571238685754,2023-09-17 20:00:00+00:00,2023-09-18 04:00:00+00:00
LINKUSDT,1,867.9061872172479,2023-09-18 04:00:00+00:00,2023-12-13 00:00:00+00:00
LINKUSDT,-1,-18.444408543943304,2023-12-13 00:00:00+00:00,2023-12-14 04:00:00+00:00
LINKUSDT,1,-51.002233797082056,2023-12-14 04:00:00+00:00,2023-12-15 16:00:00+00:00
LINKUSDT,-1,-83.13181860848792,2023-12-15 16:00:00+00:00,2023-12-21 12:00:00+00:00
LINKUSDT,1,-1.8312010584360898,2023-12-21 12:00:00+00:00,2023-12-21 16:00:00+00:00
LINKUSDT,-1,-0.3080067676266339,2023-12-21 16:00:00+00:00,2023-12-21 20:00:00+00:00
LINKUSDT,1,-53.075770074226924,2023-12-21 20:00:00+00:00,2023-12-26 20:00:00+00:00
LINKUSDT,-1,-3.7593092143562865,2023-12-26 20:00:00+00:00,2023-12-27 00:00:00+00:00
LINKUSDT,1,-15.623874153832565,2023-12-27 00:00:00+00:00,2023-12-27 04:00:00+00:00
LINKUSDT,-1,-26.319540572867304,2023-12-27 04:00:00+00:00,2023-12-27 12:00:00+00:00
LINKUSDT,1,-110.30370121074564,2023-12-27 12:00:00+00:00,2023-12-31 04:00:00+00:00
LINKUSDT,-1,-2.7382170362897305,2023-12-31 04:00:00+00:00,2023-12-31 08:00:00+00:00
LINKUSDT,1,-26.503502878259052,2023-12-31 08:00:00+00:00,2024-01-01 00:00:00+00:00
LINKUSDT,-1,-4.08685764078367,2024-01-01 00:00:00+00:00,2024-01-01 08:00:00+00:00
LINKUSDT,1,-29.6290556713318,2024-01-01 08:00:00+00:00,2024-01-03 12:00:00+00:00
LINKUSDT,-1,-79.82049879762664,2024-01-03 12:00:00+00:00,2024-01-11 12:00:00+00:00
LINKUSDT,1,-18.006362419665336,2024-01-11 12:00:00+00:00,2024-01-12 04:00:00+00:00
LINKUSDT,-1,-8.30322775398407,2024-01-12 04:00:00+00:00,2024-01-12 12:00:00+00:00
LINKUSDT,1,-2.7141957838051542,2024-01-12 12:00:00+00:00,2024-01-12 16:00:00+00:00
LINKUSDT,-1,-19.0275995319704,2024-01-12 16:00:00+00:00,2024-01-14 12:00:00+00:00
LINKUSDT,1,-4.237392271112523,2024-01-14 12:00:00+00:00,2024-01-15 00:00:00+00:00
LINKUSDT,-1,-31.672302646934554,2024-01-15 00:00:00+00:00,2024-01-15 04:00:00+00:00
LINKUSDT,1,-113.46772008464407,2024-01-15 04:00:00+00:00,2024-01-18 20:00:00+00:00
LINKUSDT,-1,-46.064764516183686,2024-01-18 20:00:00+00:00,2024-01-19 08:00:00+00:00
LINKUSDT,1,-74.51323199741466,2024-01-19 08:00:00+00:00,2024-01-22 20:00:00+00:00
LINKUSDT,-1,-40.770688563224645,2024-01-22 20:00:00+00:00,2024-01-29 16:00:00+00:00
LINKUSDT,1,-46.48468900258975,2024-01-29 20:00:00+00:00,2024-03-15 12:00:00+00:00
LINKUSDT,-1,-136.0010372324838,2024-03-15 12:00:00+00:00,2024-03-26 04:00:00+00:00
LINKUSDT,1,-42.390121324185074,2024-03-26 04:00:00+00:00,2024-03-27 16:00:00+00:00
LINKUSDT,-1,-21.529837693771952,2024-03-27 16:00:00+00:00,2024-03-28 08:00:00+00:00
LINKUSDT,1,-2.4167605052277756,2024-03-28 08:00:00+00:00,2024-03-28 16:00:00+00:00
LINKUSDT,-1,206.72764876030348,2024-03-28 16:00:00+00:00,2024-05-16 20:00:00+00:00
LINKUSDT,1,-7.85248492437853,2024-05-16 20:00:00+00:00,2024-06-10 08:00:00+00:00
LINKUSDT,-1,-2.248567085709643,2024-06-10 08:00:00+00:00,2024-06-10 12:00:00+00:00
LINKUSDT,1,-3.45086351402486,2024-06-10 12:00:00+00:00,2024-06-11 04:00:00+00:00
LINKUSDT,-1,-58.41441234900504,2024-06-11 04:00:00+00:00,2024-07-16 04:00:00+00:00
LINKUSDT,1,-6.639673951742214,2024-07-16 04:00:00+00:00,2024-07-16 08:00:00+00:00
LINKUSDT,-1,-6.913124546909006,2024-07-16 08:00:00+00:00,2024-07-16 16:00:00+00:00
LINKUSDT,1,-3.3438022616161547,2024-07-16 16:00:00+00:00,2024-07-17 00:00:00+00:00
LINKUSDT,-1,-1.6785921456442345,2024-07-17 00:00:00+00:00,2024-07-17 04:00:00+00:00
LINKUSDT,1,-13.756621620486035,2024-07-17 04:00:00+00:00,2024-07-18 00:00:00+00:00
LINKUSDT,-1,-32.98476992375822,2024-07-18 00:00:00+00:00,2024-07-19 20:00:00+00:00
LINKUSDT,1,-3.317874837402159,2024-07-19 20:00:00+00:00,2024-07-20 12:00:00+00:00
LINKUSDT,-1,-2.794367720038788,2024-07-20 12:00:00+00:00,2024-07-20 16:00:00+00:00
LINKUSDT,1,-36.60537877303119,2024-07-20 16:00:00+00:00,2024-07-23 16:00:00+00:00
LINKUSDT,-1,-1.5728584256706446,2024-07-23 16:00:00+00:00,2024-07-23 20:00:00+00:00
LINKUSDT,1,-2.534748385585718,2024-07-23 20:00:00+00:00,2024-07-24 16:00:00+00:00
LINKUSDT,-1,-33.399696979518424,2024-07-24 16:00:00+00:00,2024-07-27 08:00:00+00:00
LINKUSDT,1,-1.9715355345499965,2024-07-27 08:00:00+00:00,2024-07-27 20:00:00+00:00
LINKUSDT,-1,-1.1473813078970054,2024-07-27 20:00:00+00:00,2024-07-28 12:00:00+00:00
LINKUSDT,1,-2.5012469152167887,2024-07-28 12:00:00+00:00,2024-07-28 16:00:00+00:00
LINKUSDT,-1,-23.385823551510892,2024-07-28 16:00:00+00:00,2024-07-29 04:00:00+00:00
LINKUSDT,1,-10.379899727007912,2024-07-29 04:00:00+00:00,2024-07-30 00:00:00+00:00
LINKUSDT,-1,-3.3594104894250925,2024-07-30 00:00:00+00:00,2024-07-30 04:00:00+00:00
LINKUSDT,1,-10.099687052870527,2024-07-30 04:00:00+00:00,2024-07-30 12:00:00+00:00
LINKUSDT,-1,-0.5615850072704203,2024-07-30 12:00:00+00:00,2024-07-30 16:00:00+00:00
LINKUSDT,1,-5.66419382800237,2024-07-30 16:00:00+00:00,2024-07-30 20:00:00+00:00
LINKUSDT,-1,147.5715411666804,2024-07-30 20:00:00+00:00,2024-08-24 00:00:00+00:00
LINKUSDT,1,-1.6146361344657254,2024-08-24 00:00:00+00:00,2024-08-24 04:00:00+00:00
LINKUSDT,-1,-1.6309871556662467,2024-08-24 04:00:00+00:00,2024-08-24 12:00:00+00:00
LINKUSDT,1,-3.609538181045364,2024-08-24 12:00:00+00:00,2024-08-27 00:00:00+00:00
LINKUSDT,-1,-22.71820280803749,2024-08-27 00:00:00+00:00,2024-08-31 12:00:00+00:00
LINKUSDT,1,-1.1866170133594551,2024-08-31 12:00:00+00:00,2024-08-31 16:00:00+00:00
LINKUSDT,-1,-26.67061117422464,2024-08-31 16:00:00+00:00,2024-09-12 20:00:00+00:00
LINKUSDT,1,-0.9368725861449267,2024-09-12 20:00:00+00:00,2024-09-13 08:00:00+00:00
LINKUSDT,-1,-4.0481965121062915,2024-09-13 08:00:00+00:00,2024-09-13 12:00:00+00:00
LINKUSDT,1,-50.20202715823172,2024-09-13 12:00:00+00:00,2024-09-16 04:00:00+00:00
LINKUSDT,-1,-10.008632659271772,2024-09-16 04:00:00+00:00,2024-09-17 16:00:00+00:00
LINKUSDT,1,-3.1866471184624205,2024-09-17 16:00:00+00:00,2024-09-17 20:00:00+00:00
LINKUSDT,-1,-11.700961311892506,2024-09-17 20:00:00+00:00,2024-09-19 00:00:00+00:00
LINKUSDT,1,-10.15948249712023,2024-09-19 00:00:00+00:00,2024-10-02 12:00:00+00:00
LINKUSDT,-1,6.405194557103207,2024-10-02 12:00:00+00:00,2024-10-02 20:00:00+00:00
LINKUSDT,1,0.4767472720063248,2024-10-02 20:00:00+00:00,2024-10-03 00:00:00+00:00
LINKUSDT,-1,-29.58322238366968,2024-10-03 00:00:00+00:00,2024-10-04 20:00:00+00:00
LINKUSDT,1,-1.1830002506778734,2024-10-04 20:00:00+00:00,2024-10-05 00:00:00+00:00
LINKUSDT,-1,-2.2417777539333965,2024-10-05 00:00:00+00:00,2024-10-05 08:00:00+00:00
LINKUSDT,1,-15.698996621048318,2024-10-05 08:00:00+00:00,2024-10-08 00:00:00+00:00
LINKUSDT,-1,-1.1227952224102264,2024-10-08 00:00:00+00:00,2024-10-08 04:00:00+00:00
LINKUSDT,1,-2.977753214716184,2024-10-08 04:00:00+00:00,2024-10-08 08:00:00+00:00
LINKUSDT,-1,-26.78368996400041,2024-10-08 08:00:00+00:00,2024-10-15 04:00:00+00:00
LINKUSDT,1,-7.679140894610272,2024-10-15 04:00:00+00:00,2024-10-15 16:00:00+00:00
LINKUSDT,-1,-4.6645561272596785,2024-10-15 16:00:00+00:00,2024-10-16 00:00:00+00:00
LINKUSDT,1,-7.544612531165372,2024-10-16 00:00:00+00:00,2024-10-16 04:00:00+00:00
LINKUSDT,-1,-2.4257215044944593,2024-10-16 04:00:00+00:00,2024-10-16 12:00:00+00:00
LINKUSDT,1,-12.435578487784255,2024-10-16 12:00:00+00:00,2024-10-16 16:00:00+00:00
LINKUSDT,-1,-32.2387003065561,2024-10-16 16:00:00+00:00,2024-10-18 16:00:00+00:00
LINKUSDT,1,-28.35300150294281,2024-10-18 16:00:00+00:00,2024-10-23 20:00:00+00:00
LINKUSDT,-1,-9.376753123368669,2024-10-23 20:00:00+00:00,2024-10-24 20:00:00+00:00
LINKUSDT,1,-26.723563901981436,2024-10-24 20:00:00+00:00,2024-10-26 00:00:00+00:00
LINKUSDT,-1,-3.0064794282299068,2024-10-26 00:00:00+00:00,2024-10-26 04:00:00+00:00
LINKUSDT,1,-3.460178644328808,2024-10-26 04:00:00+00:00,2024-10-26 08:00:00+00:00
LINKUSDT,-1,-5.820176955934866,2024-10-26 08:00:00+00:00,2024-10-29 04:00:00+00:00
LINKUSDT,1,-3.692838694309269,2024-10-29 04:00:00+00:00,2024-11-01 08:00:00+00:00
LINKUSDT,-1,-49.76631214595517,2024-11-01 08:00:00+00:00,2024-11-06 04:00:00+00:00
LINKUSDT,1,1040.4048924104507,2024-11-06 04:00:00+00:00,2024-12-20 12:00:00+00:00
LINKUSDT,-1,-37.03264493060372,2024-12-20 12:00:00+00:00,2024-12-20 16:00:00+00:00
LINKUSDT,1,-161.7187279205948,2024-12-20 16:00:00+00:00,2024-12-28 04:00:00+00:00
LINKUSDT,-1,45.17741338915527,2024-12-28 04:00:00+00:00,2024-12-31 23:00:00+00:00
LTCUSDT,1,-94.22471934467318,2021-01-01 04:00:00+00:00,2021-01-26 04:00:00+00:00
LTCUSDT,-1,-72.6591410951618,2021-01-26 04:00:00+00:00,2021-02-02 16:00:00+00:00
LTCUSDT,1,-258.3111402967419,2021-02-02 16:00:00+00:00,2021-02-28 04:00:00+00:00
LTCUSDT,-1,-11.98169349543382,2021-02-28 04:00:00+00:00,2021-03-01 12:00:00+00:00
LTCUSDT,1,-31.608545530617572,2021-03-01 12:00:00+00:00,2021-03-05 04:00:00+00:00
LTCUSDT,-1,-1.2312603143699605,2021-03-05 04:00:00+00:00,2021-03-05 08:00:00+00:00
LTCUSDT,1,11.89197240572182,2021-03-05 08:00:00+00:00,2021-03-07 16:00:00+00:00
LTCUSDT,-1,-0.9913487216683774,2021-03-07 16:00:00+00:00,2021-03-07 20:00:00+00:00
LTCUSDT,1,-55.25510660815311,2021-03-07 20:00:00+00:00,2021-03-23 00:00:00+00:00
LTCUSDT,-1,-6.496959736967881,2021-03-23 00:00:00+00:00,2021-03-24 08:00:00+00:00
LTCUSDT,1,-4.9013685574995725,2021-03-24 08:00:00+00:00,2021-03-24 20:00:00+00:00
LTCUSDT,-1,-66.48160526242367,2021-03-24 20:00:00+00:00,2021-03-29 12:00:00+00:00
LTCUSDT,1,-1.2643752676151214,2021-03-29 12:00:00+00:00,2021-03-29 16:00:00+00:00
LTCUSDT,-1,-4.213815080199908,2021-03-29 16:00:00+00:00,2021-03-30 12:00:00+00:00
LTCUSDT,1,-10.926707161080408,2021-03-30 12:00:00+00:00,2021-03-31 04:00:00+00:00
LTCUSDT,-1,-6.026718033675261,2021-03-31 04:00:00+00:00,2021-04-01 00:00:00+00:00
LTCUSDT,1,-81.83332764830317,2021-04-01 00:00:00+00:00,2021-05-19 12:00:00+00:00
LTCUSDT,-1,395.5711878007187,2021-05-19 12:00:00+00:00,2021-07-26 04:00:00+00:00
LTCUSDT,1,-51.38838067275013,2021-07-26 04:00:00+00:00,2021-07-27 04:00:00+00:00
LTCUSDT,-1,-20.120430463891157,2021-07-27 04:00:00+00:00,2021-07-28 00:00:00+00:00
LTCUSDT,1,281.2546050156875,2021-07-28 00:00:00+00:00,2021-09-08 08:00:00+00:00
LTCUSDT,-1,-15.541553796326744,2021-09-08 08:00:00+00:00,2021-09-08 12:00:00+00:00
LTCUSDT,1,-26.021179985370107,2021-09-08 12:00:00+00:00,2021-09-10 08:00:00+00:00
LTCUSDT,-1,-2.331935820721089,2021-09-10 08:00:00+00:00,2021-09-10 12:00:00+00:00
LTCUSDT,1,-145.5151231134561,2021-09-10 12:00:00+00:00,2021-09-18 00:00:00+00:00
LTCUSDT,-1,-3.3180994047980823,2021-09-18 00:00:00+00:00,2021-09-18 04:00:00+00:00
LTCUSDT,1,-5.359218694605426,2021-09-18 04:00:00+00:00,2021-09-18 12:00:00+00:00
LTCUSDT,-1,0.8707137831472909,2021-09-18 12:00:00+00:00,2021-09-19 00:00:00+00:00
LTCUSDT,1,-2.991297001638704,2021-09-19 00:00:00+00:00,2021-09-19 04:00:00+00:00
LTCUSDT,-1,-107.88713439418117,2021-09-19 04:00:00+00:00,2021-10-06 20:00:00+00:00
LTCUSDT,1,-84.86251023888468,2021-10-06 20:00:00+00:00,2021-10-12 20:00:00+00:00
LTCUSDT,-1,-20.480714916146503,2021-10-12 20:00:00+00:00,2021-10-13 20:00:00+00:00
LTCUSDT,1,90.11119110075242,2021-10-13 20:00:00+00:00,2021-11-26 08:00:00+00:00
LTCUSDT,-1,-50.15739663954869,2021-11-26 08:00:00+00:00,2021-12-01 08:00:00+00:00
LTCUSDT,1,-3.4388221985374408,2021-12-01 08:00:00+00:00,2021-12-01 12:00:00+00:00
LTCUSDT,-1,-3.071671119520125,2021-12-01 12:00:00+00:00,2021-12-01 16:00:00+00:00
LTCUSDT,1,-4.274382433617113,2021-12-01 16:00:00+00:00,2021-12-01 20:00:00+00:00
LTCUSDT,-1,221.2107324778311,2021-12-01 20:00:00+00:00,2022-01-15 20:00:00+00:00
LTCUSDT,1,-2.8035465328687654,2022-01-15 20:00:00+00:00,2022-01-16 00:00:00+00:00
LTCUSDT,-1,-33.6726098396439,2022-01-16 00:00:00+00:00,2022-01-17 16:00:00+00:00
LTCUSDT,1,-16.498969436403296,2022-01-17 16:00:00+00:00,2022-01-18 08:00:00+00:00
LTCUSDT,-1,149.16720313366892,2022-01-18 08:00:00+00:00,2022-02-07 16:00:00+00:00
LTCUSDT,1,-76.73928684790417,2022-02-07 16:00:00+00:00,2022-02-12 04:00:00+00:00
LTCUSDT,-1,-23.45737673617184,2022-02-12 04:00:00+00:00,2022-02-13 16:00:00+00:00
LTCUSDT,1,-6.823043134377614,2022-02-13 16:00:00+00:00,2022-02-13 20:00:00+00:00
LTCUSDT,-1,-31.906371926431824,2022-02-13 20:00:00+00:00,2022-02-15 04:00:00+00:00
LTCUSDT,1,-38.0205272342282,2022-02-15 04:00:00+00:00,2022-02-17 20:00:00+00:00
LTCUSDT,-1,-78.89420788096794,2022-02-17 20:00:00+00:00,2022-03-17 16:00:00+00:00
LTCUSDT,1,-0.3527842941980731,2022-03-17 16:00:00+00:00,2022-03-18 00:00:00+00:00
LTCUSDT,-1,-26.59039551440426,2022-03-18 00:00:00+00:00,2022-03-19 12:00:00+00:00
LTCUSDT,1,-101.47509202934172,2022-03-19 12:00:00+00:00,2022-04-07 04:00:00+00:00
LTCUSDT,-1,-5.749586129978437,2022-04-07 04:00:00+00:00,2022-04-07 12:00:00+00:00
LTCUSDT,1,-2.998142890895867,2022-04-07 12:00:00+00:00,2022-04-07 16:00:00+00:00
LTCUSDT,-1,-2.3892057268819027,2022-04-07 16:00:00+00:00,2022-04-08 04:00:00+00:00
LTCUSDT,1,-4.231324506206003,2022-04-08 04:00:00+00:00,2022-04-08 12:00:00+00:00
LTCUSDT,-1,615.7014536510399,2022-04-08 12:00:00+00:00,2022-07-16 20:00:00+00:00
LTCUSDT,1,-127.71380667699839,2022-07-16 20:00:00+00:00,2022-07-26 20:00:00+00:00
LTCUSDT,-1,-23.994539853315782,2022-07-26 20:00:00+00:00,2022-07-27 00:00:00+00:00
LTCUSDT,1,10.315843106639477,2022-07-27 00:00:00+00:00,2022-08-19 16:00:00+00:00
LTCUSDT,-1,-285.623447286189,2022-08-19 16:00:00+00:00,2022-09-02 16:00:00+00:00
LTCUSDT,1,-136.66288368091534,2022-09-02 16:00:00+00:00,2022-09-06 20:00:00+00:00
LTCUSDT,-1,-151.31630910511032,2022-09-06 20:00:00+00:00,2022-09-09 04:00:00+00:00
LTCUSDT,1,-136.19846499940593,2022-09-09 04:00:00+00:00,2022-09-15 16:00:00+00:00
LTCUSDT,-1,-24.3898495206829,2022-09-15 16:00:00+00:00,2022-09-17 20:00:00+00:00
LTCUSDT,1,-3.602355279484761,2022-09-17 20:00:00+00:00,2022-09-18 04:00:00+00:00
LTCUSDT,-1,-53.49867439727616,2022-09-18 04:00:00+00:00,2022-10-24 00:00:00+00:00
LTCUSDT,1,-2.9457698912575387,2022-10-24 00:00:00+00:00,2022-10-24 04:00:00+00:00
LTCUSDT,-1,0.11938176456007238,2022-10-24 04:00:00+00:00,2022-10-24 12:00:00+00:00
LTCUSDT,1,-3.3608525697993206,2022-10-24 12:00:00+00:00,2022-10-24 16:00:00+00:00
LTCUSDT,-1,-33.11968132518773,2022-10-24 16:00:00+00:00,2022-10-25 16:00:00+00:00
LTCUSDT,1,-9.352544633087405,2022-10-25 16:00:00+00:00,2022-11-10 08:00:00+00:00
LTCUSDT,-1,-21.228870762204668,2022-11-10 08:00:00+00:00,2022-11-10 16:00:00+00:00
LTCUSDT,1,141.2967917380689,2022-11-10 16:00:00+00:00,2022-12-16 12:00:00+00:00
LTCUSDT,-1,-91.64029825935056,2022-12-16 12:00:00+00:00,2023-01-02 08:00:00+00:00
LTCUSDT,1,235.6934469603262,2023-01-02 08:00:00+00:00,2023-02-22 16:00:00+00:00
LTCUSDT,-1,-4.578823419572599,2023-02-22 16:00:00+00:00,2023-02-22 20:00:00+00:00
LTCUSDT,1,-6.505179667340063,2023-02-22 20:00:00+00:00,2023-02-23 20:00:00+00:00
LTCUSDT,-1,-11.67637286670527,2023-02-23 20:00:00+00:00,2023-02-26 20:00:00+00:00
LTCUSDT,1,-7.54401764006414,2023-02-26 20:00:00+00:00,2023-02-27 20:00:00+00:00
LTCUSDT,-1,-2.447430971747365,2023-02-27 20:00:00+00:00,2023-02-28 00:00:00+00:00
LTCUSDT,1,-1.9833473803927795,2023-02-28 00:00:00+00:00,2023-02-28 08:00:00+00:00
LTCUSDT,-1,-5.698595357657589,2023-02-28 08:00:00+00:00,2023-02-28 16:00:00+00:00
LTCUSDT,1,-10.225235443402017,2023-02-28 16:00:00+00:00,2023-03-01 00:00:00+00:00
LTCUSDT,-1,-5.583409035313457,2023-03-01 00:00:00+00:00,2023-03-01 04:00:00+00:00
LTCUSDT,1,-31.986869870181714,2023-03-01 04:00:00+00:00,2023-03-03 04:00:00+00:00
LTCUSDT,-1,16.836778873974637,2023-03-03 04:00:00+00:00,2023-03-23 16:00:00+00:00
LTCUSDT,1,-38.728931173649016,2023-03-23 16:00:00+00:00,2023-03-28 04:00:00+00:00
LTCUSDT,-1,-5.030098873689103,2023-03-28 04:00:00+00:00,2023-03-28 20:00:00+00:00
LTCUSDT,1,-50.23816293893249,2023-03-28 20:00:00+00:00,2023-04-20 08:00:00+00:00
LTCUSDT,-1,-14.77963856123035,2023-04-20 08:00:00+00:00,2023-04-26 00:00:00+00:00
LTCUSDT,1,-0.40154068823268374,2023-04-26 00:00:00+00:00,2023-04-26 04:00:00+00:00
LTCUSDT,-1,-6.73694489370369,2023-04-26 04:00:00+00:00,2023-04-26 16:00:00+00:00
LTCUSDT,1,-10.942050797100613,2023-04-26 16:00:00+00:00,2023-04-26 20:00:00+00:00
LTCUSDT,-1,-30.811359212550762,2023-04-26 20:00:00+00:00,2023-05-16 20:00:00+00:00
LTCUSDT,1,-61.03372485661622,2023-05-16 20:00:00+00:00,2023-05-24 08:00:00+00:00
LTCUSDT,-1,-9.21399139174094,2023-05-24 08:00:00+00:00,2023-05-26 16:00:00+00:00
LTCUSDT,1,-40.68662324830493,2023-05-26 16:00:00+00:00,2023-06-05 20:00:00+00:00
LTCUSDT,-1,-11.389960068794684,2023-06-05 20:00:00+00:00,2023-06-06 16:00:00+00:00
LTCUSDT,1,-24.64371209363834,2023-06-06 16:00:00+00:00,2023-06-07 16:00:00+00:00
LTCUSDT,-1,-1.8991914621112025,2023-06-07 16:00:00+00:00,2023-06-07 20:00:00+00:00
LTCUSDT,1,-5.0840965948861925,2023-06-07 20:00:00+00:00,2023-06-08 08:00:00+00:00
LTCUSDT,-1,-5.42226110365494,2023-06-08 08:00:00+00:00,2023-06-08 16:00:00+00:00
LTCUSDT,1,-2.754134187538285,2023-06-08 16:00:00+00:00,2023-06-09 04:00:00+00:00
LTCUSDT,-1,-6.01084310811739,2023-06-09 04:00:00+00:00,2023-06-09 12:00:00+00:00
LTCUSDT,1,-6.542680389218888,2023-06-09 12:00:00+00:00,2023-06-10 04:00:00+00:00
LTCUSDT,-1,-106.00444970036409,2023-06-10 04:00:00+00:00,2023-06-22 04:00:00+00:00
LTCUSDT,1,-4.797942943640144,2023-06-22 04:00:00+00:00,2023-06-22 12:00:00+00:00
LTCUSDT,-1,-4.135122805907152,2023-06-22 12:00:00+00:00,2023-06-22 20:00:00+00:00
LTCUSDT,1,-0.6772324344628444,2023-06-22 20:00:00+00:00,2023-06-23 00:00:00+00:00
LTCUSDT,-1,-1.1288928411601336,2023-06-23 00:00:00+00:00,2023-06-23 04:00:00+00:00
LTCUSDT,1,-28.753784195541446,2023-06-23 04:00:00+00:00,2023-06-28 08:00:00+00:00
LTCUSDT,-1,-2.2015286076257516,2023-06-28 08:00:00+00:00,2023-06-28 12:00:00+00:00
LTCUSDT,1,-6.67718388160899,2023-06-28 12:00:00+00:00,2023-06-28 20:00:00+00:00
LTCUSDT,-1,-95.9155488910736,2023-06-28 20:00:00+00:00,2023-06-30 04:00:00+00:00
LTCUSDT,1,-83.9111094403217,2023-06-30 04:00:00+00:00,2023-07-24 12:00:00+00:00
LTCUSDT,-1,-30.988193158148384,2023-07-24 12:00:00+00:00,2023-07-30 04:00:00+00:00
LTCUSDT,1,-3.2813928955803506,2023-07-30 04:00:00+00:00,2023-07-30 20:00:00+00:00
LTCUSDT,-1,-6.650860096255612,2023-07-30 20:00:00+00:00,2023-07-31 04:00:00+00:00
LTCUSDT,1,-1.8768710146627055,2023-07-31 04:00:00+00:00,2023-07-31 08:00:00+00:00
LTCUSDT,-1,290.6171695133637,2023-07-31 08:00:00+00:00,2023-09-18 20:00:00+00:00
LTCUSDT,1,-10.14303370769766,2023-09-18 20:00:00+00:00,2023-09-20 20:00:00+00:00
LTCUSDT,-1,-1.6203778650000582,2023-09-20 20:00:00+00:00,2023-09-21 00:00:00+00:00
LTCUSDT,1,-1.0435707935482927,2023-09-21 00:00:00+00:00,2023-09-21 08:00:00+00:00
LTCUSDT,-1,-12.577927456949986,2023-09-21 08:00:00+00:00,2023-09-21 16:00:00+00:00
LTCUSDT,1,0.4046847205077355,2023-09-21 16:00:00+00:00,2023-09-23 04:00:00+00:00
LTCUSDT,-1,-12.743386657676643,2023-09-23 04:00:00+00:00,2023-09-26 08:00:00+00:00
LTCUSDT,1,-1.6188771698582092,2023-09-26 08:00:00+00:00,2023-09-26 16:00:00+00:00
LTCUSDT,-1,-4.289672176095323,2023-09-26 16:00:00+00:00,2023-09-27 12:00:00+00:00
LTCUSDT,1,-15.28366778161775,2023-09-27 12:00:00+00:00,2023-09-27 16:00:00+00:00
LTCUSDT,-1,-15.894843761839212,2023-09-27 16:00:00+00:00,2023-09-28 16:00:00+00:00
LTCUSDT,1,-18.79102623488398,2023-09-28 16:00:00+00:00,2023-10-04 16:00:00+00:00
LTCUSDT,-1,-1.5354565969747944,2023-10-04 16:00:00+00:00,2023-10-05 00:00:00+00:00
LTCUSDT,1,-2.6793020192860078,2023-10-05 00:00:00+00:00,2023-10-05 16:00:00+00:00
LTCUSDT,-1,-2.3442758657830596,2023-10-05 16:00:00+00:00,2023-10-05 20:00:00+00:00
LTCUSDT,1,-23.575609115575784,2023-10-05 20:00:00+00:00,2023-10-09 12:00:00+00:00
LTCUSDT,-1,-29.011794855906807,2023-10-09 12:00:00+00:00,2023-10-21 12:00:00+00:00
LTCUSDT,1,-6.057472142837611,2023-10-21 12:00:00+00:00,2023-11-21 20:00:00+00:00
LTCUSDT,-1,-7.718369292552954,2023-11-21 20:00:00+00:00,2023-11-23 00:00:00+00:00
LTCUSDT,1,-18.70868275563595,2023-11-23 00:00:00+00:00,2023-11-27 12:00:00+00:00
LTCUSDT,-1,-16.124775880684496,2023-11-27 12:00:00+00:00,2023-11-29 00:00:00+00:00
LTCUSDT,1,-0.8735738122014669,2023-11-29 00:00:00+00:00,2023-11-29 16:00:00+00:00
LTCUSDT,-1,-0.9769731228573597,2023-11-29 16:00:00+00:00,2023-11-29 20:00:00+00:00
LTCUSDT,1,0.18654083581841563,2023-11-29 20:00:00+00:00,2023-11-30 04:00:00+00:00
LTCUSDT,-1,-6.478210768113978,2023-11-30 04:00:00+00:00,2023-12-01 12:00:00+00:00
LTCUSDT,1,-42.407480383345145,2023-12-01 12:00:00+00:00,2023-12-13 04:00:00+00:00
LTCUSDT,-1,-4.254659307645314,2023-12-13 04:00:00+00:00,2023-12-13 16:00:00+00:00
LTCUSDT,1,-23.014085491457138,2023-12-13 16:00:00+00:00,2023-12-15 16:00:00+00:00
LTCUSDT,-1,-2.0613804031700167,2023-12-15 16:00:00+00:00,2023-12-15 20:00:00+00:00
LTCUSDT,1,-2.935880898493382,2023-12-15 20:00:00+00:00,2023-12-16 00:00:00+00:00
LTCUSDT,-1,-2.9344962677606725,2023-12-16 00:00:00+00:00,2023-12-16 04:00:00+00:00
LTCUSDT,1,-31.67565408839791,2023-12-16 04:00:00+00:00,2023-12-18 08:00:00+00:00
LTCUSDT,-1,-36.265290673101816,2023-12-18 08:00:00+00:00,2023-12-22 16:00:00+00:00
LTCUSDT,1,-7.2206974225632745,2023-12-22 16:00:00+00:00,2023-12-23 04:00:00+00:00
LTCUSDT,-1,-3.4280400088458185,2023-12-23 04:00:00+00:00,2023-12-23 08:00:00+00:00
LTCUSDT,1,-5.323780679147999,2023-12-23 08:00:00+00:00,2023-12-25 00:00:00+00:00
LTCUSDT,-1,-8.570626841785174,2023-12-25 00:00:00+00:00,2023-12-25 08:00:00+00:00
LTCUSDT,1,-74.02117956808883,2023-12-25 08:00:00+00:00,2024-01-03 12:00:00+00:00
LTCUSDT,-1,-128.60701026892846,2024-01-03 12:00:00+00:00,2024-01-11 12:00:00+00:00
LTCUSDT,1,-26.74056961486994,2024-01-11 12:00:00+00:00,2024-01-14 04:00:00+00:00
LTCUSDT,-1,-1.6792162878002408,2024-01-14 04:00:00+00:00,2024-01-14 08:00:00+00:00
LTCUSDT,1,-1.1223848601670725,2024-01-14 08:00:00+00:00,2024-01-14 12:00:00+00:00
LTCUSDT,-1,-21.865428630862944,2024-01-14 12:00:00+00:00,2024-01-20 20:00:00+00:00
LTCUSDT,1,-3.6130747008705573,2024-01-20 20:00:00+00:00,2024-01-21 20:00:00+00:00
LTCUSDT,-1,-3.0697634202790955,2024-01-21 20:00:00+00:00,2024-01-22 00:00:00+00:00
LTCUSDT,1,-18.311966851205487,2024-01-22 00:00:00+00:00,2024-01-22 12:00:00+00:00
LTCUSDT,-1,-36.697730855290196,2024-01-22 12:00:00+00:00,2024-02-08 16:00:00+00:00
LTCUSDT,1,-25.02221207990817,2024-02-08 16:00:00+00:00,2024-02-13 20:00:00+00:00
LTCUSDT,-1,-5.33381363553688,2024-02-13 20:00:00+00:00,2024-02-14 00:00:00+00:00
LTCUSDT,1,-38.55521440844876,2024-02-14 00:00:00+00:00,2024-02-21 20:00:00+00:00
LTCUSDT,-1,-8.134981035199338,2024-02-21 20:00:00+00:00,2024-02-22 16:00:00+00:00
LTCUSDT,1,-5.003822153409907,2024-02-22 16:00:00+00:00,2024-02-22 20:00:00+00:00
LTCUSDT,-1,-1.4686677888764228,2024-02-22 20:00:00+00:00,2024-02-24 04:00:00+00:00
LTCUSDT,1,114.4819110448203,2024-02-24 04:00:00+00:00,2024-03-20 00:00:00+00:00
LTCUSDT,-1,-7.647078380839588,2024-03-20 00:00:00+00:00,2024-03-20 08:00:00+00:00
LTCUSDT,1,-39.636667628764584,2024-03-20 08:00:00+00:00,2024-04-13 00:00:00+00:00
LTCUSDT,-1,-82.52277399228817,2024-04-13 00:00:00+00:00,2024-05-17 08:00:00+00:00
LTCUSDT,1,-33.3949628444472,2024-05-17 08:00:00+00:00,2024-05-30 08:00:00+00:00
LTCUSDT,-1,-1.9651412614273363,2024-05-30 08:00:00+00:00,2024-05-30 12:00:00+00:00
LTCUSDT,1,-16.49316746104542,2024-05-30 12:00:00+00:00,2024-05-31 16:00:00+00:00
LTCUSDT,-1,-2.794546273070364,2024-05-31 16:00:00+00:00,2024-05-31 20:00:00+00:00
LTCUSDT,1,-11.361863222734812,2024-05-31 20:00:00+00:00,2024-06-02 12:00:00+00:00
LTCUSDT,-1,-0.4933476824637446,2024-06-02 12:00:00+00:00,2024-06-02 16:00:00+00:00
LTCUSDT,1,-3.6209552796391864,2024-06-02 16:00:00+00:00,2024-06-04 00:00:00+00:00
LTCUSDT,-1,-11.33858508088432,2024-06-04 00:00:00+00:00,2024-06-04 20:00:00+00:00
LTCUSDT,1,-14.235148185377799,2024-06-04 20:00:00+00:00,2024-06-07 20:00:00+00:00
LTCUSDT,-1,101.82180697713898,2024-06-07 20:00:00+00:00,2024-07-19 20:00:00+00:00
LTCUSDT,1,-27.19655134429818,2024-07-19 20:00:00+00:00,2024-07-23 04:00:00+00:00
LTCUSDT,-1,-0.9726954961593655,2024-07-23 04:00:00+00:00,2024-07-23 12:00:00+00:00
LTCUSDT,1,-2.642658873789631,2024-07-23 12:00:00+00:00,2024-07-25 00:00:00+00:00
LTCUSDT,-1,-22.23873838199778,2024-07-25 00:00:00+00:00,2024-07-27 08:00:00+00:00
LTCUSDT,1,-43.356670560827794,2024-07-27 08:00:00+00:00,2024-08-01 00:00:00+00:00
LTCUSDT,-1,-5.634960491779601,2024-08-01 00:00:00+00:00,2024-08-01 04:00:00+00:00
LTCUSDT,1,-2.4188461503287915,2024-08-01 04:00:00+00:00,2024-08-01 08:00:00+00:00
LTCUSDT,-1,42.52532951359926,2024-08-01 08:00:00+00:00,2024-08-17 12:00:00+00:00
LTCUSDT,1,-1.1451214439920612,2024-08-17 12:00:00+00:00,2024-08-18 16:00:00+00:00
LTCUSDT,-1,-0.5912117880888497,2024-08-18 16:00:00+00:00,2024-08-19 20:00:00+00:00
LTCUSDT,1,-2.0156455110838505,2024-08-19 20:00:00+00:00,2024-08-20 00:00:00+00:00
LTCUSDT,-1,-1.9321347018989594,2024-08-20 00:00:00+00:00,2024-08-20 04:00:00+00:00
LTCUSDT,1,-2.3533634187448955,2024-08-20 04:00:00+00:00,2024-08-20 12:00:00+00:00
LTCUSDT,-1,-26.064386720029304,2024-08-20 12:00:00+00:00,2024-08-24 16:00:00+00:00
LTCUSDT,1,-2.202268051634247,2024-08-24 16:00:00+00:00,2024-08-25 00:00:00+00:00
LTCUSDT,-1,-35.397433926700266,2024-08-25 00:00:00+00:00,2024-08-30 20:00:00+00:00
LTCUSDT,1,-4.0662088928609545,2024-08-30 20:00:00+00:00,2024-09-01 12:00:00+00:00
LTCUSDT,-1,-8.616426994062433,2024-09-01 12:00:00+00:00,2024-09-03 00:00:00+00:00
LTCUSDT,1,-1.6022995303612217,2024-09-03 00:00:00+00:00,2024-09-03 16:00:00+00:00
LTCUSDT,-1,-1.1600173064631658,2024-09-03 16:00:00+00:00,2024-09-03 20:00:00+00:00
LTCUSDT,1,-2.5409542464940857,2024-09-03 20:00:00+00:00,2024-09-04 00:00:00+00:00
LTCUSDT,-1,-3.2033210400122107,2024-09-04 00:00:00+00:00,2024-09-04 08:00:00+00:00
LTCUSDT,1,-19.93777443046757,2024-09-04 08:00:00+00:00,2024-09-06 20:00:00+00:00
LTCUSDT,-1,-29.2602811988402,2024-09-06 20:00:00+00:00,2024-09-13 16:00:00+00:00
LTCUSDT,1,-43.47183185696027,2024-09-13 16:00:00+00:00,2024-09-16 12:00:00+00:00
LTCUSDT,-1,-23.261693922870162,2024-09-16 12:00:00+00:00,2024-09-18 04:00:00+00:00
LTCUSDT,1,-2.222603304985015,2024-09-18 04:00:00+00:00,2024-09-18 12:00:00+00:00
LTCUSDT,-1,-10.83176371898692,2024-09-18 12:00:00+00:00,2024-09-19 00:00:00+00:00
LTCUSDT,1,-43.1409140057376,2024-09-19 00:00:00+00:00,2024-10-02 00:00:00+00:00
LTCUSDT,-1,-14.324200988173809,2024-10-02 00:00:00+00:00,2024-10-04 20:00:00+00:00
LTCUSDT,1,-23.13333501270627,2024-10-04 20:00:00+00:00,2024-10-08 08:00:00+00:00
LTCUSDT,-1,-1.528146098577845,2024-10-08 08:00:00+00:00,2024-10-08 12:00:00+00:00
LTCUSDT,1,-2.1076918481713385,2024-10-08 12:00:00+00:00,2024-10-09 20:00:00+00:00
LTCUSDT,-1,-0.15691583720408042,2024-10-09 20:00:00+00:00,2024-10-11 16:00:00+00:00
LTCUSDT,1,-9.7889219139547,2024-10-11 16:00:00+00:00,2024-10-13 12:00:00+00:00
LTCUSDT,-1,-1.195598437982253,2024-10-13 12:00:00+00:00,2024-10-14 04:00:00+00:00
LTCUSDT,1,-4.459714432227258,2024-10-14 04:00:00+00:00,2024-11-01 08:00:00+00:00
LTCUSDT,-1,-2.856791350223964,2024-11-01 08:00:00+00:00,2024-11-01 12:00:00+00:00
LTCUSDT,1,-14.344297853257398,2024-11-01 12:00:00+00:00,2024-11-03 04:00:00+00:00
LTCUSDT,-1,-16.220839480219148,2024-11-03 04:00:00+00:00,2024-11-06 04:00:00+00:00
LTCUSDT,1,509.88411951562057,2024-11-06 04:00:00+00:00,2024-12-19 20:00:00+00:00
LTCUSDT,-1,-52.82249318699624,2024-12-19 20:00:00+00:00,2024-12-24 00:00:00+00:00
LTCUSDT,1,-2.416926280408152,2024-12-24 00:00:00+00:00,2024-12-24 04:00:00+00:00
LTCUSDT,-1,-3.936958818094476,2024-12-24 04:00:00+00:00,2024-12-24 12:00:00+00:00
LTCUSDT,1,-2.826761175336814,2024-12-24 12:00:00+00:00,2024-12-26 08:00:00+00:00
LTCUSDT,-1,2.918968729148723,2024-12-26 08:00:00+00:00,2024-12-31 23:00:00+00:00
XRPUSDT,-1,-430.24527400976757,2021-01-01 04:00:00+00:00,2021-01-30 12:00:00+00:00
XRPUSDT,1,9.97950324629943,2021-01-30 12:00:00+00:00,2021-02-26 04:00:00+00:00
XRPUSDT,-1,-0.6252166702988009,2021-02-26 04:00:00+00:00,2021-02-27 08:00:00+00:00
XRPUSDT,1,-7.624322945087076,2021-02-27 08:00:00+00:00,2021-02-28 04:00:00+00:00
XRPUSDT,-1,-5.0839548574083935,2021-02-28 04:00:00+00:00,2021-03-01 12:00:00+00:00
XRPUSDT,1,2.9287456814633495,2021-03-01 12:00:00+00:00,2021-03-02 12:00:00+00:00
XRPUSDT,-1,-11.021848965129097,2021-03-02 12:00:00+00:00,2021-03-03 12:00:00+00:00
XRPUSDT,1,1.8050908144924902,2021-03-03 12:00:00+00:00,2021-03-06 08:00:00+00:00
XRPUSDT,-1,-24.72701322725897,2021-03-06 08:00:00+00:00,2021-03-16 08:00:00+00:00
XRPUSDT,1,-1.9713713630599168,2021-03-16 08:00:00+00:00,2021-03-16 12:00:00+00:00
XRPUSDT,-1,-17.199629481485026,2021-03-16 12:00:00+00:00,2021-03-20 08:00:00+00:00
XRPUSDT,1,781.2150277512291,2021-03-20 08:00:00+00:00,2021-05-13 00:00:00+00:00
XRPUSDT,-1,-11.646431052503923,2021-05-13 00:00:00+00:00,2021-05-13 04:00:00+00:00
XRPUSDT,1,-7.720747355943963,2021-05-13 04:00:00+00:00,2021-05-13 12:00:00+00:00
XRPUSDT,-1,-34.57129762547602,2021-05-13 12:00:00+00:00,2021-05-14 16:00:00+00:00
XRPUSDT,1,-5.070782623091098,2021-05-14 16:00:00+00:00,2021-05-14 20:00:00+00:00
XRPUSDT,-1,-3.292647104328759,2021-05-14 20:00:00+00:00,2021-05-15 00:00:00+00:00
XRPUSDT,1,-119.19410911166054,2021-05-15 00:00:00+00:00,2021-05-16 20:00:00+00:00
XRPUSDT,-1,-9.142402258036581,2021-05-16 20:00:00+00:00,2021-05-17 00:00:00+00:00
XRPUSDT,1,-43.68072991488849,2021-05-17 00:00:00+00:00,2021-05-17 04:00:00+00:00
XRPUSDT,-1,-45.62566892858255,2021-05-17 04:00:00+00:00,2021-05-17 08:00:00+00:00
XRPUSDT,1,-67.90992656170826,2021-05-17 08:00:00+00:00,2021-05-19 12:00:00+00:00
XRPUSDT,-1,600.1504948281344,2021-05-19 12:00:00+00:00,2021-07-26 04:00:00+00:00
XRPUSDT,1,-31.7585242644078,2021-07-26 04:00:00+00:00,2021-07-27 00:00:00+00:00
XRPUSDT,-1,-1.5244610040271034,2021-07-27 00:00:00+00:00,2021-07-27 08:00:00+00:00
XRPUSDT,1,0.8745710986576894,2021-07-27 08:00:00+00:00,2021-07-27 20:00:00+00:00
XRPUSDT,-1,-31.29101672200437,2021-07-27 20:00:00+00:00,2021-07-28 08:00:00+00:00
XRPUSDT,1,590.9343990203511,2021-07-28 08:00:00+00:00,2021-09-08 12:00:00+00:00
XRPUSDT,-1,-17.107340679477716,2021-09-08 12:00:00+00:00,2021-09-12 20:00:00+00:00
XRPUSDT,1,-11.104812838861998,2021-09-12 20:00:00+00:00,2021-09-13 04:00:00+00:00
XRPUSDT,-1,-178.36131699069134,2021-09-13 04:00:00+00:00,2021-10-06 16:00:00+00:00
XRPUSDT,1,-4.019599370371108,2021-10-06 16:00:00+00:00,2021-10-07 00:00:00+00:00
XRPUSDT,-1,-2.549522552576992,2021-10-07 00:00:00+00:00,2021-10-07 08:00:00+00:00
XRPUSDT,1,-4.501908714837082,2021-10-07 08:00:00+00:00,2021-10-07 16:00:00+00:00
XRPUSDT,-1,-2.746849276161726,2021-10-07 16:00:00+00:00,2021-10-08 08:00:00+00:00
XRPUSDT,1,-0.9805468791324407,2021-10-08 08:00:00+00:00,2021-10-08 12:00:00+00:00
XRPUSDT,-1,0.8197411441546245,2021-10-08 12:00:00+00:00,2021-10-08 16:00:00+00:00
XRPUSDT,1,-175.3252357508811,2021-10-08 16:00:00+00:00,2021-10-27 12:00:00+00:00
XRPUSDT,-1,-62.52248222254947,2021-10-27 12:00:00+00:00,2021-10-29 04:00:00+00:00
XRPUSDT,1,-3.7809556797130304,2021-10-29 04:00:00+00:00,2021-10-29 08:00:00+00:00
XRPUSDT,-1,-4.202346718004917,2021-10-29 08:00:00+00:00,2021-10-29 16:00:00+00:00
XRPUSDT,1,-72.93622648920763,2021-10-29 16:00:00+00:00,2021-11-16 20:00:00+00:00
XRPUSDT,-1,124.74777618725268,2021-11-16 20:00:00+00:00,2021-12-22 04:00:00+00:00
XRPUSDT,1,-4.259696955043471,2021-12-22 04:00:00+00:00,2021-12-22 08:00:00+00:00
XRPUSDT,-1,0.4095389447022727,2021-12-22 08:00:00+00:00,2021-12-22 16:00:00+00:00
XRPUSDT,1,-25.586773540490416,2021-12-22 16:00:00+00:00,2021-12-24 16:00:00+00:00
XRPUSDT,-1,1.4860209672369447,2021-12-24 16:00:00+00:00,2021-12-27 16:00:00+00:00
XRPUSDT,1,-9.570738292396689,2021-12-27 16:00:00+00:00,2021-12-28 04:00:00+00:00
XRPUSDT,-1,211.327266766496,2021-12-28 04:00:00+00:00,2022-02-07 08:00:00+00:00
XRPUSDT,1,-298.74577513578913,2022-02-07 08:00:00+00:00,2022-02-22 04:00:00+00:00
XRPUSDT,-1,-44.337466282103364,2022-02-22 04:00:00+00:00,2022-02-23 08:00:00+00:00
XRPUSDT,1,-6.063318680147756,2022-02-23 08:00:00+00:00,2022-02-23 20:00:00+00:00
XRPUSDT,-1,-67.84037791977326,2022-02-23 20:00:00+00:00,2022-02-25 20:00:00+00:00
XRPUSDT,1,-15.693665563452226,2022-02-25 20:00:00+00:00,2022-02-27 20:00:00+00:00
XRPUSDT,-1,-9.753085565009009,2022-02-27 20:00:00+00:00,2022-02-28 12:00:00+00:00
XRPUSDT,1,-39.362727536104146,2022-02-28 12:00:00+00:00,2022-03-04 16:00:00+00:00
XRPUSDT,-1,-12.858970535618125,2022-03-04 16:00:00+00:00,2022-03-05 16:00:00+00:00
XRPUSDT,1,-4.890131379932298,2022-03-05 16:00:00+00:00,2022-03-06 04:00:00+00:00
XRPUSDT,-1,-41.00633588785948,2022-03-06 04:00:00+00:00,2022-03-09 16:00:00+00:00
XRPUSDT,1,-10.445875116783975,2022-03-09 16:00:00+00:00,2022-03-10 04:00:00+00:00
XRPUSDT,-1,1.544393083040286,2022-03-10 04:00:00+00:00,2022-03-10 20:00:00+00:00
XRPUSDT,1,-0.9890730587169505,2022-03-10 20:00:00+00:00,2022-03-11 00:00:00+00:00
XRPUSDT,-1,-1.10712720684091,2022-03-11 00:00:00+00:00,2022-03-11 04:00:00+00:00
XRPUSDT,1,-2.5493455539077554,2022-03-11 04:00:00+00:00,2022-03-11 16:00:00+00:00
XRPUSDT,-1,-21.152649133636977,2022-03-11 16:00:00+00:00,2022-03-12 00:00:00+00:00
XRPUSDT,1,-53.96531704465285,2022-03-12 00:00:00+00:00,2022-03-15 08:00:00+00:00
XRPUSDT,-1,-10.21160167222669,2022-03-15 08:00:00+00:00,2022-03-15 16:00:00+00:00
XRPUSDT,1,-42.549929063423846,2022-03-15 16:00:00+00:00,2022-04-06 16:00:00+00:00
XRPUSDT,-1,-14.387725064977047,2022-04-06 16:00:00+00:00,2022-04-08 04:00:00+00:00
XRPUSDT,1,-2.641726389154477,2022-04-08 04:00:00+00:00,2022-04-08 08:00:00+00:00
XRPUSDT,-1,628.5693095604619,2022-04-08 08:00:00+00:00,2022-07-08 04:00:00+00:00
XRPUSDT,1,-33.07446554638589,2022-07-08 04:00:00+00:00,2022-07-08 12:00:00+00:00
XRPUSDT,-1,-3.4162782212202325,2022-07-08 12:00:00+00:00,2022-07-08 20:00:00+00:00
XRPUSDT,1,-3.8852010376581125,2022-07-08 20:00:00+00:00,2022-07-09 00:00:00+00:00
XRPUSDT,-1,-2.761152281712024,2022-07-09 00:00:00+00:00,2022-07-09 04:00:00+00:00
XRPUSDT,1,-1.9627947013848825,2022-07-09 04:00:00+00:00,2022-07-09 12:00:00+00:00
XRPUSDT,-1,-2.664952464624055,2022-07-09 12:00:00+00:00,2022-07-09 16:00:00+00:00
XRPUSDT,1,-5.7573425553849225,2022-07-09 16:00:00+00:00,2022-07-10 04:00:00+00:00
XRPUSDT,-1,-3.140426378188166,2022-07-10 04:00:00+00:00,2022-07-10 08:00:00+00:00
XRPUSDT,1,-2.7260372364160497,2022-07-10 08:00:00+00:00,2022-07-10 12:00:00+00:00
XRPUSDT,-1,-42.59717699647316,2022-07-10 12:00:00+00:00,2022-07-15 04:00:00+00:00
XRPUSDT,1,-5.099407327288392,2022-07-15 04:00:00+00:00,2022-07-15 08:00:00+00:00
XRPUSDT,-1,-4.930378609919943,2022-07-15 08:00:00+00:00,2022-07-16 08:00:00+00:00
XRPUSDT,1,-111.26726627009472,2022-07-16 08:00:00+00:00,2022-07-26 04:00:00+00:00
XRPUSDT,-1,-2.943359788791112,2022-07-26 04:00:00+00:00,2022-07-27 00:00:00+00:00
XRPUSDT,1,-5.077660199276662,2022-07-27 00:00:00+00:00,2022-07-27 04:00:00+00:00
XRPUSDT,-1,-5.867195561244863,2022-07-27 04:00:00+00:00,2022-07-27 16:00:00+00:00
XRPUSDT,1,-20.95527598070538,2022-07-27 16:00:00+00:00,2022-08-19 08:00:00+00:00
XRPUSDT,-1,-118.35295926892611,2022-08-19 08:00:00+00:00,2022-09-10 00:00:00+00:00
XRPUSDT,1,-2.9438125981178684,2022-09-10 00:00:00+00:00,2022-09-10 08:00:00+00:00
XRPUSDT,-1,-1.5226418696275894,2022-09-10 08:00:00+00:00,2022-09-10 12:00:00+00:00
XRPUSDT,1,-3.928637987736521,2022-09-10 12:00:00+00:00,2022-09-12 04:00:00+00:00
XRPUSDT,-1,-3.9737904219865214,2022-09-12 04:00:00+00:00,2022-09-12 12:00:00+00:00
XRPUSDT,1,-10.816996402010101,2022-09-12 12:00:00+00:00,2022-09-13 16:00:00+00:00
XRPUSDT,-1,-82.36657506616379,2022-09-13 16:00:00+00:00,2022-09-17 00:00:00+00:00
XRPUSDT,1,301.38323129215723,2022-09-17 00:00:00+00:00,2022-10-19 08:00:00+00:00
XRPUSDT,-1,-1.9505412238538655,2022-10-19 08:00:00+00:00,2022-10-19 20:00:00+00:00
XRPUSDT,1,-11.789953472053616,2022-10-19 20:00:00+00:00,2022-10-20 20:00:00+00:00
XRPUSDT,-1,-22.828385906266057,2022-10-20 20:00:00+00:00,2022-10-23 00:00:00+00:00
XRPUSDT,1,-8.754827672965927,2022-10-23 00:00:00+00:00,2022-10-25 04:00:00+00:00
XRPUSDT,-1,-122.12785630224998,2022-10-25 04:00:00+00:00,2022-11-04 16:00:00+00:00
XRPUSDT,1,-52.363598540304984,2022-11-04 16:00:00+00:00,2022-11-07 00:00:00+00:00
XRPUSDT,-1,-1.8373302074156923,2022-11-07 00:00:00+00:00,2022-11-07 04:00:00+00:00
XRPUSDT,1,-5.3899866075214655,2022-11-07 04:00:00+00:00,2022-11-07 08:00:00+00:00
XRPUSDT,-1,-14.2288385891691,2022-11-07 08:00:00+00:00,2022-11-07 16:00:00+00:00
XRPUSDT,1,-21.45572699054243,2022-11-07 16:00:00+00:00,2022-11-08 00:00:00+00:00
XRPUSDT,-1,173.48490954998422,2022-11-08 00:00:00+00:00,2022-12-08 20:00:00+00:00
XRPUSDT,1,-3.2301576843930593,2022-12-08 20:00:00+00:00,2022-12-09 16:00:00+00:00
XRPUSDT,-1,-1.437646567315152,2022-12-09 16:00:00+00:00,2022-12-10 00:00:00+00:00
XRPUSDT,1,-1.5803978092765476,2022-12-10 00:00:00+00:00,2022-12-11 00:00:00+00:00
XRPUSDT,-1,-0.8564702343380253,2022-12-11 00:00:00+00:00,2022-12-11 04:00:00+00:00
XRPUSDT,1,-1.0193932761979618,2022-12-11 04:00:00+00:00,2022-12-11 12:00:00+00:00
XRPUSDT,-1,-30.76756832683248,2022-12-11 12:00:00+00:00,2022-12-13 16:00:00+00:00
XRPUSDT,1,-4.890536970040403,2022-12-13 16:00:00+00:00,2022-12-14 20:00:00+00:00
XRPUSDT,-1,24.513596653345203,2022-12-14 20:00:00+00:00,2023-01-11 12:00:00+00:00
XRPUSDT,1,-39.38659863913285,2023-01-11 12:00:00+00:00,2023-02-10 00:00:00+00:00
XRPUSDT,-1,-3.7173695387698324,2023-02-10 00:00:00+00:00,2023-02-10 04:00:00+00:00
XRPUSDT,1,-0.9223336735763478,2023-02-10 04:00:00+00:00,2023-02-10 08:00:00+00:00
XRPUSDT,-1,-38.61932954844928,2023-02-10 08:00:00+00:00,2023-02-16 00:00:00+00:00
XRPUSDT,1,-4.527360962713696,2023-02-16 00:00:00+00:00,2023-02-16 12:00:00+00:00
XRPUSDT,-1,-2.8591096224846924,2023-02-16 12:00:00+00:00,2023-02-16 16:00:00+00:00
XRPUSDT,1,-35.43265162369683,2023-02-16 16:00:00+00:00,2023-02-17 00:00:00+00:00
XRPUSDT,-1,-47.401489953074545,2023-02-17 00:00:00+00:00,2023-02-20 16:00:00+00:00
XRPUSDT,1,-10.381560386798078,2023-02-20 16:00:00+00:00,2023-02-21 04:00:00+00:00
XRPUSDT,-1,-10.205222340116165,2023-02-21 04:00:00+00:00,2023-02-21 08:00:00+00:00
XRPUSDT,1,-17.224542355086072,2023-02-21 08:00:00+00:00,2023-02-21 12:00:00+00:00
XRPUSDT,-1,-44.27084951850611,2023-02-21 12:00:00+00:00,2023-03-08 16:00:00+00:00
XRPUSDT,1,-4.560129772728663,2023-03-08 16:00:00+00:00,2023-03-09 00:00:00+00:00
XRPUSDT,-1,-0.28147384769829675,2023-03-09 00:00:00+00:00,2023-03-09 04:00:00+00:00
XRPUSDT,1,-4.959235090304051,2023-03-09 04:00:00+00:00,2023-03-09 20:00:00+00:00
XRPUSDT,-1,-49.74102687507723,2023-03-09 20:00:00+00:00,2023-03-18 12:00:00+00:00
XRPUSDT,1,-10.379863410841576,2023-03-18 12:00:00+00:00,2023-03-18 16:00:00+00:00
XRPUSDT,-1,-4.35967141052142,2023-03-18 16:00:00+00:00,2023-03-18 20:00:00+00:00
XRPUSDT,1,-2.9580723163805986,2023-03-18 20:00:00+00:00,2023-03-19 00:00:00+00:00
XRPUSDT,-1,-20.71325976399175,2023-03-19 00:00:00+00:00,2023-03-19 12:00:00+00:00
XRPUSDT,1,-22.172418003651774,2023-03-19 12:00:00+00:00,2023-03-20 16:00:00+00:00
XRPUSDT,-1,-18.2559007641048,2023-03-20 16:00:00+00:00,2023-03-21 04:00:00+00:00
XRPUSDT,1,124.24362009915089,2023-03-21 04:00:00+00:00,2023-04-21 16:00:00+00:00
XRPUSDT,-1,-55.759212100290085,2023-04-21 16:00:00+00:00,2023-05-19 20:00:00+00:00
XRPUSDT,1,-5.0675366264332125,2023-05-19 20:00:00+00:00,2023-05-21 12:00:00+00:00
XRPUSDT,-1,-8.981220035526478,2023-05-21 12:00:00+00:00,2023-05-24 00:00:00+00:00
XRPUSDT,1,-3.007624462978168,2023-05-24 00:00:00+00:00,2023-05-24 04:00:00+00:00
XRPUSDT,-1,-6.94321416766878,2023-05-24 04:00:00+00:00,2023-05-26 04:00:00+00:00
XRPUSDT,1,-1.615102764170836,2023-05-26 04:00:00+00:00,2023-05-26 08:00:00+00:00
XRPUSDT,-1,-2.1647260834474507,2023-05-26 08:00:00+00:00,2023-05-26 12:00:00+00:00
XRPUSDT,1,-9.498747996594176,2023-05-26 12:00:00+00:00,2023-06-15 16:00:00+00:00
XRPUSDT,-1,-2.8561166212311666,2023-06-15 16:00:00+00:00,2023-06-15 20:00:00+00:00
XRPUSDT,1,-7.149069278699484,2023-06-15 20:00:00+00:00,2023-06-16 12:00:00+00:00
XRPUSDT,-1,-7.237208142225084,2023-06-16 12:00:00+00:00,2023-06-17 08:00:00+00:00
XRPUSDT,1,-9.405992822771394,2023-06-17 08:00:00+00:00,2023-06-20 16:00:00+00:00
XRPUSDT,-1,-4.241874529681858,2023-06-20 16:00:00+00:00,2023-06-20 20:00:00+00:00
XRPUSDT,1,-33.39563496664533,2023-06-20 20:00:00+00:00,2023-06-24 12:00:00+00:00
XRPUSDT,-1,-327.43023339256786,2023-06-24 12:00:00+00:00,2023-07-13 16:00:00+00:00
XRPUSDT,1,-106.6602747318403,2023-07-13 16:00:00+00:00,2023-08-07 08:00:00+00:00
XRPUSDT,-1,147.37774662114117,2023-08-07 08:00:00+00:00,2023-09-21 00:00:00+00:00
XRPUSDT,1,-5.919488115284953,2023-09-21 00:00:00+00:00,2023-09-21 12:00:00+00:00
XRPUSDT,-1,-2.3531324042712582,2023-09-21 12:00:00+00:00,2023-09-21 20:00:00+00:00
XRPUSDT,1,-1.6819654991424158,2023-09-21 20:00:00+00:00,2023-09-22 00:00:00+00:00
XRPUSDT,-1,-22.96051816259143,2023-09-22 00:00:00+00:00,2023-09-27 12:00:00+00:00
XRPUSDT,1,-2.1217761510996653,2023-09-27 12:00:00+00:00,2023-09-27 16:00:00+00:00
XRPUSDT,-1,-10.96892342720074,2023-09-27 16:00:00+00:00,2023-09-28 20:00:00+00:00
XRPUSDT,1,-43.93466478805409,2023-09-28 20:00:00+00:00,2023-10-09 12:00:00+00:00
XRPUSDT,-1,-57.106736683026895,2023-10-09 12:00:00+00:00,2023-10-20 08:00:00+00:00
XRPUSDT,1,169.39688856303252,2023-10-20 08:00:00+00:00,2023-11-22 00:00:00+00:00
XRPUSDT,-1,-5.238914815672667,2023-11-22 00:00:00+00:00,2023-11-22 04:00:00+00:00
XRPUSDT,1,5.246822478781444,2023-11-22 04:00:00+00:00,2023-11-27 16:00:00+00:00
XRPUSDT,-1,-8.590818728893137,2023-11-27 16:00:00+00:00,2023-11-28 16:00:00+00:00
XRPUSDT,1,0.7207411632744711,2023-11-28 16:00:00+00:00,2023-11-29 04:00:00+00:00
XRPUSDT,-1,-13.786015945918148,2023-11-29 04:00:00+00:00,2023-12-03 12:00:00+00:00
XRPUSDT,1,-2.575700078080061,2023-12-03 12:00:00+00:00,2023-12-03 16:00:00+00:00
XRPUSDT,-1,-0.8796166481944244,2023-12-03 16:00:00+00:00,2023-12-04 00:00:00+00:00
XRPUSDT,1,-17.733379327667112,2023-12-04 00:00:00+00:00,2023-12-04 16:00:00+00:00
XRPUSDT,-1,-2.0399507065863327,2023-12-04 16:00:00+00:00,2023-12-04 20:00:00+00:00
XRPUSDT,1,-7.968953798071147,2023-12-04 20:00:00+00:00,2023-12-05 08:00:00+00:00
XRPUSDT,-1,-3.6420017447222737,2023-12-05 08:00:00+00:00,2023-12-05 20:00:00+00:00
XRPUSDT,1,-28.015507100027442,2023-12-05 20:00:00+00:00,2023-12-11 12:00:00+00:00
XRPUSDT,-1,-12.314145170564654,2023-12-11 12:00:00+00:00,2023-12-14 00:00:00+00:00
XRPUSDT,1,-36.21358805093275,2023-12-14 00:00:00+00:00,2023-12-15 16:00:00+00:00
XRPUSDT,-1,-1.7662743019236393,2023-12-15 16:00:00+00:00,2023-12-15 20:00:00+00:00
XRPUSDT,1,-3.0487749076519997,2023-12-15 20:00:00+00:00,2023-12-16 00:00:00+00:00
XRPUSDT,-1,-3.102369565429373,2023-12-16 00:00:00+00:00,2023-12-16 12:00:00+00:00
XRPUSDT,1,-5.503540579092436,2023-12-16 12:00:00+00:00,2023-12-16 20:00:00+00:00
XRPUSDT,-1,-53.61505232711188,2023-12-16 20:00:00+00:00,2023-12-22 00:00:00+00:00
XRPUSDT,1,-1.6354509502955432,2023-12-22 00:00:00+00:00,2023-12-22 04:00:00+00:00
XRPUSDT,-1,-0.8146043347732469,2023-12-22 04:00:00+00:00,2023-12-22 12:00:00+00:00
XRPUSDT,1,-1.1172196506044245,2023-12-22 12:00:00+00:00,2023-12-22 16:00:00+00:00
XRPUSDT,-1,-1.8348600646509525,2023-12-22 16:00:00+00:00,2023-12-23 00:00:00+00:00
XRPUSDT,1,-11.658861218761999,2023-12-23 00:00:00+00:00,2023-12-23 04:00:00+00:00
XRPUSDT,-1,-10.737978325848845,2023-12-23 04:00:00+00:00,2023-12-24 20:00:00+00:00
XRPUSDT,1,-4.0546371057194515,2023-12-24 20:00:00+00:00,2023-12-25 00:00:00+00:00
XRPUSDT,-1,-30.255687976813753,2023-12-25 00:00:00+00:00,2023-12-25 12:00:00+00:00
XRPUSDT,1,-21.702323032872414,2023-12-25 12:00:00+00:00,2023-12-26 08:00:00+00:00
XRPUSDT,-1,-1.246859440523462,2023-12-26 08:00:00+00:00,2023-12-26 12:00:00+00:00
XRPUSDT,1,-1.9148389596998763,2023-12-26 12:00:00+00:00,2023-12-26 16:00:00+00:00
XRPUSDT,-1,-12.559591024251638,2023-12-26 16:00:00+00:00,2023-12-27 12:00:00+00:00
XRPUSDT,1,-58.229109852397,2023-12-27 12:00:00+00:00,2023-12-31 04:00:00+00:00
XRPUSDT,-1,-1.3369504450977183,2023-12-31 04:00:00+00:00,2023-12-31 08:00:00+00:00
XRPUSDT,1,-0.4314369393787194,2023-12-31 08:00:00+00:00,2023-12-31 12:00:00+00:00
XRPUSDT,-1,-12.670686812188897,2023-12-31 12:00:00+00:00,2024-01-01 20:00:00+00:00
XRPUSDT,1,-22.830693717734604,2024-01-01 20:00:00+00:00,2024-01-03 12:00:00+00:00
XRPUSDT,-1,79.03602800725004,2024-01-03 12:00:00+00:00,2024-02-15 04:00:00+00:00
XRPUSDT,1,-27.12273040466134,2024-02-15 04:00:00+00:00,2024-03-20 00:00:00+00:00
XRPUSDT,-1,-3.9261163660462186,2024-03-20 00:00:00+00:00,2024-03-20 08:00:00+00:00
XRPUSDT,1,-3.273143040433859,2024-03-20 08:00:00+00:00,2024-03-20 16:00:00+00:00
XRPUSDT,-1,-7.216541127369166,2024-03-20 16:00:00+00:00,2024-03-20 20:00:00+00:00
XRPUSDT,1,-33.86849817885544,2024-03-20 20:00:00+00:00,2024-03-28 04:00:00+00:00
XRPUSDT,-1,-4.455757477709185,2024-03-28 04:00:00+00:00,2024-03-28 08:00:00+00:00
XRPUSDT,1,-7.540434538298453,2024-03-28 08:00:00+00:00,2024-03-29 08:00:00+00:00
XRPUSDT,-1,-6.648175020811858,2024-03-29 08:00:00+00:00,2024-03-29 12:00:00+00:00
XRPUSDT,1,-2.9837779676769522,2024-03-29 12:00:00+00:00,2024-03-30 08:00:00+00:00
XRPUSDT,-1,-1.993863329580291,2024-03-30 08:00:00+00:00,2024-03-30 12:00:00+00:00
XRPUSDT,1,-16.47461613377356,2024-03-30 12:00:00+00:00,2024-04-01 12:00:00+00:00
XRPUSDT,-1,-36.486039525075945,2024-04-01 12:00:00+00:00,2024-04-08 20:00:00+00:00
XRPUSDT,1,-12.738224089286525,2024-04-08 20:00:00+00:00,2024-04-09 08:00:00+00:00
XRPUSDT,-1,-16.852454745428748,2024-04-09 08:00:00+00:00,2024-04-09 12:00:00+00:00
XRPUSDT,1,-4.584356008191445,2024-04-09 12:00:00+00:00,2024-04-10 00:00:00+00:00
XRPUSDT,-1,100.66376331083175,2024-04-10 00:00:00+00:00,2024-05-06 16:00:00+00:00
XRPUSDT,1,-4.858409713485959,2024-05-06 16:00:00+00:00,2024-05-06 20:00:00+00:00
XRPUSDT,-1,-5.108412315666357,2024-05-06 20:00:00+00:00,2024-05-17 12:00:00+00:00
XRPUSDT,1,-1.5432297200387493,2024-05-17 12:00:00+00:00,2024-05-19 12:00:00+00:00
XRPUSDT,-1,-41.4382981437621,2024-05-19 12:00:00+00:00,2024-05-20 20:00:00+00:00
XRPUSDT,1,-59.41388622786549,2024-05-20 20:00:00+00:00,2024-05-30 08:00:00+00:00
XRPUSDT,-1,-10.436707359468098,2024-05-30 08:00:00+00:00,2024-05-30 16:00:00+00:00
XRPUSDT,1,-7.490909745870984,2024-05-30 16:00:00+00:00,2024-05-31 00:00:00+00:00
XRPUSDT,-1,-1.4499338779556945,2024-05-31 00:00:00+00:00,2024-05-31 04:00:00+00:00
XRPUSDT,1,-2.171335240581528,2024-05-31 04:00:00+00:00,2024-05-31 08:00:00+00:00
XRPUSDT,-1,-2.0971671615419023,2024-05-31 08:00:00+00:00,2024-05-31 12:00:00+00:00
XRPUSDT,1,-1.7731622620179694,2024-05-31 12:00:00+00:00,2024-05-31 16:00:00+00:00
XRPUSDT,-1,-10.323075258097866,2024-05-31 16:00:00+00:00,2024-06-03 16:00:00+00:00
XRPUSDT,1,-1.7093612236568878,2024-06-03 16:00:00+00:00,2024-06-04 00:00:00+00:00
XRPUSDT,-1,-2.695007067438505,2024-06-04 00:00:00+00:00,2024-06-04 04:00:00+00:00
XRPUSDT,1,-0.8068755146973692,2024-06-04 04:00:00+00:00,2024-06-04 08:00:00+00:00
XRPUSDT,-1,-3.426756800601286,2024-06-04 08:00:00+00:00,2024-06-04 12:00:00+00:00
XRPUSDT,1,-12.203698143823134,2024-06-04 12:00:00+00:00,2024-06-06 20:00:00+00:00
XRPUSDT,-1,-6.1365873224941865,2024-06-06 20:00:00+00:00,2024-06-07 08:00:00+00:00
XRPUSDT,1,-34.38668644970501,2024-06-07 08:00:00+00:00,2024-06-07 20:00:00+00:00
XRPUSDT,-1,-55.28106385338372,2024-06-07 20:00:00+00:00,2024-06-17 20:00:00+00:00
XRPUSDT,1,-4.787372324831992,2024-06-17 20:00:00+00:00,2024-06-18 00:00:00+00:00
XRPUSDT,-1,26.7447393401947,2024-06-18 00:00:00+00:00,2024-07-13 08:00:00+00:00
XRPUSDT,1,27.31205700465044,2024-07-13 08:00:00+00:00,2024-08-05 00:00:00+00:00
XRPUSDT,-1,-58.29553510939387,2024-08-05 00:00:00+00:00,2024-08-08 00:00:00+00:00
XRPUSDT,1,-75.52628908982905,2024-08-08 00:00:00+00:00,2024-08-11 20:00:00+00:00
XRPUSDT,-1,-3.141672022865257,2024-08-11 20:00:00+00:00,2024-08-12 08:00:00+00:00
XRPUSDT,1,-0.1338534295152447,2024-08-12 08:00:00+00:00,2024-08-13 00:00:00+00:00
XRPUSDT,-1,0.6657267454532441,2024-08-13 00:00:00+00:00,2024-08-13 04:00:00+00:00
XRPUSDT,1,3.9736066532253878,2024-08-13 04:00:00+00:00,2024-08-14 16:00:00+00:00
XRPUSDT,-1,-3.892136974666492,2024-08-14 16:00:00+00:00,2024-08-19 12:00:00+00:00
XRPUSDT,1,-23.130634158900754,2024-08-19 12:00:00+00:00,2024-08-26 20:00:00+00:00
XRPUSDT,-1,-2.1591245418908955,2024-08-26 20:00:00+00:00,2024-08-27 00:00:00+00:00
XRPUSDT,1,-39.483098947461905,2024-08-27 00:00:00+00:00,2024-08-28 00:00:00+00:00
XRPUSDT,-1,-51.14422056137921,2024-08-28 00:00:00+00:00,2024-09-13 20:00:00+00:00
XRPUSDT,1,-64.60324475639364,2024-09-13 20:00:00+00:00,2024-10-03 00:00:00+00:00
XRPUSDT,-1,-32.75134761233178,2024-10-03 00:00:00+00:00,2024-11-07 00:00:00+00:00
XRPUSDT,1,1968.2881464662032,2024-11-07 00:00:00+00:00,2024-12-27 08:00:00+00:00
XRPUSDT,-1,-9.527379626025802,2024-12-27 08:00:00+00:00,2024-12-27 12:00:00+00:00
XRPUSDT,1,-27.129638131521162,2024-12-27 12:00:00+00:00,2024-12-27 16:00:00+00:00
XRPUSDT,-1,-33.99822873386003,2024-12-27 16:00:00+00:00,2024-12-31 23:00:00+00:00
BCHUSDT,1,156.58053580714366,2021-01-01 04:00:00+00:00,2021-01-27 08:00:00+00:00
BCHUSDT,-1,-52.46564048498101,2021-01-27 08:00:00+00:00,2021-02-03 08:00:00+00:00
BCHUSDT,1,-1.5841533266519165,2021-02-03 08:00:00+00:00,2021-02-03 12:00:00+00:00
BCHUSDT,-1,-14.020369397237468,2021-02-03 12:00:00+00:00,2021-02-06 04:00:00+00:00
BCHUSDT,1,-175.6421291528245,2021-02-06 04:00:00+00:00,2021-02-26 08:00:00+00:00
BCHUSDT,-1,-53.2063432180716,2021-02-26 08:00:00+00:00,2021-03-02 12:00:00+00:00
BCHUSDT,1,-8.212299268394887,2021-03-02 12:00:00+00:00,2021-03-02 20:00:00+00:00
BCHUSDT,-1,-6.517316004642143,2021-03-02 20:00:00+00:00,2021-03-03 00:00:00+00:00
BCHUSDT,1,-1.1770969497058674,2021-03-03 00:00:00+00:00,2021-03-04 04:00:00+00:00
BCHUSDT,-1,-2.046915426573973,2021-03-04 04:00:00+00:00,2021-03-04 08:00:00+00:00
BCHUSDT,1,-1.604279150869999,2021-03-04 08:00:00+00:00,2021-03-04 12:00:00+00:00
BCHUSDT,-1,-19.748776792929192,2021-03-04 12:00:00+00:00,2021-03-09 08:00:00+00:00
BCHUSDT,1,-0.7323592120035962,2021-03-09 08:00:00+00:00,2021-03-09 20:00:00+00:00
BCHUSDT,-1,-12.722809448693702,2021-03-09 20:00:00+00:00,2021-03-10 20:00:00+00:00
BCHUSDT,1,-4.601373262826282,2021-03-10 20:00:00+00:00,2021-03-11 00:00:00+00:00
BCHUSDT,-1,2.7800036489386253,2021-03-11 00:00:00+00:00,2021-03-12 12:00:00+00:00
BCHUSDT,1,-2.2968566827198553,2021-03-12 12:00:00+00:00,2021-03-12 16:00:00+00:00
BCHUSDT,-1,-2.683385438224984,2021-03-12 16:00:00+00:00,2021-03-13 00:00:00+00:00
BCHUSDT,1,-44.52931364523972,2021-03-13 00:00:00+00:00,2021-03-15 08:00:00+00:00
BCHUSDT,-1,-16.403919121897022,2021-03-15 08:00:00+00:00,2021-03-20 20:00:00+00:00
BCHUSDT,1,-7.388824842989276,2021-03-20 20:00:00+00:00,2021-03-21 12:00:00+00:00
BCHUSDT,-1,-15.019833870166881,2021-03-21 12:00:00+00:00,2021-03-23 04:00:00+00:00
BCHUSDT,1,-2.8673615178746843,2021-03-23 04:00:00+00:00,2021-03-23 08:00:00+00:00
BCHUSDT,-1,-1.1074195826048994,2021-03-23 08:00:00+00:00,2021-03-23 16:00:00+00:00
BCHUSDT,1,-2.174092028112981,2021-03-23 16:00:00+00:00,2021-03-23 20:00:00+00:00
BCHUSDT,-1,-88.73707880173882,2021-03-23 20:00:00+00:00,2021-03-31 16:00:00+00:00
BCHUSDT,1,653.8143016444924,2021-03-31 16:00:00+00:00,2021-05-19 16:00:00+00:00
BCHUSDT,-1,287.5446753973397,2021-05-19 16:00:00+00:00,2021-07-26 04:00:00+00:00
BCHUSDT,1,-61.674186641927264,2021-07-26 04:00:00+00:00,2021-07-27 04:00:00+00:00
BCHUSDT,-1,-6.848694249850404,2021-07-27 04:00:00+00:00,2021-07-27 12:00:00+00:00
BCHUSDT,1,204.62513605700144,2021-07-27 12:00:00+00:00,2021-09-10 12:00:00+00:00
BCHUSDT,-1,6.748722939681594,2021-09-10 12:00:00+00:00,2021-09-10 20:00:00+00:00
BCHUSDT,1,-3.4813711032960293,2021-09-10 20:00:00+00:00,2021-09-11 00:00:00+00:00
BCHUSDT,-1,-17.68853919895634,2021-09-11 00:00:00+00:00,2021-09-12 12:00:00+00:00
BCHUSDT,1,-32.57009657966188,2021-09-12 12:00:00+00:00,2021-09-13 16:00:00+00:00
BCHUSDT,-1,-37.861019313983775,2021-09-13 16:00:00+00:00,2021-10-07 00:00:00+00:00
BCHUSDT,1,-5.920249868015363,2021-10-07 00:00:00+00:00,2021-10-07 04:00:00+00:00
BCHUSDT,-1,-8.566050793223257,2021-10-07 04:00:00+00:00,2021-10-07 08:00:00+00:00
BCHUSDT,1,-29.130774651356344,2021-10-07 08:00:00+00:00,2021-10-08 08:00:00+00:00
BCHUSDT,-1,-1.783203349027493,2021-10-08 08:00:00+00:00,2021-10-09 08:00:00+00:00
BCHUSDT,1,-4.753771917254143,2021-10-09 08:00:00+00:00,2021-10-10 20:00:00+00:00
BCHUSDT,-1,-2.752861672502455,2021-10-10 20:00:00+00:00,2021-10-11 04:00:00+00:00
BCHUSDT,1,-1.4477842414072575,2021-10-11 04:00:00+00:00,2021-10-11 12:00:00+00:00
BCHUSDT,-1,-4.185495921643046,2021-10-11 12:00:00+00:00,2021-10-11 16:00:00+00:00
BCHUSDT,1,-5.130328521089453,2021-10-11 16:00:00+00:00,2021-10-11 20:00:00+00:00
BCHUSDT,-1,-16.795143109201376,2021-10-11 20:00:00+00:00,2021-10-14 12:00:00+00:00
BCHUSDT,1,-2.77263780545247,2021-10-14 12:00:00+00:00,2021-10-14 20:00:00+00:00
BCHUSDT,-1,-0.8441926451287765,2021-10-14 20:00:00+00:00,2021-10-15 00:00:00+00:00
BCHUSDT,1,-101.69903201774306,2021-10-15 00:00:00+00:00,2021-10-27 12:00:00+00:00
BCHUSDT,-1,-31.43131421581146,2021-10-27 12:00:00+00:00,2021-10-28 20:00:00+00:00
BCHUSDT,1,-2.9304678382325027,2021-10-28 20:00:00+00:00,2021-10-29 00:00:00+00:00
BCHUSDT,-1,-13.000886349479018,2021-10-29 00:00:00+00:00,2021-10-29 04:00:00+00:00
BCHUSDT,1,-4.315245853925284,2021-10-29 04:00:00+00:00,2021-10-29 08:00:00+00:00
BCHUSDT,-1,-5.51658719554284,2021-10-29 08:00:00+00:00,2021-10-29 16:00:00+00:00
BCHUSDT,1,-5.713132416971943,2021-10-29 16:00:00+00:00,2021-10-31 00:00:00+00:00
BCHUSDT,-1,-4.023556100414828,2021-10-31 00:00:00+00:00,2021-10-31 04:00:00+00:00
BCHUSDT,1,-6.455217596786861,2021-10-31 04:00:00+00:00,2021-10-31 12:00:00+00:00
BCHUSDT,-1,-6.372889145237147,2021-10-31 12:00:00+00:00,2021-11-01 08:00:00+00:00
BCHUSDT,1,-3.7255537326291557,2021-11-01 08:00:00+00:00,2021-11-01 12:00:00+00:00
BCHUSDT,-1,-5.220911642033354,2021-11-01 12:00:00+00:00,2021-11-02 16:00:00+00:00
BCHUSDT,1,-35.415646263097756,2021-11-02 16:00:00+00:00,2021-11-04 12:00:00+00:00
BCHUSDT,-1,-1.7349846911725966,2021-11-04 12:00:00+00:00,2021-11-05 08:00:00+00:00
BCHUSDT,1,-1.208850398352593,2021-11-05 08:00:00+00:00,2021-11-05 12:00:00+00:00
BCHUSDT,-1,4.009287714943777,2021-11-05 12:00:00+00:00,2021-11-07 00:00:00+00:00
BCHUSDT,1,-8.856522514812042,2021-11-07 00:00:00+00:00,2021-11-16 16:00:00+00:00
BCHUSDT,-1,-88.68194877152304,2021-11-16 16:00:00+00:00,2021-11-25 00:00:00+00:00
BCHUSDT,1,-15.901536121371798,2021-11-25 00:00:00+00:00,2021-11-26 04:00:00+00:00
BCHUSDT,-1,641.8176877543347,2021-11-26 04:00:00+00:00,2022-02-10 12:00:00+00:00
BCHUSDT,1,-7.726700401515875,2022-02-10 12:00:00+00:00,2022-02-10 20:00:00+00:00
BCHUSDT,-1,-25.795030329571553,2022-02-10 20:00:00+00:00,2022-02-15 12:00:00+00:00
BCHUSDT,1,-34.68991533186236,2022-02-15 12:00:00+00:00,2022-02-17 20:00:00+00:00
BCHUSDT,-1,-141.67162379117562,2022-02-17 20:00:00+00:00,2022-02-26 04:00:00+00:00
BCHUSDT,1,-14.510800906944192,2022-02-26 04:00:00+00:00,2022-02-26 12:00:00+00:00
BCHUSDT,-1,-2.261436619645818,2022-02-26 12:00:00+00:00,2022-02-26 16:00:00+00:00
BCHUSDT,1,-7.469086236303245,2022-02-26 16:00:00+00:00,2022-02-26 20:00:00+00:00
BCHUSDT,-1,-1.589274241096196,2022-02-26 20:00:00+00:00,2022-02-27 00:00:00+00:00
BCHUSDT,1,-4.4269039671582515,2022-02-27 00:00:00+00:00,2022-02-27 04:00:00+00:00
BCHUSDT,-1,-7.147388745541549,2022-02-27 04:00:00+00:00,2022-02-27 12:00:00+00:00
BCHUSDT,1,-35.952346251304526,2022-02-27 12:00:00+00:00,2022-02-27 20:00:00+00:00
BCHUSDT,-1,-31.60155252093772,2022-02-27 20:00:00+00:00,2022-02-28 16:00:00+00:00
BCHUSDT,1,-24.671425319429005,2022-02-28 16:00:00+00:00,2022-03-03 08:00:00+00:00
BCHUSDT,-1,-46.11646853555193,2022-03-03 08:00:00+00:00,2022-03-09 20:00:00+00:00
BCHUSDT,1,-8.197843030693402,2022-03-09 20:00:00+00:00,2022-03-10 00:00:00+00:00
BCHUSDT,-1,-95.06469770120172,2022-03-10 00:00:00+00:00,2022-03-19 04:00:00+00:00
BCHUSDT,1,-67.30661943237003,2022-03-19 04:00:00+00:00,2022-04-08 20:00:00+00:00
BCHUSDT,-1,-1.754876247417652,2022-04-08 20:00:00+00:00,2022-04-10 20:00:00+00:00
BCHUSDT,1,-7.579300029030141,2022-04-10 20:00:00+00:00,2022-04-11 00:00:00+00:00
BCHUSDT,-1,-108.8156899146622,2022-04-11 00:00:00+00:00,2022-04-13 20:00:00+00:00
BCHUSDT,1,-24.614138343833996,2022-04-13 20:00:00+00:00,2022-04-16 16:00:00+00:00
BCHUSDT,-1,-2.041163769284287,2022-04-16 16:00:00+00:00,2022-04-17 00:00:00+00:00
BCHUSDT,1,-0.9153482129784666,2022-04-17 00:00:00+00:00,2022-04-17 04:00:00+00:00
BCHUSDT,-1,-1.8450118864004013,2022-04-17 04:00:00+00:00,2022-04-17 08:00:00+00:00
BCHUSDT,1,-3.1450729101132917,2022-04-17 08:00:00+00:00,2022-04-17 20:00:00+00:00
BCHUSDT,-1,1235.1606541371366,2022-04-17 20:00:00+00:00,2022-07-18 16:00:00+00:00
BCHUSDT,1,100.1325555663536,2022-07-18 16:00:00+00:00,2022-08-19 04:00:00+00:00
BCHUSDT,-1,-172.3386052739042,2022-08-19 04:00:00+00:00,2022-08-23 20:00:00+00:00
BCHUSDT,1,-2.4628467571297805,2022-08-23 20:00:00+00:00,2022-08-24 00:00:00+00:00
BCHUSDT,-1,-3.034126007414948,2022-08-24 00:00:00+00:00,2022-08-24 08:00:00+00:00
BCHUSDT,1,-3.4902437892701093,2022-08-24 08:00:00+00:00,2022-08-24 12:00:00+00:00
BCHUSDT,-1,-273.54202794613997,2022-08-24 12:00:00+00:00,2022-09-09 12:00:00+00:00
BCHUSDT,1,-1.2356410837094842,2022-09-09 12:00:00+00:00,2022-09-09 16:00:00+00:00
BCHUSDT,-1,4.141552939528005,2022-09-09 16:00:00+00:00,2022-09-10 20:00:00+00:00
BCHUSDT,1,-6.505701324540318,2022-09-10 20:00:00+00:00,2022-09-12 04:00:00+00:00
BCHUSDT,-1,-3.241511432613299,2022-09-12 04:00:00+00:00,2022-09-12 08:00:00+00:00
BCHUSDT,1,-4.298569808384168,2022-09-12 08:00:00+00:00,2022-09-12 16:00:00+00:00
BCHUSDT,-1,-1.9966637160506537,2022-09-12 16:00:00+00:00,2022-09-12 20:00:00+00:00
BCHUSDT,1,-61.81728646659334,2022-09-12 20:00:00+00:00,2022-09-13 16:00:00+00:00
BCHUSDT,-1,-120.78343191971291,2022-09-13 16:00:00+00:00,2022-09-24 12:00:00+00:00
BCHUSDT,1,-21.17933596253139,2022-09-24 12:00:00+00:00,2022-09-25 00:00:00+00:00
BCHUSDT,-1,-80.48439936374895,2022-09-25 00:00:00+00:00,2022-09-30 16:00:00+00:00
BCHUSDT,1,-24.557881736584683,2022-09-30 16:00:00+00:00,2022-10-01 08:00:00+00:00
BCHUSDT,-1,-35.55910630335139,2022-10-01 08:00:00+00:00,2022-10-04 16:00:00+00:00
BCHUSDT,1,-16.759832261554934,2022-10-04 16:00:00+00:00,2022-10-06 20:00:00+00:00
BCHUSDT,-1,-2.073042751952848,2022-10-06 20:00:00+00:00,2022-10-07 04:00:00+00:00
BCHUSDT,1,-5.883833934975963,2022-10-07 04:00:00+00:00,2022-10-07 12:00:00+00:00
BCHUSDT,-1,-8.846499824603335,2022-10-07 12:00:00+00:00,2022-10-27 20:00:00+00:00
BCHUSDT,1,-5.187978714246788,2022-10-27 20:00:00+00:00,2022-10-28 00:00:00+00:00
BCHUSDT,-1,-21.577540248250603,2022-10-28 00:00:00+00:00,2022-10-28 20:00:00+00:00
BCHUSDT,1,-115.97758908050349,2022-10-28 20:00:00+00:00,2022-11-08 04:00:00+00:00
BCHUSDT,-1,-4.961244247743194,2022-11-08 04:00:00+00:00,2022-11-08 16:00:00+00:00
BCHUSDT,1,-20.938199085563205,2022-11-08 16:00:00+00:00,2022-11-08 20:00:00+00:00
BCHUSDT,-1,-167.12620699865317,2022-11-08 20:00:00+00:00,2022-11-23 04:00:00+00:00
BCHUSDT,1,-83.79402965764928,2022-11-23 04:00:00+00:00,2022-11-28 04:00:00+00:00
BCHUSDT,-1,-28.332145168203226,2022-11-28 04:00:00+00:00,2022-11-29 04:00:00+00:00
BCHUSDT,1,-10.980933421192729,2022-11-29 04:00:00+00:00,2022-12-02 04:00:00+00:00
BCHUSDT,-1,-1.8860632027966115,2022-12-02 04:00:00+00:00,2022-12-02 08:00:00+00:00
BCHUSDT,1,-42.62683945179324,2022-12-02 08:00:00+00:00,2022-12-07 08:00:00+00:00
BCHUSDT,-1,-5.05436003795045,2022-12-07 08:00:00+00:00,2022-12-07 16:00:00+00:00
BCHUSDT,1,-0.6531252130859573,2022-12-07 16:00:00+00:00,2022-12-07 20:00:00+00:00
BCHUSDT,-1,-0.3382984108764463,2022-12-07 20:00:00+00:00,2022-12-08 04:00:00+00:00
BCHUSDT,1,-2.269363603451181,2022-12-08 04:00:00+00:00,2022-12-10 00:00:00+00:00
BCHUSDT,-1,-3.392793630511358,2022-12-10 00:00:00+00:00,2022-12-10 16:00:00+00:00
BCHUSDT,1,-1.7041405507886853,2022-12-10 16:00:00+00:00,2022-12-10 20:00:00+00:00
BCHUSDT,-1,-1.048868174890316,2022-12-10 20:00:00+00:00,2022-12-14 00:00:00+00:00
BCHUSDT,1,-5.107111357386656,2022-12-14 00:00:00+00:00,2022-12-14 08:00:00+00:00
BCHUSDT,-1,-0.4640408946932072,2022-12-14 08:00:00+00:00,2022-12-14 12:00:00+00:00
BCHUSDT,1,-2.178865848610189,2022-12-14 12:00:00+00:00,2022-12-14 20:00:00+00:00
BCHUSDT,-1,-4.658361141783526,2022-12-14 20:00:00+00:00,2022-12-15 08:00:00+00:00
BCHUSDT,1,-1.7901607020683334,2022-12-15 08:00:00+00:00,2022-12-15 16:00:00+00:00
BCHUSDT,-1,-40.33036735980602,2022-12-15 16:00:00+00:00,2023-01-09 04:00:00+00:00
BCHUSDT,1,153.25078182295783,2023-01-09 04:00:00+00:00,2023-02-13 00:00:00+00:00
BCHUSDT,-1,-2.825431524232833,2023-02-13 00:00:00+00:00,2023-02-13 08:00:00+00:00
BCHUSDT,1,-3.9927978607876913,2023-02-13 08:00:00+00:00,2023-02-13 12:00:00+00:00
BCHUSDT,-1,-4.520825814428573,2023-02-13 12:00:00+00:00,2023-02-14 04:00:00+00:00
BCHUSDT,1,5.426353682006358,2023-02-14 04:00:00+00:00,2023-02-15 12:00:00+00:00
BCHUSDT,-1,-8.272416088386425,2023-02-15 12:00:00+00:00,2023-02-15 20:00:00+00:00
BCHUSDT,1,-57.355172932234666,2023-02-15 20:00:00+00:00,2023-02-17 12:00:00+00:00
BCHUSDT,-1,-1.9815044973394371,2023-02-17 12:00:00+00:00,2023-02-17 16:00:00+00:00
BCHUSDT,1,-41.733337927053924,2023-02-17 16:00:00+00:00,2023-02-25 04:00:00+00:00
BCHUSDT,-1,-2.469994513060171,2023-02-25 04:00:00+00:00,2023-02-25 08:00:00+00:00
BCHUSDT,1,-29.39080439904609,2023-02-25 08:00:00+00:00,2023-02-28 08:00:00+00:00
BCHUSDT,-1,-1.5833464115273075,2023-02-28 08:00:00+00:00,2023-02-28 12:00:00+00:00
BCHUSDT,1,-0.8220293518005399,2023-02-28 12:00:00+00:00,2023-02-28 20:00:00+00:00
BCHUSDT,-1,-2.8999907451442186,2023-02-28 20:00:00+00:00,2023-03-01 04:00:00+00:00
BCHUSDT,1,-14.197496992708782,2023-03-01 04:00:00+00:00,2023-03-01 20:00:00+00:00
BCHUSDT,-1,-8.155025637087387,2023-03-01 20:00:00+00:00,2023-03-02 00:00:00+00:00
BCHUSDT,1,-8.044753413739627,2023-03-02 00:00:00+00:00,2023-03-02 04:00:00+00:00
BCHUSDT,-1,-84.82653036057465,2023-03-02 04:00:00+00:00,2023-03-15 00:00:00+00:00
BCHUSDT,1,-16.266218107585836,2023-03-15 00:00:00+00:00,2023-03-15 16:00:00+00:00
BCHUSDT,-1,-55.632953803287435,2023-03-15 16:00:00+00:00,2023-03-17 12:00:00+00:00
BCHUSDT,1,-51.51527362540198,2023-03-17 12:00:00+00:00,2023-03-21 08:00:00+00:00
BCHUSDT,-1,-8.097430050213639,2023-03-21 08:00:00+00:00,2023-03-21 16:00:00+00:00
BCHUSDT,1,-35.65723781246777,2023-03-21 16:00:00+00:00,2023-03-22 20:00:00+00:00
BCHUSDT,-1,-33.75679829726466,2023-03-22 20:00:00+00:00,2023-03-23 16:00:00+00:00
BCHUSDT,1,-3.7346892367922906,2023-03-23 16:00:00+00:00,2023-03-23 20:00:00+00:00
BCHUSDT,-1,-8.60489561483965,2023-03-23 20:00:00+00:00,2023-03-24 08:00:00+00:00
BCHUSDT,1,-26.737653545099043,2023-03-24 08:00:00+00:00,2023-03-24 12:00:00+00:00
BCHUSDT,-1,-56.72969034473073,2023-03-24 12:00:00+00:00,2023-04-02 00:00:00+00:00
BCHUSDT,1,-1.7097547269249962,2023-04-02 00:00:00+00:00,2023-04-02 12:00:00+00:00
BCHUSDT,-1,-34.377645198208796,2023-04-02 12:00:00+00:00,2023-04-03 08:00:00+00:00
BCHUSDT,1,-0.6920301598983978,2023-04-03 08:00:00+00:00,2023-04-03 12:00:00+00:00
BCHUSDT,-1,-1.3700739619695919,2023-04-03 12:00:00+00:00,2023-04-03 20:00:00+00:00
BCHUSDT,1,-2.466086661994739,2023-04-03 20:00:00+00:00,2023-04-04 08:00:00+00:00
BCHUSDT,-1,-1.88283031416648,2023-04-04 08:00:00+00:00,2023-04-04 12:00:00+00:00
BCHUSDT,1,-7.138687420174147,2023-04-04 12:00:00+00:00,2023-04-06 08:00:00+00:00
BCHUSDT,-1,-1.8168070806996368,2023-04-06 08:00:00+00:00,2023-04-06 16:00:00+00:00
BCHUSDT,1,-3.3581848492805975,2023-04-06 16:00:00+00:00,2023-04-07 00:00:00+00:00
BCHUSDT,-1,-11.504465815285222,2023-04-07 00:00:00+00:00,2023-04-10 08:00:00+00:00
BCHUSDT,1,-0.4986840139071613,2023-04-10 08:00:00+00:00,2023-04-10 12:00:00+00:00
BCHUSDT,-1,-2.9026251757522705,2023-04-10 12:00:00+00:00,2023-04-10 20:00:00+00:00
BCHUSDT,1,-44.742408919841026,2023-04-10 20:00:00+00:00,2023-04-20 00:00:00+00:00
BCHUSDT,-1,-1.531635181622498,2023-04-20 00:00:00+00:00,2023-06-04 20:00:00+00:00
BCHUSDT,1,-1.5933205953107472,2023-06-04 20:00:00+00:00,2023-06-05 00:00:00+00:00
BCHUSDT,-1,-35.105983953281225,2023-06-05 00:00:00+00:00,2023-06-21 08:00:00+00:00
BCHUSDT,1,942.7572278485385,2023-06-21 08:00:00+00:00,2023-07-25 00:00:00+00:00
BCHUSDT,-1,-12.943075579838151,2023-07-25 00:00:00+00:00,2023-07-31 04:00:00+00:00
BCHUSDT,1,-3.565982829157362,2023-07-31 04:00:00+00:00,2023-07-31 08:00:00+00:00
BCHUSDT,-1,145.5231747066951,2023-07-31 08:00:00+00:00,2023-09-12 20:00:00+00:00
BCHUSDT,1,-5.105940649903892,2023-09-12 20:00:00+00:00,2023-09-13 00:00:00+00:00
BCHUSDT,-1,-4.156849544536585,2023-09-13 00:00:00+00:00,2023-09-13 12:00:00+00:00
BCHUSDT,1,-3.3405499206535483,2023-09-13 12:00:00+00:00,2023-09-13 20:00:00+00:00
BCHUSDT,-1,-2.981718866304785,2023-09-13 20:00:00+00:00,2023-09-14 04:00:00+00:00
BCHUSDT,1,15.789367450978169,2023-09-14 04:00:00+00:00,2023-10-11 00:00:00+00:00
BCHUSDT,-1,-6.951627019229608,2023-10-11 00:00:00+00:00,2023-10-12 08:00:00+00:00
BCHUSDT,1,-5.549565548734421,2023-10-12 08:00:00+00:00,2023-10-13 12:00:00+00:00
BCHUSDT,-1,-11.701955917489457,2023-10-13 12:00:00+00:00,2023-10-16 04:00:00+00:00
BCHUSDT,1,23.464150379265682,2023-10-16 04:00:00+00:00,2023-11-09 20:00:00+00:00
BCHUSDT,-1,-5.275638020777341,2023-11-09 20:00:00+00:00,2023-11-10 00:00:00+00:00
BCHUSDT,1,-19.125175593583986,2023-11-10 00:00:00+00:00,2023-11-12 20:00:00+00:00
BCHUSDT,-1,-0.8127679836607374,2023-11-12 20:00:00+00:00,2023-11-13 00:00:00+00:00
BCHUSDT,1,-2.7231000897545496,2023-11-13 00:00:00+00:00,2023-11-13 04:00:00+00:00
BCHUSDT,-1,-10.346969134265658,2023-11-13 04:00:00+00:00,2023-11-13 08:00:00+00:00
BCHUSDT,1,-2.4933534070798826,2023-11-13 08:00:00+00:00,2023-11-13 12:00:00+00:00
BCHUSDT,-1,-8.462865147631272,2023-11-13 12:00:00+00:00,2023-11-13 16:00:00+00:00
BCHUSDT,1,-3.846851931131648,2023-11-13 16:00:00+00:00,2023-11-14 00:00:00+00:00
BCHUSDT,-1,-11.30442173458369,2023-11-14 00:00:00+00:00,2023-11-14 08:00:00+00:00
BCHUSDT,1,-3.6221407955766387,2023-11-14 08:00:00+00:00,2023-11-14 12:00:00+00:00
BCHUSDT,-1,-21.695223691413567,2023-11-14 12:00:00+00:00,2023-11-16 04:00:00+00:00
BCHUSDT,1,-2.3251073274069585,2023-11-16 04:00:00+00:00,2023-11-16 12:00:00+00:00
BCHUSDT,-1,-148.66249551908828,2023-11-16 12:00:00+00:00,2023-12-04 08:00:00+00:00
BCHUSDT,1,-107.13259006204775,2023-12-04 08:00:00+00:00,2023-12-11 08:00:00+00:00
BCHUSDT,-1,-2.6144385360092453,2023-12-11 08:00:00+00:00,2023-12-11 12:00:00+00:00
BCHUSDT,1,-1.666995165829816,2023-12-11 12:00:00+00:00,2023-12-11 16:00:00+00:00
BCHUSDT,-1,-25.930399002242247,2023-12-11 16:00:00+00:00,2023-12-13 20:00:00+00:00
BCHUSDT,1,-14.525077453821684,2023-12-13 20:00:00+00:00,2023-12-14 16:00:00+00:00
BCHUSDT,-1,-10.709263107328352,2023-12-14 16:00:00+00:00,2023-12-14 20:00:00+00:00
BCHUSDT,1,-8.723916396559545,2023-12-14 20:00:00+00:00,2023-12-15 12:00:00+00:00
BCHUSDT,-1,-42.78897199323332,2023-12-15 12:00:00+00:00,2023-12-21 12:00:00+00:00
BCHUSDT,1,-2.0563266288748383,2023-12-21 12:00:00+00:00,2023-12-21 16:00:00+00:00
BCHUSDT,-1,-7.034238331438974,2023-12-21 16:00:00+00:00,2023-12-22 00:00:00+00:00
BCHUSDT,1,-1.266997187340314,2023-12-22 00:00:00+00:00,2023-12-22 08:00:00+00:00
BCHUSDT,-1,-4.4344801388430595,2023-12-22 08:00:00+00:00,2023-12-22 12:00:00+00:00
BCHUSDT,1,-15.652161056668518,2023-12-22 12:00:00+00:00,2023-12-23 04:00:00+00:00
BCHUSDT,-1,-4.582363975548928,2023-12-23 04:00:00+00:00,2023-12-24 00:00:00+00:00
BCHUSDT,1,-1.149847303298868,2023-12-24 00:00:00+00:00,2023-12-24 08:00:00+00:00
BCHUSDT,-1,-10.03604355870095,2023-12-24 08:00:00+00:00,2023-12-25 12:00:00+00:00
BCHUSDT,1,-3.6313959938906635,2023-12-25 12:00:00+00:00,2023-12-26 08:00:00+00:00
BCHUSDT,-1,-24.081355769588708,2023-12-26 08:00:00+00:00,2023-12-27 08:00:00+00:00
BCHUSDT,1,-78.381531542419,2023-12-27 08:00:00+00:00,2024-01-03 16:00:00+00:00
BCHUSDT,-1,-2.7181747772593043,2024-01-03 16:00:00+00:00,2024-01-04 16:00:00+00:00
BCHUSDT,1,-1.9466469274866853,2024-01-04 16:00:00+00:00,2024-01-04 20:00:00+00:00
BCHUSDT,-1,-2.6166046138478825,2024-01-04 20:00:00+00:00,2024-01-05 00:00:00+00:00
BCHUSDT,1,-3.75082418957274,2024-01-05 00:00:00+00:00,2024-01-05 04:00:00+00:00
BCHUSDT,-1,-0.3884101793454573,2024-01-05 04:00:00+00:00,2024-01-05 20:00:00+00:00
BCHUSDT,1,-16.890221956142145,2024-01-05 20:00:00+00:00,2024-01-06 20:00:00+00:00
BCHUSDT,-1,-36.76231158061045,2024-01-06 20:00:00+00:00,2024-01-08 20:00:00+00:00
BCHUSDT,1,-31.16820988465346,2024-01-08 20:00:00+00:00,2024-01-10 16:00:00+00:00
BCHUSDT,-1,-5.671650680307563,2024-01-10 16:00:00+00:00,2024-01-10 20:00:00+00:00
BCHUSDT,1,-20.24269367521412,2024-01-10 20:00:00+00:00,2024-01-17 16:00:00+00:00
BCHUSDT,-1,-38.93056559864029,2024-01-17 16:00:00+00:00,2024-01-28 04:00:00+00:00
BCHUSDT,1,-1.7350934743311097,2024-01-28 04:00:00+00:00,2024-01-28 08:00:00+00:00
BCHUSDT,-1,-20.055327945903436,2024-01-28 08:00:00+00:00,2024-02-08 16:00:00+00:00
BCHUSDT,1,1051.574961445507,2024-02-08 16:00:00+00:00,2024-04-13 20:00:00+00:00
BCHUSDT,-1,-20.714314923360234,2024-04-13 20:00:00+00:00,2024-04-15 00:00:00+00:00
BCHUSDT,1,-36.61475991976209,2024-04-15 00:00:00+00:00,2024-04-15 20:00:00+00:00
BCHUSDT,-1,-74.19966449128738,2024-04-15 20:00:00+00:00,2024-05-19 04:00:00+00:00
BCHUSDT,1,-1.7749304254944007,2024-05-19 04:00:00+00:00,2024-05-19 12:00:00+00:00
BCHUSDT,-1,-0.40101399913729796,2024-05-19 12:00:00+00:00,2024-05-19 16:00:00+00:00
BCHUSDT,1,-1.8688450308031186,2024-05-19 16:00:00+00:00,2024-05-19 20:00:00+00:00
BCHUSDT,-1,-0.12831456957613452,2024-05-19 20:00:00+00:00,2024-05-20 00:00:00+00:00
BCHUSDT,1,-23.775757238289753,2024-05-20 00:00:00+00:00,2024-05-28 08:00:00+00:00
BCHUSDT,-1,-10.671671118213284,2024-05-28 08:00:00+00:00,2024-05-28 12:00:00+00:00
BCHUSDT,1,-6.866941516018638,2024-05-28 12:00:00+00:00,2024-05-28 16:00:00+00:00
BCHUSDT,-1,-1.833830442384469,2024-05-28 16:00:00+00:00,2024-05-28 20:00:00+00:00
BCHUSDT,1,-8.925307459209238,2024-05-28 20:00:00+00:00,2024-05-29 08:00:00+00:00
BCHUSDT,-1,-0.8867645517969691,2024-05-29 08:00:00+00:00,2024-05-29 12:00:00+00:00
BCHUSDT,1,0.26652386536815875,2024-05-29 12:00:00+00:00,2024-05-30 04:00:00+00:00
BCHUSDT,-1,-10.917157217260195,2024-05-30 04:00:00+00:00,2024-06-03 08:00:00+00:00
BCHUSDT,1,-0.1794812475178251,2024-06-03 08:00:00+00:00,2024-06-03 12:00:00+00:00
BCHUSDT,-1,-1.9776504376335635,2024-06-03 12:00:00+00:00,2024-06-03 16:00:00+00:00
BCHUSDT,1,-4.158753923328052,2024-06-03 16:00:00+00:00,2024-06-04 00:00:00+00:00
BCHUSDT,-1,-4.521879404789616,2024-06-04 00:00:00+00:00,2024-06-04 08:00:00+00:00
BCHUSDT,1,-32.04301197720031,2024-06-04 08:00:00+00:00,2024-06-09 00:00:00+00:00
BCHUSDT,-1,-8.48033396452083,2024-06-09 00:00:00+00:00,2024-06-10 00:00:00+00:00
BCHUSDT,1,-2.046696907058193,2024-06-10 00:00:00+00:00,2024-06-10 04:00:00+00:00
BCHUSDT,-1,-11.57651812242303,2024-06-10 04:00:00+00:00,2024-06-10 16:00:00+00:00
BCHUSDT,1,-5.400267974382715,2024-06-10 16:00:00+00:00,2024-06-11 04:00:00+00:00
BCHUSDT,-1,104.8948310287416,2024-06-11 04:00:00+00:00,2024-07-16 00:00:00+00:00
BCHUSDT,1,-12.008959818832352,2024-07-16 00:00:00+00:00,2024-07-16 08:00:00+00:00
BCHUSDT,-1,-14.469697852971143,2024-07-16 08:00:00+00:00,2024-07-16 16:00:00+00:00
BCHUSDT,1,-1.7353223088749656,2024-07-16 16:00:00+00:00,2024-07-16 20:00:00+00:00
BCHUSDT,-1,-0.3666993683721267,2024-07-16 20:00:00+00:00,2024-07-17 04:00:00+00:00
BCHUSDT,1,-5.874565389496258,2024-07-17 04:00:00+00:00,2024-07-17 12:00:00+00:00
BCHUSDT,-1,-24.320764020836812,2024-07-17 12:00:00+00:00,2024-07-19 20:00:00+00:00
BCHUSDT,1,-43.535652004486955,2024-07-19 20:00:00+00:00,2024-07-23 08:00:00+00:00
BCHUSDT,-1,-2.980142793643887,2024-07-23 08:00:00+00:00,2024-07-23 12:00:00+00:00
BCHUSDT,1,-1.9759843645184731,2024-07-23 12:00:00+00:00,2024-07-23 16:00:00+00:00
BCHUSDT,-1,-18.64768994694849,2024-07-23 16:00:00+00:00,2024-07-26 16:00:00+00:00
BCHUSDT,1,-84.21290265008429,2024-07-26 16:00:00+00:00,2024-08-03 16:00:00+00:00
BCHUSDT,-1,-94.52381217919161,2024-08-03 16:00:00+00:00,2024-08-24 20:00:00+00:00
BCHUSDT,1,-1.825532696278821,2024-08-24 20:00:00+00:00,2024-08-25 00:00:00+00:00
BCHUSDT,-1,-18.53585777083277,2024-08-25 00:00:00+00:00,2024-09-14 00:00:00+00:00
BCHUSDT,1,-3.3770866915867317,2024-09-14 00:00:00+00:00,2024-09-14 12:00:00+00:00
BCHUSDT,-1,-59.460131485131726,2024-09-14 12:00:00+00:00,2024-09-19 04:00:00+00:00
BCHUSDT,1,-91.68792018248745,2024-09-19 04:00:00+00:00,2024-10-01 20:00:00+00:00
BCHUSDT,-1,-36.51026269733684,2024-10-01 20:00:00+00:00,2024-10-11 20:00:00+00:00
BCHUSDT,1,-0.7205353796640986,2024-10-11 20:00:00+00:00,2024-10-12 00:00:00+00:00
BCHUSDT,-1,-1.582056964249204,2024-10-12 00:00:00+00:00,2024-10-12 08:00:00+00:00
BCHUSDT,1,-2.082423347657679,2024-10-12 08:00:00+00:00,2024-10-13 04:00:00+00:00
BCHUSDT,-1,-46.01451921380503,2024-10-13 04:00:00+00:00,2024-10-14 16:00:00+00:00
BCHUSDT,1,-32.370963526040704,2024-10-14 16:00:00+00:00,2024-11-01 08:00:00+00:00
BCHUSDT,-1,-2.379127504843516,2024-11-01 08:00:00+00:00,2024-11-01 12:00:00+00:00
BCHUSDT,1,-2.162773249889907,2024-11-01 12:00:00+00:00,2024-11-01 16:00:00+00:00
BCHUSDT,-1,-3.765115342686826,2024-11-01 16:00:00+00:00,2024-11-01 20:00:00+00:00
BCHUSDT,1,-2.032208911943681,2024-11-01 20:00:00+00:00,2024-11-02 16:00:00+00:00
BCHUSDT,-1,-5.21337088168605,2024-11-02 16:00:00+00:00,2024-11-02 20:00:00+00:00
BCHUSDT,1,-14.828621952410408,2024-11-02 20:00:00+00:00,2024-11-03 08:00:00+00:00
BCHUSDT,-1,-32.03711807302347,2024-11-03 08:00:00+00:00,2024-11-06 04:00:00+00:00
BCHUSDT,1,343.519600966631,2024-11-06 04:00:00+00:00,2024-12-18 20:00:00+00:00
BCHUSDT,-1,46.115634930511106,2024-12-18 20:00:00+00:00,2024-12-31 23:00:00+00:00
BNBUSDT,1,2143.439283513599,2021-01-01 04:00:00+00:00,2021-03-25 16:00:00+00:00
BNBUSDT,-1,-20.384206825584688,2021-03-25 16:00:00+00:00,2021-03-27 00:00:00+00:00
BNBUSDT,1,-1.9333587703976156,2021-03-27 00:00:00+00:00,2021-03-27 04:00:00+00:00
BNBUSDT,-1,-0.5588444082515335,2021-03-27 04:00:00+00:00,2021-03-27 08:00:00+00:00
BNBUSDT,1,715.1884307578455,2021-03-27 08:00:00+00:00,2021-05-16 16:00:00+00:00
BNBUSDT,-1,-8.959919324061769,2021-05-16 16:00:00+00:00,2021-05-17 00:00:00+00:00
BNBUSDT,1,-21.128944994986018,2021-05-17 00:00:00+00:00,2021-05-17 04:00:00+00:00
BNBUSDT,-1,74.09178422328665,2021-05-17 04:00:00+00:00,2021-07-07 20:00:00+00:00
BNBUSDT,1,-6.517848463598998,2021-07-07 20:00:00+00:00,2021-07-08 00:00:00+00:00
BNBUSDT,-1,-16.464199020610526,2021-07-08 00:00:00+00:00,2021-07-12 08:00:00+00:00
BNBUSDT,1,-7.317027648949302,2021-07-12 08:00:00+00:00,2021-07-12 12:00:00+00:00
BNBUSDT,-1,-243.57247902704012,2021-07-12 12:00:00+00:00,2021-07-26 04:00:00+00:00
BNBUSDT,1,-65.62649683950923,2021-07-26 04:00:00+00:00,2021-07-27 04:00:00+00:00
BNBUSDT,-1,-9.977926117064154,2021-07-27 04:00:00+00:00,2021-07-27 12:00:00+00:00
BNBUSDT,1,328.8632612659511,2021-07-27 12:00:00+00:00,2021-09-08 04:00:00+00:00
BNBUSDT,-1,-7.260101416273258,2021-09-08 04:00:00+00:00,2021-09-09 16:00:00+00:00
BNBUSDT,1,-1.7043733179545877,2021-09-09 16:00:00+00:00,2021-09-10 08:00:00+00:00
BNBUSDT,-1,-197.96834308731295,2021-09-10 08:00:00+00:00,2021-10-03 04:00:00+00:00
BNBUSDT,1,-63.26225658834788,2021-10-03 04:00:00+00:00,2021-10-10 20:00:00+00:00
BNBUSDT,-1,-0.6712217175799706,2021-10-10 20:00:00+00:00,2021-10-11 04:00:00+00:00
BNBUSDT,1,-18.817367554729337,2021-10-11 04:00:00+00:00,2021-10-12 12:00:00+00:00
BNBUSDT,-1,-59.360071247179626,2021-10-12 12:00:00+00:00,2021-10-12 16:00:00+00:00
BNBUSDT,1,261.4348702388046,2021-10-12 16:00:00+00:00,2021-11-19 04:00:00+00:00
BNBUSDT,-1,-6.97705446020421,2021-11-19 04:00:00+00:00,2021-11-19 08:00:00+00:00
BNBUSDT,1,-60.14532083213821,2021-11-19 08:00:00+00:00,2021-12-04 04:00:00+00:00
BNBUSDT,-1,-107.89325465860227,2021-12-04 04:00:00+00:00,2021-12-09 00:00:00+00:00
BNBUSDT,1,-15.62877053154557,2021-12-09 00:00:00+00:00,2021-12-09 12:00:00+00:00
BNBUSDT,-1,236.15645463142323,2021-12-09 12:00:00+00:00,2022-02-15 08:00:00+00:00
BNBUSDT,1,-27.613402925158404,2022-02-15 08:00:00+00:00,2022-02-17 20:00:00+00:00
BNBUSDT,-1,-123.14776290254177,2022-02-17 20:00:00+00:00,2022-03-01 08:00:00+00:00
BNBUSDT,1,-18.6942730694152,2022-03-01 08:00:00+00:00,2022-03-04 04:00:00+00:00
BNBUSDT,-1,-5.8364114915195575,2022-03-04 04:00:00+00:00,2022-03-04 12:00:00+00:00
BNBUSDT,1,-5.301127938025681,2022-03-04 12:00:00+00:00,2022-03-04 16:00:00+00:00
BNBUSDT,-1,-21.65323211274788,2022-03-04 16:00:00+00:00,2022-03-09 04:00:00+00:00
BNBUSDT,1,-23.30223204734284,2022-03-09 04:00:00+00:00,2022-03-10 04:00:00+00:00
BNBUSDT,-1,-38.08287853111659,2022-03-10 04:00:00+00:00,2022-03-17 16:00:00+00:00
BNBUSDT,1,-7.313500439166715,2022-03-17 16:00:00+00:00,2022-03-18 04:00:00+00:00
BNBUSDT,-1,-1.424892805604994,2022-03-18 04:00:00+00:00,2022-03-18 08:00:00+00:00
BNBUSDT,1,-3.6690792602920776,2022-03-18 08:00:00+00:00,2022-03-20 16:00:00+00:00
BNBUSDT,-1,-1.08641814131341,2022-03-20 16:00:00+00:00,2022-03-20 20:00:00+00:00
BNBUSDT,1,-1.7607611160121004,2022-03-20 20:00:00+00:00,2022-03-21 04:00:00+00:00
BNBUSDT,-1,-2.1749690117798064,2022-03-21 04:00:00+00:00,2022-03-21 08:00:00+00:00
BNBUSDT,1,11.942906073133003,2022-03-21 08:00:00+00:00,2022-04-11 16:00:00+00:00
BNBUSDT,-1,-7.048894721117893,2022-04-11 16:00:00+00:00,2022-04-12 12:00:00+00:00
BNBUSDT,1,-2.5312865134964198,2022-04-12 12:00:00+00:00,2022-04-12 20:00:00+00:00
BNBUSDT,-1,-3.6984878295085206,2022-04-12 20:00:00+00:00,2022-04-13 00:00:00+00:00
BNBUSDT,1,-8.022689307174328,2022-04-13 00:00:00+00:00,2022-04-18 00:00:00+00:00
BNBUSDT,-1,-22.370750782440894,2022-04-18 00:00:00+00:00,2022-04-19 08:00:00+00:00
BNBUSDT,1,-26.454703261376807,2022-04-19 08:00:00+00:00,2022-04-21 20:00:00+00:00
BNBUSDT,-1,521.362380714772,2022-04-21 20:00:00+00:00,2022-07-08 16:00:00+00:00
BNBUSDT,1,-10.74624886334676,2022-07-08 16:00:00+00:00,2022-07-10 16:00:00+00:00
BNBUSDT,-1,-2.1121318738511663,2022-07-10 16:00:00+00:00,2022-07-10 20:00:00+00:00
BNBUSDT,1,-3.7526011345782457,2022-07-10 20:00:00+00:00,2022-07-11 04:00:00+00:00
BNBUSDT,-1,-46.148353769275914,2022-07-11 04:00:00+00:00,2022-07-15 04:00:00+00:00
BNBUSDT,1,237.7675120660599,2022-07-15 04:00:00+00:00,2022-08-20 00:00:00+00:00
BNBUSDT,-1,-7.043984534919964,2022-08-20 00:00:00+00:00,2022-08-20 04:00:00+00:00
BNBUSDT,1,-6.440902530925147,2022-08-20 04:00:00+00:00,2022-08-20 20:00:00+00:00
BNBUSDT,-1,-4.4993529561695995,2022-08-20 20:00:00+00:00,2022-08-21 00:00:00+00:00
BNBUSDT,1,-25.9810426111596,2022-08-21 00:00:00+00:00,2022-08-26 16:00:00+00:00
BNBUSDT,-1,-81.31549600877088,2022-08-26 16:00:00+00:00,2022-09-12 12:00:00+00:00
BNBUSDT,1,-13.892598401013952,2022-09-12 12:00:00+00:00,2022-09-12 16:00:00+00:00
BNBUSDT,-1,-1.2257633714094394,2022-09-12 16:00:00+00:00,2022-09-12 20:00:00+00:00
BNBUSDT,1,-0.8941412343155386,2022-09-12 20:00:00+00:00,2022-09-13 00:00:00+00:00
BNBUSDT,-1,-1.69162019366179,2022-09-13 00:00:00+00:00,2022-09-13 12:00:00+00:00
BNBUSDT,1,-31.17227697029557,2022-09-13 12:00:00+00:00,2022-09-13 16:00:00+00:00
BNBUSDT,-1,-33.73655616096191,2022-09-13 16:00:00+00:00,2022-09-27 08:00:00+00:00
BNBUSDT,1,-3.7642025657700304,2022-09-27 08:00:00+00:00,2022-09-27 16:00:00+00:00
BNBUSDT,-1,-51.255095329355605,2022-09-27 16:00:00+00:00,2022-09-29 04:00:00+00:00
BNBUSDT,1,-2.5345903941214756,2022-09-29 04:00:00+00:00,2022-09-29 08:00:00+00:00
BNBUSDT,-1,-0.7242124697543707,2022-09-29 08:00:00+00:00,2022-09-29 16:00:00+00:00
BNBUSDT,1,-25.682865856769695,2022-09-29 16:00:00+00:00,2022-10-09 00:00:00+00:00
BNBUSDT,-1,-3.913654027477042,2022-10-09 00:00:00+00:00,2022-10-10 04:00:00+00:00
BNBUSDT,1,-2.8837627459751523,2022-10-10 04:00:00+00:00,2022-10-10 12:00:00+00:00
BNBUSDT,-1,-38.57963766637947,2022-10-10 12:00:00+00:00,2022-10-25 16:00:00+00:00
BNBUSDT,1,53.668765351669336,2022-10-25 16:00:00+00:00,2022-11-10 08:00:00+00:00
BNBUSDT,-1,-64.43691304042679,2022-11-10 08:00:00+00:00,2022-11-10 16:00:00+00:00
BNBUSDT,1,-116.67171205176433,2022-11-10 16:00:00+00:00,2022-11-12 08:00:00+00:00
BNBUSDT,-1,-131.68687944952666,2022-11-12 08:00:00+00:00,2022-11-23 12:00:00+00:00
BNBUSDT,1,-1.3462193075991147,2022-11-23 12:00:00+00:00,2022-11-23 16:00:00+00:00
BNBUSDT,-1,-0.9860954950431342,2022-11-23 16:00:00+00:00,2022-11-23 20:00:00+00:00
BNBUSDT,1,-0.18497468227622216,2022-11-23 20:00:00+00:00,2022-11-25 08:00:00+00:00
BNBUSDT,-1,-2.1850553538866277,2022-11-25 08:00:00+00:00,2022-11-25 12:00:00+00:00
BNBUSDT,1,-27.334742936975942,2022-11-25 12:00:00+00:00,2022-11-28 16:00:00+00:00
BNBUSDT,-1,-3.724634507430693,2022-11-28 16:00:00+00:00,2022-11-29 04:00:00+00:00
BNBUSDT,1,-26.393523182490362,2022-11-29 04:00:00+00:00,2022-12-01 16:00:00+00:00
BNBUSDT,-1,-5.457708862469082,2022-12-01 16:00:00+00:00,2022-12-05 04:00:00+00:00
BNBUSDT,1,-4.86286765617609,2022-12-05 04:00:00+00:00,2022-12-06 00:00:00+00:00
BNBUSDT,-1,-0.6004515702793985,2022-12-06 00:00:00+00:00,2022-12-07 04:00:00+00:00
BNBUSDT,1,-4.831066740935779,2022-12-07 04:00:00+00:00,2022-12-07 08:00:00+00:00
BNBUSDT,-1,-13.246432780266893,2022-12-07 08:00:00+00:00,2022-12-09 00:00:00+00:00
BNBUSDT,1,-0.710721743781499,2022-12-09 00:00:00+00:00,2022-12-09 16:00:00+00:00
BNBUSDT,-1,84.53685446108044,2022-12-09 16:00:00+00:00,2023-01-08 16:00:00+00:00
BNBUSDT,1,30.02948450956633,2023-01-08 16:00:00+00:00,2023-02-13 16:00:00+00:00
BNBUSDT,-1,-33.919005533844974,2023-02-13 16:00:00+00:00,2023-02-16 00:00:00+00:00
BNBUSDT,1,-87.60897082260455,2023-02-16 00:00:00+00:00,2023-02-22 04:00:00+00:00
BNBUSDT,-1,-10.756518383157184,2023-02-22 04:00:00+00:00,2023-02-23 00:00:00+00:00
BNBUSDT,1,-5.638822787917383,2023-02-23 00:00:00+00:00,2023-02-23 12:00:00+00:00
BNBUSDT,-1,-96.42158176001585,2023-02-23 12:00:00+00:00,2023-03-14 00:00:00+00:00
BNBUSDT,1,-2.8849760675950997,2023-03-14 00:00:00+00:00,2023-03-14 08:00:00+00:00
BNBUSDT,-1,-1.7127510359633737,2023-03-14 08:00:00+00:00,2023-03-14 12:00:00+00:00
BNBUSDT,1,-20.047752801375523,2023-03-14 12:00:00+00:00,2023-03-15 16:00:00+00:00
BNBUSDT,-1,-0.7053384089125866,2023-03-15 16:00:00+00:00,2023-03-15 20:00:00+00:00
BNBUSDT,1,-6.936423880987267,2023-03-15 20:00:00+00:00,2023-04-04 00:00:00+00:00
BNBUSDT,-1,-0.9125457313331056,2023-04-04 00:00:00+00:00,2023-04-04 04:00:00+00:00
BNBUSDT,1,-2.8109747127227207,2023-04-04 04:00:00+00:00,2023-04-09 08:00:00+00:00
BNBUSDT,-1,-0.6153375438690211,2023-04-09 08:00:00+00:00,2023-04-09 12:00:00+00:00
BNBUSDT,1,0.5775467384853277,2023-04-09 12:00:00+00:00,2023-04-10 16:00:00+00:00
BNBUSDT,-1,-1.1719950006421462,2023-04-10 16:00:00+00:00,2023-04-10 20:00:00+00:00
BNBUSDT,1,-44.95314539398713,2023-04-10 20:00:00+00:00,2023-04-20 20:00:00+00:00
BNBUSDT,-1,-10.425193862474485,2023-04-20 20:00:00+00:00,2023-04-21 08:00:00+00:00
BNBUSDT,1,-18.5966272023356,2023-04-21 08:00:00+00:00,2023-04-21 20:00:00+00:00
BNBUSDT,-1,-1.9400301110980225,2023-04-21 20:00:00+00:00,2023-04-22 00:00:00+00:00
BNBUSDT,1,6.540576714242345,2023-04-22 00:00:00+00:00,2023-04-28 12:00:00+00:00
BNBUSDT,-1,-5.704096137483222,2023-04-28 12:00:00+00:00,2023-04-30 16:00:00+00:00
BNBUSDT,1,-22.88651809442179,2023-04-30 16:00:00+00:00,2023-05-03 00:00:00+00:00
BNBUSDT,-1,-4.4177452762697165,2023-05-03 00:00:00+00:00,2023-05-03 04:00:00+00:00
BNBUSDT,1,-0.6926013782096818,2023-05-03 04:00:00+00:00,2023-05-03 08:00:00+00:00
BNBUSDT,-1,-1.9881287979870645,2023-05-03 08:00:00+00:00,2023-05-03 20:00:00+00:00
BNBUSDT,1,-0.45955681570171625,2023-05-03 20:00:00+00:00,2023-05-04 20:00:00+00:00
BNBUSDT,-1,-0.7442120166578197,2023-05-04 20:00:00+00:00,2023-05-05 04:00:00+00:00
BNBUSDT,1,-0.6485650792918491,2023-05-05 04:00:00+00:00,2023-05-05 08:00:00+00:00
BNBUSDT,-1,-0.8533200314876983,2023-05-05 08:00:00+00:00,2023-05-05 12:00:00+00:00
BNBUSDT,1,-8.620128375195545,2023-05-05 12:00:00+00:00,2023-05-06 16:00:00+00:00
BNBUSDT,-1,-7.678726637073715,2023-05-06 16:00:00+00:00,2023-05-07 12:00:00+00:00
BNBUSDT,1,-1.4007218282981764,2023-05-07 12:00:00+00:00,2023-05-08 00:00:00+00:00
BNBUSDT,-1,176.71620317280428,2023-05-08 00:00:00+00:00,2023-07-11 08:00:00+00:00
BNBUSDT,1,-2.3597791078323285,2023-07-11 08:00:00+00:00,2023-07-13 04:00:00+00:00
BNBUSDT,-1,-6.292159261900778,2023-07-13 04:00:00+00:00,2023-07-13 16:00:00+00:00
BNBUSDT,1,-34.60653881143824,2023-07-13 16:00:00+00:00,2023-07-17 00:00:00+00:00
BNBUSDT,-1,-4.262269606477857,2023-07-17 00:00:00+00:00,2023-07-17 04:00:00+00:00
BNBUSDT,1,-0.9272905681240189,2023-07-17 04:00:00+00:00,2023-07-17 20:00:00+00:00
BNBUSDT,-1,-1.4507274095577207,2023-07-17 20:00:00+00:00,2023-07-18 00:00:00+00:00
BNBUSDT,1,-2.0990229157326263,2023-07-18 00:00:00+00:00,2023-07-18 08:00:00+00:00
BNBUSDT,-1,-13.685816898334824,2023-07-18 08:00:00+00:00,2023-07-19 04:00:00+00:00
BNBUSDT,1,-1.241623007309984,2023-07-19 04:00:00+00:00,2023-07-19 12:00:00+00:00
BNBUSDT,-1,-8.519720494922863,2023-07-19 12:00:00+00:00,2023-07-20 08:00:00+00:00
BNBUSDT,1,-5.876863671700544,2023-07-20 08:00:00+00:00,2023-07-20 16:00:00+00:00
BNBUSDT,-1,-3.428162304157832,2023-07-20 16:00:00+00:00,2023-07-21 00:00:00+00:00
BNBUSDT,1,-9.867566296290667,2023-07-21 00:00:00+00:00,2023-07-23 00:00:00+00:00
BNBUSDT,-1,-0.8647252822737866,2023-07-23 00:00:00+00:00,2023-07-23 04:00:00+00:00
BNBUSDT,1,-8.602108843714428,2023-07-23 04:00:00+00:00,2023-07-24 08:00:00+00:00
BNBUSDT,-1,-12.501015532727862,2023-07-24 08:00:00+00:00,2023-07-27 08:00:00+00:00
BNBUSDT,1,-1.403799546799029,2023-07-27 08:00:00+00:00,2023-07-27 16:00:00+00:00
BNBUSDT,-1,-4.762375938590722,2023-07-27 16:00:00+00:00,2023-07-28 20:00:00+00:00
BNBUSDT,1,-2.640491909852724,2023-07-28 20:00:00+00:00,2023-07-29 00:00:00+00:00
BNBUSDT,-1,-2.527952594732068,2023-07-29 00:00:00+00:00,2023-07-29 20:00:00+00:00
BNBUSDT,1,-2.379398934364087,2023-07-29 20:00:00+00:00,2023-07-30 20:00:00+00:00
BNBUSDT,-1,-3.0142015477157744,2023-07-30 20:00:00+00:00,2023-07-31 00:00:00+00:00
BNBUSDT,1,-6.005773694270807,2023-07-31 00:00:00+00:00,2023-07-31 20:00:00+00:00
BNBUSDT,-1,-12.281269341389754,2023-07-31 20:00:00+00:00,2023-08-01 08:00:00+00:00
BNBUSDT,1,-7.401316612490405,2023-08-01 08:00:00+00:00,2023-08-02 20:00:00+00:00
BNBUSDT,-1,-4.356249672079471,2023-08-02 20:00:00+00:00,2023-08-04 16:00:00+00:00
BNBUSDT,1,-1.451415686975843,2023-08-04 16:00:00+00:00,2023-08-04 20:00:00+00:00
BNBUSDT,-1,-6.223170648000051,2023-08-04 20:00:00+00:00,2023-08-05 20:00:00+00:00
BNBUSDT,1,-2.5558011206562172,2023-08-05 20:00:00+00:00,2023-08-07 08:00:00+00:00
BNBUSDT,-1,-4.62789637271114,2023-08-07 08:00:00+00:00,2023-08-08 08:00:00+00:00
BNBUSDT,1,-7.107048956953298,2023-08-08 08:00:00+00:00,2023-08-10 08:00:00+00:00
BNBUSDT,-1,104.77647160708446,2023-08-10 08:00:00+00:00,2023-09-18 16:00:00+00:00
BNBUSDT,1,-3.2611115944192095,2023-09-18 16:00:00+00:00,2023-09-19 00:00:00+00:00
BNBUSDT,-1,-1.1889134132649561,2023-09-19 00:00:00+00:00,2023-09-19 08:00:00+00:00
BNBUSDT,1,-0.8347651069156299,2023-09-19 08:00:00+00:00,2023-09-20 08:00:00+00:00
BNBUSDT,-1,-20.068038195655657,2023-09-20 08:00:00+00:00,2023-09-27 12:00:00+00:00
BNBUSDT,1,-2.8582896508627695,2023-09-27 12:00:00+00:00,2023-09-27 16:00:00+00:00
BNBUSDT,-1,-12.104131884245767,2023-09-27 16:00:00+00:00,2023-09-28 16:00:00+00:00
BNBUSDT,1,-5.31058647748736,2023-09-28 16:00:00+00:00,2023-10-01 20:00:00+00:00
BNBUSDT,-1,-3.7954164813788815,2023-10-01 20:00:00+00:00,2023-10-02 00:00:00+00:00
BNBUSDT,1,-21.486173972718777,2023-10-02 00:00:00+00:00,2023-10-03 16:00:00+00:00
BNBUSDT,-1,-13.29964387467871,2023-10-03 16:00:00+00:00,2023-10-16 16:00:00+00:00
BNBUSDT,1,-5.716771595865318,2023-10-16 16:00:00+00:00,2023-10-17 16:00:00+00:00
BNBUSDT,-1,-2.921020945284959,2023-10-17 16:00:00+00:00,2023-10-18 04:00:00+00:00
BNBUSDT,1,-0.9627482603395561,2023-10-18 04:00:00+00:00,2023-10-18 16:00:00+00:00
BNBUSDT,-1,-10.909356294686113,2023-10-18 16:00:00+00:00,2023-10-20 04:00:00+00:00
BNBUSDT,1,69.88742259923484,2023-10-20 04:00:00+00:00,2023-11-23 16:00:00+00:00
BNBUSDT,-1,-2.6526317096858723,2023-11-23 16:00:00+00:00,2023-11-23 20:00:00+00:00
BNBUSDT,1,-1.1534222981608213,2023-11-23 20:00:00+00:00,2023-11-26 04:00:00+00:00
BNBUSDT,-1,-1.2697803995926287,2023-11-26 04:00:00+00:00,2023-11-26 08:00:00+00:00
BNBUSDT,1,-0.7178843136815315,2023-11-26 08:00:00+00:00,2023-11-26 12:00:00+00:00
BNBUSDT,-1,-36.644161875705294,2023-11-26 12:00:00+00:00,2023-12-09 04:00:00+00:00
BNBUSDT,1,-39.902874862787726,2023-12-09 04:00:00+00:00,2023-12-11 04:00:00+00:00
BNBUSDT,-1,-16.445257982144287,2023-12-11 04:00:00+00:00,2023-12-11 16:00:00+00:00
BNBUSDT,1,-32.241854148558126,2023-12-11 16:00:00+00:00,2023-12-18 04:00:00+00:00
BNBUSDT,-1,-4.392277849765905,2023-12-18 04:00:00+00:00,2023-12-18 20:00:00+00:00
BNBUSDT,1,353.2993644966034,2023-12-18 20:00:00+00:00,2024-01-23 12:00:00+00:00
BNBUSDT,-1,-21.027040546280688,2024-01-23 12:00:00+00:00,2024-01-27 04:00:00+00:00
BNBUSDT,1,-0.136278373570054,2024-01-27 04:00:00+00:00,2024-01-28 04:00:00+00:00
BNBUSDT,-1,-1.4820050377242184,2024-01-28 04:00:00+00:00,2024-01-29 12:00:00+00:00
BNBUSDT,1,-4.533023375434731,2024-01-29 12:00:00+00:00,2024-01-31 12:00:00+00:00
BNBUSDT,-1,-26.00025771825947,2024-01-31 12:00:00+00:00,2024-02-08 04:00:00+00:00
BNBUSDT,1,805.3063862866063,2024-02-08 04:00:00+00:00,2024-04-14 04:00:00+00:00
BNBUSDT,-1,-7.272134609093376,2024-04-14 04:00:00+00:00,2024-04-14 08:00:00+00:00
BNBUSDT,1,-5.532655515534812,2024-04-14 08:00:00+00:00,2024-04-14 12:00:00+00:00
BNBUSDT,-1,-6.194291116560331,2024-04-14 12:00:00+00:00,2024-04-15 00:00:00+00:00
BNBUSDT,1,-4.277091278645744,2024-04-15 00:00:00+00:00,2024-04-15 20:00:00+00:00
BNBUSDT,-1,-48.77405363159129,2024-04-15 20:00:00+00:00,2024-04-20 20:00:00+00:00
BNBUSDT,1,-1.0733812861037764,2024-04-20 20:00:00+00:00,2024-04-21 00:00:00+00:00
BNBUSDT,-1,-7.145551904065686,2024-04-21 00:00:00+00:00,2024-04-21 08:00:00+00:00
BNBUSDT,1,-49.60645215450508,2024-04-21 08:00:00+00:00,2024-04-30 20:00:00+00:00
BNBUSDT,-1,-52.261963131107585,2024-04-30 20:00:00+00:00,2024-05-03 20:00:00+00:00
BNBUSDT,1,-11.652456530700448,2024-05-03 20:00:00+00:00,2024-05-08 00:00:00+00:00
BNBUSDT,-1,-3.6341925711616683,2024-05-08 00:00:00+00:00,2024-05-08 04:00:00+00:00
BNBUSDT,1,-11.919497581116746,2024-05-08 04:00:00+00:00,2024-05-08 08:00:00+00:00
BNBUSDT,-1,-2.3543315571816668,2024-05-08 08:00:00+00:00,2024-05-08 12:00:00+00:00
BNBUSDT,1,-3.8200285877339866,2024-05-08 12:00:00+00:00,2024-05-14 16:00:00+00:00
BNBUSDT,-1,-21.73579872326205,2024-05-14 16:00:00+00:00,2024-05-15 20:00:00+00:00
BNBUSDT,1,-1.9044129189975747,2024-05-15 20:00:00+00:00,2024-05-16 00:00:00+00:00
BNBUSDT,-1,-1.3973686049081777,2024-05-16 00:00:00+00:00,2024-05-16 04:00:00+00:00
BNBUSDT,1,-0.9449352278765071,2024-05-16 04:00:00+00:00,2024-05-16 12:00:00+00:00
BNBUSDT,-1,-30.42919385190484,2024-05-16 12:00:00+00:00,2024-05-17 16:00:00+00:00
BNBUSDT,1,-1.2550053872411289,2024-05-17 16:00:00+00:00,2024-05-17 20:00:00+00:00
BNBUSDT,-1,-14.717808231188972,2024-05-17 20:00:00+00:00,2024-05-20 20:00:00+00:00
BNBUSDT,1,-38.08736063753618,2024-05-20 20:00:00+00:00,2024-06-13 20:00:00+00:00
BNBUSDT,-1,-2.171356356294677,2024-06-13 20:00:00+00:00,2024-06-14 08:00:00+00:00
BNBUSDT,1,-5.722912301791452,2024-06-14 08:00:00+00:00,2024-06-15 12:00:00+00:00
BNBUSDT,-1,-0.9513496439109205,2024-06-15 12:00:00+00:00,2024-06-17 00:00:00+00:00
BNBUSDT,1,-1.9963335721542597,2024-06-17 00:00:00+00:00,2024-06-17 04:00:00+00:00
BNBUSDT,-1,3.050883400588743,2024-06-17 04:00:00+00:00,2024-06-18 04:00:00+00:00
BNBUSDT,1,-4.087439507973303,2024-06-18 04:00:00+00:00,2024-06-18 16:00:00+00:00
BNBUSDT,-1,12.936928963168986,2024-06-18 16:00:00+00:00,2024-07-16 00:00:00+00:00
BNBUSDT,1,-2.219862055437586,2024-07-16 00:00:00+00:00,2024-07-16 04:00:00+00:00
BNBUSDT,-1,-24.640482466968688,2024-07-16 04:00:00+00:00,2024-07-19 16:00:00+00:00
BNBUSDT,1,-47.61269450828999,2024-07-19 16:00:00+00:00,2024-07-25 04:00:00+00:00
BNBUSDT,-1,-3.5779930425355873,2024-07-25 04:00:00+00:00,2024-07-25 20:00:00+00:00
BNBUSDT,1,-36.10093468813865,2024-07-25 20:00:00+00:00,2024-08-01 16:00:00+00:00
BNBUSDT,-1,-16.378376936377222,2024-08-01 16:00:00+00:00,2024-08-02 00:00:00+00:00
BNBUSDT,1,-5.422450020723581,2024-08-02 00:00:00+00:00,2024-08-02 16:00:00+00:00
BNBUSDT,-1,-27.224820171183033,2024-08-02 16:00:00+00:00,2024-08-19 20:00:00+00:00
BNBUSDT,1,-13.342299795504708,2024-08-19 20:00:00+00:00,2024-08-27 00:00:00+00:00
BNBUSDT,-1,-1.7955250947151546,2024-08-27 00:00:00+00:00,2024-08-27 04:00:00+00:00
BNBUSDT,1,-0.9355052163323302,2024-08-27 04:00:00+00:00,2024-08-27 12:00:00+00:00
BNBUSDT,-1,-0.8034115549538685,2024-08-27 12:00:00+00:00,2024-08-27 16:00:00+00:00
BNBUSDT,1,-1.0143949014785913,2024-08-27 16:00:00+00:00,2024-08-27 20:00:00+00:00
BNBUSDT,-1,-7.111086186142823,2024-08-27 20:00:00+00:00,2024-08-29 12:00:00+00:00
BNBUSDT,1,-2.9986912567941375,2024-08-29 12:00:00+00:00,2024-08-29 20:00:00+00:00
BNBUSDT,-1,-64.09076487048796,2024-08-29 20:00:00+00:00,2024-09-12 04:00:00+00:00
BNBUSDT,1,-19.622194290617983,2024-09-12 04:00:00+00:00,2024-10-02 00:00:00+00:00
BNBUSDT,-1,-2.4344449318134007,2024-10-02 00:00:00+00:00,2024-10-02 04:00:00+00:00
BNBUSDT,1,-2.0283481432524844,2024-10-02 04:00:00+00:00,2024-10-02 12:00:00+00:00
BNBUSDT,-1,2.2952818079111705,2024-10-02 12:00:00+00:00,2024-10-04 12:00:00+00:00
BNBUSDT,1,-31.280029593314687,2024-10-04 12:00:00+00:00,2024-10-31 16:00:00+00:00
BNBUSDT,-1,-5.978924914653177,2024-10-31 16:00:00+00:00,2024-11-06 16:00:00+00:00
BNBUSDT,1,12.024905212321329,2024-11-06 16:00:00+00:00,2024-12-20 12:00:00+00:00
BNBUSDT,-1,-24.302193557605044,2024-12-20 12:00:00+00:00,2024-12-20 20:00:00+00:00
BNBUSDT,1,-6.534238035486403,2024-12-20 20:00:00+00:00,2024-12-21 16:00:00+00:00
BNBUSDT,-1,-2.905925588617606,2024-12-21 16:00:00+00:00,2024-12-23 12:00:00+00:00
BNBUSDT,1,-14.923775265637838,2024-12-23 12:00:00+00:00,2024-12-30 16:00:00+00:00
BNBUSDT,-1,-6.5502479995885325,2024-12-30 16:00:00+00:00,2024-12-30 20:00:00+00:00
BNBUSDT,1,-12.863457975805288,2024-12-30 20:00:00+00:00,2024-12-31 23:00:00+00:00
ADAUSDT,1,1660.0898379100233,2021-01-01 04:00:00+00:00,2021-03-24 08:00:00+00:00
ADAUSDT,-1,-1.2737151143569738,2021-03-24 08:00:00+00:00,2021-03-24 12:00:00+00:00
ADAUSDT,1,-8.125244858236105,2021-03-24 12:00:00+00:00,2021-03-24 20:00:00+00:00
ADAUSDT,-1,-37.44859138024805,2021-03-24 20:00:00+00:00,2021-03-26 12:00:00+00:00
ADAUSDT,1,-61.60733095255118,2021-03-26 12:00:00+00:00,2021-04-04 00:00:00+00:00
ADAUSDT,-1,-7.477205023082483,2021-04-04 00:00:00+00:00,2021-04-04 04:00:00+00:00
ADAUSDT,1,-426.96176758803756,2021-04-04 04:00:00+00:00,2021-04-20 00:00:00+00:00
ADAUSDT,-1,-45.776655564453584,2021-04-20 00:00:00+00:00,2021-04-20 20:00:00+00:00
ADAUSDT,1,-46.639049348356416,2021-04-20 20:00:00+00:00,2021-04-21 12:00:00+00:00
ADAUSDT,-1,-8.243952164838973,2021-04-21 12:00:00+00:00,2021-04-21 16:00:00+00:00
ADAUSDT,1,-48.5433210415377,2021-04-21 16:00:00+00:00,2021-04-22 00:00:00+00:00
ADAUSDT,-1,-4.138046854375143,2021-04-22 00:00:00+00:00,2021-04-22 12:00:00+00:00
ADAUSDT,1,-2.111052435895428,2021-04-22 12:00:00+00:00,2021-04-22 20:00:00+00:00
ADAUSDT,-1,-81.13243292616737,2021-04-22 20:00:00+00:00,2021-04-26 12:00:00+00:00
ADAUSDT,1,-1.489964804180738,2021-04-26 12:00:00+00:00,2021-04-26 16:00:00+00:00
ADAUSDT,-1,-4.152096875357146,2021-04-26 16:00:00+00:00,2021-04-26 20:00:00+00:00
ADAUSDT,1,246.93339254949666,2021-04-26 20:00:00+00:00,2021-05-23 04:00:00+00:00
ADAUSDT,-1,-201.96159790113967,2021-05-23 04:00:00+00:00,2021-05-24 20:00:00+00:00
ADAUSDT,1,-62.69707543772316,2021-05-24 20:00:00+00:00,2021-05-25 12:00:00+00:00
ADAUSDT,-1,-14.994085428262952,2021-05-25 12:00:00+00:00,2021-05-25 16:00:00+00:00
ADAUSDT,1,-21.740691130806578,2021-05-25 16:00:00+00:00,2021-05-25 20:00:00+00:00
ADAUSDT,-1,-6.6167769330798185,2021-05-25 20:00:00+00:00,2021-05-26 00:00:00+00:00
ADAUSDT,1,-59.5147641029196,2021-05-26 00:00:00+00:00,2021-05-28 12:00:00+00:00
ADAUSDT,-1,-10.142021579536458,2021-05-28 12:00:00+00:00,2021-05-28 16:00:00+00:00
ADAUSDT,1,-3.8032381895406284,2021-05-28 16:00:00+00:00,2021-05-29 00:00:00+00:00
ADAUSDT,-1,-5.196325268499575,2021-05-29 00:00:00+00:00,2021-05-29 04:00:00+00:00
ADAUSDT,1,-6.716579549952376,2021-05-29 04:00:00+00:00,2021-05-29 08:00:00+00:00
ADAUSDT,-1,-17.123951765327234,2021-05-29 08:00:00+00:00,2021-05-30 08:00:00+00:00
ADAUSDT,1,-24.917016395402882,2021-05-30 08:00:00+00:00,2021-06-04 12:00:00+00:00
ADAUSDT,-1,-4.490706973533035,2021-06-04 12:00:00+00:00,2021-06-04 16:00:00+00:00
ADAUSDT,1,-48.25292340816222,2021-06-04 16:00:00+00:00,2021-06-06 12:00:00+00:00
ADAUSDT,-1,-6.138646932336391,2021-06-06 12:00:00+00:00,2021-06-07 04:00:00+00:00
ADAUSDT,1,-24.104689216414805,2021-06-07 04:00:00+00:00,2021-06-08 00:00:00+00:00
ADAUSDT,-1,74.20613757183875,2021-06-08 00:00:00+00:00,2021-07-26 04:00:00+00:00
ADAUSDT,1,-35.361587275689516,2021-07-26 04:00:00+00:00,2021-07-27 00:00:00+00:00
ADAUSDT,-1,-81.81459744744421,2021-07-27 00:00:00+00:00,2021-07-30 04:00:00+00:00
ADAUSDT,1,-8.499733573301128,2021-07-30 04:00:00+00:00,2021-07-30 12:00:00+00:00
ADAUSDT,-1,-18.409191911050247,2021-07-30 12:00:00+00:00,2021-07-31 00:00:00+00:00
ADAUSDT,1,746.3796268299959,2021-07-31 00:00:00+00:00,2021-09-14 12:00:00+00:00
ADAUSDT,-1,-13.241677775733459,2021-09-14 12:00:00+00:00,2021-09-16 00:00:00+00:00
ADAUSDT,1,-4.162825210812431,2021-09-16 00:00:00+00:00,2021-09-16 12:00:00+00:00
ADAUSDT,-1,-55.48219804312009,2021-09-16 12:00:00+00:00,2021-10-16 12:00:00+00:00
ADAUSDT,1,-3.8752966976258465,2021-10-16 12:00:00+00:00,2021-10-16 16:00:00+00:00
ADAUSDT,-1,-37.81241172372786,2021-10-16 16:00:00+00:00,2021-10-21 08:00:00+00:00
ADAUSDT,1,-3.0209919929806235,2021-10-21 08:00:00+00:00,2021-10-21 12:00:00+00:00
ADAUSDT,-1,38.74377018158398,2021-10-21 12:00:00+00:00,2021-11-09 08:00:00+00:00
ADAUSDT,1,-108.8981976609117,2021-11-09 08:00:00+00:00,2021-11-11 00:00:00+00:00
ADAUSDT,-1,-4.643763982339348,2021-11-11 00:00:00+00:00,2021-11-11 08:00:00+00:00
ADAUSDT,1,-4.637872265076229,2021-11-11 08:00:00+00:00,2021-11-11 12:00:00+00:00
ADAUSDT,-1,366.2987936407017,2021-11-11 12:00:00+00:00,2021-12-27 08:00:00+00:00
ADAUSDT,1,-2.213379849282546,2021-12-27 08:00:00+00:00,2021-12-28 04:00:00+00:00
ADAUSDT,-1,-3.656854148045211,2021-12-28 04:00:00+00:00,2021-12-28 12:00:00+00:00
ADAUSDT,1,-14.984596902879455,2021-12-28 12:00:00+00:00,2021-12-28 20:00:00+00:00
ADAUSDT,-1,-204.8632833026913,2021-12-28 20:00:00+00:00,2022-01-16 04:00:00+00:00
ADAUSDT,1,-91.24080138435842,2022-01-16 04:00:00+00:00,2022-01-21 00:00:00+00:00
ADAUSDT,-1,13.944760656932147,2022-01-21 00:00:00+00:00,2022-02-08 04:00:00+00:00
ADAUSDT,1,-8.117587615338556,2022-02-08 04:00:00+00:00,2022-02-08 12:00:00+00:00
ADAUSDT,-1,-49.08211080778543,2022-02-08 12:00:00+00:00,2022-02-09 20:00:00+00:00
ADAUSDT,1,-2.7133969490542773,2022-02-09 20:00:00+00:00,2022-02-10 00:00:00+00:00
ADAUSDT,-1,-3.0891314874923546,2022-02-10 00:00:00+00:00,2022-02-10 12:00:00+00:00
ADAUSDT,1,-3.718393579399868,2022-02-10 12:00:00+00:00,2022-02-10 16:00:00+00:00
ADAUSDT,-1,268.7422602709209,2022-02-10 16:00:00+00:00,2022-03-21 12:00:00+00:00
ADAUSDT,1,-36.80892223357179,2022-03-21 12:00:00+00:00,2022-04-11 12:00:00+00:00
ADAUSDT,-1,26.973287208082297,2022-04-11 12:00:00+00:00,2022-06-06 04:00:00+00:00
ADAUSDT,1,-112.83539082748334,2022-06-06 04:00:00+00:00,2022-06-11 16:00:00+00:00
ADAUSDT,-1,-3.1700046533048893,2022-06-11 16:00:00+00:00,2022-06-11 20:00:00+00:00
ADAUSDT,1,-2.5008212871930673,2022-06-11 20:00:00+00:00,2022-06-12 00:00:00+00:00
ADAUSDT,-1,-16.68287764454996,2022-06-12 00:00:00+00:00,2022-07-18 12:00:00+00:00
ADAUSDT,1,-261.21850247031307,2022-07-18 12:00:00+00:00,2022-07-26 12:00:00+00:00
ADAUSDT,-1,-67.28217872030746,2022-07-26 12:00:00+00:00,2022-07-27 16:00:00+00:00
ADAUSDT,1,-19.242293172685834,2022-07-27 16:00:00+00:00,2022-08-19 12:00:00+00:00
ADAUSDT,-1,-237.02418324524888,2022-08-19 12:00:00+00:00,2022-09-05 00:00:00+00:00
ADAUSDT,1,-20.229717723427147,2022-09-05 00:00:00+00:00,2022-09-05 12:00:00+00:00
ADAUSDT,-1,-13.128615778924742,2022-09-05 12:00:00+00:00,2022-09-06 00:00:00+00:00
ADAUSDT,1,-20.538404841016803,2022-09-06 00:00:00+00:00,2022-09-06 20:00:00+00:00
ADAUSDT,-1,-65.842559935741,2022-09-06 20:00:00+00:00,2022-09-10 00:00:00+00:00
ADAUSDT,1,-84.60210904208704,2022-09-10 00:00:00+00:00,2022-09-13 16:00:00+00:00
ADAUSDT,-1,-33.59524056612095,2022-09-13 16:00:00+00:00,2022-09-17 16:00:00+00:00
ADAUSDT,1,-5.85875335676775,2022-09-17 16:00:00+00:00,2022-09-18 16:00:00+00:00
ADAUSDT,-1,-92.11690890189054,2022-09-18 16:00:00+00:00,2022-09-23 04:00:00+00:00
ADAUSDT,1,-8.217132031017698,2022-09-23 04:00:00+00:00,2022-09-23 08:00:00+00:00
ADAUSDT,-1,112.95394783730119,2022-09-23 08:00:00+00:00,2022-10-29 20:00:00+00:00
ADAUSDT,1,-8.424651106831302,2022-10-29 20:00:00+00:00,2022-10-30 16:00:00+00:00
ADAUSDT,-1,-5.744608087857462,2022-10-30 16:00:00+00:00,2022-10-31 12:00:00+00:00
ADAUSDT,1,-4.437206019741545,2022-10-31 12:00:00+00:00,2022-10-31 16:00:00+00:00
ADAUSDT,-1,-3.5073930788961953,2022-10-31 16:00:00+00:00,2022-11-01 08:00:00+00:00
ADAUSDT,1,-4.449579900107489,2022-11-01 08:00:00+00:00,2022-11-01 16:00:00+00:00
ADAUSDT,-1,-26.363759996120443,2022-11-01 16:00:00+00:00,2022-11-04 04:00:00+00:00
ADAUSDT,1,-65.07843125504789,2022-11-04 04:00:00+00:00,2022-11-08 04:00:00+00:00
ADAUSDT,-1,-22.43243324115798,2022-11-08 04:00:00+00:00,2022-11-08 16:00:00+00:00
ADAUSDT,1,-15.869232934366801,2022-11-08 16:00:00+00:00,2022-11-08 20:00:00+00:00
ADAUSDT,-1,273.7978260029291,2022-11-08 20:00:00+00:00,2023-01-08 12:00:00+00:00
ADAUSDT,1,156.8879003280617,2023-01-08 12:00:00+00:00,2023-02-13 12:00:00+00:00
ADAUSDT,-1,-1.7537819418171667,2023-02-13 12:00:00+00:00,2023-02-13 20:00:00+00:00
ADAUSDT,1,-18.045580198219774,2023-02-13 20:00:00+00:00,2023-02-22 16:00:00+00:00
ADAUSDT,-1,-5.817907459244825,2023-02-22 16:00:00+00:00,2023-02-23 00:00:00+00:00
ADAUSDT,1,-18.589562924643776,2023-02-23 00:00:00+00:00,2023-02-23 20:00:00+00:00
ADAUSDT,-1,-75.9820042246876,2023-02-23 20:00:00+00:00,2023-03-21 20:00:00+00:00
ADAUSDT,1,-27.039855929408475,2023-03-21 20:00:00+00:00,2023-03-22 20:00:00+00:00
ADAUSDT,-1,-5.105167204152451,2023-03-22 20:00:00+00:00,2023-03-23 00:00:00+00:00
ADAUSDT,1,-33.00288158676207,2023-03-23 00:00:00+00:00,2023-03-25 20:00:00+00:00
ADAUSDT,-1,-4.669756864687415,2023-03-25 20:00:00+00:00,2023-03-26 12:00:00+00:00
ADAUSDT,1,-1.518516133451874,2023-03-26 12:00:00+00:00,2023-03-26 16:00:00+00:00
ADAUSDT,-1,-0.5122681417742454,2023-03-26 16:00:00+00:00,2023-03-28 08:00:00+00:00
ADAUSDT,1,27.06655378021236,2023-03-28 08:00:00+00:00,2023-04-25 04:00:00+00:00
ADAUSDT,-1,-20.746572440312423,2023-04-25 04:00:00+00:00,2023-04-26 04:00:00+00:00
ADAUSDT,1,-55.50390842330225,2023-04-26 04:00:00+00:00,2023-05-01 04:00:00+00:00
ADAUSDT,-1,1.2031181985351225,2023-05-01 04:00:00+00:00,2023-05-29 00:00:00+00:00
ADAUSDT,1,-1.5270593981777987,2023-05-29 00:00:00+00:00,2023-05-29 04:00:00+00:00
ADAUSDT,-1,-0.8255854606540458,2023-05-29 04:00:00+00:00,2023-05-30 04:00:00+00:00
ADAUSDT,1,-1.1075750315756974,2023-05-30 04:00:00+00:00,2023-05-30 08:00:00+00:00
ADAUSDT,-1,-1.4034096097355717,2023-05-30 08:00:00+00:00,2023-05-30 12:00:00+00:00
ADAUSDT,1,-2.674210653686206,2023-05-30 12:00:00+00:00,2023-05-30 16:00:00+00:00
ADAUSDT,-1,-1.4852366921168325,2023-05-30 16:00:00+00:00,2023-05-31 04:00:00+00:00
ADAUSDT,1,-1.996253163289721,2023-05-31 04:00:00+00:00,2023-05-31 08:00:00+00:00
ADAUSDT,-1,-28.814038432138364,2023-05-31 08:00:00+00:00,2023-06-02 16:00:00+00:00
ADAUSDT,1,-21.526224429456562,2023-06-02 16:00:00+00:00,2023-06-05 16:00:00+00:00
ADAUSDT,-1,138.20855328503617,2023-06-05 16:00:00+00:00,2023-07-08 16:00:00+00:00
ADAUSDT,1,0.6973116594647233,2023-07-08 16:00:00+00:00,2023-07-09 00:00:00+00:00
ADAUSDT,-1,-15.669353161415827,2023-07-09 00:00:00+00:00,2023-07-13 16:00:00+00:00
ADAUSDT,1,-39.488681616028344,2023-07-13 16:00:00+00:00,2023-08-03 00:00:00+00:00
ADAUSDT,-1,153.11102050453468,2023-08-03 00:00:00+00:00,2023-09-29 16:00:00+00:00
ADAUSDT,1,-4.777236061868681,2023-09-29 16:00:00+00:00,2023-09-29 20:00:00+00:00
ADAUSDT,-1,-15.223213746730814,2023-09-29 20:00:00+00:00,2023-10-01 04:00:00+00:00
ADAUSDT,1,-38.24125942633469,2023-10-01 04:00:00+00:00,2023-10-09 12:00:00+00:00
ADAUSDT,-1,-5.038669025816781,2023-10-09 12:00:00+00:00,2023-10-09 20:00:00+00:00
ADAUSDT,1,-1.3134479857300587,2023-10-09 20:00:00+00:00,2023-10-10 00:00:00+00:00
ADAUSDT,-1,-21.20575232489195,2023-10-10 00:00:00+00:00,2023-10-16 08:00:00+00:00
ADAUSDT,1,-1.602472158310907,2023-10-16 08:00:00+00:00,2023-10-16 16:00:00+00:00
ADAUSDT,-1,-19.866604854654597,2023-10-16 16:00:00+00:00,2023-10-20 20:00:00+00:00
ADAUSDT,1,-0.8494230797348677,2023-10-20 20:00:00+00:00,2023-10-21 04:00:00+00:00
ADAUSDT,-1,-1.7483321328447006,2023-10-21 04:00:00+00:00,2023-10-21 08:00:00+00:00
ADAUSDT,1,1096.9741180758178,2023-10-21 08:00:00+00:00,2024-01-03 20:00:00+00:00
ADAUSDT,-1,-7.269560491726775,2024-01-03 20:00:00+00:00,2024-01-04 16:00:00+00:00
ADAUSDT,1,-1.8911411715853874,2024-01-04 16:00:00+00:00,2024-01-05 00:00:00+00:00
ADAUSDT,-1,-39.79898058812127,2024-01-05 00:00:00+00:00,2024-01-11 12:00:00+00:00
ADAUSDT,1,-15.640826651409736,2024-01-11 12:00:00+00:00,2024-01-12 00:00:00+00:00
ADAUSDT,-1,32.80158257215023,2024-01-12 00:00:00+00:00,2024-02-08 08:00:00+00:00
ADAUSDT,1,125.09355160631254,2024-02-08 08:00:00+00:00,2024-03-19 04:00:00+00:00
ADAUSDT,-1,319.19233859126757,2024-03-19 04:00:00+00:00,2024-05-17 12:00:00+00:00
ADAUSDT,1,-77.42908490690246,2024-05-17 12:00:00+00:00,2024-05-23 20:00:00+00:00
ADAUSDT,-1,-2.5813991172101654,2024-05-23 20:00:00+00:00,2024-05-24 00:00:00+00:00
ADAUSDT,1,-7.734190758665865,2024-05-24 00:00:00+00:00,2024-05-24 08:00:00+00:00
ADAUSDT,-1,-0.7421001933226559,2024-05-24 08:00:00+00:00,2024-05-26 04:00:00+00:00
ADAUSDT,1,-0.7621817757473687,2024-05-26 04:00:00+00:00,2024-05-26 16:00:00+00:00
ADAUSDT,-1,-15.346750034577557,2024-05-26 16:00:00+00:00,2024-05-27 12:00:00+00:00
ADAUSDT,1,-19.61036829443011,2024-05-27 12:00:00+00:00,2024-05-28 08:00:00+00:00
ADAUSDT,-1,-6.3769760353644624,2024-05-28 08:00:00+00:00,2024-05-29 04:00:00+00:00
ADAUSDT,1,-1.0967733097892245,2024-05-29 04:00:00+00:00,2024-05-29 08:00:00+00:00
ADAUSDT,-1,-17.56846106073485,2024-05-29 08:00:00+00:00,2024-06-03 20:00:00+00:00
ADAUSDT,1,-2.3334327354467694,2024-06-03 20:00:00+00:00,2024-06-04 00:00:00+00:00
ADAUSDT,-1,-9.30000880404493,2024-06-04 00:00:00+00:00,2024-06-04 04:00:00+00:00
ADAUSDT,1,-2.127058979787897,2024-06-04 04:00:00+00:00,2024-06-04 08:00:00+00:00
ADAUSDT,-1,-10.134521233375766,2024-06-04 08:00:00+00:00,2024-06-04 16:00:00+00:00
ADAUSDT,1,-4.725836478712118,2024-06-04 16:00:00+00:00,2024-06-06 08:00:00+00:00
ADAUSDT,-1,-22.65241362738479,2024-06-06 08:00:00+00:00,2024-06-07 12:00:00+00:00
ADAUSDT,1,-60.33379256148338,2024-06-07 12:00:00+00:00,2024-06-07 20:00:00+00:00
ADAUSDT,-1,140.5489323949544,2024-06-07 20:00:00+00:00,2024-07-12 16:00:00+00:00
ADAUSDT,1,-60.706481674624115,2024-07-12 16:00:00+00:00,2024-07-25 04:00:00+00:00
ADAUSDT,-1,-5.942994018298563,2024-07-25 04:00:00+00:00,2024-07-26 04:00:00+00:00
ADAUSDT,1,-42.08733411484863,2024-07-26 04:00:00+00:00,2024-07-30 20:00:00+00:00
ADAUSDT,-1,-3.2344840884654347,2024-07-30 20:00:00+00:00,2024-07-31 04:00:00+00:00
ADAUSDT,1,-7.468294805625354,2024-07-31 04:00:00+00:00,2024-07-31 08:00:00+00:00
ADAUSDT,-1,-1.0467411794520625,2024-07-31 08:00:00+00:00,2024-07-31 12:00:00+00:00
ADAUSDT,1,-3.904907873141674,2024-07-31 12:00:00+00:00,2024-07-31 20:00:00+00:00
ADAUSDT,-1,24.20087971033361,2024-07-31 20:00:00+00:00,2024-08-23 08:00:00+00:00
ADAUSDT,1,-1.5763337490280598,2024-08-23 08:00:00+00:00,2024-08-23 12:00:00+00:00
ADAUSDT,-1,-1.709845731903838,2024-08-23 12:00:00+00:00,2024-08-23 16:00:00+00:00
ADAUSDT,1,-2.1088965956341106,2024-08-23 16:00:00+00:00,2024-08-25 08:00:00+00:00
ADAUSDT,-1,-1.669582052585607,2024-08-25 08:00:00+00:00,2024-08-25 12:00:00+00:00
ADAUSDT,1,-2.4471628624801083,2024-08-25 12:00:00+00:00,2024-08-26 08:00:00+00:00
ADAUSDT,-1,-57.21456910156789,2024-08-26 08:00:00+00:00,2024-09-12 00:00:00+00:00
ADAUSDT,1,-26.78652861039334,2024-09-12 00:00:00+00:00,2024-09-15 20:00:00+00:00
ADAUSDT,-1,-9.133632865674564,2024-09-15 20:00:00+00:00,2024-09-19 00:00:00+00:00
ADAUSDT,1,-38.4655457169807,2024-09-19 00:00:00+00:00,2024-10-02 12:00:00+00:00
ADAUSDT,-1,-4.487929920041093,2024-10-02 12:00:00+00:00,2024-10-04 12:00:00+00:00
ADAUSDT,1,-0.42830285338156493,2024-10-04 12:00:00+00:00,2024-10-04 16:00:00+00:00
ADAUSDT,-1,-0.3750475840322099,2024-10-04 16:00:00+00:00,2024-10-04 20:00:00+00:00
ADAUSDT,1,-0.9664102940280963,2024-10-04 20:00:00+00:00,2024-10-05 00:00:00+00:00
ADAUSDT,-1,-1.9452452082205178,2024-10-05 00:00:00+00:00,2024-10-05 08:00:00+00:00
ADAUSDT,1,-3.641067869469583,2024-10-05 08:00:00+00:00,2024-10-05 12:00:00+00:00
ADAUSDT,-1,-6.100558970320499,2024-10-05 12:00:00+00:00,2024-10-06 20:00:00+00:00
ADAUSDT,1,-22.15364093452952,2024-10-06 20:00:00+00:00,2024-10-08 00:00:00+00:00
ADAUSDT,-1,-2.3748079057219043,2024-10-08 00:00:00+00:00,2024-10-08 04:00:00+00:00
ADAUSDT,1,-5.8783443966048505,2024-10-08 04:00:00+00:00,2024-10-08 08:00:00+00:00
ADAUSDT,-1,2.1967470330214347,2024-10-08 08:00:00+00:00,2024-10-11 20:00:00+00:00
ADAUSDT,1,-0.9017040099155273,2024-10-11 20:00:00+00:00,2024-10-12 00:00:00+00:00
ADAUSDT,-1,-0.9261505946687846,2024-10-12 00:00:00+00:00,2024-10-12 08:00:00+00:00
ADAUSDT,1,-7.171902267128245,2024-10-12 08:00:00+00:00,2024-10-13 12:00:00+00:00
ADAUSDT,-1,-2.0303053074054156,2024-10-13 12:00:00+00:00,2024-10-14 04:00:00+00:00
ADAUSDT,1,-16.465006498957532,2024-10-14 04:00:00+00:00,2024-10-16 08:00:00+00:00
ADAUSDT,-1,-10.021411584004865,2024-10-16 08:00:00+00:00,2024-10-16 12:00:00+00:00
ADAUSDT,1,-7.768427413021041,2024-10-16 12:00:00+00:00,2024-10-16 16:00:00+00:00
ADAUSDT,-1,-4.182303125167315,2024-10-16 16:00:00+00:00,2024-10-20 16:00:00+00:00
ADAUSDT,1,-22.815478348534295,2024-10-20 16:00:00+00:00,2024-10-23 12:00:00+00:00
ADAUSDT,-1,4.193766921254383,2024-10-23 12:00:00+00:00,2024-10-30 04:00:00+00:00
ADAUSDT,1,-24.42432771799663,2024-10-30 04:00:00+00:00,2024-10-31 16:00:00+00:00
ADAUSDT,-1,-39.399560609665066,2024-10-31 16:00:00+00:00,2024-11-02 04:00:00+00:00
ADAUSDT,1,-17.64419847607748,2024-11-02 04:00:00+00:00,2024-11-03 00:00:00+00:00
ADAUSDT,-1,-51.43602412029318,2024-11-03 00:00:00+00:00,2024-11-06 08:00:00+00:00
ADAUSDT,1,-2.711703465892278,2024-11-06 08:00:00+00:00,2024-11-06 16:00:00+00:00
ADAUSDT,-1,-1.8053262036643953,2024-11-06 16:00:00+00:00,2024-11-06 20:00:00+00:00
ADAUSDT,1,1077.052119761271,2024-11-06 20:00:00+00:00,2024-12-18 20:00:00+00:00
ADAUSDT,-1,28.776216997778466,2024-12-18 20:00:00+00:00,2024-12-31 23:00:00+00:00
EOSUSDT,-1,-91.39385357464326,2021-01-01 04:00:00+00:00,2021-01-04 04:00:00+00:00
EOSUSDT,1,-9.797197541677154,2021-01-04 04:00:00+00:00,2021-01-04 12:00:00+00:00
EOSUSDT,-1,-33.40861363195484,2021-01-04 12:00:00+00:00,2021-01-05 12:00:00+00:00
EOSUSDT,1,-1.0356014490877818,2021-01-05 12:00:00+00:00,2021-01-05 16:00:00+00:00
EOSUSDT,-1,-1.5703334203067458,2021-01-05 16:00:00+00:00,2021-01-05 20:00:00+00:00
EOSUSDT,1,-1.9097510689955073,2021-01-05 20:00:00+00:00,2021-01-06 04:00:00+00:00
EOSUSDT,-1,-2.5891949412981083,2021-01-06 04:00:00+00:00,2021-01-06 08:00:00+00:00
EOSUSDT,1,-168.83627003978825,2021-01-06 08:00:00+00:00,2021-01-11 08:00:00+00:00
EOSUSDT,-1,-109.43725609439318,2021-01-11 08:00:00+00:00,2021-01-16 12:00:00+00:00
EOSUSDT,1,-2.0666600192771183,2021-01-16 12:00:00+00:00,2021-01-16 20:00:00+00:00
EOSUSDT,-1,-1.125859078235889,2021-01-16 20:00:00+00:00,2021-01-19 08:00:00+00:00
EOSUSDT,1,-20.47841325278139,2021-01-19 08:00:00+00:00,2021-01-20 00:00:00+00:00
EOSUSDT,-1,-23.059129758242644,2021-01-20 00:00:00+00:00,2021-01-29 16:00:00+00:00
EOSUSDT,1,-15.49592412727325,2021-01-29 16:00:00+00:00,2021-01-29 20:00:00+00:00
EOSUSDT,-1,-28.265161560326163,2021-01-29 20:00:00+00:00,2021-01-30 16:00:00+00:00
EOSUSDT,1,-26.435933020989808,2021-01-30 16:00:00+00:00,2021-02-27 00:00:00+00:00
EOSUSDT,-1,-5.256363800412031,2021-02-27 00:00:00+00:00,2021-02-27 04:00:00+00:00
EOSUSDT,1,-7.9398589578979495,2021-02-27 04:00:00+00:00,2021-02-28 04:00:00+00:00
EOSUSDT,-1,-9.395278741910158,2021-02-28 04:00:00+00:00,2021-03-01 16:00:00+00:00
EOSUSDT,1,-4.193488790249392,2021-03-01 16:00:00+00:00,2021-03-01 20:00:00+00:00
EOSUSDT,-1,-4.646419293147866,2021-03-01 20:00:00+00:00,2021-03-02 00:00:00+00:00
EOSUSDT,1,-4.698091520798035,2021-03-02 00:00:00+00:00,2021-03-02 08:00:00+00:00
EOSUSDT,-1,-6.908237468547148,2021-03-02 08:00:00+00:00,2021-03-02 12:00:00+00:00
EOSUSDT,1,-6.45009745265636,2021-03-02 12:00:00+00:00,2021-03-02 20:00:00+00:00
EOSUSDT,-1,-12.013948167112162,2021-03-02 20:00:00+00:00,2021-03-03 04:00:00+00:00
EOSUSDT,1,-13.081176701300805,2021-03-03 04:00:00+00:00,2021-03-04 20:00:00+00:00
EOSUSDT,-1,-2.098360684989956,2021-03-04 20:00:00+00:00,2021-03-05 00:00:00+00:00
EOSUSDT,1,-4.720865500638838,2021-03-05 00:00:00+00:00,2021-03-05 04:00:00+00:00
EOSUSDT,-1,-37.41623809329394,2021-03-05 04:00:00+00:00,2021-03-10 00:00:00+00:00
EOSUSDT,1,-8.681344417729349,2021-03-10 00:00:00+00:00,2021-03-10 04:00:00+00:00
EOSUSDT,-1,-30.802661885991085,2021-03-10 04:00:00+00:00,2021-03-13 20:00:00+00:00
EOSUSDT,1,-37.80966251275113,2021-03-13 20:00:00+00:00,2021-03-15 00:00:00+00:00
EOSUSDT,-1,-23.035916295262258,2021-03-15 00:00:00+00:00,2021-03-16 16:00:00+00:00
EOSUSDT,1,-4.214014305127227,2021-03-16 16:00:00+00:00,2021-03-16 20:00:00+00:00
EOSUSDT,-1,-2.7063259167229616,2021-03-16 20:00:00+00:00,2021-03-17 00:00:00+00:00
EOSUSDT,1,-3.845395263798856,2021-03-17 00:00:00+00:00,2021-03-17 04:00:00+00:00
EOSUSDT,-1,-15.017200617791195,2021-03-17 04:00:00+00:00,2021-03-18 00:00:00+00:00
EOSUSDT,1,-105.53468531346067,2021-03-18 00:00:00+00:00,2021-03-25 00:00:00+00:00
EOSUSDT,-1,-83.22795383286397,2021-03-25 00:00:00+00:00,2021-03-27 00:00:00+00:00
EOSUSDT,1,109.02335746999694,2021-03-27 00:00:00+00:00,2021-04-23 04:00:00+00:00
EOSUSDT,-1,-12.582593079718766,2021-04-23 04:00:00+00:00,2021-04-24 00:00:00+00:00
EOSUSDT,1,-6.509272684658783,2021-04-24 00:00:00+00:00,2021-04-24 04:00:00+00:00
EOSUSDT,-1,-5.618051903032711,2021-04-24 04:00:00+00:00,2021-04-26 12:00:00+00:00
EOSUSDT,1,0.366591921354269,2021-04-26 12:00:00+00:00,2021-04-28 04:00:00+00:00
EOSUSDT,-1,-0.5127697061575012,2021-04-28 04:00:00+00:00,2021-04-29 00:00:00+00:00
EOSUSDT,1,-2.3106571282923722,2021-04-29 00:00:00+00:00,2021-04-30 00:00:00+00:00
EOSUSDT,-1,-10.852305792153032,2021-04-30 00:00:00+00:00,2021-04-30 08:00:00+00:00
EOSUSDT,1,229.4040763432361,2021-04-30 08:00:00+00:00,2021-05-19 20:00:00+00:00
EOSUSDT,-1,191.46073381815722,2021-05-19 20:00:00+00:00,2021-07-26 04:00:00+00:00
EOSUSDT,1,-0.46138620949786174,2021-07-26 04:00:00+00:00,2021-07-26 12:00:00+00:00
EOSUSDT,-1,-65.87397742343168,2021-07-26 12:00:00+00:00,2021-07-28 20:00:00+00:00
EOSUSDT,1,-5.818016001762425,2021-07-28 20:00:00+00:00,2021-07-29 04:00:00+00:00
EOSUSDT,-1,-2.8036486569668977,2021-07-29 04:00:00+00:00,2021-07-29 08:00:00+00:00
EOSUSDT,1,-3.758000035762631,2021-07-29 08:00:00+00:00,2021-07-30 12:00:00+00:00
EOSUSDT,-1,-2.340726104673529,2021-07-30 12:00:00+00:00,2021-07-30 16:00:00+00:00
EOSUSDT,1,86.44035849379674,2021-07-30 16:00:00+00:00,2021-09-08 00:00:00+00:00
EOSUSDT,-1,-87.68104448755949,2021-09-08 00:00:00+00:00,2021-09-16 08:00:00+00:00
EOSUSDT,1,-13.95147721183136,2021-09-16 08:00:00+00:00,2021-09-16 12:00:00+00:00
EOSUSDT,-1,-29.02105282786867,2021-09-16 12:00:00+00:00,2021-09-17 08:00:00+00:00
EOSUSDT,1,-18.804312848202805,2021-09-17 08:00:00+00:00,2021-09-17 12:00:00+00:00
EOSUSDT,-1,-17.24391419395472,2021-09-17 12:00:00+00:00,2021-09-17 16:00:00+00:00
EOSUSDT,1,-91.62891092414708,2021-09-17 16:00:00+00:00,2021-09-19 12:00:00+00:00
EOSUSDT,-1,-114.43643118985767,2021-09-19 12:00:00+00:00,2021-10-07 08:00:00+00:00
EOSUSDT,1,-15.207415186486758,2021-10-07 08:00:00+00:00,2021-10-07 16:00:00+00:00
EOSUSDT,-1,-4.056767565357908,2021-10-07 16:00:00+00:00,2021-10-08 08:00:00+00:00
EOSUSDT,1,-31.902917736610853,2021-10-08 08:00:00+00:00,2021-10-11 00:00:00+00:00
EOSUSDT,-1,-7.168668912472305,2021-10-11 00:00:00+00:00,2021-10-11 08:00:00+00:00
EOSUSDT,1,-5.039372845197193,2021-10-11 08:00:00+00:00,2021-10-11 12:00:00+00:00
EOSUSDT,-1,-56.449994754521256,2021-10-11 12:00:00+00:00,2021-10-14 20:00:00+00:00
EOSUSDT,1,-2.339053255546274,2021-10-14 20:00:00+00:00,2021-10-15 00:00:00+00:00
EOSUSDT,-1,3.4518667821592803,2021-10-15 00:00:00+00:00,2021-10-15 16:00:00+00:00
EOSUSDT,1,-22.338041689622965,2021-10-15 16:00:00+00:00,2021-10-17 16:00:00+00:00
EOSUSDT,-1,-0.6820228623823237,2021-10-17 16:00:00+00:00,2021-10-18 12:00:00+00:00
EOSUSDT,1,-0.5002212310310971,2021-10-18 12:00:00+00:00,2021-10-18 16:00:00+00:00
EOSUSDT,-1,-1.5986236654871848,2021-10-18 16:00:00+00:00,2021-10-19 04:00:00+00:00
EOSUSDT,1,-4.788627881052127,2021-10-19 04:00:00+00:00,2021-10-19 16:00:00+00:00
EOSUSDT,-1,-8.97186075457322,2021-10-19 16:00:00+00:00,2021-10-20 00:00:00+00:00
EOSUSDT,1,0.41620415266744515,2021-10-20 00:00:00+00:00,2021-10-20 08:00:00+00:00
EOSUSDT,-1,-8.654902757882674,2021-10-20 08:00:00+00:00,2021-10-20 16:00:00+00:00
EOSUSDT,1,-65.59601967747865,2021-10-20 16:00:00+00:00,2021-10-27 12:00:00+00:00
EOSUSDT,-1,-66.49780435875665,2021-10-27 12:00:00+00:00,2021-10-29 16:00:00+00:00
EOSUSDT,1,-2.286834136195972,2021-10-29 16:00:00+00:00,2021-10-30 04:00:00+00:00
EOSUSDT,-1,-32.733812387762256,2021-10-30 04:00:00+00:00,2021-10-31 04:00:00+00:00
EOSUSDT,1,-6.619505723505326,2021-10-31 04:00:00+00:00,2021-10-31 12:00:00+00:00
EOSUSDT,-1,-14.109559712272048,2021-10-31 12:00:00+00:00,2021-11-01 00:00:00+00:00
EOSUSDT,1,-6.30779983839724,2021-11-01 00:00:00+00:00,2021-11-01 04:00:00+00:00
EOSUSDT,-1,-17.65805928132394,2021-11-01 04:00:00+00:00,2021-11-01 08:00:00+00:00
EOSUSDT,1,-36.752309294829644,2021-11-01 08:00:00+00:00,2021-11-04 16:00:00+00:00
EOSUSDT,-1,-2.243169052492115,2021-11-04 16:00:00+00:00,2021-11-04 20:00:00+00:00
EOSUSDT,1,-1.9763992612426904,2021-11-04 20:00:00+00:00,2021-11-05 16:00:00+00:00
EOSUSDT,-1,-1.1211878184860895,2021-11-05 16:00:00+00:00,2021-11-05 20:00:00+00:00
EOSUSDT,1,0.9569360890730143,2021-11-05 20:00:00+00:00,2021-11-06 04:00:00+00:00
EOSUSDT,-1,-7.8288471255740575,2021-11-06 04:00:00+00:00,2021-11-08 04:00:00+00:00
EOSUSDT,1,-81.67389508310495,2021-11-08 04:00:00+00:00,2021-11-16 12:00:00+00:00
EOSUSDT,-1,583.7004066650586,2021-11-16 12:00:00+00:00,2022-02-08 00:00:00+00:00
EOSUSDT,1,-2.7413368042964477,2022-02-08 00:00:00+00:00,2022-02-08 08:00:00+00:00
EOSUSDT,-1,0.07897643659382458,2022-02-08 08:00:00+00:00,2022-02-09 16:00:00+00:00
EOSUSDT,1,-6.347231460853075,2022-02-09 16:00:00+00:00,2022-02-10 20:00:00+00:00
EOSUSDT,-1,-11.89274093368661,2022-02-10 20:00:00+00:00,2022-02-16 04:00:00+00:00
EOSUSDT,1,-11.480819172587095,2022-02-16 04:00:00+00:00,2022-02-17 16:00:00+00:00
EOSUSDT,-1,25.608672230116355,2022-02-17 16:00:00+00:00,2022-03-20 00:00:00+00:00
EOSUSDT,1,-26.627256465182185,2022-03-20 00:00:00+00:00,2022-04-11 04:00:00+00:00
EOSUSDT,-1,-35.86362343825019,2022-04-11 04:00:00+00:00,2022-04-14 00:00:00+00:00
EOSUSDT,1,-3.0612133351947355,2022-04-14 00:00:00+00:00,2022-04-14 08:00:00+00:00
EOSUSDT,-1,-4.462757337547209,2022-04-14 08:00:00+00:00,2022-04-15 04:00:00+00:00
EOSUSDT,1,-3.042207140018443,2022-04-15 04:00:00+00:00,2022-04-15 08:00:00+00:00
EOSUSDT,-1,-4.858956264564988,2022-04-15 08:00:00+00:00,2022-04-15 16:00:00+00:00
EOSUSDT,1,-31.836836957741447,2022-04-15 16:00:00+00:00,2022-04-18 08:00:00+00:00
EOSUSDT,-1,-40.88854560858319,2022-04-18 08:00:00+00:00,2022-04-19 16:00:00+00:00
EOSUSDT,1,-39.32053367823599,2022-04-19 16:00:00+00:00,2022-04-22 04:00:00+00:00
EOSUSDT,-1,1050.79426157774,2022-04-22 04:00:00+00:00,2022-07-08 08:00:00+00:00
EOSUSDT,1,-6.120608163021005,2022-07-08 08:00:00+00:00,2022-07-09 00:00:00+00:00
EOSUSDT,-1,-4.295506917161418,2022-07-09 00:00:00+00:00,2022-07-09 04:00:00+00:00
EOSUSDT,1,-10.504984874073843,2022-07-09 04:00:00+00:00,2022-07-11 04:00:00+00:00
EOSUSDT,-1,-18.867537241569927,2022-07-11 04:00:00+00:00,2022-07-15 16:00:00+00:00
EOSUSDT,1,-2.4613539438312015,2022-07-15 16:00:00+00:00,2022-07-16 04:00:00+00:00
EOSUSDT,-1,-18.405107650404076,2022-07-16 04:00:00+00:00,2022-07-17 00:00:00+00:00
EOSUSDT,1,426.8385071787203,2022-07-17 00:00:00+00:00,2022-09-14 20:00:00+00:00
EOSUSDT,-1,-6.828451139313996,2022-09-14 20:00:00+00:00,2022-09-15 00:00:00+00:00
EOSUSDT,1,-31.32327820002404,2022-09-15 00:00:00+00:00,2022-09-15 16:00:00+00:00
EOSUSDT,-1,195.42432546558317,2022-09-15 16:00:00+00:00,2022-10-29 04:00:00+00:00
EOSUSDT,1,-1.9052350435510674,2022-10-29 04:00:00+00:00,2022-10-29 16:00:00+00:00
EOSUSDT,-1,-1.3277439147094559,2022-10-29 16:00:00+00:00,2022-10-29 20:00:00+00:00
EOSUSDT,1,-1.682368540577962,2022-10-29 20:00:00+00:00,2022-10-30 00:00:00+00:00
EOSUSDT,-1,-0.5776690185043868,2022-10-30 00:00:00+00:00,2022-10-30 04:00:00+00:00
EOSUSDT,1,-1.1446860792007365,2022-10-30 04:00:00+00:00,2022-10-30 12:00:00+00:00
EOSUSDT,-1,-0.1887452883089269,2022-10-30 12:00:00+00:00,2022-10-31 12:00:00+00:00
EOSUSDT,1,-3.3799863913236963,2022-10-31 12:00:00+00:00,2022-10-31 16:00:00+00:00
EOSUSDT,-1,-5.164773994693128,2022-10-31 16:00:00+00:00,2022-10-31 20:00:00+00:00
EOSUSDT,1,-79.21458096980564,2022-10-31 20:00:00+00:00,2022-11-08 04:00:00+00:00
EOSUSDT,-1,91.65728938898687,2022-11-08 04:00:00+00:00,2022-12-06 16:00:00+00:00
EOSUSDT,1,-3.2000886150882026,2022-12-06 16:00:00+00:00,2022-12-06 20:00:00+00:00
EOSUSDT,-1,-2.5774525756402804,2022-12-06 20:00:00+00:00,2022-12-07 00:00:00+00:00
EOSUSDT,1,-8.681540598381424,2022-12-07 00:00:00+00:00,2022-12-07 08:00:00+00:00
EOSUSDT,-1,-17.76623640647751,2022-12-07 08:00:00+00:00,2022-12-07 16:00:00+00:00
EOSUSDT,1,-71.38323768147504,2022-12-07 16:00:00+00:00,2022-12-16 12:00:00+00:00
EOSUSDT,-1,-62.198502643067314,2022-12-16 12:00:00+00:00,2023-01-09 04:00:00+00:00
EOSUSDT,1,16.877628514697108,2023-01-09 04:00:00+00:00,2023-02-10 16:00:00+00:00
EOSUSDT,-1,-5.302814236057891,2023-02-10 16:00:00+00:00,2023-02-10 20:00:00+00:00
EOSUSDT,1,-30.484697465974417,2023-02-10 20:00:00+00:00,2023-02-13 12:00:00+00:00
EOSUSDT,-1,-3.3931745003846165,2023-02-13 12:00:00+00:00,2023-02-14 00:00:00+00:00
EOSUSDT,1,-2.5298920086881034,2023-02-14 00:00:00+00:00,2023-02-14 04:00:00+00:00
EOSUSDT,-1,-4.444421674471282,2023-02-14 04:00:00+00:00,2023-02-14 16:00:00+00:00
EOSUSDT,1,0.35658480304883255,2023-02-14 16:00:00+00:00,2023-03-08 20:00:00+00:00
EOSUSDT,-1,-1.0439027738917273,2023-03-08 20:00:00+00:00,2023-03-09 04:00:00+00:00
EOSUSDT,1,-24.55674544534194,2023-03-09 04:00:00+00:00,2023-03-09 20:00:00+00:00
EOSUSDT,-1,-118.48753603717977,2023-03-09 20:00:00+00:00,2023-03-14 16:00:00+00:00
EOSUSDT,1,-4.255268912991938,2023-03-14 16:00:00+00:00,2023-03-14 20:00:00+00:00
EOSUSDT,-1,-70.45746942552982,2023-03-14 20:00:00+00:00,2023-03-18 00:00:00+00:00
EOSUSDT,1,-11.716620041286898,2023-03-18 00:00:00+00:00,2023-03-18 16:00:00+00:00
EOSUSDT,-1,-7.263498649507238,2023-03-18 16:00:00+00:00,2023-03-19 16:00:00+00:00
EOSUSDT,1,-11.39277453907149,2023-03-19 16:00:00+00:00,2023-03-20 04:00:00+00:00
EOSUSDT,-1,-4.2972369381503945,2023-03-20 04:00:00+00:00,2023-03-20 08:00:00+00:00
EOSUSDT,1,-55.80579517447613,2023-03-20 08:00:00+00:00,2023-03-22 20:00:00+00:00
EOSUSDT,-1,-19.6993528974181,2023-03-22 20:00:00+00:00,2023-03-23 16:00:00+00:00
EOSUSDT,1,-9.783997716231388,2023-03-23 16:00:00+00:00,2023-03-24 12:00:00+00:00
EOSUSDT,-1,-22.2321065785699,2023-03-24 12:00:00+00:00,2023-03-24 16:00:00+00:00
EOSUSDT,1,-63.271498111036074,2023-03-24 16:00:00+00:00,2023-03-25 20:00:00+00:00
EOSUSDT,-1,-30.656332606292125,2023-03-25 20:00:00+00:00,2023-03-29 08:00:00+00:00
EOSUSDT,1,-53.06096443148918,2023-03-29 08:00:00+00:00,2023-04-19 12:00:00+00:00
EOSUSDT,-1,197.68889443435762,2023-04-19 12:00:00+00:00,2023-06-04 16:00:00+00:00
EOSUSDT,1,-3.4435090798967614,2023-06-04 16:00:00+00:00,2023-06-05 04:00:00+00:00
EOSUSDT,-1,-2.1557372556936505,2023-06-05 04:00:00+00:00,2023-06-05 08:00:00+00:00
EOSUSDT,1,-10.447811174950472,2023-06-05 08:00:00+00:00,2023-06-05 16:00:00+00:00
EOSUSDT,-1,-68.92727561928605,2023-06-05 16:00:00+00:00,2023-06-08 20:00:00+00:00
EOSUSDT,1,-7.695033984048844,2023-06-08 20:00:00+00:00,2023-06-10 04:00:00+00:00
EOSUSDT,-1,-46.87943326093617,2023-06-10 04:00:00+00:00,2023-07-01 08:00:00+00:00
EOSUSDT,1,-5.282174708069635,2023-07-01 08:00:00+00:00,2023-07-01 16:00:00+00:00
EOSUSDT,-1,-3.7772341712422857,2023-07-01 16:00:00+00:00,2023-07-02 00:00:00+00:00
EOSUSDT,1,-8.808787276043713,2023-07-02 00:00:00+00:00,2023-07-02 04:00:00+00:00
EOSUSDT,-1,-22.195766734721207,2023-07-02 04:00:00+00:00,2023-07-06 08:00:00+00:00
EOSUSDT,1,-4.953406659571676,2023-07-06 08:00:00+00:00,2023-07-06 16:00:00+00:00
EOSUSDT,-1,-3.0740673103927367,2023-07-06 16:00:00+00:00,2023-07-07 16:00:00+00:00
EOSUSDT,1,-2.160882694849685,2023-07-07 16:00:00+00:00,2023-07-07 20:00:00+00:00
EOSUSDT,-1,-1.9352289335150483,2023-07-07 20:00:00+00:00,2023-07-08 00:00:00+00:00
EOSUSDT,1,-2.911188773153941,2023-07-08 00:00:00+00:00,2023-07-08 08:00:00+00:00
EOSUSDT,-1,-1.2295909288190803,2023-07-08 08:00:00+00:00,2023-07-09 00:00:00+00:00
EOSUSDT,1,-3.6513849821962747,2023-07-09 00:00:00+00:00,2023-07-10 04:00:00+00:00
EOSUSDT,-1,-1.738325947725469,2023-07-10 04:00:00+00:00,2023-07-10 12:00:00+00:00
EOSUSDT,1,3.4606541385752587,2023-07-10 12:00:00+00:00,2023-07-10 20:00:00+00:00
EOSUSDT,-1,0.65606345333851,2023-07-10 20:00:00+00:00,2023-07-11 08:00:00+00:00
EOSUSDT,1,0.3584857609175461,2023-07-11 08:00:00+00:00,2023-07-12 00:00:00+00:00
EOSUSDT,-1,3.218427693992407,2023-07-12 00:00:00+00:00,2023-07-12 16:00:00+00:00
EOSUSDT,1,-0.788872358163156,2023-07-12 16:00:00+00:00,2023-07-13 04:00:00+00:00
EOSUSDT,-1,-11.23851343845933,2023-07-13 04:00:00+00:00,2023-07-13 16:00:00+00:00
EOSUSDT,1,-101.12370462031755,2023-07-13 16:00:00+00:00,2023-08-01 04:00:00+00:00
EOSUSDT,-1,-4.172757635247949,2023-08-01 04:00:00+00:00,2023-08-01 20:00:00+00:00
EOSUSDT,1,-2.7254825787038772,2023-08-01 20:00:00+00:00,2023-08-02 08:00:00+00:00
EOSUSDT,-1,-1.427590323873005,2023-08-02 08:00:00+00:00,2023-08-02 12:00:00+00:00
EOSUSDT,1,-3.8854270720044384,2023-08-02 12:00:00+00:00,2023-08-02 16:00:00+00:00
EOSUSDT,-1,161.46684920272048,2023-08-02 16:00:00+00:00,2023-09-24 12:00:00+00:00
EOSUSDT,1,0.28093333193909,2023-09-24 12:00:00+00:00,2023-09-24 16:00:00+00:00
EOSUSDT,-1,-5.114838450900855,2023-09-24 16:00:00+00:00,2023-09-29 08:00:00+00:00
EOSUSDT,1,-1.8977149478257402,2023-09-29 08:00:00+00:00,2023-09-29 12:00:00+00:00
EOSUSDT,-1,-5.677951832799045,2023-09-29 12:00:00+00:00,2023-09-29 16:00:00+00:00
EOSUSDT,1,-18.47869190422137,2023-09-29 16:00:00+00:00,2023-10-04 16:00:00+00:00
EOSUSDT,-1,-28.945239322726557,2023-10-04 16:00:00+00:00,2023-10-23 04:00:00+00:00
EOSUSDT,1,-4.008335331631596,2023-10-23 04:00:00+00:00,2023-10-23 08:00:00+00:00
EOSUSDT,-1,-7.501749874127845,2023-10-23 08:00:00+00:00,2023-10-23 12:00:00+00:00
EOSUSDT,1,136.62901988566372,2023-10-23 12:00:00+00:00,2023-12-01 16:00:00+00:00
EOSUSDT,-1,-2.6501991762903034,2023-12-01 16:00:00+00:00,2023-12-01 20:00:00+00:00
EOSUSDT,1,109.56159158027066,2023-12-01 20:00:00+00:00,2024-01-03 20:00:00+00:00
EOSUSDT,-1,-52.343695679406764,2024-01-03 20:00:00+00:00,2024-02-09 20:00:00+00:00
EOSUSDT,1,-22.375554695205935,2024-02-09 20:00:00+00:00,2024-02-12 12:00:00+00:00
EOSUSDT,-1,-4.260389083883038,2024-02-12 12:00:00+00:00,2024-02-12 16:00:00+00:00
EOSUSDT,1,213.1023122034196,2024-02-12 16:00:00+00:00,2024-03-20 00:00:00+00:00
EOSUSDT,-1,-8.129661576031888,2024-03-20 00:00:00+00:00,2024-03-20 08:00:00+00:00
EOSUSDT,1,-30.179472789350136,2024-03-20 08:00:00+00:00,2024-04-01 20:00:00+00:00
EOSUSDT,-1,-36.16717460495454,2024-04-01 20:00:00+00:00,2024-04-08 12:00:00+00:00
EOSUSDT,1,-49.31630121580524,2024-04-08 12:00:00+00:00,2024-04-10 12:00:00+00:00
EOSUSDT,-1,-1.0865203922031856,2024-04-10 12:00:00+00:00,2024-04-10 20:00:00+00:00
EOSUSDT,1,-119.5503345664073,2024-04-10 20:00:00+00:00,2024-04-12 20:00:00+00:00
EOSUSDT,-1,71.33246283045858,2024-04-12 20:00:00+00:00,2024-05-17 12:00:00+00:00
EOSUSDT,1,-4.2876593044837215,2024-05-17 12:00:00+00:00,2024-05-19 12:00:00+00:00
EOSUSDT,-1,-59.21467366140739,2024-05-19 12:00:00+00:00,2024-05-20 20:00:00+00:00
EOSUSDT,1,-67.25041943384862,2024-05-20 20:00:00+00:00,2024-05-28 08:00:00+00:00
EOSUSDT,-1,-2.886951069705175,2024-05-28 08:00:00+00:00,2024-05-28 12:00:00+00:00
EOSUSDT,1,-2.4452726785123717,2024-05-28 12:00:00+00:00,2024-05-29 00:00:00+00:00
EOSUSDT,-1,-5.251109034493739,2024-05-29 00:00:00+00:00,2024-05-29 04:00:00+00:00
EOSUSDT,1,-6.6950289936584575,2024-05-29 04:00:00+00:00,2024-05-29 16:00:00+00:00
EOSUSDT,-1,-4.516345234797531,2024-05-29 16:00:00+00:00,2024-05-29 20:00:00+00:00
EOSUSDT,1,-1.510841733560445,2024-05-29 20:00:00+00:00,2024-05-30 00:00:00+00:00
EOSUSDT,-1,-8.72416409266644,2024-05-30 00:00:00+00:00,2024-05-30 04:00:00+00:00
EOSUSDT,1,-19.5689383237139,2024-05-30 04:00:00+00:00,2024-05-30 08:00:00+00:00
EOSUSDT,-1,-17.02506473694451,2024-05-30 08:00:00+00:00,2024-05-30 16:00:00+00:00
EOSUSDT,1,-3.7330906869046974,2024-05-30 16:00:00+00:00,2024-05-31 00:00:00+00:00
EOSUSDT,-1,-1.4869443322586675,2024-05-31 00:00:00+00:00,2024-05-31 04:00:00+00:00
EOSUSDT,1,-4.482633439586334,2024-05-31 04:00:00+00:00,2024-05-31 08:00:00+00:00
EOSUSDT,-1,-2.16698723112231,2024-05-31 08:00:00+00:00,2024-05-31 12:00:00+00:00
EOSUSDT,1,-11.222596366591434,2024-05-31 12:00:00+00:00,2024-05-31 16:00:00+00:00
EOSUSDT,-1,-10.595343668190464,2024-05-31 16:00:00+00:00,2024-05-31 20:00:00+00:00
EOSUSDT,1,-5.116676803879617,2024-05-31 20:00:00+00:00,2024-06-01 04:00:00+00:00
EOSUSDT,-1,-0.08821454163741099,2024-06-01 04:00:00+00:00,2024-06-01 12:00:00+00:00
EOSUSDT,1,-7.83460251703913,2024-06-01 12:00:00+00:00,2024-06-01 20:00:00+00:00
EOSUSDT,-1,-1.9229598511758426,2024-06-01 20:00:00+00:00,2024-06-02 04:00:00+00:00
EOSUSDT,1,-11.126764766500397,2024-06-02 04:00:00+00:00,2024-06-02 20:00:00+00:00
EOSUSDT,-1,-5.394157841669686,2024-06-02 20:00:00+00:00,2024-06-03 08:00:00+00:00
EOSUSDT,1,-8.935126775685136,2024-06-03 08:00:00+00:00,2024-06-04 00:00:00+00:00
EOSUSDT,-1,-16.143974597745597,2024-06-04 00:00:00+00:00,2024-06-05 00:00:00+00:00
EOSUSDT,1,-1.010098486343654,2024-06-05 00:00:00+00:00,2024-06-05 04:00:00+00:00
EOSUSDT,-1,-2.3022438729161965,2024-06-05 04:00:00+00:00,2024-06-05 08:00:00+00:00
EOSUSDT,1,-1.7268394762417465,2024-06-05 08:00:00+00:00,2024-06-05 16:00:00+00:00
EOSUSDT,-1,329.9288331550503,2024-06-05 16:00:00+00:00,2024-07-16 08:00:00+00:00
EOSUSDT,1,-91.28155325573107,2024-07-16 08:00:00+00:00,2024-07-25 20:00:00+00:00
EOSUSDT,-1,-33.82982163181059,2024-07-25 20:00:00+00:00,2024-07-26 16:00:00+00:00
EOSUSDT,1,-52.52979628713039,2024-07-26 16:00:00+00:00,2024-08-01 08:00:00+00:00
EOSUSDT,-1,62.238001405206546,2024-08-01 08:00:00+00:00,2024-08-23 04:00:00+00:00
EOSUSDT,1,0.14574925751805168,2024-08-23 04:00:00+00:00,2024-08-25 08:00:00+00:00
EOSUSDT,-1,-1.9493811554425724,2024-08-25 08:00:00+00:00,2024-08-25 12:00:00+00:00
EOSUSDT,1,-2.922698005044732,2024-08-25 12:00:00+00:00,2024-08-26 08:00:00+00:00
EOSUSDT,-1,-19.768944436332042,2024-08-26 08:00:00+00:00,2024-09-10 08:00:00+00:00
EOSUSDT,1,-1.7264246010598945,2024-09-10 08:00:00+00:00,2024-09-10 12:00:00+00:00
EOSUSDT,-1,-10.340860223682478,2024-09-10 12:00:00+00:00,2024-09-11 20:00:00+00:00
EOSUSDT,1,-0.6830570505238716,2024-09-11 20:00:00+00:00,2024-09-12 00:00:00+00:00
EOSUSDT,-1,-4.143089537914183,2024-09-12 00:00:00+00:00,2024-09-12 04:00:00+00:00
EOSUSDT,1,-1.0517144164007204,2024-09-12 04:00:00+00:00,2024-09-12 16:00:00+00:00
EOSUSDT,-1,-2.784909224930869,2024-09-12 16:00:00+00:00,2024-09-12 20:00:00+00:00
EOSUSDT,1,-27.420033289378253,2024-09-12 20:00:00+00:00,2024-09-15 20:00:00+00:00
EOSUSDT,-1,-13.644287992518006,2024-09-15 20:00:00+00:00,2024-09-19 04:00:00+00:00
EOSUSDT,1,-50.458669657447246,2024-09-19 04:00:00+00:00,2024-10-02 00:00:00+00:00
EOSUSDT,-1,-42.52427779436711,2024-10-02 00:00:00+00:00,2024-10-20 00:00:00+00:00
EOSUSDT,1,-1.514299279690402,2024-10-20 00:00:00+00:00,2024-10-20 04:00:00+00:00
EOSUSDT,-1,-1.1968121567264753,2024-10-20 04:00:00+00:00,2024-10-20 08:00:00+00:00
EOSUSDT,1,-9.270819588488934,2024-10-20 08:00:00+00:00,2024-10-22 12:00:00+00:00
EOSUSDT,-1,13.996870616976466,2024-10-22 12:00:00+00:00,2024-11-09 16:00:00+00:00
EOSUSDT,1,898.751160907385,2024-11-09 16:00:00+00:00,2024-12-19 20:00:00+00:00
EOSUSDT,-1,-140.85598735247527,2024-12-19 20:00:00+00:00,2024-12-31 23:00:00+00:00
TRXUSDT,-1,-88.51853155661244,2021-01-01 04:00:00+00:00,2021-01-04 04:00:00+00:00
TRXUSDT,1,-11.047567472872023,2021-01-04 04:00:00+00:00,2021-01-04 12:00:00+00:00
TRXUSDT,-1,-31.20392406851687,2021-01-04 12:00:00+00:00,2021-01-04 16:00:00+00:00
TRXUSDT,1,-8.482537028444392,2021-01-04 16:00:00+00:00,2021-01-05 04:00:00+00:00
TRXUSDT,-1,-54.34992887405003,2021-01-05 04:00:00+00:00,2021-01-06 12:00:00+00:00
TRXUSDT,1,-76.75994221724702,2021-01-06 12:00:00+00:00,2021-01-11 12:00:00+00:00
TRXUSDT,-1,-5.936826344363782,2021-01-11 12:00:00+00:00,2021-01-12 04:00:00+00:00
TRXUSDT,1,-5.002164309682619,2021-01-12 04:00:00+00:00,2021-01-12 12:00:00+00:00
TRXUSDT,-1,-5.75543106091362,2021-01-12 12:00:00+00:00,2021-01-13 08:00:00+00:00
TRXUSDT,1,-0.9625878931904776,2021-01-13 08:00:00+00:00,2021-01-13 12:00:00+00:00
TRXUSDT,-1,-3.0998471563682823,2021-01-13 12:00:00+00:00,2021-01-13 16:00:00+00:00
TRXUSDT,1,-4.805975452752168,2021-01-13 16:00:00+00:00,2021-01-15 16:00:00+00:00
TRXUSDT,-1,-2.4714553848011116,2021-01-15 16:00:00+00:00,2021-01-16 00:00:00+00:00
TRXUSDT,1,-53.25030174700964,2021-01-16 00:00:00+00:00,2021-01-21 12:00:00+00:00
TRXUSDT,-1,-23.760257529438,2021-01-21 12:00:00+00:00,2021-01-24 04:00:00+00:00
TRXUSDT,1,-47.49400495106164,2021-01-24 04:00:00+00:00,2021-01-26 04:00:00+00:00
TRXUSDT,-1,-1.6633806397978528,2021-01-26 04:00:00+00:00,2021-01-26 12:00:00+00:00
TRXUSDT,1,-1.6220965933201832,2021-01-26 12:00:00+00:00,2021-01-26 16:00:00+00:00
TRXUSDT,-1,-6.1570306264303705,2021-01-26 16:00:00+00:00,2021-01-27 00:00:00+00:00
TRXUSDT,1,-9.28034296041608,2021-01-27 00:00:00+00:00,2021-01-27 04:00:00+00:00
TRXUSDT,-1,-11.411504002200832,2021-01-27 04:00:00+00:00,2021-01-28 16:00:00+00:00
TRXUSDT,1,637.6177790266579,2021-01-28 16:00:00+00:00,2021-04-23 08:00:00+00:00
TRXUSDT,-1,-22.113220592541147,2021-04-23 08:00:00+00:00,2021-04-23 12:00:00+00:00
TRXUSDT,1,-143.50132814586019,2021-04-23 12:00:00+00:00,2021-05-11 04:00:00+00:00
TRXUSDT,-1,-11.263938840013498,2021-05-11 04:00:00+00:00,2021-05-11 08:00:00+00:00
TRXUSDT,1,-90.05789492100972,2021-05-11 08:00:00+00:00,2021-05-13 00:00:00+00:00
TRXUSDT,-1,527.0974402622422,2021-05-13 00:00:00+00:00,2021-07-26 20:00:00+00:00
TRXUSDT,1,-37.169331430623814,2021-07-26 20:00:00+00:00,2021-07-27 00:00:00+00:00
TRXUSDT,-1,-79.80657046486903,2021-07-27 00:00:00+00:00,2021-07-30 00:00:00+00:00
TRXUSDT,1,-20.133757190938226,2021-07-30 00:00:00+00:00,2021-07-30 12:00:00+00:00
TRXUSDT,-1,-11.41237301388186,2021-07-30 12:00:00+00:00,2021-07-30 16:00:00+00:00
TRXUSDT,1,300.9075972710983,2021-07-30 16:00:00+00:00,2021-09-08 04:00:00+00:00
TRXUSDT,-1,-16.79623958798085,2021-09-08 04:00:00+00:00,2021-09-08 12:00:00+00:00
TRXUSDT,1,39.38676423876255,2021-09-08 12:00:00+00:00,2021-09-20 12:00:00+00:00
TRXUSDT,-1,-5.172625022999145,2021-09-20 12:00:00+00:00,2021-09-20 16:00:00+00:00
TRXUSDT,1,-3.2569647185436628,2021-09-20 16:00:00+00:00,2021-09-20 20:00:00+00:00
TRXUSDT,-1,-6.804847954250588,2021-09-20 20:00:00+00:00,2021-09-22 16:00:00+00:00
TRXUSDT,1,-19.555370386892054,2021-09-22 16:00:00+00:00,2021-09-25 20:00:00+00:00
TRXUSDT,-1,-77.2213506076731,2021-09-25 20:00:00+00:00,2021-10-03 20:00:00+00:00
TRXUSDT,1,-3.3021631825019524,2021-10-03 20:00:00+00:00,2021-10-04 00:00:00+00:00
TRXUSDT,-1,-24.267247714985476,2021-10-04 00:00:00+00:00,2021-10-05 08:00:00+00:00
TRXUSDT,1,-1.334801046952269,2021-10-05 08:00:00+00:00,2021-10-05 12:00:00+00:00
TRXUSDT,-1,-44.216097090784274,2021-10-05 12:00:00+00:00,2021-10-07 08:00:00+00:00
TRXUSDT,1,-14.058860204191046,2021-10-07 08:00:00+00:00,2021-10-07 12:00:00+00:00
TRXUSDT,-1,-12.707308190461333,2021-10-07 12:00:00+00:00,2021-10-08 04:00:00+00:00
TRXUSDT,1,-19.971815165626218,2021-10-08 04:00:00+00:00,2021-10-12 04:00:00+00:00
TRXUSDT,-1,-3.320871852178576,2021-10-12 04:00:00+00:00,2021-10-13 00:00:00+00:00
TRXUSDT,1,-4.592846785465801,2021-10-13 00:00:00+00:00,2021-10-13 08:00:00+00:00
TRXUSDT,-1,-3.571707117559875,2021-10-13 08:00:00+00:00,2021-10-13 12:00:00+00:00
TRXUSDT,1,-2.423904554091526,2021-10-13 12:00:00+00:00,2021-10-14 08:00:00+00:00
TRXUSDT,-1,-4.265155410054861,2021-10-14 08:00:00+00:00,2021-10-14 12:00:00+00:00
TRXUSDT,1,-11.199897362164096,2021-10-14 12:00:00+00:00,2021-10-14 16:00:00+00:00
TRXUSDT,-1,-0.8548236433214028,2021-10-14 16:00:00+00:00,2021-10-15 04:00:00+00:00
TRXUSDT,1,-1.2749024494119208,2021-10-15 04:00:00+00:00,2021-10-15 12:00:00+00:00
TRXUSDT,-1,-3.270048993930167,2021-10-15 12:00:00+00:00,2021-10-15 16:00:00+00:00
TRXUSDT,1,-32.886511487332186,2021-10-15 16:00:00+00:00,2021-10-27 12:00:00+00:00
TRXUSDT,-1,-67.16281777826839,2021-10-27 12:00:00+00:00,2021-10-29 04:00:00+00:00
TRXUSDT,1,-9.23920473544768,2021-10-29 04:00:00+00:00,2021-10-29 08:00:00+00:00
TRXUSDT,-1,-2.103710570184119,2021-10-29 08:00:00+00:00,2021-10-29 12:00:00+00:00
TRXUSDT,1,39.920090553481145,2021-10-29 12:00:00+00:00,2021-11-19 08:00:00+00:00
TRXUSDT,-1,-8.812233379340269,2021-11-19 08:00:00+00:00,2021-11-19 16:00:00+00:00
TRXUSDT,1,-20.1652586489345,2021-11-19 16:00:00+00:00,2021-11-20 16:00:00+00:00
TRXUSDT,-1,-4.666941705833941,2021-11-20 16:00:00+00:00,2021-11-20 20:00:00+00:00
TRXUSDT,1,-57.87122007105397,2021-11-20 20:00:00+00:00,2021-11-22 20:00:00+00:00
TRXUSDT,-1,436.4473700028888,2021-11-22 20:00:00+00:00,2022-02-07 12:00:00+00:00
TRXUSDT,1,-59.51741220120823,2022-02-07 12:00:00+00:00,2022-02-12 00:00:00+00:00
TRXUSDT,-1,-7.968340244825273,2022-02-12 00:00:00+00:00,2022-02-13 12:00:00+00:00
TRXUSDT,1,-2.7047432545116505,2022-02-13 12:00:00+00:00,2022-02-14 04:00:00+00:00
TRXUSDT,-1,-3.9702734200083105,2022-02-14 04:00:00+00:00,2022-02-14 16:00:00+00:00
TRXUSDT,1,-4.241527675094626,2022-02-14 16:00:00+00:00,2022-02-14 20:00:00+00:00
TRXUSDT,-1,-2.717879198502984,2022-02-14 20:00:00+00:00,2022-02-15 00:00:00+00:00
TRXUSDT,1,-26.385034359434698,2022-02-15 00:00:00+00:00,2022-02-18 00:00:00+00:00
TRXUSDT,-1,-4.280878088981691,2022-02-18 00:00:00+00:00,2022-02-18 08:00:00+00:00
TRXUSDT,1,-3.095701962018938,2022-02-18 08:00:00+00:00,2022-02-18 16:00:00+00:00
TRXUSDT,-1,-2.122913374488546,2022-02-18 16:00:00+00:00,2022-02-18 20:00:00+00:00
TRXUSDT,1,-13.876303684375056,2022-02-18 20:00:00+00:00,2022-02-20 04:00:00+00:00
TRXUSDT,-1,-8.867222071976284,2022-02-20 04:00:00+00:00,2022-02-21 08:00:00+00:00
TRXUSDT,1,-6.294663612958284,2022-02-21 08:00:00+00:00,2022-02-21 12:00:00+00:00
TRXUSDT,-1,-52.87999406132032,2022-02-21 12:00:00+00:00,2022-03-01 04:00:00+00:00
TRXUSDT,-1,-46.05660855512488,2022-03-18 12:00:00+00:00,2022-03-19 20:00:00+00:00
TRXUSDT,1,239.5524996120175,2022-03-19 20:00:00+00:00,2022-04-03 04:00:00+00:00
TRXUSDT,-1,-88.25325041985562,2022-04-20 12:00:00+00:00,2022-04-23 08:00:00+00:00
TRXUSDT,1,-130.81958805838894,2022-04-23 08:00:00+00:00,2022-04-27 00:00:00+00:00
TRXUSDT,-1,-20.152746503146876,2022-04-27 00:00:00+00:00,2022-04-27 20:00:00+00:00
TRXUSDT,1,10.758044970493984,2022-04-27 20:00:00+00:00,2022-04-28 00:00:00+00:00
TRXUSDT,-1,-9.697055530703494,2022-04-28 20:00:00+00:00,2022-04-29 08:00:00+00:00
TRXUSDT,1,-12.904772633542173,2022-04-29 08:00:00+00:00,2022-04-29 20:00:00+00:00
TRXUSDT,-1,-4.692813026930836,2022-04-29 20:00:00+00:00,2022-04-30 00:00:00+00:00
TRXUSDT,1,-8.732459195760184,2022-04-30 00:00:00+00:00,2022-04-30 16:00:00+00:00
TRXUSDT,-1,-41.1755136234825,2022-04-30 16:00:00+00:00,2022-05-01 08:00:00+00:00
TRXUSDT,1,-237.7157174611898,2022-05-01 08:00:00+00:00,2022-05-16 16:00:00+00:00
TRXUSDT,-1,-5.009926162769169,2022-05-16 16:00:00+00:00,2022-05-16 20:00:00+00:00
TRXUSDT,1,2.660847436354956,2022-05-16 20:00:00+00:00,2022-06-11 12:00:00+00:00
TRXUSDT,-1,-22.369052214522853,2022-06-11 12:00:00+00:00,2022-06-12 16:00:00+00:00
TRXUSDT,1,-15.77965944125949,2022-06-12 16:00:00+00:00,2022-06-12 20:00:00+00:00
TRXUSDT,-1,-4.197908404604377,2022-06-12 20:00:00+00:00,2022-07-08 16:00:00+00:00
TRXUSDT,1,-13.150720852886586,2022-07-08 16:00:00+00:00,2022-07-11 04:00:00+00:00
TRXUSDT,-1,-26.876892908618125,2022-07-11 04:00:00+00:00,2022-07-13 12:00:00+00:00
TRXUSDT,1,-4.826159572942288,2022-07-13 12:00:00+00:00,2022-07-13 16:00:00+00:00
TRXUSDT,-1,-41.703416307274146,2022-07-13 16:00:00+00:00,2022-07-15 08:00:00+00:00
TRXUSDT,1,-38.61688762718185,2022-07-15 08:00:00+00:00,2022-07-23 00:00:00+00:00
TRXUSDT,-1,-2.7756346186861003,2022-07-23 00:00:00+00:00,2022-07-23 04:00:00+00:00
TRXUSDT,1,-11.37975399157833,2022-07-23 04:00:00+00:00,2022-07-23 12:00:00+00:00
TRXUSDT,-1,-9.705481460754566,2022-07-23 12:00:00+00:00,2022-07-24 08:00:00+00:00
TRXUSDT,1,-12.854913656531085,2022-07-24 08:00:00+00:00,2022-07-25 04:00:00+00:00
TRXUSDT,-1,-25.622475140638763,2022-07-25 04:00:00+00:00,2022-07-27 08:00:00+00:00
TRXUSDT,1,-24.22542618537345,2022-07-27 08:00:00+00:00,2022-08-18 00:00:00+00:00
TRXUSDT,-1,9.130151202817856,2022-08-18 00:00:00+00:00,2022-10-05 12:00:00+00:00
TRXUSDT,1,-70.94986172228315,2022-10-05 12:00:00+00:00,2022-10-13 08:00:00+00:00
TRXUSDT,-1,-28.343697958780783,2022-10-13 08:00:00+00:00,2022-10-14 04:00:00+00:00
TRXUSDT,1,-44.49253027960006,2022-10-14 04:00:00+00:00,2022-10-21 12:00:00+00:00
TRXUSDT,-1,-2.940535693959292,2022-10-21 12:00:00+00:00,2022-10-21 16:00:00+00:00
TRXUSDT,1,-0.5193912438249546,2022-10-21 16:00:00+00:00,2022-10-21 20:00:00+00:00
TRXUSDT,-1,-4.727735871928481,2022-10-21 20:00:00+00:00,2022-10-22 16:00:00+00:00
TRXUSDT,1,-1.1927758409204647,2022-10-22 16:00:00+00:00,2022-10-23 08:00:00+00:00
TRXUSDT,-1,-3.9432629678572444,2022-10-23 08:00:00+00:00,2022-10-23 20:00:00+00:00
TRXUSDT,1,-1.314386192516726,2022-10-23 20:00:00+00:00,2022-10-24 04:00:00+00:00
TRXUSDT,-1,-4.87169334344834,2022-10-24 04:00:00+00:00,2022-10-24 12:00:00+00:00
TRXUSDT,1,-1.8004821437284682,2022-10-24 12:00:00+00:00,2022-10-25 00:00:00+00:00
TRXUSDT,-1,-4.07621499379528,2022-10-25 00:00:00+00:00,2022-10-25 04:00:00+00:00
TRXUSDT,1,-1.1467690034451077,2022-10-25 04:00:00+00:00,2022-10-25 12:00:00+00:00
TRXUSDT,-1,-7.087504849376409,2022-10-25 12:00:00+00:00,2022-10-25 16:00:00+00:00
TRXUSDT,1,-21.813020068623132,2022-10-25 16:00:00+00:00,2022-11-02 20:00:00+00:00
TRXUSDT,-1,-4.532312205574175,2022-11-02 20:00:00+00:00,2022-11-04 08:00:00+00:00
TRXUSDT,1,-63.196649627054015,2022-11-04 08:00:00+00:00,2022-11-08 04:00:00+00:00
TRXUSDT,-1,-27.069339658664816,2022-11-08 04:00:00+00:00,2022-11-09 08:00:00+00:00
TRXUSDT,1,-10.74440465819545,2022-11-09 08:00:00+00:00,2022-11-09 12:00:00+00:00
TRXUSDT,-1,83.74973840957853,2022-11-09 12:00:00+00:00,2022-12-08 20:00:00+00:00
TRXUSDT,1,-8.131159692203315,2022-12-08 20:00:00+00:00,2022-12-12 08:00:00+00:00
TRXUSDT,-1,-31.644316982865057,2022-12-12 08:00:00+00:00,2022-12-13 16:00:00+00:00
TRXUSDT,1,-46.13400194175577,2022-12-13 16:00:00+00:00,2022-12-17 04:00:00+00:00
TRXUSDT,-1,-11.963262056030743,2022-12-17 04:00:00+00:00,2022-12-18 00:00:00+00:00
TRXUSDT,1,-19.566825897732958,2022-12-18 00:00:00+00:00,2022-12-18 08:00:00+00:00
TRXUSDT,-1,-3.7520039112275128,2022-12-18 08:00:00+00:00,2022-12-18 12:00:00+00:00
TRXUSDT,1,-7.987900549066496,2022-12-18 12:00:00+00:00,2022-12-18 16:00:00+00:00
TRXUSDT,-1,-1.0159438745537228,2022-12-18 16:00:00+00:00,2022-12-18 20:00:00+00:00
TRXUSDT,1,-5.264464993944246,2022-12-18 20:00:00+00:00,2022-12-28 08:00:00+00:00
TRXUSDT,-1,-3.3014510732694022,2022-12-28 08:00:00+00:00,2022-12-28 20:00:00+00:00
TRXUSDT,1,-39.27245042265886,2022-12-28 20:00:00+00:00,2023-01-05 16:00:00+00:00
TRXUSDT,-1,-102.53762243829661,2023-01-05 16:00:00+00:00,2023-01-09 04:00:00+00:00
TRXUSDT,1,-29.00366188284523,2023-01-09 04:00:00+00:00,2023-01-10 08:00:00+00:00
TRXUSDT,-1,-1.2173302599693094,2023-01-10 08:00:00+00:00,2023-01-10 12:00:00+00:00
TRXUSDT,1,288.51204343203995,2023-01-10 12:00:00+00:00,2023-03-08 00:00:00+00:00
TRXUSDT,-1,-256.21599472761983,2023-03-08 00:00:00+00:00,2023-03-13 16:00:00+00:00
TRXUSDT,1,-10.068101870710374,2023-03-13 16:00:00+00:00,2023-03-14 08:00:00+00:00
TRXUSDT,-1,-9.583377372473565,2023-03-14 08:00:00+00:00,2023-03-14 16:00:00+00:00
TRXUSDT,1,-18.405698986987545,2023-03-14 16:00:00+00:00,2023-03-14 20:00:00+00:00
TRXUSDT,-1,-1.4845916398028096,2023-03-14 20:00:00+00:00,2023-03-15 00:00:00+00:00
TRXUSDT,1,-9.033155749527278,2023-03-15 00:00:00+00:00,2023-03-15 12:00:00+00:00
TRXUSDT,-1,-7.751767846341309,2023-03-15 12:00:00+00:00,2023-03-17 12:00:00+00:00
TRXUSDT,1,-3.4761373562335014,2023-03-17 12:00:00+00:00,2023-03-17 16:00:00+00:00
TRXUSDT,-1,-14.51699513817726,2023-03-17 16:00:00+00:00,2023-03-17 20:00:00+00:00
TRXUSDT,1,-12.284735941423257,2023-03-17 20:00:00+00:00,2023-03-18 16:00:00+00:00
TRXUSDT,-1,-9.048392526007607,2023-03-18 16:00:00+00:00,2023-03-19 20:00:00+00:00
TRXUSDT,1,-1.4004102047576916,2023-03-19 20:00:00+00:00,2023-03-20 00:00:00+00:00
TRXUSDT,-1,-10.889599273769534,2023-03-20 00:00:00+00:00,2023-03-22 08:00:00+00:00
TRXUSDT,1,-0.5790134341509812,2023-03-22 08:00:00+00:00,2023-03-22 16:00:00+00:00
TRXUSDT,-1,-219.81054207516362,2023-03-22 16:00:00+00:00,2023-04-01 16:00:00+00:00
TRXUSDT,1,-0.9450809744027904,2023-04-01 16:00:00+00:00,2023-04-02 08:00:00+00:00
TRXUSDT,-1,-0.18386592430604198,2023-04-02 08:00:00+00:00,2023-04-02 12:00:00+00:00
TRXUSDT,1,-1.1413629482451082,2023-04-02 12:00:00+00:00,2023-04-02 16:00:00+00:00
TRXUSDT,-1,-7.498075983649727,2023-04-02 16:00:00+00:00,2023-04-04 04:00:00+00:00
TRXUSDT,1,-2.2883135228699403,2023-04-04 04:00:00+00:00,2023-04-04 16:00:00+00:00
TRXUSDT,-1,-2.1750237292398196,2023-04-04 16:00:00+00:00,2023-04-05 04:00:00+00:00
TRXUSDT,1,-5.0151890219890145,2023-04-05 04:00:00+00:00,2023-04-07 16:00:00+00:00
TRXUSDT,-1,-1.243181735036281,2023-04-07 16:00:00+00:00,2023-04-08 12:00:00+00:00
TRXUSDT,1,-28.214343188432217,2023-04-08 12:00:00+00:00,2023-04-12 04:00:00+00:00
TRXUSDT,-1,-18.061653473562362,2023-04-12 04:00:00+00:00,2023-04-13 12:00:00+00:00
TRXUSDT,1,-3.6337529802022903,2023-04-13 12:00:00+00:00,2023-04-13 16:00:00+00:00
TRXUSDT,-1,-3.156129904015903,2023-04-13 16:00:00+00:00,2023-04-14 00:00:00+00:00
TRXUSDT,1,-33.01889671170204,2023-04-14 00:00:00+00:00,2023-04-20 20:00:00+00:00
TRXUSDT,-1,-1.500103240557784,2023-04-20 20:00:00+00:00,2023-04-21 04:00:00+00:00
TRXUSDT,1,-0.5899348802699067,2023-04-21 04:00:00+00:00,2023-04-21 08:00:00+00:00
TRXUSDT,-1,-0.8512008467293981,2023-04-21 08:00:00+00:00,2023-04-21 12:00:00+00:00
TRXUSDT,1,-2.604399317564101,2023-04-21 12:00:00+00:00,2023-04-21 20:00:00+00:00
TRXUSDT,-1,-10.464730476796882,2023-04-21 20:00:00+00:00,2023-04-22 12:00:00+00:00
TRXUSDT,1,-11.239800563527341,2023-04-22 12:00:00+00:00,2023-04-25 16:00:00+00:00
TRXUSDT,-1,-4.313797165580447,2023-04-25 16:00:00+00:00,2023-04-26 00:00:00+00:00
TRXUSDT,1,-1.4538873309567488,2023-04-26 00:00:00+00:00,2023-04-26 08:00:00+00:00
TRXUSDT,-1,-1.3066637869553108,2023-04-26 08:00:00+00:00,2023-04-26 12:00:00+00:00
TRXUSDT,1,-24.71381532876556,2023-04-26 12:00:00+00:00,2023-04-26 20:00:00+00:00
TRXUSDT,-1,-12.832324521788774,2023-04-26 20:00:00+00:00,2023-04-28 04:00:00+00:00
TRXUSDT,1,140.02181505189668,2023-04-28 04:00:00+00:00,2023-06-09 20:00:00+00:00
TRXUSDT,-1,-69.87657323030639,2023-06-09 20:00:00+00:00,2023-06-27 04:00:00+00:00
TRXUSDT,1,-7.474180286438178,2023-06-27 04:00:00+00:00,2023-06-28 08:00:00+00:00
TRXUSDT,-1,-2.185406960575456,2023-06-28 08:00:00+00:00,2023-06-28 16:00:00+00:00
TRXUSDT,1,-9.1577806031182,2023-06-28 16:00:00+00:00,2023-06-28 20:00:00+00:00
TRXUSDT,-1,-3.212835616892241,2023-06-28 20:00:00+00:00,2023-06-29 08:00:00+00:00
TRXUSDT,1,-4.139479283804098,2023-06-29 08:00:00+00:00,2023-06-29 16:00:00+00:00
TRXUSDT,-1,-1.6297512408209585,2023-06-29 16:00:00+00:00,2023-06-29 20:00:00+00:00
TRXUSDT,1,36.10123165530495,2023-06-29 20:00:00+00:00,2023-07-31 12:00:00+00:00
TRXUSDT,-1,-17.16278639190807,2023-07-31 12:00:00+00:00,2023-08-28 00:00:00+00:00
TRXUSDT,1,-0.8618289719787711,2023-08-28 00:00:00+00:00,2023-08-28 08:00:00+00:00
TRXUSDT,-1,-31.78358773977368,2023-08-28 08:00:00+00:00,2023-09-03 00:00:00+00:00
TRXUSDT,1,0.5135735907378933,2023-09-03 00:00:00+00:00,2023-09-04 20:00:00+00:00
TRXUSDT,-1,-0.6518817429180842,2023-09-04 20:00:00+00:00,2023-09-05 00:00:00+00:00
TRXUSDT,1,-1.0667160104635314,2023-09-05 00:00:00+00:00,2023-09-05 04:00:00+00:00
TRXUSDT,-1,-0.9736316231302179,2023-09-05 04:00:00+00:00,2023-09-05 08:00:00+00:00
TRXUSDT,1,257.16767830096967,2023-09-05 08:00:00+00:00,2023-12-13 04:00:00+00:00
TRXUSDT,-1,-2.7066667923647874,2023-12-13 04:00:00+00:00,2023-12-13 16:00:00+00:00
TRXUSDT,1,-16.852463237430484,2023-12-13 16:00:00+00:00,2023-12-15 16:00:00+00:00
TRXUSDT,-1,-31.19292330493627,2023-12-15 16:00:00+00:00,2023-12-21 08:00:00+00:00
TRXUSDT,1,-13.298985387310363,2023-12-21 08:00:00+00:00,2023-12-26 16:00:00+00:00
TRXUSDT,-1,-11.05553707121063,2023-12-26 16:00:00+00:00,2023-12-27 12:00:00+00:00
TRXUSDT,1,-25.710889550505975,2023-12-27 12:00:00+00:00,2024-01-05 12:00:00+00:00
TRXUSDT,-1,1.2606269182183094,2024-01-05 12:00:00+00:00,2024-01-05 20:00:00+00:00
TRXUSDT,1,0.6161280545457488,2024-01-05 20:00:00+00:00,2024-01-06 00:00:00+00:00
TRXUSDT,-1,-35.854075091017165,2024-01-06 00:00:00+00:00,2024-01-11 00:00:00+00:00
TRXUSDT,1,215.2528437512045,2024-01-11 00:00:00+00:00,2024-03-12 20:00:00+00:00
TRXUSDT,-1,52.645658311633056,2024-03-12 20:00:00+00:00,2024-04-27 08:00:00+00:00
TRXUSDT,1,-49.596674969183496,2024-04-27 08:00:00+00:00,2024-05-23 08:00:00+00:00
TRXUSDT,-1,-4.797605792107653,2024-05-23 08:00:00+00:00,2024-06-18 00:00:00+00:00
TRXUSDT,1,-4.129585319651399,2024-06-18 00:00:00+00:00,2024-06-18 04:00:00+00:00
TRXUSDT,-1,-6.185039342111987,2024-06-18 04:00:00+00:00,2024-06-19 04:00:00+00:00
TRXUSDT,1,-0.8771565839846427,2024-06-19 04:00:00+00:00,2024-06-20 00:00:00+00:00
TRXUSDT,-1,-0.6428099636381077,2024-06-20 00:00:00+00:00,2024-06-20 04:00:00+00:00
TRXUSDT,1,151.1422272724022,2024-06-20 04:00:00+00:00,2024-07-31 16:00:00+00:00
TRXUSDT,-1,-67.31200410659561,2024-07-31 16:00:00+00:00,2024-08-15 08:00:00+00:00
TRXUSDT,1,-1.2312393385016622,2024-08-15 08:00:00+00:00,2024-08-15 16:00:00+00:00
TRXUSDT,-1,-6.795066154493403,2024-08-15 16:00:00+00:00,2024-08-16 12:00:00+00:00
TRXUSDT,1,145.84993555998994,2024-08-16 12:00:00+00:00,2024-09-14 20:00:00+00:00
TRXUSDT,-1,-5.873784845596019,2024-09-14 20:00:00+00:00,2024-09-20 16:00:00+00:00
TRXUSDT,1,0.008077246482290551,2024-09-20 16:00:00+00:00,2024-09-23 08:00:00+00:00
TRXUSDT,-1,-1.107832496300347,2024-09-23 08:00:00+00:00,2024-09-23 12:00:00+00:00
TRXUSDT,1,-1.4000682856206623,2024-09-23 12:00:00+00:00,2024-09-24 04:00:00+00:00
TRXUSDT,-1,-0.7197949840921108,2024-09-24 04:00:00+00:00,2024-09-24 08:00:00+00:00
TRXUSDT,1,-0.8047113714646363,2024-09-24 08:00:00+00:00,2024-09-24 16:00:00+00:00
TRXUSDT,-1,-9.20923310100926,2024-09-24 16:00:00+00:00,2024-09-27 04:00:00+00:00
TRXUSDT,1,1.2989691631918987,2024-09-27 04:00:00+00:00,2024-11-07 16:00:00+00:00
TRXUSDT,-1,-1.0849328178187316,2024-11-07 16:00:00+00:00,2024-11-08 08:00:00+00:00
TRXUSDT,1,1238.5247569812504,2024-11-08 08:00:00+00:00,2024-12-20 12:00:00+00:00
TRXUSDT,-1,-23.871818439161427,2024-12-20 12:00:00+00:00,2024-12-20 16:00:00+00:00
TRXUSDT,1,-9.581851934530343,2024-12-20 16:00:00+00:00,2024-12-29 00:00:00+00:00
TRXUSDT,-1,-11.886103269729412,2024-12-29 00:00:00+00:00,2024-12-31 23:00:00+00:00
XTZUSDT,-1,-71.33783739036619,2021-01-01 04:00:00+00:00,2021-01-05 00:00:00+00:00
XTZUSDT,1,-6.172787530400153,2021-01-05 00:00:00+00:00,2021-01-05 04:00:00+00:00
XTZUSDT,-1,-7.878133306447882,2021-01-05 04:00:00+00:00,2021-01-05 12:00:00+00:00
XTZUSDT,1,-107.97503609601338,2021-01-05 12:00:00+00:00,2021-01-11 16:00:00+00:00
XTZUSDT,-1,-0.7486795363396161,2021-01-11 16:00:00+00:00,2021-01-11 20:00:00+00:00
XTZUSDT,1,23.80224471519034,2021-01-11 20:00:00+00:00,2021-02-26 12:00:00+00:00
XTZUSDT,-1,-11.381699864047718,2021-02-26 12:00:00+00:00,2021-02-26 16:00:00+00:00
XTZUSDT,1,-6.677004626729485,2021-02-26 16:00:00+00:00,2021-02-26 20:00:00+00:00
XTZUSDT,-1,-2.2028172947673204,2021-02-26 20:00:00+00:00,2021-02-27 04:00:00+00:00
XTZUSDT,1,-22.08860414175055,2021-02-27 04:00:00+00:00,2021-02-28 04:00:00+00:00
XTZUSDT,-1,-14.181615763363078,2021-02-28 04:00:00+00:00,2021-03-01 16:00:00+00:00
XTZUSDT,1,-4.904723843333979,2021-03-01 16:00:00+00:00,2021-03-01 20:00:00+00:00
XTZUSDT,-1,-4.0176037983872455,2021-03-01 20:00:00+00:00,2021-03-02 00:00:00+00:00
XTZUSDT,1,-1.824608012851865,2021-03-02 00:00:00+00:00,2021-03-02 04:00:00+00:00
XTZUSDT,-1,-3.9112401595231274,2021-03-02 04:00:00+00:00,2021-03-02 12:00:00+00:00
XTZUSDT,1,-6.576727992345056,2021-03-02 12:00:00+00:00,2021-03-02 20:00:00+00:00
XTZUSDT,-1,-6.7546155764450315,2021-03-02 20:00:00+00:00,2021-03-03 00:00:00+00:00
XTZUSDT,1,-10.412677354890423,2021-03-03 00:00:00+00:00,2021-03-04 20:00:00+00:00
XTZUSDT,-1,-4.612940329464834,2021-03-04 20:00:00+00:00,2021-03-05 08:00:00+00:00
XTZUSDT,1,-2.9126332032072617,2021-03-05 08:00:00+00:00,2021-03-05 16:00:00+00:00
XTZUSDT,-1,-5.104443931160229,2021-03-05 16:00:00+00:00,2021-03-05 20:00:00+00:00
XTZUSDT,1,6.992006418247037,2021-03-05 20:00:00+00:00,2021-03-11 08:00:00+00:00
XTZUSDT,-1,-2.0072716107210984,2021-03-11 08:00:00+00:00,2021-03-11 12:00:00+00:00
XTZUSDT,1,-19.222602010569403,2021-03-11 12:00:00+00:00,2021-03-13 04:00:00+00:00
XTZUSDT,-1,-4.1409774145708615,2021-03-13 04:00:00+00:00,2021-03-13 08:00:00+00:00
XTZUSDT,1,-34.462585367110684,2021-03-13 08:00:00+00:00,2021-03-15 00:00:00+00:00
XTZUSDT,-1,-3.9864268487033314,2021-03-15 00:00:00+00:00,2021-03-15 04:00:00+00:00
XTZUSDT,1,-20.14479731288231,2021-03-15 04:00:00+00:00,2021-03-15 08:00:00+00:00
XTZUSDT,-1,-6.323024581761979,2021-03-15 08:00:00+00:00,2021-03-16 08:00:00+00:00
XTZUSDT,1,-10.644572211803357,2021-03-16 08:00:00+00:00,2021-03-16 12:00:00+00:00
XTZUSDT,-1,-4.34865926377266,2021-03-16 12:00:00+00:00,2021-03-16 16:00:00+00:00
XTZUSDT,1,-10.896549918864778,2021-03-16 16:00:00+00:00,2021-03-17 04:00:00+00:00
XTZUSDT,-1,-26.30864207755648,2021-03-17 04:00:00+00:00,2021-03-17 16:00:00+00:00
XTZUSDT,1,-64.92647090743358,2021-03-17 16:00:00+00:00,2021-03-23 12:00:00+00:00
XTZUSDT,-1,-2.7831885865799872,2021-03-23 12:00:00+00:00,2021-03-23 16:00:00+00:00
XTZUSDT,1,-22.865330140874054,2021-03-23 16:00:00+00:00,2021-03-25 00:00:00+00:00
XTZUSDT,-1,-26.559417836080016,2021-03-25 00:00:00+00:00,2021-03-26 20:00:00+00:00
XTZUSDT,1,-0.7440832246393989,2021-03-26 20:00:00+00:00,2021-03-27 04:00:00+00:00
XTZUSDT,-1,-0.21971292006189375,2021-03-27 04:00:00+00:00,2021-03-27 08:00:00+00:00
XTZUSDT,1,-1.6558919471943412,2021-03-27 08:00:00+00:00,2021-03-27 12:00:00+00:00
XTZUSDT,-1,-4.435944071594445,2021-03-27 12:00:00+00:00,2021-03-28 04:00:00+00:00
XTZUSDT,1,-74.85936901246748,2021-03-28 04:00:00+00:00,2021-04-23 00:00:00+00:00
XTZUSDT,-1,-47.723989911303605,2021-04-23 00:00:00+00:00,2021-04-26 20:00:00+00:00
XTZUSDT,1,-1.6645414833135932,2021-04-26 20:00:00+00:00,2021-04-27 00:00:00+00:00
XTZUSDT,-1,-1.8099856331076747,2021-04-27 00:00:00+00:00,2021-04-27 04:00:00+00:00
XTZUSDT,1,-1.7463172669555957,2021-04-27 04:00:00+00:00,2021-04-28 08:00:00+00:00
XTZUSDT,-1,-2.210797990528442,2021-04-28 08:00:00+00:00,2021-04-28 12:00:00+00:00
XTZUSDT,1,-4.433208655862546,2021-04-28 12:00:00+00:00,2021-04-28 16:00:00+00:00
XTZUSDT,-1,-5.3321421628852335,2021-04-28 16:00:00+00:00,2021-04-28 20:00:00+00:00
XTZUSDT,1,-2.4109268681766065,2021-04-28 20:00:00+00:00,2021-04-29 00:00:00+00:00
XTZUSDT,-1,-2.350356155141573,2021-04-29 00:00:00+00:00,2021-04-29 08:00:00+00:00
XTZUSDT,1,-4.45166168638958,2021-04-29 08:00:00+00:00,2021-04-29 20:00:00+00:00
XTZUSDT,-1,-7.810095531542703,2021-04-29 20:00:00+00:00,2021-04-30 08:00:00+00:00
XTZUSDT,1,6.100389857450216,2021-04-30 08:00:00+00:00,2021-05-01 00:00:00+00:00
XTZUSDT,-1,-3.844915274849781,2021-05-01 00:00:00+00:00,2021-05-01 04:00:00+00:00
XTZUSDT,1,-4.599978919998171,2021-05-01 04:00:00+00:00,2021-05-01 08:00:00+00:00
XTZUSDT,-1,-3.767604683847513,2021-05-01 08:00:00+00:00,2021-05-01 12:00:00+00:00
XTZUSDT,1,-6.330313394328507,2021-05-01 12:00:00+00:00,2021-05-02 04:00:00+00:00
XTZUSDT,-1,-6.575172320639652,2021-05-02 04:00:00+00:00,2021-05-03 04:00:00+00:00
XTZUSDT,1,-48.80929951906092,2021-05-03 04:00:00+00:00,2021-05-04 04:00:00+00:00
XTZUSDT,-1,-12.11213613458518,2021-05-04 04:00:00+00:00,2021-05-04 12:00:00+00:00
XTZUSDT,1,-35.06898807014801,2021-05-04 12:00:00+00:00,2021-05-04 16:00:00+00:00
XTZUSDT,-1,-9.129743170554466,2021-05-04 16:00:00+00:00,2021-05-05 04:00:00+00:00
XTZUSDT,1,-124.33235908857301,2021-05-05 04:00:00+00:00,2021-05-13 20:00:00+00:00
XTZUSDT,-1,-10.421946444644798,2021-05-13 20:00:00+00:00,2021-05-14 00:00:00+00:00
XTZUSDT,1,-62.18551692382392,2021-05-14 00:00:00+00:00,2021-05-16 00:00:00+00:00
XTZUSDT,-1,-5.519080234803574,2021-05-16 00:00:00+00:00,2021-05-16 04:00:00+00:00
XTZUSDT,1,-31.992064196263065,2021-05-16 04:00:00+00:00,2021-05-16 16:00:00+00:00
XTZUSDT,-1,409.0645032536112,2021-05-16 16:00:00+00:00,2021-07-25 08:00:00+00:00
XTZUSDT,1,1058.6987662082536,2021-07-25 08:00:00+00:00,2021-09-21 20:00:00+00:00
XTZUSDT,-1,-94.00938574990711,2021-09-21 20:00:00+00:00,2021-09-23 00:00:00+00:00
XTZUSDT,1,-32.335003472299206,2021-09-23 00:00:00+00:00,2021-09-29 00:00:00+00:00
XTZUSDT,-1,-10.937742717488856,2021-09-29 00:00:00+00:00,2021-09-29 04:00:00+00:00
XTZUSDT,1,-25.8928179024154,2021-09-29 04:00:00+00:00,2021-09-29 20:00:00+00:00
XTZUSDT,-1,-5.565467277189263,2021-09-29 20:00:00+00:00,2021-09-30 00:00:00+00:00
XTZUSDT,1,25.735930828679216,2021-09-30 00:00:00+00:00,2021-10-18 00:00:00+00:00
XTZUSDT,-1,-80.87034153953132,2021-10-18 00:00:00+00:00,2021-10-20 16:00:00+00:00
XTZUSDT,1,-28.220374810911487,2021-10-20 16:00:00+00:00,2021-10-21 16:00:00+00:00
XTZUSDT,-1,-5.347831887050276,2021-10-21 16:00:00+00:00,2021-10-22 04:00:00+00:00
XTZUSDT,1,-16.743858995414957,2021-10-22 04:00:00+00:00,2021-10-22 16:00:00+00:00
XTZUSDT,-1,-37.145704725572,2021-10-22 16:00:00+00:00,2021-10-26 16:00:00+00:00
XTZUSDT,1,-7.060401750905443,2021-10-26 16:00:00+00:00,2021-10-27 00:00:00+00:00
XTZUSDT,-1,91.86595958069461,2021-10-27 00:00:00+00:00,2021-12-08 16:00:00+00:00
XTZUSDT,1,-7.815650383072336,2021-12-08 16:00:00+00:00,2021-12-09 04:00:00+00:00
XTZUSDT,-1,140.2066643524408,2021-12-09 04:00:00+00:00,2021-12-23 20:00:00+00:00
XTZUSDT,1,-3.2336699347390816,2021-12-23 20:00:00+00:00,2021-12-24 16:00:00+00:00
XTZUSDT,-1,-81.92368935464648,2021-12-24 16:00:00+00:00,2021-12-27 04:00:00+00:00
XTZUSDT,1,-9.65005492493584,2021-12-27 04:00:00+00:00,2021-12-28 16:00:00+00:00
XTZUSDT,-1,-33.68406204510258,2021-12-28 16:00:00+00:00,2022-01-01 04:00:00+00:00
XTZUSDT,1,-3.296097146882891,2022-01-01 04:00:00+00:00,2022-01-01 08:00:00+00:00
XTZUSDT,-1,-4.311475018042565,2022-01-01 08:00:00+00:00,2022-01-01 16:00:00+00:00
XTZUSDT,1,-7.026426236314489,2022-01-01 16:00:00+00:00,2022-01-02 20:00:00+00:00
XTZUSDT,-1,-1.8622360090464738,2022-01-02 20:00:00+00:00,2022-01-03 00:00:00+00:00
XTZUSDT,1,-5.953552630469095,2022-01-03 00:00:00+00:00,2022-01-03 04:00:00+00:00
XTZUSDT,-1,-10.287340819573776,2022-01-03 04:00:00+00:00,2022-01-03 12:00:00+00:00
XTZUSDT,1,-162.2860769318341,2022-01-03 12:00:00+00:00,2022-01-06 00:00:00+00:00
XTZUSDT,-1,42.39951683851703,2022-01-06 00:00:00+00:00,2022-02-05 12:00:00+00:00
XTZUSDT,1,-3.593764330106181,2022-02-05 12:00:00+00:00,2022-02-05 20:00:00+00:00
XTZUSDT,-1,7.632279772729478,2022-02-05 20:00:00+00:00,2022-02-07 08:00:00+00:00
XTZUSDT,1,-156.1914091164511,2022-02-07 08:00:00+00:00,2022-02-14 04:00:00+00:00
XTZUSDT,-1,-6.900769310529833,2022-02-14 04:00:00+00:00,2022-02-14 12:00:00+00:00
XTZUSDT,1,-45.131441438709565,2022-02-14 12:00:00+00:00,2022-02-18 00:00:00+00:00
XTZUSDT,-1,-10.622993580700674,2022-02-18 00:00:00+00:00,2022-02-18 04:00:00+00:00
XTZUSDT,1,-4.656655513644729,2022-02-18 04:00:00+00:00,2022-02-18 16:00:00+00:00
XTZUSDT,-1,-68.88404404734443,2022-02-18 16:00:00+00:00,2022-03-21 12:00:00+00:00
XTZUSDT,1,-126.17208100938404,2022-03-21 12:00:00+00:00,2022-04-09 00:00:00+00:00
XTZUSDT,-1,475.1015714204816,2022-04-09 00:00:00+00:00,2022-06-06 04:00:00+00:00
XTZUSDT,1,-32.241715487714515,2022-06-06 04:00:00+00:00,2022-06-11 08:00:00+00:00
XTZUSDT,-1,340.24577454314476,2022-06-11 08:00:00+00:00,2022-07-09 04:00:00+00:00
XTZUSDT,1,-5.591381633582645,2022-07-09 04:00:00+00:00,2022-07-10 16:00:00+00:00
XTZUSDT,-1,-7.313119140867336,2022-07-10 16:00:00+00:00,2022-07-10 20:00:00+00:00
XTZUSDT,1,-42.07206011674484,2022-07-10 20:00:00+00:00,2022-07-12 08:00:00+00:00
XTZUSDT,-1,-2.1765026311559246,2022-07-12 08:00:00+00:00,2022-07-12 12:00:00+00:00
XTZUSDT,1,-3.216277914916481,2022-07-12 12:00:00+00:00,2022-07-12 16:00:00+00:00
XTZUSDT,-1,-120.49881167286918,2022-07-12 16:00:00+00:00,2022-07-15 20:00:00+00:00
XTZUSDT,1,-129.79808969262098,2022-07-15 20:00:00+00:00,2022-07-26 04:00:00+00:00
XTZUSDT,-1,-5.672184954274517,2022-07-26 04:00:00+00:00,2022-07-26 08:00:00+00:00
XTZUSDT,1,-8.132590197266733,2022-07-26 08:00:00+00:00,2022-07-26 16:00:00+00:00
XTZUSDT,-1,-12.811686188362327,2022-07-26 16:00:00+00:00,2022-07-27 00:00:00+00:00
XTZUSDT,1,89.24066078879716,2022-07-27 00:00:00+00:00,2022-08-19 12:00:00+00:00
XTZUSDT,-1,-228.24775634595085,2022-08-19 12:00:00+00:00,2022-09-11 08:00:00+00:00
XTZUSDT,1,-4.464746631563919,2022-09-11 08:00:00+00:00,2022-09-12 04:00:00+00:00
XTZUSDT,-1,-8.210402072149124,2022-09-12 04:00:00+00:00,2022-09-12 12:00:00+00:00
XTZUSDT,1,-10.737875575270847,2022-09-12 12:00:00+00:00,2022-09-12 16:00:00+00:00
XTZUSDT,-1,50.15710578349597,2022-09-12 16:00:00+00:00,2022-10-26 20:00:00+00:00
XTZUSDT,1,-38.45931207638514,2022-10-26 20:00:00+00:00,2022-11-02 08:00:00+00:00
XTZUSDT,-1,-19.34340163806786,2022-11-02 08:00:00+00:00,2022-11-03 04:00:00+00:00
XTZUSDT,1,-1.6034928491656006,2022-11-03 04:00:00+00:00,2022-11-03 08:00:00+00:00
XTZUSDT,-1,-28.468935949888117,2022-11-03 08:00:00+00:00,2022-11-04 20:00:00+00:00
XTZUSDT,1,-39.918630979140055,2022-11-04 20:00:00+00:00,2022-11-07 00:00:00+00:00
XTZUSDT,-1,-12.808362623267946,2022-11-07 00:00:00+00:00,2022-11-07 16:00:00+00:00
XTZUSDT,1,-1.2903956967873096,2022-11-07 16:00:00+00:00,2022-11-07 20:00:00+00:00
XTZUSDT,-1,491.16275806612845,2022-11-07 20:00:00+00:00,2023-01-12 04:00:00+00:00
XTZUSDT,1,140.76700286052355,2023-01-12 04:00:00+00:00,2023-02-15 08:00:00+00:00
XTZUSDT,-1,-5.988984181164906,2023-02-15 08:00:00+00:00,2023-02-15 16:00:00+00:00
XTZUSDT,1,-106.14179600826205,2023-02-15 16:00:00+00:00,2023-03-03 04:00:00+00:00
XTZUSDT,-1,-165.7145129460198,2023-03-03 04:00:00+00:00,2023-03-14 16:00:00+00:00
XTZUSDT,1,-120.07710526071094,2023-03-14 16:00:00+00:00,2023-03-22 20:00:00+00:00
XTZUSDT,-1,-57.24544220687112,2023-03-22 20:00:00+00:00,2023-03-23 16:00:00+00:00
XTZUSDT,1,-23.338280747943543,2023-03-23 16:00:00+00:00,2023-03-24 12:00:00+00:00
XTZUSDT,-1,-20.43020408524609,2023-03-24 12:00:00+00:00,2023-03-29 20:00:00+00:00
XTZUSDT,1,-4.132771941201464,2023-03-29 20:00:00+00:00,2023-03-30 08:00:00+00:00
XTZUSDT,-1,-47.80857586589697,2023-03-30 08:00:00+00:00,2023-04-05 08:00:00+00:00
XTZUSDT,1,-0.6045358017157946,2023-04-05 08:00:00+00:00,2023-04-05 12:00:00+00:00
XTZUSDT,-1,-8.496813688922343,2023-04-05 12:00:00+00:00,2023-04-06 12:00:00+00:00
XTZUSDT,1,-11.604162519803571,2023-04-06 12:00:00+00:00,2023-04-07 04:00:00+00:00
XTZUSDT,-1,-18.190497210543512,2023-04-07 04:00:00+00:00,2023-04-11 12:00:00+00:00
XTZUSDT,1,-2.163101534789727,2023-04-11 12:00:00+00:00,2023-04-11 16:00:00+00:00
XTZUSDT,-1,-19.581372515134664,2023-04-11 16:00:00+00:00,2023-04-14 00:00:00+00:00
XTZUSDT,1,-79.04238561862114,2023-04-14 00:00:00+00:00,2023-04-19 12:00:00+00:00
XTZUSDT,-1,150.95150544663696,2023-04-19 12:00:00+00:00,2023-06-04 08:00:00+00:00
XTZUSDT,1,-1.2546079187443027,2023-06-04 08:00:00+00:00,2023-06-05 00:00:00+00:00
XTZUSDT,-1,27.082852944276112,2023-06-05 00:00:00+00:00,2023-07-01 08:00:00+00:00
XTZUSDT,1,-1.441355814121372,2023-07-01 08:00:00+00:00,2023-07-01 20:00:00+00:00
XTZUSDT,-1,-1.8540347668336774,2023-07-01 20:00:00+00:00,2023-07-02 00:00:00+00:00
XTZUSDT,1,-4.016237259371457,2023-07-02 00:00:00+00:00,2023-07-02 04:00:00+00:00
XTZUSDT,-1,-3.387162022626767,2023-07-02 04:00:00+00:00,2023-07-02 20:00:00+00:00
XTZUSDT,1,-28.322877471971317,2023-07-02 20:00:00+00:00,2023-07-06 16:00:00+00:00
XTZUSDT,-1,-1.7660305189711445,2023-07-06 16:00:00+00:00,2023-07-07 16:00:00+00:00
XTZUSDT,1,-83.81373046127854,2023-07-07 16:00:00+00:00,2023-07-26 12:00:00+00:00
XTZUSDT,-1,-6.11573645397192,2023-07-26 12:00:00+00:00,2023-07-27 04:00:00+00:00
XTZUSDT,1,-3.261034032439457,2023-07-27 04:00:00+00:00,2023-07-27 20:00:00+00:00
XTZUSDT,-1,-22.65973503276703,2023-07-27 20:00:00+00:00,2023-07-29 12:00:00+00:00
XTZUSDT,1,-25.73716760924694,2023-07-29 12:00:00+00:00,2023-07-31 20:00:00+00:00
XTZUSDT,-1,-1.3046290476357758,2023-07-31 20:00:00+00:00,2023-08-01 00:00:00+00:00
XTZUSDT,1,-4.149011733901114,2023-08-01 00:00:00+00:00,2023-08-01 04:00:00+00:00
XTZUSDT,-1,-4.404865389282606,2023-08-01 04:00:00+00:00,2023-08-01 20:00:00+00:00
XTZUSDT,1,-8.947889187128608,2023-08-01 20:00:00+00:00,2023-08-03 08:00:00+00:00
XTZUSDT,-1,193.12137135556878,2023-08-03 08:00:00+00:00,2023-09-30 08:00:00+00:00
XTZUSDT,1,-34.4523226004054,2023-09-30 08:00:00+00:00,2023-10-03 16:00:00+00:00
XTZUSDT,-1,-14.773525012456963,2023-10-03 16:00:00+00:00,2023-10-05 00:00:00+00:00
XTZUSDT,1,-1.9493469715167735,2023-10-05 00:00:00+00:00,2023-10-05 16:00:00+00:00
XTZUSDT,-1,-5.76522333854685,2023-10-05 16:00:00+00:00,2023-10-07 00:00:00+00:00
XTZUSDT,1,-1.1189742152687805,2023-10-07 00:00:00+00:00,2023-10-07 04:00:00+00:00
XTZUSDT,-1,-0.572875294903891,2023-10-07 04:00:00+00:00,2023-10-07 08:00:00+00:00
XTZUSDT,1,-15.566820632451906,2023-10-07 08:00:00+00:00,2023-10-09 12:00:00+00:00
XTZUSDT,-1,-92.06602522484914,2023-10-09 12:00:00+00:00,2023-10-10 04:00:00+00:00
XTZUSDT,1,-53.17086690772866,2023-10-10 04:00:00+00:00,2023-10-11 04:00:00+00:00
XTZUSDT,-1,-16.027644655186947,2023-10-11 04:00:00+00:00,2023-10-21 20:00:00+00:00
XTZUSDT,1,-1.1720862033093917,2023-10-21 20:00:00+00:00,2023-10-22 08:00:00+00:00
XTZUSDT,-1,-6.662371798177966,2023-10-22 08:00:00+00:00,2023-10-22 20:00:00+00:00
XTZUSDT,1,223.15415547339876,2023-10-22 20:00:00+00:00,2024-01-07 20:00:00+00:00
XTZUSDT,-1,-137.36045091532756,2024-01-07 20:00:00+00:00,2024-01-11 08:00:00+00:00
XTZUSDT,1,-53.044932857201985,2024-01-11 08:00:00+00:00,2024-01-22 12:00:00+00:00
XTZUSDT,-1,-31.08341294117144,2024-01-22 12:00:00+00:00,2024-01-28 00:00:00+00:00
XTZUSDT,1,-2.1022606158539645,2024-01-28 00:00:00+00:00,2024-01-28 08:00:00+00:00
XTZUSDT,-1,-6.44699195340017,2024-01-28 08:00:00+00:00,2024-01-30 00:00:00+00:00
XTZUSDT,1,-2.742185033601661,2024-01-30 00:00:00+00:00,2024-01-30 04:00:00+00:00
XTZUSDT,-1,-17.21050771972442,2024-01-30 04:00:00+00:00,2024-02-02 08:00:00+00:00
XTZUSDT,1,-9.819307632823019,2024-02-02 08:00:00+00:00,2024-02-02 16:00:00+00:00
XTZUSDT,-1,-8.77769308433735,2024-02-02 16:00:00+00:00,2024-02-03 00:00:00+00:00
XTZUSDT,1,-10.41275519505978,2024-02-03 00:00:00+00:00,2024-02-03 04:00:00+00:00
XTZUSDT,-1,-20.524820338913898,2024-02-03 04:00:00+00:00,2024-02-08 16:00:00+00:00
XTZUSDT,1,118.24870141085054,2024-02-08 16:00:00+00:00,2024-03-19 04:00:00+00:00
XTZUSDT,-1,-3.615321949158391,2024-03-19 04:00:00+00:00,2024-03-20 20:00:00+00:00
XTZUSDT,1,-2.562023096101145,2024-03-20 20:00:00+00:00,2024-03-22 12:00:00+00:00
XTZUSDT,-1,-5.069895261172529,2024-03-22 12:00:00+00:00,2024-03-23 08:00:00+00:00
XTZUSDT,1,-2.4833676340496464,2024-03-23 08:00:00+00:00,2024-03-24 00:00:00+00:00
XTZUSDT,-1,-2.4865746831892968,2024-03-24 00:00:00+00:00,2024-03-24 04:00:00+00:00
XTZUSDT,1,-27.547491646379957,2024-03-24 04:00:00+00:00,2024-04-01 16:00:00+00:00
XTZUSDT,-1,262.8337049120479,2024-04-01 16:00:00+00:00,2024-05-21 08:00:00+00:00
XTZUSDT,1,-21.345955210147586,2024-05-21 08:00:00+00:00,2024-05-23 16:00:00+00:00
XTZUSDT,-1,-24.978910737731155,2024-05-23 16:00:00+00:00,2024-05-24 16:00:00+00:00
XTZUSDT,1,-38.54833745425053,2024-05-24 16:00:00+00:00,2024-05-30 08:00:00+00:00
XTZUSDT,-1,-22.73328648387598,2024-05-30 08:00:00+00:00,2024-05-30 16:00:00+00:00
XTZUSDT,1,-1.6902304942228725,2024-05-30 16:00:00+00:00,2024-05-31 00:00:00+00:00
XTZUSDT,-1,-0.9012260622440591,2024-05-31 00:00:00+00:00,2024-05-31 12:00:00+00:00
XTZUSDT,1,-3.6391159517677534,2024-05-31 12:00:00+00:00,2024-05-31 16:00:00+00:00
XTZUSDT,-1,-9.639059372041508,2024-05-31 16:00:00+00:00,2024-06-01 00:00:00+00:00
XTZUSDT,1,-3.8526611864361837,2024-06-01 00:00:00+00:00,2024-06-01 20:00:00+00:00
XTZUSDT,-1,-3.4452396485963224,2024-06-01 20:00:00+00:00,2024-06-03 16:00:00+00:00
XTZUSDT,1,-2.460607297260534,2024-06-03 16:00:00+00:00,2024-06-03 20:00:00+00:00
XTZUSDT,-1,-15.45971071475923,2024-06-03 20:00:00+00:00,2024-06-05 00:00:00+00:00
XTZUSDT,1,-8.097467801220809,2024-06-05 00:00:00+00:00,2024-06-06 08:00:00+00:00
XTZUSDT,-1,-17.439562552511862,2024-06-06 08:00:00+00:00,2024-06-07 12:00:00+00:00
XTZUSDT,1,-1.2989920027024229,2024-06-07 12:00:00+00:00,2024-06-07 16:00:00+00:00
XTZUSDT,-1,168.36563040563288,2024-06-07 16:00:00+00:00,2024-07-13 16:00:00+00:00
XTZUSDT,1,-61.29846257993855,2024-07-13 16:00:00+00:00,2024-07-23 08:00:00+00:00
XTZUSDT,-1,-21.406625899549045,2024-07-23 08:00:00+00:00,2024-07-26 20:00:00+00:00
XTZUSDT,1,-4.972125924306911,2024-07-26 20:00:00+00:00,2024-07-28 08:00:00+00:00
XTZUSDT,-1,-1.9935304938048857,2024-07-28 08:00:00+00:00,2024-07-28 12:00:00+00:00
XTZUSDT,1,-29.491438919875343,2024-07-28 12:00:00+00:00,2024-07-29 20:00:00+00:00
XTZUSDT,-1,67.17901279106516,2024-07-29 20:00:00+00:00,2024-08-23 20:00:00+00:00
XTZUSDT,1,-17.30753176793273,2024-08-23 20:00:00+00:00,2024-08-27 04:00:00+00:00
XTZUSDT,-1,-32.32136863370286,2024-08-27 04:00:00+00:00,2024-09-19 08:00:00+00:00
XTZUSDT,1,-66.74775419969062,2024-09-19 08:00:00+00:00,2024-10-02 12:00:00+00:00
XTZUSDT,-1,3.6576782663141003,2024-10-02 12:00:00+00:00,2024-10-05 16:00:00+00:00
XTZUSDT,1,-1.9440769244420877,2024-10-05 16:00:00+00:00,2024-10-05 20:00:00+00:00
XTZUSDT,-1,-2.1865264566949683,2024-10-05 20:00:00+00:00,2024-10-06 04:00:00+00:00
XTZUSDT,1,-0.269199889189173,2024-10-06 04:00:00+00:00,2024-10-06 08:00:00+00:00
XTZUSDT,-1,-0.9948605016192135,2024-10-06 08:00:00+00:00,2024-10-06 12:00:00+00:00
XTZUSDT,1,-5.709397833514395,2024-10-06 12:00:00+00:00,2024-10-08 00:00:00+00:00
XTZUSDT,-1,-5.100831528968852,2024-10-08 00:00:00+00:00,2024-10-08 04:00:00+00:00
XTZUSDT,1,-2.3910433750145237,2024-10-08 04:00:00+00:00,2024-10-08 08:00:00+00:00
XTZUSDT,-1,-20.356691612328554,2024-10-08 08:00:00+00:00,2024-10-11 16:00:00+00:00
XTZUSDT,1,-9.623572708327014,2024-10-11 16:00:00+00:00,2024-10-17 12:00:00+00:00
XTZUSDT,-1,-2.5070618989146265,2024-10-17 12:00:00+00:00,2024-10-17 16:00:00+00:00
XTZUSDT,1,-3.3549354404509892,2024-10-17 16:00:00+00:00,2024-10-17 20:00:00+00:00
XTZUSDT,-1,-3.20046823109111,2024-10-17 20:00:00+00:00,2024-10-18 04:00:00+00:00
XTZUSDT,1,-15.603623305557196,2024-10-18 04:00:00+00:00,2024-10-23 04:00:00+00:00
XTZUSDT,-1,-35.25611153589789,2024-10-23 04:00:00+00:00,2024-11-09 12:00:00+00:00
XTZUSDT,1,1005.415399588286,2024-11-09 12:00:00+00:00,2024-12-19 20:00:00+00:00
XTZUSDT,-1,-121.60627520346162,2024-12-19 20:00:00+00:00,2024-12-21 08:00:00+00:00
XTZUSDT,1,-51.51938593892577,2024-12-21 08:00:00+00:00,2024-12-21 20:00:00+00:00
XTZUSDT,-1,-6.810970765449393,2024-12-21 20:00:00+00:00,2024-12-22 00:00:00+00:00
XTZUSDT,1,-5.550491606084941,2024-12-22 00:00:00+00:00,2024-12-22 04:00:00+00:00
XTZUSDT,-1,-33.85561013893262,2024-12-22 04:00:00+00:00,2024-12-23 20:00:00+00:00
XTZUSDT,1,15.19273403924431,2024-12-23 20:00:00+00:00,2024-12-25 20:00:00+00:00
XTZUSDT,-1,-2.92119498846959,2024-12-25 20:00:00+00:00,2024-12-26 00:00:00+00:00
XTZUSDT,1,-4.985267255675477,2024-12-26 00:00:00+00:00,2024-12-26 04:00:00+00:00
XTZUSDT,-1,-21.05414688049857,2024-12-26 04:00:00+00:00,2024-12-31 23:00:00+00:00
XLMUSDT,-1,-220.24936294442722,2021-01-01 04:00:00+00:00,2021-01-05 16:00:00+00:00
XLMUSDT,1,172.42627522690407,2021-01-05 16:00:00+00:00,2021-02-26 08:00:00+00:00
XLMUSDT,-1,-6.788138604675637,2021-02-26 08:00:00+00:00,2021-02-26 12:00:00+00:00
XLMUSDT,1,-79.3435580839886,2021-02-26 12:00:00+00:00,2021-03-06 16:00:00+00:00
XLMUSDT,-1,-2.4976290322485046,2021-03-06 16:00:00+00:00,2021-03-06 20:00:00+00:00
XLMUSDT,1,4.202990824205744,2021-03-06 20:00:00+00:00,2021-03-07 08:00:00+00:00
XLMUSDT,-1,-57.165554323274634,2021-03-07 08:00:00+00:00,2021-03-20 20:00:00+00:00
XLMUSDT,1,-5.161388195544568,2021-03-20 20:00:00+00:00,2021-03-21 00:00:00+00:00
XLMUSDT,-1,-23.730159168778727,2021-03-21 00:00:00+00:00,2021-03-29 08:00:00+00:00
XLMUSDT,1,0.43850968137929447,2021-03-29 08:00:00+00:00,2021-03-30 00:00:00+00:00
XLMUSDT,-1,-2.808549697305853,2021-03-30 00:00:00+00:00,2021-03-30 12:00:00+00:00
XLMUSDT,1,-8.574719398934318,2021-03-30 12:00:00+00:00,2021-03-31 04:00:00+00:00
XLMUSDT,-1,-22.840849145970164,2021-03-31 04:00:00+00:00,2021-04-01 00:00:00+00:00
XLMUSDT,1,-230.72352706904888,2021-04-01 00:00:00+00:00,2021-04-23 00:00:00+00:00
XLMUSDT,-1,-9.61956489220514,2021-04-23 00:00:00+00:00,2021-04-26 20:00:00+00:00
XLMUSDT,1,-65.0584298794571,2021-04-26 20:00:00+00:00,2021-05-19 12:00:00+00:00
XLMUSDT,-1,536.3194217781493,2021-05-19 12:00:00+00:00,2021-07-23 04:00:00+00:00
XLMUSDT,1,-30.948937026995242,2021-07-23 04:00:00+00:00,2021-07-23 20:00:00+00:00
XLMUSDT,-1,-13.02098810353197,2021-07-23 20:00:00+00:00,2021-07-24 00:00:00+00:00
XLMUSDT,1,-9.091077493831401,2021-07-24 00:00:00+00:00,2021-07-25 04:00:00+00:00
XLMUSDT,-1,-4.99203018224728,2021-07-25 04:00:00+00:00,2021-07-25 08:00:00+00:00
XLMUSDT,1,107.51328521156375,2021-07-25 08:00:00+00:00,2021-09-07 20:00:00+00:00
XLMUSDT,-1,-117.50587920789923,2021-09-07 20:00:00+00:00,2021-10-06 16:00:00+00:00
XLMUSDT,1,-198.23252010913697,2021-10-06 16:00:00+00:00,2021-10-28 00:00:00+00:00
XLMUSDT,-1,-6.615035861586604,2021-10-28 00:00:00+00:00,2021-10-28 08:00:00+00:00
XLMUSDT,1,-168.58410610018092,2021-10-28 08:00:00+00:00,2021-11-16 08:00:00+00:00
XLMUSDT,-1,164.0429199846459,2021-11-16 08:00:00+00:00,2021-12-27 16:00:00+00:00
XLMUSDT,1,-1.9270765010543427,2021-12-27 16:00:00+00:00,2021-12-28 00:00:00+00:00
XLMUSDT,-1,-74.83124689583133,2021-12-28 00:00:00+00:00,2022-01-03 00:00:00+00:00
XLMUSDT,1,-43.41594689439006,2022-01-03 00:00:00+00:00,2022-01-05 20:00:00+00:00
XLMUSDT,-1,-64.83906124262435,2022-01-05 20:00:00+00:00,2022-01-12 16:00:00+00:00
XLMUSDT,1,-30.541323196615565,2022-01-12 16:00:00+00:00,2022-01-13 20:00:00+00:00
XLMUSDT,-1,-15.17134002646236,2022-01-13 20:00:00+00:00,2022-01-14 08:00:00+00:00
XLMUSDT,1,-9.483087760752621,2022-01-14 08:00:00+00:00,2022-01-14 12:00:00+00:00
XLMUSDT,-1,171.017646863173,2022-01-14 12:00:00+00:00,2022-02-08 00:00:00+00:00
XLMUSDT,1,-2.0366617692465216,2022-02-08 00:00:00+00:00,2022-02-08 16:00:00+00:00
XLMUSDT,-1,-4.589472539822592,2022-02-08 16:00:00+00:00,2022-02-09 00:00:00+00:00
XLMUSDT,1,-5.25033205857714,2022-02-09 00:00:00+00:00,2022-02-09 04:00:00+00:00
XLMUSDT,-1,-2.362542552609348,2022-02-09 04:00:00+00:00,2022-02-09 08:00:00+00:00
XLMUSDT,1,-4.208261069779632,2022-02-09 08:00:00+00:00,2022-02-10 04:00:00+00:00
XLMUSDT,-1,-3.7590592650473056,2022-02-10 04:00:00+00:00,2022-02-10 08:00:00+00:00
XLMUSDT,1,-3.712719164783357,2022-02-10 08:00:00+00:00,2022-02-10 16:00:00+00:00
XLMUSDT,-1,-11.566458213385289,2022-02-10 16:00:00+00:00,2022-02-16 12:00:00+00:00
XLMUSDT,1,-4.378726061032765,2022-02-16 12:00:00+00:00,2022-02-16 16:00:00+00:00
XLMUSDT,-1,-5.674243248124271,2022-02-16 16:00:00+00:00,2022-02-16 20:00:00+00:00
XLMUSDT,1,-8.860672411933527,2022-02-16 20:00:00+00:00,2022-02-17 16:00:00+00:00
XLMUSDT,-1,27.005513844580086,2022-02-17 16:00:00+00:00,2022-03-01 04:00:00+00:00
XLMUSDT,-1,-84.8807352461231,2022-03-18 12:00:00+00:00,2022-03-19 16:00:00+00:00
XLMUSDT,1,247.40587166104723,2022-03-19 16:00:00+00:00,2022-04-03 04:00:00+00:00
XLMUSDT,-1,247.59293869620979,2022-04-20 12:00:00+00:00,2022-06-05 16:00:00+00:00
XLMUSDT,1,-23.998294825459002,2022-06-05 16:00:00+00:00,2022-06-07 04:00:00+00:00
XLMUSDT,-1,-10.612063314752294,2022-06-07 04:00:00+00:00,2022-06-07 20:00:00+00:00
XLMUSDT,1,-9.301222295442862,2022-06-07 20:00:00+00:00,2022-06-08 04:00:00+00:00
XLMUSDT,-1,-3.828678291642461,2022-06-08 04:00:00+00:00,2022-06-08 08:00:00+00:00
XLMUSDT,1,1.3256138099116492,2022-06-08 08:00:00+00:00,2022-06-10 04:00:00+00:00
XLMUSDT,-1,74.15618385352727,2022-06-10 04:00:00+00:00,2022-07-18 16:00:00+00:00
XLMUSDT,1,-25.970379414471054,2022-07-18 16:00:00+00:00,2022-07-18 20:00:00+00:00
XLMUSDT,-1,-21.726579950654404,2022-07-18 20:00:00+00:00,2022-07-19 00:00:00+00:00
XLMUSDT,1,-41.45343470386312,2022-07-19 00:00:00+00:00,2022-07-21 04:00:00+00:00
XLMUSDT,-1,-22.09679996716315,2022-07-21 04:00:00+00:00,2022-07-21 20:00:00+00:00
XLMUSDT,1,-21.36190559070638,2022-07-21 20:00:00+00:00,2022-07-22 20:00:00+00:00
XLMUSDT,-1,-4.543795465027768,2022-07-22 20:00:00+00:00,2022-07-23 08:00:00+00:00
XLMUSDT,1,-5.968984266486341,2022-07-23 08:00:00+00:00,2022-07-23 12:00:00+00:00
XLMUSDT,-1,-17.007593563746752,2022-07-23 12:00:00+00:00,2022-07-24 04:00:00+00:00
XLMUSDT,1,-12.098664527132183,2022-07-24 04:00:00+00:00,2022-07-25 04:00:00+00:00
XLMUSDT,-1,-95.08592666563027,2022-07-25 04:00:00+00:00,2022-07-28 00:00:00+00:00
XLMUSDT,1,-13.402978832966998,2022-07-28 00:00:00+00:00,2022-07-28 08:00:00+00:00
XLMUSDT,-1,-4.713808080684679,2022-07-28 08:00:00+00:00,2022-07-28 12:00:00+00:00
XLMUSDT,1,-90.43442888490347,2022-07-28 12:00:00+00:00,2022-08-19 12:00:00+00:00
XLMUSDT,-1,-206.80236586082205,2022-08-19 12:00:00+00:00,2022-09-10 00:00:00+00:00
XLMUSDT,1,-2.430089073951402,2022-09-10 00:00:00+00:00,2022-09-10 04:00:00+00:00
XLMUSDT,-1,-2.2731395804825523,2022-09-10 04:00:00+00:00,2022-09-10 08:00:00+00:00
XLMUSDT,1,-3.4991861666856408,2022-09-10 08:00:00+00:00,2022-09-13 04:00:00+00:00
XLMUSDT,-1,-1.9678768868026506,2022-09-13 04:00:00+00:00,2022-09-13 08:00:00+00:00
XLMUSDT,1,-38.48617411306417,2022-09-13 08:00:00+00:00,2022-09-13 16:00:00+00:00
XLMUSDT,-1,-65.35503760600665,2022-09-13 16:00:00+00:00,2022-09-17 20:00:00+00:00
XLMUSDT,1,-50.981378413381464,2022-09-17 20:00:00+00:00,2022-09-19 00:00:00+00:00
XLMUSDT,-1,-64.35246363292636,2022-09-19 00:00:00+00:00,2022-09-20 00:00:00+00:00
XLMUSDT,1,-32.609438342624486,2022-09-20 00:00:00+00:00,2022-09-28 04:00:00+00:00
XLMUSDT,-1,-54.57540809109578,2022-09-28 04:00:00+00:00,2022-09-30 00:00:00+00:00
XLMUSDT,1,-10.062623674796654,2022-09-30 00:00:00+00:00,2022-10-13 08:00:00+00:00
XLMUSDT,-1,-46.427030026404275,2022-10-13 08:00:00+00:00,2022-10-14 04:00:00+00:00
XLMUSDT,1,-0.703199433725134,2022-10-14 04:00:00+00:00,2022-10-14 08:00:00+00:00
XLMUSDT,-1,2.1198554306560666,2022-10-14 08:00:00+00:00,2022-10-15 12:00:00+00:00
XLMUSDT,1,-1.3351057457692939,2022-10-15 12:00:00+00:00,2022-10-15 16:00:00+00:00
XLMUSDT,-1,-5.304021323014854,2022-10-15 16:00:00+00:00,2022-10-17 00:00:00+00:00
XLMUSDT,1,-1.4983062209256626,2022-10-17 00:00:00+00:00,2022-10-17 04:00:00+00:00
XLMUSDT,-1,-79.03716872093553,2022-10-17 04:00:00+00:00,2022-11-05 00:00:00+00:00
XLMUSDT,1,-4.42123086048282,2022-11-05 00:00:00+00:00,2022-11-06 00:00:00+00:00
XLMUSDT,-1,496.55209426355157,2022-11-06 00:00:00+00:00,2023-01-09 04:00:00+00:00
XLMUSDT,1,-2.113695626896531,2023-01-09 04:00:00+00:00,2023-01-10 12:00:00+00:00
XLMUSDT,-1,-1.8883171245948904,2023-01-10 12:00:00+00:00,2023-01-10 20:00:00+00:00
XLMUSDT,1,-30.118953039453928,2023-01-10 20:00:00+00:00,2023-02-10 04:00:00+00:00
XLMUSDT,-1,-38.95339061329987,2023-02-10 04:00:00+00:00,2023-02-16 00:00:00+00:00
XLMUSDT,1,-17.276328591281747,2023-02-16 00:00:00+00:00,2023-02-17 00:00:00+00:00
XLMUSDT,-1,-21.324416605220335,2023-02-17 00:00:00+00:00,2023-02-17 20:00:00+00:00
XLMUSDT,1,-50.003904789064386,2023-02-17 20:00:00+00:00,2023-02-24 16:00:00+00:00
XLMUSDT,-1,-31.978415890538088,2023-02-24 16:00:00+00:00,2023-03-15 08:00:00+00:00
XLMUSDT,1,-4.700408286309611,2023-03-15 08:00:00+00:00,2023-03-15 12:00:00+00:00
XLMUSDT,-1,-30.520980394250664,2023-03-15 12:00:00+00:00,2023-03-18 00:00:00+00:00
XLMUSDT,1,-3.9961485135475385,2023-03-18 00:00:00+00:00,2023-03-18 16:00:00+00:00
XLMUSDT,-1,-8.002749610928076,2023-03-18 16:00:00+00:00,2023-03-19 04:00:00+00:00
XLMUSDT,1,-1.3881248893268083,2023-03-19 04:00:00+00:00,2023-03-19 08:00:00+00:00
XLMUSDT,-1,-2.428941767291123,2023-03-19 08:00:00+00:00,2023-03-19 12:00:00+00:00
XLMUSDT,1,-12.302930063140922,2023-03-19 12:00:00+00:00,2023-03-21 00:00:00+00:00
XLMUSDT,-1,-4.08417606359059,2023-03-21 00:00:00+00:00,2023-03-21 04:00:00+00:00
XLMUSDT,1,-12.224573406979681,2023-03-21 04:00:00+00:00,2023-03-21 08:00:00+00:00
XLMUSDT,-1,-7.018064249827057,2023-03-21 08:00:00+00:00,2023-03-21 12:00:00+00:00
XLMUSDT,1,60.94664856533652,2023-03-21 12:00:00+00:00,2023-04-20 12:00:00+00:00
XLMUSDT,-1,39.101202259693096,2023-04-20 12:00:00+00:00,2023-05-31 04:00:00+00:00
XLMUSDT,1,-3.4305903569917264,2023-05-31 04:00:00+00:00,2023-05-31 08:00:00+00:00
XLMUSDT,-1,-5.064284049247634,2023-05-31 08:00:00+00:00,2023-05-31 20:00:00+00:00
XLMUSDT,1,-21.18233606529927,2023-05-31 20:00:00+00:00,2023-06-05 16:00:00+00:00
XLMUSDT,-1,-24.143217848242227,2023-06-05 16:00:00+00:00,2023-06-24 00:00:00+00:00
XLMUSDT,1,699.2205189627668,2023-06-24 00:00:00+00:00,2023-08-13 20:00:00+00:00
XLMUSDT,-1,-6.310588347265707,2023-08-13 20:00:00+00:00,2023-09-09 12:00:00+00:00
XLMUSDT,1,-22.487590709787124,2023-09-09 12:00:00+00:00,2023-09-11 12:00:00+00:00
XLMUSDT,-1,-1.9936656095275727,2023-09-11 12:00:00+00:00,2023-09-11 16:00:00+00:00
XLMUSDT,1,-2.9188905830186163,2023-09-11 16:00:00+00:00,2023-09-11 20:00:00+00:00
XLMUSDT,-1,-5.25590950548166,2023-09-11 20:00:00+00:00,2023-09-12 00:00:00+00:00
XLMUSDT,1,-27.313664263862368,2023-09-12 00:00:00+00:00,2023-09-12 16:00:00+00:00
XLMUSDT,-1,74.25872139292665,2023-09-12 16:00:00+00:00,2023-10-23 12:00:00+00:00
XLMUSDT,1,-34.76826338917715,2023-10-23 12:00:00+00:00,2023-11-17 16:00:00+00:00
XLMUSDT,-1,-4.2556846423528905,2023-11-17 16:00:00+00:00,2023-11-17 20:00:00+00:00
XLMUSDT,1,-12.347821268230854,2023-11-17 20:00:00+00:00,2023-11-21 20:00:00+00:00
XLMUSDT,-1,-1.0928165590549597,2023-11-21 20:00:00+00:00,2023-11-22 12:00:00+00:00
XLMUSDT,1,-0.37545725295175236,2023-11-22 12:00:00+00:00,2023-11-23 16:00:00+00:00
XLMUSDT,-1,-1.3278003961979996,2023-11-23 16:00:00+00:00,2023-11-23 20:00:00+00:00
XLMUSDT,1,3.6706098916482346,2023-11-23 20:00:00+00:00,2023-11-25 04:00:00+00:00
XLMUSDT,-1,-2.297042907579729,2023-11-25 04:00:00+00:00,2023-11-25 08:00:00+00:00
XLMUSDT,1,-15.239416942795028,2023-11-25 08:00:00+00:00,2023-11-27 00:00:00+00:00
XLMUSDT,-1,-14.618410586520987,2023-11-27 00:00:00+00:00,2023-12-01 20:00:00+00:00
XLMUSDT,1,0.18401374702274353,2023-12-01 20:00:00+00:00,2023-12-02 16:00:00+00:00
XLMUSDT,-1,-1.6349538377826616,2023-12-02 16:00:00+00:00,2023-12-02 20:00:00+00:00
XLMUSDT,1,-46.82363967928164,2023-12-02 20:00:00+00:00,2023-12-13 04:00:00+00:00
XLMUSDT,-1,-4.1007897736542755,2023-12-13 04:00:00+00:00,2023-12-13 16:00:00+00:00
XLMUSDT,1,-35.63072590867744,2023-12-13 16:00:00+00:00,2023-12-18 04:00:00+00:00
XLMUSDT,-1,-10.805510060846714,2023-12-18 04:00:00+00:00,2023-12-19 04:00:00+00:00
XLMUSDT,1,-6.108909912160598,2023-12-19 04:00:00+00:00,2023-12-19 12:00:00+00:00
XLMUSDT,-1,-18.25868398955871,2023-12-19 12:00:00+00:00,2023-12-20 16:00:00+00:00
XLMUSDT,1,-1.915860513490102,2023-12-20 16:00:00+00:00,2023-12-20 20:00:00+00:00
XLMUSDT,-1,-2.556110299989319,2023-12-20 20:00:00+00:00,2023-12-21 00:00:00+00:00
XLMUSDT,1,-39.10079061651072,2023-12-21 00:00:00+00:00,2024-01-03 16:00:00+00:00
XLMUSDT,-1,9.981469808186134,2024-01-03 16:00:00+00:00,2024-02-15 04:00:00+00:00
XLMUSDT,1,0.7437269518971881,2024-02-15 04:00:00+00:00,2024-02-16 00:00:00+00:00
XLMUSDT,-1,-1.7530584311561208,2024-02-16 00:00:00+00:00,2024-02-16 04:00:00+00:00
XLMUSDT,1,-82.39274610772573,2024-02-16 04:00:00+00:00,2024-02-21 20:00:00+00:00
XLMUSDT,-1,-19.447453192657562,2024-02-21 20:00:00+00:00,2024-02-22 00:00:00+00:00
XLMUSDT,1,-6.848765899640327,2024-02-22 00:00:00+00:00,2024-03-19 08:00:00+00:00
XLMUSDT,-1,-3.0479955830179946,2024-03-19 08:00:00+00:00,2024-03-19 16:00:00+00:00
XLMUSDT,1,-9.208481025507378,2024-03-19 16:00:00+00:00,2024-03-20 00:00:00+00:00
XLMUSDT,-1,-13.38242300948433,2024-03-20 00:00:00+00:00,2024-03-20 20:00:00+00:00
XLMUSDT,1,-13.308167523028619,2024-03-20 20:00:00+00:00,2024-03-28 04:00:00+00:00
XLMUSDT,-1,-5.2172180966836095,2024-03-28 04:00:00+00:00,2024-03-28 08:00:00+00:00
XLMUSDT,1,-20.42373544680666,2024-03-28 08:00:00+00:00,2024-04-02 00:00:00+00:00
XLMUSDT,-1,128.1094805170748,2024-04-02 00:00:00+00:00,2024-05-21 00:00:00+00:00
XLMUSDT,1,-14.741780681513193,2024-05-21 00:00:00+00:00,2024-05-23 04:00:00+00:00
XLMUSDT,-1,-17.701973418386462,2024-05-23 04:00:00+00:00,2024-05-25 00:00:00+00:00
XLMUSDT,1,-16.230355584627652,2024-05-25 00:00:00+00:00,2024-05-27 04:00:00+00:00
XLMUSDT,-1,-13.485416496544191,2024-05-27 04:00:00+00:00,2024-05-27 16:00:00+00:00
XLMUSDT,1,-15.189554111769842,2024-05-27 16:00:00+00:00,2024-05-28 04:00:00+00:00
XLMUSDT,-1,131.03434320425828,2024-05-28 04:00:00+00:00,2024-07-13 08:00:00+00:00
XLMUSDT,1,-114.16188787845158,2024-07-13 08:00:00+00:00,2024-08-02 16:00:00+00:00
XLMUSDT,-1,-165.95463969146041,2024-08-02 16:00:00+00:00,2024-08-08 00:00:00+00:00
XLMUSDT,1,-26.056792469409515,2024-08-08 00:00:00+00:00,2024-08-11 20:00:00+00:00
XLMUSDT,-1,-2.130529632212489,2024-08-11 20:00:00+00:00,2024-08-12 04:00:00+00:00
XLMUSDT,1,-3.996795467316313,2024-08-12 04:00:00+00:00,2024-08-12 16:00:00+00:00
XLMUSDT,-1,-41.11345584738507,2024-08-12 16:00:00+00:00,2024-08-22 08:00:00+00:00
XLMUSDT,1,10.832280242641403,2024-08-22 08:00:00+00:00,2024-08-25 16:00:00+00:00
XLMUSDT,-1,3.236753951969348,2024-08-25 16:00:00+00:00,2024-08-26 08:00:00+00:00
XLMUSDT,1,-1.2616758642268475,2024-08-26 08:00:00+00:00,2024-08-26 12:00:00+00:00
XLMUSDT,-1,-4.257704106689504,2024-08-26 12:00:00+00:00,2024-09-13 16:00:00+00:00
XLMUSDT,1,-12.343307565787093,2024-09-13 16:00:00+00:00,2024-09-16 16:00:00+00:00
XLMUSDT,-1,-1.7647687638974467,2024-09-16 16:00:00+00:00,2024-09-16 20:00:00+00:00
XLMUSDT,1,-4.835602500698213,2024-09-16 20:00:00+00:00,2024-09-18 08:00:00+00:00
XLMUSDT,-1,-16.711784571219336,2024-09-18 08:00:00+00:00,2024-09-19 00:00:00+00:00
XLMUSDT,1,-57.688937843431646,2024-09-19 00:00:00+00:00,2024-10-02 00:00:00+00:00
XLMUSDT,-1,-40.83448610454945,2024-10-02 00:00:00+00:00,2024-10-16 20:00:00+00:00
XLMUSDT,1,-2.1128596671204916,2024-10-16 20:00:00+00:00,2024-10-17 12:00:00+00:00
XLMUSDT,-1,-1.9858150726115968,2024-10-17 12:00:00+00:00,2024-10-17 16:00:00+00:00
XLMUSDT,1,-19.517637545505817,2024-10-17 16:00:00+00:00,2024-10-23 12:00:00+00:00
XLMUSDT,-1,-6.359424568397783,2024-10-23 12:00:00+00:00,2024-10-23 20:00:00+00:00
XLMUSDT,1,-3.7584654328928107,2024-10-23 20:00:00+00:00,2024-10-24 00:00:00+00:00
XLMUSDT,-1,-1.4712103792027682,2024-10-24 00:00:00+00:00,2024-10-24 04:00:00+00:00
XLMUSDT,1,-3.5718733746364735,2024-10-24 04:00:00+00:00,2024-10-24 12:00:00+00:00
XLMUSDT,-1,-2.012034349949842,2024-10-24 12:00:00+00:00,2024-10-24 16:00:00+00:00
XLMUSDT,1,-7.577472854912239,2024-10-24 16:00:00+00:00,2024-10-26 00:00:00+00:00
XLMUSDT,-1,-11.274684609235134,2024-10-26 00:00:00+00:00,2024-10-29 04:00:00+00:00
XLMUSDT,1,-13.846604594825731,2024-10-29 04:00:00+00:00,2024-10-31 04:00:00+00:00
XLMUSDT,-1,-12.492560521494141,2024-10-31 04:00:00+00:00,2024-11-06 04:00:00+00:00
XLMUSDT,1,2089.7422408529287,2024-11-06 04:00:00+00:00,2024-12-18 20:00:00+00:00
XLMUSDT,-1,-37.01375411310586,2024-12-18 20:00:00+00:00,2024-12-31 23:00:00+00:00
VETUSDT,1,266.6954587046574,2021-01-01 04:00:00+00:00,2021-02-01 04:00:00+00:00
VETUSDT,-1,-0.35309664120244255,2021-02-01 04:00:00+00:00,2021-02-01 08:00:00+00:00
VETUSDT,1,-41.0088599146826,2021-02-01 08:00:00+00:00,2021-02-28 16:00:00+00:00
VETUSDT,-1,-7.407550589464018,2021-02-28 16:00:00+00:00,2021-02-28 20:00:00+00:00
VETUSDT,1,1762.4616086758151,2021-02-28 20:00:00+00:00,2021-05-13 00:00:00+00:00
VETUSDT,-1,-25.731146804415285,2021-05-13 00:00:00+00:00,2021-05-13 08:00:00+00:00
VETUSDT,1,-9.730774479836326,2021-05-13 08:00:00+00:00,2021-05-13 12:00:00+00:00
VETUSDT,-1,340.2912061349418,2021-05-13 12:00:00+00:00,2021-07-26 08:00:00+00:00
VETUSDT,1,326.1828127359866,2021-07-26 08:00:00+00:00,2021-09-08 08:00:00+00:00
VETUSDT,-1,-101.41904029001155,2021-09-08 08:00:00+00:00,2021-09-12 16:00:00+00:00
VETUSDT,1,-20.335385521921516,2021-09-12 16:00:00+00:00,2021-09-13 08:00:00+00:00
VETUSDT,-1,-237.6468525386435,2021-09-13 08:00:00+00:00,2021-10-06 16:00:00+00:00
VETUSDT,1,-3.189542842459596,2021-10-06 16:00:00+00:00,2021-10-06 20:00:00+00:00
VETUSDT,-1,-21.48540034618872,2021-10-06 20:00:00+00:00,2021-10-07 12:00:00+00:00
VETUSDT,1,-6.061166363428375,2021-10-07 12:00:00+00:00,2021-10-07 16:00:00+00:00
VETUSDT,-1,-4.0592644032501335,2021-10-07 16:00:00+00:00,2021-10-08 08:00:00+00:00
VETUSDT,1,-2.7133418994204166,2021-10-08 08:00:00+00:00,2021-10-08 16:00:00+00:00
VETUSDT,-1,-0.43210171029063116,2021-10-08 16:00:00+00:00,2021-10-08 20:00:00+00:00
VETUSDT,1,3.3527228279923875,2021-10-08 20:00:00+00:00,2021-10-11 00:00:00+00:00
VETUSDT,-1,-9.4758197361205,2021-10-11 00:00:00+00:00,2021-10-11 08:00:00+00:00
VETUSDT,1,-6.237982536931886,2021-10-11 08:00:00+00:00,2021-10-11 12:00:00+00:00
VETUSDT,-1,-21.083640040219993,2021-10-11 12:00:00+00:00,2021-10-13 16:00:00+00:00
VETUSDT,1,151.93474170014483,2021-10-13 16:00:00+00:00,2021-11-19 00:00:00+00:00
VETUSDT,-1,-57.13719034106756,2021-11-19 00:00:00+00:00,2021-11-20 08:00:00+00:00
VETUSDT,1,-8.279777679824951,2021-11-20 08:00:00+00:00,2021-11-20 16:00:00+00:00
VETUSDT,-1,-9.249682908973888,2021-11-20 16:00:00+00:00,2021-11-21 00:00:00+00:00
VETUSDT,1,-6.075639238886014,2021-11-21 00:00:00+00:00,2021-11-21 04:00:00+00:00
VETUSDT,-1,334.69245224487696,2021-11-21 04:00:00+00:00,2022-01-05 04:00:00+00:00
VETUSDT,1,-35.47016430789155,2022-01-05 04:00:00+00:00,2022-01-06 00:00:00+00:00
VETUSDT,-1,242.4925904388693,2022-01-06 00:00:00+00:00,2022-02-16 08:00:00+00:00
VETUSDT,1,-3.594614400858744,2022-02-16 08:00:00+00:00,2022-02-16 12:00:00+00:00
VETUSDT,-1,-4.053514566940655,2022-02-16 12:00:00+00:00,2022-02-16 20:00:00+00:00
VETUSDT,1,-4.692072427951546,2022-02-16 20:00:00+00:00,2022-02-17 00:00:00+00:00
VETUSDT,-1,-2.2408979161635485,2022-02-17 00:00:00+00:00,2022-02-17 08:00:00+00:00
VETUSDT,1,-5.421069017693017,2022-02-17 08:00:00+00:00,2022-02-17 12:00:00+00:00
VETUSDT,-1,59.50198823237321,2022-02-17 12:00:00+00:00,2022-03-01 04:00:00+00:00
VETUSDT,-1,-121.0861578342273,2022-03-18 12:00:00+00:00,2022-03-21 20:00:00+00:00
VETUSDT,1,680.8030895499544,2022-03-21 20:00:00+00:00,2022-04-03 04:00:00+00:00
VETUSDT,-1,763.6825198935281,2022-04-20 12:00:00+00:00,2022-07-17 08:00:00+00:00
VETUSDT,1,-14.24574236482922,2022-07-17 08:00:00+00:00,2022-07-18 00:00:00+00:00
VETUSDT,-1,-26.348373410647277,2022-07-18 00:00:00+00:00,2022-07-18 04:00:00+00:00
VETUSDT,1,-120.12369468222408,2022-07-18 04:00:00+00:00,2022-07-26 04:00:00+00:00
VETUSDT,-1,-96.8076300386652,2022-07-26 04:00:00+00:00,2022-07-27 20:00:00+00:00
VETUSDT,1,154.83172282669292,2022-07-27 20:00:00+00:00,2022-08-19 16:00:00+00:00
VETUSDT,-1,-81.79139557055625,2022-08-19 16:00:00+00:00,2022-10-06 00:00:00+00:00
VETUSDT,1,-1.079575514639012,2022-10-06 00:00:00+00:00,2022-10-06 08:00:00+00:00
VETUSDT,-1,-0.8722111779622801,2022-10-06 08:00:00+00:00,2022-10-06 12:00:00+00:00
VETUSDT,1,-2.0119623795197428,2022-10-06 12:00:00+00:00,2022-10-06 16:00:00+00:00
VETUSDT,-1,-85.17935689984691,2022-10-06 16:00:00+00:00,2022-10-18 04:00:00+00:00
VETUSDT,1,-4.478716914601443,2022-10-18 04:00:00+00:00,2022-10-18 16:00:00+00:00
VETUSDT,-1,0.35019649936931074,2022-10-18 16:00:00+00:00,2022-10-25 20:00:00+00:00
VETUSDT,1,-2.328616661462474,2022-10-25 20:00:00+00:00,2022-10-26 00:00:00+00:00
VETUSDT,-1,-17.237695441490295,2022-10-26 00:00:00+00:00,2022-10-26 04:00:00+00:00
VETUSDT,1,-30.252535748740804,2022-10-26 04:00:00+00:00,2022-10-28 00:00:00+00:00
VETUSDT,-1,-12.931415091024157,2022-10-28 00:00:00+00:00,2022-10-28 16:00:00+00:00
VETUSDT,1,-38.69364209695141,2022-10-28 16:00:00+00:00,2022-11-09 12:00:00+00:00
VETUSDT,-1,183.64399623161967,2022-11-09 12:00:00+00:00,2023-01-09 04:00:00+00:00
VETUSDT,1,367.43131711909996,2023-01-09 04:00:00+00:00,2023-03-05 00:00:00+00:00
VETUSDT,-1,-161.15084245536661,2023-03-05 00:00:00+00:00,2023-04-02 08:00:00+00:00
VETUSDT,1,-5.627392783121124,2023-04-02 08:00:00+00:00,2023-04-02 16:00:00+00:00
VETUSDT,-1,-11.390925853194217,2023-04-02 16:00:00+00:00,2023-04-04 20:00:00+00:00
VETUSDT,1,-64.50406972757048,2023-04-04 20:00:00+00:00,2023-04-20 16:00:00+00:00
VETUSDT,-1,116.31460454633765,2023-04-20 16:00:00+00:00,2023-05-30 12:00:00+00:00
VETUSDT,1,-4.602512151104204,2023-05-30 12:00:00+00:00,2023-05-31 08:00:00+00:00
VETUSDT,-1,-5.527559749005096,2023-05-31 08:00:00+00:00,2023-06-02 12:00:00+00:00
VETUSDT,1,-2.4256476163121032,2023-06-02 12:00:00+00:00,2023-06-03 00:00:00+00:00
VETUSDT,-1,-1.4011452942215368,2023-06-03 00:00:00+00:00,2023-06-03 08:00:00+00:00
VETUSDT,1,-1.339477743437194,2023-06-03 08:00:00+00:00,2023-06-03 20:00:00+00:00
VETUSDT,-1,-1.9095664632791973,2023-06-03 20:00:00+00:00,2023-06-04 00:00:00+00:00
VETUSDT,1,-4.741387930191411,2023-06-04 00:00:00+00:00,2023-06-05 04:00:00+00:00
VETUSDT,-1,52.253425808073615,2023-06-05 04:00:00+00:00,2023-06-24 04:00:00+00:00
VETUSDT,1,-6.668149884966853,2023-06-24 04:00:00+00:00,2023-06-24 16:00:00+00:00
VETUSDT,-1,-1.541653313845609,2023-06-24 16:00:00+00:00,2023-06-24 20:00:00+00:00
VETUSDT,1,-0.7991028636230846,2023-06-24 20:00:00+00:00,2023-06-25 00:00:00+00:00
VETUSDT,-1,-2.6305061959836924,2023-06-25 00:00:00+00:00,2023-06-25 04:00:00+00:00
VETUSDT,1,-3.0046871141899443,2023-06-25 04:00:00+00:00,2023-06-25 20:00:00+00:00
VETUSDT,-1,-2.989764581971431,2023-06-25 20:00:00+00:00,2023-06-26 00:00:00+00:00
VETUSDT,1,-3.4994992218682737,2023-06-26 00:00:00+00:00,2023-06-26 04:00:00+00:00
VETUSDT,-1,-3.8243246013096286,2023-06-26 04:00:00+00:00,2023-06-26 12:00:00+00:00
VETUSDT,1,-5.043592660402981,2023-06-26 12:00:00+00:00,2023-06-28 20:00:00+00:00
VETUSDT,-1,-7.82424742989378,2023-06-28 20:00:00+00:00,2023-06-29 04:00:00+00:00
VETUSDT,1,-158.86961979493503,2023-06-29 04:00:00+00:00,2023-07-25 08:00:00+00:00
VETUSDT,-1,-6.343273063169613,2023-07-25 08:00:00+00:00,2023-07-27 00:00:00+00:00
VETUSDT,1,-0.3151732042750307,2023-07-27 00:00:00+00:00,2023-07-27 08:00:00+00:00
VETUSDT,-1,94.18724489300072,2023-07-27 08:00:00+00:00,2023-09-13 16:00:00+00:00
VETUSDT,1,-49.57386646683395,2023-09-13 16:00:00+00:00,2023-10-09 12:00:00+00:00
VETUSDT,-1,-7.3765236365278515,2023-10-09 12:00:00+00:00,2023-10-10 08:00:00+00:00
VETUSDT,1,-1.2775300258110789,2023-10-10 08:00:00+00:00,2023-10-10 16:00:00+00:00
VETUSDT,-1,-11.794558588372823,2023-10-10 16:00:00+00:00,2023-10-16 08:00:00+00:00
VETUSDT,1,-2.157557412494611,2023-10-16 08:00:00+00:00,2023-10-16 16:00:00+00:00
VETUSDT,-1,-24.38482808634729,2023-10-16 16:00:00+00:00,2023-10-21 08:00:00+00:00
VETUSDT,1,667.0296116038619,2023-10-21 08:00:00+00:00,2024-01-06 08:00:00+00:00
VETUSDT,-1,-2.7174984944505867,2024-01-06 08:00:00+00:00,2024-01-06 12:00:00+00:00
VETUSDT,1,-1.812908425655354,2024-01-06 12:00:00+00:00,2024-01-06 16:00:00+00:00
VETUSDT,-1,-2.0746051769642038,2024-01-06 16:00:00+00:00,2024-01-07 04:00:00+00:00
VETUSDT,1,-0.6712139157820783,2024-01-07 04:00:00+00:00,2024-01-07 12:00:00+00:00
VETUSDT,-1,-33.14672921565608,2024-01-07 12:00:00+00:00,2024-01-09 00:00:00+00:00
VETUSDT,1,-6.019719678766199,2024-01-09 00:00:00+00:00,2024-01-09 12:00:00+00:00
VETUSDT,-1,-49.8128827224157,2024-01-09 12:00:00+00:00,2024-01-11 00:00:00+00:00
VETUSDT,1,-32.47897131101687,2024-01-11 00:00:00+00:00,2024-01-13 00:00:00+00:00
VETUSDT,-1,-32.36610250168518,2024-01-13 00:00:00+00:00,2024-02-10 04:00:00+00:00
VETUSDT,1,315.2099962348864,2024-02-10 04:00:00+00:00,2024-03-15 12:00:00+00:00
VETUSDT,-1,0.26670778937223627,2024-03-15 12:00:00+00:00,2024-03-16 16:00:00+00:00
VETUSDT,1,-12.736688399124512,2024-03-16 16:00:00+00:00,2024-03-16 20:00:00+00:00
VETUSDT,-1,-161.47763346292982,2024-03-16 20:00:00+00:00,2024-03-26 12:00:00+00:00
VETUSDT,1,-17.96278694534128,2024-03-26 12:00:00+00:00,2024-03-26 16:00:00+00:00
VETUSDT,-1,-45.89570986839726,2024-03-26 16:00:00+00:00,2024-03-27 12:00:00+00:00
VETUSDT,1,-11.069500802647806,2024-03-27 12:00:00+00:00,2024-03-27 16:00:00+00:00
VETUSDT,-1,-37.191060291691166,2024-03-27 16:00:00+00:00,2024-03-28 20:00:00+00:00
VETUSDT,1,-4.531026354132974,2024-03-28 20:00:00+00:00,2024-03-29 04:00:00+00:00
VETUSDT,-1,-9.72763644570007,2024-03-29 04:00:00+00:00,2024-03-29 12:00:00+00:00
VETUSDT,1,-2.4787798088570048,2024-03-29 12:00:00+00:00,2024-03-29 16:00:00+00:00
VETUSDT,-1,-10.651338616368475,2024-03-29 16:00:00+00:00,2024-03-29 20:00:00+00:00
VETUSDT,1,-10.593406318946391,2024-03-29 20:00:00+00:00,2024-03-30 20:00:00+00:00
VETUSDT,-1,4.959446983123945,2024-03-30 20:00:00+00:00,2024-03-31 08:00:00+00:00
VETUSDT,1,-1.0555632560990191,2024-03-31 08:00:00+00:00,2024-03-31 12:00:00+00:00
VETUSDT,-1,-2.7134174056479092,2024-03-31 12:00:00+00:00,2024-03-31 16:00:00+00:00
VETUSDT,1,-18.89971019926883,2024-03-31 16:00:00+00:00,2024-04-01 12:00:00+00:00
VETUSDT,-1,-25.63132616520836,2024-04-01 12:00:00+00:00,2024-04-08 12:00:00+00:00
VETUSDT,1,-24.6374388962911,2024-04-08 12:00:00+00:00,2024-04-09 20:00:00+00:00
VETUSDT,-1,-3.1854606248775075,2024-04-09 20:00:00+00:00,2024-04-10 04:00:00+00:00
VETUSDT,1,-14.602506466659978,2024-04-10 04:00:00+00:00,2024-04-10 12:00:00+00:00
VETUSDT,-1,-4.225229837881759,2024-04-10 12:00:00+00:00,2024-04-10 20:00:00+00:00
VETUSDT,1,-63.04251230347889,2024-04-10 20:00:00+00:00,2024-04-12 20:00:00+00:00
VETUSDT,-1,-21.8130537159757,2024-04-12 20:00:00+00:00,2024-04-13 08:00:00+00:00
VETUSDT,1,-2.677468193172627,2024-04-13 08:00:00+00:00,2024-04-13 16:00:00+00:00
VETUSDT,-1,-128.06269525706816,2024-04-13 16:00:00+00:00,2024-04-15 08:00:00+00:00
VETUSDT,1,-9.244983045034855,2024-04-15 08:00:00+00:00,2024-04-15 16:00:00+00:00
VETUSDT,-1,106.98217751785678,2024-04-15 16:00:00+00:00,2024-05-27 16:00:00+00:00
VETUSDT,1,-5.527811094060425,2024-05-27 16:00:00+00:00,2024-05-28 04:00:00+00:00
VETUSDT,-1,-38.93324813041887,2024-05-28 04:00:00+00:00,2024-06-05 16:00:00+00:00
VETUSDT,1,-7.575876671000225,2024-06-05 16:00:00+00:00,2024-06-06 20:00:00+00:00
VETUSDT,-1,-1.4217196507844618,2024-06-06 20:00:00+00:00,2024-06-07 00:00:00+00:00
VETUSDT,1,-2.0073516830363394,2024-06-07 00:00:00+00:00,2024-06-07 04:00:00+00:00
VETUSDT,-1,-2.4249949672151154,2024-06-07 04:00:00+00:00,2024-06-07 08:00:00+00:00
VETUSDT,1,-15.213002622121902,2024-06-07 08:00:00+00:00,2024-06-07 20:00:00+00:00
VETUSDT,-1,222.56625066942345,2024-06-07 20:00:00+00:00,2024-07-13 08:00:00+00:00
VETUSDT,1,-71.94780847974612,2024-07-13 08:00:00+00:00,2024-07-25 04:00:00+00:00
VETUSDT,-1,-3.1124051514289124,2024-07-25 04:00:00+00:00,2024-07-26 00:00:00+00:00
VETUSDT,1,-30.747854528608535,2024-07-26 00:00:00+00:00,2024-07-30 20:00:00+00:00
VETUSDT,-1,52.64633089807813,2024-07-30 20:00:00+00:00,2024-08-24 20:00:00+00:00
VETUSDT,1,-4.088913438298119,2024-08-24 20:00:00+00:00,2024-08-25 04:00:00+00:00
VETUSDT,-1,63.42401760533477,2024-08-25 04:00:00+00:00,2024-09-19 16:00:00+00:00
VETUSDT,1,-67.4188426610484,2024-09-19 16:00:00+00:00,2024-10-02 20:00:00+00:00
VETUSDT,-1,-4.828043178349792,2024-10-02 20:00:00+00:00,2024-10-03 04:00:00+00:00
VETUSDT,1,-4.235823634410483,2024-10-03 04:00:00+00:00,2024-10-03 08:00:00+00:00
VETUSDT,-1,-5.95652532212615,2024-10-03 08:00:00+00:00,2024-10-04 20:00:00+00:00
VETUSDT,1,-3.4538684581707635,2024-10-04 20:00:00+00:00,2024-10-05 04:00:00+00:00
VETUSDT,-1,-1.7866534303503114,2024-10-05 04:00:00+00:00,2024-10-05 08:00:00+00:00
VETUSDT,1,-5.447172929686185,2024-10-05 08:00:00+00:00,2024-10-05 20:00:00+00:00
VETUSDT,-1,-2.7973256560416426,2024-10-05 20:00:00+00:00,2024-10-06 08:00:00+00:00
VETUSDT,1,-0.42667944658785417,2024-10-06 08:00:00+00:00,2024-10-08 08:00:00+00:00
VETUSDT,-1,-1.500342485426748,2024-10-08 08:00:00+00:00,2024-10-08 12:00:00+00:00
VETUSDT,1,-3.39031791831116,2024-10-08 12:00:00+00:00,2024-10-08 16:00:00+00:00
VETUSDT,-1,2.471387123021586,2024-10-08 16:00:00+00:00,2024-10-12 08:00:00+00:00
VETUSDT,1,-3.990745894540776,2024-10-12 08:00:00+00:00,2024-10-13 04:00:00+00:00
VETUSDT,-1,-4.7371985776295205,2024-10-13 04:00:00+00:00,2024-10-14 04:00:00+00:00
VETUSDT,1,-2.892396715918837,2024-10-14 04:00:00+00:00,2024-10-15 16:00:00+00:00
VETUSDT,-1,-3.643553304561063,2024-10-15 16:00:00+00:00,2024-10-16 00:00:00+00:00
VETUSDT,1,-3.901267359096699,2024-10-16 00:00:00+00:00,2024-10-16 08:00:00+00:00
VETUSDT,-1,-3.2145523668967635,2024-10-16 08:00:00+00:00,2024-10-16 12:00:00+00:00
VETUSDT,1,-1.9127666831500012,2024-10-16 12:00:00+00:00,2024-10-16 16:00:00+00:00
VETUSDT,-1,-7.2480691135663005,2024-10-16 16:00:00+00:00,2024-10-19 04:00:00+00:00
VETUSDT,1,-17.552900642734897,2024-10-19 04:00:00+00:00,2024-10-23 08:00:00+00:00
VETUSDT,-1,-58.26983535954538,2024-10-23 08:00:00+00:00,2024-11-10 00:00:00+00:00
VETUSDT,1,1271.743837254162,2024-11-10 00:00:00+00:00,2024-12-20 00:00:00+00:00
VETUSDT,-1,-10.772224336317352,2024-12-20 00:00:00+00:00,2024-12-20 04:00:00+00:00
VETUSDT,1,-8.353756356122316,2024-12-20 04:00:00+00:00,2024-12-20 08:00:00+00:00
VETUSDT,-1,-15.366689096362792,2024-12-20 08:00:00+00:00,2024-12-20 20:00:00+00:00
VETUSDT,1,-12.944142671565,2024-12-20 20:00:00+00:00,2024-12-21 20:00:00+00:00
VETUSDT,-1,-10.139608340571526,2024-12-21 20:00:00+00:00,2024-12-23 04:00:00+00:00
VETUSDT,1,-7.528295809461679,2024-12-23 04:00:00+00:00,2024-12-23 08:00:00+00:00
VETUSDT,-1,-17.411387646758612,2024-12-23 08:00:00+00:00,2024-12-24 00:00:00+00:00
VETUSDT,1,-30.04464170444687,2024-12-24 00:00:00+00:00,2024-12-26 12:00:00+00:00
VETUSDT,-1,65.7687886886356,2024-12-26 12:00:00+00:00,2024-12-31 23:00:00+00:00
ETCUSDT,-1,-59.270625820412256,2021-01-01 04:00:00+00:00,2021-01-03 12:00:00+00:00
ETCUSDT,1,104.97864237096292,2021-01-03 12:00:00+00:00,2021-02-28 08:00:00+00:00
ETCUSDT,-1,-2.802294821494116,2021-02-28 08:00:00+00:00,2021-02-28 12:00:00+00:00
ETCUSDT,1,-7.375715978776981,2021-02-28 12:00:00+00:00,2021-02-28 16:00:00+00:00
ETCUSDT,-1,-8.02891639706693,2021-02-28 16:00:00+00:00,2021-03-01 00:00:00+00:00
ETCUSDT,1,-34.83987613064308,2021-03-01 00:00:00+00:00,2021-03-11 00:00:00+00:00
ETCUSDT,-1,-6.184069940936964,2021-03-11 00:00:00+00:00,2021-03-11 04:00:00+00:00
ETCUSDT,1,-5.007245789835358,2021-03-11 04:00:00+00:00,2021-03-11 08:00:00+00:00
ETCUSDT,-1,-4.77127908861494,2021-03-11 08:00:00+00:00,2021-03-11 12:00:00+00:00
ETCUSDT,1,-4.235343206216031,2021-03-11 12:00:00+00:00,2021-03-11 20:00:00+00:00
ETCUSDT,-1,-2.3618910403832003,2021-03-11 20:00:00+00:00,2021-03-12 00:00:00+00:00
ETCUSDT,1,-4.669570424596822,2021-03-12 00:00:00+00:00,2021-03-13 08:00:00+00:00
ETCUSDT,-1,-4.793989133083417,2021-03-13 08:00:00+00:00,2021-03-13 12:00:00+00:00
ETCUSDT,1,-41.83118508326977,2021-03-13 12:00:00+00:00,2021-03-17 12:00:00+00:00
ETCUSDT,-1,-1.6187643947421124,2021-03-17 12:00:00+00:00,2021-03-17 16:00:00+00:00
ETCUSDT,1,-19.781486582648135,2021-03-17 16:00:00+00:00,2021-03-23 00:00:00+00:00
ETCUSDT,-1,-8.363199604814447,2021-03-23 00:00:00+00:00,2021-03-23 04:00:00+00:00
ETCUSDT,1,-27.292950182624555,2021-03-23 04:00:00+00:00,2021-03-25 00:00:00+00:00
ETCUSDT,-1,-54.97356450005012,2021-03-25 00:00:00+00:00,2021-03-29 08:00:00+00:00
ETCUSDT,1,2570.762750594383,2021-03-29 08:00:00+00:00,2021-05-22 04:00:00+00:00
ETCUSDT,-1,-6.068378008411074,2021-05-22 04:00:00+00:00,2021-05-22 12:00:00+00:00
ETCUSDT,1,-2.677907023898389,2021-05-22 12:00:00+00:00,2021-05-22 16:00:00+00:00
ETCUSDT,-1,-10.929164429727095,2021-05-22 16:00:00+00:00,2021-05-24 16:00:00+00:00
ETCUSDT,1,5.9333183157733345,2021-05-24 16:00:00+00:00,2021-05-28 12:00:00+00:00
ETCUSDT,-1,-18.03070997503344,2021-05-28 12:00:00+00:00,2021-05-28 16:00:00+00:00
ETCUSDT,1,-11.454383857196468,2021-05-28 16:00:00+00:00,2021-05-29 12:00:00+00:00
ETCUSDT,-1,-6.162700653573722,2021-05-29 12:00:00+00:00,2021-06-30 08:00:00+00:00
ETCUSDT,1,-26.277057363978727,2021-06-30 08:00:00+00:00,2021-06-30 16:00:00+00:00
ETCUSDT,-1,-42.569371933529176,2021-06-30 16:00:00+00:00,2021-07-03 20:00:00+00:00
ETCUSDT,1,-41.670234243241126,2021-07-03 20:00:00+00:00,2021-07-05 12:00:00+00:00
ETCUSDT,-1,-64.47009198264016,2021-07-05 12:00:00+00:00,2021-07-25 00:00:00+00:00
ETCUSDT,1,-7.5405561008949284,2021-07-25 00:00:00+00:00,2021-07-25 04:00:00+00:00
ETCUSDT,-1,-14.433144393189743,2021-07-25 04:00:00+00:00,2021-07-25 08:00:00+00:00
ETCUSDT,1,-4.221148087728422,2021-07-25 08:00:00+00:00,2021-07-25 12:00:00+00:00
ETCUSDT,-1,-15.67216040944282,2021-07-25 12:00:00+00:00,2021-07-26 00:00:00+00:00
ETCUSDT,1,-53.77530062621874,2021-07-26 00:00:00+00:00,2021-07-27 04:00:00+00:00
ETCUSDT,-1,-48.1700059040074,2021-07-27 04:00:00+00:00,2021-07-27 12:00:00+00:00
ETCUSDT,1,-116.2256941017684,2021-07-27 12:00:00+00:00,2021-09-07 20:00:00+00:00
ETCUSDT,-1,48.87709728678118,2021-09-07 20:00:00+00:00,2021-10-09 16:00:00+00:00
ETCUSDT,1,-1.4986707117397202,2021-10-09 16:00:00+00:00,2021-10-09 20:00:00+00:00
ETCUSDT,-1,-36.618970921090096,2021-10-09 20:00:00+00:00,2021-10-15 04:00:00+00:00
ETCUSDT,1,-30.722774452433775,2021-10-15 04:00:00+00:00,2021-10-19 08:00:00+00:00
ETCUSDT,-1,-8.00980717896424,2021-10-19 08:00:00+00:00,2021-10-20 16:00:00+00:00
ETCUSDT,1,-44.27352956357463,2021-10-20 16:00:00+00:00,2021-10-27 08:00:00+00:00
ETCUSDT,-1,-50.936554837699006,2021-10-27 08:00:00+00:00,2021-10-29 16:00:00+00:00
ETCUSDT,1,-16.065866182427296,2021-10-29 16:00:00+00:00,2021-10-30 16:00:00+00:00
ETCUSDT,-1,-2.4050540683785218,2021-10-30 16:00:00+00:00,2021-10-30 20:00:00+00:00
ETCUSDT,1,-0.5554934766702816,2021-10-30 20:00:00+00:00,2021-10-31 00:00:00+00:00
ETCUSDT,-1,-12.188678432712795,2021-10-31 00:00:00+00:00,2021-10-31 04:00:00+00:00
ETCUSDT,1,-27.420494139345358,2021-10-31 04:00:00+00:00,2021-11-01 04:00:00+00:00
ETCUSDT,-1,-6.698755566906646,2021-11-01 04:00:00+00:00,2021-11-01 08:00:00+00:00
ETCUSDT,1,-37.54254391584675,2021-11-01 08:00:00+00:00,2021-11-05 08:00:00+00:00
ETCUSDT,-1,0.6859846778778249,2021-11-05 08:00:00+00:00,2021-11-07 12:00:00+00:00
ETCUSDT,1,-33.41408398588156,2021-11-07 12:00:00+00:00,2021-11-16 04:00:00+00:00
ETCUSDT,-1,569.4168400495843,2021-11-16 04:00:00+00:00,2022-02-07 04:00:00+00:00
ETCUSDT,1,-182.34338772888682,2022-02-07 04:00:00+00:00,2022-02-18 16:00:00+00:00
ETCUSDT,-1,-63.99244351465471,2022-02-18 16:00:00+00:00,2022-02-26 04:00:00+00:00
ETCUSDT,1,-2.8640885597769903,2022-02-26 04:00:00+00:00,2022-02-26 12:00:00+00:00
ETCUSDT,-1,-3.080099565920868,2022-02-26 12:00:00+00:00,2022-02-26 16:00:00+00:00
ETCUSDT,1,-7.395605651403801,2022-02-26 16:00:00+00:00,2022-02-27 04:00:00+00:00
ETCUSDT,-1,-23.71907950954908,2022-02-27 04:00:00+00:00,2022-02-27 12:00:00+00:00
ETCUSDT,1,-13.983235540771208,2022-02-27 12:00:00+00:00,2022-02-27 20:00:00+00:00
ETCUSDT,-1,-48.667837994241346,2022-02-27 20:00:00+00:00,2022-02-28 16:00:00+00:00
ETCUSDT,1,-2.865193514744456,2022-02-28 16:00:00+00:00,2022-02-28 20:00:00+00:00
ETCUSDT,-1,-13.371221226076672,2022-02-28 20:00:00+00:00,2022-03-01 00:00:00+00:00
ETCUSDT,1,-22.16796551342117,2022-03-01 00:00:00+00:00,2022-03-03 04:00:00+00:00
ETCUSDT,-1,-7.766044061491191,2022-03-03 04:00:00+00:00,2022-03-03 08:00:00+00:00
ETCUSDT,1,-42.24590173645171,2022-03-03 08:00:00+00:00,2022-03-04 08:00:00+00:00
ETCUSDT,-1,-105.99436931574775,2022-03-04 08:00:00+00:00,2022-03-19 04:00:00+00:00
ETCUSDT,1,254.26846749354775,2022-03-19 04:00:00+00:00,2022-04-12 20:00:00+00:00
ETCUSDT,-1,-7.669937241237524,2022-04-12 20:00:00+00:00,2022-04-13 00:00:00+00:00
ETCUSDT,1,-6.693947808285142,2022-04-13 00:00:00+00:00,2022-04-13 12:00:00+00:00
ETCUSDT,-1,-8.442738101016694,2022-04-13 12:00:00+00:00,2022-04-13 16:00:00+00:00
ETCUSDT,1,-9.551048948519767,2022-04-13 16:00:00+00:00,2022-04-14 16:00:00+00:00
ETCUSDT,-1,493.3110280934643,2022-04-14 16:00:00+00:00,2022-06-06 08:00:00+00:00
ETCUSDT,1,-4.446492128967481,2022-06-06 08:00:00+00:00,2022-06-06 12:00:00+00:00
ETCUSDT,-1,275.0005251565392,2022-06-06 12:00:00+00:00,2022-07-17 00:00:00+00:00
ETCUSDT,1,1339.8356178047638,2022-07-17 00:00:00+00:00,2022-08-22 16:00:00+00:00
ETCUSDT,-1,-29.302098059759754,2022-08-22 16:00:00+00:00,2022-08-24 16:00:00+00:00
ETCUSDT,1,-7.326315839934264,2022-08-24 16:00:00+00:00,2022-08-25 00:00:00+00:00
ETCUSDT,-1,-14.847100199303622,2022-08-25 00:00:00+00:00,2022-08-25 08:00:00+00:00
ETCUSDT,1,-6.116357849595182,2022-08-25 08:00:00+00:00,2022-08-26 08:00:00+00:00
ETCUSDT,-1,9.856637808277384,2022-08-26 08:00:00+00:00,2022-08-27 08:00:00+00:00
ETCUSDT,1,-7.239317250422128,2022-08-27 08:00:00+00:00,2022-08-27 12:00:00+00:00
ETCUSDT,-1,-148.54692824799722,2022-08-27 12:00:00+00:00,2022-09-05 16:00:00+00:00
ETCUSDT,1,-128.39676784015916,2022-09-05 16:00:00+00:00,2022-09-07 00:00:00+00:00
ETCUSDT,-1,-45.57448705915272,2022-09-07 00:00:00+00:00,2022-09-08 00:00:00+00:00
ETCUSDT,1,-21.915403693191276,2022-09-08 00:00:00+00:00,2022-09-08 16:00:00+00:00
ETCUSDT,-1,-1.349599533109646,2022-09-08 16:00:00+00:00,2022-09-08 20:00:00+00:00
ETCUSDT,1,-101.98535308760341,2022-09-08 20:00:00+00:00,2022-09-14 12:00:00+00:00
ETCUSDT,-1,-5.198700971458576,2022-09-14 12:00:00+00:00,2022-09-14 16:00:00+00:00
ETCUSDT,1,-147.02720321517916,2022-09-14 16:00:00+00:00,2022-09-16 04:00:00+00:00
ETCUSDT,-1,251.26790047638502,2022-09-16 04:00:00+00:00,2022-10-29 04:00:00+00:00
ETCUSDT,1,-1.8969046402252991,2022-10-29 04:00:00+00:00,2022-10-29 08:00:00+00:00
ETCUSDT,-1,-0.6631857579107028,2022-10-29 08:00:00+00:00,2022-10-29 16:00:00+00:00
ETCUSDT,1,-1.527323953028429,2022-10-29 16:00:00+00:00,2022-10-29 20:00:00+00:00
ETCUSDT,-1,-20.69261812698619,2022-10-29 20:00:00+00:00,2022-11-04 20:00:00+00:00
ETCUSDT,1,-45.35947981378523,2022-11-04 20:00:00+00:00,2022-11-07 08:00:00+00:00
ETCUSDT,-1,-6.0781421582548925,2022-11-07 08:00:00+00:00,2022-11-07 12:00:00+00:00
ETCUSDT,1,-14.74112719414467,2022-11-07 12:00:00+00:00,2022-11-08 04:00:00+00:00
ETCUSDT,-1,227.48386148633136,2022-11-08 04:00:00+00:00,2023-01-04 12:00:00+00:00
ETCUSDT,1,31.907000989695064,2023-01-04 12:00:00+00:00,2023-02-09 20:00:00+00:00
ETCUSDT,-1,-11.467150952156903,2023-02-09 20:00:00+00:00,2023-02-11 08:00:00+00:00
ETCUSDT,1,1.080594879108347,2023-02-11 08:00:00+00:00,2023-02-11 16:00:00+00:00
ETCUSDT,-1,-38.90989004061451,2023-02-11 16:00:00+00:00,2023-02-16 00:00:00+00:00
ETCUSDT,1,-79.1865179641278,2023-02-16 00:00:00+00:00,2023-02-17 00:00:00+00:00
ETCUSDT,-1,-37.12014687452955,2023-02-17 00:00:00+00:00,2023-02-17 20:00:00+00:00
ETCUSDT,1,-28.54591794660065,2023-02-17 20:00:00+00:00,2023-02-22 16:00:00+00:00
ETCUSDT,-1,-3.673151475800162,2023-02-22 16:00:00+00:00,2023-02-22 20:00:00+00:00
ETCUSDT,1,-15.942345136436273,2023-02-22 20:00:00+00:00,2023-02-23 12:00:00+00:00
ETCUSDT,-1,-1.476562237895574,2023-02-23 12:00:00+00:00,2023-02-23 16:00:00+00:00
ETCUSDT,1,-1.260909946694441,2023-02-23 16:00:00+00:00,2023-02-23 20:00:00+00:00
ETCUSDT,-1,-69.03781655176932,2023-02-23 20:00:00+00:00,2023-03-18 12:00:00+00:00
ETCUSDT,1,-41.40693259728364,2023-03-18 12:00:00+00:00,2023-03-20 04:00:00+00:00
ETCUSDT,-1,-4.945603376307295,2023-03-20 04:00:00+00:00,2023-03-20 08:00:00+00:00
ETCUSDT,1,-9.92609159792504,2023-03-20 08:00:00+00:00,2023-03-20 12:00:00+00:00
ETCUSDT,-1,-28.45674999995007,2023-03-20 12:00:00+00:00,2023-03-22 00:00:00+00:00
ETCUSDT,1,-3.2734006263443622,2023-03-22 00:00:00+00:00,2023-03-22 08:00:00+00:00
ETCUSDT,-1,-42.67557657800681,2023-03-22 08:00:00+00:00,2023-03-23 08:00:00+00:00
ETCUSDT,1,-5.156591316266809,2023-03-23 08:00:00+00:00,2023-03-24 12:00:00+00:00
ETCUSDT,-1,-43.10436578876156,2023-03-24 12:00:00+00:00,2023-03-28 20:00:00+00:00
ETCUSDT,1,-0.6863507663238156,2023-03-28 20:00:00+00:00,2023-03-29 04:00:00+00:00
ETCUSDT,-1,-4.501063672493548,2023-03-29 04:00:00+00:00,2023-03-29 08:00:00+00:00
ETCUSDT,1,-65.94628785029415,2023-03-29 08:00:00+00:00,2023-04-09 08:00:00+00:00
ETCUSDT,-1,-0.9284471308641179,2023-04-09 08:00:00+00:00,2023-04-09 12:00:00+00:00
ETCUSDT,1,-31.666442728315367,2023-04-09 12:00:00+00:00,2023-04-20 12:00:00+00:00
ETCUSDT,-1,97.24834295095091,2023-04-20 12:00:00+00:00,2023-06-23 20:00:00+00:00
ETCUSDT,1,-142.02702145820396,2023-06-23 20:00:00+00:00,2023-07-24 12:00:00+00:00
ETCUSDT,-1,-39.74058738187124,2023-07-24 12:00:00+00:00,2023-07-31 00:00:00+00:00
ETCUSDT,1,-2.1804182016728415,2023-07-31 00:00:00+00:00,2023-07-31 08:00:00+00:00
ETCUSDT,-1,-4.139378141790094,2023-07-31 08:00:00+00:00,2023-07-31 12:00:00+00:00
ETCUSDT,1,-2.1014267876750745,2023-07-31 12:00:00+00:00,2023-07-31 16:00:00+00:00
ETCUSDT,-1,127.87933172517316,2023-07-31 16:00:00+00:00,2023-09-19 16:00:00+00:00
ETCUSDT,1,-2.7290727341688115,2023-09-19 16:00:00+00:00,2023-09-19 20:00:00+00:00
ETCUSDT,-1,-2.7664226454182455,2023-09-19 20:00:00+00:00,2023-09-21 00:00:00+00:00
ETCUSDT,1,-1.999815210163791,2023-09-21 00:00:00+00:00,2023-09-21 08:00:00+00:00
ETCUSDT,-1,-22.996224474363533,2023-09-21 08:00:00+00:00,2023-09-27 12:00:00+00:00
ETCUSDT,1,-2.361378238863627,2023-09-27 12:00:00+00:00,2023-09-27 16:00:00+00:00
ETCUSDT,-1,-6.381824016225549,2023-09-27 16:00:00+00:00,2023-09-28 08:00:00+00:00
ETCUSDT,1,-26.247861244394528,2023-09-28 08:00:00+00:00,2023-10-04 16:00:00+00:00
ETCUSDT,-1,-5.1284315376520855,2023-10-04 16:00:00+00:00,2023-10-04 20:00:00+00:00
ETCUSDT,1,-2.861482522569463,2023-10-04 20:00:00+00:00,2023-10-05 16:00:00+00:00
ETCUSDT,-1,-3.442849212564087,2023-10-05 16:00:00+00:00,2023-10-06 04:00:00+00:00
ETCUSDT,1,-0.45700923021014117,2023-10-06 04:00:00+00:00,2023-10-06 08:00:00+00:00
ETCUSDT,-1,-0.6006177933898551,2023-10-06 08:00:00+00:00,2023-10-06 12:00:00+00:00
ETCUSDT,1,-13.12446877654856,2023-10-06 12:00:00+00:00,2023-10-08 12:00:00+00:00
ETCUSDT,-1,-1.549438358493887,2023-10-08 12:00:00+00:00,2023-10-08 20:00:00+00:00
ETCUSDT,1,-0.6944343061927769,2023-10-08 20:00:00+00:00,2023-10-09 00:00:00+00:00
ETCUSDT,-1,-36.895774882904504,2023-10-09 00:00:00+00:00,2023-10-21 08:00:00+00:00
ETCUSDT,1,163.83075728393882,2023-10-21 08:00:00+00:00,2023-12-19 20:00:00+00:00
ETCUSDT,-1,-3.46701798652811,2023-12-19 20:00:00+00:00,2023-12-20 08:00:00+00:00
ETCUSDT,1,-26.308874261189146,2023-12-20 08:00:00+00:00,2024-01-03 16:00:00+00:00
ETCUSDT,-1,-81.115661622065,2024-01-03 16:00:00+00:00,2024-01-10 00:00:00+00:00
ETCUSDT,1,-9.845605635634875,2024-01-10 00:00:00+00:00,2024-01-10 08:00:00+00:00
ETCUSDT,-1,-3.8865291474018955,2024-01-10 08:00:00+00:00,2024-01-10 12:00:00+00:00
ETCUSDT,1,113.5519499138299,2024-01-10 12:00:00+00:00,2024-03-19 04:00:00+00:00
ETCUSDT,-1,-3.9233680004081464,2024-03-19 04:00:00+00:00,2024-03-21 00:00:00+00:00
ETCUSDT,1,-3.129642791181642,2024-03-21 00:00:00+00:00,2024-03-21 08:00:00+00:00
ETCUSDT,-1,-3.418262120647509,2024-03-21 08:00:00+00:00,2024-03-23 16:00:00+00:00
ETCUSDT,1,-3.208804179028216,2024-03-23 16:00:00+00:00,2024-03-24 00:00:00+00:00
ETCUSDT,-1,-3.387653333346249,2024-03-24 00:00:00+00:00,2024-03-24 04:00:00+00:00
ETCUSDT,1,-3.825762534728426,2024-03-24 04:00:00+00:00,2024-03-27 12:00:00+00:00
ETCUSDT,-1,-5.471322529965961,2024-03-27 12:00:00+00:00,2024-03-28 16:00:00+00:00
ETCUSDT,1,-1.6506863340965767,2024-03-28 16:00:00+00:00,2024-03-28 20:00:00+00:00
ETCUSDT,-1,-13.747674758708873,2024-03-28 20:00:00+00:00,2024-03-29 12:00:00+00:00
ETCUSDT,1,-28.05851721390057,2024-03-29 12:00:00+00:00,2024-03-31 00:00:00+00:00
ETCUSDT,-1,-1.5277194751465637,2024-03-31 00:00:00+00:00,2024-03-31 04:00:00+00:00
ETCUSDT,1,-29.51891119806167,2024-03-31 04:00:00+00:00,2024-04-02 00:00:00+00:00
ETCUSDT,-1,-27.73872166162473,2024-04-02 00:00:00+00:00,2024-04-04 16:00:00+00:00
ETCUSDT,1,-15.895381789354335,2024-04-04 16:00:00+00:00,2024-04-05 12:00:00+00:00
ETCUSDT,-1,-29.824338299993823,2024-04-05 12:00:00+00:00,2024-04-05 16:00:00+00:00
ETCUSDT,1,-47.481393415951565,2024-04-05 16:00:00+00:00,2024-04-10 08:00:00+00:00
ETCUSDT,-1,-2.523630124679462,2024-04-10 08:00:00+00:00,2024-04-10 20:00:00+00:00
ETCUSDT,1,-43.762001346205736,2024-04-10 20:00:00+00:00,2024-04-12 20:00:00+00:00
ETCUSDT,-1,-11.186441393463156,2024-04-12 20:00:00+00:00,2024-05-17 08:00:00+00:00
ETCUSDT,1,-63.32436935666054,2024-05-17 08:00:00+00:00,2024-06-07 20:00:00+00:00
ETCUSDT,-1,140.2398088251364,2024-06-07 20:00:00+00:00,2024-07-16 16:00:00+00:00
ETCUSDT,1,-0.931852775662158,2024-07-16 16:00:00+00:00,2024-07-16 20:00:00+00:00
ETCUSDT,-1,-0.32128488775452535,2024-07-16 20:00:00+00:00,2024-07-17 08:00:00+00:00
ETCUSDT,1,-8.095451937401823,2024-07-17 08:00:00+00:00,2024-07-17 20:00:00+00:00
ETCUSDT,-1,-9.194772418197104,2024-07-17 20:00:00+00:00,2024-07-19 20:00:00+00:00
ETCUSDT,1,-40.209298570314985,2024-07-19 20:00:00+00:00,2024-07-24 20:00:00+00:00
ETCUSDT,-1,-17.38446640224925,2024-07-24 20:00:00+00:00,2024-07-27 00:00:00+00:00
ETCUSDT,1,-0.9930281271601331,2024-07-27 00:00:00+00:00,2024-07-27 04:00:00+00:00
ETCUSDT,-1,-1.2277806041078931,2024-07-27 04:00:00+00:00,2024-07-27 08:00:00+00:00
ETCUSDT,1,-8.562773658323968,2024-07-27 08:00:00+00:00,2024-07-28 16:00:00+00:00
ETCUSDT,-1,-1.3764003428500913,2024-07-28 16:00:00+00:00,2024-07-28 20:00:00+00:00
ETCUSDT,1,-16.397560729703912,2024-07-28 20:00:00+00:00,2024-07-30 20:00:00+00:00
ETCUSDT,-1,104.95885816455673,2024-07-30 20:00:00+00:00,2024-08-24 20:00:00+00:00
ETCUSDT,1,-2.440115184432728,2024-08-24 20:00:00+00:00,2024-08-25 00:00:00+00:00
ETCUSDT,-1,15.248735480840878,2024-08-25 00:00:00+00:00,2024-09-14 04:00:00+00:00
ETCUSDT,1,-1.5942596635601314,2024-09-14 04:00:00+00:00,2024-09-14 08:00:00+00:00
ETCUSDT,-1,-6.0142417088139455,2024-09-14 08:00:00+00:00,2024-09-14 16:00:00+00:00
ETCUSDT,1,-5.38705263937848,2024-09-14 16:00:00+00:00,2024-09-14 20:00:00+00:00
ETCUSDT,-1,1.65685417304406,2024-09-14 20:00:00+00:00,2024-09-19 16:00:00+00:00
ETCUSDT,1,-67.39437259002862,2024-09-19 16:00:00+00:00,2024-10-02 04:00:00+00:00
ETCUSDT,-1,1.2468804313245643,2024-10-02 04:00:00+00:00,2024-10-04 16:00:00+00:00
ETCUSDT,1,-6.656337968656574,2024-10-04 16:00:00+00:00,2024-10-05 04:00:00+00:00
ETCUSDT,-1,-2.1651303132753927,2024-10-05 04:00:00+00:00,2024-10-06 08:00:00+00:00
ETCUSDT,1,-3.5591529866490297,2024-10-06 08:00:00+00:00,2024-10-06 12:00:00+00:00
ETCUSDT,-1,-1.5295292413746424,2024-10-06 12:00:00+00:00,2024-10-06 16:00:00+00:00
ETCUSDT,1,-6.6517546421242795,2024-10-06 16:00:00+00:00,2024-10-08 00:00:00+00:00
ETCUSDT,-1,-6.834792375942657,2024-10-08 00:00:00+00:00,2024-10-08 04:00:00+00:00
ETCUSDT,1,-2.944296885185095,2024-10-08 04:00:00+00:00,2024-10-08 08:00:00+00:00
ETCUSDT,-1,-5.165661163812583,2024-10-08 08:00:00+00:00,2024-10-11 20:00:00+00:00
ETCUSDT,1,-1.0411233031317284,2024-10-11 20:00:00+00:00,2024-10-12 00:00:00+00:00
ETCUSDT,-1,-1.641637793453248,2024-10-12 00:00:00+00:00,2024-10-12 08:00:00+00:00
ETCUSDT,1,-2.1454583220730177,2024-10-12 08:00:00+00:00,2024-10-13 12:00:00+00:00
ETCUSDT,-1,-3.2991140072964447,2024-10-13 12:00:00+00:00,2024-10-14 04:00:00+00:00
ETCUSDT,1,-26.575450559066116,2024-10-14 04:00:00+00:00,2024-10-23 04:00:00+00:00
ETCUSDT,-1,-17.093885850916326,2024-10-23 04:00:00+00:00,2024-10-25 12:00:00+00:00
ETCUSDT,1,-7.675577757667071,2024-10-25 12:00:00+00:00,2024-10-25 20:00:00+00:00
ETCUSDT,-1,-27.783113516389577,2024-10-25 20:00:00+00:00,2024-10-29 04:00:00+00:00
ETCUSDT,1,-17.054393080450694,2024-10-29 04:00:00+00:00,2024-10-31 16:00:00+00:00
ETCUSDT,-1,-27.50354183610402,2024-10-31 16:00:00+00:00,2024-11-06 08:00:00+00:00
ETCUSDT,1,453.825250791228,2024-11-06 08:00:00+00:00,2024-12-19 00:00:00+00:00
ETCUSDT,-1,-18.187053950303493,2024-12-19 00:00:00+00:00,2024-12-31 23:00:00+00:00
