time,original,corrected,trend_weight
2020-01-02 00:00:00+00:00,0.0,0.0,0.5
2020-01-03 00:00:00+00:00,0.0,0.0,0.5
2020-01-04 00:00:00+00:00,0.0,0.0,0.5
2020-01-05 00:00:00+00:00,0.0,0.0,0.5
2020-01-06 00:00:00+00:00,0.0,0.0,0.5
2020-01-07 00:00:00+00:00,0.0,0.0,0.5
2020-01-08 00:00:00+00:00,0.0,0.0,0.5
2020-01-09 00:00:00+00:00,0.0,0.0,0.5
2020-01-10 00:00:00+00:00,0.0,0.0,0.5
2020-01-11 00:00:00+00:00,0.0,0.0,0.5
2020-01-12 00:00:00+00:00,0.0,0.0,0.5
2020-01-13 00:00:00+00:00,0.0,0.0,0.5
2020-01-14 00:00:00+00:00,0.0,0.0,0.5
2020-01-15 00:00:00+00:00,0.0,0.0,0.5
2020-01-16 00:00:00+00:00,0.0,0.0,0.5
2020-01-17 00:00:00+00:00,0.0,0.0,0.5
2020-01-18 00:00:00+00:00,0.001742528353621875,0.001742528353621875,0.5
2020-01-19 00:00:00+00:00,-0.012288383302889228,-0.012288383302889228,0.5
2020-01-20 00:00:00+00:00,-0.0032105789671543206,-0.0032105789671543206,0.5
2020-01-21 00:00:00+00:00,0.005347746314259605,0.005347746314259605,0.5
2020-01-22 00:00:00+00:00,-0.003312195360104464,-0.003312195360104464,0.5
2020-01-23 00:00:00+00:00,-0.015845623636878747,-0.015845623636878747,0.5
2020-01-24 00:00:00+00:00,0.0019258332389275878,0.0019258332389275878,0.5
2020-01-25 00:00:00+00:00,-0.005769560359368098,-0.005769560359368098,0.5
2020-01-26 00:00:00+00:00,0.01598793622258865,0.01598793622258865,0.5
2020-01-27 00:00:00+00:00,0.03132269275947108,0.03132269275947119,0.5
2020-01-28 00:00:00+00:00,0.05447727094703303,0.05447727094703292,0.5
2020-01-29 00:00:00+00:00,-0.009364598108103195,-0.009364598108103195,0.5
2020-01-30 00:00:00+00:00,0.023065490746625006,0.023065490746625006,0.5
2020-01-31 00:00:00+00:00,-0.016925642525197515,-0.016925642525197515,0.5
2020-02-01 00:00:00+00:00,0.0030158686089053477,0.0030158686089051256,0.5
2020-02-02 00:00:00+00:00,-0.012318591904205867,-0.012318591904205867,0.5
2020-02-03 00:00:00+00:00,-0.0020128276112368337,-0.0020128276112368337,0.5
2020-02-04 00:00:00+00:00,-0.005503842845083484,-0.005503842845083484,0.5
2020-02-05 00:00:00+00:00,0.023483978534255212,0.023483978534255212,0.5
2020-02-06 00:00:00+00:00,0.007696977956239026,0.007696977956239026,0.5
2020-02-07 00:00:00+00:00,0.0022210671810724003,0.0022210671810724003,0.5
2020-02-08 00:00:00+00:00,0.004326192938466478,0.004326192938466478,0.5
2020-02-09 00:00:00+00:00,0.013181439001972994,0.013181439001972994,0.5
2020-02-10 00:00:00+00:00,-0.014854314064591034,-0.014854314064591034,0.5
2020-02-11 00:00:00+00:00,0.018437703760594615,0.018437703760594615,0.5
2020-02-12 00:00:00+00:00,0.005426563090719094,0.005426563090719094,0.5
2020-02-13 00:00:00+00:00,-0.004856780069972644,-0.004856780069972644,0.5
2020-02-14 00:00:00+00:00,0.005726872404811845,0.005726872404811845,0.5
2020-02-15 00:00:00+00:00,-0.021346964460714657,-0.021346964460714657,0.5
2020-02-16 00:00:00+00:00,0.0003467263518410757,0.0003467263518410757,0.5
2020-02-17 00:00:00+00:00,-0.010382478086748914,-0.010382478086748914,0.5
2020-02-18 00:00:00+00:00,0.023605375690073704,0.023605375690073704,0.5
2020-02-19 00:00:00+00:00,-0.02855863226311317,-0.02855863226311317,0.5
2020-02-20 00:00:00+00:00,0.00017573472151777292,0.00017573472151777292,0.5
2020-02-21 00:00:00+00:00,0.001367730498895381,0.001367730498895381,0.5
2020-02-22 00:00:00+00:00,-0.000818643018703713,-0.000818643018703713,0.5
2020-02-23 00:00:00+00:00,0.012543415180536699,0.012543415180536699,0.5
2020-02-24 00:00:00+00:00,-0.014041742831721382,-0.014041742831721382,0.5
2020-02-25 00:00:00+00:00,-0.0076932010660270556,-0.0076932010660270556,0.5
2020-02-26 00:00:00+00:00,0.009737509650063703,0.009737509650063703,0.5
2020-02-27 00:00:00+00:00,-0.0008232636364515766,-0.0008232636364515766,0.5
2020-02-28 00:00:00+00:00,0.0034794617585831578,0.0034794617585831578,0.5
2020-02-29 00:00:00+00:00,0.006832513548694186,0.006832513548694186,0.5
2020-03-01 00:00:00+00:00,-0.00047573100026993,-0.00047573100026993,0.5
2020-03-02 00:00:00+00:00,-0.020787238315225998,-0.020787238315225998,0.5
2020-03-03 00:00:00+00:00,0.006305462572063991,0.006305462572063991,0.5
2020-03-04 00:00:00+00:00,0.0003248310713142022,0.0003248310713142022,0.5
2020-03-05 00:00:00+00:00,-0.012304190831234851,-0.012304190831234851,0.5
2020-03-06 00:00:00+00:00,-0.003161902111484094,-0.003161902111484094,0.5
2020-03-07 00:00:00+00:00,0.01005614403974664,0.01005614403974664,0.5
2020-03-08 00:00:00+00:00,0.05598480299493103,0.05598480299493114,0.5
2020-03-09 00:00:00+00:00,0.012515739761947309,0.012515739761947198,0.5
2020-03-10 00:00:00+00:00,0.004062438738131058,0.004062438738131058,0.5
2020-03-11 00:00:00+00:00,-0.004777977963959956,-0.004777977963959901,0.5
2020-03-12 00:00:00+00:00,0.2881636940004151,0.28816369400041497,0.5
2020-03-13 00:00:00+00:00,-0.035613358531699946,-0.035613358531699946,0.5
2020-03-14 00:00:00+00:00,0.019193436734531888,0.019193436734531888,0.5
2020-03-15 00:00:00+00:00,-0.008723299615318036,-0.008723299615318036,0.5
2020-03-16 00:00:00+00:00,0.015444353289986834,0.015444353289986834,0.5
2020-03-17 00:00:00+00:00,-0.012721636409074866,-0.012721636409074866,0.5
2020-03-18 00:00:00+00:00,-0.0038197313261058574,-0.0038197313261058574,0.5
2020-03-19 00:00:00+00:00,-0.03602821862605421,-0.03602821862605421,0.5
2020-03-20 00:00:00+00:00,-0.0022273089465603135,-0.0022273089465603135,0.5
2020-03-21 00:00:00+00:00,0.001017081391485819,0.001017081391485819,0.5
2020-03-22 00:00:00+00:00,0.018880927847738427,0.018880927847738427,0.5
2020-03-23 00:00:00+00:00,-0.03183979931291098,-0.03183979931291098,0.5
2020-03-24 00:00:00+00:00,-0.01443559266014982,-0.01443559266014982,0.5
2020-03-25 00:00:00+00:00,0.003638380527257623,0.003638380527257623,0.5
2020-03-26 00:00:00+00:00,-0.0032095112433916384,-0.0032095112433916384,0.5
2020-03-27 00:00:00+00:00,0.020346001838312144,0.020346001838312144,0.5
2020-03-28 00:00:00+00:00,0.00631023172385814,0.00631023172385814,0.5
2020-03-29 00:00:00+00:00,0.01999335092289345,0.01999335092289345,0.5
2020-03-30 00:00:00+00:00,-0.02917832741530918,-0.02917832741530918,0.5
2020-03-31 00:00:00+00:00,-0.0009642496484766339,-0.0009642496484766339,0.5
2020-04-01 00:00:00+00:00,-0.014136485679561384,-0.014136485679561384,0.5
2020-04-02 00:00:00+00:00,-0.002760552029921204,-0.002760552029921093,0.5
2020-04-03 00:00:00+00:00,-0.0031304049055255745,-0.0031304049055255745,0.5
2020-04-04 00:00:00+00:00,-0.003881298432667768,-0.003881298432667768,0.5
2020-04-05 00:00:00+00:00,0.00035109267086186335,0.00035109267086186335,0.5
2020-04-06 00:00:00+00:00,-0.0010890917345160456,-0.00108909173451599,0.5
2020-04-07 00:00:00+00:00,-0.0039054825269439486,-0.003905482526944004,0.5
2020-04-08 00:00:00+00:00,0.004882428438608422,0.004882428438608422,0.5
2020-04-09 00:00:00+00:00,-0.002318707214747473,-0.002318707214747473,0.5
2020-04-10 00:00:00+00:00,-0.00732554225460913,-0.007325542254609241,0.5
2020-04-11 00:00:00+00:00,-0.0010025582794069843,-0.0010025582794069843,0.5
2020-04-12 00:00:00+00:00,-0.019648767123505717,-0.019648767123505717,0.5
2020-04-13 00:00:00+00:00,-0.005463924162654066,-0.005463924162654066,0.5
2020-04-14 00:00:00+00:00,0.0008159955902987681,0.0008159955902987681,0.5
2020-04-15 00:00:00+00:00,-0.014530303896787555,-0.014530303896787555,0.5
2020-04-16 00:00:00+00:00,0.018462155986784246,0.018462155986784246,0.5
2020-04-17 00:00:00+00:00,-0.00917679391817755,-0.00917679391817755,0.5
2020-04-18 00:00:00+00:00,0.026917311405933897,0.026917311405933897,0.5
2020-04-19 00:00:00+00:00,-0.014811569798607316,-0.014811569798607316,0.5
2020-04-20 00:00:00+00:00,-0.018448015428598308,-0.018448015428598252,0.5
2020-04-21 00:00:00+00:00,-0.0014209471287003894,-0.0014209471287002784,0.5
2020-04-22 00:00:00+00:00,-0.0032022061214296293,-0.0032022061214295183,0.5
2020-04-23 00:00:00+00:00,0.023274675526068767,0.023274675526068767,0.5
2020-04-24 00:00:00+00:00,0.0027744888270738732,0.0027744888270739843,0.5
2020-04-25 00:00:00+00:00,0.003984956111647064,0.003984956111647064,0.5
2020-04-26 00:00:00+00:00,0.021260780762092812,0.0212607807620927,0.5
2020-04-27 00:00:00+00:00,0.010376589206688491,0.010376589206688602,0.5
2020-04-28 00:00:00+00:00,-0.004920810710343226,-0.004920810710343226,0.5
2020-04-29 00:00:00+00:00,0.1355486823384322,0.13554868233843198,0.5
2020-04-30 00:00:00+00:00,-0.008254734994788349,-0.008254734994788349,0.5
2020-05-01 00:00:00+00:00,0.011930911567176294,0.011930911567176294,0.5
2020-05-02 00:00:00+00:00,0.008192562938788672,0.008192562938788672,0.5
2020-05-03 00:00:00+00:00,-0.004189048092367198,-0.004189048092367198,0.5
2020-05-04 00:00:00+00:00,-0.0014620903337045354,-0.0014620903337045354,0.5
2020-05-05 00:00:00+00:00,0.008385745171623271,0.008385745171623271,0.5
2020-05-06 00:00:00+00:00,0.006955438077153708,0.006955438077153708,0.5
2020-05-07 00:00:00+00:00,0.046287159979218395,0.046287159979218395,0.5
2020-05-08 00:00:00+00:00,-0.009381861832221783,-0.009381861832221783,0.5
2020-05-09 00:00:00+00:00,-0.01309543245514766,-0.01309543245514766,0.5
2020-05-10 00:00:00+00:00,-0.04352024613707417,-0.04352024613707417,0.5
2020-05-11 00:00:00+00:00,-0.009087208168041538,-0.009087208168041538,0.5
2020-05-12 00:00:00+00:00,0.014464952704971168,0.014464952704971168,0.5
2020-05-13 00:00:00+00:00,0.028227773807495637,0.028227773807495637,0.5
2020-05-14 00:00:00+00:00,0.02584282739112287,0.02584282739112287,0.5
2020-05-15 00:00:00+00:00,-0.024326472926126275,-0.024326472926126275,0.5
2020-05-16 00:00:00+00:00,0.003451517455892561,0.003451517455892561,0.5
2020-05-17 00:00:00+00:00,0.016194027024998947,0.016194027024998947,0.5
2020-05-18 00:00:00+00:00,0.0027142267932086517,0.0027142267932086517,0.5
2020-05-19 00:00:00+00:00,0.0021861756183233494,0.0021861756183233494,0.5
2020-05-20 00:00:00+00:00,-0.013586462911509112,-0.013586462911509112,0.5
2020-05-21 00:00:00+00:00,-0.02365430703624788,-0.02365430703624788,0.5
2020-05-22 00:00:00+00:00,0.004126095612561942,0.004126095612561942,0.5
2020-05-23 00:00:00+00:00,0.0003055677305014992,0.0003055677305014992,0.5
2020-05-24 00:00:00+00:00,-0.013266810867346046,-0.013266810867346046,0.5
2020-05-25 00:00:00+00:00,-0.0038454029552558167,-0.0038454029552558167,0.5
2020-05-26 00:00:00+00:00,-0.0013008605372617499,-0.0013008605372617499,0.5
2020-05-27 00:00:00+00:00,0.0037590877767610387,0.0037590877767610387,0.5
2020-05-28 00:00:00+00:00,0.019132106175897556,0.019132106175897556,0.5
2020-05-29 00:00:00+00:00,-0.007699728764733571,-0.007699728764733571,0.5
2020-05-30 00:00:00+00:00,0.014476814291992657,0.014476814291992657,0.5
2020-05-31 00:00:00+00:00,-0.012473960551455776,-0.012473960551455776,0.5
2020-06-01 00:00:00+00:00,0.0404688937949772,0.0404688937949772,0.5
2020-06-02 00:00:00+00:00,-0.03531974742724747,-0.03531974742724747,0.5
2020-06-03 00:00:00+00:00,0.003056716816398408,0.003056716816398408,0.5
2020-06-04 00:00:00+00:00,0.003929731677304482,0.003929731677304482,0.5
2020-06-05 00:00:00+00:00,-0.00873917424480214,-0.00873917424480214,0.5
2020-06-06 00:00:00+00:00,0.001070223282066407,0.001070223282066407,0.5
2020-06-07 00:00:00+00:00,0.004135999628461895,0.004135999628461895,0.5
2020-06-08 00:00:00+00:00,0.0017938845495844014,0.0017938845495844014,0.5
2020-06-09 00:00:00+00:00,-0.00036874591186497607,-0.00036874591186497607,0.5
2020-06-10 00:00:00+00:00,0.0038068370737136537,0.0038068370737136537,0.5
2020-06-11 00:00:00+00:00,-0.00975143021660746,-0.009751430216607515,0.5
2020-06-12 00:00:00+00:00,-0.015843176507000567,-0.015843176507000567,0.5
2020-06-13 00:00:00+00:00,-0.0023518939652201754,-0.002351893965220231,0.5
2020-06-14 00:00:00+00:00,-0.0012928932166624274,-0.0012928932166624274,0.5
2020-06-15 00:00:00+00:00,-0.0018572018406015633,-0.0018572018406015633,0.5
2020-06-16 00:00:00+00:00,-0.003052186854791583,-0.003052186854791583,0.5
2020-06-17 00:00:00+00:00,-0.0069087910191468205,-0.006908791019146987,0.5
2020-06-18 00:00:00+00:00,0.0005902926197403069,0.0005902926197403069,0.5
2020-06-19 00:00:00+00:00,0.0009438826903241937,0.0009438826903241937,0.5
2020-06-20 00:00:00+00:00,-0.0018183957968918585,-0.0018183957968918585,0.5
2020-06-21 00:00:00+00:00,0.001255374089963901,0.001255374089963901,0.5
2020-06-22 00:00:00+00:00,0.010992134867051417,0.010992134867051473,0.5
2020-06-23 00:00:00+00:00,-0.005725748942090658,-0.005725748942090658,0.5
2020-06-24 00:00:00+00:00,-0.02305807328774928,-0.02305807328774928,0.5
2020-06-25 00:00:00+00:00,0.0011695481099656124,0.0011695481099656124,0.5
2020-06-26 00:00:00+00:00,0.007584005865401089,0.0075840058654012,0.5
2020-06-27 00:00:00+00:00,0.013922457266207222,0.013922457266207222,0.5
2020-06-28 00:00:00+00:00,-0.009662734733487721,-0.009662734733487721,0.5
2020-06-29 00:00:00+00:00,-0.005293828755277452,-0.005293828755277508,0.5
2020-06-30 00:00:00+00:00,0.001203719987712626,0.001203719987712626,0.5
2020-07-01 00:00:00+00:00,-0.007268078894610619,-0.007268078894610619,0.5
2020-07-02 00:00:00+00:00,-0.0051768239304905705,-0.0051768239304905705,0.5
2020-07-03 00:00:00+00:00,0.0017777764488708936,0.0017777764488708936,0.5
2020-07-04 00:00:00+00:00,-0.004353985472078159,-0.004353985472078159,0.5
2020-07-05 00:00:00+00:00,0.004126018275658838,0.004126018275658838,0.5
2020-07-06 00:00:00+00:00,-0.01014742317659506,-0.01014742317659506,0.5
2020-07-07 00:00:00+00:00,0.0017793350753818604,0.0017793350753818604,0.5
2020-07-08 00:00:00+00:00,-0.004500967614474549,-0.004500967614474494,0.5
2020-07-09 00:00:00+00:00,-0.0016958635462922533,-0.0016958635462923088,0.5
2020-07-10 00:00:00+00:00,-0.01105139285535528,-0.011051392855355335,0.5
2020-07-11 00:00:00+00:00,0.004328641018414792,0.004328641018414792,0.5
2020-07-12 00:00:00+00:00,-0.011519045782758364,-0.011519045782758475,0.5
2020-07-13 00:00:00+00:00,0.00030487587977345854,0.00030487587977345854,0.5
2020-07-14 00:00:00+00:00,-0.0008420308366573481,-0.0008420308366573481,0.5
2020-07-15 00:00:00+00:00,0.0017643264524317415,0.0017643264524317415,0.5
2020-07-16 00:00:00+00:00,0.0022835400519649607,0.0022835400519649607,0.5
2020-07-17 00:00:00+00:00,-0.0010797864051679262,-0.0010797864051679262,0.5
2020-07-18 00:00:00+00:00,-0.0013524449272009353,-0.0013524449272009353,0.5
2020-07-19 00:00:00+00:00,-0.0009484840514496495,-0.0009484840514496495,0.5
2020-07-20 00:00:00+00:00,-0.001911732202175609,-0.001911732202175609,0.5
2020-07-21 00:00:00+00:00,0.009220851514414097,0.009220851514414208,0.5
2020-07-22 00:00:00+00:00,0.010169762358105627,0.010169762358105627,0.5
2020-07-23 00:00:00+00:00,0.007608126329649356,0.007608126329649245,0.5
2020-07-24 00:00:00+00:00,-0.006738394904260314,-0.006738394904260314,0.5
2020-07-25 00:00:00+00:00,0.016961844854537667,0.016961844854537667,0.5
2020-07-26 00:00:00+00:00,0.024962166693438426,0.024962166693438537,0.5
2020-07-27 00:00:00+00:00,0.05574443780042393,0.05574443780042393,0.5
2020-07-28 00:00:00+00:00,-0.005778120206858139,-0.005778120206858139,0.5
2020-07-29 00:00:00+00:00,0.008843162298874607,0.008843162298874607,0.5
2020-07-30 00:00:00+00:00,-4.815236831545722e-05,-4.815236831545722e-05,0.5
2020-07-31 00:00:00+00:00,0.010428917238277213,0.010428917238277213,0.5
2020-08-01 00:00:00+00:00,0.02062124805316834,0.02062124805316823,0.5
2020-08-02 00:00:00+00:00,-0.0309807270522503,-0.0309807270522503,0.5
2020-08-03 00:00:00+00:00,0.006651016203579219,0.006651016203579219,0.5
2020-08-04 00:00:00+00:00,-0.0012036058686896167,-0.0012036058686896167,0.5
2020-08-05 00:00:00+00:00,0.02466826635012742,0.02466826635012742,0.5
2020-08-06 00:00:00+00:00,0.0007685083736709286,0.0007685083736709286,0.5
2020-08-07 00:00:00+00:00,-0.007414114415508599,-0.007414114415508599,0.5
2020-08-08 00:00:00+00:00,0.007316971374807801,0.007316971374807801,0.5
2020-08-09 00:00:00+00:00,-0.0033889430495127604,-0.0033889430495127604,0.5
2020-08-10 00:00:00+00:00,0.00902552982831395,0.00902552982831395,0.5
2020-08-11 00:00:00+00:00,-0.0211969059416795,-0.0211969059416795,0.5
2020-08-12 00:00:00+00:00,0.007713665759744526,0.007713665759744526,0.5
2020-08-13 00:00:00+00:00,0.009581619372824424,0.009581619372824424,0.5
2020-08-14 00:00:00+00:00,-0.0009378551454553019,-0.0009378551454553019,0.5
2020-08-15 00:00:00+00:00,0.0038736383474294867,0.0038736383474294867,0.5
2020-08-16 00:00:00+00:00,0.0026225955627388053,0.0026225955627388053,0.5
2020-08-17 00:00:00+00:00,0.015808265867559568,0.015808265867559568,0.5
2020-08-18 00:00:00+00:00,-0.013715074800965066,-0.013715074800965066,0.5
2020-08-19 00:00:00+00:00,-0.008233594846279169,-0.008233594846279169,0.5
2020-08-20 00:00:00+00:00,0.0039982469356825145,0.0039982469356825145,0.5
2020-08-21 00:00:00+00:00,-0.0134701709091265,-0.0134701709091265,0.5
2020-08-22 00:00:00+00:00,0.002788654634668486,0.002788654634668486,0.5
2020-08-23 00:00:00+00:00,-0.0014985959941375415,-0.0014985959941375415,0.5
2020-08-24 00:00:00+00:00,0.002361671361170159,0.002361671361170159,0.5
2020-08-25 00:00:00+00:00,-0.014268905952686373,-0.014268905952686373,0.5
2020-08-26 00:00:00+00:00,-0.0010345360043817475,-0.001034536004381692,0.5
2020-08-27 00:00:00+00:00,-0.00027718672080523366,-0.00027718672080523366,0.5
2020-08-28 00:00:00+00:00,0.0004379912062957292,0.0004379912062958402,0.5
2020-08-29 00:00:00+00:00,-0.002542457085670302,-0.002542457085670302,0.5
2020-08-30 00:00:00+00:00,0.002866454946786834,0.002866454946786834,0.5
2020-08-31 00:00:00+00:00,-0.0034350260425368706,-0.0034350260425368706,0.5
2020-09-01 00:00:00+00:00,0.0021033729753207053,0.0021033729753207053,0.5
2020-09-02 00:00:00+00:00,-0.022783448400490403,-0.022783448400490403,0.5
2020-09-03 00:00:00+00:00,0.02865825538577127,0.02865825538577127,0.5
2020-09-04 00:00:00+00:00,-0.0099033066377745,-0.0099033066377745,0.5
2020-09-05 00:00:00+00:00,0.00919387627169177,0.00919387627169177,0.5
2020-09-06 00:00:00+00:00,-0.002890445377362938,-0.002890445377362938,0.5
2020-09-07 00:00:00+00:00,-0.010357182603226545,-0.010357182603226545,0.5
2020-09-08 00:00:00+00:00,0.01289819787877422,0.01289819787877422,0.5
2020-09-09 00:00:00+00:00,-0.004544888171230443,-0.004544888171230443,0.5
2020-09-10 00:00:00+00:00,-0.005925411105117684,-0.005925411105117684,0.5
2020-09-11 00:00:00+00:00,-0.0026686418612212326,-0.0026686418612212326,0.5
2020-09-12 00:00:00+00:00,-0.0026090379839753264,-0.0026090379839753264,0.5
2020-09-13 00:00:00+00:00,0.005745359940768746,0.005745359940768746,0.5
2020-09-14 00:00:00+00:00,-0.017281740341646257,-0.017281740341646257,0.5
2020-09-15 00:00:00+00:00,-0.005996259574188534,-0.005996259574188534,0.5
2020-09-16 00:00:00+00:00,-0.010556086331746262,-0.010556086331746262,0.5
2020-09-17 00:00:00+00:00,-0.00046537669751067767,-0.00046537669751067767,0.5
2020-09-18 00:00:00+00:00,-0.0007568060712086488,-0.0007568060712086488,0.5
2020-09-19 00:00:00+00:00,-0.005883084375971126,-0.005883084375971126,0.5
2020-09-20 00:00:00+00:00,0.005639277944629373,0.005639277944629373,0.5
2020-09-21 00:00:00+00:00,0.022727276052075363,0.022727276052075363,0.5
2020-09-22 00:00:00+00:00,-0.008596940079511062,-0.008596940079511006,0.5
2020-09-23 00:00:00+00:00,0.0227968477979954,0.0227968477979954,0.5
2020-09-24 00:00:00+00:00,-0.02967868313621924,-0.02967868313621924,0.5
2020-09-25 00:00:00+00:00,-0.0013297835719980333,-0.0013297835719980333,0.5
2020-09-26 00:00:00+00:00,-0.0008590798710146341,-0.0008590798710146341,0.5
2020-09-27 00:00:00+00:00,-0.0008307321606806362,-0.0008307321606806362,0.5
2020-09-28 00:00:00+00:00,-0.010362176332890105,-0.01036217633289005,0.5
2020-09-29 00:00:00+00:00,0.005852768806112074,0.005852768806112074,0.5
2020-09-30 00:00:00+00:00,-0.005228513187380102,-0.005228513187380157,0.5
2020-10-01 00:00:00+00:00,-0.007894275612603863,-0.007894275612603918,0.5
2020-10-02 00:00:00+00:00,0.002176882672079994,0.002176882672079883,0.5
2020-10-03 00:00:00+00:00,0.002207362809158453,0.002207362809158453,0.5
2020-10-04 00:00:00+00:00,-0.010154090895634238,-0.010154090895634238,0.5
2020-10-05 00:00:00+00:00,-0.0008362443195695235,-0.0008362443195695235,0.5
2020-10-06 00:00:00+00:00,-0.012465144904816983,-0.012465144904816983,0.5
2020-10-07 00:00:00+00:00,-0.0011198467232892972,-0.0011198467232892972,0.5
2020-10-08 00:00:00+00:00,-0.0010877396903719028,-0.0010877396903719028,0.5
2020-10-09 00:00:00+00:00,0.004291618031241784,0.004291618031241784,0.5
2020-10-10 00:00:00+00:00,0.007934704188349961,0.007934704188349961,0.5
2020-10-11 00:00:00+00:00,0.002391307557691902,0.002391307557691902,0.5
2020-10-12 00:00:00+00:00,0.005115248516544879,0.005115248516544879,0.5
2020-10-13 00:00:00+00:00,-0.0034959420916934603,-0.0034959420916934603,0.5
2020-10-14 00:00:00+00:00,-7.072831576421246e-05,-7.072831576421246e-05,0.5
2020-10-15 00:00:00+00:00,0.004064572370363617,0.004064572370363617,0.5
2020-10-16 00:00:00+00:00,-0.007960585404352405,-0.007960585404352405,0.5
2020-10-17 00:00:00+00:00,0.0016494235969937154,0.0016494235969937154,0.5
2020-10-18 00:00:00+00:00,0.006379143910714369,0.006379143910714369,0.5
2020-10-19 00:00:00+00:00,0.01060595779692286,0.01060595779692286,0.5
2020-10-20 00:00:00+00:00,0.006601429169003303,0.006601429169003303,0.5
2020-10-21 00:00:00+00:00,0.037657649755531875,0.037657649755531875,0.5
2020-10-22 00:00:00+00:00,0.006753575007726553,0.006753575007726553,0.5
2020-10-23 00:00:00+00:00,-0.001660107946550582,-0.001660107946550582,0.5
2020-10-24 00:00:00+00:00,0.007160116374660186,0.007160116374660186,0.5
2020-10-25 00:00:00+00:00,-0.0033212455014079434,-0.0033212455014079434,0.5
2020-10-26 00:00:00+00:00,0.0008997029495563247,0.0008997029495563247,0.5
2020-10-27 00:00:00+00:00,0.022313799550813695,0.022313799550813695,0.5
2020-10-28 00:00:00+00:00,-0.013694237704937662,-0.013694237704937662,0.5
2020-10-29 00:00:00+00:00,0.007186121590215699,0.007186121590215699,0.5
2020-10-30 00:00:00+00:00,0.00381104922391462,0.00381104922391462,0.5
2020-10-31 00:00:00+00:00,0.008659576594628793,0.008659576594628793,0.5
2020-11-01 00:00:00+00:00,-0.0011200297199747133,-0.0011200297199747133,0.5
2020-11-02 00:00:00+00:00,-0.007720719234924844,-0.007720719234924844,0.5
2020-11-03 00:00:00+00:00,0.017580911081848893,0.017580911081848893,0.5
2020-11-04 00:00:00+00:00,0.004201601423703183,0.004201601423703183,0.5
2020-11-05 00:00:00+00:00,0.05181487096410076,0.05181487096410076,0.5
2020-11-06 00:00:00+00:00,-0.00024974505622793464,-0.00024974505622793464,0.5
2020-11-07 00:00:00+00:00,-0.024589888953952144,-0.024589888953952144,0.5
2020-11-08 00:00:00+00:00,0.02188915591852425,0.02188915591852425,0.5
2020-11-09 00:00:00+00:00,-0.0046695763090153775,-0.0046695763090153775,0.5
2020-11-10 00:00:00+00:00,-0.0011105402308875245,-0.0011105402308875245,0.5
2020-11-11 00:00:00+00:00,0.012933700165052686,0.012933700165052686,0.5
2020-11-12 00:00:00+00:00,0.019084750086216906,0.019084750086216906,0.5
2020-11-13 00:00:00+00:00,0.0009676919634695746,0.0009676919634695746,0.5
2020-11-14 00:00:00+00:00,-0.007845164735355514,-0.007845164735355514,0.5
2020-11-15 00:00:00+00:00,-0.0034940339245316254,-0.0034940339245316254,0.5
2020-11-16 00:00:00+00:00,0.023662296052413212,0.023662296052413212,0.5
2020-11-17 00:00:00+00:00,0.028823247995794832,0.028823247995794832,0.5
2020-11-18 00:00:00+00:00,0.0033483019089135535,0.0033483019089135535,0.5
2020-11-19 00:00:00+00:00,0.0006567156879445646,0.0006567156879445646,0.5
2020-11-20 00:00:00+00:00,0.02393840003599179,0.02393840003599179,0.5
2020-11-21 00:00:00+00:00,0.0015454307075614127,0.0015454307075614127,0.5
2020-11-22 00:00:00+00:00,-0.007660339467941812,-0.007660339467941812,0.5
2020-11-23 00:00:00+00:00,-0.0014412157853765373,-0.0014412157853765373,0.5
2020-11-24 00:00:00+00:00,0.021697596871976477,0.021697596871976477,0.5
2020-11-25 00:00:00+00:00,-0.011419270416439309,-0.011419270416439309,0.5
2020-11-26 00:00:00+00:00,-0.04232736198811393,-0.04232736198811393,0.5
2020-11-27 00:00:00+00:00,-0.003079510640507377,-0.003079510640507377,0.5
2020-11-28 00:00:00+00:00,0.01673413914481303,0.01673413914481303,0.5
2020-11-29 00:00:00+00:00,0.013079042930704277,0.013079042930704277,0.5
2020-11-30 00:00:00+00:00,0.04233170374403139,0.04233170374403139,0.5
2020-12-01 00:00:00+00:00,-0.02402398647612486,-0.02402398647612486,0.5
2020-12-02 00:00:00+00:00,0.011570238294853707,0.011570238294853707,0.5
2020-12-03 00:00:00+00:00,0.005918171372758629,0.005918171372758629,0.5
2020-12-04 00:00:00+00:00,-0.01981728054134385,-0.01981728054134385,0.5
2020-12-05 00:00:00+00:00,0.01295343724917064,0.01295343724917064,0.5
2020-12-06 00:00:00+00:00,0.005939404886154409,0.005939404886154409,0.5
2020-12-07 00:00:00+00:00,-0.005217665479264666,-0.005217665479264666,0.5
2020-12-08 00:00:00+00:00,-0.02226454601195077,-0.02226454601195077,0.5
2020-12-09 00:00:00+00:00,-0.001364006891377001,-0.001364006891377001,0.5
2020-12-10 00:00:00+00:00,-0.007442554435075077,-0.007442554435075077,0.5
2020-12-11 00:00:00+00:00,-0.006446788418289662,-0.006446788418289662,0.5
2020-12-12 00:00:00+00:00,0.007890141743111423,0.007890141743111423,0.5
2020-12-13 00:00:00+00:00,0.009846081935901974,0.009846081935901974,0.5
2020-12-14 00:00:00+00:00,0.002494234195320799,0.002494234195320799,0.5
2020-12-15 00:00:00+00:00,0.004002160781520492,0.004002160781520492,0.5
2020-12-16 00:00:00+00:00,0.04948210057898328,0.04948210057898328,0.5
2020-12-17 00:00:00+00:00,0.034443677925424576,0.034443677925424576,0.5
2020-12-18 00:00:00+00:00,0.006736766007389261,0.006736766007389261,0.5
2020-12-19 00:00:00+00:00,0.01563464237692125,0.01563464237692125,0.5
2020-12-20 00:00:00+00:00,-0.007849873417049902,-0.007849873417049902,0.5
2020-12-21 00:00:00+00:00,-0.015827014439647846,-0.015827014439647846,0.5
2020-12-22 00:00:00+00:00,0.024133735674629953,0.024133735674629953,0.5
2020-12-23 00:00:00+00:00,-0.012356576295848243,-0.012356576295848243,0.5
2020-12-24 00:00:00+00:00,0.010742502766559303,0.010742502766559303,0.5
2020-12-25 00:00:00+00:00,0.020911335553955968,0.020911335553955968,0.5
2020-12-26 00:00:00+00:00,0.035972087663260655,0.035972087663260655,0.5
2020-12-27 00:00:00+00:00,-0.0038331989405359645,-0.0038331989405359645,0.5
2020-12-28 00:00:00+00:00,0.01515202056291165,0.01515202056291165,0.5
2020-12-29 00:00:00+00:00,0.00553864096539447,0.00553864096539447,0.5
2020-12-30 00:00:00+00:00,0.027450206216437234,0.027450206216437234,0.5
2020-12-31 00:00:00+00:00,0.00077312633800386,0.00077312633800386,0.5
2021-01-01 00:00:00+00:00,0.006658416439186743,0.006658416439186743,0.5
2021-01-02 00:00:00+00:00,0.0487985895814933,0.0487985895814933,0.5
2021-01-03 00:00:00+00:00,0.013272536132700963,0.013272536132700963,0.5
2021-01-04 00:00:00+00:00,-0.015483663180042406,-0.015483663180042406,0.5
2021-01-05 00:00:00+00:00,0.03073185736352646,0.03073185736352646,0.5
2021-01-06 00:00:00+00:00,0.041538285384957185,0.041538285384957185,0.5
2021-01-07 00:00:00+00:00,0.03632978739154247,0.03632978739154247,0.5
2021-01-08 00:00:00+00:00,0.014411153509331087,0.014411153509331087,0.5
2021-01-09 00:00:00+00:00,-0.006167373044362656,-0.006167373044362656,0.5
2021-01-10 00:00:00+00:00,-0.02385140272624431,-0.02385140272624431,0.5
2021-01-11 00:00:00+00:00,-0.036805921303506406,-0.036805921303506406,0.5
2021-01-12 00:00:00+00:00,-0.01908788792183247,-0.01908788792183247,0.5
2021-01-13 00:00:00+00:00,0.049397477143094504,0.049397477143094504,0.5
2021-01-14 00:00:00+00:00,0.023281886048484246,0.023281886048484246,0.5
2021-01-15 00:00:00+00:00,-0.030747767533487513,-0.030747767533487513,0.5
2021-01-16 00:00:00+00:00,-0.009926155141526727,-0.009926155141526727,0.5
2021-01-17 00:00:00+00:00,-0.0021630556290062053,-0.0021630556290062053,0.5
2021-01-18 00:00:00+00:00,0.011390361387862202,0.011390361387862202,0.5
2021-01-19 00:00:00+00:00,-0.010847690172826496,-0.010847690172826496,0.5
2021-01-20 00:00:00+00:00,-0.005448198718183639,-0.005448198718183639,0.5
2021-01-21 00:00:00+00:00,-0.06390353786744174,-0.06390353786744174,0.5
2021-01-22 00:00:00+00:00,0.006752031909867284,0.006752031909867284,0.5
2021-01-23 00:00:00+00:00,-0.009143990217406694,-0.009143990217406694,0.5
2021-01-24 00:00:00+00:00,-0.00226526059801635,-0.00226526059801635,0.5
2021-01-25 00:00:00+00:00,-0.005808400956429205,-0.005808400956429205,0.5
2021-01-26 00:00:00+00:00,0.0003634112061942085,0.0003634112061942085,0.5
2021-01-27 00:00:00+00:00,-0.0035533868019302917,-0.0035533868019302917,0.5
2021-01-28 00:00:00+00:00,-0.013515805978994544,-0.013515805978994544,0.5
2021-01-29 00:00:00+00:00,-0.0411505164851701,-0.0411505164851701,0.5
2021-01-30 00:00:00+00:00,-0.008024346945661454,-0.008024346945661343,0.5
2021-01-31 00:00:00+00:00,-0.002030619849695714,-0.002030619849695714,0.5
2021-02-01 00:00:00+00:00,-0.0008909176404663377,-0.0008909176404663377,0.5
2021-02-02 00:00:00+00:00,-0.002764253746495915,-0.002764253746495915,0.5
2021-02-03 00:00:00+00:00,0.01785686545777787,0.01785686545777787,0.5
2021-02-04 00:00:00+00:00,-0.006473322530459347,-0.006473322530459347,0.5
2021-02-05 00:00:00+00:00,0.015771234425349667,0.015771234425349667,0.5
2021-02-06 00:00:00+00:00,0.011562150832128415,0.011562150832128415,0.5
2021-02-07 00:00:00+00:00,-0.00510052890298518,-0.00510052890298518,0.5
2021-02-08 00:00:00+00:00,0.09786453819822394,0.09786453819822394,0.5
2021-02-09 00:00:00+00:00,0.00044378097931718763,0.00044378097931718763,0.5
2021-02-10 00:00:00+00:00,-0.017668161443750885,-0.017668161443750885,0.5
2021-02-11 00:00:00+00:00,0.03579586994935913,0.035795869949359016,0.5
2021-02-12 00:00:00+00:00,-0.007275437560432585,-0.007275437560432585,0.5
2021-02-13 00:00:00+00:00,-0.001472074670630208,-0.001472074670630208,0.5
2021-02-14 00:00:00+00:00,0.015182433567905051,0.015182433567905051,0.5
2021-02-15 00:00:00+00:00,-0.006923836515546289,-0.006923836515546289,0.5
2021-02-16 00:00:00+00:00,0.012677788747928465,0.012677788747928465,0.5
2021-02-17 00:00:00+00:00,0.030461217111374617,0.030461217111374617,0.5
2021-02-18 00:00:00+00:00,-0.005508465915745775,-0.005508465915745775,0.5
2021-02-19 00:00:00+00:00,0.042476092936757026,0.04247609293675714,0.5
2021-02-20 00:00:00+00:00,-0.000774092388413028,-0.000774092388413028,0.5
2021-02-21 00:00:00+00:00,0.014041123784791831,0.014041123784791942,0.5
2021-02-22 00:00:00+00:00,-0.029283670443003618,-0.029283670443003618,0.5
2021-02-23 00:00:00+00:00,-0.047966602478229536,-0.047966602478229536,0.5
2021-02-24 00:00:00+00:00,0.007890658012376761,0.007890658012376761,0.5
2021-02-25 00:00:00+00:00,-0.026288252669551315,-0.026288252669551315,0.5
2021-02-26 00:00:00+00:00,-0.011288020668988263,-0.011288020668988263,0.5
2021-02-27 00:00:00+00:00,-0.01261681184210972,-0.01261681184210972,0.5
2021-02-28 00:00:00+00:00,-0.013187827851685208,-0.013187827851685208,0.5
2021-03-01 00:00:00+00:00,0.03032754519283465,0.03032754519283465,0.5
2021-03-02 00:00:00+00:00,-0.014397237526599771,-0.014397237526599771,0.5
2021-03-03 00:00:00+00:00,0.01970846184931163,0.019708461849311742,0.5
2021-03-04 00:00:00+00:00,-0.02089939609250513,-0.020899396092505074,0.5
2021-03-05 00:00:00+00:00,-0.0016037818271490423,-0.0016037818271491533,0.5
2021-03-06 00:00:00+00:00,0.0006155124024462832,0.0006155124024462832,0.5
2021-03-07 00:00:00+00:00,0.013124241429882444,0.013124241429882444,0.5
2021-03-08 00:00:00+00:00,0.010126664457258738,0.010126664457258627,0.5
2021-03-09 00:00:00+00:00,0.017221550927871032,0.017221550927871032,0.5
2021-03-10 00:00:00+00:00,0.006892483446873543,0.006892483446873543,0.5
2021-03-11 00:00:00+00:00,0.018897867344309982,0.018897867344309982,0.5
2021-03-12 00:00:00+00:00,-0.004785381915781928,-0.004785381915781928,0.5
2021-03-13 00:00:00+00:00,0.03471132999119653,0.03471132999119653,0.5
2021-03-14 00:00:00+00:00,-0.018205194725264662,-0.018205194725264717,0.5
2021-03-15 00:00:00+00:00,-0.02872148642910044,-0.02872148642910044,0.5
2021-03-16 00:00:00+00:00,0.011751749251366905,0.011751749251366905,0.5
2021-03-17 00:00:00+00:00,0.007439046321392362,0.007439046321392473,0.5
2021-03-18 00:00:00+00:00,-0.010799665116147716,-0.010799665116147716,0.5
2021-03-19 00:00:00+00:00,0.0033725963444781737,0.0033725963444781737,0.5
2021-03-20 00:00:00+00:00,0.00048644306639977763,0.00048644306639977763,0.5
2021-03-21 00:00:00+00:00,-0.016662137017318945,-0.01666213701731889,0.5
2021-03-22 00:00:00+00:00,0.0011530756169552125,0.0011530756169552125,0.5
2021-03-23 00:00:00+00:00,0.00018584349132094724,0.00018584349132094724,0.5
2021-03-24 00:00:00+00:00,-0.04158601366390674,-0.041586013663906685,0.5
2021-03-25 00:00:00+00:00,0.0007628006403949117,0.0007628006403949117,0.5
2021-03-26 00:00:00+00:00,-0.00962186012531896,-0.00962186012531896,0.5
2021-03-27 00:00:00+00:00,0.0014297737381295805,0.0014297737381295805,0.5
2021-03-28 00:00:00+00:00,-0.0008469480005068308,-0.0008469480005067198,0.5
2021-03-29 00:00:00+00:00,0.00938985708960971,0.00938985708960971,0.5
2021-03-30 00:00:00+00:00,0.015347655991776343,0.015347655991776343,0.5
2021-03-31 00:00:00+00:00,0.00019131945463957134,0.00019131945463957134,0.5
2021-04-01 00:00:00+00:00,-0.0013272688532997567,-0.0013272688532998123,0.5
2021-04-02 00:00:00+00:00,0.004037488617378182,0.004037488617378293,0.5
2021-04-03 00:00:00+00:00,-0.0296019667134807,-0.029601966713480588,0.5
2021-04-04 00:00:00+00:00,-0.0022967458175358058,-0.0022967458175358058,0.5
2021-04-05 00:00:00+00:00,-0.0027921210400362884,-0.002792121040036233,0.5
2021-04-06 00:00:00+00:00,-0.009448639438744133,-0.009448639438744078,0.5
2021-04-07 00:00:00+00:00,-0.014984406635336234,-0.014984406635336178,0.5
2021-04-08 00:00:00+00:00,0.0007280349062244174,0.0007280349062245284,0.5
2021-04-09 00:00:00+00:00,-0.00010284481905359355,-0.00010284481905359355,0.5
2021-04-10 00:00:00+00:00,0.008565726833549892,0.008565726833549725,0.5
2021-04-11 00:00:00+00:00,0.0021546381743424714,0.0021546381743424714,0.5
2021-04-12 00:00:00+00:00,-0.0014899649674519067,-0.0014899649674519067,0.5
2021-04-13 00:00:00+00:00,0.031208397843355162,0.031208397843355273,0.5
2021-04-14 00:00:00+00:00,-0.004954918657086693,-0.004954918657086693,0.5
2021-04-15 00:00:00+00:00,0.0016939363575709798,0.0016939363575709798,0.5
2021-04-16 00:00:00+00:00,-0.014298868857519742,-0.014298868857519742,0.5
2021-04-17 00:00:00+00:00,-0.010865790148823329,-0.010865790148823329,0.5
2021-04-18 00:00:00+00:00,-0.04454466871125268,-0.04454466871125268,0.5
2021-04-19 00:00:00+00:00,0.000380524952380612,0.000380524952380612,0.5
2021-04-20 00:00:00+00:00,-0.006076290199673151,-0.006076290199673151,0.5
2021-04-21 00:00:00+00:00,0.015889627923035277,0.015889627923035166,0.5
2021-04-22 00:00:00+00:00,0.019215893100802073,0.019215893100802184,0.5
2021-04-23 00:00:00+00:00,0.005299014186136097,0.005299014186135875,0.5
2021-04-24 00:00:00+00:00,0.009124986732684914,0.009124986732684914,0.5
2021-04-25 00:00:00+00:00,0.008946131195081475,0.008946131195081475,0.5
2021-04-26 00:00:00+00:00,-0.042048022085676096,-0.04204802208567604,0.5
2021-04-27 00:00:00+00:00,-0.009619149744428346,-0.009619149744428346,0.5
2021-04-28 00:00:00+00:00,0.0009389781920778884,0.0009389781920778884,0.5
2021-04-29 00:00:00+00:00,0.008869102058262301,0.008869102058262412,0.5
2021-04-30 00:00:00+00:00,-0.035404971389586426,-0.03540497138958648,0.5
2021-05-01 00:00:00+00:00,-9.361817915293225e-05,-9.361817915293225e-05,0.5
2021-05-02 00:00:00+00:00,-0.009003541568520124,-0.009003541568520124,0.5
2021-05-03 00:00:00+00:00,-0.013872231859572759,-0.013872231859572814,0.5
2021-05-04 00:00:00+00:00,0.007567075936424028,0.007567075936424028,0.5
2021-05-05 00:00:00+00:00,-0.04102040043809707,-0.04102040043809696,0.5
2021-05-06 00:00:00+00:00,-0.012615669266325569,-0.012615669266325735,0.5
2021-05-07 00:00:00+00:00,-0.004742450990531388,-0.004742450990531333,0.5
2021-05-08 00:00:00+00:00,0.0067752313458030455,0.0067752313458030455,0.5
2021-05-09 00:00:00+00:00,-0.004684515027256864,-0.004684515027256864,0.5
2021-05-10 00:00:00+00:00,-0.01513838162495823,-0.015138381624958175,0.5
2021-05-11 00:00:00+00:00,-0.007705251633704946,-0.0077052516337050014,0.5
2021-05-12 00:00:00+00:00,0.03298161684902556,0.03298161684902545,0.5
2021-05-13 00:00:00+00:00,0.0032997024167181754,0.0032997024167181754,0.5
2021-05-14 00:00:00+00:00,-0.0015881985072984661,-0.0015881985072985216,0.5
2021-05-15 00:00:00+00:00,0.029672949656282532,0.029672949656282643,0.5
2021-05-16 00:00:00+00:00,0.003311680384553095,0.003311680384553095,0.5
2021-05-17 00:00:00+00:00,0.025867917468151314,0.025867917468151314,0.5
2021-05-18 00:00:00+00:00,0.005872893107095933,0.005872893107096044,0.5
2021-05-19 00:00:00+00:00,0.05258662544217296,0.05258662544217296,0.5
2021-05-20 00:00:00+00:00,-0.029280176523528212,-0.029280176523528156,0.5
2021-05-21 00:00:00+00:00,0.026842617910642463,0.026842617910642463,0.5
2021-05-22 00:00:00+00:00,-0.0017159494379445084,-0.0017159494379445084,0.5
2021-05-23 00:00:00+00:00,0.021612450621753654,0.021612450621753654,0.5
2021-05-24 00:00:00+00:00,-0.030752059380256824,-0.03075205938025677,0.5
2021-05-25 00:00:00+00:00,0.0035943588449514063,0.0035943588449515174,0.5
2021-05-26 00:00:00+00:00,-0.007072153643621681,-0.007072153643621681,0.5
2021-05-27 00:00:00+00:00,0.0055704751222199755,0.0055704751222199755,0.5
2021-05-28 00:00:00+00:00,0.02258278170688599,0.02258278170688599,0.5
2021-05-29 00:00:00+00:00,0.008011084361258858,0.008011084361258858,0.5
2021-05-30 00:00:00+00:00,-0.007741956123539451,-0.007741956123539451,0.5
2021-05-31 00:00:00+00:00,-0.012035789505872752,-0.012035789505872752,0.5
2021-06-01 00:00:00+00:00,0.004261572425658389,0.004261572425658389,0.5
2021-06-02 00:00:00+00:00,-0.006734983899377989,-0.006734983899377989,0.5
2021-06-03 00:00:00+00:00,-0.013063932305646508,-0.013063932305646508,0.5
2021-06-04 00:00:00+00:00,0.01934795393786526,0.01934795393786526,0.5
2021-06-05 00:00:00+00:00,0.010235363580589962,0.010235363580589962,0.5
2021-06-06 00:00:00+00:00,-0.002286732633279942,-0.002286732633279942,0.5
2021-06-07 00:00:00+00:00,0.017059324375959473,0.017059324375959584,0.5
2021-06-08 00:00:00+00:00,0.003511403470475183,0.003511403470475072,0.5
2021-06-09 00:00:00+00:00,-0.04935839392110941,-0.04935839392110947,0.5
2021-06-10 00:00:00+00:00,0.007734650836906054,0.007734650836906054,0.5
2021-06-11 00:00:00+00:00,-0.008498840398201646,-0.008498840398201646,0.5
2021-06-12 00:00:00+00:00,0.016777781306031803,0.016777781306031914,0.5
2021-06-13 00:00:00+00:00,-0.04165937612230125,-0.041659376122301195,0.5
2021-06-14 00:00:00+00:00,0.0020743811528758926,0.0020743811528762257,0.5
2021-06-15 00:00:00+00:00,-0.0036135230305703314,-0.0036135230305704424,0.5
2021-06-16 00:00:00+00:00,-0.02637582705867353,-0.026375827058673584,0.5
2021-06-17 00:00:00+00:00,-0.009668474577394337,-0.009668474577394226,0.5
2021-06-18 00:00:00+00:00,0.033284127461058244,0.033284127461058244,0.5
2021-06-19 00:00:00+00:00,0.005668476697228808,0.005668476697228808,0.5
2021-06-20 00:00:00+00:00,-0.002847951405182958,-0.0028479514051830135,0.5
2021-06-21 00:00:00+00:00,0.10767625135047065,0.10767625135047065,0.5
2021-06-22 00:00:00+00:00,-0.02744557518705759,-0.02744557518705748,0.5
2021-06-23 00:00:00+00:00,-0.015309446238948532,-0.015309446238948587,0.5
2021-06-24 00:00:00+00:00,-0.013637600355405843,-0.013637600355405899,0.5
2021-06-25 00:00:00+00:00,0.029340462981234383,0.029340462981234383,0.5
2021-06-26 00:00:00+00:00,-0.011061776098265585,-0.011061776098265585,0.5
2021-06-27 00:00:00+00:00,-0.03939162439699584,-0.03939162439699584,0.5
2021-06-28 00:00:00+00:00,0.0035248807059630183,0.0035248807059629073,0.5
2021-06-29 00:00:00+00:00,-0.027464108418647992,-0.027464108418647937,0.5
2021-06-30 00:00:00+00:00,0.0011072803786733587,0.0011072803786732477,0.5
2021-07-01 00:00:00+00:00,0.02224342378506239,0.0222434237850625,0.5
2021-07-02 00:00:00+00:00,-0.0037437952749660997,-0.0037437952749660997,0.5
2021-07-03 00:00:00+00:00,-0.01231993754786076,-0.01231993754786087,0.5
2021-07-04 00:00:00+00:00,-0.01481653530432242,-0.01481653530432231,0.5
2021-07-05 00:00:00+00:00,-0.0022160476223057612,-0.0022160476223059278,0.5
2021-07-06 00:00:00+00:00,-0.007616538390930572,-0.007616538390930572,0.5
2021-07-07 00:00:00+00:00,0.005226480955914936,0.005226480955914825,0.5
2021-07-08 00:00:00+00:00,0.009008180519444964,0.009008180519444964,0.5
2021-07-09 00:00:00+00:00,-0.025416366401782575,-0.02541636640178252,0.5
2021-07-10 00:00:00+00:00,-0.003090424491895838,-0.003090424491895727,0.5
2021-07-11 00:00:00+00:00,-0.00875387263107924,-0.00875387263107924,0.5
2021-07-12 00:00:00+00:00,-0.01686645665613523,-0.01686645665613523,0.5
2021-07-13 00:00:00+00:00,0.0037739690192392095,0.0037739690192392095,0.5
2021-07-14 00:00:00+00:00,-0.022516041072532134,-0.022516041072532134,0.5
2021-07-15 00:00:00+00:00,0.03040030424464024,0.03040030424464024,0.5
2021-07-16 00:00:00+00:00,0.015230199262763477,0.015230199262763366,0.5
2021-07-17 00:00:00+00:00,-0.003527954769905972,-0.003527954769906083,0.5
2021-07-18 00:00:00+00:00,-0.008418288365379056,-0.008418288365379,0.5
2021-07-19 00:00:00+00:00,0.029624810503219856,0.029624810503219745,0.5
2021-07-20 00:00:00+00:00,0.0319547299129056,0.0319547299129056,0.5
2021-07-21 00:00:00+00:00,-0.052707498912508755,-0.0527074989125087,0.5
2021-07-22 00:00:00+00:00,-0.0035480533677694215,-0.0035480533677694215,0.5
2021-07-23 00:00:00+00:00,-0.02165139192958021,-0.02165139192958021,0.5
2021-07-24 00:00:00+00:00,0.004356830434137315,0.004356830434137315,0.5
2021-07-25 00:00:00+00:00,0.023409481385143982,0.02340948138514387,0.5
2021-07-26 00:00:00+00:00,0.04818549651950099,0.04818549651950099,0.5
2021-07-27 00:00:00+00:00,0.021176704068778474,0.021176704068778474,0.5
2021-07-28 00:00:00+00:00,0.002501953386467859,0.002501953386467859,0.5
2021-07-29 00:00:00+00:00,0.00012277143758743225,0.00012277143758743225,0.5
2021-07-30 00:00:00+00:00,0.02737743431774986,0.02737743431774986,0.5
2021-07-31 00:00:00+00:00,-0.008948601438632076,-0.008948601438632298,0.5
2021-08-01 00:00:00+00:00,-0.019321977939468937,-0.019321977939468993,0.5
2021-08-02 00:00:00+00:00,-0.008777079035465263,-0.008777079035465263,0.5
2021-08-03 00:00:00+00:00,-0.012062881378252455,-0.0120628813782524,0.5
2021-08-04 00:00:00+00:00,0.020004217794272305,0.020004217794272305,0.5
2021-08-05 00:00:00+00:00,0.01448960105629582,0.014489601056295931,0.5
2021-08-06 00:00:00+00:00,0.02376950055220617,0.02376950055220628,0.5
2021-08-07 00:00:00+00:00,0.020736480716936345,0.020736480716936345,0.5
2021-08-08 00:00:00+00:00,-0.009120665279640783,-0.009120665279640783,0.5
2021-08-09 00:00:00+00:00,0.028233473667960474,0.028233473667960363,0.5
2021-08-10 00:00:00+00:00,-0.007240165176584934,-0.007240165176584934,0.5
2021-08-11 00:00:00+00:00,-0.0007445163559723911,-0.0007445163559725021,0.5
2021-08-12 00:00:00+00:00,-0.012491525473952547,-0.012491525473952436,0.5
2021-08-13 00:00:00+00:00,0.03839355544704737,0.03839355544704748,0.5
2021-08-14 00:00:00+00:00,-0.007416738982492066,-0.007416738982492066,0.5
2021-08-15 00:00:00+00:00,-0.0008255144649363388,-0.0008255144649363388,0.5
2021-08-16 00:00:00+00:00,-0.011488116261365366,-0.011488116261365366,0.5
2021-08-17 00:00:00+00:00,-0.01330021777825241,-0.013300217778252521,0.5
2021-08-18 00:00:00+00:00,0.00010347965626056332,0.00010347965626056332,0.5
2021-08-19 00:00:00+00:00,0.023017054721348185,0.023017054721348407,0.5
2021-08-20 00:00:00+00:00,0.027380603213593813,0.027380603213593813,0.5
2021-08-21 00:00:00+00:00,-0.004911027185774242,-0.004911027185774242,0.5
2021-08-22 00:00:00+00:00,0.004350997564939618,0.004350997564939507,0.5
2021-08-23 00:00:00+00:00,0.002543784421307538,0.002543784421307538,0.5
2021-08-24 00:00:00+00:00,-0.018222680784276635,-0.018222680784276746,0.5
2021-08-25 00:00:00+00:00,0.013344254909288589,0.013344254909288589,0.5
2021-08-26 00:00:00+00:00,-0.021840313046292692,-0.021840313046292636,0.5
2021-08-27 00:00:00+00:00,0.023812738475263773,0.023812738475263773,0.5
2021-08-28 00:00:00+00:00,-0.0015485823640994378,-0.0015485823640995489,0.5
2021-08-29 00:00:00+00:00,-0.0013958976343367846,-0.0013958976343367846,0.5
2021-08-30 00:00:00+00:00,-0.01814797029457571,-0.018147970294575766,0.5
2021-08-31 00:00:00+00:00,0.0013359669686164866,0.0013359669686164866,0.5
2021-09-01 00:00:00+00:00,0.017953021084802012,0.017953021084802012,0.5
2021-09-02 00:00:00+00:00,0.004671033559003335,0.004671033559003335,0.5
2021-09-03 00:00:00+00:00,0.007384394953489415,0.007384394953489526,0.5
2021-09-04 00:00:00+00:00,-0.0008631062772013753,-0.0008631062772013753,0.5
2021-09-05 00:00:00+00:00,0.018614108294386367,0.018614108294386478,0.5
2021-09-06 00:00:00+00:00,0.008538409397332858,0.008538409397332969,0.5
2021-09-07 00:00:00+00:00,-0.05953447712090937,-0.05953447712090937,0.5
2021-09-08 00:00:00+00:00,-0.00015063635579831702,-0.0001506363557981505,0.5
2021-09-09 00:00:00+00:00,-0.0049433602567034995,-0.0049433602567034995,0.5
2021-09-10 00:00:00+00:00,0.018968504974872347,0.018968504974872458,0.5
2021-09-11 00:00:00+00:00,-0.005000052762343055,-0.00500005276234311,0.5
2021-09-12 00:00:00+00:00,-0.012882638099632526,-0.012882638099632637,0.5
2021-09-13 00:00:00+00:00,-0.008109310018188376,-0.008109310018188376,0.5
2021-09-14 00:00:00+00:00,-0.015849084038497607,-0.015849084038497663,0.5
2021-09-15 00:00:00+00:00,-0.0028260299308360826,-0.0028260299308360826,0.5
2021-09-16 00:00:00+00:00,-0.007919167147199258,-0.007919167147199258,0.5
2021-09-17 00:00:00+00:00,-0.0009762225462566776,-0.0009762225462566776,0.5
2021-09-18 00:00:00+00:00,-0.002796475315885505,-0.0027964753158853384,0.5
2021-09-19 00:00:00+00:00,-0.0185120165805871,-0.018512016580586987,0.5
2021-09-20 00:00:00+00:00,0.04510653801859221,0.045106538018592324,0.5
2021-09-21 00:00:00+00:00,0.04970124585927138,0.04970124585927149,0.5
2021-09-22 00:00:00+00:00,-0.05677048857758771,-0.05677048857758754,0.5
2021-09-23 00:00:00+00:00,-0.014823347983998147,-0.014823347983998092,0.5
2021-09-24 00:00:00+00:00,0.02370094384613164,0.02370094384613164,0.5
2021-09-25 00:00:00+00:00,0.0016377605269840556,0.0016377605269840556,0.5
2021-09-26 00:00:00+00:00,-0.005538272055658933,-0.005538272055658988,0.5
2021-09-27 00:00:00+00:00,0.011542972543050367,0.011542972543050256,0.5
2021-09-28 00:00:00+00:00,0.012260613039910773,0.012260613039910773,0.5
2021-09-29 00:00:00+00:00,-0.005288998099220454,-0.005288998099220399,0.5
2021-09-30 00:00:00+00:00,-0.024884907345702645,-0.02488490734570259,0.5
2021-10-01 00:00:00+00:00,-0.0433385329625095,-0.04333853296250956,0.5
2021-10-02 00:00:00+00:00,-0.0004447918399153039,-0.00044479183991508187,0.5
2021-10-03 00:00:00+00:00,-0.00837915075968837,-0.00837915075968848,0.5
2021-10-04 00:00:00+00:00,0.017957900838162177,0.017957900838162177,0.5
2021-10-05 00:00:00+00:00,0.043805005972336275,0.04380500597233605,0.5
2021-10-06 00:00:00+00:00,0.07515202742130078,0.07515202742130078,0.5
2021-10-07 00:00:00+00:00,-0.02723678861751211,-0.027236788617512053,0.5
2021-10-08 00:00:00+00:00,0.002973685547921323,0.002973685547921101,0.5
2021-10-09 00:00:00+00:00,0.018265601365686224,0.018265601365686224,0.5
2021-10-10 00:00:00+00:00,-0.004745204484485899,-0.004745204484485899,0.5
2021-10-11 00:00:00+00:00,0.05119441783595968,0.051194417835959904,0.5
2021-10-12 00:00:00+00:00,-0.03934439109622173,-0.03934439109622173,0.5
2021-10-13 00:00:00+00:00,0.012337774742954943,0.012337774742954943,0.5
2021-10-14 00:00:00+00:00,-0.00013471365574407868,-0.0001347136557441897,0.5
2021-10-15 00:00:00+00:00,0.0376893723567121,0.0376893723567121,0.5
2021-10-16 00:00:00+00:00,-0.006295788858622808,-0.006295788858622697,0.5
2021-10-17 00:00:00+00:00,0.005301752427400053,0.005301752427400053,0.5
2021-10-18 00:00:00+00:00,0.0037888185016938802,0.003788818501693769,0.5
2021-10-19 00:00:00+00:00,0.0183697803115207,0.0183697803115207,0.5
2021-10-20 00:00:00+00:00,0.0135881088630464,0.0135881088630464,0.5
2021-10-21 00:00:00+00:00,-0.028795005765997306,-0.02879500576599725,0.5
2021-10-22 00:00:00+00:00,-0.012257973140081757,-0.012257973140081702,0.5
2021-10-23 00:00:00+00:00,0.004865156011656713,0.004865156011656713,0.5
2021-10-24 00:00:00+00:00,-0.0034437553055022274,-0.0034437553055022274,0.5
2021-10-25 00:00:00+00:00,0.018264205541031253,0.018264205541031253,0.5
2021-10-26 00:00:00+00:00,-0.021930746645975552,-0.021930746645975552,0.5
2021-10-27 00:00:00+00:00,-0.01582033474672373,-0.015820334746723674,0.5
2021-10-28 00:00:00+00:00,0.018589951259375126,0.018589951259375126,0.5
2021-10-29 00:00:00+00:00,0.013910312924701795,0.013910312924702017,0.5
2021-10-30 00:00:00+00:00,-0.003315084930279044,-0.003315084930278933,0.5
2021-10-31 00:00:00+00:00,-0.004416272187892478,-0.004416272187892534,0.5
2021-11-01 00:00:00+00:00,-0.0033075231086278634,-0.0033075231086279744,0.5
2021-11-02 00:00:00+00:00,0.01440494334643716,0.014404943346437271,0.5
2021-11-03 00:00:00+00:00,-0.0025315110329723334,-0.0025315110329724444,0.5
2021-11-04 00:00:00+00:00,-0.012490962943762618,-0.012490962943762673,0.5
2021-11-05 00:00:00+00:00,-0.00300792038172637,-0.00300792038172637,0.5
2021-11-06 00:00:00+00:00,0.0017782251800633198,0.0017782251800634308,0.5
2021-11-07 00:00:00+00:00,0.010352647082929711,0.010352647082929711,0.5
2021-11-08 00:00:00+00:00,0.027691455181372837,0.027691455181372837,0.5
2021-11-09 00:00:00+00:00,-0.004416136786986047,-0.004416136786985991,0.5
2021-11-10 00:00:00+00:00,-0.01559734571279947,-0.015597345712799415,0.5
2021-11-11 00:00:00+00:00,-0.0006843192155114863,-0.0006843192155113753,0.5
2021-11-12 00:00:00+00:00,-0.0052088178399892215,-0.0052088178399892215,0.5
2021-11-13 00:00:00+00:00,0.0021119468876555914,0.0021119468876555914,0.5
2021-11-14 00:00:00+00:00,0.005512241673979346,0.005512241673979346,0.5
2021-11-15 00:00:00+00:00,-0.012137128805268738,-0.012137128805268682,0.5
2021-11-16 00:00:00+00:00,-0.013455685858979494,-0.01345568585897955,0.5
2021-11-17 00:00:00+00:00,-0.0030292576845604158,-0.003029257684560527,0.5
2021-11-18 00:00:00+00:00,0.047096484606937494,0.04709648460693738,0.5
2021-11-19 00:00:00+00:00,-0.015474693346765378,-0.015474693346765322,0.5
2021-11-20 00:00:00+00:00,-0.019133265795187426,-0.019133265795187593,0.5
2021-11-21 00:00:00+00:00,0.006298673017542278,0.006298673017542389,0.5
2021-11-22 00:00:00+00:00,0.014111013375713632,0.014111013375713632,0.5
2021-11-23 00:00:00+00:00,-0.010150881567042802,-0.010150881567042858,0.5
2021-11-24 00:00:00+00:00,0.0017084230464367023,0.0017084230464368133,0.5
2021-11-25 00:00:00+00:00,-0.016575647411203986,-0.016575647411204097,0.5
2021-11-26 00:00:00+00:00,0.04279439114636552,0.04279439114636541,0.5
2021-11-27 00:00:00+00:00,-0.007908469376791794,-0.007908469376791738,0.5
2021-11-28 00:00:00+00:00,-0.021062877277484626,-0.021062877277484626,0.5
2021-11-29 00:00:00+00:00,-0.004371027014163031,-0.004371027014162976,0.5
2021-11-30 00:00:00+00:00,0.007342664587501435,0.007342664587501324,0.5
2021-12-01 00:00:00+00:00,-0.0019876376427860887,-0.001987637642786033,0.5
2021-12-02 00:00:00+00:00,0.005925811462482833,0.005925811462482833,0.5
2021-12-03 00:00:00+00:00,0.024424718166614845,0.024424718166614845,0.5
2021-12-04 00:00:00+00:00,0.03592579816022401,0.03592579816022401,0.5
2021-12-05 00:00:00+00:00,-0.0018040875381512,-0.0018040875381512,0.5
2021-12-06 00:00:00+00:00,-0.007876432457081584,-0.007876432457081473,0.5
2021-12-07 00:00:00+00:00,-0.0011641991260478157,-0.0011641991260478712,0.5
2021-12-08 00:00:00+00:00,0.0009305176895826328,0.0009305176895826328,0.5
2021-12-09 00:00:00+00:00,0.022273294931114296,0.022273294931114185,0.5
2021-12-10 00:00:00+00:00,0.002950109479005203,0.002950109479005203,0.5
2021-12-11 00:00:00+00:00,-0.016319777162803528,-0.016319777162803528,0.5
2021-12-12 00:00:00+00:00,-0.005079313153964038,-0.005079313153964038,0.5
2021-12-13 00:00:00+00:00,0.025640352489269103,0.025640352489269214,0.5
2021-12-14 00:00:00+00:00,-0.011873939174169346,-0.011873939174169401,0.5
2021-12-15 00:00:00+00:00,-0.004042447989486553,-0.004042447989486553,0.5
2021-12-16 00:00:00+00:00,0.009292627448325597,0.009292627448325708,0.5
2021-12-17 00:00:00+00:00,0.01097693146880474,0.01097693146880474,0.5
2021-12-18 00:00:00+00:00,-0.004948380474613323,-0.004948380474613268,0.5
2021-12-19 00:00:00+00:00,0.0010663454295399832,0.0010663454295400943,0.5
2021-12-20 00:00:00+00:00,-0.001657275394172153,-0.001657275394172153,0.5
2021-12-21 00:00:00+00:00,-0.011670191525669227,-0.011670191525669282,0.5
2021-12-22 00:00:00+00:00,-0.0014638779186919026,-0.0014638779186920137,0.5
2021-12-23 00:00:00+00:00,-0.001515783433295892,-0.001515783433295781,0.5
2021-12-24 00:00:00+00:00,-0.0010473414860726615,-0.001047341486072606,0.5
2021-12-25 00:00:00+00:00,-0.0022916839976236947,-0.0022916839976238057,0.5
2021-12-26 00:00:00+00:00,-0.010078503039863018,-0.010078503039863074,0.5
2021-12-27 00:00:00+00:00,-0.0019637040365902414,-0.0019637040365902414,0.5
2021-12-28 00:00:00+00:00,0.030281777622821693,0.030281777622821693,0.5
2021-12-29 00:00:00+00:00,0.021958361925422776,0.021958361925422776,0.5
2021-12-30 00:00:00+00:00,-0.013111676004279427,-0.013111676004279371,0.5
2021-12-31 00:00:00+00:00,-0.009416917995067497,-0.009416917995067497,0.5
2022-01-01 00:00:00+00:00,-0.01637180260099802,-0.01637180260099802,0.5
2022-01-02 00:00:00+00:00,0.005016634958579069,0.005016634958579069,0.5
2022-01-03 00:00:00+00:00,0.005939272832602538,0.005939272832602427,0.5
2022-01-04 00:00:00+00:00,0.006821025835597183,0.0068061707495605805,0.5
2022-01-05 00:00:00+00:00,0.025691603994747902,0.025694137396376826,0.5
2022-01-06 00:00:00+00:00,0.003572688006071356,0.003573023083202953,0.5
2022-01-07 00:00:00+00:00,0.015391704025417119,0.015393137348015284,0.5
2022-01-08 00:00:00+00:00,-0.0011808142455235204,-0.0011809209223780925,0.5
2022-01-09 00:00:00+00:00,-0.001465469936351882,-0.001465602642938546,0.5
2022-01-10 00:00:00+00:00,0.0005838997365855692,0.000583952767451823,0.5
2022-01-11 00:00:00+00:00,-0.008649468738747113,-0.008650253383284734,0.5
2022-01-12 00:00:00+00:00,-0.011703547026122307,-0.011704627415473123,0.5
2022-01-13 00:00:00+00:00,0.013654697862785614,0.01365598858350281,0.5
2022-01-14 00:00:00+00:00,-0.005086059613244764,-0.005086527595386581,0.5
2022-01-15 00:00:00+00:00,-0.000216336399642858,-0.0002163565099247422,0.5
2022-01-16 00:00:00+00:00,0.00014299623876590228,0.00014300953721946286,0.5
2022-01-17 00:00:00+00:00,0.008909468188541103,0.008910296519914818,0.5
2022-01-18 00:00:00+00:00,-0.0014586048802600615,-0.0014587381153925993,0.5
2022-01-19 00:00:00+00:00,0.006791010910676354,0.006791633045368783,0.5
2022-01-20 00:00:00+00:00,-0.012512279960590511,-0.012461439885305015,0.5
2022-01-21 00:00:00+00:00,0.09211878312508004,0.09207238155474617,0.5
2022-01-22 00:00:00+00:00,0.02765833306185428,0.027660734177958557,0.5
2022-01-23 00:00:00+00:00,-0.022965501419043355,-0.02296744020514585,0.5
2022-01-24 00:00:00+00:00,-0.007667680871914828,-0.007668341745049101,0.5
2022-01-25 00:00:00+00:00,-0.0025025500302761072,-0.0025027560443883212,0.5
2022-01-26 00:00:00+00:00,0.0012868469379987424,0.0012869534063235655,0.5
2022-01-27 00:00:00+00:00,-0.00311851903560062,-0.0031187763864045648,0.5
2022-01-28 00:00:00+00:00,-0.005010165135920619,-0.005010581186938923,0.5
2022-01-29 00:00:00+00:00,-0.004084906595356597,-0.00408524924538195,0.5
2022-01-30 00:00:00+00:00,0.002630762404102205,0.0026309848955090587,0.5
2022-01-31 00:00:00+00:00,-0.005155606219837072,-0.005156039962460279,0.5
2022-02-01 00:00:00+00:00,-0.0022195052063717635,-0.0022196938795917,0.5
2022-02-02 00:00:00+00:00,0.016436912104131562,0.01643831558539799,0.5
2022-02-03 00:00:00+00:00,-0.003559095214260455,-0.003559389437885585,0.5
2022-02-04 00:00:00+00:00,-0.008876982033144076,-0.008828422335755148,0.5
2022-02-05 00:00:00+00:00,-0.001255006394080771,-0.0012547928237781059,0.5
2022-02-06 00:00:00+00:00,0.011033635006717835,0.011032510787687577,0.5
2022-02-07 00:00:00+00:00,0.019875823631982925,0.019874204616247115,0.5
2022-02-08 00:00:00+00:00,-0.00574303969007306,-0.005727888903850342,0.5
2022-02-09 00:00:00+00:00,0.002680518701108081,0.002680518744830107,0.5
2022-02-10 00:00:00+00:00,-0.007272516858260858,-0.0072725169762507536,0.5
2022-02-11 00:00:00+00:00,-0.009082314932719049,-0.009082315082246106,0.5
2022-02-12 00:00:00+00:00,-0.0015016164183402347,-0.0015016164435194823,0.5
2022-02-13 00:00:00+00:00,-0.0014186261894006402,-0.0014186262132600547,0.5
2022-02-14 00:00:00+00:00,0.0031308916173373724,0.003117466352515308,0.5
2022-02-15 00:00:00+00:00,0.01155360208742695,0.01156790074382652,0.5
2022-02-16 00:00:00+00:00,-0.005491294637762656,-0.005491294728733831,0.5
2022-02-17 00:00:00+00:00,-0.03356739358189381,-0.033567393613688545,0.5
2022-02-18 00:00:00+00:00,-0.0012286822604560266,-0.0012239041729508737,0.5
2022-02-19 00:00:00+00:00,-0.002334411531616898,-0.0023473655740094967,0.5
2022-02-20 00:00:00+00:00,0.013819509109995742,0.01378663428445448,0.5
2022-02-21 00:00:00+00:00,0.027215561958469747,0.027216710236276254,0.5
2022-02-22 00:00:00+00:00,-0.026696401738736775,-0.0266973542537306,0.5
2022-02-23 00:00:00+00:00,-0.0028360941315239696,-0.0028979812832345964,0.5
2022-02-24 00:00:00+00:00,-0.0292909831791901,-0.029290983179188934,0.5
2022-02-25 00:00:00+00:00,-0.005814464791988216,-0.00578084388268818,0.5
2022-02-26 00:00:00+00:00,0.0006555373008838572,0.0006555549388331805,0.5
2022-02-27 00:00:00+00:00,0.00802441686039923,0.008024632483421223,0.5
2022-02-28 00:00:00+00:00,-0.007548768196383948,-0.007565411776801367,0.5
2022-03-01 00:00:00+00:00,0.011907628512572765,0.011935200688353298,0.5
2022-03-02 00:00:00+00:00,-0.005826362073468483,-0.005825791243473266,0.5
2022-03-03 00:00:00+00:00,-0.016524826771653955,-0.01652318868768443,0.5
2022-03-04 00:00:00+00:00,-0.007987208217092368,-0.008042232477119937,0.5
2022-03-05 00:00:00+00:00,-0.0012782155839998754,-0.0012782155817196439,0.5
2022-03-06 00:00:00+00:00,0.005234564933460528,0.005234564924099017,0.5
2022-03-07 00:00:00+00:00,0.001653629681746871,0.001653629676251489,0.5
2022-03-08 00:00:00+00:00,-0.007018627081784357,-0.0070186270817889085,0.5
2022-03-09 00:00:00+00:00,-0.010081100286912281,-0.010067362569737337,0.5
2022-03-10 00:00:00+00:00,-0.01971869326789305,-0.019728022853038096,0.5
2022-03-11 00:00:00+00:00,0.003782267787891702,0.003782122730947246,0.5
2022-03-12 00:00:00+00:00,-0.0004351779175742476,-0.00043516135299703773,0.5
2022-03-13 00:00:00+00:00,0.005696609314062018,0.005696392289904151,0.5
2022-03-14 00:00:00+00:00,-0.01259931669602471,-0.01258942188989648,0.5
2022-03-15 00:00:00+00:00,-0.002145780767497607,-0.002136949283330414,0.5
2022-03-16 00:00:00+00:00,-0.00011471440025928592,-9.221006419052324e-05,0.5
2022-03-17 00:00:00+00:00,-0.002178776311726416,-0.0021787763544470207,0.5
2022-03-18 00:00:00+00:00,0.002756278404167145,0.002770398432350718,0.5
2022-03-19 00:00:00+00:00,0.0022032873764328276,0.002203193744943266,0.5
2022-03-20 00:00:00+00:00,-0.0046313168914804415,-0.00463112576801511,0.5
2022-03-21 00:00:00+00:00,-0.0014394761871999728,-0.001439476186954891,0.5
2022-03-22 00:00:00+00:00,0.007064677752050552,0.007064677752065651,0.5
2022-03-23 00:00:00+00:00,0.005023763372750456,0.005037476953613562,0.5
2022-03-24 00:00:00+00:00,0.008838958245698525,0.008833774129600125,0.5
2022-03-25 00:00:00+00:00,0.006971342876541775,0.006971359041311964,0.5
2022-03-26 00:00:00+00:00,0.0043594531055335395,0.004359472832606293,0.5
2022-03-27 00:00:00+00:00,0.05239748205493244,0.052397718131200866,0.5
2022-03-28 00:00:00+00:00,0.006131753853349631,0.006131780104720264,0.5
2022-03-29 00:00:00+00:00,0.006001513856288998,0.006001539393521438,0.5
2022-03-30 00:00:00+00:00,-0.008011053145563107,-0.008011087030335318,0.5
2022-03-31 00:00:00+00:00,-0.014818413524125051,-0.014867654946792153,0.5
2022-04-01 00:00:00+00:00,-0.0006579377235162442,-0.0006588086790922931,0.5
2022-04-02 00:00:00+00:00,-0.005257538609337087,-0.005257538836355491,0.5
2022-04-03 00:00:00+00:00,0.006390627512339098,0.006390627791216352,0.5
2022-04-04 00:00:00+00:00,0.0018875787249997833,0.0018875788063311694,0.5
2022-04-05 00:00:00+00:00,-0.012029008254164253,-0.012029008770518101,0.5
2022-04-06 00:00:00+00:00,-0.02571370161401687,-0.025713702745005507,0.5
2022-04-07 00:00:00+00:00,0.00023813414027173962,0.00021976453908767457,0.5
2022-04-08 00:00:00+00:00,-0.009868761919704594,-0.0098685917124125,0.5
2022-04-09 00:00:00+00:00,-0.001532553331627995,-0.001576014410520965,0.5
2022-04-10 00:00:00+00:00,-0.004667469797864754,-0.004667469796253987,0.5
2022-04-11 00:00:00+00:00,0.005776751245141765,0.005776057412508306,0.5
2022-04-12 00:00:00+00:00,-0.007407690979819748,-0.007387827810730774,0.5
2022-04-13 00:00:00+00:00,-0.00967971327625372,-0.009679681865493062,0.5
2022-04-14 00:00:00+00:00,0.011084335395174616,0.011084334668939988,0.5
2022-04-15 00:00:00+00:00,-0.004791178471529656,-0.0047911782314135065,0.5
2022-04-16 00:00:00+00:00,0.0009276844032852782,0.0009276844032461984,0.5
2022-04-17 00:00:00+00:00,0.0038332307777197983,0.0038332307775581498,0.5
2022-04-18 00:00:00+00:00,-0.012168140636311553,-0.012159584892676156,0.5
2022-04-19 00:00:00+00:00,-0.006180739846787742,-0.006205616690044824,0.5
2022-04-20 00:00:00+00:00,0.0012373102410972447,0.0012372167019025215,0.5
2022-04-21 00:00:00+00:00,-0.0003683400154097516,-0.00036834250579942385,0.5
2022-04-22 00:00:00+00:00,0.006660936883276958,0.006656501888468558,0.5
2022-04-23 00:00:00+00:00,0.00215915985591153,0.002159205925821417,0.5
2022-04-24 00:00:00+00:00,-0.0002864695818409202,-0.00028647566794898216,0.5
2022-04-25 00:00:00+00:00,-0.036139685376299246,-0.036076583703594345,0.5
2022-04-26 00:00:00+00:00,0.020774388294345525,0.020774389795919057,0.5
2022-04-27 00:00:00+00:00,-0.014905865209243585,-0.014882644504060183,0.5
2022-04-28 00:00:00+00:00,-0.007088807220424931,-0.007087883261500227,0.5
2022-04-29 00:00:00+00:00,0.016046203042679785,0.016044081497462725,0.5
2022-04-30 00:00:00+00:00,0.012739768768946558,0.012738136751649254,0.5
2022-05-01 00:00:00+00:00,-0.010648091625945433,-0.010646761449127073,0.5
2022-05-02 00:00:00+00:00,-0.0009789020073566745,-0.0009787770607825874,0.5
2022-05-03 00:00:00+00:00,0.010941337736818157,0.010939938450637232,0.5
2022-05-04 00:00:00+00:00,-0.02809068561568101,-0.02808749515672515,0.5
2022-05-05 00:00:00+00:00,0.016123149440318285,0.01607727692279448,0.5
2022-05-06 00:00:00+00:00,0.014338518096660868,0.01433993857465099,0.5
2022-05-07 00:00:00+00:00,0.014008852824475837,0.014010221023531666,0.5
2022-05-08 00:00:00+00:00,0.03761600946033872,0.037619632533481884,0.5
2022-05-09 00:00:00+00:00,0.10028769209235588,0.10029700132398334,0.5
2022-05-10 00:00:00+00:00,-0.02141111703220616,-0.021412923355958513,0.5
2022-05-11 00:00:00+00:00,0.04512366391651568,0.04512755401993929,0.5
2022-05-12 00:00:00+00:00,0.0007260862109812471,0.0007261461039279604,0.5
2022-05-13 00:00:00+00:00,-0.005676116848159829,-0.005676584716408584,0.5
2022-05-14 00:00:00+00:00,-0.01895468921861493,-0.018956260515536005,0.5
2022-05-15 00:00:00+00:00,-0.01414812670159371,-0.014149321090752343,0.5
2022-05-16 00:00:00+00:00,0.017251157022651342,0.017252655783468906,0.5
2022-05-17 00:00:00+00:00,-0.006444266563234657,-0.006444807759603655,0.5
2022-05-18 00:00:00+00:00,0.01998961314548664,0.01999131381546959,0.5
2022-05-19 00:00:00+00:00,-0.017913668224385393,-0.01791513368482406,0.5
2022-05-20 00:00:00+00:00,0.013110521527694874,0.013111633915057541,0.5
2022-05-21 00:00:00+00:00,-0.0026721361505094854,-0.002672357079548493,0.5
2022-05-22 00:00:00+00:00,-0.009619947418033292,-0.00962074705769056,0.5
2022-05-23 00:00:00+00:00,0.013733021109533228,0.013734185036232138,0.5
2022-05-24 00:00:00+00:00,-0.006131108372938676,-0.006131614116164474,0.5
2022-05-25 00:00:00+00:00,0.001283919118804988,0.0012840263416992181,0.5
2022-05-26 00:00:00+00:00,0.003930381203021693,0.003930708596988741,0.5
2022-05-27 00:00:00+00:00,0.006492029076844097,0.006492565633559155,0.5
2022-05-28 00:00:00+00:00,-0.004283499190475548,-0.004283848677290869,0.5
2022-05-29 00:00:00+00:00,-0.007063419238033164,-0.007063348668683078,0.5
2022-05-30 00:00:00+00:00,-0.005929121684117189,-0.00591600612958515,0.5
2022-05-31 00:00:00+00:00,0.0005344061588343219,0.000534387054514418,0.5
2022-06-01 00:00:00+00:00,0.0006271832433564217,0.0006277191829391904,0.5
2022-06-02 00:00:00+00:00,-0.007591174128385725,-0.007594527679154028,0.5
2022-06-03 00:00:00+00:00,0.0044439711055490605,0.004433352346885577,0.5
2022-06-04 00:00:00+00:00,-0.0020185704124349724,-0.0020185852080402134,0.5
2022-06-05 00:00:00+00:00,-0.001413720471665325,-0.0014073235205133705,0.5
2022-06-06 00:00:00+00:00,-0.016272439579469833,-0.01625907944137933,0.5
2022-06-07 00:00:00+00:00,-0.02119095209281402,-0.02118557135256266,0.5
2022-06-08 00:00:00+00:00,-0.006047121970625513,-0.006004528311434387,0.5
2022-06-09 00:00:00+00:00,-0.001350823030831616,-0.0013365153432912114,0.5
2022-06-10 00:00:00+00:00,0.008867259626594515,0.008847727353447854,0.5
2022-06-11 00:00:00+00:00,0.016196294218111307,0.016193790573390987,0.5
2022-06-12 00:00:00+00:00,0.06314450290823481,0.06314504023021805,0.5
2022-06-13 00:00:00+00:00,0.13106631719876194,0.13106736774668826,0.5
2022-06-14 00:00:00+00:00,0.00980077764810694,0.00980084728365238,0.5
2022-06-15 00:00:00+00:00,-0.012527087394306968,-0.012527175553733172,0.5
2022-06-16 00:00:00+00:00,0.061855353756485876,0.06185579447587175,0.5
2022-06-17 00:00:00+00:00,-0.0019060867056768238,-0.001906099510310566,0.5
2022-06-18 00:00:00+00:00,0.04020203239900244,0.04020230297266991,0.5
2022-06-19 00:00:00+00:00,-0.03903848299080498,-0.039038750260849076,0.5
2022-06-20 00:00:00+00:00,-6.0702872104467787e-05,-6.0703699183595194e-05,0.5
2022-06-21 00:00:00+00:00,-0.0018553918993584606,-0.0018554171822173227,0.5
2022-06-22 00:00:00+00:00,0.009812332358123954,0.009812466565803812,0.5
2022-06-23 00:00:00+00:00,-0.01467126521799711,-0.01467146202123526,0.5
2022-06-24 00:00:00+00:00,-0.001742600369331937,-0.0017426244515590383,0.5
2022-06-25 00:00:00+00:00,-0.003329375777518684,-0.003329421949438305,0.5
2022-06-26 00:00:00+00:00,-0.009654295326722129,-0.009654208318373714,0.5
2022-06-27 00:00:00+00:00,-0.008206792242441918,-0.008236837193824897,0.5
2022-06-28 00:00:00+00:00,0.005152889439683839,0.005152973493077473,0.5
2022-06-29 00:00:00+00:00,0.006153046231081927,0.006153075157673715,0.5
2022-06-30 00:00:00+00:00,0.006870241378935882,0.006870273617536116,0.5
2022-07-01 00:00:00+00:00,0.005225340280221202,0.0051829028580692715,0.5
2022-07-02 00:00:00+00:00,0.00041062654184165215,0.0004106319483281329,0.5
2022-07-03 00:00:00+00:00,-0.0007965728124564864,-0.0007965832918719329,0.5
2022-07-04 00:00:00+00:00,-0.011807998487664062,-0.011808154077177946,0.5
2022-07-05 00:00:00+00:00,-0.0006225566236879865,-0.0005961352983583357,0.5
2022-07-06 00:00:00+00:00,0.002755574875157263,0.0027550771139559505,0.5
2022-07-07 00:00:00+00:00,0.011748863368730489,0.011748475746953202,0.5
2022-07-08 00:00:00+00:00,-0.00038082922843024614,-0.00038078135818886416,0.5
2022-07-09 00:00:00+00:00,-0.00017295775027326155,-0.00017293603973400629,0.5
2022-07-10 00:00:00+00:00,-0.0018963020693166244,-0.0019453640377768977,0.5
2022-07-11 00:00:00+00:00,0.02726970457053013,0.02726985355189049,0.5
2022-07-12 00:00:00+00:00,0.030783501294266324,0.03077154142883254,0.5
2022-07-13 00:00:00+00:00,-0.041203337844331334,-0.04120396653273506,0.5
2022-07-14 00:00:00+00:00,-0.006966130583151375,-0.006966131107271734,0.5
2022-07-15 00:00:00+00:00,-0.002524754106065119,-0.0025204407458481737,0.5
2022-07-16 00:00:00+00:00,-0.0012823117371624226,-0.0012948027268060436,0.5
2022-07-17 00:00:00+00:00,-0.002324637099467619,-0.0023246376778091604,0.5
2022-07-18 00:00:00+00:00,0.006451986366178941,0.006466118306871493,0.5
2022-07-19 00:00:00+00:00,0.013611970285848707,0.013612888601820972,0.5
2022-07-20 00:00:00+00:00,-0.00265894674064282,-0.0026589467829896685,0.5
2022-07-21 00:00:00+00:00,-0.001310941587494785,-0.0013109416084846615,0.5
2022-07-22 00:00:00+00:00,-0.007446916028399919,-0.007446916147948179,0.5
2022-07-23 00:00:00+00:00,-0.003808215524183478,-0.0038082155862427802,0.5
2022-07-24 00:00:00+00:00,0.0020099027703747163,0.0020099028033796484,0.5
2022-07-25 00:00:00+00:00,-0.020333557472053676,-0.020333557804618152,0.5
2022-07-26 00:00:00+00:00,-0.008680684877131195,-0.008715123349574472,0.5
2022-07-27 00:00:00+00:00,0.02632950936258882,0.026351065039684873,0.5
2022-07-28 00:00:00+00:00,0.019238802096581464,0.019249968487795255,0.5
2022-07-29 00:00:00+00:00,-0.001516938832315684,-0.0015168039416825763,0.5
2022-07-30 00:00:00+00:00,-0.0031243512247582372,-0.0031240725529377844,0.5
2022-07-31 00:00:00+00:00,-0.007330091637001934,-0.007329433729774959,0.5
2022-08-01 00:00:00+00:00,-0.0008312386555466844,-0.0008311629383769836,0.5
2022-08-02 00:00:00+00:00,-0.006210664847713876,-0.006210098178950296,0.5
2022-08-03 00:00:00+00:00,-0.00378954504622242,-0.0037891949349819765,0.5
2022-08-04 00:00:00+00:00,-0.004247039290033172,-0.004246643915177428,0.5
2022-08-05 00:00:00+00:00,0.015218786284929897,0.015217357367520612,0.5
2022-08-06 00:00:00+00:00,-0.005660366934801153,-0.0056698785657106066,0.5
2022-08-07 00:00:00+00:00,0.004486366284440657,0.004486323629901201,0.5
2022-08-08 00:00:00+00:00,0.009908007172986566,0.009925958268269308,0.5
2022-08-09 00:00:00+00:00,-0.025136432943175524,-0.02517543802694222,0.5
2022-08-10 00:00:00+00:00,0.017267535559222003,0.017267039484788915,0.5
2022-08-11 00:00:00+00:00,-0.0006074338533930135,-0.0006074169851178479,0.5
2022-08-12 00:00:00+00:00,0.009806087932736962,0.009805815289089082,0.5
2022-08-13 00:00:00+00:00,0.0008160681581868001,0.0008160459050492452,0.5
2022-08-14 00:00:00+00:00,-0.0027805888625823116,-0.0027805131630199154,0.5
2022-08-15 00:00:00+00:00,-0.0042840456435118135,-0.0042839283611935675,0.5
2022-08-16 00:00:00+00:00,-0.005064765099579538,-0.005064625245620513,0.5
2022-08-17 00:00:00+00:00,-0.01055222218028351,-0.010598648972235503,0.5
2022-08-18 00:00:00+00:00,0.00013848601194538235,0.0001387928372074132,0.5
2022-08-19 00:00:00+00:00,0.04156047923069006,0.04155930510406097,0.5
2022-08-20 00:00:00+00:00,-0.012655146283181873,-0.012667426823177952,0.5
2022-08-21 00:00:00+00:00,-0.014095503179447688,-0.014095810916652296,0.5
2022-08-22 00:00:00+00:00,0.004260962298546556,0.004261162980698452,0.5
2022-08-23 00:00:00+00:00,-0.004806454892117951,-0.004806680146211939,0.5
2022-08-24 00:00:00+00:00,-0.0024342095382332563,-0.0024497851558327177,0.5
2022-08-25 00:00:00+00:00,-0.0031767592438417536,-0.003176759243880889,0.5
2022-08-26 00:00:00+00:00,0.021979454165077517,0.021979454165349077,0.5
2022-08-27 00:00:00+00:00,0.004510490982139181,0.004510490982149951,0.5
2022-08-28 00:00:00+00:00,0.011644735420486163,0.011644735420486052,0.5
2022-08-29 00:00:00+00:00,-0.01762434901600113,-0.017624349016001184,0.5
2022-08-30 00:00:00+00:00,0.011718334981332679,0.011718334981332679,0.5
2022-08-31 00:00:00+00:00,-0.005755597512396793,-0.005755597512396682,0.5
2022-09-01 00:00:00+00:00,-0.0019179274324054862,-0.0019179274324054862,0.5
2022-09-02 00:00:00+00:00,0.004542044636091869,0.004542044636091758,0.5
2022-09-03 00:00:00+00:00,0.002994797692404738,0.002994797692404738,0.5
2022-09-04 00:00:00+00:00,-0.004145868549259024,-0.00414586854925908,0.5
2022-09-05 00:00:00+00:00,0.005158381449979377,0.005158381449979377,0.5
2022-09-06 00:00:00+00:00,0.0243840205637168,0.0243840205637168,0.5
2022-09-07 00:00:00+00:00,-0.011745603524811077,-0.01174560352481091,0.5
2022-09-08 00:00:00+00:00,-0.0004849695902043871,-0.00048496959020449815,0.5
2022-09-09 00:00:00+00:00,-0.04519038823692778,-0.04519038823692756,0.5
2022-09-10 00:00:00+00:00,-0.004491442043385696,-0.004491442043385696,0.5
2022-09-11 00:00:00+00:00,-0.0004839965917559641,-0.00048399659175613063,0.5
2022-09-12 00:00:00+00:00,-0.002063438969313547,-0.00203722048763727,0.5
2022-09-13 00:00:00+00:00,0.002144988667112324,0.002116972996237587,0.5
2022-09-14 00:00:00+00:00,-0.0009645808157295321,-0.0009645808005096512,0.5
2022-09-15 00:00:00+00:00,0.00946093138362425,0.00945962012229451,0.5
2022-09-16 00:00:00+00:00,-0.0024968533716954733,-0.002496873646593234,0.5
2022-09-17 00:00:00+00:00,-0.007825734625861669,-0.00782579849115983,0.5
2022-09-18 00:00:00+00:00,0.015184819541775085,0.015198014152720929,0.5
2022-09-19 00:00:00+00:00,-0.003121845874245077,-0.0031218457676198685,0.5
2022-09-20 00:00:00+00:00,0.01670657475355042,0.016706574179358835,0.5
2022-09-21 00:00:00+00:00,0.01023990905291039,0.01023990871235192,0.5
2022-09-22 00:00:00+00:00,-0.02256734104503738,-0.022567340309556705,0.5
2022-09-23 00:00:00+00:00,0.00281608254274035,0.0028160824466247902,0.5
2022-09-24 00:00:00+00:00,0.007901265219589892,0.007901265091600274,0.5
2022-09-25 00:00:00+00:00,0.0028433514410448613,0.002841878125137698,0.5
2022-09-26 00:00:00+00:00,-0.010914873851302964,-0.0109149823275283,0.5
2022-09-27 00:00:00+00:00,-0.007960008195715906,-0.007971655492074459,0.5
2022-09-28 00:00:00+00:00,-0.00881735758200497,-0.00881735726710936,0.5
2022-09-29 00:00:00+00:00,-0.004574795211132632,-0.004574795044819779,0.5
2022-09-30 00:00:00+00:00,0.004761468541855773,0.00476146836715774,0.5
2022-10-01 00:00:00+00:00,0.00297919064012353,0.0029791905318483636,0.5
2022-10-02 00:00:00+00:00,0.004655825947624925,0.004655825960863114,0.5
2022-10-03 00:00:00+00:00,-0.012858458220492919,-0.012858458220391,0.5
2022-10-04 00:00:00+00:00,0.0011684832061346628,0.0012478928944619772,0.5
2022-10-05 00:00:00+00:00,-0.006900887960968494,-0.006871734439325483,0.5
2022-10-06 00:00:00+00:00,-0.008765862268570845,-0.008779456288279364,0.5
2022-10-07 00:00:00+00:00,-0.0133221785227991,-0.013353054044424495,0.5
2022-10-08 00:00:00+00:00,0.004462259960582915,0.004450768096454061,0.5
2022-10-09 00:00:00+00:00,-0.001814335124803057,-0.0018115869053150213,0.5
2022-10-10 00:00:00+00:00,0.011355023280344767,0.011354726585529717,0.5
2022-10-11 00:00:00+00:00,0.0020710061290513115,0.002071050192384516,0.5
2022-10-12 00:00:00+00:00,-0.003842100247539504,-0.0038421002315343067,0.5
2022-10-13 00:00:00+00:00,-0.0027638888649245685,-0.002751097712085593,0.5
2022-10-14 00:00:00+00:00,-0.0016227038282330408,-0.0016490126177506337,0.5
2022-10-15 00:00:00+00:00,0.002133271830959349,0.0021213381526786756,0.5
2022-10-16 00:00:00+00:00,-0.005094507296073525,-0.0050945873791703455,0.5
2022-10-17 00:00:00+00:00,-0.004417866717620622,-0.004418351433173928,0.5
2022-10-18 00:00:00+00:00,-0.0017280691008628724,-0.0017279874481563873,0.5
2022-10-19 00:00:00+00:00,0.0007727832752046915,0.0007727943159945294,0.5
2022-10-20 00:00:00+00:00,5.560891436351412e-05,5.561430342848617e-05,0.5
2022-10-21 00:00:00+00:00,-0.002151898323856871,-0.0021518983199654285,0.5
2022-10-22 00:00:00+00:00,-0.0012713519273753193,-0.0012713519282964714,0.5
2022-10-23 00:00:00+00:00,-0.0050620628803355605,-0.005060415481508207,0.5
2022-10-24 00:00:00+00:00,-0.012862683328557944,-0.012869539771615923,0.5
2022-10-25 00:00:00+00:00,-0.010111560050400425,-0.010118602982631397,0.5
2022-10-26 00:00:00+00:00,0.013193241255508137,0.01319324125517285,0.5
2022-10-27 00:00:00+00:00,-0.01138732676450066,-0.011387326764500771,0.5
2022-10-28 00:00:00+00:00,0.007332078167824663,0.007332078167824663,0.5
2022-10-29 00:00:00+00:00,0.005139882465462264,0.005139882465462375,0.5
2022-10-30 00:00:00+00:00,-0.004384916447467357,-0.0043849164474674684,0.5
2022-10-31 00:00:00+00:00,-0.003266337646873785,-0.003266337646873785,0.5
2022-11-01 00:00:00+00:00,-0.00024644328725348386,-0.00024644328725348386,0.5
2022-11-02 00:00:00+00:00,-0.008173068791281435,-0.008173068791281657,0.5
2022-11-03 00:00:00+00:00,0.0014301039324193798,0.0014301039324194909,0.5
2022-11-04 00:00:00+00:00,0.02316993722296845,0.023169937222968895,0.5
2022-11-05 00:00:00+00:00,0.003510225770922304,0.003510225770922304,0.5
2022-11-06 00:00:00+00:00,-0.00928169633829834,-0.00928169633829845,0.5
2022-11-07 00:00:00+00:00,-0.007837214658515168,-0.00783721465851539,0.5
2022-11-08 00:00:00+00:00,-0.019781277301981037,-0.019790857635708925,0.5
2022-11-09 00:00:00+00:00,0.0700896712362572,0.07011098508687064,0.5
2022-11-10 00:00:00+00:00,-0.04167900695665111,-0.04167900925167878,0.5
2022-11-11 00:00:00+00:00,0.013814029551408424,0.013814030381242515,0.5
2022-11-12 00:00:00+00:00,0.006490090118657976,0.006490090498047718,0.5
2022-11-13 00:00:00+00:00,0.012281639487431883,0.01228164019617739,0.5
2022-11-14 00:00:00+00:00,-0.00707124916148566,-0.007071249559768178,0.5
2022-11-15 00:00:00+00:00,-0.007207945930149229,-0.007207946341955318,0.5
2022-11-16 00:00:00+00:00,0.005966913141326469,0.005966913487215786,0.5
2022-11-17 00:00:00+00:00,-0.0008435128700586825,-0.0008435129183786971,0.5
2022-11-18 00:00:00+00:00,-0.00018916231024418417,-0.00018916232109855713,0.5
2022-11-19 00:00:00+00:00,-2.914516394575406e-05,-2.9145165618749136e-05,0.5
2022-11-20 00:00:00+00:00,0.010595444645731478,0.010595445253974822,0.5
2022-11-21 00:00:00+00:00,0.027293211621684854,0.02725375695487864,0.5
2022-11-22 00:00:00+00:00,-0.024316917634397195,-0.024317956674180352,0.5
2022-11-23 00:00:00+00:00,-0.009154327681085483,-0.009154328194330541,0.5
2022-11-24 00:00:00+00:00,0.00014214963950065496,0.0001421496476190498,0.5
2022-11-25 00:00:00+00:00,0.001927630555389248,0.001927630665447766,0.5
2022-11-26 00:00:00+00:00,0.001689990606895675,0.0016899907030154537,0.5
2022-11-27 00:00:00+00:00,0.0012846223692164482,0.0012888635279387772,0.5
2022-11-28 00:00:00+00:00,0.0065513911692628435,0.00655119174319263,0.5
2022-11-29 00:00:00+00:00,-0.006725246341289348,-0.006725044270629255,0.5
2022-11-30 00:00:00+00:00,-0.010027928896594596,-0.01001313298820955,0.5
2022-12-01 00:00:00+00:00,-0.003202674227846203,-0.003201094964754958,0.5
2022-12-02 00:00:00+00:00,-0.006968075250833372,-0.006968081384339075,0.5
2022-12-03 00:00:00+00:00,0.0025773027988669206,0.002577314252652174,0.5
2022-12-04 00:00:00+00:00,-0.002693840798952185,-0.0026938527092500997,0.5
2022-12-05 00:00:00+00:00,-0.0002986120113574464,-0.0002986179087320906,0.5
2022-12-06 00:00:00+00:00,-0.0016327241418535032,-0.0016359047215838696,0.5
2022-12-07 00:00:00+00:00,-0.001285891835054065,-0.0012870221389184588,0.5
2022-12-08 00:00:00+00:00,-0.010027531143506851,-0.010026734054770448,0.5
2022-12-09 00:00:00+00:00,-0.00039557621313812685,-0.0003955762131377938,0.5
2022-12-10 00:00:00+00:00,-7.842797427604076e-06,-7.842797427493053e-06,0.5
2022-12-11 00:00:00+00:00,-0.00017889573730534014,-0.0001788957373051181,0.5
2022-12-12 00:00:00+00:00,0.0005067693454625655,0.0005067693454625655,0.5
2022-12-13 00:00:00+00:00,0.016908660718117918,0.016908660718117585,0.5
2022-12-14 00:00:00+00:00,0.00017832844677184712,0.00017832844677162507,0.5
2022-12-15 00:00:00+00:00,-0.009219937335517847,-0.009219937335517903,0.5
2022-12-16 00:00:00+00:00,-0.010118784333379816,-0.010118784333379816,0.5
2022-12-17 00:00:00+00:00,-0.0010921101240507491,-0.0011060696084710941,0.5
2022-12-18 00:00:00+00:00,0.0005098616271955736,0.0005098787105073388,0.5
2022-12-19 00:00:00+00:00,0.00635057167198394,0.006341501554785078,0.5
2022-12-20 00:00:00+00:00,-0.025980596758505947,-0.02599940693534397,0.5
2022-12-21 00:00:00+00:00,-0.002612060061633392,-0.0026340787547899924,0.5
2022-12-22 00:00:00+00:00,-0.002612436501985227,-0.002646012366050443,0.5
2022-12-23 00:00:00+00:00,-0.0010102535497427678,-0.000994070281551962,0.5
2022-12-24 00:00:00+00:00,-0.0012187974210213781,-0.0012384602722153581,0.5
2022-12-25 00:00:00+00:00,-0.0012608790770669565,-0.0012678818323130225,0.5
2022-12-26 00:00:00+00:00,-0.0010477162541186469,-0.0010470619012307725,0.5
2022-12-27 00:00:00+00:00,0.0015902143095121168,0.0015970825221526264,0.5
2022-12-28 00:00:00+00:00,0.003041062866699362,0.003043972692651109,0.5
2022-12-29 00:00:00+00:00,-0.0018900747932944495,-0.0019023556720097479,0.5
2022-12-30 00:00:00+00:00,0.0007272963914575215,0.0007273408794488123,0.5
2022-12-31 00:00:00+00:00,0.0015536934907909306,0.0015537928038208415,0.5
2023-01-01 00:00:00+00:00,-0.0011292257288663676,-0.0011282861951781853,0.5
2023-01-02 00:00:00+00:00,-0.0025657485726721108,-0.002587510943900917,0.5
2023-01-03 00:00:00+00:00,-0.0008752733965548543,-0.0008811724270664234,0.5
2023-01-04 00:00:00+00:00,0.0006481212204730857,0.0006530496976017708,0.5
2023-01-05 00:00:00+00:00,-0.000359131067285523,-0.00035915826844118426,0.5
2023-01-06 00:00:00+00:00,-0.007075524741644745,-0.007108578058290016,0.5
2023-01-07 00:00:00+00:00,-0.00025037601583682845,-0.00025037601583677294,0.5
2023-01-08 00:00:00+00:00,0.0023316750907007577,0.0023316750907007577,0.5
2023-01-09 00:00:00+00:00,0.0007897195999625461,0.0007979039730534598,0.5
2023-01-10 00:00:00+00:00,0.0052500576169882684,0.0052498274340834206,0.5
2023-01-11 00:00:00+00:00,0.014520577492397657,0.014520577878479934,0.5
2023-01-12 00:00:00+00:00,0.02502246490581217,0.025022465552348994,0.5
2023-01-13 00:00:00+00:00,0.02870918158237823,0.028709182288819912,0.5
2023-01-14 00:00:00+00:00,0.02574720451055046,0.02574720510970474,0.5
2023-01-15 00:00:00+00:00,-0.0021428625386272215,-0.002142862586050953,0.5
2023-01-16 00:00:00+00:00,0.007179446139825796,0.007179446299398262,0.5
2023-01-17 00:00:00+00:00,-0.0015075420254813676,-0.0015075420585141108,0.5
2023-01-18 00:00:00+00:00,-0.010845637594982693,-0.010845637833347355,0.5
2023-01-19 00:00:00+00:00,0.009263243022481937,0.009263243230582585,0.5
2023-01-20 00:00:00+00:00,0.03776514683306975,0.03776514766604022,0.5
2023-01-21 00:00:00+00:00,0.0025224721212927514,0.002522472173022816,0.5
2023-01-22 00:00:00+00:00,-0.0018530403787048733,-0.0018530404165156278,0.5
2023-01-23 00:00:00+00:00,0.004457707233367358,0.004457707324663884,0.5
2023-01-24 00:00:00+00:00,-0.006410076827651379,-0.006410076957773403,0.5
2023-01-25 00:00:00+00:00,0.009463143170459598,0.009463143365052606,0.5
2023-01-26 00:00:00+00:00,-0.0014287326945706114,-0.00142873272340438,0.5
2023-01-27 00:00:00+00:00,0.0012953504822372786,0.001295350508453974,0.5
2023-01-28 00:00:00+00:00,-0.001285522281958995,-0.0012855223079095701,0.5
2023-01-29 00:00:00+00:00,0.015670408253522727,0.015670408570674033,0.5
2023-01-30 00:00:00+00:00,-0.019642410115189746,-0.0196424105006493,0.5
2023-01-31 00:00:00+00:00,0.0064505259552075644,0.006450526086967945,0.5
2023-02-01 00:00:00+00:00,0.013138575015716913,0.013138575280670972,0.5
2023-02-02 00:00:00+00:00,-0.005175217570471569,-0.005175217672163557,0.5
2023-02-03 00:00:00+00:00,-0.0016168802451630437,-0.0016168802772667523,0.5
2023-02-04 00:00:00+00:00,-0.002345809545162947,-0.002345809591890735,0.5
2023-02-05 00:00:00+00:00,-0.008647965612973929,-0.008647965786050704,0.5
2023-02-06 00:00:00+00:00,-0.003920817747820438,-0.003920817827671286,0.5
2023-02-07 00:00:00+00:00,0.008906999270375637,0.008891755809941282,0.5
2023-02-08 00:00:00+00:00,-0.0061376453149109,-0.006137645595395702,0.5
2023-02-09 00:00:00+00:00,-0.016369552362742568,-0.016369240241028205,0.5
2023-02-10 00:00:00+00:00,-0.002743302053197283,-0.0027569349549467215,0.5
2023-02-11 00:00:00+00:00,0.0006270126109362284,0.0006160672180199889,0.5
2023-02-12 00:00:00+00:00,-0.00027733798845197555,-0.0002773349514463841,0.5
2023-02-13 00:00:00+00:00,-2.9348899797942973e-05,-2.93485782328351e-05,0.5
2023-02-14 00:00:00+00:00,0.0013699310623086491,0.0013699160515938669,0.5
2023-02-15 00:00:00+00:00,0.016342803490577373,0.0163552942384112,0.5
2023-02-16 00:00:00+00:00,-0.01868414113002831,-0.01865554431383687,0.5
2023-02-17 00:00:00+00:00,0.022281601384987137,0.022279267926168522,0.5
2023-02-18 00:00:00+00:00,0.0009776628368891593,0.0009775648179349838,0.5
2023-02-19 00:00:00+00:00,-0.007688910097424506,-0.0076881407234917765,0.5
2023-02-20 00:00:00+00:00,0.011899349841544837,0.011898140565013038,0.5
2023-02-21 00:00:00+00:00,-0.008343554828226296,-0.008342726619183338,0.5
2023-02-22 00:00:00+00:00,-0.0057256510372719616,-0.005725073046033147,0.5
2023-02-23 00:00:00+00:00,-0.005114323483202621,-0.005113801224124803,0.5
2023-02-24 00:00:00+00:00,-0.01614712809330099,-0.01614543900293447,0.5
2023-02-25 00:00:00+00:00,-0.00027573975430716935,-0.00027573972762579,0.5
2023-02-26 00:00:00+00:00,0.004712496505430375,0.004701857813402155,0.5
2023-02-27 00:00:00+00:00,-0.003447580452493937,-0.0034492613279967776,0.5
2023-02-28 00:00:00+00:00,-0.006695857140407102,-0.0066965578791829405,0.5
2023-03-01 00:00:00+00:00,0.0027727165697127854,0.002787176474359665,0.5
2023-03-02 00:00:00+00:00,-0.00357342353591783,-0.0035730645397779037,0.5
2023-03-03 00:00:00+00:00,-0.025126621252180292,-0.025118379363977483,0.5
2023-03-04 00:00:00+00:00,-0.00012665132439326765,-0.00012665132421663117,0.5
2023-03-05 00:00:00+00:00,-0.0018430419052446467,-0.0018430419052444802,0.5
2023-03-06 00:00:00+00:00,0.000576370364647083,0.000576370364647083,0.5
2023-03-07 00:00:00+00:00,0.0032461313813391124,0.0032478819655690216,0.5
2023-03-08 00:00:00+00:00,0.007848637573704353,0.007848702826923182,0.5
2023-03-09 00:00:00+00:00,0.061575364653547404,0.061525417148266315,0.5
2023-03-10 00:00:00+00:00,0.008950158305472078,0.008950578889124428,0.5
2023-03-11 00:00:00+00:00,-0.016957440625506803,-0.016948166091557304,0.5
2023-03-12 00:00:00+00:00,-0.03361344935831706,-0.03361344919928333,0.5
2023-03-13 00:00:00+00:00,-0.049220460989897685,-0.04917084164586466,0.5
2023-03-14 00:00:00+00:00,0.010213325703678056,0.01027070105436556,0.5
2023-03-15 00:00:00+00:00,-0.00827835831716145,-0.008277544672068593,0.5
2023-03-16 00:00:00+00:00,0.01021484460534694,0.010199507117053308,0.5
2023-03-17 00:00:00+00:00,0.047780952226863516,0.047780954406106635,0.5
2023-03-18 00:00:00+00:00,-0.008863124988733928,-0.008863125357712331,0.5
2023-03-19 00:00:00+00:00,0.019351005227326024,0.019351006047460317,0.5
2023-03-20 00:00:00+00:00,-0.004650011021942291,-0.004650011211675964,0.5
2023-03-21 00:00:00+00:00,0.00694547170281723,0.00694547198887252,0.5
2023-03-22 00:00:00+00:00,-0.015309334452161427,-0.015309335074051078,0.5
2023-03-23 00:00:00+00:00,0.019263942721226446,0.01926394352847538,0.5
2023-03-24 00:00:00+00:00,-0.01511411321061068,-0.015114113820466124,0.5
2023-03-25 00:00:00+00:00,0.00015130740922364438,0.00015130741551916405,0.5
2023-03-26 00:00:00+00:00,0.009251468039503163,0.009251468424319897,0.5
2023-03-27 00:00:00+00:00,-0.015118617960601266,-0.015118618578038978,0.5
2023-03-28 00:00:00+00:00,0.0025085190662096357,0.002508519171850687,0.5
2023-03-29 00:00:00+00:00,0.019899808172576527,0.0198998090064324,0.5
2023-03-30 00:00:00+00:00,-0.005789598253873818,-0.0057895984871877415,0.5
2023-03-31 00:00:00+00:00,0.007800819680159554,0.007800819998205921,0.5
2023-04-01 00:00:00+00:00,-0.00033991938941280164,-0.00033991940305866386,0.5
2023-04-02 00:00:00+00:00,-0.005060965182704713,-0.005060965386013305,0.5
2023-04-03 00:00:00+00:00,-0.006710544890286219,-0.006710545162618098,0.5
2023-04-04 00:00:00+00:00,0.006705520907154927,0.0067055211829848416,0.5
2023-04-05 00:00:00+00:00,-0.00010474049424258336,-0.0001047404984940159,0.5
2023-04-06 00:00:00+00:00,-0.0023474765002609588,-0.0023474765955661114,0.5
2023-04-07 00:00:00+00:00,-0.0022925308003163836,-0.002294047732912974,0.5
2023-04-08 00:00:00+00:00,-8.166989527214064e-05,-8.168260839536146e-05,0.5
2023-04-09 00:00:00+00:00,0.004528440243081855,0.004529708258505405,0.5
2023-04-10 00:00:00+00:00,0.045717444186226475,0.045779843553180544,0.5
2023-04-11 00:00:00+00:00,0.018674249678745758,0.018672465190421983,0.5
2023-04-12 00:00:00+00:00,-0.010474289226008071,-0.010473306662695081,0.5
2023-04-13 00:00:00+00:00,0.016124857753677002,0.016123329116701335,0.5
2023-04-14 00:00:00+00:00,-0.005722718410486771,-0.005739225680420068,0.5
2023-04-15 00:00:00+00:00,-0.0029061860581652277,-0.0029059157534228053,0.5
2023-04-16 00:00:00+00:00,-3.354700132118804e-05,-3.3543862870077934e-05,0.5
2023-04-17 00:00:00+00:00,-0.012533574340521936,-0.012532220988470288,0.5
2023-04-18 00:00:00+00:00,0.00584999403865849,0.005845892657568241,0.5
2023-04-19 00:00:00+00:00,-0.025995540692856922,-0.02599311398493226,0.5
2023-04-20 00:00:00+00:00,-0.007008325604584975,-0.007016197079814046,0.5
2023-04-21 00:00:00+00:00,-0.007474229698129609,-0.00747404041443428,0.5
2023-04-22 00:00:00+00:00,-0.00437837762176313,-0.0043882160854633034,0.5
2023-04-23 00:00:00+00:00,0.0020125651128022337,0.0020126123546847507,0.5
2023-04-24 00:00:00+00:00,0.0010523251896361607,0.0010523251773487674,0.5
2023-04-25 00:00:00+00:00,-0.0066773423466571225,-0.006677342329068414,0.5
2023-04-26 00:00:00+00:00,-0.02417133667483512,-0.024152235645084175,0.5
2023-04-27 00:00:00+00:00,0.01421247567873929,0.014216103833201044,0.5
2023-04-28 00:00:00+00:00,-0.002011482462469405,-0.0020114824624768435,0.5
2023-04-29 00:00:00+00:00,-0.001112881570156432,-0.001112881570160651,0.5
2023-04-30 00:00:00+00:00,7.988357692090275e-05,7.988357692123582e-05,0.5
2023-05-01 00:00:00+00:00,-0.007593359489124207,-0.007593359489156126,0.5
2023-05-02 00:00:00+00:00,-0.005071009929424719,-0.0050710099294245525,0.5
2023-05-03 00:00:00+00:00,-0.001674012908455147,-0.001666275458942712,0.5
2023-05-04 00:00:00+00:00,-0.0028480914616710318,-0.0028112553565302068,0.5
2023-05-05 00:00:00+00:00,0.006226061934045735,0.006226008401887251,0.5
2023-05-06 00:00:00+00:00,-0.010193951550137748,-0.01024956390729681,0.5
2023-05-07 00:00:00+00:00,-0.004688213705948963,-0.0046680894003656714,0.5
2023-05-08 00:00:00+00:00,0.0026447622933130077,0.0026370770067205562,0.5
2023-05-09 00:00:00+00:00,0.00040627101580692493,0.00040627778959811955,0.5
2023-05-10 00:00:00+00:00,5.4353953201968785e-05,4.887105427886507e-05,0.5
2023-05-11 00:00:00+00:00,0.009190380620278216,0.009182419386641216,0.5
2023-05-12 00:00:00+00:00,0.0031795377195789065,0.0031797021497068645,0.5
2023-05-13 00:00:00+00:00,0.00045459675362757856,0.00045462011458474727,0.5
2023-05-14 00:00:00+00:00,-0.002484077686922659,-0.0024842052235063417,0.5
2023-05-15 00:00:00+00:00,-0.006170908281409704,-0.006171143301708482,0.5
2023-05-16 00:00:00+00:00,-2.6298958697434927e-06,-2.5030005660342525e-06,0.5
2023-05-17 00:00:00+00:00,-0.012841526712956908,-0.012841873557419725,0.5
2023-05-18 00:00:00+00:00,0.011025150605860401,0.011025729679141505,0.5
2023-05-19 00:00:00+00:00,-0.00105008475003876,-0.0010501387135978812,0.5
2023-05-20 00:00:00+00:00,-0.003957396600964502,-0.003957600398490635,0.5
2023-05-21 00:00:00+00:00,0.006625383665726514,0.006625727581083374,0.5
2023-05-22 00:00:00+00:00,-0.0019047721497276737,-0.001904869730967651,0.5
2023-05-23 00:00:00+00:00,-0.006567993470586675,-0.006568331234867886,0.5
2023-05-24 00:00:00+00:00,0.016015211845114674,0.015994285374528794,0.5
2023-05-25 00:00:00+00:00,-0.005201349249832399,-0.005201593320384057,0.5
2023-05-26 00:00:00+00:00,-0.008006753560147795,-0.008007131879378904,0.5
2023-05-27 00:00:00+00:00,-0.0026270617756677384,-0.00262719601530198,0.5
2023-05-28 00:00:00+00:00,-0.0008333724435139467,-0.0008340140878929092,0.5
2023-05-29 00:00:00+00:00,-0.014901489500101506,-0.014949827559147755,0.5
2023-05-30 00:00:00+00:00,-0.004812693434934456,-0.004827577162485885,0.5
2023-05-31 00:00:00+00:00,0.0003551159169826734,0.00034352414223559613,0.5
2023-06-01 00:00:00+00:00,0.004974603164452085,0.004974726428037313,0.5
2023-06-02 00:00:00+00:00,-0.007464370290837297,-0.007464370210990556,0.5
2023-06-03 00:00:00+00:00,0.0014100774400165328,0.0014100774400165328,0.5
2023-06-04 00:00:00+00:00,-0.0011595937415966873,-0.0011521162685339537,0.5
2023-06-05 00:00:00+00:00,0.023581589346023946,0.023529598627890835,0.5
2023-06-06 00:00:00+00:00,-0.03785548652081855,-0.037837044446569656,0.5
2023-06-07 00:00:00+00:00,0.009442204033608292,0.009436070483476833,0.5
2023-06-08 00:00:00+00:00,-0.0029441486932972882,-0.0029441486384120252,0.5
2023-06-09 00:00:00+00:00,0.00043114676284095044,0.00043114675475575126,0.5
2023-06-10 00:00:00+00:00,0.012190454672902362,0.012190454444496734,0.5
2023-06-11 00:00:00+00:00,-0.0014714360904320989,-0.0014714360635188495,0.5
2023-06-12 00:00:00+00:00,0.00035265726857458546,0.0003526572621053159,0.5
2023-06-13 00:00:00+00:00,-0.0003201631249244441,-0.0003201631190553611,0.5
2023-06-14 00:00:00+00:00,0.014874382435283273,0.014874382162438082,0.5
2023-06-15 00:00:00+00:00,-0.00840055745353857,-0.008400557303896383,0.5
2023-06-16 00:00:00+00:00,-0.013673045878321022,-0.013673045630595904,0.5
2023-06-17 00:00:00+00:00,-0.0038799576612083553,-0.003865245136772666,0.5
2023-06-18 00:00:00+00:00,-0.002010294410192126,-0.002000648224711743,0.5
2023-06-19 00:00:00+00:00,-0.005529437352987998,-0.005549654532406467,0.5
2023-06-20 00:00:00+00:00,0.0052318231811965266,0.005238107197128694,0.5
2023-06-21 00:00:00+00:00,0.027473088701430948,0.027482232330570566,0.5
2023-06-22 00:00:00+00:00,-0.002039262956254395,-0.0020392630127006317,0.5
2023-06-23 00:00:00+00:00,0.013218698377560734,0.013218698744949742,0.5
2023-06-24 00:00:00+00:00,-0.0025838834286812107,-0.002583883498645856,0.5
2023-06-25 00:00:00+00:00,-0.0012363208934155767,-0.001236320927065715,0.5
2023-06-26 00:00:00+00:00,-0.0034038276519255395,-0.003403827744800303,0.5
2023-06-27 00:00:00+00:00,0.0068531967621242584,0.006853196950397988,0.5
2023-06-28 00:00:00+00:00,-0.010192991457409095,-0.010192991733648793,0.5
2023-06-29 00:00:00+00:00,0.00609723019158126,0.006097230360260886,0.5
2023-06-30 00:00:00+00:00,0.0001840426881862811,0.0001840426932164796,0.5
2023-07-01 00:00:00+00:00,0.0017163379678583057,0.0017163380147512397,0.5
2023-07-02 00:00:00+00:00,0.0004912710010430699,0.000491271014419592,0.5
2023-07-03 00:00:00+00:00,0.00863910031678694,0.00863910055178252,0.5
2023-07-04 00:00:00+00:00,-0.006480474685665705,-0.0064804748589495365,0.5
2023-07-05 00:00:00+00:00,-0.00451992443454674,-0.004519924556993793,0.5
2023-07-06 00:00:00+00:00,-0.010211286942661768,-0.010211287221814136,0.5
2023-07-07 00:00:00+00:00,0.007604819020853859,0.007604819233085869,0.5
2023-07-08 00:00:00+00:00,-0.0010111403825460719,-0.0010111404103418375,0.5
2023-07-09 00:00:00+00:00,-0.002110571024982133,-0.002110571083118129,0.5
2023-07-10 00:00:00+00:00,-0.0048097971684364915,-0.004817023047390623,0.5
2023-07-11 00:00:00+00:00,0.005797564362881702,0.005797481195499499,0.5
2023-07-12 00:00:00+00:00,-0.008828916210956828,-0.00882898784787639,0.5
2023-07-13 00:00:00+00:00,0.03417292526633864,0.03416375396155491,0.5
2023-07-14 00:00:00+00:00,-0.031466829804985774,-0.03151652528299059,0.5
2023-07-15 00:00:00+00:00,-0.00041536945297010464,-0.00041110196499616336,0.5
2023-07-16 00:00:00+00:00,-0.0006951424167108144,-0.000706219782932116,0.5
2023-07-17 00:00:00+00:00,-0.005412603463132271,-0.005412580950654722,0.5
2023-07-18 00:00:00+00:00,0.002021394505641372,0.0020214617408745306,0.5
2023-07-19 00:00:00+00:00,-0.0007469457748598418,-0.000732618329527146,0.5
2023-07-20 00:00:00+00:00,-0.006832882046535482,-0.006844588482326053,0.5
2023-07-21 00:00:00+00:00,-0.00023549654775878448,-0.00023549842008674382,0.5
2023-07-22 00:00:00+00:00,0.0002612539339512665,0.0002612560120432983,0.5
2023-07-23 00:00:00+00:00,-0.0006729693137245141,-0.0006729746639286271,0.5
2023-07-24 00:00:00+00:00,0.002553293660805478,0.0025533097703224206,0.5
2023-07-25 00:00:00+00:00,-0.0010198514752189913,-0.0010198514758985033,0.5
2023-07-26 00:00:00+00:00,-0.001382772005594446,-0.0013827720055950565,0.5
2023-07-27 00:00:00+00:00,0.00159473465454818,0.0015947346545488461,0.5
2023-07-28 00:00:00+00:00,-0.0010341190427624602,-0.0010341190427627933,0.5
2023-07-29 00:00:00+00:00,-0.00040354818773907786,-0.0004035481877392444,0.5
2023-07-30 00:00:00+00:00,0.0009045339103895822,0.0009045339103898042,0.5
2023-07-31 00:00:00+00:00,0.000684449865226977,0.0006844498652271991,0.5
2023-08-01 00:00:00+00:00,-0.005827256461766184,-0.005827256461768349,0.5
2023-08-02 00:00:00+00:00,-0.0015874126983602133,-0.0015374548448671699,0.5
2023-08-03 00:00:00+00:00,-2.3268551304911345e-05,-2.3268551304855833e-05,0.5
2023-08-04 00:00:00+00:00,0.0015000099917068521,0.0015000099917068521,0.5
2023-08-05 00:00:00+00:00,0.0008636629929573703,0.0008636629929573703,0.5
2023-08-06 00:00:00+00:00,-0.0001621871568406874,-0.0001621871568406319,0.5
2023-08-07 00:00:00+00:00,-0.002031553884480952,-0.0020315538844808967,0.5
2023-08-08 00:00:00+00:00,-0.010793618372083424,-0.010793618372083369,0.5
2023-08-09 00:00:00+00:00,-0.0012742262737736043,-0.0012603077641786808,0.5
2023-08-10 00:00:00+00:00,0.0010896737752162933,0.0010927971359241395,0.5
2023-08-11 00:00:00+00:00,0.0004386834920181437,0.000438709434469442,0.5
2023-08-12 00:00:00+00:00,-0.0003192401297990588,-0.00030600378988482335,0.5
2023-08-13 00:00:00+00:00,0.0004937816260935923,0.0005081494696287381,0.5
2023-08-14 00:00:00+00:00,-0.002025806227522464,-0.0020402896772556134,0.5
2023-08-15 00:00:00+00:00,0.002321441970757343,0.0023359873481691995,0.5
2023-08-16 00:00:00+00:00,0.008144314899644733,0.00813023660263179,0.5
2023-08-17 00:00:00+00:00,0.07193079750896547,0.07188434599875937,0.5
2023-08-18 00:00:00+00:00,0.00860302524042289,0.008646978894089108,0.5
2023-08-19 00:00:00+00:00,-0.0007378810841789929,-0.0007379476995551526,0.5
2023-08-20 00:00:00+00:00,-0.0013867607501288903,-0.0013868861309453417,0.5
2023-08-21 00:00:00+00:00,0.0009245077778845534,0.0009245915976475727,0.5
2023-08-22 00:00:00+00:00,0.0011032467877548635,0.001103346628125057,0.5
2023-08-23 00:00:00+00:00,-0.005782215294163839,-0.00578273741433416,0.5
2023-08-24 00:00:00+00:00,0.004000651937309696,0.004001017413488128,0.5
2023-08-25 00:00:00+00:00,0.0017813765813565752,0.00178153802562675,0.5
2023-08-26 00:00:00+00:00,0.000778155670497771,0.0007782259435327177,0.5
2023-08-27 00:00:00+00:00,-0.0012661120920496871,-0.0012662262533605362,0.5
2023-08-28 00:00:00+00:00,-0.00025653194132574386,-0.00025655513072309066,0.5
2023-08-29 00:00:00+00:00,-0.025186420139817367,-0.025188866497636297,0.5
2023-08-30 00:00:00+00:00,0.0073357427491985705,0.007328904383027357,0.5
2023-08-31 00:00:00+00:00,0.02432256107455344,0.02432372863394927,0.5
2023-09-01 00:00:00+00:00,0.0023111010521731368,0.002311206845702962,0.5
2023-09-02 00:00:00+00:00,-0.000995164978395302,-0.0009952103237071963,0.5
2023-09-03 00:00:00+00:00,-0.0017637347616677457,-0.0017638152876208735,0.5
2023-09-04 00:00:00+00:00,0.002528396146088907,0.002528511992466398,0.5
2023-09-05 00:00:00+00:00,0.0006029322158798145,0.0006029597021065536,0.5
2023-09-06 00:00:00+00:00,0.0005498110407216039,0.0005498360750925135,0.5
2023-09-07 00:00:00+00:00,-0.008251248257927668,-0.008251623546691456,0.5
2023-09-08 00:00:00+00:00,0.004532065451444689,0.004532541371977228,0.5
2023-09-09 00:00:00+00:00,-1.6907385029407695e-05,-9.272089451561882e-06,0.5
2023-09-10 00:00:00+00:00,0.0012684720181260767,0.0012684078413301991,0.5
2023-09-11 00:00:00+00:00,0.013072589682563196,0.013071929964402096,0.5
2023-09-12 00:00:00+00:00,-0.013152451589811265,-0.013151558318870271,0.5
2023-09-13 00:00:00+00:00,-0.006969299861699529,-0.006969299861917078,0.5
2023-09-14 00:00:00+00:00,-0.001988469455641406,-0.0019946400517545926,0.5
2023-09-15 00:00:00+00:00,-0.0026763103791198617,-0.0026725659844542005,0.5
2023-09-16 00:00:00+00:00,-1.881010672089012e-05,-2.0813741860803425e-05,0.5
2023-09-17 00:00:00+00:00,8.45099288694362e-05,8.450975715346143e-05,0.5
2023-09-18 00:00:00+00:00,-0.0015922722128749456,-0.0015922722133472345,0.5
2023-09-19 00:00:00+00:00,0.000915810290859187,0.000915810290859187,0.5
2023-09-20 00:00:00+00:00,-0.001128796731389714,-0.0011302186602747955,0.5
2023-09-21 00:00:00+00:00,-0.007388643632854297,-0.0073990018777131406,0.5
2023-09-22 00:00:00+00:00,0.00010710579734640735,0.00010710238954225737,0.5
2023-09-23 00:00:00+00:00,-4.713986256493774e-05,-4.713836302866481e-05,0.5
2023-09-24 00:00:00+00:00,-0.0017352207765448102,-0.0017351807192825808,0.5
2023-09-25 00:00:00+00:00,-0.0008009984962711325,-0.0007905673447603512,0.5
2023-09-26 00:00:00+00:00,-0.0009683619216758754,-0.0009764408318473361,0.5
2023-09-27 00:00:00+00:00,-0.024726523211655138,-0.024745204527005182,0.5
2023-09-28 00:00:00+00:00,0.008598822412804186,0.008600738048983203,0.5
2023-09-29 00:00:00+00:00,-0.0019921658502085604,-0.001992163229331434,0.5
2023-09-30 00:00:00+00:00,0.0010956785277341785,0.0010956785311223571,0.5
2023-10-01 00:00:00+00:00,0.01913636112634476,0.01913636118539097,0.5
2023-10-02 00:00:00+00:00,-0.009029998918580973,-0.009029998945416506,0.5
2023-10-03 00:00:00+00:00,-0.0012357091810309973,-0.0012357091847708945,0.5
2023-10-04 00:00:00+00:00,0.0062994037457621,0.006299403764874256,0.5
2023-10-05 00:00:00+00:00,-0.006460756131447143,-0.0064607561508049915,0.5
2023-10-06 00:00:00+00:00,0.009469104675235651,0.009469104703978659,0.5
2023-10-07 00:00:00+00:00,0.0004430972670412814,0.0004430972683611145,0.5
2023-10-08 00:00:00+00:00,-0.0007804572153784495,-0.0007804572177015356,0.5
2023-10-09 00:00:00+00:00,-0.00586524472771377,-0.005865244745198395,0.5
2023-10-10 00:00:00+00:00,-0.003639570046524321,-0.0036395700575028167,0.5
2023-10-11 00:00:00+00:00,-0.00936574555586489,-0.009391502011428743,0.5
2023-10-12 00:00:00+00:00,-0.0006724518426292625,-0.0006515342645385114,0.5
2023-10-13 00:00:00+00:00,-0.00013107779914983686,-0.00013438848705099593,0.5
2023-10-14 00:00:00+00:00,-0.0012684238332217324,-0.0012680672728332953,0.5
2023-10-15 00:00:00+00:00,0.0008040416014443164,0.0008040415981601656,0.5
2023-10-16 00:00:00+00:00,0.016853156977352346,0.016853974186132326,0.5
2023-10-17 00:00:00+00:00,-0.0018304735324063404,-0.0018304730326950125,0.5
2023-10-18 00:00:00+00:00,-0.0013038719123451559,-0.0013038715550859337,0.5
2023-10-19 00:00:00+00:00,0.006953094422108119,0.006953092511988168,0.5
2023-10-20 00:00:00+00:00,0.016688421462405234,0.016688416940723427,0.5
2023-10-21 00:00:00+00:00,0.004045413556670097,0.004045412495979117,0.5
2023-10-22 00:00:00+00:00,0.0013994342093515133,0.0013994338453703348,0.5
2023-10-23 00:00:00+00:00,0.05150767867734751,0.0515076653180232,0.5
2023-10-24 00:00:00+00:00,0.012600069408611136,0.012600066445800362,0.5
2023-10-25 00:00:00+00:00,0.008269647332535768,0.00826964543578923,0.5
2023-10-26 00:00:00+00:00,-0.004993637024052866,-0.004993635897335147,0.5
2023-10-27 00:00:00+00:00,-0.0039750419740210985,-0.003975041068081719,0.5
2023-10-28 00:00:00+00:00,0.0027088753308914804,0.0027088747085727283,0.5
2023-10-29 00:00:00+00:00,0.006346484353629833,0.006346482903487938,0.5
2023-10-30 00:00:00+00:00,-0.0008003725878457657,-0.0008003724072565555,0.5
2023-10-31 00:00:00+00:00,0.0022870870905886687,0.0022870865737227852,0.5
2023-11-01 00:00:00+00:00,0.011225890146457695,0.01122588762103538,0.5
2023-11-02 00:00:00+00:00,-0.0071883751136258,-0.007188373532009407,0.5
2023-11-03 00:00:00+00:00,-0.0035920222619976183,-0.003592021460137651,0.5
2023-11-04 00:00:00+00:00,0.005191349590851546,0.005191348423582598,0.5
2023-11-05 00:00:00+00:00,-0.0007833208757572208,-0.0007833207014384391,0.5
2023-11-06 00:00:00+00:00,0.0003068151885650128,0.00030681512017971535,0.5
2023-11-07 00:00:00+00:00,0.004852634249881138,0.004852633168953013,0.5
2023-11-08 00:00:00+00:00,0.0029749384488410024,0.002974937792540655,0.5
2023-11-09 00:00:00+00:00,0.015211160406845337,0.015211157070962988,0.5
2023-11-10 00:00:00+00:00,0.00820509828357463,0.00820509653728263,0.5
2023-11-11 00:00:00+00:00,-0.002473447511318505,-0.0024734469933937464,0.5
2023-11-12 00:00:00+00:00,-0.001369785378411481,-0.0013697850901609465,0.5
2023-11-13 00:00:00+00:00,-0.008456321677757728,-0.008456319893363817,0.5
2023-11-14 00:00:00+00:00,-0.01304629000037777,-0.013046287200080442,0.5
2023-11-15 00:00:00+00:00,0.0328356247728715,0.03283561753610209,0.5
2023-11-16 00:00:00+00:00,-0.02293050434491478,-0.022930499602605958,0.5
2023-11-17 00:00:00+00:00,0.006066559460282228,0.006066558145338852,0.5
2023-11-18 00:00:00+00:00,-0.0007160315673284123,-0.0007160314139871837,0.5
2023-11-19 00:00:00+00:00,0.0108172012676786,0.01081719894780564,0.5
2023-11-20 00:00:00+00:00,0.0010181159195258305,0.0010181157058027912,0.5
2023-11-21 00:00:00+00:00,-0.023405899145504616,-0.023405894242122804,0.5
2023-11-22 00:00:00+00:00,0.020410917097639425,0.02039496038965738,0.5
2023-11-23 00:00:00+00:00,-0.0017417836940806786,-0.0017417837716805495,0.5
2023-11-24 00:00:00+00:00,0.005376072130699239,0.005376072371050866,0.5
2023-11-25 00:00:00+00:00,0.000650169620169283,0.0006501696489277231,0.5
2023-11-26 00:00:00+00:00,-0.004507295525971122,-0.004507295725079297,0.5
2023-11-27 00:00:00+00:00,-0.011483544522565947,-0.011533501563835424,0.5
2023-11-28 00:00:00+00:00,-0.005304844529485486,-0.005254422117237589,0.5
2023-11-29 00:00:00+00:00,0.00036046411586743154,0.00036046411586754257,0.5
2023-11-30 00:00:00+00:00,-0.003480342682131099,-0.0034803426821311545,0.5
2023-12-01 00:00:00+00:00,0.024723453506314663,0.02472345350631433,0.5
2023-12-02 00:00:00+00:00,0.019812477435730558,0.019812477435730336,0.5
2023-12-03 00:00:00+00:00,0.013529048351975215,0.013529048351975104,0.5
2023-12-04 00:00:00+00:00,0.05013198225077775,0.050131982250776974,0.5
2023-12-05 00:00:00+00:00,0.04952538673913298,0.04952538673913254,0.5
2023-12-06 00:00:00+00:00,-0.00727496057783511,-0.00727496057783511,0.5
2023-12-07 00:00:00+00:00,-0.011263700346195338,-0.011263700346195227,0.5
2023-12-08 00:00:00+00:00,0.0206161052069862,0.02061610520698609,0.5
2023-12-09 00:00:00+00:00,-0.011372178461015015,-0.011372178461015015,0.5
2023-12-10 00:00:00+00:00,0.0010822892251005634,0.0010822892251004523,0.5
2023-12-11 00:00:00+00:00,-0.034013018167404985,-0.03408698014075595,0.5
2023-12-12 00:00:00+00:00,0.002819696530406368,0.002819696530406257,0.5
2023-12-13 00:00:00+00:00,0.016294535342083027,0.016294535342082583,0.5
2023-12-14 00:00:00+00:00,0.0016954970244223988,0.0016954970244223988,0.5
2023-12-15 00:00:00+00:00,-0.012589692835010158,-0.012589692835009825,0.5
2023-12-16 00:00:00+00:00,0.003677451452310465,0.003677451452310465,0.5
2023-12-17 00:00:00+00:00,-0.010753579423422366,-0.010753579423422033,0.5
2023-12-18 00:00:00+00:00,0.015315497477547901,0.015315497477547568,0.5
2023-12-19 00:00:00+00:00,-0.004558306347662022,-0.004558306347661856,0.5
2023-12-20 00:00:00+00:00,0.016573213601916215,0.01657321360191588,0.5
2023-12-21 00:00:00+00:00,0.0017298754632434354,0.0017298754632433244,0.5
2023-12-22 00:00:00+00:00,0.000788058124316815,0.000788058124316926,0.5
2023-12-23 00:00:00+00:00,-0.004057120229689293,-0.004057120229689237,0.5
2023-12-24 00:00:00+00:00,-0.008414103708878184,-0.00838331118078306,0.5
2023-12-25 00:00:00+00:00,0.005406320137327003,0.005391150372894948,0.5
2023-12-26 00:00:00+00:00,-0.009620398472153513,-0.00966074764469016,0.5
2023-12-27 00:00:00+00:00,0.00553230061785015,0.005531959315623003,0.5
2023-12-28 00:00:00+00:00,-0.010833698988401919,-0.01090448761911944,0.5
2023-12-29 00:00:00+00:00,-0.007038825492856615,-0.007105697160355806,0.5
2023-12-30 00:00:00+00:00,0.0014994045448720739,0.0014987954567827755,0.5
2023-12-31 00:00:00+00:00,0.00016711350519260648,0.0001671134688098208,0.5
2024-01-01 00:00:00+00:00,0.012528551819110278,0.012574878552447433,0.5
2024-01-02 00:00:00+00:00,0.0039022413640534825,0.0038999411567270936,0.5
2024-01-03 00:00:00+00:00,-0.02669206601173757,-0.02669207017253128,0.5
2024-01-04 00:00:00+00:00,0.007863512682358631,0.007863368092442036,0.5
2024-01-05 00:00:00+00:00,0.0019350053202819018,0.001935005233675291,0.5
2024-01-06 00:00:00+00:00,-0.002287406036455275,-0.002287406036430961,0.5
2024-01-07 00:00:00+00:00,-0.0006034076677023381,-0.0006034076676959543,0.5
2024-01-08 00:00:00+00:00,0.034676002025165964,0.03467600202479726,0.5
2024-01-09 00:00:00+00:00,-0.009301961032644412,-0.00930196103255182,0.5
2024-01-10 00:00:00+00:00,0.00581180058536257,0.005811800585303284,0.5
2024-01-11 00:00:00+00:00,-0.003639833678329485,-0.0036398336782930696,0.5
2024-01-12 00:00:00+00:00,-0.036444597104305476,-0.036444597103993115,0.5
2024-01-13 00:00:00+00:00,0.0008660626260089677,0.0008092483269217521,0.5
2024-01-14 00:00:00+00:00,0.001744738631906828,0.0017591525561890808,0.5
2024-01-15 00:00:00+00:00,-0.0005362613016113293,-0.000522215306078655,0.5
2024-01-16 00:00:00+00:00,-0.001047134915057979,-0.001047149357728705,0.5
2024-01-17 00:00:00+00:00,0.0013283338126816036,0.001328333807994464,0.5
2024-01-18 00:00:00+00:00,0.011948489409918661,0.01194848940991955,0.5
2024-01-19 00:00:00+00:00,-0.004097968535268559,-0.004114262974578342,0.5
2024-01-20 00:00:00+00:00,7.75904648072645e-05,9.251140502986033e-05,0.5
2024-01-21 00:00:00+00:00,0.001431544277158081,0.0014315547812422391,0.5
2024-01-22 00:00:00+00:00,0.02682419018874338,0.02682418906519557,0.5
2024-01-23 00:00:00+00:00,-0.007429035053102773,-0.0074290348960626695,0.5
2024-01-24 00:00:00+00:00,-0.010388548230977401,-0.010338263467096487,0.5
2024-01-25 00:00:00+00:00,0.0015832193582251408,0.001583219287308646,0.5
2024-01-26 00:00:00+00:00,-0.021145953375907467,-0.021145952431716408,0.5
2024-01-27 00:00:00+00:00,-0.003411117065181768,-0.003411116906145706,0.5
2024-01-28 00:00:00+00:00,-0.004989368832095442,-0.0049581972688809706,0.5
2024-01-29 00:00:00+00:00,0.007037965001170987,0.007036974904207405,0.5
2024-01-30 00:00:00+00:00,-0.008647491829456733,-0.008633549982679956,0.5
2024-01-31 00:00:00+00:00,-0.01871244125094418,-0.018658265877235625,0.5
2024-02-01 00:00:00+00:00,-0.008250194811620704,-0.008292047811313485,0.5
2024-02-02 00:00:00+00:00,0.0003534688279213105,0.0003677659077302442,0.5
2024-02-03 00:00:00+00:00,-0.000995430696809907,-0.000995388056102331,0.5
2024-02-04 00:00:00+00:00,-0.0032679134254275932,-0.003305547597215519,0.5
2024-02-05 00:00:00+00:00,-0.003961293967981949,-0.003960917498277927,0.5
2024-02-06 00:00:00+00:00,-0.0032796840037597197,-0.003227297602752366,0.5
2024-02-07 00:00:00+00:00,0.0048995401545126605,0.004892014076609441,0.5
2024-02-08 00:00:00+00:00,0.00964951895161148,0.009663584869498365,0.5
2024-02-09 00:00:00+00:00,0.020289355536091125,0.020289356456621888,0.5
2024-02-10 00:00:00+00:00,0.006405459698102911,0.006405459977386285,0.5
2024-02-11 00:00:00+00:00,0.005833071042818383,0.0058330712939280716,0.5
2024-02-12 00:00:00+00:00,0.016845317014259065,0.01684531773107656,0.5
2024-02-13 00:00:00+00:00,-0.0026272679634535834,-0.00262726807160768,0.5
2024-02-14 00:00:00+00:00,0.021269683923089144,0.02126968480330249,0.5
2024-02-15 00:00:00+00:00,0.0005775118888819986,0.0005775119118063277,0.5
2024-02-16 00:00:00+00:00,0.002264642415364615,0.0022646425051555674,0.5
2024-02-17 00:00:00+00:00,-0.0046886920842563184,-0.004688692269320283,0.5
2024-02-18 00:00:00+00:00,0.00456842531181767,0.004568425493841621,0.5
2024-02-19 00:00:00+00:00,-0.0037629590773663457,-0.0037629592259398326,0.5
2024-02-20 00:00:00+00:00,0.004476358993476759,0.004476359171557642,0.5
2024-02-21 00:00:00+00:00,-0.0041841325117059625,-0.004184132676684826,0.5
2024-02-22 00:00:00+00:00,-0.005612011145210538,-0.005612011368357095,0.5
2024-02-23 00:00:00+00:00,-0.005502200990725181,-0.005502201211989022,0.5
2024-02-24 00:00:00+00:00,0.008069235141766051,0.00806923546987015,0.5
2024-02-25 00:00:00+00:00,0.0013775806746521013,0.0013775807297765619,0.5
2024-02-26 00:00:00+00:00,0.026310498734369414,0.026310499784300334,0.5
2024-02-27 00:00:00+00:00,0.022997789968023707,0.02299779083988185,0.5
2024-02-28 00:00:00+00:00,0.047235406393560275,0.047235408105535504,0.5
2024-02-29 00:00:00+00:00,-0.011382867088342019,-0.011382867465286495,0.5
2024-03-01 00:00:00+00:00,0.009296983326113506,0.009296983641156054,0.5
2024-03-02 00:00:00+00:00,-0.003904410284062909,-0.00390441041395434,0.5
2024-03-03 00:00:00+00:00,0.008619832608327771,0.00861983289734869,0.5
2024-03-04 00:00:00+00:00,0.040221555083171934,0.04022155640893543,0.5
2024-03-05 00:00:00+00:00,-0.03489062178170288,-0.03489062284612526,0.5
2024-03-06 00:00:00+00:00,0.0183864482958892,0.018386448898890406,0.5
2024-03-07 00:00:00+00:00,0.005069845043154886,0.005069845203527823,0.5
2024-03-08 00:00:00+00:00,0.00926609614345486,0.009266096433624194,0.5
2024-03-09 00:00:00+00:00,0.000954131113672485,0.000954131143007686,0.5
2024-03-10 00:00:00+00:00,0.00402591140071451,0.004025911524257131,0.5
2024-03-11 00:00:00+00:00,0.022416811494717304,0.022416812177124323,0.5
2024-03-12 00:00:00+00:00,-0.0053199447356913065,-0.005319944890690542,0.5
2024-03-13 00:00:00+00:00,0.010905453814842314,0.010905454135995307,0.5
2024-03-14 00:00:00+00:00,-0.01225053768765716,-0.012250538040720405,0.5
2024-03-15 00:00:00+00:00,-0.014037541340616355,-0.01403754175534272,0.5
2024-03-16 00:00:00+00:00,-0.031376095500805334,-0.031376096454560465,0.5
2024-03-17 00:00:00+00:00,0.024166969359172397,0.024166970142972977,0.5
2024-03-18 00:00:00+00:00,-0.006335860448775876,-0.006335860644790692,0.5
2024-03-19 00:00:00+00:00,-0.04113301203730907,-0.04113301312745116,0.5
2024-03-20 00:00:00+00:00,0.03806715552397344,0.03806715552470663,0.5
2024-03-21 00:00:00+00:00,-0.01882646023514073,-0.018826460235140396,0.5
2024-03-22 00:00:00+00:00,-0.010078155479240514,-0.010061234117988704,0.5
2024-03-23 00:00:00+00:00,0.0004565453106498696,0.00044223866042492066,0.5
2024-03-24 00:00:00+00:00,0.010780952575697667,0.010780490967593703,0.5
2024-03-25 00:00:00+00:00,0.011408656011395513,0.011440699131970544,0.5
2024-03-26 00:00:00+00:00,0.0005471016539634332,0.0005471017180737059,0.5
2024-03-27 00:00:00+00:00,-0.004160741736383811,-0.004160742223414671,0.5
2024-03-28 00:00:00+00:00,0.006275990435006817,0.006239537452760624,0.5
2024-03-29 00:00:00+00:00,-0.005005160188429947,-0.005004307145157982,0.5
2024-03-30 00:00:00+00:00,-0.0016491151262997827,-0.0016488312215618972,0.5
2024-03-31 00:00:00+00:00,0.008440958226826556,0.008439500259004196,0.5
2024-04-01 00:00:00+00:00,-0.015448597380237183,-0.01537748305336456,0.5
2024-04-02 00:00:00+00:00,-0.02428054491850079,-0.024302678773482855,0.5
2024-04-03 00:00:00+00:00,-0.0004923232142277634,-0.0004923348060803523,0.5
2024-04-04 00:00:00+00:00,-0.0029908972515187426,-0.002990963614110831,0.5
2024-04-05 00:00:00+00:00,-0.009466182727776273,-0.009437534262362324,0.5
2024-04-06 00:00:00+00:00,0.004214027776167306,0.004242491259941028,0.5
2024-04-07 00:00:00+00:00,0.0022913369786071724,0.002291174599200252,0.5
2024-04-08 00:00:00+00:00,0.01179204674228329,0.011791214891105462,0.5
2024-04-09 00:00:00+00:00,-0.017784946979258254,-0.017753526338445902,0.5
2024-04-10 00:00:00+00:00,0.010622460968773062,0.010620157328712132,0.5
2024-04-11 00:00:00+00:00,-0.004702630843446298,-0.004701632218488905,0.5
2024-04-12 00:00:00+00:00,-0.02548112480097936,-0.02545484706115514,0.5
2024-04-13 00:00:00+00:00,0.01013886347077364,0.010124759801211414,0.5
2024-04-14 00:00:00+00:00,-0.005183522528565521,-0.005183740323688679,0.5
2024-04-15 00:00:00+00:00,0.017159317753698833,0.01714375172413929,0.5
2024-04-16 00:00:00+00:00,-0.0026379227159458174,-0.0026379225974220155,0.5
2024-04-17 00:00:00+00:00,0.018553077177756894,0.018553076339732355,0.5
2024-04-18 00:00:00+00:00,-0.015504361243444287,-0.015504360568183495,0.5
2024-04-19 00:00:00+00:00,-0.0024630650688970968,-0.002463064958190375,0.5
2024-04-20 00:00:00+00:00,-0.008104878254480974,-0.008104877888390205,0.5
2024-04-21 00:00:00+00:00,-6.970703760805774e-05,-6.970703440761783e-05,0.5
2024-04-22 00:00:00+00:00,-0.01173116444900657,-0.011731164169711816,0.5
2024-04-23 00:00:00+00:00,0.002186204538448977,0.002186204538359604,0.5
2024-04-24 00:00:00+00:00,0.008191979967626994,0.008200328346607055,0.5
2024-04-25 00:00:00+00:00,-0.002326729158922791,-0.00233802609744882,0.5
2024-04-26 00:00:00+00:00,0.01136908253126212,0.011366815354546311,0.5
2024-04-27 00:00:00+00:00,0.005266215235613214,0.00526625941259018,0.5
2024-04-28 00:00:00+00:00,0.005132752563797194,0.005132795399148016,0.5
2024-04-29 00:00:00+00:00,-0.014475880471914004,-0.014475975087733295,0.5
2024-04-30 00:00:00+00:00,0.02463834595975445,0.024638763039228184,0.5
2024-05-01 00:00:00+00:00,0.01727060109437928,0.017270879722117827,0.5
2024-05-02 00:00:00+00:00,-0.005104495669490783,-0.00510457527107494,0.5
2024-05-03 00:00:00+00:00,-0.02726060308212297,-0.027261032579875943,0.5
2024-05-04 00:00:00+00:00,-0.007655738751777108,-0.007655870759227856,0.5
2024-05-05 00:00:00+00:00,-0.002182807638862194,-0.0021770231118521943,0.5
2024-05-06 00:00:00+00:00,0.0026939470506253116,0.0026709276007347293,0.5
2024-05-07 00:00:00+00:00,0.0043025155409465166,0.0043181484693406436,0.5
2024-05-08 00:00:00+00:00,0.00902172201122009,0.009021721649118963,0.5
2024-05-09 00:00:00+00:00,-0.01449933703043832,-0.014499336458798584,0.5
2024-05-10 00:00:00+00:00,0.012365218122125432,0.01235230693164302,0.5
2024-05-11 00:00:00+00:00,-0.00016643783053588157,-0.00016645055467240377,0.5
2024-05-12 00:00:00+00:00,-0.005224694615370118,-0.005225094175166867,0.5
2024-05-13 00:00:00+00:00,-0.01041430518245745,-0.010387876330348766,0.5
2024-05-14 00:00:00+00:00,0.009851182225983579,0.009851182181540907,0.5
2024-05-15 00:00:00+00:00,-0.015283775008397393,-0.015261446543773594,0.5
2024-05-16 00:00:00+00:00,-0.010054871344159555,-0.010054702207738908,0.5
2024-05-17 00:00:00+00:00,0.02082786516989177,0.02082754763330641,0.5
2024-05-18 00:00:00+00:00,-0.0012862535468846636,-0.00128623637028763,0.5
2024-05-19 00:00:00+00:00,-0.008399577340634568,-0.008399464984639005,0.5
2024-05-20 00:00:00+00:00,0.06758132788856464,0.06758041389380132,0.5
2024-05-21 00:00:00+00:00,-0.025403664531289727,-0.02545220826656569,0.5
2024-05-22 00:00:00+00:00,-0.006948225198512292,-0.006948225198512625,0.5
2024-05-23 00:00:00+00:00,-0.006526835605213888,-0.006540552285827006,0.5
2024-05-24 00:00:00+00:00,0.002947705170462167,0.002947492128632212,0.5
2024-05-25 00:00:00+00:00,0.005044017979892623,0.005058011025267151,0.5
2024-05-26 00:00:00+00:00,-0.005852343729874032,-0.005851764469320397,0.5
2024-05-27 00:00:00+00:00,0.00669347925170527,0.006692808890603752,0.5
2024-05-28 00:00:00+00:00,-0.007506720229520092,-0.007505978351715015,0.5
2024-05-29 00:00:00+00:00,-0.005676829863234978,-0.005676260280170431,0.5
2024-05-30 00:00:00+00:00,0.005146322076250431,0.00514579979229024,0.5
2024-05-31 00:00:00+00:00,-0.006223897384854515,-0.006223272175585992,0.5
2024-06-01 00:00:00+00:00,0.0014896503118405624,0.0014894987859996878,0.5
2024-06-02 00:00:00+00:00,-0.00010111737304302482,-0.00010110711802774341,0.5
2024-06-03 00:00:00+00:00,0.007559581745466448,0.007558814920703427,0.5
2024-06-04 00:00:00+00:00,0.01243372471390547,0.012432482251551358,0.5
2024-06-05 00:00:00+00:00,0.003733327946895626,0.0037329639384287017,0.5
2024-06-06 00:00:00+00:00,-0.0023022284285284522,-0.0023020056191900284,0.5
2024-06-07 00:00:00+00:00,-0.010453365588712737,-0.01045234923417615,0.5
2024-06-08 00:00:00+00:00,8.23487658321298e-05,6.776877096226208e-05,0.5
2024-06-09 00:00:00+00:00,0.002076395433876166,0.002090552919015942,0.5
2024-06-10 00:00:00+00:00,-0.0009284570618687815,-0.0009283646300063397,0.5
2024-06-11 00:00:00+00:00,-0.014589635619877861,-0.01463877391994528,0.5
2024-06-12 00:00:00+00:00,-0.011411954844801231,-0.011412108193881332,0.5
2024-06-13 00:00:00+00:00,-0.007225129901005101,-0.007224716657220631,0.5
2024-06-14 00:00:00+00:00,-0.0003109468164373408,-0.0003107895623809531,0.5
2024-06-15 00:00:00+00:00,-0.000496788717892549,-0.0004968099755423006,0.5
2024-06-16 00:00:00+00:00,-0.001354792826094131,-0.0013548508555030758,0.5
2024-06-17 00:00:00+00:00,0.0006511689423058797,0.0006511969094002978,0.5
2024-06-18 00:00:00+00:00,0.0030929085971569403,0.0030778055759954626,0.5
2024-06-19 00:00:00+00:00,0.0012633001763718843,0.0012633909102192087,0.5
2024-06-20 00:00:00+00:00,0.0005013745181186025,0.0005014104375160588,0.5
2024-06-21 00:00:00+00:00,0.004112043684898148,0.004112337984180869,0.5
2024-06-22 00:00:00+00:00,-0.0005514081033551332,-0.0005514472457421316,0.5
2024-06-23 00:00:00+00:00,0.005801165547322129,0.005801577804917635,0.5
2024-06-24 00:00:00+00:00,0.017454518359674487,0.0174419826246085,0.5
2024-06-25 00:00:00+00:00,-0.012152571792680256,-0.012153473771191858,0.5
2024-06-26 00:00:00+00:00,0.007818983584203854,0.0078195783761571,0.5
2024-06-27 00:00:00+00:00,-0.006608065236943794,-0.006608560173655742,0.5
2024-06-28 00:00:00+00:00,0.010588516457459507,0.010589320148000514,0.5
2024-06-29 00:00:00+00:00,-0.004360555126059318,-0.004360879237081172,0.5
2024-06-30 00:00:00+00:00,-0.014531671963525783,-0.014532761575910491,0.5
2024-07-01 00:00:00+00:00,-0.0005041987488541011,-0.00045430851510841475,0.5
2024-07-02 00:00:00+00:00,-0.001770652669242978,-0.0017693039817073264,0.5
2024-07-03 00:00:00+00:00,0.01621043235335562,0.016211669955361385,0.5
2024-07-04 00:00:00+00:00,0.02581626804444226,0.02581817711532508,0.5
2024-07-05 00:00:00+00:00,0.003498405351466838,0.003498651350346993,0.5
2024-07-06 00:00:00+00:00,-0.01228007517980545,-0.01228093268294711,0.5
2024-07-07 00:00:00+00:00,0.018873301997241576,0.01887465308280345,0.5
2024-07-08 00:00:00+00:00,-0.006369013203057605,-0.0063694525571350025,0.5
2024-07-09 00:00:00+00:00,-0.010163993014686235,-0.01016470320516727,0.5
2024-07-10 00:00:00+00:00,0.002588871089500233,0.0025890557358992927,0.5
2024-07-11 00:00:00+00:00,0.003184915234899721,0.003185141222844412,0.5
2024-07-12 00:00:00+00:00,-0.004232583386326705,-0.004232881811265132,0.5
2024-07-13 00:00:00+00:00,-0.01006590651897471,-0.010066622291078964,0.5
2024-07-14 00:00:00+00:00,-0.012585539533624013,-0.012586452861452602,0.5
2024-07-15 00:00:00+00:00,-0.010233333185811655,-0.010227444566568378,0.5
2024-07-16 00:00:00+00:00,-0.0021614247107100693,-0.002173941969026816,0.5
2024-07-17 00:00:00+00:00,-0.0031442439834515334,-0.0031442439834508673,0.5
2024-07-18 00:00:00+00:00,-0.0013862860844747193,-0.0013862860844742753,0.5
2024-07-19 00:00:00+00:00,0.008780357704003205,0.008786045700984069,0.5
2024-07-20 00:00:00+00:00,0.0025887518030511814,0.0025914110943642266,0.5
2024-07-21 00:00:00+00:00,0.005572494794178207,0.005572417884850633,0.5
2024-07-22 00:00:00+00:00,-0.003435657792576541,-0.003435610897648267,0.5
2024-07-23 00:00:00+00:00,-0.008461116642768718,-0.00846100035391495,0.5
2024-07-24 00:00:00+00:00,-0.0031650121930996145,-0.0031649679446743573,0.5
2024-07-25 00:00:00+00:00,0.002191463122130255,0.0021914322892290228,0.5
2024-07-26 00:00:00+00:00,0.01196286112935896,0.011967467896684347,0.5
2024-07-27 00:00:00+00:00,-0.0001832343649473267,-0.00018322827412164955,0.5
2024-07-28 00:00:00+00:00,0.0024179265939873185,0.0024178461911210647,0.5
2024-07-29 00:00:00+00:00,-0.010869897261903794,-0.010869537546689734,0.5
2024-07-30 00:00:00+00:00,-0.004502124243832228,-0.004501971945153005,0.5
2024-07-31 00:00:00+00:00,-0.011854764849097033,-0.011854360180337253,0.5
2024-08-01 00:00:00+00:00,-0.0032153524758802843,-0.0032295538655313094,0.5
2024-08-02 00:00:00+00:00,-0.018460286195118636,-0.01847367892633489,0.5
2024-08-03 00:00:00+00:00,0.0053074287799282915,0.005292790263759728,0.5
2024-08-04 00:00:00+00:00,0.014548633754444151,0.014548633512851294,0.5
2024-08-05 00:00:00+00:00,0.016616582103910593,0.016605641325922682,0.5
2024-08-06 00:00:00+00:00,-0.019359806705209148,-0.019360687640504748,0.5
2024-08-07 00:00:00+00:00,0.010069216032648098,0.01006978948011139,0.5
2024-08-08 00:00:00+00:00,-0.04514147108919425,-0.04513968319626416,0.5
2024-08-09 00:00:00+00:00,0.005308973541922168,0.005309018204436744,0.5
2024-08-10 00:00:00+00:00,-0.0005244865636516161,-0.0005244909296133748,0.5
2024-08-11 00:00:00+00:00,0.013468902463324772,0.01346901469968631,0.5
2024-08-12 00:00:00+00:00,-0.00373418416541349,-0.00373421446612765,0.5
2024-08-13 00:00:00+00:00,-0.007363410091168754,-0.007363470290517593,0.5
2024-08-14 00:00:00+00:00,0.004565281509071095,0.0045652420886692635,0.5
2024-08-15 00:00:00+00:00,0.001991034854853635,0.001980725814138662,0.5
2024-08-16 00:00:00+00:00,-0.008549112222712485,-0.008531963795861908,0.5
2024-08-17 00:00:00+00:00,-0.0038545574689356488,-0.003854242693620613,0.5
2024-08-18 00:00:00+00:00,0.0068649098103554795,0.0068643448451513045,0.5
2024-08-19 00:00:00+00:00,-0.006379484523830081,-0.006378966618101223,0.5
2024-08-20 00:00:00+00:00,0.0026445548297723276,0.0026443373624286393,0.5
2024-08-21 00:00:00+00:00,-0.01601700525906108,-0.016015650091082856,0.5
2024-08-22 00:00:00+00:00,-0.000486900118428335,-0.0004745365215202413,0.5
2024-08-23 00:00:00+00:00,-0.002733877487265557,-0.002738583100430403,0.5
2024-08-24 00:00:00+00:00,0.00031426466766026895,0.0003142646674534344,0.5
2024-08-25 00:00:00+00:00,0.00025458372872477764,0.000254583728557356,0.5
2024-08-26 00:00:00+00:00,-0.004664006422381517,-0.004664006419318911,0.5
2024-08-27 00:00:00+00:00,0.026381899359922967,0.026377923206978626,0.5
2024-08-28 00:00:00+00:00,0.0007343078331667474,0.0007479954201462524,0.5
2024-08-29 00:00:00+00:00,-0.020732992860564847,-0.02073068161852215,0.5
2024-08-30 00:00:00+00:00,0.0012298645098061112,0.0012312161437401103,0.5
2024-08-31 00:00:00+00:00,0.000945970218631853,0.000945970217163361,0.5
2024-09-01 00:00:00+00:00,0.005960481916487237,0.005966363536450969,0.5
2024-09-02 00:00:00+00:00,-0.010905946263764676,-0.010906340743209897,0.5
2024-09-03 00:00:00+00:00,0.014008672555266388,0.014001473631063521,0.5
2024-09-04 00:00:00+00:00,-0.00404724328280609,-0.004047489279401795,0.5
2024-09-05 00:00:00+00:00,0.014988203694665692,0.01498912213148107,0.5
2024-09-06 00:00:00+00:00,0.017879579461589024,0.017880643185558598,0.5
2024-09-07 00:00:00+00:00,-0.0016764615801358462,-0.0016765578755436605,0.5
2024-09-08 00:00:00+00:00,-0.008143554715490164,-0.008132834410772227,0.5
2024-09-09 00:00:00+00:00,-0.021670302302247757,-0.021669186794335493,0.5
2024-09-10 00:00:00+00:00,0.0006910640233537269,0.0006850387910413702,0.5
2024-09-11 00:00:00+00:00,-0.01816200052709732,-0.018162113524887336,0.5
2024-09-12 00:00:00+00:00,-0.007057450540761456,-0.0070574506357583555,0.5
2024-09-13 00:00:00+00:00,-0.013534393222513874,-0.01354584450413221,0.5
2024-09-14 00:00:00+00:00,-0.0014708665337327953,-0.0014663028414773072,0.5
2024-09-15 00:00:00+00:00,-0.008250947626589122,-0.008251024210710056,0.5
2024-09-16 00:00:00+00:00,-0.0034252282544684487,-0.0034385500142587455,0.5
2024-09-17 00:00:00+00:00,-0.008370532909204476,-0.008355761452037425,0.5
2024-09-18 00:00:00+00:00,0.008560139325824223,0.008559810242111832,0.5
2024-09-19 00:00:00+00:00,0.006879482711811713,0.006879222690283626,0.5
2024-09-20 00:00:00+00:00,0.0013774906044936586,0.0013774392465432106,0.5
2024-09-21 00:00:00+00:00,0.0011871711703217436,0.0011871860915761978,0.5
2024-09-22 00:00:00+00:00,0.0017735603254416255,0.0017735603683840528,0.5
2024-09-23 00:00:00+00:00,-0.002084248866480898,-0.002084248916767173,0.5
2024-09-24 00:00:00+00:00,0.007413183378554455,0.007413183558160341,0.5
2024-09-25 00:00:00+00:00,-0.00877813224750279,-0.00877813245707132,0.5
2024-09-26 00:00:00+00:00,0.01592873260210359,0.01592873298918096,0.5
2024-09-27 00:00:00+00:00,0.00459428218624891,0.004594282294445806,0.5
2024-09-28 00:00:00+00:00,0.00047980741542197336,0.00047980742661846154,0.5
2024-09-29 00:00:00+00:00,-0.001991099115624062,-0.001991099162043486,0.5
2024-09-30 00:00:00+00:00,-0.008189664815624942,-0.008189665221801257,0.5
2024-10-01 00:00:00+00:00,-0.0007903732562108967,-0.0007903737455994819,0.5
2024-10-02 00:00:00+00:00,-0.006237834999352543,-0.006247530025008219,0.5
2024-10-03 00:00:00+00:00,-0.0003946103707719306,-0.00038211816730759907,0.5
2024-10-04 00:00:00+00:00,-0.003147132348634729,-0.0031469021321733903,0.5
2024-10-05 00:00:00+00:00,-0.0021020153084317927,-0.0021020124278405272,0.5
2024-10-06 00:00:00+00:00,0.0016945452517089787,0.001711530535249084,0.5
2024-10-07 00:00:00+00:00,-0.013125796979805315,-0.013122571784328407,0.5
2024-10-08 00:00:00+00:00,-0.0012794815903218182,-0.001298759851318998,0.5
2024-10-09 00:00:00+00:00,-0.0016195324261799593,-0.0016193904590889319,0.5
2024-10-10 00:00:00+00:00,0.0007014802961110567,0.0007014803113928325,0.5
2024-10-11 00:00:00+00:00,-0.00703195465736095,-0.007031786351963998,0.5
2024-10-12 00:00:00+00:00,0.0026319753879423535,0.0026254274008470357,0.5
2024-10-13 00:00:00+00:00,-0.002393533679387938,-0.002393533702822137,0.5
2024-10-14 00:00:00+00:00,0.02803073435105352,0.028030734351079056,0.5
2024-10-15 00:00:00+00:00,0.012588881065467517,0.012588881065467739,0.5
2024-10-16 00:00:00+00:00,0.007906005525031401,0.007906005525031068,0.5
2024-10-17 00:00:00+00:00,-0.0031198572049135898,-0.0031198572049135342,0.5
2024-10-18 00:00:00+00:00,0.014640867651045664,0.014640867651045775,0.5
2024-10-19 00:00:00+00:00,-0.0010420110897974566,-0.0010420110897972346,0.5
2024-10-20 00:00:00+00:00,0.009413032936265942,0.009413032936266053,0.5
2024-10-21 00:00:00+00:00,-0.022524751982265723,-0.022573714794713484,0.5
2024-10-22 00:00:00+00:00,2.2003131044945334e-07,2.071131980363461e-07,0.5
2024-10-23 00:00:00+00:00,-6.861391114498794e-06,-6.282472759133739e-06,0.5
2024-10-24 00:00:00+00:00,0.004533099744202351,0.004581361479659152,0.5
2024-10-25 00:00:00+00:00,-0.011263720502409591,-0.011263720502409702,0.5
2024-10-26 00:00:00+00:00,0.002965404261184079,0.002965404261183857,0.5
2024-10-27 00:00:00+00:00,0.006738450579270139,0.006738450579269806,0.5
2024-10-28 00:00:00+00:00,0.014231095208963374,0.014231095208963263,0.5
2024-10-29 00:00:00+00:00,0.019938637436984652,0.019938637436984763,0.5
2024-10-30 00:00:00+00:00,-0.0028449028104974294,-0.002844902810497374,0.5
2024-10-31 00:00:00+00:00,-0.01421997040702544,-0.014219970407025717,0.5
2024-11-01 00:00:00+00:00,-0.006053414508812471,-0.006053414508812582,0.5
2024-11-02 00:00:00+00:00,-0.0010831288735762001,-0.0010831288735761446,0.5
2024-11-03 00:00:00+00:00,-0.004527481776645248,-0.004527481776645026,0.5
2024-11-04 00:00:00+00:00,-0.006939364466047204,-0.006939364466047093,0.5
2024-11-05 00:00:00+00:00,0.008783193396410538,0.008767919698249416,0.5
2024-11-06 00:00:00+00:00,0.04475135101165639,0.04475135304852329,0.5
2024-11-07 00:00:00+00:00,0.0017002682960514104,0.0017002683670819252,0.5
2024-11-08 00:00:00+00:00,0.0039579839497816405,0.00395798411457049,0.5
2024-11-09 00:00:00+00:00,0.0011124971688444285,0.001112497214798891,0.5
2024-11-10 00:00:00+00:00,0.024136423148590325,0.024136424143393787,0.5
2024-11-11 00:00:00+00:00,0.051539445149045626,0.05153944717546677,0.5
2024-11-12 00:00:00+00:00,-0.004930819229444661,-0.004930819405197517,0.5
2024-11-13 00:00:00+00:00,0.013694540263743504,0.013694540756729934,0.5
2024-11-14 00:00:00+00:00,-0.016975543896362633,-0.01697554449116978,0.5
2024-11-15 00:00:00+00:00,0.02106157886318938,0.021061579627102756,0.5
2024-11-16 00:00:00+00:00,-0.0025451654318601746,-0.0025451655204432044,0.5
2024-11-17 00:00:00+00:00,-0.00430308292598619,-0.00430308307651861,0.5
2024-11-18 00:00:00+00:00,0.0030491740714467808,0.0030491741790404925,0.5
2024-11-19 00:00:00+00:00,0.009806682950570522,0.009806683294513396,0.5
2024-11-20 00:00:00+00:00,0.010487203821276547,0.010487204182011545,0.5
2024-11-21 00:00:00+00:00,0.021620769622650915,0.02162077035107579,0.5
2024-11-22 00:00:00+00:00,0.0026863592581823914,0.002686359344937106,0.5
2024-11-23 00:00:00+00:00,-0.0062375566912817315,-0.006237556891643958,0.5
2024-11-24 00:00:00+00:00,0.0009634416649707545,0.0009634416963093528,0.5
2024-11-25 00:00:00+00:00,-0.0254692518669144,-0.025469252693777977,0.5
2024-11-26 00:00:00+00:00,-0.006001929303383613,-0.006001929508695492,0.5
2024-11-27 00:00:00+00:00,0.02101093147616795,0.021010932203634813,0.5
2024-11-28 00:00:00+00:00,-0.0012916171772911489,-0.0012916172202077636,0.5
2024-11-29 00:00:00+00:00,0.009340047458794576,0.009340047769940352,0.5
2024-11-30 00:00:00+00:00,-0.005586074044383049,-0.005586074227059923,0.5
2024-12-01 00:00:00+00:00,0.003909555421546362,0.003909555550841826,0.5
2024-12-02 00:00:00+00:00,-0.007467797558687539,-0.007467797803743903,0.5
2024-12-03 00:00:00+00:00,-0.00013054005189022666,-0.0001305400562386927,0.5
2024-12-04 00:00:00+00:00,0.014167599230269001,0.01416759970235204,0.5
2024-12-05 00:00:00+00:00,-0.009331024901440776,-0.009331025203795529,0.5
2024-12-06 00:00:00+00:00,0.01447699170596728,0.014476992183988568,0.5
2024-12-07 00:00:00+00:00,0.00019537186678153518,0.00019537187305107562,0.5
2024-12-08 00:00:00+00:00,0.006352139357555409,0.006352139561317638,0.5
2024-12-09 00:00:00+00:00,-0.020105740476449807,-0.020105741149434864,0.5
2024-12-10 00:00:00+00:00,-0.00431547481513761,-0.0043296024916130715,0.5
2024-12-11 00:00:00+00:00,0.017388271743917882,0.01741593976625544,0.5
2024-12-12 00:00:00+00:00,-0.005754038246844062,-0.005753466982747812,0.5
2024-12-13 00:00:00+00:00,0.006803198813720823,0.006802515525835218,0.5
2024-12-14 00:00:00+00:00,-8.92725449304077e-05,-8.926369907746867e-05,0.5
2024-12-15 00:00:00+00:00,0.015063774075128156,0.015062281166821623,0.5
2024-12-16 00:00:00+00:00,0.014218256580525224,0.014267499317437204,0.5
2024-12-17 00:00:00+00:00,0.00020523163393082466,0.0002052117935199549,0.5
2024-12-18 00:00:00+00:00,-0.038954668720425134,-0.03895093518121595,0.5
2024-12-19 00:00:00+00:00,-0.01489638053618847,-0.014894807192644466,0.5
2024-12-20 00:00:00+00:00,-0.013455629048021056,-0.013441360978605654,0.5
2024-12-21 00:00:00+00:00,-0.0038417280171721413,-0.0038399945638777355,0.5
2024-12-22 00:00:00+00:00,-0.0029218944987454143,-0.0029496173416158067,0.5
2024-12-23 00:00:00+00:00,0.0008849394181575931,0.0008706737293352473,0.5
2024-12-24 00:00:00+00:00,-0.015878157399211057,-0.01584788954797456,0.5
2024-12-25 00:00:00+00:00,-6.335356193887254e-05,-2.0140780193245167e-05,0.5
2024-12-26 00:00:00+00:00,-0.0007539141023967799,-0.0007504878453118424,0.5
2024-12-27 00:00:00+00:00,0.005641593342924245,0.0056415933429272425,0.5
2024-12-28 00:00:00+00:00,-0.0035904256036362603,-0.0035904256036381477,0.5
2024-12-29 00:00:00+00:00,0.004639429171095721,0.0046529155051142634,0.5
2024-12-30 00:00:00+00:00,-0.001913056946929892,-0.001962922413564605,0.5
2024-12-31 00:00:00+00:00,-0.01922585975531227,-0.019242449306326403,0.5
