time,strategy_usdt_nav,gbp_translated_nav,usd_reference_nav,lagged_reference_daily_accrual,usd_per_gbp,excess_daily_return
2022-01-01 00:00:00+00:00,499.38734678158,369.9165531715407,500.00082135523616,1.6427104722792607e-06,1.35,-0.001226949147312325
2022-01-02 00:00:00+00:00,499.3713726531449,369.904720483811,500.00164271182155,1.6427104722792607e-06,1.35,-3.363016177245426e-05
2022-01-03 00:00:00+00:00,499.39406072294406,370.77293096959244,500.00246406975623,1.6427104722792607e-06,1.3469,4.379055030638079e-05
2022-01-04 00:00:00+00:00,499.4360457769441,368.7507721330066,500.00355921546816,2.1902806297056813e-06,1.3544,8.188171241579239e-05
2022-01-05 00:00:00+00:00,499.5501005818464,368.0469318366215,500.00465436357865,2.1902806297056813e-06,1.3573,0.00022617690645381676
2022-01-06 00:00:00+00:00,499.5680584765707,368.9844585837733,500.00588640790147,2.464065708418891e-06,1.3539,3.348406983077995e-05
2022-01-07 00:00:00+00:00,499.6247186204812,367.8309052642871,500.00725534941114,2.7378507871321015e-06,1.3583,0.00011068041715273666
2022-01-08 00:00:00+00:00,499.6774878077966,367.86975469910664,500.00862429466883,2.7378507871321015e-06,1.3583,0.0001028797965164143
2022-01-09 00:00:00+00:00,499.72291486028337,367.9031987486442,500.00999324367444,2.7378507871321015e-06,1.3583,8.817489512431018e-05
2022-01-10 00:00:00+00:00,499.6271854137589,368.26651832664476,500.0113621964281,2.7378507871321015e-06,1.3567,-0.0001943029034948083
2022-01-11 00:00:00+00:00,499.7263905018146,366.8524376022717,500.0131418398801,3.5592060232717316e-06,1.3622,0.00019499902089445046
2022-01-12 00:00:00+00:00,499.66213434360594,364.77013749715724,500.01464769739147,3.0116358658453114e-06,1.3698,-0.00013159431516789256
2022-01-13 00:00:00+00:00,499.623162664161,364.05068687274917,500.0162904559876,3.2854209445585213e-06,1.3724,-8.128148421674841e-05
2022-01-14 00:00:00+00:00,499.7164964469509,365.5570566546824,500.0179332199809,3.2854209445585213e-06,1.367,0.00018352293736330762
2022-01-15 00:00:00+00:00,499.78592966811897,365.607849062267,500.01971288682057,3.5592060232717316e-06,1.367,0.0001353860192429798
2022-01-16 00:00:00+00:00,499.7820200753008,365.6049890821513,500.0214925599944,3.5592060232717316e-06,1.367,-1.1381740804870287e-05
2022-01-17 00:00:00+00:00,499.73592501899554,365.5712692165293,500.0232722395025,3.5592060232717316e-06,1.367,-9.578952735081834e-05
2022-01-18 00:00:00+00:00,499.77584653695385,367.8067754908403,500.0250519253449,3.5592060232717316e-06,1.3588,7.632602127302292e-05
2022-01-19 00:00:00+00:00,499.823667466062,366.84305869068766,500.027242315716,4.380561259411363e-06,1.3625,9.130419309487466e-05
2022-01-20 00:00:00+00:00,499.92455180034887,366.4598679081871,500.02956961568026,4.654346338124573e-06,1.3642,0.00019718550410029878
2022-01-21 00:00:00+00:00,499.851358638874,368.5675848981522,500.0318969264765,4.654346338124573e-06,1.3562,-0.00015106276179056155
2022-01-22 00:00:00+00:00,499.9443780489616,368.6361731669087,500.034224248105,4.654346338124573e-06,1.3562,0.00018143979641038066
2022-01-23 00:00:00+00:00,499.9302139215846,368.62572918565445,500.03655158056546,4.654346338124573e-06,1.3562,-3.2985752788323956e-05
2022-01-24 00:00:00+00:00,499.9118711662364,371.76461007379817,500.03887892385825,4.654346338124573e-06,1.3447,-4.134497802511096e-05
2022-01-25 00:00:00+00:00,499.95829640967816,370.47669241176595,500.0414800843509,5.201916495550993e-06,1.3495,8.766493888324159e-05
2022-01-26 00:00:00+00:00,499.91792125742495,369.8712054286956,500.0440812583746,5.201916495550993e-06,1.3516,-8.595895671902907e-05
2022-01-27 00:00:00+00:00,499.8817088736376,373.4641082358144,500.04668244592943,5.201916495550993e-06,1.3385,-7.763857509001679e-05
2022-01-28 00:00:00+00:00,499.7937603169065,372.50783358195315,500.0494205523357,5.475701574264203e-06,1.3417,-0.00018141443901930026
2022-01-29 00:00:00+00:00,499.8536825906388,372.5524950366243,500.05202176766505,5.201916495550993e-06,1.3417,0.00011469208477077866
2022-01-30 00:00:00+00:00,499.86292203577113,372.5593814084901,500.0546229965257,5.201916495550993e-06,1.3417,1.328238291864994e-05
2022-01-31 00:00:00+00:00,499.8204507968954,371.917888828704,500.05722423891774,5.201916495550993e-06,1.3439,-9.016768811708784e-05
2022-02-01 00:00:00+00:00,499.8189288140876,370.09916979939845,500.0602362194607,6.023271731690623e-06,1.3505,-9.068330823123888e-06
2022-02-02 00:00:00+00:00,499.87865575926384,368.50619665260876,500.0628374910523,5.201916495550993e-06,1.3565,0.00011429524884377076
2022-02-03 00:00:00+00:00,499.69113981833385,367.3659313471062,500.0654387761755,5.201916495550993e-06,1.3602,-0.0003803248363672908
2022-02-04 00:00:00+00:00,499.7431372330424,369.00475318101036,500.06817698528585,5.475701574264203e-06,1.3543,9.858340727321206e-05
2022-02-05 00:00:00+00:00,499.7699077980152,369.024520267308,500.07132594300543,6.297056810403833e-06,1.3543,4.727159271825309e-05
2022-02-06 00:00:00+00:00,499.877975359357,369.104316148089,500.0744749205541,6.297056810403833e-06,1.3543,0.00020993757367773966
2022-02-07 00:00:00+00:00,499.8977011162027,369.3916360867529,500.0776239179322,6.297056810403833e-06,1.3533,3.31640873450244e-05
2022-02-08 00:00:00+00:00,499.8973031487702,368.87345273669587,500.0813205903062,7.392197125256674e-06,1.3552,-8.188294870094027e-06
2022-02-09 00:00:00+00:00,499.9886996719809,369.26787272672146,500.08474346039924,6.844626967830253e-06,1.354,0.00017598597170702436
2022-02-10 00:00:00+00:00,499.9205131356983,366.6181527835863,500.08830326966137,7.118412046543463e-06,1.3636,-0.00014349456680235636
2022-02-11 00:00:00+00:00,499.86346160823166,367.51963944432885,500.0937799382803,1.0951403148528406e-05,1.3601,-0.00012507260035396963
2022-02-12 00:00:00+00:00,499.9640418439107,367.5935900624297,500.0987089940169,9.856262833675565e-06,1.3601,0.0001913591557838308
2022-02-13 00:00:00+00:00,499.9514506428714,367.584332507074,500.10363809833547,9.856262833675565e-06,1.3601,-3.504047606806159e-05
2022-02-14 00:00:00+00:00,499.9994880475603,369.9315537493048,500.10856725123665,9.856262833675565e-06,1.3516,8.622787619039075e-05
2022-02-15 00:00:00+00:00,499.9836288580764,369.29140177123594,500.114454908565,1.1772758384668036e-05,1.3539,-4.3491169829116015e-05
2022-02-16 00:00:00+00:00,500.048951613023,368.08903320796685,500.11993186358103,1.0951403148528406e-05,1.3585,0.00011969838451710921
2022-02-17 00:00:00+00:00,500.1086079411811,367.07913090221746,500.12513502782775,1.0403832991101985e-05,1.3624,0.0001088971433747084
2022-02-18 00:00:00+00:00,500.04865365630326,368.0888138802379,500.13006439260835,9.856262833675565e-06,1.3585,-0.0001297387922000197
2022-02-19 00:00:00+00:00,500.107497900529,368.1321294814347,500.134856877825,9.582477754962354e-06,1.3585,0.0001080945598602646
2022-02-20 00:00:00+00:00,500.12627050911385,368.1459481112358,500.1396494089656,9.582477754962354e-06,1.3585,2.7954669085886837e-05
2022-02-21 00:00:00+00:00,500.0879296458978,368.11772517180555,500.1444419860305,9.582477754962354e-06,1.3585,-8.62448437950546e-05
2022-02-22 00:00:00+00:00,500.1034440600434,367.8042539236916,500.14923460902014,9.582477754962354e-06,1.3597,2.1440894787941974e-05
2022-02-23 00:00:00+00:00,500.1616798676958,368.9868534619667,500.15430114473,1.0130047912388776e-05,1.3555,0.00010631747578327314
2022-02-24 00:00:00+00:00,500.1036997186278,374.3291165558591,500.1589569274101,9.308692676249146e-06,1.336,-0.0001252315060419478
2022-02-25 00:00:00+00:00,500.1136383263432,373.024269654914,500.1633388813106,8.761122518822725e-06,1.3407,1.11119712435676e-05
2022-02-26 00:00:00+00:00,500.1948678696178,373.08485706691863,500.16785781086116,9.034907597535935e-06,1.3407,0.0001533872641839929
2022-02-27 00:00:00+00:00,500.27654139911226,373.14577563892914,500.17237678123985,9.034907597535935e-06,1.3407,0.00015424851400634105
2022-02-28 00:00:00+00:00,500.1655815677145,372.72939978218534,500.17689579244694,9.034907597535935e-06,1.3419,-0.00023083189829278033
2022-03-01 00:00:00+00:00,500.2351923155266,375.6083438320518,500.18168872642445,9.582477754962354e-06,1.3318,0.00012959292810542987
2022-03-02 00:00:00+00:00,500.2513707816391,374.29956661551745,500.18607087948095,8.761122518822725e-06,1.3365,2.3580596658386348e-05
2022-03-03 00:00:00+00:00,500.3230958543229,375.44881874104976,500.19072695789566,9.308692676249146e-06,1.3326,0.0001340693705797897
2022-03-04 00:00:00+00:00,500.4069912872865,378.6945597754552,500.19593085868263,1.0403832991101985e-05,1.3214,0.0001572786778878506
2022-03-05 00:00:00+00:00,500.4133126827633,378.6993436376293,500.20058702888093,9.308692676249146e-06,1.3214,3.323815635822376e-06
2022-03-06 00:00:00+00:00,500.3841763112262,378.67729401485263,500.2052432424221,9.308692676249146e-06,1.3214,-6.753330580834541e-05
2022-03-07 00:00:00+00:00,500.4117853922924,381.5568321710197,500.2098994993065,9.308692676249146e-06,1.3115,4.5867075010294715e-05
2022-03-08 00:00:00+00:00,500.4312015703374,381.9793920848312,500.21510359956136,1.0403832991101985e-05,1.3101,2.8396568221966282e-05
2022-03-09 00:00:00+00:00,500.4295991058311,380.265652815981,500.2200338510958,9.856262833675565e-06,1.316,-1.3058430287095511e-05
2022-03-10 00:00:00+00:00,500.5027223326258,381.8299682122565,500.22523805678674,1.0403832991101985e-05,1.3108,0.0001357170737765863
2022-03-11 00:00:00+00:00,500.45325227226186,383.1074426029716,500.2305792708276,1.0677618069815195e-05,1.3063,-0.00010951835990112273
2022-03-12 00:00:00+00:00,500.5395036839574,383.1734698644702,500.23605749756837,1.0951403148528406e-05,1.3063,0.00016139518727500488
2022-03-13 00:00:00+00:00,500.5769151278113,383.20210910802365,500.24153578430355,1.0951403148528406e-05,1.3063,6.379083713128417e-05
2022-03-14 00:00:00+00:00,500.5280790658032,383.72284503664764,500.24701413103355,1.0951403148528406e-05,1.3044,-0.00010851095999628782
2022-03-15 00:00:00+00:00,500.5143593194651,383.09556779140075,500.25317733859987,1.2320328542094457e-05,1.3065,-3.973087135062029e-05
2022-03-16 00:00:00+00:00,500.5449743877031,382.21210628260775,500.2594775839545,1.2594113620807666e-05,1.3096,4.857309900347249e-05
2022-03-17 00:00:00+00:00,500.6363937192917,380.45170128375383,500.2655039814942,1.2046543463381246e-05,1.3159,0.000170593051910298
2022-03-18 00:00:00+00:00,500.6344454584449,380.161322392319,500.2709825907096,1.0951403148528406e-05,1.3169,-1.4842971702599207e-05
2022-03-19 00:00:00+00:00,500.7107424240408,380.21925918751674,500.2767351933841,1.1498973305954825e-05,1.3169,0.00014090157821037476
2022-03-20 00:00:00+00:00,500.7443860701907,380.2448067964088,500.28248786220774,1.1498973305954825e-05,1.3169,5.569280689646984e-05
2022-03-21 00:00:00+00:00,500.8059662608133,379.36971915825563,500.28824059718113,1.1498973305954825e-05,1.3201,0.0001114783227669577
2022-03-22 00:00:00+00:00,500.80912379127136,377.74107994514355,500.2956370557691,1.4784394250513347e-05,1.3258,-8.479496404259027e-06
2022-03-23 00:00:00+00:00,500.8841294185517,379.1130255968451,500.30262270326796,1.3963039014373717e-05,1.3212,0.0001358058523998966
2022-03-24 00:00:00+00:00,500.8987190145053,379.9580664602179,500.3094714729148,1.3689253935660506e-05,1.3183,1.5438432682119805e-05
2022-03-25 00:00:00+00:00,500.9438574207164,379.7042806190529,500.31659429085227,1.4236824093086927e-05,1.3193,7.587801249485314e-05
2022-03-26 00:00:00+00:00,501.0166281748848,379.75943922904935,500.32412814785056,1.5058179329226558e-05,1.3193,0.00013020910579731142
2022-03-27 00:00:00+00:00,500.9576047864474,379.71470081592315,500.33166211829496,1.5058179329226558e-05,1.3193,-0.00013286542387591256
2022-03-28 00:00:00+00:00,501.0368276585765,382.73380769885915,500.3391962021873,1.5058179329226558e-05,1.3091,0.00014308468819513136
2022-03-29 00:00:00+00:00,501.096935526844,381.7881413537859,500.347278341154,1.6153319644079396e-05,1.3125,0.00010381364675307647
2022-03-30 00:00:00+00:00,501.1346742014002,381.1199895059702,500.3548126601981,1.5058179329226558e-05,1.3149,6.025394469433668e-05
2022-03-31 00:00:00+00:00,501.1985937431477,381.08165582660257,500.36234709269536,1.5058179329226558e-05,1.3152,0.00011249144961911587
2022-04-01 00:00:00+00:00,501.2563261315274,382.22992689608617,500.3694706634138,1.4236824093086927e-05,1.3114,0.00010095182388090916
2022-04-02 00:00:00+00:00,501.35081749694,382.30198070530736,500.3767313292441,1.4510609171800138e-05,1.3114,0.000173998463904415
2022-04-03 00:00:00+00:00,501.3563838977059,382.3062253299572,500.38399210043104,1.4510609171800138e-05,1.3114,-3.407803368835172e-06
2022-04-04 00:00:00+00:00,501.3971978184068,382.2790468270866,500.39125297697626,1.4510609171800138e-05,1.3116,6.689639393363799e-05
2022-04-05 00:00:00+00:00,501.5116593131588,382.80410603248515,500.4002949544428,1.806981519507187e-05,1.3101,0.00021021525550342547
2022-04-06 00:00:00+00:00,501.5151612081237,383.36275891157595,500.40920009316216,1.779603011635866e-05,1.3082,-1.0813351050288797e-05
2022-04-07 00:00:00+00:00,501.56465774169607,384.04644543774583,500.41837939950204,1.834360027378508e-05,1.306,8.035039225314749e-05
2022-04-08 00:00:00+00:00,501.4880310853171,384.81279242274184,500.42769588130875,1.8617385352498292e-05,1.3032,-0.00017139261621493246
2022-04-09 00:00:00+00:00,501.5463959604834,384.85757823855386,500.4372865558362,1.9164955509924707e-05,1.3032,9.721843062980428e-05
2022-04-10 00:00:00+00:00,501.6379017530685,384.92779446981933,500.4468774141685,1.9164955509924707e-05,1.3032,0.00016328235808281264
2022-04-11 00:00:00+00:00,501.6588364088734,384.91432241914634,500.4564684563092,1.9164955509924707e-05,1.3033,2.2567648290101817e-05
2022-04-12 00:00:00+00:00,501.6270170454394,384.94898092659,500.467018804857,2.108145106091718e-05,1.3031,-8.450974360693663e-05
2022-04-13 00:00:00+00:00,501.5938900022457,383.716256121669,500.47715831461517,2.0260095824777552e-05,1.3072,-8.629928842806195e-05
2022-04-14 00:00:00+00:00,501.6092004510603,384.3159672472114,500.48743505297887,2.0533880903490758e-05,1.3052,9.989714219520191e-06
2022-04-15 00:00:00+00:00,501.5821641388271,383.88348701884826,500.49826010633114,2.1629021218343603e-05,1.3066,-7.552817659446838e-05
2022-04-16 00:00:00+00:00,501.5178060554311,383.8342308705274,500.5090853938187,2.1629021218343603e-05,1.3066,-0.00014993917257018392
2022-04-17 00:00:00+00:00,501.5388638568268,383.8503473571306,500.5199109154466,2.1629021218343603e-05,1.3066,2.0359121857422657e-05
2022-04-18 00:00:00+00:00,501.4606674385252,385.17602537716044,500.5307366712199,2.1629021218343603e-05,1.3019,-0.00017754200012550143
2022-04-19 00:00:00+00:00,501.4914316124535,385.4957580232558,500.54183673683804,2.2176591375770025e-05,1.3009,3.91725351377957e-05
2022-04-20 00:00:00+00:00,501.6070200841669,384.2259824467,500.5529370486178,2.2176591375770025e-05,1.3055,0.000208312833621601
2022-04-21 00:00:00+00:00,501.5353787512168,384.5540398337807,500.56417465049,2.2450376454483228e-05,1.3042,-0.00016527400148685657
2022-04-22 00:00:00+00:00,501.4364935404584,390.2836967157989,500.5755495516524,2.272416153319644e-05,1.2848,-0.00021988913722164282
2022-04-23 00:00:00+00:00,501.4698916346929,390.309691496492,500.58692471129996,2.272416153319644e-05,1.2848,4.3880672109206553e-05
2022-04-24 00:00:00+00:00,501.4438074081704,390.2893893276545,500.5983001294385,2.272416153319644e-05,1.2848,-7.473970016796071e-05
2022-04-25 00:00:00+00:00,501.3266969844536,394.80760512242364,500.6096758060738,2.272416153319644e-05,1.2698,-0.000256270616762413
2022-04-26 00:00:00+00:00,501.4424449107888,397.4339739326217,500.62214821688787,2.4914442162902123e-05,1.2617,0.00020596878634160604
2022-04-27 00:00:00+00:00,501.3103167637396,399.54596059913894,500.6335244354511,2.272416153319644e-05,1.2547,-0.00028622029830865047
2022-04-28 00:00:00+00:00,501.3288487496976,402.9003043877663,500.64476384654046,2.2450376454483228e-05,1.2443,1.4516718253756884e-05
2022-04-29 00:00:00+00:00,501.3988750062836,399.0440708366762,500.65600350995874,2.2450376454483228e-05,1.2565,0.00011723090612220365
2022-04-30 00:00:00+00:00,501.36058896336107,399.0136004483574,500.6676546421417,2.3271731690622863e-05,1.2565,-9.963018567019761e-05
2022-05-01 00:00:00+00:00,501.3191397503188,398.98061261465887,500.6793060454667,2.3271731690622863e-05,1.2565,-0.00010594518858911945
2022-05-02 00:00:00+00:00,501.2836710274561,400.2904024813991,500.6909577199401,2.3271731690622863e-05,1.2523,-9.402251706939319e-05
2022-05-03 00:00:00+00:00,501.30471273995647,400.72319163865427,500.7032950741345,2.4640657084188914e-05,1.251,1.7335002041703492e-05
2022-05-04 00:00:00+00:00,501.3232667780992,401.47614861704113,500.7157698174204,2.4914442162902123e-05,1.2487,1.2097055377859927e-05
2022-05-05 00:00:00+00:00,501.4259430952965,406.53960036913935,500.7279706944946,2.43668720054757e-05,1.2334,0.00018044372427338364
2022-05-06 00:00:00+00:00,501.42046299552936,406.20581901776524,500.7396235014786,2.3271731690622863e-05,1.2344,-3.420076287178448e-05
2022-05-07 00:00:00+00:00,501.4048171486093,406.193144157979,500.75127657964356,2.3271731690622863e-05,1.2344,-5.447477997980849e-05
2022-05-08 00:00:00+00:00,501.4559579399135,406.2345738333713,500.76292992899585,2.3271731690622863e-05,1.2344,7.872328222854213e-05
2022-05-09 00:00:00+00:00,501.4994349628698,406.5662221020428,500.7745835495417,2.3271731690622863e-05,1.2335,6.342984651960142e-05
2022-05-10 00:00:00+00:00,501.5248200027275,407.3132624078027,500.7871971735489,2.5188227241615333e-05,1.2313,2.543005483003076e-05
2022-05-11 00:00:00+00:00,501.6059452311514,407.2468500699451,500.79939979108445,2.43668720054757e-05,1.2317,0.00013739028374891828
2022-05-12 00:00:00+00:00,501.4392789663249,411.08319311881036,500.81187692876574,2.4914442162902123e-05,1.2198,-0.00035717977197213585
2022-05-13 00:00:00+00:00,501.38778402590367,409.56362034463626,500.8250399514036,2.628336755646817e-05,1.2242,-0.00012897763699489846
2022-05-14 00:00:00+00:00,501.4100043526988,409.5817712405643,500.839163148971,2.8199863107460644e-05,1.2242,1.6117783837885923e-05
2022-05-15 00:00:00+00:00,501.4720303646824,409.63243780810524,500.85328674481076,2.8199863107460644e-05,1.2242,9.550331681536878e-05
2022-05-16 00:00:00+00:00,501.4741241151696,408.69936765702494,500.8674107389339,2.8199863107460644e-05,1.227,-2.4024654201517393e-05
2022-05-17 00:00:00+00:00,501.4749060865241,402.20958139759716,500.8820836514457,2.929500342231349e-05,1.2468,-2.773565805059795e-05
2022-05-18 00:00:00+00:00,501.49953662105577,404.56561521543705,500.89661985975977,2.9021218343600276e-05,1.2396,2.009496719777548e-05
2022-05-19 00:00:00+00:00,501.4370434907926,401.0213079740824,500.91074507587086,2.8199863107460644e-05,1.2504,-0.00015281240150425617
2022-05-20 00:00:00+00:00,501.484818305861,401.44477930344294,500.9251449740866,2.8747433264887066e-05,1.2492,6.652836593787824e-05
2022-05-21 00:00:00+00:00,501.4986309471191,401.4558364930508,500.939270994602,2.8199863107460644e-05,1.2492,-6.563747427043581e-07
2022-05-22 00:00:00+00:00,501.4835110081248,401.4437327954889,500.95339741346925,2.8199863107460644e-05,1.2492,-5.834937511265598e-05
2022-05-23 00:00:00+00:00,501.58218947526905,398.9994347906046,500.96752423069955,2.8199863107460644e-05,1.2571,0.00016857324104865097
2022-05-24 00:00:00+00:00,501.5346188738296,399.8203275461014,500.98220007603646,2.929500342231349e-05,1.2544,-0.00012413609315332607
2022-05-25 00:00:00+00:00,501.5442369090025,399.9874287495035,500.9967391898511,2.9021218343600276e-05,1.2539,-9.844007417453505e-06
2022-05-26 00:00:00+00:00,501.5377873725346,398.61531344184914,501.0112787256086,2.9021218343600276e-05,1.2582,-4.188057549160984e-05
2022-05-27 00:00:00+00:00,501.5367493710904,397.63478107594574,501.0259558527335,2.929500342231349e-05,1.2613,-3.1364640985642385e-05
2022-05-28 00:00:00+00:00,501.59082304936,397.6776524612384,501.0407705832556,2.9568788501026694e-05,1.2613,7.824719574611265e-05
2022-05-29 00:00:00+00:00,501.6055919413385,397.689361723094,501.0555857518313,2.9568788501026694e-05,1.2613,-1.246852601212885e-07
2022-05-30 00:00:00+00:00,501.6185395314273,397.69962699708816,501.0704013584737,2.9568788501026694e-05,1.2613,-3.7564963399951586e-06
2022-05-31 00:00:00+00:00,501.6542274883167,397.38135891026354,501.08521740319554,2.9568788501026694e-05,1.2624,4.1576821313777754e-05
2022-06-01 00:00:00+00:00,501.6642332830819,402.23238717373465,501.1011314032555,3.1759069130732374e-05,1.2472,-1.1813468721211282e-05
2022-06-02 00:00:00+00:00,501.68719884104905,399.5279117950538,501.1169087147165,3.1485284052019164e-05,1.2557,1.4293458867092273e-05
2022-06-03 00:00:00+00:00,501.691305349394,401.4815183653921,501.13296091959523,3.203285420944558e-05,1.2496,-2.384745830059044e-05
2022-06-04 00:00:00+00:00,501.7278956170945,401.51079994965943,501.1495624495805,3.312799452429843e-05,1.2496,3.9805834127512656e-05
2022-06-05 00:00:00+00:00,501.7177052445908,401.5026450420861,501.1661645295412,3.312799452429843e-05,1.2496,-5.343855049048379e-05
2022-06-06 00:00:00+00:00,501.74096843530685,399.9848281531464,501.1827671594955,3.312799452429843e-05,1.2544,1.323909691560438e-05
2022-06-07 00:00:00+00:00,501.7535175578382,398.40679494825963,501.20005642127853,3.4496919917864475e-05,1.2594,-9.485762127675444e-06
2022-06-08 00:00:00+00:00,501.7734892198008,399.5966307396678,501.2173462794878,3.4496919917864475e-05,1.2557,5.306810925470741e-06
2022-06-09 00:00:00+00:00,501.8019577294965,401.0886082083738,501.234911185805,3.50444900752909e-05,1.2511,2.1691288731979975e-05
2022-06-10 00:00:00+00:00,501.8527374365388,407.0176297133323,501.2527511689546,3.559206023271732e-05,1.233,6.560265664736466e-05
2022-06-11 00:00:00+00:00,501.7811769907146,406.95959204437514,501.27182690678154,3.8056125941136205e-05,1.233,-0.00018064864459458666
2022-06-12 00:00:00+00:00,501.7707959400754,406.95117270079106,501.29090337055703,3.8056125941136205e-05,1.233,-5.874452780877741e-05
2022-06-13 00:00:00+00:00,501.763053089264,412.29503129766965,501.3099805603088,3.8056125941136205e-05,1.217,-5.3487177078462995e-05
2022-06-14 00:00:00+00:00,501.7695637223305,417.7583579404966,501.3337250166092,4.736481861738535e-05,1.2011,-3.4389305521404575e-05
2022-06-15 00:00:00+00:00,501.7358012344747,416.13651922905757,501.35884317449495,5.0102669404517456e-05,1.2057,-0.00011738950841743189
2022-06-16 00:00:00+00:00,501.7537894558365,406.5746612558435,501.3827272097344,4.763860369609856e-05,1.2341,-1.1786624790888255e-05
2022-06-17 00:00:00+00:00,501.7291220484441,411.21967219772483,501.4045533161345,4.3531827515400415e-05,1.2201,-9.269420139437523e-05
2022-06-18 00:00:00+00:00,501.6839429912044,411.1826432187562,501.4269294810053,4.4626967830253246e-05,1.2201,-0.00013467367880293316
2022-06-19 00:00:00+00:00,501.6737884747421,411.1743205267946,501.44930664445656,4.4626967830253246e-05,1.2201,-6.486783183268311e-05
2022-06-20 00:00:00+00:00,501.6848597910355,411.18339463243626,501.4716848065327,4.4626967830253246e-05,1.2201,-2.2558212101398663e-05
2022-06-21 00:00:00+00:00,501.6958763200464,408.646962873704,501.49406396727835,4.4626967830253246e-05,1.2277,-2.266790569005553e-05
2022-06-22 00:00:00+00:00,501.69394774897694,408.54556005617013,501.51740523788044,4.6543463381245726e-05,1.228,-5.038756727067341e-05
2022-06-23 00:00:00+00:00,501.6740682889572,409.86443487659903,501.5395118230258,4.407939767282683e-05,1.224,-8.370407345160898e-05
2022-06-24 00:00:00+00:00,501.70689862377856,408.7891294905716,501.562168638755,4.517453798767967e-05,1.2273,2.0267024366316447e-05
2022-06-25 00:00:00+00:00,501.67657445885993,408.7644214608164,501.585925039898,4.736481861738535e-05,1.2273,-0.00010780681174487667
2022-06-26 00:00:00+00:00,501.7130279063669,408.7941236098483,501.60968256625847,4.736481861738535e-05,1.2273,2.5298425717473142e-05
2022-06-27 00:00:00+00:00,501.6871832923466,407.7100229925613,501.63344121789,4.736481861738535e-05,1.2305,-9.887756112708152e-05
2022-06-28 00:00:00+00:00,501.6837499855109,411.2161885127138,501.6580250333529,4.900752908966461e-05,1.22,-5.585105021212173e-05
2022-06-29 00:00:00+00:00,501.6852928515072,412.8757245095113,501.6826100536078,4.900752908966461e-05,1.2151,-4.5932153424424424e-05
2022-06-30 00:00:00+00:00,501.67950386559954,412.49753647886826,501.7070589255009,4.87337440109514e-05,1.2162,-6.0272822373661466e-05
2022-07-01 00:00:00+00:00,501.65983633362816,416.38432630613227,501.7306848294394,4.7091033538672145e-05,1.2048,-8.629441302660087e-05
2022-07-02 00:00:00+00:00,501.6481213695814,416.37460273039625,501.75444921232116,4.736481861738535e-05,1.2048,-7.071722436773959e-05
2022-07-03 00:00:00+00:00,501.6546092247978,416.37998773638594,501.77821472079864,4.736481861738535e-05,1.2048,-3.443173875522016e-05
2022-07-04 00:00:00+00:00,501.66606845772776,416.38949905189884,501.80198135492503,4.736481861738535e-05,1.2048,-2.452194481688603e-05
2022-07-05 00:00:00+00:00,501.65184607764127,420.4256168937657,501.82574911475376,4.736481861738535e-05,1.1932,-7.571511173215035e-05
2022-07-06 00:00:00+00:00,501.660845661963,421.3159029662912,501.8518536711759,5.201916495550992e-05,1.1907,-3.407926422144466e-05
2022-07-07 00:00:00+00:00,501.6786827106374,418.2747062786705,501.8779595855353,5.201916495550992e-05,1.1994,-1.6463173634519734e-05
2022-07-08 00:00:00+00:00,501.7081544241647,416.83960985723223,501.9047538913858,5.3388090349075976e-05,1.2036,5.358104263137666e-06
2022-07-09 00:00:00+00:00,501.70458682143294,416.8366457472856,501.9319618698309,5.42094455852156e-05,1.2036,-6.132035797579997e-05
2022-07-10 00:00:00+00:00,501.72785959871067,416.8559817204309,501.95917132320545,5.42094455852156e-05,1.2036,-7.822033771484748e-06
2022-07-11 00:00:00+00:00,501.7390995366968,421.3816238655386,501.9863822515893,5.42094455852156e-05,1.1907,-3.180698622185799e-05
2022-07-12 00:00:00+00:00,501.7404536759037,421.45355201671885,502.0163433826861,5.968514715947981e-05,1.1905,-5.698625602623386e-05
2022-07-13 00:00:00+00:00,501.7074349617583,420.9308121165855,502.04685608035373,6.078028747433265e-05,1.1919,-0.0001265886429767385
2022-07-14 00:00:00+00:00,501.6843580210239,424.18564134693827,502.079707332538,6.543463381245723e-05,1.1827,-0.00011143144216383565
2022-07-15 00:00:00+00:00,501.7075943264542,423.1319847570669,502.11269819626415,6.570841889117044e-05,1.1857,-1.9391835448163617e-05
2022-07-16 00:00:00+00:00,501.7269249910232,423.148287923609,502.145278814874,6.488706365503081e-05,1.1857,-2.635732085742024e-05
2022-07-17 00:00:00+00:00,501.7337844458391,423.1540730756845,502.1778615475445,6.488706365503081e-05,1.1857,-5.121537398843632e-05
2022-07-18 00:00:00+00:00,501.7343548302284,418.49558330989106,502.21044639441294,6.488706365503081e-05,1.1989,-6.375023690140811e-05
2022-07-19 00:00:00+00:00,501.76160173314304,417.36949071131517,502.24482082606204,6.844626967830253e-05,1.2022,-1.4140833639620656e-05
2022-07-20 00:00:00+00:00,501.7300487346399,418.49199160450405,502.27947262478847,6.899383983572895e-05,1.1989,-0.0001318782821567829
2022-07-21 00:00:00+00:00,501.744732983567,419.23858036728524,502.3139892976506,6.872005475701574e-05,1.1968,-3.945282437269352e-05
2022-07-22 00:00:00+00:00,501.81462612578616,417.51778527813144,502.34809576427494,6.789869952087611e-05,1.2019,7.140150160630322e-05
2022-07-23 00:00:00+00:00,501.8313327518602,417.5316854579085,502.38234208209707,6.817248459958932e-05,1.2019,-3.488005906185506e-05
2022-07-24 00:00:00+00:00,501.836007930146,417.5355752809269,502.4165907345758,6.817248459958932e-05,1.2019,-5.885625027804572e-05
2022-07-25 00:00:00+00:00,501.87844779518974,416.7733331632534,502.4508417218703,6.817248459958932e-05,1.2042,1.6396706078307378e-05
2022-07-26 00:00:00+00:00,501.8937773171612,416.9938329321712,502.48688337020184,7.173169062286106e-05,1.2036,-4.1187398396707656e-05
2022-07-27 00:00:00+00:00,501.8694947432616,417.2856861588605,502.5219645899853,6.981519507186858e-05,1.2027,-0.00011819709378634653
2022-07-28 00:00:00+00:00,501.8877608951165,413.8939146421875,502.55553484579906,6.680355920602326e-05,1.2126,-3.040734057508248e-05
2022-07-29 00:00:00+00:00,501.92103199157,411.9847590836165,502.5888321598121,6.625598904859686e-05,1.2183,3.591732126729521e-08
2022-07-30 00:00:00+00:00,501.9556634246532,412.0131851142192,502.6219940786487,6.598220396988365e-05,1.2183,3.0155683406247634e-06
2022-07-31 00:00:00+00:00,502.0107148351063,412.05837218674077,502.6551581855818,6.598220396988365e-05,1.2183,4.369164665954893e-05
2022-08-01 00:00:00+00:00,502.012831206923,408.87182864222433,502.68832448075574,6.598220396988365e-05,1.2278,-6.17664138400036e-05
2022-08-02 00:00:00+00:00,502.027661938727,410.89184967975694,502.7235573927522,7.00889801505818e-05,1.2218,-4.0546444816755466e-05
2022-08-03 00:00:00+00:00,502.0264651288484,413.80354857306986,502.75879277418755,7.00889801505818e-05,1.2132,-7.247293221011881e-05
2022-08-04 00:00:00+00:00,502.0453258815804,413.51233496547275,502.7934800338122,6.899383983572895e-05,1.2141,-3.142459988093562e-05
2022-08-05 00:00:00+00:00,502.0462062393695,416.25587118760427,502.82789437193907,6.844626967830253e-05,1.2061,-6.669272723172165e-05
2022-08-06 00:00:00+00:00,502.0654998349024,416.27186786742595,502.8634123997962,7.063655030800821e-05,1.2061,-3.220663032618877e-05
2022-08-07 00:00:00+00:00,502.10212052883713,416.3022307676288,502.8989329365242,7.063655030800821e-05,1.2061,2.3035221461669016e-06
2022-08-08 00:00:00+00:00,502.1276878374362,415.050163529043,502.93445598230045,7.063655030800821e-05,1.2098,-1.9716015313671743e-05
2022-08-09 00:00:00+00:00,502.11468320783047,415.3484020248411,502.9709454089494,7.255304585900069e-05,1.2089,-9.845209488727802e-05
2022-08-10 00:00:00+00:00,502.0689244450859,410.0195381340024,503.0077128948971,7.31006160164271e-05,1.2245,-0.00016423271048585314
2022-08-11 00:00:00+00:00,502.12840695486886,410.5710604700481,503.0442076365582,7.255304585900069e-05,1.223,4.5921742933565656e-05
2022-08-12 00:00:00+00:00,502.1497275209275,413.90514962160194,503.0802918480301,7.173169062286106e-05,1.2132,-2.92713044680088e-05
2022-08-13 00:00:00+00:00,502.1737769389943,413.9249727489237,503.11651638376065,7.200547570157427e-05,1.2132,-2.4112553035858837e-05
2022-08-14 00:00:00+00:00,502.1810035998293,413.9309294426552,503.1527435278561,7.200547570157427e-05,1.2132,-5.7614718623365575e-05
2022-08-15 00:00:00+00:00,502.1816542247446,415.36944104610797,503.1889732805044,7.200547570157427e-05,1.209,-7.070987728058257e-05
2022-08-16 00:00:00+00:00,502.1629411737058,415.35396292283355,503.2264455325871,7.446954140999317e-05,1.209,-0.00011173305129996635
2022-08-17 00:00:00+00:00,502.1786135293104,417.43858148737354,503.26364502342733,7.392197125256675e-05,1.203,-4.271226954112353e-05
2022-08-18 00:00:00+00:00,502.20893481078326,419.55633651694507,503.30057169197397,7.337440109514032e-05,1.197,-1.299492523534501e-05
2022-08-19 00:00:00+00:00,502.18280153579633,425.2182908855176,503.3379144585526,7.419575633127994e-05,1.181,-0.00012623241513099446
2022-08-20 00:00:00+00:00,502.2118466371396,425.24288453610467,503.3756734150375,7.501711156741957e-05,1.181,-1.7179405348830936e-05
2022-08-21 00:00:00+00:00,502.2082389763739,425.2398297852446,503.41343520409043,7.501711156741957e-05,1.181,-8.220065530482972e-05
2022-08-22 00:00:00+00:00,502.2231105014907,427.35118320412755,503.45119982592365,7.501711156741957e-05,1.1752,-4.5404843263972363e-05
2022-08-23 00:00:00+00:00,502.2384985560758,424.04466274575805,503.4900699801608,7.720739219712525e-05,1.1844,-4.6567514693723e-05
2022-08-24 00:00:00+00:00,502.2230388244934,425.5406192378355,503.52866743932424,7.665982203969883e-05,1.1802,-0.00010744147582936762
2022-08-25 00:00:00+00:00,502.1814675055388,425.4693446628305,503.56754357463376,7.720739219712525e-05,1.1803,-0.0001599820077383065
2022-08-26 00:00:00+00:00,502.2069159071129,426.39405324088375,503.6072499271456,7.885010266940452e-05,1.1778,-2.8174394343340024e-05
2022-08-27 00:00:00+00:00,502.1669899722488,426.36015450182447,503.64709729065805,7.912388774811773e-05,1.1778,-0.00015862485358398358
2022-08-28 00:00:00+00:00,502.1317823104778,426.3302617681082,503.6869478070488,7.912388774811773e-05,1.1778,-0.00014923534962053074
2022-08-29 00:00:00+00:00,502.1019303049652,428.4877370754098,503.72680147656735,7.912388774811773e-05,1.1718,-0.00013857442755505555
2022-08-30 00:00:00+00:00,502.0716176347199,430.92577258151226,503.767761602519,8.13141683778234e-05,1.1651,-0.0001416857153003342
2022-08-31 00:00:00+00:00,502.0586870260362,431.06266594490955,503.80872505910924,8.13141683778234e-05,1.1647,-0.00010706867874961273
2022-09-01 00:00:00+00:00,502.044193624492,435.0092657694238,503.8495539112975,8.104038329911021e-05,1.1541,-0.00010990832626818989
2022-09-02 00:00:00+00:00,502.0619625234565,433.4846853077677,503.8905240187613,8.13141683778234e-05,1.1582,-4.5921071136169556e-05
2022-09-03 00:00:00+00:00,502.0300447992338,433.4571272657864,503.9310835845551,8.049281314168378e-05,1.1582,-0.00014406609015768846
2022-09-04 00:00:00+00:00,502.0114376119657,433.4410616577152,503.9716464151024,8.049281314168378e-05,1.1582,-0.00011755670495625426
2022-09-05 00:00:00+00:00,502.0256417355384,433.45332562211917,504.01221251066596,8.049281314168378e-05,1.1582,-5.2198390926270214e-05
2022-09-06 00:00:00+00:00,502.0025555271041,434.67188113871686,504.0527818715087,8.049281314168378e-05,1.1549,-0.00012647892722636778
2022-09-07 00:00:00+00:00,501.9268575330645,437.48527632969973,504.09473451919905,8.323066392881588e-05,1.1473,-0.00023402271310504525
2022-09-08 00:00:00+00:00,501.9420553388116,436.8892465304305,504.1371046994858,8.40520191649555e-05,1.1489,-5.3773094020666295e-05
2022-09-09 00:00:00+00:00,501.9120896713732,432.6828359235976,504.1793404158549,8.37782340862423e-05,1.16,-0.00014347768967005938
2022-09-10 00:00:00+00:00,501.8622079870319,432.63983447157926,504.22185574421854,8.432580424366872e-05,1.16,-0.000183709113328657
2022-09-11 00:00:00+00:00,501.8402070928972,432.6208681835321,504.2643746577215,8.432580424366872e-05,1.16,-0.00012816431964612993
2022-09-12 00:00:00+00:00,501.7410298739994,428.80183734210704,504.30689715666597,8.432580424366872e-05,1.1701,-0.00028195289250010445
2022-09-13 00:00:00+00:00,501.68961335141074,435.2677540789612,504.3506658866862,8.678986995208761e-05,1.1526,-0.00018926608681951853
2022-09-14 00:00:00+00:00,501.4375740175524,433.6194863520861,504.39595733594314,8.980150581793291e-05,1.1564,-0.0005921825142161002
2022-09-15 00:00:00+00:00,500.72202946586737,436.47317770734605,504.44070046809287,8.87063655030801e-05,1.1472,-0.0015156926719978175
2022-09-16 00:00:00+00:00,500.7274451113838,438.5037613726104,504.4851713525694,8.815879534565365e-05,1.1419,-7.734312278142977e-05
2022-09-17 00:00:00+00:00,500.7646367165121,438.53633130441557,504.52936991652086,8.761122518822725e-05,1.1419,-1.3336077118436063e-05
2022-09-18 00:00:00+00:00,500.7712149183215,438.54209205562796,504.57357235276265,8.761122518822725e-05,1.1419,-7.447491058635799e-05
2022-09-19 00:00:00+00:00,500.765594245776,439.1524986808524,504.617778661634,8.761122518822725e-05,1.1403,-9.883525799607115e-05
2022-09-20 00:00:00+00:00,500.7402871955907,439.0532987247617,504.66433750938455,9.226557152635181e-05,1.1405,-0.00014280229065415459
2022-09-21 00:00:00+00:00,500.74762653696064,441.9661311005831,504.7106243137831,9.17180013689254e-05,1.133,-7.706101938126577e-05
2022-09-22 00:00:00+00:00,500.674895632781,444.29398849301714,504.75636263456283,9.062286105407254e-05,1.1269,-0.00023586749193257747
2022-09-23 00:00:00+00:00,500.68149078547486,458.4575503941716,504.80182871075897,9.007529089664613e-05,1.0921,-7.690276566850164e-05
2022-09-24 00:00:00+00:00,500.6847388571084,458.46052454638624,504.84660784628323,8.87063655030801e-05,1.0921,-8.221906430795624e-05
2022-09-25 00:00:00+00:00,500.66585586213193,458.4432340098268,504.8913909540018,8.87063655030801e-05,1.0921,-0.00012642070650649428
2022-09-26 00:00:00+00:00,500.6829571339919,467.7968393291525,504.9361780342672,8.87063655030801e-05,1.0703,-5.454930913552371e-05
2022-09-27 00:00:00+00:00,500.6798056135247,465.61871627780596,504.9830427473003,9.281314168377823e-05,1.0753,-9.910758494838771e-05
2022-09-28 00:00:00+00:00,500.6595830030423,462.20419405746156,505.02935878270625,9.17180013689254e-05,1.0832,-0.00013210830722038192
2022-09-29 00:00:00+00:00,500.6823093874515,453.1881873528706,505.0763704136402,9.308692676249145e-05,1.1048,-4.7694038699002385e-05
2022-09-30 00:00:00+00:00,500.6988773349957,449.7026022408799,505.12283329124705,9.19917864476386e-05,1.1134,-5.8901047602806554e-05
2022-10-01 00:00:00+00:00,500.7111576410436,449.7136317954407,505.16888555777297,9.117043121149899e-05,1.1134,-6.66441009083561e-05
2022-10-02 00:00:00+00:00,500.7174012422547,449.7192394846908,505.21494202290387,9.117043121149899e-05,1.1134,-7.870096430269464e-05
2022-10-03 00:00:00+00:00,500.70104872675535,444.1989431571641,505.26100268702254,9.117043121149899e-05,1.1272,-0.0001238286041825441
2022-10-04 00:00:00+00:00,500.7295215361408,437.4711877827545,505.308865878516,9.47296372347707e-05,1.1446,-3.78637499794844e-05
2022-10-05 00:00:00+00:00,500.7262435507049,444.10309849286466,505.35659525804454,9.44558521560575e-05,1.1275,-0.00010100227151998613
2022-10-06 00:00:00+00:00,500.7304556548816,449.77136050919034,505.40446750498745,9.47296372347707e-05,1.1133,-8.631764718846204e-05
2022-10-07 00:00:00+00:00,500.7330679826745,450.4615580988436,505.45234428685103,9.47296372347707e-05,1.1116,-8.951260327282452e-05
2022-10-08 00:00:00+00:00,500.7606020595209,450.48632786930636,505.50008721875497,9.44558521560575e-05,1.1116,-3.946831766521069e-05
2022-10-09 00:00:00+00:00,500.7609654730928,450.4866547976726,505.5478346602582,9.44558521560575e-05,1.1116,-9.373012898538829e-05
2022-10-10 00:00:00+00:00,500.7647571767485,450.49006583010845,505.5955866117867,9.44558521560575e-05,1.1116,-8.688396872846465e-05
2022-10-11 00:00:00+00:00,500.7579811222789,448.386444414648,505.64334307376646,9.44558521560575e-05,1.1168,-0.00010798726460569857
2022-10-12 00:00:00+00:00,500.7748239549952,451.31112468907287,505.69414967387814,0.00010047912388774811,1.1096,-6.684444735491375e-05
2022-10-13 00:00:00+00:00,500.75275154090974,441.42520410870037,505.74537673353024,0.00010130047912388776,1.1344,-0.00014537700419987447
2022-10-14 00:00:00+00:00,500.7832979555185,446.8087954635247,505.7978551723481,0.00010376454483230665,1.1208,-4.276355279620899e-05
2022-10-15 00:00:00+00:00,500.78328212555016,446.8087813397128,505.85061601637835,0.00010431211498973307,1.1208,-0.00010434372540568452
2022-10-16 00:00:00+00:00,500.76086571997575,446.78878097785133,505.9033823640039,0.00010431211498973307,1.1208,-0.00014907480251247001
2022-10-17 00:00:00+00:00,500.7803854274746,438.2430956746955,505.95615421579873,0.00010431211498973307,1.1427,-6.533201723235353e-05
2022-10-18 00:00:00+00:00,500.7993104154607,442.9108608963126,506.01114794426525,0.00010869267624914442,1.1307,-7.090168335722708e-05
2022-10-19 00:00:00+00:00,500.80531119914303,445.87367450066154,506.06711741826103,0.00011060917180013689,1.1232,-9.862675976887295e-05
2022-10-20 00:00:00+00:00,500.8082689584245,443.66430630618754,506.1235087438707,0.00011143052703627653,1.1288,-0.00010552452081930518
2022-10-21 00:00:00+00:00,500.8134956529002,443.51177440037213,506.1801834913248,0.00011197809719370295,1.1292,-0.0001015415792691638
2022-10-22 00:00:00+00:00,500.8266719814411,443.5234431291544,506.2368645851093,0.00011197809719370295,1.1292,-8.566824601090989e-05
2022-10-23 00:00:00+00:00,500.8285926437157,443.5251440344631,506.29355202593484,0.00011197809719370295,1.1292,-0.0001081431131922312
2022-10-24 00:00:00+00:00,500.8433922887983,443.4204447001313,506.35024581451216,0.00011197809719370295,1.1295,-8.242777738370183e-05
2022-10-25 00:00:00+00:00,500.85039071902986,436.69926821783054,506.40791636954543,0.00011389459274469541,1.1469,-9.992130221248555e-05
2022-10-26 00:00:00+00:00,500.8512253413282,431.2106976679537,506.4653161990805,0.000113347022587269,1.1615,-0.0001116806121904856
2022-10-27 00:00:00+00:00,500.8731375687343,432.7571605052137,506.522306546776,0.00011252566735112938,1.1574,-6.87756947097912e-05
2022-10-28 00:00:00+00:00,500.8722458595791,432.7937836858024,506.57958066384754,0.00011307323750855577,1.1573,-0.00011485354690890123
2022-10-29 00:00:00+00:00,500.9170842053837,432.8325276120139,506.63755472674075,0.00011444216290212183,1.1573,-2.4921639105384026e-05
2022-10-30 00:00:00+00:00,500.9254691580783,432.8397728835032,506.6955354243111,0.00011444216290212183,1.1573,-9.77029600300815e-05
2022-10-31 00:00:00+00:00,500.9359906493288,435.0290843676325,506.7535227573179,0.00011444216290212183,1.1515,-9.343805770411373e-05
2022-11-01 00:00:00+00:00,500.9247913938784,437.1071478131575,506.8120716927329,0.00011553730321697466,1.146,-0.0001378939628689755
2022-11-02 00:00:00+00:00,500.9629842393521,436.87362364991026,506.870766150317,0.00011581108829568789,1.1467,-3.9566418177779195e-05
2022-11-03 00:00:00+00:00,500.92678691998105,447.93596255028257,506.92932863171745,0.00011553730321697466,1.1183,-0.00018779278018806947
2022-11-04 00:00:00+00:00,500.9678997663463,444.1598543898806,506.9883142483276,0.00011635865845311431,1.1279,-3.4285095132430594e-05
2022-11-05 00:00:00+00:00,500.9598377501233,444.1527065787068,507.04675150508285,0.00011526351813826146,1.1279,-0.00013135639799497206
2022-11-06 00:00:00+00:00,501.0067027745124,444.1942572697158,507.1051954975219,0.00011526351813826146,1.1279,-2.1713055890579085e-05
2022-11-07 00:00:00+00:00,500.99134638118426,437.05081251084727,507.16364622642106,0.00011526351813826146,1.1463,-0.000145914591752813
2022-11-08 00:00:00+00:00,501.0109664151404,432.0922521907205,507.2232145232675,0.00011745379876796715,1.1595,-7.82913779041974e-05
2022-11-09 00:00:00+00:00,500.9313811020649,439.56772648478847,507.28265094648884,0.00011718001368925395,1.1396,-0.0002760294569358765
2022-11-10 00:00:00+00:00,500.8378114668312,428.90966127158623,507.34223322089167,0.00011745379876796715,1.1677,-0.0003042451214193922
2022-11-11 00:00:00+00:00,500.8158832112471,428.8908822567844,507.40168359072555,0.00011718001368925395,1.1677,-0.0001609631608119763
2022-11-12 00:00:00+00:00,500.8189836674278,428.8935374389208,507.4611409269547,0.00011718001368925395,1.1677,-0.00011098920328449363
2022-11-13 00:00:00+00:00,500.8017670487524,428.8787933962083,507.52060523039535,0.00011718001368925395,1.1677,-0.00015155694275308245
2022-11-14 00:00:00+00:00,500.8383718149629,427.044996431585,507.58007650186374,0.00011718001368925395,1.1728,-4.408768730583684e-05
2022-11-15 00:00:00+00:00,500.8239102395396,421.2143904453655,507.64038854928384,0.0001188227241615332,1.189,-0.00014769745947962944
2022-11-16 00:00:00+00:00,500.812177030607,421.2399504000395,507.7002908100545,0.00011800136892539357,1.1889,-0.00014142918196049755
2022-11-17 00:00:00+00:00,500.8044687980189,423.9794012851497,507.76033914013794,0.00011827515400410678,1.1812,-0.00013366661799331842
2022-11-18 00:00:00+00:00,500.7774487318776,420.7506710904702,507.8203945724469,0.00011827515400410678,1.1902,-0.0001722284787541069
2022-11-19 00:00:00+00:00,500.79495600832615,420.76538061529675,507.8807351751148,0.0001188227241615332,1.1902,-8.386253078041598e-05
2022-11-20 00:00:00+00:00,500.7933819114141,420.7640580670594,507.9410829476174,0.0001188227241615332,1.1902,-0.000121965920579898
2022-11-21 00:00:00+00:00,500.78337767033287,424.93286183312074,508.00143789080676,0.0001188227241615332,1.1785,-0.00013879950788620656
2022-11-22 00:00:00+00:00,500.7886760033838,421.5392895651379,508.06277358803055,0.00012073921971252566,1.188,-0.00011015913002262124
2022-11-23 00:00:00+00:00,500.7839522954741,415.9335151955765,508.12397759087213,0.00012046543463381247,1.204,-0.00012989797202142276
2022-11-24 00:00:00+00:00,500.7801771731812,415.9303797119445,508.1851889666805,0.00012046543463381247,1.204,-0.0001280038596883332
2022-11-25 00:00:00+00:00,500.78750057579566,413.8055698031695,508.24640771634387,0.00012046543463381247,1.2102,-0.00010584144800593058
2022-11-26 00:00:00+00:00,500.78523470353696,413.80369749094115,508.30777299103323,0.00012073921971252566,1.2102,-0.00012526383795104733
2022-11-27 00:00:00+00:00,500.76366636861263,413.7858753665614,508.369145674918,0.00012073921971252566,1.2102,-0.00016380825096525497
2022-11-28 00:00:00+00:00,500.7583118340948,415.8776777959429,508.4305257688927,0.00012073921971252566,1.2041,-0.00013143195737993162
2022-11-29 00:00:00+00:00,500.76971180077,417.44724224805765,508.491913273852,0.00012073921971252566,1.1996,-9.797381291683727e-05
2022-11-30 00:00:00+00:00,500.8024347430031,418.6611225071085,508.5528905381953,0.00011991786447638603,1.1962,-5.457257409234146e-05
2022-12-01 00:00:00+00:00,500.79476523986193,408.745319327344,508.6137358806088,0.00011964407939767284,1.2252,-0.00013495850802090935
2022-12-02 00:00:00+00:00,500.8075486538664,407.4256009224425,508.67403149940037,0.00011854893908281999,1.2292,-9.302268583145772e-05
2022-12-03 00:00:00+00:00,500.8172541674538,407.4334967193734,508.7344735335334,0.0001188227241615332,1.2292,-9.944299713149987e-05
2022-12-04 00:00:00+00:00,500.810314925516,407.4278513875008,508.7949227495535,0.0001188227241615332,1.2292,-0.00013267856055710416
2022-12-05 00:00:00+00:00,500.8070692695196,411.543322598011,508.8553791483141,0.0001188227241615332,1.2169,-0.00012530353316187527
2022-12-06 00:00:00+00:00,500.8165107367249,410.43805174293146,508.9161213646889,0.00011937029431895962,1.2202,-0.0001005177904613792
2022-12-07 00:00:00+00:00,500.83359848423015,410.7213371200838,508.9770101655201,0.00011964407939767284,1.2194,-8.552430271523313e-05
2022-12-08 00:00:00+00:00,500.8093586920524,409.3251807863117,509.0367914488496,0.00011745379876796715,1.2235,-0.00016585269263428648
2022-12-09 00:00:00+00:00,500.83681248699065,406.8205771155801,509.09644038703993,0.00011718001368925395,1.2311,-6.236116004414288e-05
2022-12-10 00:00:00+00:00,500.8490842723531,406.8305452622476,509.15651446392076,0.00011800136892539357,1.2311,-9.349880630118677e-05
2022-12-11 00:00:00+00:00,500.8524950683753,406.8333157894365,509.21659562962486,0.00011800136892539357,1.2311,-0.0001111913414554546
2022-12-12 00:00:00+00:00,500.8527939819056,407.6945819958532,509.2766838849887,0.00011800136892539357,1.2285,-0.00011740455941913439
2022-12-13 00:00:00+00:00,500.80111853170274,404.6877725508709,509.3377552573478,0.00011991786447638603,1.2375,-0.00022309279096930761
2022-12-14 00:00:00+00:00,500.83774356652873,403.6409925584532,509.39841560602326,0.00011909650924024639,1.2408,-4.5963615820654555e-05
2022-12-15 00:00:00+00:00,500.8877746205288,410.36193234518174,509.4588042477639,0.00011854893908281999,1.2206,-1.8654203426961163e-05
2022-12-16 00:00:00+00:00,500.9222738596152,411.671822698566,509.5193395307327,0.0001188227241615332,1.2168,-4.9946539046891866e-05
2022-12-17 00:00:00+00:00,500.90961855458977,411.6614222177759,509.57946351029136,0.00011800136892539357,1.2168,-0.00014326537830535965
2022-12-18 00:00:00+00:00,500.9351351489743,411.68239246299663,509.63959458456185,0.00011800136892539357,1.2168,-6.706085303323193e-05
2022-12-19 00:00:00+00:00,500.9253877891504,411.26879128830086,509.6997327543815,0.00011800136892539357,1.218,-0.00013745969624159545
2022-12-20 00:00:00+00:00,500.943652653757,412.435083693197,509.76071530967613,0.00011964407939767284,1.2146,-8.318183361853869e-05
2022-12-21 00:00:00+00:00,500.9582241471994,414.97533478064895,509.82142603141745,0.00011909650924024639,1.2072,-9.000842045969748e-05
2022-12-22 00:00:00+00:00,500.985273290867,416.37738804094664,509.8818648205952,0.00011854893908281999,1.2032,-6.455413000740056e-05
2022-12-23 00:00:00+00:00,500.98117959325305,415.6140530888112,509.94258997082034,0.00011909650924024639,1.2054,-0.00012726780255400982
2022-12-24 00:00:00+00:00,501.0044491766471,415.63335753828363,510.0031827385266,0.0001188227241615332,1.2054,-7.237470507038338e-05
2022-12-25 00:00:00+00:00,500.9926809480552,415.6235946142817,510.0637827060307,0.0001188227241615332,1.2054,-0.0001423119937902291
2022-12-26 00:00:00+00:00,501.0066554170649,415.6351878356271,510.12438987418795,0.0001188227241615332,1.2054,-9.092916495157602e-05
2022-12-27 00:00:00+00:00,501.00780458563577,416.39611418354036,510.18500424385405,0.0001188227241615332,1.2032,-0.00011652900498938038
2022-12-28 00:00:00+00:00,501.01416775244536,416.33219856443856,510.2473019883832,0.00012210814510609172,1.2034,-0.00010940741120262157
2022-12-29 00:00:00+00:00,501.0324613950584,415.44980215178975,510.30960733997443,0.00012210814510609172,1.206,-8.559492094899416e-05
2022-12-30 00:00:00+00:00,501.0410106593125,414.87207970465556,510.3717805844005,0.00012183436002737851,1.2077,-0.0001047710659041689
2022-12-31 00:00:00+00:00,501.0469472438632,414.87699531660445,510.4335422071297,0.00012101300479123887,1.2077,-0.00010916450452010006
2023-01-01 00:00:00+00:00,501.0922414015933,414.9144997943142,510.4953113038184,0.00012101300479123887,1.2077,-3.0613975360484476e-05
2023-01-02 00:00:00+00:00,501.13212721988594,414.9475260577014,510.5570878753711,0.00012101300479123887,1.2077,-4.141524813645768e-05
2023-01-03 00:00:00+00:00,501.1224118806591,418.64863147924734,510.6188719226924,0.00012101300479123887,1.197,-0.00014039978663800298
2023-01-04 00:00:00+00:00,501.1409425092747,415.43641093366057,510.68220124479535,0.0001240246406570842,1.2063,-8.704639307488638e-05
2023-01-05 00:00:00+00:00,501.1569060883371,421.0694892357059,510.74581805562804,0.0001245722108145106,1.1902,-9.271774092732806e-05
2023-01-06 00:00:00+00:00,501.19665747408,415.44815772055705,510.81098097177147,0.00012758384668035594,1.2064,-4.8264605021751785e-05
2023-01-07 00:00:00+00:00,501.2076271168658,415.45725059421903,510.8762920540751,0.00012785763175906912,1.2064,-0.00010597072844023399
2023-01-08 00:00:00+00:00,501.1999962653768,415.45092528628714,510.9416114868991,0.00012785763175906912,1.2064,-0.00014308256265829606
2023-01-09 00:00:00+00:00,501.1778074951499,410.599547349787,511.006939271311,0.00012785763175906912,1.2206,-0.0001721289214482708
2023-01-10 00:00:00+00:00,501.2468056881225,412.379107929348,511.072695126604,0.00012867898699520875,1.2155,8.99309652634738e-06
2023-01-11 00:00:00+00:00,501.2680688866458,413.41696403022337,511.13887921552794,0.0001295003422313484,1.2125,-8.70797257167438e-05
2023-01-12 00:00:00+00:00,501.2679279886562,411.4824560734331,511.2049319331158,0.00012922655715263517,1.2182,-0.00012950764026630865
2023-01-13 00:00:00+00:00,501.2935539758354,411.09853532543497,511.27015342477375,0.00012758384668035594,1.2194,-7.646151120191858e-05
2023-01-14 00:00:00+00:00,501.3192112067821,411.11957619057085,511.3355232157798,0.00012785763175906912,1.2194,-7.667558335003162e-05
2023-01-15 00:00:00+00:00,501.3592853809136,411.15244003683256,511.4009013648125,0.00012785763175906912,1.2194,-4.792019222823858e-05
2023-01-16 00:00:00+00:00,501.4711752219295,411.2441981482118,511.4662878729406,0.00012785763175906912,1.2194,9.531533876025615e-05
2023-01-17 00:00:00+00:00,501.4571991895804,408.88551793018627,511.5316827412326,0.00012785763175906912,1.2264,-0.0001557276929702573
2023-01-18 00:00:00+00:00,501.4939100997065,405.44418311885073,511.5976461697258,0.000128952772073922,1.2369,-5.574431044375218e-05
2023-01-19 00:00:00+00:00,501.53534843831096,405.5760540500655,511.6633379687823,0.00012840520191649557,1.2366,-4.577540767582161e-05
2023-01-20 00:00:00+00:00,501.4968178368229,405.28270392502253,511.729318374582,0.000128952772073922,1.2374,-0.00020577806785426924
2023-01-21 00:00:00+00:00,501.6375337908229,405.396422976259,511.79544739258967,0.00012922655715263517,1.2374,0.00015136536087179578
2023-01-22 00:00:00+00:00,501.5494621663827,405.32524823531816,511.8615849562226,0.00012922655715263517,1.2374,-0.0003047948081458207
2023-01-23 00:00:00+00:00,501.59882251901286,405.4962186895819,511.9277310665852,0.00012922655715263517,1.237,-3.081083476907495e-05
2023-01-24 00:00:00+00:00,501.7029558569744,407.1272870704978,511.99402588295595,0.0001295003422313484,1.2323,7.810249351426437e-05
2023-01-25 00:00:00+00:00,501.72591997358046,405.46785192628124,512.0601891082035,0.00012922655715263517,1.2374,-8.345422047816961e-05
2023-01-26 00:00:00+00:00,501.7567299486356,405.6238722301015,512.1263608834969,0.00012922655715263517,1.237,-6.781857755932649e-05
2023-01-27 00:00:00+00:00,501.761925588818,405.33316551322235,512.192400997385,0.000128952772073922,1.2379,-0.00011859787323109829
2023-01-28 00:00:00+00:00,501.8000883403564,405.3639941355169,512.2587300886023,0.0001295003422313484,1.2379,-5.344285442242578e-05
2023-01-29 00:00:00+00:00,501.7416328306544,405.31677262351917,512.3250677694598,0.0001295003422313484,1.2379,-0.00024599197118934155
2023-01-30 00:00:00+00:00,501.8137689991405,405.571622887853,512.3914140410695,0.0001295003422313484,1.2373,1.4271200263881758e-05
2023-01-31 00:00:00+00:00,501.8490554084837,407.2128005586528,512.4576286194207,0.00012922655715263517,1.2324,-5.890881873437778e-05
2023-02-01 00:00:00+00:00,501.8573468121044,407.74890056232084,512.5235711479495,0.00012867898699520875,1.2308,-0.00011215727886138783
2023-02-02 00:00:00+00:00,501.8664487891689,409.35273147566795,512.5889608766709,0.00012758384668035594,1.226,-0.00010944726439790953
2023-02-03 00:00:00+00:00,501.922852111744,415.73995867782986,512.6543589480654,0.00012758384668035594,1.2073,-1.519673112152409e-05
2023-02-04 00:00:00+00:00,501.92340396373646,415.740415773823,512.7203267916535,0.00012867898699520875,1.2073,-0.00012757951126874612
2023-02-05 00:00:00+00:00,501.9924114837946,415.79757432601224,512.7863031239168,0.00012867898699520875,1.2073,8.807170281280855e-06
2023-02-06 00:00:00+00:00,502.0065197945634,418.02524755979965,512.8522879459479,0.00012867898699520875,1.2009,-0.0001005743574309459
2023-02-07 00:00:00+00:00,502.065790091666,417.93539506506784,512.9184216701431,0.000128952772073922,1.2013,-1.0885984561228039e-05
2023-02-08 00:00:00+00:00,502.07120014970695,415.1750600758347,512.9845639224652,0.000128952772073922,1.2093,-0.0001181771762303069
2023-02-09 00:00:00+00:00,502.1133868058295,413.02409048764457,513.0508551515333,0.00012922655715263517,1.2157,-4.520131111184874e-05
2023-02-10 00:00:00+00:00,502.1259422008728,416.3219817601135,513.1178572755325,0.00013059548254620122,1.2061,-0.00010559038335296965
2023-02-11 00:00:00+00:00,502.1486649763748,416.340821636991,513.1851491177323,0.00013114305270362764,1.2061,-8.588991281938946e-05
2023-02-12 00:00:00+00:00,502.1608708916127,416.35094178891694,513.2524497847896,0.00013114305270362764,1.2061,-0.0001068356790326434
2023-02-13 00:00:00+00:00,502.17477198822166,413.7893638663659,513.319759277862,0.00013114305270362764,1.2136,-0.0001034604963461942
2023-02-14 00:00:00+00:00,502.1964535648445,413.0924188244176,513.3873586766881,0.00013169062286105406,1.2157,-8.851526274283463e-05
2023-02-15 00:00:00+00:00,502.1375356778417,417.3697412333486,513.4548264199229,0.00013141683778234087,1.2031,-0.0002487372341821191
2023-02-16 00:00:00+00:00,502.1455853153943,417.8279125606543,513.522162453285,0.00013114305270362764,1.2018,-0.00011511231016665108
2023-02-17 00:00:00+00:00,502.2058806893944,418.0868137607346,513.5902102908284,0.0001325119780971937,1.2012,-1.2436494485712252e-05
2023-02-18 00:00:00+00:00,502.24465547433056,418.119093801474,513.6582671455254,0.0001325119780971937,1.2012,-5.5303035655296135e-05
2023-02-19 00:00:00+00:00,502.2505765777401,418.12402312499177,513.7263330185708,0.0001325119780971937,1.2012,-0.00012072269702670922
2023-02-20 00:00:00+00:00,502.282346767862,418.15047183471694,513.7944079111599,0.0001325119780971937,1.2012,-6.92563212526862e-05
2023-02-21 00:00:00+00:00,502.3427166718622,414.7821952537876,513.8624918244874,0.0001325119780971937,1.2111,-1.2320805963394782e-05
2023-02-22 00:00:00+00:00,502.3800628227473,416.42909716739666,513.9308661355146,0.00013305954825462013,1.2064,-5.8715580191347205e-05
2023-02-23 00:00:00+00:00,502.4174463670868,418.12370702986584,513.9989681311915,0.0001325119780971937,1.2016,-5.8099104048114675e-05
2023-02-24 00:00:00+00:00,502.4073433867528,420.49493085600335,514.0670791511985,0.0001325119780971937,1.1948,-0.00015262071517844176
2023-02-25 00:00:00+00:00,502.4661836403705,420.5441778041266,514.1354806845229,0.00013305954825462013,1.1948,-1.5942920896037938e-05
2023-02-26 00:00:00+00:00,502.438249260066,420.520797840698,514.2038913193245,0.00013305954825462013,1.1948,-0.00018865409613468692
2023-02-27 00:00:00+00:00,502.4870811370511,417.4867739589989,514.2723110568143,0.00013305954825462013,1.2036,-3.5869740239301284e-05
2023-02-28 00:00:00+00:00,502.48747256787215,415.51928600667503,514.3411622984588,0.00013388090349075976,1.2093,-0.00013310191665572257
2023-03-01 00:00:00+00:00,502.5148090764781,417.5791998308776,514.4098819390342,0.00013360711841204652,1.2034,-7.920474999812709e-05
2023-03-02 00:00:00+00:00,502.54488132529474,420.8213710645577,514.4788924365428,0.00013415468856947297,1.1942,-7.431118092859532e-05
2023-03-03 00:00:00+00:00,502.5258057014861,418.91114179850456,514.5480530487773,0.00013442847364818618,1.1996,-0.00017238652379957382
2023-03-04 00:00:00+00:00,502.5370539509895,418.920518465313,514.6172229581673,0.00013442847364818618,1.1996,-0.00011204504701466518
2023-03-05 00:00:00+00:00,502.5800271067249,418.9563413693939,514.6864021659626,0.00013442847364818618,1.1996,-4.891606138412015e-05
2023-03-06 00:00:00+00:00,502.5692086444013,417.13911740073144,514.7555906734133,0.00013442847364818618,1.2048,-0.00015595432374203706
2023-03-07 00:00:00+00:00,502.5701514238241,423.85945131468674,514.8250703465692,0.0001349760438056126,1.1857,-0.00013310012421772225
2023-03-08 00:00:00+00:00,502.5970719196991,424.5983542449093,514.896109863463,0.0001379876796714579,1.1837,-8.442203157479281e-05
2023-03-09 00:00:00+00:00,502.6198466281849,421.59020854570116,514.9674411246789,0.00013853524982888432,1.1922,-9.322120054712046e-05
2023-03-10 00:00:00+00:00,502.6037576021527,417.34099277767393,515.0386412773875,0.0001382614647501711,1.2043,-0.00017027179251606785
2023-03-11 00:00:00+00:00,502.6072660790959,417.3439060691654,515.1092872347535,0.00013716632443531827,1.2043,-0.0001301857221415581
2023-03-12 00:00:00+00:00,502.5807221983722,417.321865148528,515.1799428823662,0.00013716632443531827,1.2043,-0.00018997869408281075
2023-03-13 00:00:00+00:00,502.5718212440817,413.29919510204087,515.2506082215541,0.00013716632443531827,1.216,-0.0001548768212716167
2023-03-14 00:00:00+00:00,502.5135601963776,413.727614190991,515.3193083026503,0.00013333333333333334,1.2146,-0.00024925914779673567
2023-03-15 00:00:00+00:00,502.7061357126984,417.807626091006,515.3881586304947,0.00013360711841204652,1.2032,0.0002496173984457476
2023-03-16 00:00:00+00:00,502.75023622922095,415.1186823790116,515.4551837845944,0.00013004791238877483,1.2111,-4.232167753790366e-05
2023-03-17 00:00:00+00:00,502.7342170173221,414.0797438574435,515.5220765312375,0.00012977412731006162,1.2141,-0.00016163728866623313
2023-03-18 00:00:00+00:00,502.7886988062852,414.1246180761759,515.5858728292778,0.00012375085557837098,1.2141,-1.537989709000245e-05
2023-03-19 00:00:00+00:00,502.8304266249848,414.1589874186515,515.6496770221646,0.00012375085557837098,1.2141,-4.0758101766187686e-05
2023-03-20 00:00:00+00:00,502.8472481856505,410.2531191854863,515.7134891108748,0.00012375085557837098,1.2257,-9.029711098563356e-05
2023-03-21 00:00:00+00:00,502.8696948275721,412.35727333134247,515.7814037414736,0.00013169062286105406,1.2195,-8.705153613535889e-05
2023-03-22 00:00:00+00:00,502.8937444332368,411.1296144810634,515.8489036760359,0.00013086926762491445,1.2232,-8.304454103665081e-05
2023-03-23 00:00:00+00:00,502.8868986610737,408.12116430861363,515.9165536759978,0.00013114305270362764,1.2322,-0.00014475581332924187
2023-03-24 00:00:00+00:00,502.9522057729045,411.4128472579996,515.9833650462615,0.0001295003422313484,1.2225,3.6407063109758107e-07
2023-03-25 00:00:00+00:00,502.9358107502591,411.399436196531,516.050326337167,0.00012977412731006162,1.2225,-0.00016237170309794653
2023-03-26 00:00:00+00:00,502.9384644535384,411.40160691495987,516.1172963179155,0.00012977412731006162,1.2225,-0.00012449770192411442
2023-03-27 00:00:00+00:00,502.9486878263764,409.63405100698515,516.1842749896348,0.00012977412731006162,1.2278,-0.00010944684363510255
2023-03-28 00:00:00+00:00,502.9459446745451,407.540673101487,516.2536648538428,0.00013442847364818618,1.2341,-0.00013988261220675553
2023-03-29 00:00:00+00:00,502.9910211117325,408.50403728720255,516.3215092779715,0.00013141683778234087,1.2313,-4.1792022899835696e-05
2023-03-30 00:00:00+00:00,502.98174394126943,406.6799352694611,516.3893626179998,0.00013141683778234087,1.2368,-0.00014986084587326404
2023-03-31 00:00:00+00:00,503.0156240949716,406.6744474856266,516.4596283300385,0.0001360711841204654,1.2369,-6.871256900127024e-05
2023-04-01 00:00:00+00:00,503.03718148459296,406.6918760486643,516.528206815936,0.0001327857631759069,1.2369,-8.992946092847758e-05
2023-04-02 00:00:00+00:00,503.0418703818232,406.695666894513,516.5967944080799,0.0001327857631759069,1.2369,-0.00012346458891124206
2023-04-03 00:00:00+00:00,503.0550293123013,405.59141281327203,516.6653911076795,0.0001327857631759069,1.2403,-0.00010662704507915981
2023-04-04 00:00:00+00:00,503.06798804252463,402.5187934409702,516.7347041923182,0.00013415468856947297,1.2498,-0.00010839462362987793
2023-04-05 00:00:00+00:00,503.1138186983808,403.49171441044257,516.8037436271289,0.00013360711841204652,1.2469,-4.250480829582647e-05
2023-04-06 00:00:00+00:00,503.1233806210991,403.9205046733294,516.8725092997922,0.00013305954825462013,1.2456,-0.00011405406209443608
2023-04-07 00:00:00+00:00,503.1216500558693,405.0246740105211,516.9419916822882,0.00013442847364818618,1.2422,-0.00013786811747406165
2023-04-08 00:00:00+00:00,503.1303013917113,405.03163853784525,517.0120495292102,0.00013552361396303902,1.2422,-0.0001183282977983081
2023-04-09 00:00:00+00:00,503.1371314084916,405.0371368608047,517.0821168706249,0.00013552361396303902,1.2422,-0.0001219485683707434
2023-04-10 00:00:00+00:00,503.145683876116,407.1416765464606,517.1521937078188,0.00013552361396303902,1.2358,-0.00011852533041275436
2023-04-11 00:00:00+00:00,503.1529820398821,405.4742380851657,517.2241206932819,0.00013908281998631074,1.2409,-0.00012457774918872273
2023-04-12 00:00:00+00:00,503.1607065150532,403.46460309121414,517.2954912495665,0.0001379876796714579,1.2471,-0.00012263553937443764
2023-04-13 00:00:00+00:00,503.1376772216032,401.51438609975514,517.3665883985349,0.00013744010951403148,1.2531,-0.0001832093700142928
2023-04-14 00:00:00+00:00,503.1785976219185,405.2336293967291,517.4388284971203,0.00013963039014373716,1.2417,-5.8299966746873464e-05
2023-04-15 00:00:00+00:00,503.192071729204,405.24448073544653,517.5116453507404,0.00014072553045859,1.2417,-0.00011394754874567898
2023-04-16 00:00:00+00:00,503.2497583999256,405.29093855192525,517.5844724515509,0.00014072553045859,1.2417,-2.6084076503578866e-05
2023-04-17 00:00:00+00:00,503.28258995425057,407.2195080137961,517.6573098009937,0.00014072553045859,1.2359,-7.54864443448125e-05
2023-04-18 00:00:00+00:00,503.3229276026256,405.2845862006809,517.7311494884425,0.0001426420260095825,1.2419,-6.249292254326206e-05
2023-04-19 00:00:00+00:00,503.4037950664412,404.60038182482015,517.8048579614702,0.00014236824093086928,1.2442,1.829891603895997e-05
2023-04-20 00:00:00+00:00,503.3853728362022,404.3905630110879,517.8780098592686,0.00014127310061601641,1.2448,-0.00017786843505646435
2023-04-21 00:00:00+00:00,503.4065401970328,405.35191255095646,517.9506049423754,0.0001401779603011636,1.2419,-9.812794857475029e-05
2023-04-22 00:00:00+00:00,503.446163877391,405.3838182441348,518.0234938160073,0.00014072553045859,1.2419,-6.201443476512775e-05
2023-04-23 00:00:00+00:00,503.40300216957655,405.3490636682314,518.0963929469647,0.00014072553045859,1.2419,-0.00022645804946715337
2023-04-24 00:00:00+00:00,503.4486245649942,404.14917280644954,518.1693023366907,0.00014072553045859,1.2457,-5.0097554024257926e-05
2023-04-25 00:00:00+00:00,503.4591918136041,406.0809742003582,518.2430731887688,0.00014236824093086928,1.2398,-0.00012137851507946349
2023-04-26 00:00:00+00:00,503.4896950412692,403.2433886282791,518.3157194457086,0.0001401779603011636,1.2486,-7.959067108062636e-05
2023-04-27 00:00:00+00:00,503.4942239765791,403.7320375082825,518.3889435144928,0.00014127310061601641,1.2471,-0.00013227801024079746
2023-04-28 00:00:00+00:00,503.51794138811056,400.18911253227674,518.4624617821836,0.00014182067077344283,1.2582,-9.471504293905551e-05
2023-04-29 00:00:00+00:00,503.51385760156006,400.1858667950724,518.5348548979971,0.00013963039014373716,1.2582,-0.0001477408986575294
2023-04-30 00:00:00+00:00,503.5503226686515,400.21484872727035,518.6072581220897,0.00013963039014373716,1.2582,-6.720921137979988e-05
2023-05-01 00:00:00+00:00,503.5411213869127,402.99409474742913,518.6796714558726,0.00013963039014373716,1.2495,-0.0001579032048448629
2023-05-02 00:00:00+00:00,503.5643250901809,403.6587776273995,518.754509015587,0.00014428473648186172,1.2475,-9.820368712442354e-05
2023-05-03 00:00:00+00:00,503.5786555550934,401.353834028129,518.828931291487,0.00014346338124572212,1.2547,-0.00011500531899123379
2023-05-04 00:00:00+00:00,503.6227638546797,400.3360602978376,518.9036483394977,0.00014401095140314854,1.258,-5.642125890969804e-05
2023-05-05 00:00:00+00:00,503.6335421195162,398.129282307918,518.9783761475817,0.00014401095140314854,1.265,-0.0001226094866361139
2023-05-06 00:00:00+00:00,503.6652995428108,398.15438699036434,519.0531147172883,0.00014401095140314854,1.265,-8.095434250254615e-05
2023-05-07 00:00:00+00:00,503.65948360731534,398.1497894128975,519.1278640501674,0.00014401095140314854,1.265,-0.0001555581743323243
2023-05-08 00:00:00+00:00,503.67578970121417,398.69847993446854,519.202624147769,0.00014401095140314854,1.2633,-0.00011163571688543658
2023-05-09 00:00:00+00:00,503.70379063404033,399.194635151403,519.2781057613001,0.00014537987679671456,1.2618,-8.978670873368617e-05
2023-05-10 00:00:00+00:00,503.7199263365337,399.33401485376066,519.353314007145,0.00014483230663928816,1.2614,-0.00011279819692353756
2023-05-11 00:00:00+00:00,503.7248377466083,402.9476343865357,519.4278221896336,0.00014346338124572212,1.2501,-0.00013371310173971763
2023-05-12 00:00:00+00:00,503.72184712864674,404.14140494917103,519.5017722149693,0.00014236824093086928,1.2464,-0.00014830524807733078
2023-05-13 00:00:00+00:00,503.7234486544938,404.14268987042186,519.576443927608,0.0001437371663244353,1.2464,-0.00014055778100252999
2023-05-14 00:00:00+00:00,503.7363776321036,404.1530629269124,519.6511263733471,0.0001437371663244353,1.2464,-0.00011807034925582057
2023-05-15 00:00:00+00:00,503.7485294936723,402.1623259569474,519.7258195537294,0.0001437371663244353,1.2526,-0.00011961371185842791
2023-05-16 00:00:00+00:00,503.7287582194025,403.176531310551,519.7999542975999,0.0001426420260095825,1.2494,-0.00018189032771623388
2023-05-17 00:00:00+00:00,503.7521760094377,403.8093595266033,519.8743842431435,0.0001431895961670089,1.2475,-9.670070774616082e-05
2023-05-18 00:00:00+00:00,503.7697838514927,405.4811524883232,519.9492518478284,0.00014401095140314854,1.2424,-0.0001090575697729724
2023-05-19 00:00:00+00:00,503.7885759535888,404.19494219639665,520.0248420060025,0.00014537987679671456,1.2464,-0.0001080769207670534
2023-05-20 00:00:00+00:00,503.79531321418415,404.2003475723557,520.10015840338,0.00014483230663928816,1.2464,-0.00013145911614451835
2023-05-21 00:00:00+00:00,503.802277283457,404.2059349193333,520.175485709005,0.00014483230663928816,1.2464,-0.000131009094929781
2023-05-22 00:00:00+00:00,503.82750468656127,405.4949735907938,520.2508239244574,0.00014483230663928816,1.2425,-9.475829101488644e-05
2023-05-23 00:00:00+00:00,503.8417089204028,405.5716887389542,520.3277398573579,0.0001478439425051335,1.2423,-0.00011965128984250489
2023-05-24 00:00:00+00:00,503.85491885151873,407.3859305073729,520.403812413986,0.0001462012320328542,1.2368,-0.0001199828168401739
2023-05-25 00:00:00+00:00,503.85853512532833,408.81017048708185,520.4803235289118,0.00014702258726899384,1.2325,-0.00013984537479309875
2023-05-26 00:00:00+00:00,503.8876563396181,408.2706662936462,520.5569883924459,0.00014729637234770705,1.2342,-8.949996272148637e-05
2023-05-27 00:00:00+00:00,503.9023444915435,408.2825672431887,520.6330944654923,0.0001462012320328542,1.2342,-0.00011705157587311047
2023-05-28 00:00:00+00:00,503.86419222694985,408.25165469692905,520.7092116653401,0.0001462012320328542,1.2342,-0.00022191484005768417
2023-05-29 00:00:00+00:00,503.9160171909712,408.29364543102514,520.7853399936164,0.0001462012320328542,1.2342,-4.334620716523344e-05
2023-05-30 00:00:00+00:00,503.9447593405214,406.30876347699865,520.8614794519482,0.0001462012320328542,1.2403,-8.916365321082634e-05
2023-05-31 00:00:00+00:00,503.95672385529167,406.5478572566083,520.9406247280866,0.0001519507186858316,1.2396,-0.00012820899987935126
2023-06-01 00:00:00+00:00,503.9913641070014,402.03522982370885,521.019354153097,0.00015112936344969198,1.2536,-8.239280320560495e-05
2023-06-02 00:00:00+00:00,504.020602608717,404.2513655828658,521.0978101817853,0.00015058179329226556,1.2468,-9.256789901175916e-05
2023-06-03 00:00:00+00:00,504.041018296348,404.26774005161053,521.1762780245233,0.00015058179329226556,1.2468,-0.00011007613236220864
2023-06-04 00:00:00+00:00,504.05010049102987,404.27502445542984,521.2547576830896,0.00015058179329226556,1.2468,-0.00013256303221483373
2023-06-05 00:00:00+00:00,504.0719986525001,405.2025712640676,521.3332491592637,0.00015058179329226556,1.244,-0.00010713737884034474
2023-06-06 00:00:00+00:00,504.04840167690327,405.9014347535056,521.4111815217664,0.00014948665297741273,1.2418,-0.0001962993615982486
2023-06-07 00:00:00+00:00,504.07349305578094,404.8457899411942,521.4888400249142,0.00014893908281998633,1.2451,-9.915938151716517e-05
2023-06-08 00:00:00+00:00,504.09277721232695,401.76359066894634,521.5662245427221,0.0001483915126625599,1.2547,-0.00011013487585921332
2023-06-09 00:00:00+00:00,504.10509822178017,400.751330170745,521.6430493555364,0.00014729637234770705,1.2579,-0.00012285442433705092
2023-06-10 00:00:00+00:00,504.12806568620977,400.76958874807997,521.7197426662837,0.00014702258726899384,1.2579,-0.00010146172206330892
2023-06-11 00:00:00+00:00,504.1320118125029,400.7727258228022,521.7964472526799,0.00014702258726899384,1.2579,-0.00013919496059681944
2023-06-12 00:00:00+00:00,504.1460150238063,403.67204341725227,521.8731631163828,0.00014702258726899384,1.2489,-0.00011924571340420062
2023-06-13 00:00:00+00:00,504.1768035500515,399.79129613040317,521.9503189023055,0.0001478439425051335,1.2611,-8.677328970276937e-05
2023-06-14 00:00:00+00:00,504.1932178746917,397.12761332285106,522.0269144864071,0.00014674880219028063,1.2696,-0.0001141921186525373
2023-06-15 00:00:00+00:00,504.20949842857607,395.08658394340705,522.103521310819,0.00014674880219028063,1.2762,-0.00011445849500795512
2023-06-16 00:00:00+00:00,504.171593503095,393.42301482879043,522.1797105447298,0.000145927446954141,1.2815,-0.00022110438352358425
2023-06-17 00:00:00+00:00,504.1811591252887,393.4304792237914,522.256053861754,0.0001462012320328542,1.2815,-0.00012722828251138677
2023-06-18 00:00:00+00:00,504.19058867670367,393.43783743792716,522.3324083402651,0.0001462012320328542,1.2815,-0.0001274985271731465
2023-06-19 00:00:00+00:00,504.1828424365008,393.43179277136227,522.4087739818953,0.0001462012320328542,1.2815,-0.00016156494642355793
2023-06-20 00:00:00+00:00,504.19048612364816,396.00258099563945,522.4851507882761,0.0001462012320328542,1.2732,-0.00013104068608799527
2023-06-21 00:00:00+00:00,504.1987600573567,395.853623347222,522.5622540042309,0.00014757015742642026,1.2737,-0.00013115982455361313
2023-06-22 00:00:00+00:00,504.23426735877314,395.47785675197895,522.6395116680674,0.0001478439425051335,1.275,-7.742072009888729e-05
2023-06-23 00:00:00+00:00,504.2357433580417,397.0047581749797,522.7167807539813,0.0001478439425051335,1.2701,-0.0001449167331422317
2023-06-24 00:00:00+00:00,504.278478951886,397.0384055994693,522.7942043757165,0.00014811772758384668,1.2701,-6.336452552070971e-05
2023-06-25 00:00:00+00:00,504.3155823178501,397.0676185480278,522.8716394652627,0.00014811772758384668,1.2701,-7.454059210644826e-05
2023-06-26 00:00:00+00:00,504.3203360328903,396.3536120975246,522.9490860243185,0.00014811772758384668,1.2724,-0.00013869165548365293
2023-06-27 00:00:00+00:00,504.3366590901153,395.4961253843439,523.0278326354926,0.00015058179329226556,1.2752,-0.00011821534669316863
2023-06-28 00:00:00+00:00,504.3831871641384,399.1320623281937,523.1057319211747,0.00014893908281998633,1.2637,-5.668310026440835e-05
2023-06-29 00:00:00+00:00,504.3720858398928,399.7559529522809,523.1836428091048,0.00014893908281998633,1.2617,-0.0001709487860140899
2023-06-30 00:00:00+00:00,504.3627552078473,396.85479204331364,523.2618517807609,0.00014948665297741273,1.2709,-0.00016798615425338306
2023-07-01 00:00:00+00:00,504.4193222914726,396.8993015118992,523.3396426597526,0.0001486652977412731,1.2709,-3.650974493474765e-05
2023-07-02 00:00:00+00:00,504.40720648544544,396.88976826299904,523.4174451035485,0.0001486652977412731,1.2709,-0.00017268461161712908
2023-07-03 00:00:00+00:00,504.4826640360049,397.38689565656153,523.4952591138679,0.0001486652977412731,1.2695,9.311980845258278e-07
2023-07-04 00:00:00+00:00,504.508894026857,397.4075573271815,523.5732280176209,0.00014893908281998633,1.2695,-9.694524294800864e-05
2023-07-05 00:00:00+00:00,504.554112924857,396.97412503922664,523.6512085339909,0.00014893908281998633,1.271,-5.930954697741384e-05
2023-07-06 00:00:00+00:00,504.58844934507647,396.6578487108533,523.7292006647075,0.00014893908281998633,1.2721,-8.088608445988441e-05
2023-07-07 00:00:00+00:00,504.602931873502,393.054160985747,523.8074911899814,0.00014948665297741273,1.2838,-0.00012078498839461518
2023-07-08 00:00:00+00:00,504.607692070004,393.0578688814488,523.8857934186439,0.00014948665297741273,1.2838,-0.00014005310394037154
2023-07-09 00:00:00+00:00,504.6111044162775,393.0605268860239,523.9641073524443,0.00014948665297741273,1.2838,-0.00014272427831073267
2023-07-10 00:00:00+00:00,504.6164484632464,393.0953092336577,524.0424329931328,0.00014948665297741273,1.2837,-0.00013889622616723742
2023-07-11 00:00:00+00:00,504.6375523864744,391.16157847180403,524.1210572924566,0.00015003422313483914,1.2901,-0.00010821251222489968
2023-07-12 00:00:00+00:00,504.68250594160025,388.4264649746789,524.199836884641,0.00015030800821355238,1.2993,-6.122713241815258e-05
2023-07-13 00:00:00+00:00,504.6328959261215,385.3041886891055,524.2783412818417,0.00014976043805612594,1.3097,-0.0002480598934458758
2023-07-14 00:00:00+00:00,504.713325515492,384.89539046403723,524.3568574358953,0.00014976043805612594,1.3113,9.621936774803827e-06
2023-07-15 00:00:00+00:00,504.7222295237536,384.9021806785279,524.4356724707296,0.00015030800821355238,1.3113,-0.00013266629397409434
2023-07-16 00:00:00+00:00,504.7344907495749,384.9115311138373,524.5144993520948,0.00015030800821355238,1.3113,-0.00012601499097727586
2023-07-17 00:00:00+00:00,504.7422756571948,385.94760334699095,524.5933380817715,0.00015030800821355238,1.3078,-0.0001348842403462127
2023-07-18 00:00:00+00:00,504.7733685446853,386.68099321639755,524.6721886615406,0.00015030800821355238,1.3054,-8.870649593680912e-05
2023-07-19 00:00:00+00:00,504.8057347344886,391.38295451580757,524.7510510931833,0.00015030800821355238,1.2898,-8.618776768528757e-05
2023-07-20 00:00:00+00:00,504.8224962866308,392.8885487482534,524.8299253784811,0.00015030800821355238,1.2849,-0.0001171040428287986
2023-07-21 00:00:00+00:00,504.8247827804105,392.73750021815033,524.9088115192155,0.00015030800821355238,1.2854,-0.0001457787057429174
2023-07-22 00:00:00+00:00,504.8373307620304,392.7472621456592,524.9878532293691,0.00015058179329226556,1.2854,-0.00012572568074005824
2023-07-23 00:00:00+00:00,504.8456789405702,392.753756760985,525.066906841765,0.00015058179329226556,1.2854,-0.00013404542002666903
2023-07-24 00:00:00+00:00,504.8564432851619,393.55818778076235,525.1459723581956,0.00015058179329226556,1.2828,-0.00012925974372209398
2023-07-25 00:00:00+00:00,504.8844794562653,392.1128296491653,525.2251935575849,0.00015085557837097877,1.2876,-9.532262147533569e-05
2023-07-26 00:00:00+00:00,504.9237473152661,390.50560503887556,525.304426707934,0.00015085557837097877,1.293,-7.307965021581279e-05
2023-07-27 00:00:00+00:00,504.9315023147045,392.3321696306951,525.3836718110458,0.00015085557837097877,1.287,-0.0001354968247380796
2023-07-28 00:00:00+00:00,504.9519191525318,392.3480335295508,525.4629288687235,0.00015085557837097877,1.287,-0.00011042071199069984
2023-07-29 00:00:00+00:00,504.97040468235815,392.3623968005891,525.5423417466798,0.00015112936344969198,1.287,-0.00011452086841229849
2023-07-30 00:00:00+00:00,504.99490156549575,392.38143089782113,525.6217666262538,0.00015112936344969198,1.287,-0.00010261784097149131
2023-07-31 00:00:00+00:00,505.001513410269,392.7833191337551,525.7012035092595,0.00015112936344969198,1.2857,-0.000138036469337693
2023-08-01 00:00:00+00:00,504.9959811836725,396.07527935974315,525.7810841849466,0.0001519507186858316,1.275,-0.00016290559000724299
2023-08-02 00:00:00+00:00,505.0352470246154,397.2901565643607,525.8608330475445,0.0001516769336071184,1.2712,-7.392217434969825e-05
2023-08-03 00:00:00+00:00,505.0693244289672,397.41075177352053,525.9404500333557,0.00015140314852840522,1.2709,-8.392784942295908e-05
2023-08-04 00:00:00+00:00,505.1020956312463,395.38324511252154,526.0202230680767,0.0001516769336071184,1.2775,-8.679237084712585e-05
2023-08-05 00:00:00+00:00,505.1224871215512,395.3992071401575,526.100008202527,0.0001516769336071184,1.2775,-0.00011130590667745419
2023-08-06 00:00:00+00:00,505.1522557197253,395.42250936964797,526.179805438542,0.0001516769336071184,1.2775,-9.274350867943102e-05
2023-08-07 00:00:00+00:00,505.1790426157286,395.62929173445735,526.2596147779569,0.0001516769336071184,1.2769,-9.864956275012335e-05
2023-08-08 00:00:00+00:00,505.1880309231519,396.8795906380328,526.3397243866679,0.00015222450376454482,1.2729,-0.00013443218328982603
2023-08-09 00:00:00+00:00,505.2090332713888,397.3330973428146,526.419990293987,0.00015249828884325803,1.2715,-0.00011092495980283504
2023-08-10 00:00:00+00:00,505.2479805237933,397.02025815165274,526.4999801898427,0.0001519507186858316,1.2726,-7.485935681476936e-05
2023-08-11 00:00:00+00:00,505.2576135963824,398.02868567542333,526.5798380923821,0.0001516769336071184,1.2694,-0.00013261090472543155
2023-08-12 00:00:00+00:00,505.25894736738405,398.02973638520876,526.6597081075233,0.0001516769336071184,1.2694,-0.0001490371495331195
2023-08-13 00:00:00+00:00,505.2873626050901,398.05212116361275,526.7395902371036,0.0001516769336071184,1.2694,-9.543797365590254e-05
2023-08-14 00:00:00+00:00,505.3225704096668,398.1739582457386,526.8194844829602,0.0001516769336071184,1.2691,-8.19981583550162e-05
2023-08-15 00:00:00+00:00,505.336397523476,396.49776188581876,526.8996793175592,0.00015222450376454482,1.2745,-0.00012486155855110653
2023-08-16 00:00:00+00:00,505.3584567759104,396.39066340568706,526.9798863597771,0.00015222450376454482,1.2749,-0.00010857189425032281
2023-08-17 00:00:00+00:00,505.3670195351539,396.27304911405463,527.0601056114722,0.00015222450376454482,1.2753,-0.00013528057193027692
2023-08-18 00:00:00+00:00,505.4032090118751,396.76810253719196,527.140337074503,0.00015222450376454482,1.2738,-8.061421792807948e-05
2023-08-19 00:00:00+00:00,505.3709688007911,396.7427922757035,527.2204364275698,0.0001519507186858316,1.2738,-0.00021574178789378402
2023-08-20 00:00:00+00:00,505.3591151784038,396.7334865586464,527.3005479517908,0.0001519507186858316,1.2738,-0.00017540600820402437
2023-08-21 00:00:00+00:00,505.336939351311,396.7472241118874,527.3806716490154,0.0001519507186858316,1.2737,-0.00019583204273192274
2023-08-22 00:00:00+00:00,505.3304406074458,396.86675615129644,527.4610962990109,0.00015249828884325803,1.2733,-0.00016535850815272094
2023-08-23 00:00:00+00:00,505.346060157709,397.4408652439709,527.541533213628,0.00015249828884325803,1.2715,-0.00012158871164772103
2023-08-24 00:00:00+00:00,505.3318832908378,399.97774520408245,527.6219823947367,0.00015249828884325803,1.2634,-0.000180552068201475
2023-08-25 00:00:00+00:00,505.32530955833175,402.0089972619982,527.7025882992341,0.00015277207392197127,1.257,-0.00016578081673726156
2023-08-26 00:00:00+00:00,505.3271404460815,402.01045381549847,527.7836399493466,0.0001535934291581109,1.257,-0.00014997024283603386
2023-08-27 00:00:00+00:00,505.3377499602066,402.0188941608645,527.86470404846,0.0001535934291581109,1.257,-0.0001325980911366431
2023-08-28 00:00:00+00:00,505.3384021240322,401.31702837041945,527.9457805984863,0.0001535934291581109,1.2592,-0.0001523028787775493
2023-08-29 00:00:00+00:00,505.3266491303926,400.6077763836947,528.0264359703067,0.00015277207392197127,1.2614,-0.0001760297436146602
2023-08-30 00:00:00+00:00,505.355971090782,397.1051163686799,528.106814532497,0.00015222450376454482,1.2726,-9.419874866149208e-05
2023-08-31 00:00:00+00:00,505.35238048145607,398.9519069088625,528.1872053302739,0.00015222450376454482,1.2667,-0.00015932961289825414
2023-09-01 00:00:00+00:00,505.3549962658908,401.2664731347394,528.2676083655001,0.00015222450376454482,1.2594,-0.00014704834444338182
2023-09-02 00:00:00+00:00,505.35967173703904,401.2701855939646,528.3475897446722,0.00015140314852840522,1.2594,-0.00014215129352984537
2023-09-03 00:00:00+00:00,505.3597874960696,401.2702775099806,528.4275832332769,0.00015140314852840522,1.2594,-0.00015117408586867622
2023-09-04 00:00:00+00:00,505.35156431033,401.2637480628315,528.5075888331477,0.00015140314852840522,1.2594,-0.00016767509169263075
2023-09-05 00:00:00+00:00,505.3413934795148,401.6064479690971,528.5876065461182,0.00015140314852840522,1.2583,-0.00017152939633985245
2023-09-06 00:00:00+00:00,505.36290466117975,404.35502053222893,528.6679258128212,0.0001519507186858316,1.2498,-0.00010938309619827675
2023-09-07 00:00:00+00:00,505.38031972910113,404.7900037878263,528.7482572840946,0.0001519507186858316,1.2485,-0.00011749019979782955
2023-09-08 00:00:00+00:00,505.37637934723534,405.07885487915627,528.8283114350263,0.00015140314852840522,1.2476,-0.00015920001301233846
2023-09-09 00:00:00+00:00,505.3846870696996,405.085513842337,528.9086672770103,0.0001519507186858316,1.2476,-0.00013551203495669524
2023-09-10 00:00:00+00:00,505.4080082728593,405.1042066951421,528.9890353291221,0.0001519507186858316,1.2476,-0.00010580526996854862
2023-09-11 00:00:00+00:00,505.4156258576902,403.3966205265306,529.0694155932173,0.0001519507186858316,1.2529,-0.000136878569637442
2023-09-12 00:00:00+00:00,505.412282780636,405.07516452723894,529.1498080711513,0.0001519507186858316,1.2477,-0.00015856522936401392
2023-09-13 00:00:00+00:00,505.4032368529451,404.71111215002014,529.2303576381021,0.00015222450376454482,1.2488,-0.00017012261981578519
2023-09-14 00:00:00+00:00,505.4158606654475,407.2649965072099,529.3107745712956,0.0001519507186858316,1.241,-0.00012697301458368455
2023-09-15 00:00:00+00:00,505.393413761541,407.83845526270255,529.3912037238998,0.0001519507186858316,1.2392,-0.0001963634600607312
2023-09-16 00:00:00+00:00,505.4151727999658,407.8560142026838,529.4717900371841,0.00015222450376454482,1.2392,-0.00010917083936715926
2023-09-17 00:00:00+00:00,505.417868499485,407.8581895573636,529.5523886176799,0.00015222450376454482,1.2392,-0.00014689086982492555
2023-09-18 00:00:00+00:00,505.4303762222362,407.50655181991146,529.6329994672545,0.00015222450376454482,1.2403,-0.00012747721339204936
2023-09-19 00:00:00+00:00,505.43347868249066,407.83787515733934,529.7134775821633,0.0001519507186858316,1.2393,-0.00014581246423887924
2023-09-20 00:00:00+00:00,505.4314350360909,407.96790300758005,529.7938228981333,0.0001516769336071184,1.2389,-0.00015572028745285802
2023-09-21 00:00:00+00:00,505.44576730141625,410.9649299141526,529.8744704999216,0.00015222450376454482,1.2299,-0.00012386800606393471
2023-09-22 00:00:00+00:00,505.4450807390757,412.37258769607223,529.9552754499745,0.00015249828884325803,1.2257,-0.00015385661922198926
2023-09-23 00:00:00+00:00,505.4515054115871,412.37782933147355,530.0359476287972,0.00015222450376454482,1.2257,-0.0001395135827243849
2023-09-24 00:00:00+00:00,505.46192930349446,412.3863337713098,530.1166320879025,0.00015222450376454482,1.2257,-0.00013160157199802185
2023-09-25 00:00:00+00:00,505.4735085348236,413.71215299952826,530.1973288291595,0.00015222450376454482,1.2218,-0.00012931628722460403
2023-09-26 00:00:00+00:00,505.4917197795946,415.4271201344465,530.2783281746727,0.00015277207392197127,1.2168,-0.0001167439844901547
2023-09-27 00:00:00+00:00,505.4944041860469,416.6277130025936,530.3593398946238,0.00015277207392197127,1.2133,-0.00014746158841396798
2023-09-28 00:00:00+00:00,505.4997850885149,413.5644155187065,530.4403639909034,0.00015277207392197127,1.2223,-0.00014212724299325245
2023-09-29 00:00:00+00:00,505.5023966547327,413.8712924960968,530.5211100120887,0.00015222450376454482,1.2214,-0.00014705819846653483
2023-09-30 00:00:00+00:00,505.5123564738034,413.87944692467937,530.6017230760331,0.0001519507186858316,1.2214,-0.00013224790592651699
2023-10-01 00:00:00+00:00,505.4930815016728,413.8636658765947,530.6823483891903,0.0001519507186858316,1.2214,-0.00019008029530991129
2023-10-02 00:00:00+00:00,505.5341319029114,416.7635052785749,530.762985953422,0.0001519507186858316,1.213,-7.074208746842066e-05
2023-10-03 00:00:00+00:00,505.5306833925953,418.8670837621967,530.8446529754906,0.0001538672142368241,1.2069,-0.00016068873250529799
2023-10-04 00:00:00+00:00,505.54209764675545,415.8444498204783,530.9263325634364,0.0001538672142368241,1.2157,-0.00013128845782273076
2023-10-05 00:00:00+00:00,505.5394738411322,415.3639584595614,531.0078793594852,0.0001535934291581109,1.2171,-0.00015878351250720455
2023-10-06 00:00:00+00:00,505.570589788967,412.5423009293896,531.0894386805859,0.0001535934291581109,1.2255,-9.204344256975026e-05
2023-10-07 00:00:00+00:00,505.57920726417456,412.5493327329046,531.1713013373901,0.0001541409993155373,1.2255,-0.00013709595084642636
2023-10-08 00:00:00+00:00,505.6141972137568,412.57788430335114,531.253176612586,0.0001541409993155373,1.2255,-8.493334781500153e-05
2023-10-09 00:00:00+00:00,505.6380694146382,412.5973638634339,531.3350645081186,0.0001541409993155373,1.2255,-0.00010692673790257281
2023-10-10 00:00:00+00:00,505.6470415773469,411.4966158669816,531.4169650259332,0.0001541409993155373,1.2288,-0.00013639676039955298
2023-10-11 00:00:00+00:00,505.6461198700973,410.96076062264086,531.4985871799043,0.0001535934291581109,1.2304,-0.00015541625649374
2023-10-12 00:00:00+00:00,505.6760666754449,414.01348180403215,531.580221870502,0.0001535934291581109,1.2214,-9.436859943879326e-05
2023-10-13 00:00:00+00:00,505.68913839230913,416.5822047881285,531.6621601771176,0.0001541409993155373,1.2139,-0.00012829101802180212
2023-10-14 00:00:00+00:00,505.6728365734903,416.56877549509045,531.7439655526191,0.0001538672142368241,1.2139,-0.0001861040522093121
2023-10-15 00:00:00+00:00,505.7054395486907,416.59563353545656,531.8257835152858,0.0001538672142368241,1.2139,-8.939276980879314e-05
2023-10-16 00:00:00+00:00,505.7099024808047,414.5842781446177,531.9076140670546,0.0001538672142368241,1.2198,-0.00014504205285825685
2023-10-17 00:00:00+00:00,505.7162800463551,414.3177781798748,531.9893115814946,0.0001535934291581109,1.2206,-0.00014098231452686625
2023-10-18 00:00:00+00:00,505.7398626875981,416.24680056592433,532.0711672948712,0.0001538672142368241,1.215,-0.00010723505669429863
2023-10-19 00:00:00+00:00,505.7449351551444,416.42234265553265,532.1528899300122,0.0001535934291581109,1.2145,-0.00014356363336665565
2023-10-20 00:00:00+00:00,505.7642477476567,416.1641140028443,532.2344794216921,0.00015331964407939766,1.2153,-0.00011513321615920277
2023-10-21 00:00:00+00:00,505.7608910303977,416.16135195457724,532.3157899869262,0.00015277207392197127,1.2153,-0.00015940899472835116
2023-10-22 00:00:00+00:00,505.7752533714538,416.1731698934039,532.397112974144,0.00015277207392197127,1.2153,-0.00012437458152816553
2023-10-23 00:00:00+00:00,505.706795105317,413.327989460823,532.4784483852432,0.00015277207392197127,1.2235,-0.0002881252088973402
2023-10-24 00:00:00+00:00,505.8091440290929,415.6196746336014,532.5597962221218,0.00015277207392197127,1.217,4.961580135795892e-05
2023-10-25 00:00:00+00:00,505.84240563671295,416.67413973370094,532.6411564866783,0.00015277207392197127,1.214,-8.701286807779766e-05
2023-10-26 00:00:00+00:00,505.8424862511158,417.60297717420605,532.7226750100118,0.00015304585900068445,1.2113,-0.00015288649236413042
2023-10-27 00:00:00+00:00,505.829328600517,416.2861728257073,532.8042060094178,0.00015304585900068445,1.2151,-0.00017905721818158414
2023-10-28 00:00:00+00:00,505.8663696056754,416.3166567407418,532.8857494868057,0.00015304585900068445,1.2151,-7.981759194676917e-05
2023-10-29 00:00:00+00:00,505.8790749559004,416.32711295852226,532.9673054440851,0.00015304585900068445,1.2151,-0.0001279298382719407
2023-10-30 00:00:00+00:00,505.89799464596274,416.1372004984476,533.048873883166,0.00015304585900068445,1.2157,-0.00011564622932837664
2023-10-31 00:00:00+00:00,505.93359743944046,416.9209702838405,533.1306007467867,0.00015331964407939766,1.2135,-8.294420504907415e-05
2023-11-01 00:00:00+00:00,505.94663166951335,417.2067549018829,533.2121941775376,0.00015304585900068445,1.2127,-0.0001272831301784194
2023-11-02 00:00:00+00:00,506.0666632400976,415.66050368796516,533.2935081247401,0.00015249828884325803,1.2175,8.47432759205324e-05
2023-11-03 00:00:00+00:00,506.105604314447,409.00727680171894,533.3743964487651,0.0001516769336071184,1.2374,-7.472842627003604e-05
2023-11-04 00:00:00+00:00,506.10343253314295,409.0055216851002,533.4551510117318,0.00015140314852840522,1.2374,-0.00015569431085810006
2023-11-05 00:00:00+00:00,506.1256627653112,409.02348696081395,533.5359178011937,0.00015140314852840522,1.2374,-0.00010747886203038473
2023-11-06 00:00:00+00:00,506.1454972283192,408.47832880987744,533.6166968190018,0.00015140314852840522,1.2391,-0.00011221433739466615
2023-11-07 00:00:00+00:00,506.1906277231501,411.6709724488859,533.6979263558757,0.00015222450376454482,1.2296,-6.305944139010371e-05
2023-11-08 00:00:00+00:00,506.22870177982,411.53459213057477,533.7790221393466,0.0001519507186858316,1.2301,-7.673388418764977e-05
2023-11-09 00:00:00+00:00,506.22658856894896,412.2702081349857,533.8599841046486,0.0001516769336071184,1.2279,-0.0001558513529232237
2023-11-10 00:00:00+00:00,506.3767567556751,412.3925048910132,533.9409583500131,0.0001516769336071184,1.2279,0.00014496530154423806
2023-11-11 00:00:00+00:00,506.4202692556427,412.42794140861855,534.0217986922355,0.00015140314852840522,1.2279,-6.547404655626767e-05
2023-11-12 00:00:00+00:00,506.45112771326336,412.4530724922741,534.1026512739403,0.00015140314852840522,1.2279,-9.046866487111185e-05
2023-11-13 00:00:00+00:00,506.573331488773,412.9225069194433,534.1835160969806,0.00015140314852840522,1.2268,8.989116166774433e-05
2023-11-14 00:00:00+00:00,506.6501023565273,405.87206789756254,534.2646856661615,0.0001519507186858316,1.2483,-4.013516304169479e-07
2023-11-15 00:00:00+00:00,506.6554261241349,407.5741502084586,534.34542874802,0.00015112936344969198,1.2431,-0.00014062158385414427
2023-11-16 00:00:00+00:00,506.7278370811063,407.8949022628241,534.4263303283342,0.00015140314852840522,1.2423,-8.483615374920285e-06
2023-11-17 00:00:00+00:00,506.744314978092,407.6784513098085,534.5069515214925,0.00015085557837097877,1.243,-0.00011833733922979054
2023-11-18 00:00:00+00:00,506.7834696152975,407.70995142019103,534.5874385367798,0.00015058179329226556,1.243,-7.331474549672828e-05
2023-11-19 00:00:00+00:00,506.81906540518594,407.7385884192968,534.6679376719462,0.00015058179329226556,1.243,-8.034313709566826e-05
2023-11-20 00:00:00+00:00,506.8297313059233,405.3016643789871,534.7484489288167,0.00015058179329226556,1.2505,-0.00012953700341485425
2023-11-21 00:00:00+00:00,506.90163950709086,404.2277827010294,534.8295579338015,0.0001516769336071184,1.254,-9.798514236817967e-06
2023-11-22 00:00:00+00:00,506.9079109504469,406.56714064039693,534.9105328127987,0.00015140314852840522,1.2468,-0.00013903103751672266
2023-11-23 00:00:00+00:00,506.9477245638051,406.59907327863743,534.9916664021699,0.0001516769336071184,1.2468,-7.313483059750279e-05
2023-11-24 00:00:00+00:00,506.9939513970249,402.3442198214625,535.0728122976351,0.0001516769336071184,1.2601,-6.0490345760104235e-05
2023-11-25 00:00:00+00:00,507.0330883402037,402.37527842250904,535.153970501061,0.0001516769336071184,1.2601,-7.448283085514216e-05
2023-11-26 00:00:00+00:00,507.08674828735866,402.4178623024829,535.2351410143143,0.0001516769336071184,1.2601,-4.5845680403048904e-05
2023-11-27 00:00:00+00:00,507.122441853529,402.06330123961703,535.3163238392622,0.0001516769336071184,1.2613,-8.128746614238078e-05
2023-11-28 00:00:00+00:00,507.1466242127191,398.9197075534642,535.3967861696627,0.00015030800821355238,1.2713,-0.00010262256344847475
2023-11-29 00:00:00+00:00,507.21054294874097,399.6930992503869,535.4769674268932,0.00014976043805612594,1.269,-2.3724429986196285e-05
2023-11-30 00:00:00+00:00,507.2369867415001,401.29508444738934,535.5568674808966,0.00014921286789869952,1.264,-9.70771362448422e-05
2023-12-01 00:00:00+00:00,507.2641170788456,399.98747601233686,535.6367794570161,0.00014921286789869952,1.2682,-9.572635556886282e-05
2023-12-02 00:00:00+00:00,507.2456842924091,399.97294140704076,535.7164100583154,0.0001486652977412731,1.2682,-0.0001850029487121588
2023-12-03 00:00:00+00:00,507.2666926955839,399.9895069354865,535.7960524979217,0.0001486652977412731,1.2682,-0.00010724867493816989
2023-12-04 00:00:00+00:00,507.3371775435205,401.59675258728765,535.8757067775949,0.0001486652977412731,1.2633,-9.715019807403938e-06
2023-12-05 00:00:00+00:00,507.3408098208342,402.97125482194934,535.955813043413,0.00014948665297741273,1.259,-0.00014232715930261066
2023-12-06 00:00:00+00:00,507.4558998116865,403.09468568725595,536.0357845473442,0.00014921286789869952,1.2589,7.763659625726534e-05
2023-12-07 00:00:00+00:00,507.3798545316547,403.25850781406353,536.1157679840527,0.00014921286789869952,1.2582,-0.0002990688062374161
2023-12-08 00:00:00+00:00,507.4312265810629,404.6823722633886,536.1956165748217,0.00014893908281998633,1.2539,-4.7689399866655856e-05
2023-12-09 00:00:00+00:00,507.5629816112961,404.78744844987324,536.2754770581664,0.00014893908281998633,1.2539,0.00011071192667922027
2023-12-10 00:00:00+00:00,507.61824078275606,404.8315182891427,536.3553494358583,0.00014893908281998633,1.2539,-4.00675270486581e-05
2023-12-11 00:00:00+00:00,507.70481752311457,404.5456713331591,536.4352337096689,0.00014893908281998633,1.255,2.1615742445969777e-05
2023-12-12 00:00:00+00:00,507.72185019323655,404.5914815469253,536.5155704852579,0.00014976043805612594,1.2549,-0.00011621206598220435
2023-12-13 00:00:00+00:00,507.7782590860478,405.3470576243696,536.59577240216,0.00014948665297741273,1.2527,-3.838469274118652e-05
2023-12-14 00:00:00+00:00,507.8253489087114,397.76403924861864,536.6756924843468,0.00014893908281998633,1.2767,-5.620210201984086e-05
2023-12-15 00:00:00+00:00,507.8632321287487,399.60912119659196,536.7554775359605,0.0001486652977412731,1.2709,-7.406638274288143e-05
2023-12-16 00:00:00+00:00,507.8822475591646,399.62408337332965,536.8354214044833,0.00014893908281998633,1.2709,-0.0001114970527358303
2023-12-17 00:00:00+00:00,507.9263880094747,399.65881502043806,536.9153771797727,0.00014893908281998633,1.2709,-6.202828701606797e-05
2023-12-18 00:00:00+00:00,507.96170636481406,402.1229467739186,536.9953448636018,0.00014893908281998633,1.2632,-7.940468536959819e-05
2023-12-19 00:00:00+00:00,508.0230608948141,398.41821103820416,537.0756185003698,0.00014948665297741273,1.2751,-2.8700914148624656e-05
2023-12-20 00:00:00+00:00,508.0344160672937,401.29100795204874,537.1554630071039,0.0001486652977412731,1.266,-0.0001263136106749488
2023-12-21 00:00:00+00:00,508.1259619973192,401.109853171234,537.235466449096,0.00014893908281998633,1.2668,3.125723288266571e-05
2023-12-22 00:00:00+00:00,508.31026816762574,399.614990697819,537.3151876326183,0.0001483915126625599,1.272,0.0002143259709748049
2023-12-23 00:00:00+00:00,508.4031079962442,399.6879779844687,537.3952148638496,0.00014893908281998633,1.272,3.370493291710155e-05
2023-12-24 00:00:00+00:00,508.4572784678284,399.73056483319846,537.4752540142632,0.00014893908281998633,1.272,-4.238884594642698e-05
2023-12-25 00:00:00+00:00,508.51978719109024,399.7797069112345,537.5553050856346,0.00014893908281998633,1.272,-2.6001078175406955e-05
2023-12-26 00:00:00+00:00,508.6559811585869,400.23289098952466,537.635368079739,0.00014893908281998633,1.2709,0.00011888523970826761
2023-12-27 00:00:00+00:00,508.8238086994079,397.6117908098835,537.7155901948939,0.00014921286789869952,1.2797,0.00018073025090371204
2023-12-28 00:00:00+00:00,508.9635457420924,399.40637663194883,537.7956770617155,0.00014893908281998633,1.2743,0.00012568848038641136
2023-12-29 00:00:00+00:00,509.1955957357264,399.5884766034108,537.8759230970334,0.00014921286789869952,1.2743,0.00030671368239210876
2023-12-30 00:00:00+00:00,509.2837849095519,399.657682578319,537.9554447940826,0.0001478439425051335,1.2743,2.5349177317645244e-05
2023-12-31 00:00:00+00:00,509.4276673984251,399.7705935795536,538.0349782479332,0.0001478439425051335,1.2743,0.00013467533876119114
2024-01-01 00:00:00+00:00,509.46620318898505,399.8008343317783,538.114523460323,0.0001478439425051335,1.2743,-7.219867817001108e-05
2024-01-02 00:00:00+00:00,509.7102046933072,403.5071284779189,538.1940804329905,0.0001478439425051335,1.2632,0.0003310916626337636
2024-01-03 00:00:00+00:00,509.8674969455442,403.34427414409004,538.2745332647268,0.00014948665297741273,1.2641,0.0001591048776388296
2024-01-04 00:00:00+00:00,509.8967143812738,401.7465445802661,538.3552928661584,0.00015003422313483914,1.2692,-9.27302453274955e-05
2024-01-05 00:00:00+00:00,509.9579794116403,400.28098854916817,538.4360645842941,0.00015003422313483914,1.274,-2.988237936227454e-05
2024-01-06 00:00:00+00:00,510.0154781396672,400.3261209887498,538.5167010051913,0.00014976043805612594,1.274,-3.700854408004406e-05
2024-01-07 00:00:00+00:00,510.06580194896026,400.36562162398764,538.5973495022344,0.00014976043805612594,1.274,-5.108929678674623e-05
2024-01-08 00:00:00+00:00,510.0728979974144,399.555771578736,538.6780100772316,0.00014976043805612594,1.2766,-0.00013584841253520241
2024-01-09 00:00:00+00:00,510.1041865518085,401.02530389293116,538.7589776959946,0.00015030800821355238,1.272,-8.896666952059728e-05
2024-01-10 00:00:00+00:00,510.1704121494788,400.7623033381609,538.8396624765011,0.00014976043805612594,1.273,-1.9932847112305254e-05
2024-01-11 00:00:00+00:00,510.1563077167606,401.3186813379173,538.9202118141362,0.00014948665297741273,1.2712,-0.0001771331655589933
2024-01-12 00:00:00+00:00,510.1728552797424,400.2611448923132,539.0007731928222,0.00014948665297741273,1.2746,-0.00011705039230290617
2024-01-13 00:00:00+00:00,510.2713422034879,400.33841377960766,539.0811990439897,0.00014921286789869952,1.2746,4.383331777402995e-05
2024-01-14 00:00:00+00:00,510.28196961140833,400.34675161729825,539.1616368957294,0.00014921286789869952,1.2746,-0.00012838589400964522
2024-01-15 00:00:00+00:00,510.3289698737833,400.38362613665726,539.2420867498315,0.00014921286789869952,1.2746,-5.7106414655165013e-05
2024-01-16 00:00:00+00:00,510.4175279253447,403.2689641505449,539.3225486080871,0.00014921286789869952,1.2657,2.431843600370827e-05
2024-01-17 00:00:00+00:00,510.4314569679107,402.9934130490374,539.4030224722874,0.00014921286789869952,1.2666,-0.00012192336116367079
2024-01-18 00:00:00+00:00,510.48435284118113,402.36805615289757,539.4838037052215,0.00014976043805612594,1.2687,-4.613070962076438e-05
2024-01-19 00:00:00+00:00,510.5091902576698,402.70504871631283,539.5643016307572,0.00014921286789869952,1.2677,-0.00010055825909348974
2024-01-20 00:00:00+00:00,510.5693201541045,402.7524809924308,539.6448115676193,0.00014921286789869952,1.2677,-3.1428707334738834e-05
2024-01-21 00:00:00+00:00,510.602887499111,402.7789599267263,539.7253335175999,0.00014921286789869952,1.2677,-8.346793634583043e-05
2024-01-22 00:00:00+00:00,510.6588131583178,401.20899839591283,539.8058674824916,0.00014921286789869952,1.2728,-3.968418998467142e-05
2024-01-23 00:00:00+00:00,510.70664226106777,403.36990937609016,539.8865612548791,0.00014948665297741273,1.2661,-5.582508968403368e-05
2024-01-24 00:00:00+00:00,510.75205412551816,400.46421054219707,539.9671192770239,0.00014921286789869952,1.2754,-6.0293201122322545e-05
2024-01-25 00:00:00+00:00,510.79390101139,402.1999220562126,540.047541484522,0.00014893908281998633,1.27,-6.70071835082706e-05
2024-01-26 00:00:00+00:00,510.8558482488144,401.6162329000113,540.1279756700297,0.00014893908281998633,1.272,-2.7662698544926622e-05
2024-01-27 00:00:00+00:00,510.8870921640077,401.6407957264211,540.2084218353315,0.00014893908281998633,1.272,-8.777913858048911e-05
2024-01-28 00:00:00+00:00,510.8949872979383,401.6470025927188,540.2888799822113,0.00014893908281998633,1.272,-0.00013348530829393332
2024-01-29 00:00:00+00:00,510.935431648617,402.91414844934707,540.3693501124536,0.00014893908281998633,1.2681,-6.977535703644875e-05
2024-01-30 00:00:00+00:00,510.95264250818207,402.86418237655295,540.4495363377132,0.0001483915126625599,1.2683,-0.00011470651354340532
2024-01-31 00:00:00+00:00,511.0212836506231,401.33612161362055,540.5297344619281,0.0001483915126625599,1.2733,-1.4051973671113982e-05
2024-02-01 00:00:00+00:00,511.0117637901489,401.51784693183697,540.6099444868639,0.0001483915126625599,1.2727,-0.0001670206006844197
2024-02-02 00:00:00+00:00,511.070446803651,404.7441568097339,540.6901664142868,0.0001483915126625599,1.2627,-3.355459958088701e-05
2024-02-03 00:00:00+00:00,511.0975838846936,404.765648122827,540.7705482788626,0.0001486652977412731,1.2627,-9.556678419520489e-05
2024-02-04 00:00:00+00:00,511.1192554987729,404.7828110388635,540.8509420934323,0.0001486652977412731,1.2627,-0.00010626319144580373
2024-02-05 00:00:00+00:00,511.1521743667653,407.87757290677087,540.9313478597724,0.0001486652977412731,1.2532,-8.425984316640575e-05
2024-02-06 00:00:00+00:00,511.1963383482602,406.06588160160476,541.0116174807279,0.0001483915126625599,1.2589,-6.199066432489552e-05
2024-02-07 00:00:00+00:00,511.2060074962874,404.78740002873343,541.0921952548305,0.00014893908281998633,1.2629,-0.00013002433851960624
2024-02-08 00:00:00+00:00,511.2413725787111,405.104098715302,541.1726368871435,0.0001486652977412731,1.262,-7.948558955106963e-05
2024-02-09 00:00:00+00:00,511.2755122155791,404.87449494423436,541.2532386433288,0.00014893908281998633,1.2628,-8.216116010251049e-05
2024-02-10 00:00:00+00:00,511.3226792718906,404.9118461133122,541.3338524042658,0.00014893908281998633,1.2628,-5.668538557745826e-05
2024-02-11 00:00:00+00:00,511.3752110350416,404.9534455456459,541.4144781717423,0.00014893908281998633,1.2628,-4.62020729423682e-05
2024-02-12 00:00:00+00:00,511.3148556607021,404.80948116594266,541.4951159475467,0.00014893908281998633,1.2631,-0.0002669646989177363
2024-02-13 00:00:00+00:00,511.3383070737758,405.6308956637917,541.5756174801844,0.0001486652977412731,1.2606,-0.00010280038141019995
2024-02-14 00:00:00+00:00,511.3695863876309,407.0765693262465,541.6564275312527,0.00014921286789869952,1.2562,-8.804140191941782e-05
2024-02-15 00:00:00+00:00,511.3976663511279,406.51642794207305,541.7369530453251,0.0001486652977412731,1.258,-9.375400805089948e-05
2024-02-16 00:00:00+00:00,511.4542909995734,406.2385154881441,541.8174905307471,0.0001486652977412731,1.259,-3.794002038615604e-05
2024-02-17 00:00:00+00:00,511.5127561281763,406.2849532392187,541.8981883308426,0.00014893908281998633,1.259,-3.462754094463036e-05
2024-02-18 00:00:00+00:00,511.48423134789743,406.2622965432069,541.9788981499944,0.00014893908281998633,1.259,-0.00020470461346833033
2024-02-19 00:00:00+00:00,511.5394239003225,406.3061349486279,542.0596199899926,0.00014893908281998633,1.259,-4.10324279469507e-05
2024-02-20 00:00:00+00:00,511.6537698981288,404.62931585458983,542.1403538526278,0.00014893908281998633,1.2645,7.459402619125612e-05
2024-02-21 00:00:00+00:00,511.8498844211157,405.4577664932792,542.2210997396902,0.00014893908281998633,1.2624,0.00023435629097523638
2024-02-22 00:00:00+00:00,511.8264123491156,404.6378467460793,542.3018576529711,0.00014893908281998633,1.2649,-0.00019479641856323535
2024-02-23 00:00:00+00:00,511.9043045624702,403.7737060754616,542.3827760684183,0.00014921286789869952,1.2678,2.971957806415529e-06
2024-02-24 00:00:00+00:00,511.8980634118748,403.76878325593526,542.4638550542453,0.00014948665297741273,1.2678,-0.0001616786789866295
2024-02-25 00:00:00+00:00,511.877886990069,403.75286874118075,542.5449461602985,0.00014948665297741273,1.2678,-0.00018890157412652955
2024-02-26 00:00:00+00:00,512.1161450101513,403.84523697669846,542.6260493883899,0.00014948665297741273,1.2681,0.00031597205531587436
2024-02-27 00:00:00+00:00,512.3038207515178,403.61129815766,542.7073133032468,0.00014976043805612594,1.2693,0.00021671061191010676
2024-02-28 00:00:00+00:00,512.4937476059588,404.4938812990993,542.7882922178944,0.00014921286789869952,1.267,0.00022151802800286143
2024-02-29 00:00:00+00:00,512.9043621469357,406.0357521745849,542.869283215638,0.00014921286789869952,1.2632,0.0006519960110290621
2024-03-01 00:00:00+00:00,513.1365369163811,405.5774082487995,542.9502862982807,0.00014921286789869952,1.2652,0.0003034539187000215
2024-03-02 00:00:00+00:00,513.4835459215332,405.85168030472107,543.030855512565,0.0001483915126625599,1.2652,0.000527859309852097
2024-03-03 00:00:00+00:00,513.6811481527398,406.0078629092157,543.111436682637,0.0001483915126625599,1.2652,0.00023643529001903275
2024-03-04 00:00:00+00:00,513.9061056675608,404.61861716995577,543.1920298102706,0.0001483915126625599,1.2701,0.0002895406863874131
2024-03-05 00:00:00+00:00,514.3926048370575,404.6511995256903,543.2735272044762,0.00015003422313483914,1.2712,0.0007966351472646053
2024-03-06 00:00:00+00:00,514.54877903059,403.3462248417261,543.3548880858946,0.00014976043805612594,1.2757,0.0001538485020101874
2024-03-07 00:00:00+00:00,514.7921913921326,402.30712050025994,543.4362611519542,0.00014976043805612594,1.2796,0.00032329939895516554
2024-03-08 00:00:00+00:00,515.13820708431,400.82337930618587,543.5176464044798,0.00014976043805612594,1.2852,0.0005223859114090932
2024-03-09 00:00:00+00:00,515.363222076906,400.9984609997713,543.598895038275,0.00014948665297741273,1.2852,0.0002873184402996246
2024-03-10 00:00:00+00:00,515.612915298714,401.1927445523763,543.6801558176566,0.00014948665297741273,1.2852,0.0003350128439050385
2024-03-11 00:00:00+00:00,515.80045689141,402.7488536670649,543.76142874444,0.00014948665297741273,1.2807,0.00021423889991602194
2024-03-12 00:00:00+00:00,516.2526267359564,403.763981492223,543.8430115679723,0.00015003422313483914,1.2786,0.000726602930836399
2024-03-13 00:00:00+00:00,516.5645902031903,403.597617160083,543.9246066317203,0.00015003422313483914,1.2799,0.0004542502900624338
2024-03-14 00:00:00+00:00,516.8376390334504,405.3946498026907,544.0062139375202,0.00015003422313483914,1.2749,0.00037855181516224616
2024-03-15 00:00:00+00:00,517.0689548556405,405.798897234061,544.0878334872089,0.00015003422313483914,1.2742,0.0002975257158486492
2024-03-16 00:00:00+00:00,517.2503577548041,405.9412633454749,544.1694652826234,0.00015003422313483914,1.2742,0.00020079499888694765
2024-03-17 00:00:00+00:00,517.3748679589921,406.03897971981803,544.2511093256007,0.00015003422313483914,1.2742,9.068132654313312e-05
2024-03-18 00:00:00+00:00,517.46469108268,406.3007938777324,544.3327656179787,0.00015003422313483914,1.2736,2.3579010229672143e-05
2024-03-19 00:00:00+00:00,517.5856703195345,407.1310236132577,544.4144341615951,0.00015003422313483914,1.2713,8.375803156249008e-05
2024-03-20 00:00:00+00:00,517.6294242491491,407.1654402966641,544.4961149582879,0.00015003422313483914,1.2713,-6.549956129317712e-05
2024-03-21 00:00:00+00:00,517.7580367008566,408.64880560446454,544.5776589349838,0.00014976043805612594,1.267,9.87038989431952e-05
2024-03-22 00:00:00+00:00,517.9019281218729,410.93543451707757,544.6593642209787,0.00015003422313483914,1.2603,0.00012787825879037408
2024-03-23 00:00:00+00:00,517.9157327378263,410.946387953524,544.7407835263489,0.00014948665297741273,1.2603,-0.00012283176871495685
2024-03-24 00:00:00+00:00,518.0543962288888,411.0564121470196,544.8222150028186,0.00014948665297741273,1.2603,0.00011824703862052508
2024-03-25 00:00:00+00:00,518.0685374949541,409.60510554629514,544.9036586522071,0.00014948665297741273,1.2648,-0.0001221897780387812
2024-03-26 00:00:00+00:00,518.2802519961708,410.35649405872596,544.9851144763343,0.00014948665297741273,1.263,0.0002591745296538631
2024-03-27 00:00:00+00:00,518.3990495540447,410.41805839129506,545.0665824770198,0.00014948665297741273,1.2631,7.972825038106399e-05
2024-03-28 00:00:00+00:00,518.6156693080336,410.4920605572531,545.1479134249868,0.00014921286789869952,1.2634,0.0002686500779828313
2024-03-29 00:00:00+00:00,518.8217661423942,410.5577005162571,545.2294057619423,0.00014948665297741273,1.2637,0.0002479113559095273
2024-03-30 00:00:00+00:00,519.0214823984487,410.7157413930907,545.3109102809146,0.00014948665297741273,1.2637,0.00023545528486669496
2024-03-31 00:00:00+00:00,519.2872296225904,410.9260343614706,545.3924269837246,0.00014948665297741273,1.2637,0.000362529194446917
2024-04-01 00:00:00+00:00,519.585304873608,414.17720595743964,545.4739558721936,0.00014948665297741273,1.2545,0.0004245217839993346
2024-04-02 00:00:00+00:00,519.662173617812,413.21737724062655,545.5551982628833,0.00014893908281998633,1.2576,-9.965919856011799e-07
2024-04-03 00:00:00+00:00,519.6946695777333,411.3135493294288,545.6361540239944,0.0001483915126625599,1.2635,-8.585865656663948e-05
2024-04-04 00:00:00+00:00,519.7319475095788,410.2391250371607,545.7171217982535,0.0001483915126625599,1.2669,-7.666106394378346e-05
2024-04-05 00:00:00+00:00,519.7775647655789,411.444284624063,545.7979521782379,0.00014811772758384668,1.2633,-6.034699072889372e-05
2024-04-06 00:00:00+00:00,519.9132282008309,411.551672762472,545.8790933933051,0.0001486652977412731,1.2633,0.00011233757050132601
2024-04-07 00:00:00+00:00,519.940933967249,411.57360402695235,545.9602466712552,0.0001486652977412731,1.2633,-9.537608539711892e-05
2024-04-08 00:00:00+00:00,519.9815112511944,410.8901708820185,546.0414120138815,0.0001486652977412731,1.2655,-7.062319469731046e-05
2024-04-09 00:00:00+00:00,520.1206388641026,410.3192165226433,546.1225894229777,0.0001486652977412731,1.2676,0.00011889731727065614
2024-04-10 00:00:00+00:00,520.2390213476693,414.7313626814966,546.2037789003376,0.0001486652977412731,1.2544,7.894052044987246e-05
2024-04-11 00:00:00+00:00,520.3017045757717,415.0791420628414,546.2852795326444,0.00014921286789869952,1.2535,-2.8723582146887014e-05
2024-04-12 00:00:00+00:00,520.3970946609626,417.7547520759112,546.3667923258943,0.00014921286789869952,1.2457,3.4123231814072466e-05
2024-04-13 00:00:00+00:00,520.5735135249626,417.8963743477262,546.4483172819018,0.00014921286789869952,1.2457,0.00018979529684693604
2024-04-14 00:00:00+00:00,520.6196509629626,417.9334117066409,546.5298544024818,0.00014921286789869952,1.2457,-6.0584774456688126e-05
2024-04-15 00:00:00+00:00,520.6829175561397,417.682430255206,546.6114036894494,0.00014921286789869952,1.2466,-2.7691152265966454e-05
2024-04-16 00:00:00+00:00,520.7058186237266,418.6747757688563,546.69296514462,0.00014921286789869952,1.2437,-0.00010523011598816771
2024-04-17 00:00:00+00:00,520.7151330566063,418.480376964242,546.7745387698092,0.00014921286789869952,1.2443,-0.00013132477725995932
2024-04-18 00:00:00+00:00,520.7467959218744,417.76718485509383,546.8561245668329,0.00014921286789869952,1.2465,-8.840636688100338e-05
2024-04-19 00:00:00+00:00,520.7786892452217,420.08444724144687,546.9378722585548,0.00014948665297741273,1.2397,-8.824129612249068e-05
2024-04-20 00:00:00+00:00,520.7785543421725,420.084338422338,547.0194824270368,0.00014921286789869952,1.2397,-0.00014947190893099065
2024-04-21 00:00:00+00:00,520.8398027750907,420.1337442728811,547.1011047728061,0.00014921286789869952,1.2397,-3.160350705321639e-05
2024-04-22 00:00:00+00:00,520.8112835181229,422.01708412456276,547.1827392976797,0.00014921286789869952,1.2341,-0.00020396916113096046
2024-04-23 00:00:00+00:00,520.8243942961506,418.87115513603874,547.2639365720671,0.0001483915126625599,1.2434,-0.00012321775310210036
2024-04-24 00:00:00+00:00,520.8976781002652,418.9300933732228,547.3455953935404,0.00014921286789869952,1.2434,-8.505549045626767e-06
2024-04-25 00:00:00+00:00,520.871436587572,416.89725995483593,547.4274162546178,0.00014948665297741273,1.2494,-0.00019986413361604307
2024-04-26 00:00:00+00:00,520.9310953789353,417.61351240895885,547.50939922428,0.00014976043805612594,1.2474,-3.522393792829948e-05
2024-04-27 00:00:00+00:00,520.9168475713185,417.6020904050974,547.5912445718437,0.00014948665297741273,1.2474,-0.00017683730979788117
2024-04-28 00:00:00+00:00,520.9710194775912,417.64551826005385,547.6731021541946,0.00014948665297741273,1.2474,-4.54932679960637e-05
2024-04-29 00:00:00+00:00,521.034551918997,415.0677542571472,547.7549719731612,0.00014948665297741273,1.2553,-2.75366038759858e-05
2024-04-30 00:00:00+00:00,521.076738073171,416.39502802714634,547.8367040634351,0.00014921286789869952,1.2514,-6.824673231575011e-05
2024-05-01 00:00:00+00:00,521.0766501998918,417.26189157582627,547.9185983387038,0.00014948665297741273,1.2488,-0.00014965529086273546
2024-05-02 00:00:00+00:00,521.1154753955478,416.65905124773957,548.0005048560735,0.00014948665297741273,1.2507,-7.497708583191511e-05
2024-05-03 00:00:00+00:00,521.096628868943,415.21643734577134,548.0824236173744,0.00014948665297741273,1.255,-0.00018565239261612878
2024-05-04 00:00:00+00:00,521.1400364794279,415.25102508320947,548.1642045676472,0.00014921286789869952,1.255,-6.591236645602598e-05
2024-05-05 00:00:00+00:00,521.2039438697415,415.30194730656694,548.2459977206901,0.00014921286789869952,1.255,-2.6582891615604384e-05
2024-05-06 00:00:00+00:00,521.2385739184474,414.5038361180496,548.3278030783239,0.00014921286789869952,1.2575,-8.277045296056022e-05
2024-05-07 00:00:00+00:00,521.2371118864646,415.82537844951304,548.4096206423698,0.00014921286789869952,1.2535,-0.0001520177869049824
2024-05-08 00:00:00+00:00,521.2744024777635,416.91946131149604,548.491450414649,0.00014921286789869952,1.2503,-7.767039625094312e-05
2024-05-09 00:00:00+00:00,521.3249507212633,416.89320329569244,548.5732923969831,0.00014921286789869952,1.2505,-5.2242360120905703e-05
2024-05-10 00:00:00+00:00,521.3874969183196,416.1777593537034,548.6552967823764,0.00014948665297741273,1.2528,-2.951120010540067e-05
2024-05-11 00:00:00+00:00,521.3974826268316,416.1857300661172,548.7374636399642,0.00014976043805612594,1.2528,-0.00013060825552200473
2024-05-12 00:00:00+00:00,521.4854190042303,416.2559219382426,548.8196428028967,0.00014976043805612594,1.2528,1.8894724902593693e-05
2024-05-13 00:00:00+00:00,521.4914683973656,415.1010653485358,548.9018342730167,0.00014976043805612594,1.2563,-0.00013816012687804214
2024-05-14 00:00:00+00:00,521.5258637548466,414.30399090788575,548.9837374899033,0.00014921286789869952,1.2588,-8.325712448697202e-05
2024-05-15 00:00:00+00:00,521.5819678520963,412.05717163224546,549.0655026242482,0.00014893908281998633,1.2658,-4.136225653206125e-05
2024-05-16 00:00:00+00:00,521.6250210703192,411.31132397911944,549.1474302625589,0.00014921286789869952,1.2682,-6.666933519149736e-05
2024-05-17 00:00:00+00:00,521.6568492151494,410.65641912552104,549.2293701255277,0.00014921286789869952,1.2703,-8.819557857308395e-05
2024-05-18 00:00:00+00:00,521.6790741119923,410.67391491143223,549.3114725857846,0.00014948665297741273,1.2703,-0.00010688221506692543
2024-05-19 00:00:00+00:00,521.7206321505213,410.7066300484305,549.3935873192636,0.00014948665297741273,1.2703,-6.982457605840566e-05
2024-05-20 00:00:00+00:00,521.5548994117179,410.41462024844026,549.4757143277992,0.00014948665297741273,1.2708,-0.0004671523318681011
2024-05-21 00:00:00+00:00,521.6307750428211,410.4097364617004,549.5577031749747,0.00014921286789869952,1.271,-3.733204705251e-06
2024-05-22 00:00:00+00:00,521.6798041672214,409.5139368609949,549.6397042559411,0.00014921286789869952,1.2739,-5.522085909481027e-05
2024-05-23 00:00:00+00:00,521.8173476799669,410.33053997009273,549.7217175725241,0.00014921286789869952,1.2717,0.00011444217806400787
2024-05-24 00:00:00+00:00,521.8803206827487,409.4463523322993,549.803893632153,0.00014948665297741273,1.2746,-2.880648957968881e-05
2024-05-25 00:00:00+00:00,521.9452452440987,409.49728953718716,549.8860819760059,0.00014948665297741273,1.2746,-2.5081576225036395e-05
2024-05-26 00:00:00+00:00,521.9602208480987,409.50903879499356,549.9682826059195,0.00014948665297741273,1.2746,-0.00012079474681202265
2024-05-27 00:00:00+00:00,522.0385683055079,409.57050706536,550.05049552373,0.00014948665297741273,1.2746,6.15700189956803e-07
2024-05-28 00:00:00+00:00,522.0820696792883,408.3232204593214,550.1327207312744,0.00014948665297741273,1.2786,-6.615684475706787e-05
2024-05-29 00:00:00+00:00,522.1620365967987,410.69847144627863,550.2149582303899,0.00014948665297741273,1.2714,3.6825940710330854e-06
2024-05-30 00:00:00+00:00,522.2825285154785,409.9870700333452,550.2972080229139,0.00014948665297741273,1.2739,8.126914739660349e-05
2024-05-31 00:00:00+00:00,522.3424287909907,410.06628104175746,550.3794701106841,0.00014948665297741273,1.2738,-3.479724209019843e-05
2024-06-01 00:00:00+00:00,522.4480122459433,410.1491696074292,550.4617444955384,0.00014948665297741273,1.2738,5.264790307825371e-05
2024-06-02 00:00:00+00:00,522.5321864846443,410.2152508122502,550.5440311793152,0.00014948665297741273,1.2738,1.1628399100307752e-05
2024-06-03 00:00:00+00:00,522.5927187437471,408.435106482022,550.6263301638529,0.00014948665297741273,1.2795,-3.3642575486089976e-05
2024-06-04 00:00:00+00:00,522.6195247975189,408.7755375811646,550.7095459706292,0.00015112936344969198,1.2785,-9.983501354699455e-05
2024-06-05 00:00:00+00:00,522.7412935034869,409.3189989064967,550.7927743537574,0.00015112936344969198,1.2771,8.186749217902787e-05
2024-06-06 00:00:00+00:00,522.8219096277863,408.9018532987536,550.875864516295,0.00015085557837097877,1.2786,3.3624359724758392e-06
2024-06-07 00:00:00+00:00,522.9886244206945,410.92843908281174,550.9589672134472,0.00015085557837097877,1.2727,0.00016801933837988766
2024-06-08 00:00:00+00:00,523.0430532346944,410.9712054959491,551.0422332914491,0.00015112936344969198,1.2727,-4.705670974675626e-05
2024-06-09 00:00:00+00:00,523.1222217166944,411.0334106362021,551.1255119534003,0.00015112936344969198,1.2727,2.319470780391805e-07
2024-06-10 00:00:00+00:00,523.1403720210116,410.8539794400467,551.2088032012028,0.00015112936344969198,1.2733,-0.00011643325694982677
2024-06-11 00:00:00+00:00,523.2691789966069,411.2135001937972,551.2921070367585,0.00015112936344969198,1.2725,9.508940016394505e-05
2024-06-12 00:00:00+00:00,523.3406906063706,407.49099945991634,551.3754234619697,0.00015112936344969198,1.2843,-1.4466222118153087e-05
2024-06-13 00:00:00+00:00,523.4449683255388,410.0947730535402,551.4586015203756,0.00015085557837097877,1.2764,4.839840863961594e-05
2024-06-14 00:00:00+00:00,523.5429623498023,412.7260247140736,551.5417921266555,0.00015085557837097877,1.2685,3.6354214813338746e-05
2024-06-15 00:00:00+00:00,523.5865702304569,412.7604022313417,551.6249952827026,0.00015085557837097877,1.2685,-6.756178246376546e-05
2024-06-16 00:00:00+00:00,523.6455418643295,412.8068914973035,551.7082109904098,0.00015085557837097877,1.2685,-3.822542850546743e-05
2024-06-17 00:00:00+00:00,523.7382535750922,412.749825498536,551.7914392516707,0.00015085557837097877,1.2689,2.6194932615175435e-05
2024-06-18 00:00:00+00:00,523.7758220405302,412.4543838416649,551.8748311406418,0.00015112936344969198,1.2699,-7.939798774531616e-05
2024-06-19 00:00:00+00:00,523.8140824201114,412.48451249713474,551.9579334423879,0.00015058179329226556,1.2699,-7.753455061472808e-05
2024-06-20 00:00:00+00:00,523.87550067131,413.4444800499645,552.0410482578275,0.00015058179329226556,1.2671,-3.33297886978175e-05
2024-06-21 00:00:00+00:00,523.884593459432,414.30177418697673,552.1241755888452,0.00015058179329226556,1.2645,-0.00013322502033670874
2024-06-22 00:00:00+00:00,523.9132973276583,414.32447396414256,552.2071642739644,0.00015030800821355238,1.2645,-9.551756660760712e-05
2024-06-23 00:00:00+00:00,523.9117030730476,414.3232131854865,552.2901654329477,0.00015030800821355238,1.2645,-0.0001533509823444481
2024-06-24 00:00:00+00:00,523.9512351659633,413.0804439971329,552.3731790676696,0.00015030800821355238,1.2684,-7.485236810519512e-05
2024-06-25 00:00:00+00:00,524.0297026481906,413.3704367343934,552.4563564115402,0.00015058179329226556,1.2677,-8.207526442545736e-07
2024-06-26 00:00:00+00:00,524.0521373411633,415.09080185438677,552.5393950260973,0.00015030800821355238,1.2625,-0.00010749613541446567
2024-06-27 00:00:00+00:00,524.0764218759315,414.19143434437007,552.622597399065,0.00015058179329226556,1.2653,-0.00010424187205578322
2024-06-28 00:00:00+00:00,524.1649480503639,414.6874589006044,552.7056610009737,0.00015030800821355238,1.264,1.8610437145270896e-05
2024-06-29 00:00:00+00:00,524.234452535723,414.7424466263631,552.7885857654442,0.00015003422313483914,1.264,-1.74338163019002e-05
2024-06-30 00:00:00+00:00,524.3223081143549,414.8119526221162,552.8715229714674,0.00015003422313483914,1.264,1.7554111067434114e-05
2024-07-01 00:00:00+00:00,524.3590273043549,414.51306506273113,552.9544726209098,0.00015003422313483914,1.265,-8.000250899306747e-05
2024-07-02 00:00:00+00:00,524.4227165730366,413.6152035436837,553.0372833249545,0.00014976043805612594,1.2679,-2.8299253323240905e-05
2024-07-03 00:00:00+00:00,524.4576844688276,410.82381675452575,553.1201064307666,0.00014976043805612594,1.2766,-8.30816030517958e-05
2024-07-04 00:00:00+00:00,524.4906999065412,410.84967876119475,553.2029419402032,0.00014976043805612594,1.2766,-8.680886218757311e-05
2024-07-05 00:00:00+00:00,524.5554077060899,409.58492051697505,553.2857898551221,0.00014976043805612594,1.2807,-2.638780330719537e-05
2024-07-06 00:00:00+00:00,524.5809540530445,409.604867691922,553.3684986959875,0.00014948665297741273,1.2807,-0.00010078570245951348
2024-07-07 00:00:00+00:00,524.6127735791388,409.6297131093455,553.4512199007206,0.00014948665297741273,1.2807,-8.882961644472744e-05
2024-07-08 00:00:00+00:00,524.6754627606751,408.9761187627057,553.5339534711699,0.00014948665297741273,1.2829,-2.9990550912226377e-05
2024-07-09 00:00:00+00:00,524.6874613023208,410.32881934959005,553.6166994091835,0.00014948665297741273,1.2787,-0.0001266181514041206
2024-07-10 00:00:00+00:00,524.7090595930632,408.58827253781595,553.6994577166107,0.00014948665297741273,1.2842,-0.00010832254608449134
2024-07-11 00:00:00+00:00,524.7364460452683,406.14276009695686,553.7822283953001,0.00014948665297741273,1.292,-9.729305787108147e-05
2024-07-12 00:00:00+00:00,524.7812136723734,404.1130553460445,553.8647082124794,0.00014893908281998633,1.2986,-6.362458362230015e-05
2024-07-13 00:00:00+00:00,524.8058600243617,404.13203451745085,553.9470486742341,0.0001486652977412731,1.2986,-0.0001017002933810843
2024-07-14 00:00:00+00:00,524.8540364634383,404.16913326924254,554.0294013771583,0.0001486652977412731,1.2986,-5.686670564009541e-05
2024-07-15 00:00:00+00:00,524.8878751108954,404.19519106029213,554.1117663230715,0.0001486652977412731,1.2986,-8.419280614136357e-05
2024-07-16 00:00:00+00:00,524.9437684718357,405.11172130871716,554.194143513794,0.0001486652977412731,1.2958,-4.2179010687153653e-05
2024-07-17 00:00:00+00:00,524.9735537939998,403.5774552536899,554.276532951146,0.0001486652977412731,1.3008,-9.192527347002185e-05
2024-07-18 00:00:00+00:00,525.026426275115,404.70702711409467,554.3589346369482,0.0001486652977412731,1.2973,-4.795073653507872e-05
2024-07-19 00:00:00+00:00,525.0368517472448,406.3123755976202,554.4413485730216,0.0001486652977412731,1.2922,-0.00012880825510864144
2024-07-20 00:00:00+00:00,525.087605186315,406.35165236520277,554.5237747611874,0.0001486652977412731,1.2922,-5.199886584928345e-05
2024-07-21 00:00:00+00:00,525.092995446274,406.35582374731,554.606213203267,0.0001486652977412731,1.2922,-0.00013839984887942721
2024-07-22 00:00:00+00:00,525.1413584906751,406.7394922861708,554.6886639010821,0.0001486652977412731,1.2911,-5.6561527893910526e-05
2024-07-23 00:00:00+00:00,525.1637432109652,406.5993676145596,554.7711268564547,0.0001486652977412731,1.2916,-0.00010603921253927092
2024-07-24 00:00:00+00:00,525.2437709089054,406.3781593105651,554.8532982950939,0.00014811772758384668,1.2925,4.268454773065025e-06
2024-07-25 00:00:00+00:00,525.258282103483,407.6826157276335,554.9353299942258,0.0001478439425051335,1.2884,-0.00012021640005468553
2024-07-26 00:00:00+00:00,525.3128441643026,408.35886517747406,555.0172218882345,0.00014757015742642026,1.2864,-4.3693526293438304e-05
2024-07-27 00:00:00+00:00,525.3004747611515,408.3492496588553,555.0989739116092,0.00014729637234770705,1.2864,-0.0001708431089040639
2024-07-28 00:00:00+00:00,525.3536237211515,408.39056570363147,555.1807379767603,0.00014729637234770705,1.2864,-4.611816567615874e-05
2024-07-29 00:00:00+00:00,525.4111044307858,408.78480077085953,555.2625140854616,0.00014729637234770705,1.2853,-3.788300382993255e-05
2024-07-30 00:00:00+00:00,525.4752352858995,409.63145875109103,555.3447583072605,0.00014811772758384668,1.2828,-2.6059296437525367e-05
2024-07-31 00:00:00+00:00,525.521653137595,409.28477658691196,555.4268626657782,0.0001478439425051335,1.284,-5.950894862063555e-05
2024-08-01 00:00:00+00:00,525.5677567493088,411.4999661363208,555.5091312305153,0.00014811772758384668,1.2772,-6.038849428082228e-05
2024-08-02 00:00:00+00:00,525.5798616483111,410.67343463690503,555.5908036202405,0.00014702258726899384,1.2798,-0.0001239905445937077
2024-08-03 00:00:00+00:00,525.6183467977725,410.7035058585501,555.6712711178764,0.00014483230663928816,1.2798,-7.160813602389462e-05
2024-08-04 00:00:00+00:00,525.6373124558302,410.71832509441333,555.7517502698056,0.00014483230663928816,1.2798,-0.00010874974184058752
2024-08-05 00:00:00+00:00,525.6206969191035,411.767095118765,555.832241077716,0.00014483230663928816,1.2765,-0.00017644257541769184
2024-08-06 00:00:00+00:00,525.5908818460111,414.0140857392762,555.913656614739,0.00014647501711156742,1.2695,-0.00020319856941280846
2024-08-07 00:00:00+00:00,525.5953087277503,413.26883843980994,555.9949318762399,0.0001462012320328542,1.2718,-0.00013777855597047354
2024-08-08 00:00:00+00:00,525.5837126156376,412.51370584384085,556.0762190202843,0.0001462012320328542,1.2741,-0.00016826404713049962
2024-08-09 00:00:00+00:00,525.6086910114337,411.72543554083796,556.1575180486092,0.0001462012320328542,1.2766,-9.867617523113151e-05
2024-08-10 00:00:00+00:00,525.6056569685298,411.72305888181876,556.2386766953224,0.000145927446954141,1.2766,-0.00015169988366565629
2024-08-11 00:00:00+00:00,525.5825486667632,411.70495743910635,556.3198471853096,0.000145927446954141,1.2766,-0.0001898925402904033
2024-08-12 00:00:00+00:00,525.608632689375,411.4031251482271,556.4010295202994,0.000145927446954141,1.2776,-9.629866327793773e-05
2024-08-13 00:00:00+00:00,525.5894537169432,409.7204971288925,556.48222370202,0.000145927446954141,1.2828,-0.00018241652121759816
2024-08-14 00:00:00+00:00,525.5980274625946,409.05753557677224,556.5632773756707,0.0001456536618754278,1.2849,-0.0001293410330912181
2024-08-15 00:00:00+00:00,525.6247602060834,408.633102857874,556.6443428550858,0.0001456536618754278,1.2863,-9.479208688463743e-05
2024-08-16 00:00:00+00:00,525.631298380341,407.27669175603677,556.7257249438153,0.0001462012320328542,1.2906,-0.00013376236926860178
2024-08-17 00:00:00+00:00,525.6220328355153,407.26951250233634,556.8069665075102,0.000145927446954141,1.2906,-0.00016355490721826565
2024-08-18 00:00:00+00:00,525.6368269074158,407.28097544352687,556.8882199265789,0.000145927446954141,1.2906,-0.00011778161025728312
2024-08-19 00:00:00+00:00,525.6080647601846,404.81212627863874,556.9694852027516,0.000145927446954141,1.2984,-0.00020064611535570648
2024-08-20 00:00:00+00:00,525.6031094911107,403.47210370086026,557.05045735789,0.00014537987679671456,1.3027,-0.0001548075652325292
2024-08-21 00:00:00+00:00,525.6210260264934,401.94312611951773,557.1311362605436,0.00014483230663928816,1.3077,-0.00011074473170078649
2024-08-22 00:00:00+00:00,525.6248458363805,401.4241987447537,557.2113692455328,0.00014401095140314854,1.3094,-0.00013674371950422656
2024-08-23 00:00:00+00:00,525.6556509298402,398.3145040007882,557.2919188972676,0.00014455852156057496,1.3197,-8.59519056371905e-05
2024-08-24 00:00:00+00:00,525.6584182134814,398.31660090435804,557.3720224585054,0.0001437371663244353,1.3197,-0.0001384727244104806
2024-08-25 00:00:00+00:00,525.6658849527512,398.3222588109049,557.4521375336021,0.0001437371663244353,1.3197,-0.00012953262015691754
2024-08-26 00:00:00+00:00,525.680273304131,398.6956945803041,557.5322641242127,0.0001437371663244353,1.3185,-0.00011636549965988015
2024-08-27 00:00:00+00:00,525.7311017141138,397.22788191470636,557.6122495879777,0.00014346338124572212,1.3235,-4.677265008446908e-05
2024-08-28 00:00:00+00:00,525.7072381229545,398.2328900257212,557.6920938608139,0.0001431895961670089,1.3201,-0.0001885808448138955
2024-08-29 00:00:00+00:00,525.6928840600407,398.67502203855656,557.7716441909716,0.0001426420260095825,1.3186,-0.00016994631606484585
2024-08-30 00:00:00+00:00,525.6843311053243,400.3078975824888,557.8513585779034,0.00014291581108829567,1.3132,-0.00015918568077024644
2024-08-31 00:00:00+00:00,525.744294537194,400.3535596536659,557.9309316259031,0.0001426420260095825,1.3132,-2.8574650739605255e-05
2024-09-01 00:00:00+00:00,525.760374711143,400.365804684087,558.0105160243637,0.0001426420260095825,1.3132,-0.00011205648449055878
2024-09-02 00:00:00+00:00,525.7741108036348,400.3762646996915,558.0901117749041,0.0001426420260095825,1.3132,-0.0001165158796650197
2024-09-03 00:00:00+00:00,525.7862225806994,401.2716344201323,558.1697188791436,0.0001426420260095825,1.3103,-0.00011960594109086748
2024-09-04 00:00:00+00:00,525.8143988187722,400.10226664036844,558.2490317016209,0.00014209445585215607,1.3142,-8.850568371858347e-05
2024-09-05 00:00:00+00:00,525.8205742578353,399.40795613963945,558.3282029537555,0.00014182067077344283,1.3165,-0.0001300761482251802
2024-09-06 00:00:00+00:00,525.8244935125553,400.29270212587943,558.4069268482172,0.00014099931553730323,1.3136,-0.00013354571841357328
2024-09-07 00:00:00+00:00,525.8446924544492,400.3080789086854,558.4853560757251,0.00014045174537987679,1.3136,-0.00010203789790205173
2024-09-08 00:00:00+00:00,525.8470544185377,400.3098769934057,558.5637963187551,0.00014045174537987679,1.3136,-0.00013595999311463133
2024-09-09 00:00:00+00:00,525.8547490931053,401.93743720332134,558.642247578854,0.00014045174537987679,1.3083,-0.000125818831678248
2024-09-10 00:00:00+00:00,525.8460681922807,402.4845527686802,558.7204039617459,0.0001399041752224504,1.3065,-0.0001564123475640065
2024-09-11 00:00:00+00:00,525.8552359251397,403.66564514096854,558.7978064324932,0.00013853524982888432,1.3027,-0.00012110099784213668
2024-09-12 00:00:00+00:00,525.8539312466423,401.9982656116828,558.8758315882169,0.00013963039014373716,1.3081,-0.00014211145034480214
2024-09-13 00:00:00+00:00,525.8982571948158,400.22698416652645,558.9532555911693,0.00013853524982888432,1.314,-5.4241978371570186e-05
2024-09-14 00:00:00+00:00,525.8822637822458,400.21481261966954,559.0293130225256,0.0001360711841204654,1.314,-0.0001664827938779401
2024-09-15 00:00:00+00:00,525.8918577444854,400.2221139607955,559.1053808031065,0.0001360711841204654,1.314,-0.00011782762867036171
2024-09-16 00:00:00+00:00,525.8766369537238,398.33103844396595,559.1814589343206,0.0001360711841204654,1.3202,-0.0001650139991448785
2024-09-17 00:00:00+00:00,525.8901435343524,399.4911451947375,559.2573943220362,0.00013579739904175223,1.3164,-0.00011011346543561681
2024-09-18 00:00:00+00:00,525.8997124766561,398.4390578654868,559.3331869052504,0.00013552361396303902,1.3199,-0.0001173279082224633
2024-09-19 00:00:00+00:00,525.9209412885809,396.0546285778906,559.4073052522626,0.0001325119780971937,1.3279,-9.214532373095195e-05
2024-09-20 00:00:00+00:00,525.9782638669568,395.32376089211334,559.4808207913513,0.00013141683778234087,1.3305,-2.2422169809246223e-05
2024-09-21 00:00:00+00:00,526.0072639736165,395.3455572894525,559.5535801041167,0.00013004791238877483,1.3305,-7.491235137422274e-05
2024-09-22 00:00:00+00:00,526.0498861538695,395.3775919983987,559.6263488790789,0.00013004791238877483,1.3305,-4.901827045764522e-05
2024-09-23 00:00:00+00:00,526.0390510261706,394.00722869161154,559.6991271174684,0.00013004791238877483,1.3351,-0.00015064506103210578
2024-09-24 00:00:00+00:00,526.0834609867811,393.30402286691174,559.7714551087071,0.00012922655715263517,1.3376,-4.480324195598847e-05
2024-09-25 00:00:00+00:00,526.0816668932735,394.42320204923783,559.8433326754274,0.00012840520191649557,1.3338,-0.00013181548496223055
2024-09-26 00:00:00+00:00,526.1190230094613,391.8074344723424,559.9152194716013,0.00012840520191649557,1.3428,-5.7396994372363507e-05
2024-09-27 00:00:00+00:00,526.1490443709166,392.82443211207755,559.9869622019812,0.00012813141683778233,1.3394,-7.106949711557014e-05
2024-09-28 00:00:00+00:00,526.2126183827725,392.8718966572887,560.0587141248587,0.00012813141683778233,1.3394,-7.302513818772163e-06
2024-09-29 00:00:00+00:00,526.2322576594045,392.8865593992866,560.1304752414119,0.00012813141683778233,1.3394,-9.080947520059062e-05
2024-09-30 00:00:00+00:00,526.225802309918,392.7351312112232,560.2022455528186,0.00012813141683778233,1.3399,-0.0001403985277808251
2024-10-01 00:00:00+00:00,526.2817790653858,396.2368461567428,560.2747919353365,0.0001295003422313484,1.3282,-2.31263194790837e-05
2024-10-02 00:00:00+00:00,526.3342070974102,396.60478268209647,560.3470409228797,0.000128952772073922,1.3271,-2.9333073824912585e-05
2024-10-03 00:00:00+00:00,526.3424545002381,401.35919971041494,560.4189923978128,0.00012840520191649557,1.3114,-0.0001127356848743683
2024-10-04 00:00:00+00:00,526.3540054153951,401.5823647023691,560.4907996773316,0.00012813141683778233,1.3107,-0.00010618578988277121
2024-10-05 00:00:00+00:00,526.369884008113,401.5944792920676,560.5633834277072,0.0001295003422313484,1.3107,-9.933320651188735e-05
2024-10-06 00:00:00+00:00,526.4236664220713,401.63551264367993,560.6359765777033,0.0001295003422313484,1.3107,-2.7324257329309186e-05
2024-10-07 00:00:00+00:00,526.4531563082251,402.4871225598051,560.7085791285373,0.0001295003422313484,1.308,-7.348104060255265e-05
2024-10-08 00:00:00+00:00,526.4669256614746,402.0980108924423,560.7818051359964,0.00013059548254620122,1.3093,-0.00010444053773380578
2024-10-09 00:00:00+00:00,526.4884532742726,402.5141080078537,560.8547336390599,0.00013004791238877483,1.308,-8.915719020161577e-05
2024-10-10 00:00:00+00:00,526.5223520318023,403.3726745053262,560.927671626323,0.00013004791238877483,1.3053,-6.566139580175206e-05
2024-10-11 00:00:00+00:00,526.5565101756071,402.8741470356596,561.000619099019,0.00013004791238877483,1.307,-6.517290058169971e-05
2024-10-12 00:00:00+00:00,526.5994195721476,402.9069774844281,561.0732688711843,0.0001295003422313484,1.307,-4.800976009776745e-05
2024-10-13 00:00:00+00:00,526.622464313754,402.9246092683657,561.1459280515198,0.0001295003422313484,1.307,-8.573891608852966e-05
2024-10-14 00:00:00+00:00,526.612681579479,402.91712439133823,561.2185966412442,0.0001295003422313484,1.307,-0.00014807671323312563
2024-10-15 00:00:00+00:00,526.662992325129,402.5552184706329,561.2912746415758,0.0001295003422313484,1.3083,-3.3963817172567e-05
2024-10-16 00:00:00+00:00,526.7165587186121,405.16658362970156,561.3639620537333,0.0001295003422313484,1.3,-2.779129059181704e-05
2024-10-17 00:00:00+00:00,526.7504095720394,404.94342679277327,561.4365051858591,0.00012922655715263517,1.3008,-6.495887301216193e-05
2024-10-18 00:00:00+00:00,526.8211542694047,404.56239768806995,561.5093651183596,0.00012977412731006162,1.3022,4.529892354127084e-06
2024-10-19 00:00:00+00:00,526.8353353667004,404.57328779503945,561.5820807733085,0.0001295003422313484,1.3022,-0.0001025821040764213
2024-10-20 00:00:00+00:00,526.8499087179094,404.58447912602475,561.6548058449596,0.0001295003422313484,1.3022,-0.0001018382811835866
2024-10-21 00:00:00+00:00,526.9155180760458,405.944158764288,561.7275403345325,0.0001295003422313484,1.298,-4.968939547700922e-06
2024-10-22 00:00:00+00:00,526.9734990534914,406.33317838961483,561.8002842432464,0.0001295003422313484,1.2969,-1.9461872198578954e-05
2024-10-23 00:00:00+00:00,527.00516209287,407.1424305414632,561.8728837597866,0.00012922655715263517,1.2944,-6.914186705819333e-05
2024-10-24 00:00:00+00:00,527.0440055899265,406.54428076976745,561.9456464905239,0.0001295003422313484,1.2964,-5.579423866640729e-05
2024-10-25 00:00:00+00:00,527.1122792480492,406.1583289012553,562.0179570870607,0.00012867898699520875,1.2978,8.617295266166649e-07
2024-10-26 00:00:00+00:00,527.1277328380006,406.1702364293424,562.0907386048436,0.0001295003422313484,1.2978,-0.00010018288832279785
2024-10-27 00:00:00+00:00,527.1923344189278,406.2200141924239,562.1635295478579,0.0001295003422313484,1.2978,-6.946401501662345e-06
2024-10-28 00:00:00+00:00,527.2005358849278,406.13245195665036,562.2363299173243,0.0001295003422313484,1.2981,-0.00011394346580383461
2024-10-29 00:00:00+00:00,527.2147252298232,405.39386791989483,562.30867791871,0.00012867898699520875,1.3005,-0.00010176447547728063
2024-10-30 00:00:00+00:00,527.2443835958233,405.19857331372833,562.3810352297631,0.00012867898699520875,1.3012,-7.24241735752329e-05
2024-10-31 00:00:00+00:00,527.2976782632277,410.15687481582734,562.4529399370739,0.00012785763175906912,1.2856,-2.6776104743135364e-05
2024-11-01 00:00:00+00:00,527.342621649914,406.93157006706844,562.5243918642828,0.0001270362765229295,1.2959,-4.180285233195148e-05
2024-11-02 00:00:00+00:00,527.4004420009769,406.9761879782212,562.5953908361239,0.00012621492128678987,1.2959,-1.657016911033778e-05
2024-11-03 00:00:00+00:00,527.4311478839401,406.99988261743965,562.6663987690946,0.00012621492128678987,1.2959,-6.79937282088224e-05
2024-11-04 00:00:00+00:00,527.5043629443458,407.59107011616885,562.737415664326,0.00012621492128678987,1.2942,1.2599520559145966e-05
2024-11-05 00:00:00+00:00,527.5587952550912,405.3467500999548,562.8090577993798,0.00012731006160164273,1.3015,-2.4121700387496746e-05
2024-11-06 00:00:00+00:00,527.4909277470757,409.00281286118917,562.8805549664761,0.0001270362765229295,1.2897,-0.0002556807207553692
2024-11-07 00:00:00+00:00,527.5631293054769,406.286583985735,562.9520612163061,0.0001270362765229295,1.2985,9.841069803240163e-06
2024-11-08 00:00:00+00:00,527.6249357213225,408.8531078816912,563.0234224221497,0.00012676249144421629,1.2905,-9.607951234109213e-06
2024-11-09 00:00:00+00:00,527.6580587603362,408.8787747077382,563.0947926739174,0.00012676249144421629,1.2905,-6.398486898689452e-05
2024-11-10 00:00:00+00:00,527.6731398922182,408.8904609780846,563.1661719727559,0.00012676249144421629,1.2905,-9.818123198728838e-05
2024-11-11 00:00:00+00:00,527.7792072546171,408.9726518826944,563.2375603198125,0.00012676249144421629,1.2905,7.424710025222755e-05
2024-11-12 00:00:00+00:00,527.9833510854854,414.65746570759865,563.3089577162335,0.00012676249144421629,1.2733,0.00026003529835555916
2024-11-13 00:00:00+00:00,528.1015989874011,415.53355809851377,563.3803641631666,0.00012676249144421629,1.2709,9.71989302039393e-05
2024-11-14 00:00:00+00:00,528.1743512153299,415.6889274479222,563.4513169263466,0.00012594113620807666,1.2706,1.1820665816994832e-05
2024-11-15 00:00:00+00:00,528.2036802972733,418.2466389241217,563.5224328899615,0.00012621492128678987,1.2629,-7.068575392783124e-05
2024-11-16 00:00:00+00:00,528.2879636929854,418.3133769047315,563.5934035454384,0.00012594113620807666,1.2629,3.3624953268349486e-05
2024-11-17 00:00:00+00:00,528.3503444558936,418.36277176015017,563.6643831390402,0.00012594113620807666,1.2629,-7.860151602325985e-06
2024-11-18 00:00:00+00:00,528.4478096182158,417.2834883277131,563.7353716718927,0.00012594113620807666,1.2664,5.852957218636969e-05
2024-11-19 00:00:00+00:00,528.6021644235121,417.3065164786549,563.8068321721212,0.00012676249144421629,1.2667,0.00016532842555256263
2024-11-20 00:00:00+00:00,528.7098067810311,418.31616961866536,563.8781473689626,0.00012648870636550308,1.2639,7.714715584555704e-05
2024-11-21 00:00:00+00:00,528.6958491219207,420.06662094543196,563.949471586371,0.00012648870636550308,1.2586,-0.0001528881771743497
2024-11-22 00:00:00+00:00,528.9045290631643,422.5827173722949,564.0209592264379,0.00012676249144421629,1.2516,0.00026794448722828256
2024-11-23 00:00:00+00:00,529.0299748870838,422.6829457391209,564.0924559284563,0.00012676249144421629,1.2516,0.00011041797691297358
2024-11-24 00:00:00+00:00,529.1541002948933,422.7821191234366,564.1639616935746,0.00012676249144421629,1.2516,0.00010786581640537737
2024-11-25 00:00:00+00:00,529.2698915657206,421.59462447484515,564.235476522942,0.00012676249144421629,1.2554,9.206085465246968e-05
2024-11-26 00:00:00+00:00,529.4045179530351,421.93713075080507,564.306845938453,0.00012648870636550308,1.2547,0.00012787374549477632
2024-11-27 00:00:00+00:00,529.5214333863962,417.66953256538585,564.3780698825947,0.00012621492128678987,1.2678,9.462836470013706e-05
2024-11-28 00:00:00+00:00,529.5991538640809,417.7308359868125,564.4491482979665,0.00012594113620807666,1.2678,2.0833805814010972e-05
2024-11-29 00:00:00+00:00,529.6679658411435,417.0942324916478,564.5202356650349,0.00012594113620807666,1.2699,3.99105224151188e-06
2024-11-30 00:00:00+00:00,529.7893610332011,417.1898267841571,564.5910228704926,0.00012539356605065024,1.2699,0.00010379754967929287
2024-12-01 00:00:00+00:00,529.7742692187687,417.1779425299384,564.6618189522104,0.00012539356605065024,1.2699,-0.000153880009045563
2024-12-02 00:00:00+00:00,530.0345114994643,419.3642784235021,564.7326239113015,0.00012539356605065024,1.2639,0.00036583882445287625
2024-12-03 00:00:00+00:00,530.1636509991275,418.2090802233395,564.8023554413177,0.00012347707049965777,1.2677,0.00012016649772371508
2024-12-04 00:00:00+00:00,530.3006708387821,417.16541129545476,564.8717863126641,0.00012292950034223135,1.2712,0.00013551869654257712
2024-12-05 00:00:00+00:00,530.5203310771049,415.9638788435823,564.94091641218,0.0001223819301848049,1.2754,0.0002918363621950594
2024-12-06 00:00:00+00:00,530.6175089292054,416.3665324303244,565.0099002995776,0.00012210814510609172,1.2744,6.106645991483869e-05
2024-12-07 00:00:00+00:00,530.8237443151824,416.52836182923915,565.0782738453496,0.00012101300479123887,1.2744,0.0002676575205993609
2024-12-08 00:00:00+00:00,530.953334643419,416.6300491552252,565.1466556652098,0.00012101300479123887,1.2744,0.00012311761224408194
2024-12-09 00:00:00+00:00,531.1416690708708,415.50627323075236,565.2150457601596,0.00012101300479123887,1.2783,0.00023369693893342372
2024-12-10 00:00:00+00:00,531.2594712932345,416.4128165019866,565.2834441312002,0.00012101300479123887,1.2758,0.00010077758183273224
2024-12-11 00:00:00+00:00,531.3910518513163,416.3527790106686,565.351696013161,0.00012073921971252566,1.2763,0.00012693741513706614
2024-12-12 00:00:00+00:00,531.4514857175209,417.97206898743286,565.4194917812251,0.00011991786447638603,1.2715,-6.190194441239646e-06
2024-12-13 00:00:00+00:00,531.512775280039,420.8668740834896,565.4868312689528,0.00011909650924024639,1.2629,-3.7716599073923636e-06
2024-12-14 00:00:00+00:00,531.5339073959753,420.883607091595,565.5540239547215,0.0001188227241615332,1.2629,-7.906428952143066e-05
2024-12-15 00:00:00+00:00,531.6568876585944,420.98098634776665,565.6212246245084,0.0001188227241615332,1.2629,0.00011254588827868603
2024-12-16 00:00:00+00:00,531.6538789969903,418.9549873892753,565.6884332792619,0.0001188227241615332,1.269,-0.00012448175289592813
2024-12-17 00:00:00+00:00,531.7857239997813,418.1362824341731,565.7561145510874,0.00011964407939767284,1.2718,0.00012834621654390745
2024-12-18 00:00:00+00:00,531.8577793898642,418.9175956126844,565.8239588161589,0.00011991786447638603,1.2696,1.5579172828257762e-05
2024-12-19 00:00:00+00:00,531.8076871061128,424.4275236281826,565.8915013886556,0.00011937029431895962,1.253,-0.0002135539007124205
2024-12-20 00:00:00+00:00,531.9252998474262,422.5989511777439,565.9588970910797,0.00011909650924024639,1.2587,0.0001020600181379504
2024-12-21 00:00:00+00:00,531.934023680011,422.6058820052523,566.0261458689956,0.0001188227241615332,1.2587,-0.0001024222397565451
2024-12-22 00:00:00+00:00,532.023887564821,422.6772762094392,566.0934026375943,0.0001188227241615332,1.2587,5.0115303506619716e-05
2024-12-23 00:00:00+00:00,532.0540766408662,424.6580546259608,566.1606673978256,0.0001188227241615332,1.2529,-6.207888849774704e-05
2024-12-24 00:00:00+00:00,532.0937375522221,424.72360915726546,566.2282501633247,0.00011937029431895962,1.2528,-4.482728619791775e-05
2024-12-25 00:00:00+00:00,532.1179044797627,424.74289948895495,566.2964610955826,0.00012046543463381247,1.2528,-7.5046881782917e-05
2024-12-26 00:00:00+00:00,532.1677120602051,424.98619394681765,566.3646802449,0.00012046543463381247,1.2522,-2.6862907782168637e-05
2024-12-27 00:00:00+00:00,532.2072076917971,423.29373076576553,566.4321323012742,0.00011909650924024639,1.2573,-4.487999685720567e-05
2024-12-28 00:00:00+00:00,532.2661199966061,423.34058696938365,566.4989720682892,0.00011800136892539357,1.2573,-7.30706798837375e-06
2024-12-29 00:00:00+00:00,532.2562544123808,423.3327403263985,566.5658197224881,0.00011800136892539357,1.2573,-0.00013653642846547483
2024-12-30 00:00:00+00:00,532.3205445948626,425.074298965793,566.6326752648017,0.00011800136892539357,1.2523,2.786657422457561e-06
2024-12-31 00:00:00+00:00,531.6856410029732,424.6351257910496,566.7004695095904,0.00011964407939767284,1.2521,-0.001312353243708807
