kind,symbol,tf,arch,params,case,cost,bh_cagr,bh_sharpe,bh_max_dd,cagr,sharpe,sortino,max_dd,trades,win_rate,profit_factor,payoff,expectancy,skew,avg_bars,exposure,trades_per_year,top5_trade_share,positive_years
spot,BTCUSDT,1h,A1_price_slowMA,"{""slow"": 150}",opt,0.001,0.5165177038162492,0.9111405170323381,-0.9372198988572522,0.07043079294939458,0.37787795331214946,0.6052762139203244,-0.83550197211571,1123,0.16295636687444345,1.4854824361146268,7.630346939605188,0.003311185498891625,5.492971023278724,28.55832591273375,0.4960558064715709,152.16049000804307,0.1715272235843246,0.625
spot,BTCUSDT,1h,A1_price_slowMA,"{""slow"": 150}",real,0.0012,0.5165177038162492,0.9111405170323381,-0.9372198988572522,0.0072228678102557176,0.2511379896925532,0.39899277207950556,-0.8625997274806119,1123,0.16295636687444345,1.4854824361146273,7.63034693960519,0.003311185498891625,5.492971023278724,28.55832591273375,0.4960558064715709,152.16049000804307,0.17152722358432457,0.625
spot,BTCUSDT,1h,A1_price_slowMA,"{""slow"": 150}",stress,0.0024,0.5165177038162492,0.9111405170323381,-0.9372198988572522,-0.3009195813438885,-0.4848974051382541,-0.7337281100063151,-0.9783348977589971,1123,0.16295636687444345,1.4854824361146273,7.63034693960519,0.0033111854988916245,5.492971023278723,28.55832591273375,0.4960558064715709,152.16049000804307,0.17152722358432454,0.375
spot,BTCUSDT,1h,A1_price_slowMA,"{""slow"": 200}",opt,0.001,0.5165177038162492,0.9111405170323381,-0.9372198988572522,0.08299468991396708,0.40093627070030136,0.640376188686509,-0.8590211748522572,962,0.14241164241164242,1.5141518367502886,9.118067630065607,0.003657906722829408,5.299216030793201,32.33160083160083,0.48108333848914187,130.34585163645363,0.1886481748032891,0.625
spot,BTCUSDT,1h,A1_price_slowMA,"{""slow"": 200}",real,0.0012,0.5165177038162492,0.9111405170323381,-0.9372198988572522,0.027975836045565527,0.29011713362319064,0.4599187560477216,-0.8742608448337823,962,0.14241164241164242,1.5141518367502886,9.118067630065607,0.0036579067228294086,5.2992160307931995,32.33160083160083,0.48108333848914187,130.34585163645363,0.18864817480328908,0.625
spot,BTCUSDT,1h,A1_price_slowMA,"{""slow"": 200}",stress,0.0024,0.5165177038162492,0.9111405170323381,-0.9372198988572522,-0.2481657819644698,-0.3549221240159043,-0.5379480926267948,-0.9621498532496869,962,0.14241164241164242,1.5141518367502886,9.118067630065607,0.0036579067228294077,5.299216030793201,32.33160083160083,0.48108333848914187,130.34585163645363,0.18864817480328908,0.5
spot,BTCUSDT,1h,A1_price_slowMA,"{""slow"": 250}",opt,0.001,0.5165177038162492,0.9111405170323381,-0.9372198988572522,0.08524308470218722,0.4050380916903003,0.6437741907455728,-0.8561347596140971,853,0.1559202813599062,1.5722474833822722,8.511414947633352,0.0043822530997566,11.77102087097578,36.11137162954279,0.476443110808637,115.57693497494277,0.2927998272256191,0.625
spot,BTCUSDT,1h,A1_price_slowMA,"{""slow"": 250}",real,0.0012,0.5165177038162492,0.9111405170323381,-0.9372198988572522,0.03621346821844629,0.30607694052217627,0.4831795442696204,-0.8720708406271952,853,0.1559202813599062,1.5722474833822722,8.511414947633352,0.004382253099756599,11.771020870975777,36.11137162954279,0.476443110808637,115.57693497494277,0.29279982722561904,0.625
spot,BTCUSDT,1h,A1_price_slowMA,"{""slow"": 250}",stress,0.0024,0.5165177038162492,0.9111405170323381,-0.9372198988572522,-0.2147965344024383,-0.27097042724128867,-0.41062488349684984,-0.9584419851966979,853,0.1559202813599062,1.5722474833822722,8.511414947633352,0.0043822530997566,11.77102087097578,36.11137162954279,0.476443110808637,115.57693497494277,0.2927998272256191,0.5
spot,BTCUSDT,1h,A2_dual_MA,"{""fast"": 10, ""slow"": 50}",opt,0.001,0.5165177038162492,0.9111405170323381,-0.9372198988572522,0.5066636999519758,1.0595118611211027,1.8620173535962223,-0.6901375932005248,807,0.27757125154894674,1.6605520975874517,4.3218833611316265,0.0072127580368315245,3.5662859703031393,42.81660470879802,0.5344614242405494,109.34418115448865,0.12631299776238247,0.875
spot,BTCUSDT,1h,A2_dual_MA,"{""fast"": 10, ""slow"": 50}",real,0.0012,0.5165177038162492,0.9111405170323381,-0.9372198988572522,0.44218598921751306,0.971712217944462,1.6979854676295325,-0.7064609221529128,807,0.27757125154894674,1.6605520975874517,4.3218833611316265,0.0072127580368315245,3.5662859703031393,42.81660470879802,0.5344614242405494,109.34418115448865,0.12631299776238247,0.75
spot,BTCUSDT,1h,A2_dual_MA,"{""fast"": 10, ""slow"": 50}",stress,0.0024,0.5165177038162492,0.9111405170323381,-0.9372198988572522,0.1093043354827028,0.45294574942820176,0.7648827198889063,-0.8653481677156343,807,0.27757125154894674,1.6605520975874517,4.3218833611316265,0.0072127580368315245,3.5662859703031393,42.81660470879802,0.5344614242405494,109.34418115448865,0.12631299776238247,0.625
spot,BTCUSDT,1h,A2_dual_MA,"{""fast"": 10, ""slow"": 75}",opt,0.001,0.5165177038162492,0.9111405170323381,-0.9372198988572522,0.6331308256208352,1.2282169285030606,2.1166281883246043,-0.6306831200328364,605,0.28264462809917357,1.847907903605871,4.690011872309638,0.00969440891686887,3.12136504611819,56.816528925619835,0.5316772876322465,81.9742622037988,0.13076260535985798,0.875
spot,BTCUSDT,1h,A2_dual_MA,"{""fast"": 10, ""slow"": 75}",real,0.0012,0.5165177038162492,0.9111405170323381,-0.9372198988572522,0.580449309607189,1.1612940217492735,1.9924304126381338,-0.6467221086158027,605,0.28264462809917357,1.847907903605871,4.690011872309638,0.009694408916868869,3.1213650461181897,56.816528925619835,0.5316772876322465,81.9742622037988,0.13076260535985798,0.875
spot,BTCUSDT,1h,A2_dual_MA,"{""fast"": 10, ""slow"": 75}",stress,0.0024,0.5165177038162492,0.9111405170323381,-0.9372198988572522,0.2981890949480539,0.7645988376321821,1.2773522611407981,-0.7472050850257854,605,0.28264462809917357,1.847907903605871,4.690011872309638,0.009694408916868869,3.1213650461181897,56.816528925619835,0.5316772876322465,81.9742622037988,0.13076260535985798,0.75
spot,BTCUSDT,1h,A2_dual_MA,"{""fast"": 10, ""slow"": 100}",opt,0.001,0.5165177038162492,0.9111405170323381,-0.9372198988572522,0.6128663963606271,1.217393810961496,2.093696076590358,-0.6589336923336884,524,0.2767175572519084,1.8988345249477487,4.963160585897909,0.010827498330402332,3.374981678331318,65.28625954198473,0.5291406298335705,70.99919569386871,0.16502610861966382,0.875
spot,BTCUSDT,1h,A2_dual_MA,"{""fast"": 10, ""slow"": 100}",real,0.0012,0.5165177038162492,0.9111405170323381,-0.9372198988572522,0.5677057638127605,1.1582910379902465,1.984529174636786,-0.6730926303358866,524,0.2767175572519084,1.8988345249477487,4.963160585897909,0.010827498330402332,3.3749816783313182,65.28625954198473,0.5291406298335705,70.99919569386871,0.16502610861966382,0.875
spot,BTCUSDT,1h,A2_dual_MA,"{""fast"": 10, ""slow"": 100}",stress,0.0024,0.5165177038162492,0.9111405170323381,-0.9372198988572522,0.3220910493486655,0.807302218799002,1.3520722355906825,-0.7465222614556335,524,0.2767175572519084,1.8988345249477487,4.963160585897909,0.010827498330402335,3.374981678331318,65.28625954198473,0.5291406298335705,70.99919569386871,0.16502610861966382,0.75
spot,BTCUSDT,1h,A2_dual_MA,"{""fast"": 20, ""slow"": 50}",opt,0.001,0.5165177038162492,0.9111405170323381,-0.9372198988572522,0.6020322762637429,1.1886799535342978,2.059211604967438,-0.6553401113076907,565,0.30973451327433627,1.7869817731732653,3.9824165230718482,0.01002481018641226,2.9149742282307023,60.96106194690265,0.5327600074243642,76.55447627296913,0.13645708665371328,0.875
spot,BTCUSDT,1h,A2_dual_MA,"{""fast"": 20, ""slow"": 50}",real,0.0012,0.5165177038162492,0.9111405170323381,-0.9372198988572522,0.5537186214301453,1.1263085493948175,1.943239947571608,-0.6696482322980921,565,0.30973451327433627,1.7869817731732653,3.9824165230718482,0.01002481018641226,2.9149742282307014,60.96106194690265,0.5327600074243642,76.55447627296913,0.13645708665371328,0.875
spot,BTCUSDT,1h,A2_dual_MA,"{""fast"": 20, ""slow"": 50}",stress,0.0024,0.5165177038162492,0.9111405170323381,-0.9372198988572522,0.29294143887041746,0.7562729799470098,1.273344932909034,-0.7729480592819805,565,0.30973451327433627,1.7869817731732653,3.9824165230718482,0.01002481018641226,2.9149742282307023,60.96106194690265,0.5327600074243642,76.55447627296913,0.13645708665371326,0.75
spot,BTCUSDT,1h,A2_dual_MA,"{""fast"": 20, ""slow"": 75}",opt,0.001,0.5165177038162492,0.9111405170323381,-0.9372198988572522,0.6228314292776731,1.2180901953114107,2.065799106353237,-0.6544509783835082,440,0.3090909090909091,1.8998419883048854,4.246705620916803,0.012595353363253702,3.12268382073047,77.82954545454545,0.5296819897296294,59.6176452391264,0.1714046485876132,0.875
spot,BTCUSDT,1h,A2_dual_MA,"{""fast"": 20, ""slow"": 75}",real,0.0012,0.5165177038162492,0.9111405170323381,-0.9372198988572522,0.5845894194991883,1.1692651605378288,1.9767508682220853,-0.6659345575592484,440,0.3090909090909091,1.8998419883048854,4.246705620916803,0.012595353363253702,3.1226838207304706,77.82954545454545,0.5296819897296294,59.6176452391264,0.1714046485876132,0.875
spot,BTCUSDT,1h,A2_dual_MA,"{""fast"": 20, ""slow"": 75}",stress,0.0024,0.5165177038162492,0.9111405170323381,-0.9372198988572522,0.37333556970006576,0.8787911837136669,1.457764336234087,-0.7286471510602848,440,0.3090909090909091,1.8998419883048854,4.246705620916803,0.012595353363253703,3.12268382073047,77.82954545454545,0.5296819897296294,59.6176452391264,0.17140464858761317,0.875
spot,BTCUSDT,1h,A2_dual_MA,"{""fast"": 20, ""slow"": 100}",opt,0.001,0.5165177038162492,0.9111405170323381,-0.9372198988572522,0.560747542015672,1.1493522993563274,1.9171484387424995,-0.6326068814337369,391,0.29411764705882354,1.883942211902412,4.521461308565788,0.013655672710777316,3.240892160305641,87.1227621483376,0.5268978531213265,52.97840747386005,0.2038864993601213,0.75
spot,BTCUSDT,1h,A2_dual_MA,"{""fast"": 20, ""slow"": 100}",real,0.0012,0.5165177038162492,0.9111405170323381,-0.9372198988572522,0.5280211180816465,1.1053613939106357,1.8386984151819805,-0.641892789779624,391,0.29411764705882354,1.8839422119024116,4.5214613085657875,0.013655672710777318,3.240892160305641,87.1227621483376,0.5268978531213265,52.97840747386005,0.20388649936012132,0.75
spot,BTCUSDT,1h,A2_dual_MA,"{""fast"": 20, ""slow"": 100}",stress,0.0024,0.5165177038162492,0.9111405170323381,-0.9372198988572522,0.34557967619704,0.8435396364865264,1.3800380107588677,-0.7168101571608047,391,0.29411764705882354,1.883942211902412,4.521461308565789,0.013655672710777316,3.240892160305641,87.1227621483376,0.5268978531213265,52.97840747386005,0.20388649936012126,0.75
spot,BTCUSDT,1h,A2_dual_MA,"{""fast"": 30, ""slow"": 50}",opt,0.001,0.5165177038162492,0.9111405170323381,-0.9372198988572522,0.5791872974160497,1.1640604640639869,1.9709200929784685,-0.6592046087087559,489,0.3006134969325153,1.8222080514225745,4.239422813513745,0.01103258486843273,2.8628439982641676,70.09815950920246,0.530192414774485,66.25688300439275,0.14802683415576956,0.875
spot,BTCUSDT,1h,A2_dual_MA,"{""fast"": 30, ""slow"": 50}",real,0.0012,0.5165177038162492,0.9111405170323381,-0.9372198988572522,0.5378841768738609,1.1098546567217218,1.872686522102995,-0.6703174977538913,489,0.3006134969325153,1.8222080514225745,4.239422813513745,0.01103258486843273,2.8628439982641676,70.09815950920246,0.530192414774485,66.25688300439275,0.14802683415576956,0.875
spot,BTCUSDT,1h,A2_dual_MA,"{""fast"": 30, ""slow"": 50}",stress,0.0024,0.5165177038162492,0.9111405170323381,-0.9372198988572522,0.31178723262470776,0.7876163541148523,1.3016668418607285,-0.7381611330876923,489,0.3006134969325153,1.8222080514225745,4.239422813513745,0.01103258486843273,2.8628439982641676,70.09815950920246,0.530192414774485,66.25688300439275,0.14802683415576956,0.75
spot,BTCUSDT,1h,A2_dual_MA,"{""fast"": 30, ""slow"": 75}",opt,0.001,0.5165177038162492,0.9111405170323381,-0.9372198988572522,0.6572579559606289,1.2705112806807015,2.1305937264897827,-0.6633120318184473,369,0.3170731707317073,1.997060382050394,4.301360822877772,0.015195251757072831,3.051252718447725,92.58807588075881,0.5284445956814948,49.99752521190373,0.1980180498814095,0.875
spot,BTCUSDT,1h,A2_dual_MA,"{""fast"": 30, ""slow"": 75}",real,0.0012,0.5165177038162492,0.9111405170323381,-0.9372198988572522,0.6244436184024793,1.229004089791374,2.0558167115664188,-0.6731319557416204,369,0.3170731707317073,1.997060382050394,4.301360822877772,0.015195251757072831,3.051252718447725,92.58807588075881,0.5284445956814948,49.99752521190373,0.1980180498814095,0.75
spot,BTCUSDT,1h,A2_dual_MA,"{""fast"": 30, ""slow"": 75}",stress,0.0024,0.5165177038162492,0.9111405170323381,-0.9372198988572522,0.4407602199288361,0.9816252582959424,1.6173618504177294,-0.7263209804104087,369,0.3170731707317073,1.997060382050394,4.301360822877772,0.01519525175707283,3.051252718447725,92.58807588075881,0.5284445956814948,49.99752521190373,0.1980180498814095,0.75
spot,BTCUSDT,1h,A2_dual_MA,"{""fast"": 30, ""slow"": 100}",opt,0.001,0.5165177038162492,0.9111405170323381,-0.9372198988572522,0.5872004356207112,1.1805853750913597,1.9460295657128501,-0.650069931702798,322,0.32608695652173914,2.0016322804130686,4.136706712853675,0.01759469804593791,4.822736420124604,106.16149068322981,0.5287384767679267,43.62927674317886,0.28933173273579804,0.75
spot,BTCUSDT,1h,A2_dual_MA,"{""fast"": 30, ""slow"": 100}",real,0.0012,0.5165177038162492,0.9111405170323381,-0.9372198988572522,0.5597413404889544,1.1445217239218528,1.8824213911260954,-0.6593235168676773,322,0.32608695652173914,2.0016322804130686,4.136706712853675,0.017594698045937905,4.8227364201246035,106.16149068322981,0.5287384767679267,43.62927674317886,0.28933173273579815,0.75
spot,BTCUSDT,1h,A2_dual_MA,"{""fast"": 30, ""slow"": 100}",stress,0.0024,0.5165177038162492,0.9111405170323381,-0.9372198988572522,0.4046798107695946,0.9295048933935404,1.5085326320924264,-0.7259621091468267,322,0.32608695652173914,2.0016322804130686,4.136706712853675,0.01759469804593791,4.822736420124604,106.16149068322981,0.5287384767679267,43.62927674317886,0.28933173273579804,0.75
spot,BTCUSDT,1h,A3_MA_slope,"{""ma"": 50}",opt,0.001,0.5165177038162492,0.9111405170323381,-0.9372198988572522,0.3551669298215532,0.8630728918557355,1.4612074575816787,-0.718887415463878,957,0.3542319749216301,1.5690786619822443,2.8558157358201908,0.005322538383665515,3.1360340568445984,34.90909090909091,0.5167512219266225,129.66837839509992,0.10130390161134828,0.625
spot,BTCUSDT,1h,A3_MA_slope,"{""ma"": 50}",real,0.0012,0.5165177038162492,0.9111405170323381,-0.9372198988572522,0.2866696685726835,0.7560250487771076,1.2728182492292013,-0.7545348256224246,957,0.3542319749216301,1.5690786619822445,2.855815735820191,0.005322538383665516,3.1360340568445984,34.90909090909091,0.5167512219266225,129.66837839509992,0.10130390161134827,0.625
spot,BTCUSDT,1h,A3_MA_slope,"{""ma"": 50}",stress,0.0024,0.5165177038162492,0.9111405170323381,-0.9372198988572522,-0.057432671280780445,0.12358846998898242,0.2010863819238153,-0.9044560173835248,957,0.3542319749216301,1.569078661982244,2.8558157358201908,0.005322538383665516,3.136034056844599,34.90909090909091,0.5167512219266225,129.66837839509992,0.10130390161134827,0.5
spot,BTCUSDT,1h,A3_MA_slope,"{""ma"": 75}",opt,0.001,0.5165177038162492,0.9111405170323381,-0.9372198988572522,0.3581550788749528,0.8782950194758088,1.455185487662917,-0.6907841311720864,752,0.3696808510638298,1.620311760390403,2.7626898360613343,0.006260373316523365,3.307083032684437,44.077127659574465,0.5126832889933799,101.89197549959785,0.13274507775398256,0.75
spot,BTCUSDT,1h,A3_MA_slope,"{""ma"": 75}",real,0.0012,0.5165177038162492,0.9111405170323381,-0.9372198988572522,0.3039138292868071,0.7919710185130946,1.3064725712281453,-0.707390320033195,752,0.3696808510638298,1.620311760390403,2.7626898360613343,0.006260373316523365,3.307083032684437,44.077127659574465,0.5126832889933799,101.89197549959785,0.13274507775398256,0.75
spot,BTCUSDT,1h,A3_MA_slope,"{""ma"": 75}",stress,0.0024,0.5165177038162492,0.9111405170323381,-0.9372198988572522,0.02104725036372246,0.2798767856088826,0.4496310743810171,-0.8116620425936663,752,0.3696808510638298,1.620311760390403,2.7626898360613343,0.006260373316523365,3.307083032684436,44.077127659574465,0.5126832889933799,101.89197549959785,0.13274507775398256,0.625
spot,BTCUSDT,1h,A3_MA_slope,"{""ma"": 100}",opt,0.001,0.5165177038162492,0.9111405170323381,-0.9372198988572522,0.43184463224854186,0.9911101551743914,1.643091630876309,-0.656386782059613,621,0.37359098228663445,1.785533097192169,2.9938464431368694,0.008309888276201549,6.451323878795534,52.853462157809986,0.5076718430984347,84.14217657613067,0.22186718691773835,0.75
spot,BTCUSDT,1h,A3_MA_slope,"{""ma"": 100}",real,0.0012,0.5165177038162492,0.9111405170323381,-0.9372198988572522,0.3844551298057908,0.9193584306488838,1.5184412714959772,-0.6715723390410788,621,0.37359098228663445,1.7855330971921686,2.993846443136869,0.00830988827620155,6.451323878795534,52.853462157809986,0.5076718430984347,84.14217657613067,0.22186718691773835,0.75
spot,BTCUSDT,1h,A3_MA_slope,"{""ma"": 100}",stress,0.0024,0.5165177038162492,0.9111405170323381,-0.9372198988572522,0.1312969883628945,0.49313401437400306,0.7959583300822435,-0.7501667540979249,621,0.37359098228663445,1.7855330971921686,2.993846443136869,0.00830988827620155,6.4513238787955345,52.853462157809986,0.5076718430984347,84.14217657613067,0.22186718691773838,0.75
spot,BTCUSDT,1h,A3_MA_slope,"{""ma"": 150}",opt,0.001,0.5165177038162492,0.9111405170323381,-0.9372198988572522,0.20785047176842264,0.633828345859169,1.0197247120670163,-0.783272436615114,550,0.33454545454545453,1.5803537871486826,3.1435298157414016,0.0068649859313234685,7.5917164398604084,58.63636363636363,0.4988244756542721,74.522056548908,0.27265965971156225,0.625
spot,BTCUSDT,1h,A3_MA_slope,"{""ma"": 150}",real,0.0012,0.5165177038162492,0.9111405170323381,-0.9372198988572522,0.17237716369951683,0.5699919212427383,0.9139134620267175,-0.7962199916001995,550,0.33454545454545453,1.5803537871486824,3.1435298157414007,0.0068649859313234685,7.591716439860408,58.63636363636363,0.4988244756542721,74.522056548908,0.27265965971156225,0.625
spot,BTCUSDT,1h,A3_MA_slope,"{""ma"": 150}",stress,0.0024,0.5165177038162492,0.9111405170323381,-0.9372198988572522,-0.019624958629639866,0.19052798443303895,0.2992064634377528,-0.8673356655494884,550,0.33454545454545453,1.5803537871486826,3.1435298157414016,0.006864985931323468,7.591716439860408,58.63636363636363,0.4988244756542721,74.522056548908,0.27265965971156225,0.625
spot,BTCUSDT,1h,A3_MA_slope,"{""ma"": 200}",opt,0.001,0.5165177038162492,0.9111405170323381,-0.9372198988572522,0.1568522240102943,0.5434628152405773,0.8389500483094345,-0.8523691514325483,448,0.33482142857142855,1.5476943427403826,3.0747527609108936,0.007507849395647456,8.037997397944245,71.16741071428571,0.4931479304584545,60.701602425292336,0.33724317839426854,0.625
spot,BTCUSDT,1h,A3_MA_slope,"{""ma"": 200}",real,0.0012,0.5165177038162492,0.9111405170323381,-0.9372198988572522,0.1291013447650644,0.49147124655907115,0.756732358185279,-0.8602975470945482,448,0.33482142857142855,1.5476943427403826,3.0747527609108936,0.007507849395647456,8.037997397944245,71.16741071428571,0.4931479304584545,60.701602425292336,0.33724317839426854,0.625
spot,BTCUSDT,1h,A3_MA_slope,"{""ma"": 200}",stress,0.0024,0.5165177038162492,0.9111405170323381,-0.9372198988572522,-0.023970325773361667,0.18268274992441363,0.27686602957050993,-0.8996851528279132,448,0.33482142857142855,1.5476943427403826,3.0747527609108936,0.007507849395647455,8.037997397944245,71.16741071428571,0.4931479304584545,60.701602425292336,0.33724317839426854,0.625
spot,BTCUSDT,1h,A3_MA_slope,"{""ma"": 250}",opt,0.001,0.5165177038162492,0.9111405170323381,-0.9372198988572522,0.3282623861131717,0.841656902252363,1.3347638168967226,-0.7508148910600004,371,0.3477088948787062,1.8033228128032537,3.3829776798324604,0.011101704687967421,4.950836971325476,85.86253369272237,0.49271484254160736,50.268514508445215,0.31925380573099515,0.625
spot,BTCUSDT,1h,A3_MA_slope,"{""ma"": 250}",real,0.0012,0.5165177038162492,0.9111405170323381,-0.9372198988572522,0.3018211662500394,0.7979099350386214,1.2624928928271975,-0.7625882510754194,371,0.3477088948787062,1.8033228128032537,3.3829776798324604,0.011101704687967421,4.950836971325473,85.86253369272237,0.49271484254160736,50.268514508445215,0.31925380573099515,0.625
spot,BTCUSDT,1h,A3_MA_slope,"{""ma"": 250}",stress,0.0024,0.5165177038162492,0.9111405170323381,-0.9372198988572522,0.153867497213797,0.5372423924643452,0.8381479836265003,-0.8263352804519611,371,0.3477088948787062,1.803322812803254,3.382977679832461,0.011101704687967421,4.950836971325476,85.86253369272237,0.49271484254160736,50.268514508445215,0.31925380573099515,0.625
spot,BTCUSDT,1h,A4_MA_distance_capped,"{""cap_atr"": 4, ""slow"": 150}",opt,0.001,0.5165177038162492,0.9111405170323381,-0.9372198988572522,-0.40498250523589796,-1.3846985398852552,-1.7945155061673839,-0.9876176067922458,1941,0.43894899536321486,1.0388480219972236,1.3278233520598317,0.00025175159844215855,0.7905158317563648,9.28026790314271,0.27861473736311326,262.99511229350986,0.052038945760176224,0.25
spot,BTCUSDT,1h,A4_MA_distance_capped,"{""cap_atr"": 4, ""slow"": 150}",real,0.0012,0.5165177038162492,0.9111405170323381,-0.9372198988572522,-0.46439731036891874,-1.6942015487237256,-2.1610310723276114,-0.9938424775722196,1941,0.43894899536321486,1.0388480219972236,1.3278233520598317,0.00025175159844215844,0.7905158317563651,9.28026790314271,0.27861473736311326,262.99511229350986,0.05203894576017622,0.25
spot,BTCUSDT,1h,A4_MA_distance_capped,"{""cap_atr"": 4, ""slow"": 150}",stress,0.0024,0.5165177038162492,0.9111405170323381,-0.9372198988572522,-0.7150817647590649,-3.479877231132054,-4.073505197270172,-0.9999255398682522,1941,0.43894899536321486,1.0388480219972236,1.3278233520598317,0.00025175159844215844,0.7905158317563651,9.28026790314271,0.27861473736311326,262.99511229350986,0.052038945760176224,0.0
spot,BTCUSDT,1h,A4_MA_distance_capped,"{""cap_atr"": 4, ""slow"": 200}",opt,0.001,0.5165177038162492,0.9111405170323381,-0.9372198988572522,-0.4153984498503708,-1.5979492354004117,-2.045564677145389,-0.9867540416258442,1726,0.4501738122827346,0.985806817820976,1.2040291764634572,-8.781939756823072e-05,0.7689328971241356,8.633256083429895,0.23048010889067624,233.86376291530038,0.06689804614155563,0.125
spot,BTCUSDT,1h,A4_MA_distance_capped,"{""cap_atr"": 4, ""slow"": 200}",real,0.0012,0.5165177038162492,0.9111405170323381,-0.9372198988572522,-0.46760543091759144,-1.8971864783349572,-2.3906229370107632,-0.993043282266695,1726,0.4501738122827346,0.985806817820976,1.2040291764634572,-8.781939756823074e-05,0.7689328971241354,8.633256083429895,0.23048010889067624,233.86376291530038,0.06689804614155563,0.125
spot,BTCUSDT,1h,A4_MA_distance_capped,"{""cap_atr"": 4, ""slow"": 200}",stress,0.0024,0.5165177038162492,0.9111405170323381,-0.9372198988572522,-0.6962788627424307,-3.61315792083732,-4.18462792867822,-0.9998646522144597,1726,0.4501738122827346,0.9858068178209759,1.204029176463457,-8.78193975682307e-05,0.7689328971241354,8.633256083429895,0.23048010889067624,233.86376291530038,0.06689804614155564,0.0
spot,BTCUSDT,1h,A4_MA_distance_capped,"{""cap_atr"": 4, ""slow"": 250}",opt,0.001,0.5165177038162492,0.9111405170323381,-0.9372198988572522,-0.35058376647345446,-1.3163708528721594,-1.7492355582854748,-0.9810219034846288,1499,0.43962641761174115,1.0108431600517351,1.2884799005211798,6.763764519967673e-05,0.7771018588776228,9.122081387591727,0.21150157767741137,203.106477757842,0.0614912416221853,0.25
spot,BTCUSDT,1h,A4_MA_distance_capped,"{""cap_atr"": 4, ""slow"": 250}",real,0.0012,0.5165177038162492,0.9111405170323381,-0.9372198988572522,-0.4012577725121267,-1.5874151806969712,-2.074284586362458,-0.9891530427762988,1499,0.43962641761174115,1.0108431600517351,1.2884799005211798,6.763764519967666e-05,0.7771018588776228,9.122081387591727,0.21150157767741137,203.106477757842,0.06149124162218531,0.25
spot,BTCUSDT,1h,A4_MA_distance_capped,"{""cap_atr"": 4, ""slow"": 250}",stress,0.0024,0.5165177038162492,0.9111405170323381,-0.9372198988572522,-0.6322608030666685,-3.1489805403268885,-3.763552384100993,-0.999625897494315,1499,0.43962641761174115,1.0108431600517351,1.2884799005211798,6.763764519967678e-05,0.7771018588776228,9.122081387591727,0.21150157767741137,203.106477757842,0.0614912416221853,0.125
spot,BTCUSDT,1h,B1_supertrend_flip,"{""mult"": 2.0, ""n"": 10}",opt,0.001,0.5165177038162492,0.9111405170323381,-0.9372198988572522,0.13103498140550318,0.4916037191520796,0.8328187572354977,-0.6439667153223938,1129,0.36935341009743133,1.3204274433547156,2.254542780979754,0.0035865613665870947,1.981081192091409,28.92471213463242,0.5051042504485553,152.97345789766752,0.06158148767066994,0.625
spot,BTCUSDT,1h,B1_supertrend_flip,"{""mult"": 2.0, ""n"": 10}",real,0.0012,0.5165177038162492,0.9111405170323381,-0.9372198988572522,0.06390241222350945,0.37182696393985143,0.6253625710855272,-0.6663728927593886,1129,0.36935341009743133,1.3204274433547156,2.254542780979754,0.0035865613665870947,1.981081192091409,28.92471213463242,0.5051042504485553,152.97345789766752,0.06158148767066994,0.625
spot,BTCUSDT,1h,B1_supertrend_flip,"{""mult"": 2.0, ""n"": 10}",stress,0.0024,0.5165177038162492,0.9111405170323381,-0.9372198988572522,-0.2630195131920777,-0.3345522657490798,-0.5392884649037153,-0.9496409344730916,1129,0.36935341009743133,1.3204274433547156,2.254542780979754,0.0035865613665870947,1.9810811920914093,28.92471213463242,0.5051042504485553,152.97345789766752,0.061581487670669954,0.25
spot,BTCUSDT,1h,B1_supertrend_flip,"{""mult"": 2.5, ""n"": 10}",opt,0.001,0.5165177038162492,0.9111405170323381,-0.9372198988572522,0.22123892984960158,0.6435793666706694,1.097848392700258,-0.6495867492973442,830,0.3686746987951807,1.375502848931231,2.355436251110997,0.004829534376376149,1.9291684152240896,39.53012048192771,0.5074862339912145,112.46055806471571,0.08080479628337492,0.625
spot,BTCUSDT,1h,B1_supertrend_flip,"{""mult"": 2.5, ""n"": 10}",real,0.0012,0.5165177038162492,0.9111405170323381,-0.9372198988572522,0.16751969747870765,0.5541575402236958,0.9398481426982704,-0.6792336209561973,830,0.3686746987951807,1.375502848931231,2.355436251110997,0.004829534376376149,1.92916841522409,39.53012048192771,0.5074862339912145,112.46055806471571,0.08080479628337495,0.625
spot,BTCUSDT,1h,B1_supertrend_flip,"{""mult"": 2.5, ""n"": 10}",stress,0.0024,0.5165177038162492,0.9111405170323381,-0.9372198988572522,-0.10865584076188617,0.025453633764236473,0.04172307585080962,-0.893887578286256,830,0.3686746987951807,1.3755028489312313,2.3554362511109974,0.004829534376376149,1.9291684152240896,39.53012048192771,0.5074862339912145,112.46055806471571,0.08080479628337493,0.5
spot,BTCUSDT,1h,B1_supertrend_flip,"{""mult"": 3.0, ""n"": 10}",opt,0.001,0.5165177038162492,0.9111405170323381,-0.9372198988572522,0.36873255695584595,0.8712437065966968,1.49437606261918,-0.7586463206852145,625,0.3792,1.5088391110440624,2.4638005737301776,0.007305454354473252,2.3447673331489693,52.2768,0.5053671966837839,84.68415516921364,0.11162658281551062,0.625
spot,BTCUSDT,1h,B1_supertrend_flip,"{""mult"": 3.0, ""n"": 10}",real,0.0012,0.5165177038162492,0.9111405170323381,-0.9372198988572522,0.32314498549116366,0.8032160997745418,1.3713744502698357,-0.7688508081298024,625,0.3792,1.508839111044062,2.463800573730177,0.007305454354473252,2.3447673331489693,52.2768,0.5053671966837839,84.68415516921364,0.11162658281551062,0.625
spot,BTCUSDT,1h,B1_supertrend_flip,"{""mult"": 3.0, ""n"": 10}",stress,0.0024,0.5165177038162492,0.9111405170323381,-0.9372198988572522,0.07979241276157034,0.40010565318580743,0.664826572090731,-0.8258974301507149,625,0.3792,1.5088391110440624,2.4638005737301776,0.007305454354473252,2.34476733314897,52.2768,0.5053671966837839,84.68415516921364,0.11162658281551062,0.625
spot,BTCUSDT,1h,B1_supertrend_flip,"{""mult"": 2.0, ""n"": 14}",opt,0.001,0.5165177038162492,0.9111405170323381,-0.9372198988572522,0.05405225870878172,0.35385761365069707,0.5934850169376759,-0.7126050151545082,1151,0.37445699391833187,1.2711997492409586,2.1235819476879123,0.0031167328991917884,1.9459350534720548,28.592528236316248,0.5090329765513828,155.95434015962383,0.06118193197245405,0.625
spot,BTCUSDT,1h,B1_supertrend_flip,"{""mult"": 2.0, ""n"": 14}",real,0.0012,0.5165177038162492,0.9111405170323381,-0.9372198988572522,-0.009692503490956073,0.23260071155170006,0.38727741827062856,-0.7315963076479182,1151,0.37445699391833187,1.2711997492409586,2.1235819476879123,0.0031167328991917893,1.9459350534720539,28.592528236316248,0.5090329765513828,155.95434015962383,0.06118193197245405,0.625
spot,BTCUSDT,1h,B1_supertrend_flip,"{""mult"": 2.0, ""n"": 14}",stress,0.0024,0.5165177038162492,0.9111405170323381,-0.9372198988572522,-0.318889997847013,-0.48243092031188567,-0.7696168663726007,-0.9670887728622689,1151,0.37445699391833187,1.2711997492409584,2.1235819476879123,0.0031167328991917893,1.9459350534720548,28.592528236316248,0.5090329765513828,155.95434015962383,0.061181931972454064,0.25
spot,BTCUSDT,1h,B1_supertrend_flip,"{""mult"": 2.5, ""n"": 14}",opt,0.001,0.5165177038162492,0.9111405170323381,-0.9372198988572522,0.20873256100063542,0.6213506397130703,1.0427555815204783,-0.6834127921342089,836,0.37200956937799046,1.3651579038779635,2.3045270081541185,0.00472929488699828,1.9037273405071007,39.936602870813395,0.5164109385633855,113.27352595434016,0.08027196554157476,0.625
spot,BTCUSDT,1h,B1_supertrend_flip,"{""mult"": 2.5, ""n"": 14}",real,0.0012,0.5165177038162492,0.9111405170323381,-0.9372198988572522,0.1551877386189091,0.5331461600613301,0.889754009053113,-0.7107768220219133,836,0.37200956937799046,1.3651579038779635,2.3045270081541185,0.00472929488699828,1.9037273405071011,39.936602870813395,0.5164109385633855,113.27352595434016,0.08027196554157476,0.625
spot,BTCUSDT,1h,B1_supertrend_flip,"{""mult"": 2.5, ""n"": 14}",stress,0.0024,0.5165177038162492,0.9111405170323381,-0.9372198988572522,-0.11978976858623125,0.011417291959255005,0.01843885736040731,-0.8914266477984816,836,0.37200956937799046,1.3651579038779635,2.3045270081541185,0.00472929488699828,1.9037273405071011,39.936602870813395,0.5164109385633855,113.27352595434016,0.08027196554157474,0.375
spot,BTCUSDT,1h,B1_supertrend_flip,"{""mult"": 3.0, ""n"": 14}",opt,0.001,0.5165177038162492,0.9111405170323381,-0.9372198988572522,0.4396447184879624,0.9695845247145222,1.6663166399360816,-0.7358217988430384,629,0.38950715421303655,1.5513064395612113,2.4314353991490005,0.007840231358130053,2.279376489643528,52.63275039745628,0.5120645919693126,85.2261337622966,0.10791088553685263,0.75
spot,BTCUSDT,1h,B1_supertrend_flip,"{""mult"": 3.0, ""n"": 14}",real,0.0012,0.5165177038162492,0.9111405170323381,-0.9372198988572522,0.3913936420108486,0.9013185209741817,1.5417667474092558,-0.7467888239863529,629,0.38950715421303655,1.5513064395612113,2.4314353991490005,0.007840231358130055,2.2793764896435276,52.63275039745628,0.5120645919693126,85.2261337622966,0.10791088553685263,0.75
spot,BTCUSDT,1h,B1_supertrend_flip,"{""mult"": 3.0, ""n"": 14}",stress,0.0024,0.5165177038162492,0.9111405170323381,-0.9372198988572522,0.13401275916524158,0.49660408187702004,0.826343892612753,-0.8036648842268521,629,0.38950715421303655,1.5513064395612113,2.4314353991490005,0.007840231358130053,2.279376489643528,52.63275039745628,0.5120645919693126,85.2261337622966,0.10791088553685263,0.5
spot,BTCUSDT,1h,B1_supertrend_flip,"{""mult"": 2.0, ""n"": 20}",opt,0.001,0.5165177038162492,0.9111405170323381,-0.9372198988572522,0.012058179328154006,0.27848941876852157,0.4653227310752804,-0.7195993037114374,1171,0.3706233988044407,1.242641144136224,2.1101993622774127,0.0028522866979191286,1.8669189656249743,28.69257045260461,0.5196900327909423,158.66423312503866,0.05987892156640737,0.625
spot,BTCUSDT,1h,B1_supertrend_flip,"{""mult"": 2.0, ""n"": 20}",real,0.0012,0.5165177038162492,0.9111405170323381,-0.9372198988572522,-0.050177079834204386,0.15751776082191915,0.26128818653490515,-0.7797297003372787,1171,0.3706233988044407,1.242641144136224,2.1101993622774127,0.0028522866979191286,1.866918965624974,28.69257045260461,0.5196900327909423,158.66423312503866,0.05987892156640737,0.625
spot,BTCUSDT,1h,B1_supertrend_flip,"{""mult"": 2.0, ""n"": 20}",stress,0.0024,0.5165177038162492,0.9111405170323381,-0.9372198988572522,-0.3509692290661909,-0.5558706307554475,-0.8836483682162443,-0.9781565708539536,1171,0.3706233988044407,1.242641144136224,2.1101993622774127,0.002852286697919129,1.8669189656249736,28.69257045260461,0.5196900327909423,158.66423312503866,0.05987892156640737,0.25
spot,BTCUSDT,1h,B1_supertrend_flip,"{""mult"": 2.5, ""n"": 20}",opt,0.001,0.5165177038162492,0.9111405170323381,-0.9372198988572522,0.17271360709836792,0.5621723074924748,0.936810279928277,-0.6895555211280318,839,0.3814064362336114,1.333839222973782,2.1633204897606033,0.004494219077046451,1.8709171570244885,40.60548271752086,0.5269442553981315,113.68000989915238,0.07558593095085427,0.625
spot,BTCUSDT,1h,B1_supertrend_flip,"{""mult"": 2.5, ""n"": 20}",real,0.0012,0.5165177038162492,0.9111405170323381,-0.9372198988572522,0.12058214938538625,0.4743964778576198,0.7861932276191355,-0.7162751404464274,839,0.3814064362336114,1.3338392229737819,2.1633204897606024,0.004494219077046451,1.870917157024488,40.60548271752086,0.5269442553981315,113.68000989915238,0.07558593095085427,0.625
spot,BTCUSDT,1h,B1_supertrend_flip,"{""mult"": 2.5, ""n"": 20}",stress,0.0024,0.5165177038162492,0.9111405170323381,-0.9372198988572522,-0.14699051670233065,-0.04460859897575542,-0.07156986224214225,-0.9031312897700734,839,0.3814064362336114,1.3338392229737819,2.1633204897606024,0.004494219077046451,1.8709171570244885,40.60548271752086,0.5269442553981315,113.68000989915238,0.07558593095085427,0.5
spot,BTCUSDT,1h,B1_supertrend_flip,"{""mult"": 3.0, ""n"": 20}",opt,0.001,0.5165177038162492,0.9111405170323381,-0.9372198988572522,0.39749405557947504,0.9034436966338932,1.5293831414271861,-0.6653887784202837,635,0.38740157480314963,1.5156505603057207,2.396699463247664,0.007484172861173355,2.1085672347350894,52.732283464566926,0.5179267462723505,86.03910165192106,0.10561221912996821,0.75
spot,BTCUSDT,1h,B1_supertrend_flip,"{""mult"": 3.0, ""n"": 20}",real,0.0012,0.5165177038162492,0.9111405170323381,-0.9372198988572522,0.35021655407138885,0.8359203490969968,1.4087654332358568,-0.6787661778793941,635,0.38740157480314963,1.5156505603057207,2.396699463247664,0.007484172861173355,2.1085672347350894,52.732283464566926,0.5179267462723505,86.03910165192106,0.10561221912996821,0.75
spot,BTCUSDT,1h,B1_supertrend_flip,"{""mult"": 3.0, ""n"": 20}",stress,0.0024,0.5165177038162492,0.9111405170323381,-0.9372198988572522,0.09830760290973228,0.4356122266696053,0.7149938034655708,-0.7577625572485842,635,0.38740157480314963,1.5156505603057207,2.396699463247664,0.007484172861173355,2.108567234735089,52.732283464566926,0.5179267462723505,86.03910165192106,0.1056122191299682,0.625
spot,BTCUSDT,1h,B3_supertrend_HTF,"{""mult"": 2.0, ""n"": 10}",opt,0.001,0.5165177038162492,0.9111405170323381,-0.9372198988572522,0.06217932189956055,0.43657547068690017,0.8085913522820468,-0.25267676454999,197,0.38071065989847713,1.6054983830611993,2.6116107031128846,0.004853538668918153,2.8930277165086995,28.928934010152282,0.0881488585039906,26.692445709336138,0.3109111933055105,0.25
spot,BTCUSDT,1h,B3_supertrend_HTF,"{""mult"": 2.0, ""n"": 10}",real,0.0012,0.5165177038162492,0.9111405170323381,-0.9372198988572522,0.05089877092120454,0.37350992758137463,0.6836586436223661,-0.2753434883044118,197,0.38071065989847713,1.6054983830611997,2.611610703112885,0.004853538668918153,2.8930277165087,28.928934010152282,0.0881488585039906,26.692445709336138,0.3109111933055104,0.125
spot,BTCUSDT,1h,B3_supertrend_HTF,"{""mult"": 2.0, ""n"": 10}",stress,0.0024,0.5165177038162492,0.9111405170323381,-0.9372198988572522,-0.014312897110531297,0.0031340188142154344,0.005367269789955654,-0.4237485189594379,197,0.38071065989847713,1.6054983830611993,2.6116107031128846,0.004853538668918153,2.8930277165086995,28.928934010152282,0.0881488585039906,26.692445709336138,0.3109111933055105,0.125
spot,BTCUSDT,1h,B3_supertrend_HTF,"{""mult"": 2.5, ""n"": 10}",opt,0.001,0.5165177038162492,0.9111405170323381,-0.9372198988572522,0.08859378629349957,0.5839394766766731,1.1003521780679228,-0.1902995198513736,145,0.3586206896551724,1.7963475637484188,3.2126985274731337,0.007138386352448477,2.4773670737258406,39.06206896551724,0.0876074986079317,19.646723999257564,0.35693688682482383,0.25
spot,BTCUSDT,1h,B3_supertrend_HTF,"{""mult"": 2.5, ""n"": 10}",real,0.0012,0.5165177038162492,0.9111405170323381,-0.9372198988572522,0.08007238267666317,0.5367374608993497,1.0017483607241295,-0.20038500480543076,145,0.3586206896551724,1.7963475637484188,3.2126985274731337,0.007138386352448475,2.477367073725841,39.06206896551724,0.0876074986079317,19.646723999257564,0.3569368868248239,0.25
spot,BTCUSDT,1h,B3_supertrend_HTF,"{""mult"": 2.5, ""n"": 10}",stress,0.0024,0.5165177038162492,0.9111405170323381,-0.9372198988572522,0.03032652220892129,0.25778468500503104,0.4554807785793357,-0.2958932850355802,145,0.3586206896551724,1.796347563748419,3.212698527473134,0.007138386352448475,2.47736707372584,39.06206896551724,0.0876074986079317,19.646723999257564,0.35693688682482383,0.125
spot,BTCUSDT,1h,B3_supertrend_HTF,"{""mult"": 3.0, ""n"": 10}",opt,0.001,0.5165177038162492,0.9111405170323381,-0.9372198988572522,0.06508844624623733,0.4611433869490179,0.8807216857740378,-0.26653357762203267,115,0.34782608695652173,1.6514209609826997,3.096414301842562,0.007363735421577979,3.1587173800796258,51.12173913043478,0.09093299511229351,15.581884551135309,0.5064806125630471,0.25
spot,BTCUSDT,1h,B3_supertrend_HTF,"{""mult"": 3.0, ""n"": 10}",real,0.0012,0.5165177038162492,0.9111405170323381,-0.9372198988572522,0.05847064910797628,0.4230353286160801,0.8013582876469835,-0.2793296662931025,115,0.34782608695652173,1.6514209609826997,3.096414301842562,0.007363735421577981,3.1587173800796275,51.12173913043478,0.09093299511229351,15.581884551135309,0.5064806125630471,0.25
spot,BTCUSDT,1h,B3_supertrend_HTF,"{""mult"": 3.0, ""n"": 10}",stress,0.0024,0.5165177038162492,0.9111405170323381,-0.9372198988572522,0.01961839411024413,0.19760981862195318,0.3571279984674993,-0.3515522414809592,115,0.34782608695652173,1.6514209609827,3.0964143018425623,0.007363735421577981,3.1587173800796275,51.12173913043478,0.09093299511229351,15.581884551135309,0.506480612563047,0.125
spot,BTCUSDT,1h,B3_supertrend_HTF,"{""mult"": 2.0, ""n"": 14}",opt,0.001,0.5165177038162492,0.9111405170323381,-0.9372198988572522,0.05257754544627047,0.38365209921931936,0.702661478216849,-0.2631526399974372,203,0.4039408866995074,1.5492649503586133,2.2861104755291732,0.0044389102613360135,2.895702879300784,28.364532019704434,0.08906143661448988,27.50541359896059,0.3089271998148155,0.125
spot,BTCUSDT,1h,B3_supertrend_HTF,"{""mult"": 2.0, ""n"": 14}",real,0.0012,0.5165177038162492,0.9111405170323381,-0.9372198988572522,0.04106037227853321,0.3188145779086731,0.5769474159442414,-0.28607299551659016,203,0.4039408866995074,1.5492649503586131,2.2861104755291732,0.0044389102613360135,2.895702879300784,28.364532019704434,0.08906143661448988,27.50541359896059,0.3089271998148154,0.125
spot,BTCUSDT,1h,B3_supertrend_HTF,"{""mult"": 2.0, ""n"": 14}",stress,0.0024,0.5165177038162492,0.9111405170323381,-0.9372198988572522,-0.025444132216231985,-0.06220917139816051,-0.10522918418511329,-0.45872400738589214,203,0.4039408866995074,1.5492649503586133,2.2861104755291732,0.0044389102613360135,2.8957028793007837,28.364532019704434,0.08906143661448988,27.50541359896059,0.3089271998148155,0.125
spot,BTCUSDT,1h,B3_supertrend_HTF,"{""mult"": 2.5, ""n"": 14}",opt,0.001,0.5165177038162492,0.9111405170323381,-0.9372198988572522,0.060141223603318306,0.42791940566608655,0.7713610089163162,-0.2839481937585072,150,0.34,1.5985669298901646,3.1031005109632606,0.005641145610666682,2.4920500062088706,37.94,0.08802511909917714,20.324197240611273,0.36063714491985654,0.25
spot,BTCUSDT,1h,B3_supertrend_HTF,"{""mult"": 2.5, ""n"": 14}",real,0.0012,0.5165177038162492,0.9111405170323381,-0.9372198988572522,0.05155754401112511,0.37941218739807087,0.6776205365273641,-0.29431889972293745,150,0.34,1.5985669298901641,3.10310051096326,0.0056411456106666815,2.49205000620887,37.94,0.08802511909917714,20.324197240611273,0.36063714491985654,0.25
spot,BTCUSDT,1h,B3_supertrend_HTF,"{""mult"": 2.5, ""n"": 14}",stress,0.0024,0.5165177038162492,0.9111405170323381,-0.9372198988572522,0.0014953199089968727,0.09323580845529321,0.15796012617104582,-0.38454429541919,150,0.34,1.5985669298901641,3.10310051096326,0.005641145610666682,2.49205000620887,37.94,0.08802511909917714,20.324197240611273,0.36063714491985654,0.125
spot,BTCUSDT,1h,B3_supertrend_HTF,"{""mult"": 3.0, ""n"": 14}",opt,0.001,0.5165177038162492,0.9111405170323381,-0.9372198988572522,0.06971452670445366,0.48942883123179015,0.9193990190368491,-0.24918162197120441,118,0.3559322033898305,1.6655003553803656,3.0137625478311376,0.007346114105624518,2.7649616444289635,49.75423728813559,0.09080925570748005,15.988368495947535,0.4382806796960097,0.25
spot,BTCUSDT,1h,B3_supertrend_HTF,"{""mult"": 3.0, ""n"": 14}",real,0.0012,0.5165177038162492,0.9111405170323381,-0.9372198988572522,0.06289515179368932,0.4500899625904985,0.8384570485086735,-0.2625754628270247,118,0.3559322033898305,1.6655003553803656,3.0137625478311376,0.007346114105624518,2.7649616444289635,49.75423728813559,0.09080925570748005,15.988368495947535,0.4382806796960097,0.25
spot,BTCUSDT,1h,B3_supertrend_HTF,"{""mult"": 3.0, ""n"": 14}",stress,0.0024,0.5165177038162492,0.9111405170323381,-0.9372198988572522,0.022882116227612048,0.21712711665958703,0.3854643562430097,-0.33806762535157875,118,0.3559322033898305,1.6655003553803653,3.013762547831137,0.007346114105624518,2.7649616444289635,49.75423728813559,0.09080925570748005,15.988368495947535,0.4382806796960098,0.125
spot,BTCUSDT,1h,B3_supertrend_HTF,"{""mult"": 2.0, ""n"": 20}",opt,0.001,0.5165177038162492,0.9111405170323381,-0.9372198988572522,0.06884195989747344,0.4716288086630847,0.8818570885762177,-0.2583110077498788,202,0.39603960396039606,1.6151017850682208,2.4630302222290363,0.00501952895636804,2.576418686402509,29.019801980198018,0.0906700488770649,27.369918950689847,0.2816211093529355,0.25
spot,BTCUSDT,1h,B3_supertrend_HTF,"{""mult"": 2.0, ""n"": 20}",real,0.0012,0.5165177038162492,0.9111405170323381,-0.9372198988572522,0.05720412023773358,0.40722240594301246,0.7520350075928104,-0.28051910666119984,202,0.39603960396039606,1.6151017850682206,2.4630302222290363,0.005019528956368038,2.576418686402507,29.019801980198018,0.0906700488770649,27.369918950689847,0.2816211093529355,0.125
spot,BTCUSDT,1h,B3_supertrend_HTF,"{""mult"": 2.0, ""n"": 20}",stress,0.0024,0.5165177038162492,0.9111405170323381,-0.9372198988572522,-0.010009790346816705,0.028690864403291876,0.049411777271312185,-0.44496904428888184,202,0.39603960396039606,1.6151017850682206,2.4630302222290363,0.005019528956368039,2.5764186864025076,29.019801980198018,0.0906700488770649,27.369918950689847,0.2816211093529355,0.125
spot,BTCUSDT,1h,B3_supertrend_HTF,"{""mult"": 2.5, ""n"": 20}",opt,0.001,0.5165177038162492,0.9111405170323381,-0.9372198988572522,0.06298587554580326,0.43823049886202387,0.7818573555130273,-0.2585118398967624,150,0.36666666666666664,1.6000523568696718,2.7637267982294333,0.005809528781448403,2.4940107038833967,38.593333333333334,0.08954092680814205,20.324197240611273,0.3593770308673675,0.25
spot,BTCUSDT,1h,B3_supertrend_HTF,"{""mult"": 2.5, ""n"": 20}",real,0.0012,0.5165177038162492,0.9111405170323381,-0.9372198988572522,0.05437916356860084,0.3906903281639522,0.6908649592114208,-0.26530225540236985,150,0.36666666666666664,1.6000523568696718,2.7637267982294333,0.005809528781448403,2.494010703883396,38.593333333333334,0.08954092680814205,20.324197240611273,0.3593770308673675,0.25
spot,BTCUSDT,1h,B3_supertrend_HTF,"{""mult"": 2.5, ""n"": 20}",stress,0.0024,0.5165177038162492,0.9111405170323381,-0.9372198988572522,0.004182608681227551,0.11009469201029212,0.1850341959190411,-0.35768099517253704,150,0.36666666666666664,1.600052356869672,2.7637267982294333,0.005809528781448404,2.494010703883396,38.593333333333334,0.08954092680814205,20.324197240611273,0.3593770308673675,0.125
spot,BTCUSDT,1h,B3_supertrend_HTF,"{""mult"": 3.0, ""n"": 20}",opt,0.001,0.5165177038162492,0.9111405170323381,-0.9372198988572522,0.062456561922491494,0.44712973049745647,0.832402181994516,-0.22041623800004972,121,0.3305785123966942,1.6065336149760165,3.2532305703264335,0.006826188781762141,2.895402488015458,47.85950413223141,0.08957186165934541,16.39485244075976,0.444319436759988,0.25
spot,BTCUSDT,1h,B3_supertrend_HTF,"{""mult"": 3.0, ""n"": 20}",real,0.0012,0.5165177038162492,0.9111405170323381,-0.9372198988572522,0.05551182255779974,0.407003085187755,0.7512718990047191,-0.23401689188238672,121,0.3305785123966942,1.6065336149760165,3.2532305703264335,0.006826188781762141,2.895402488015459,47.85950413223141,0.08957186165934541,16.39485244075976,0.4443194367599879,0.25
spot,BTCUSDT,1h,B3_supertrend_HTF,"{""mult"": 3.0, ""n"": 20}",stress,0.0024,0.5165177038162492,0.9111405170323381,-0.9372198988572522,0.014786262077181034,0.16959985050994014,0.2981006007772764,-0.313437559291072,121,0.3305785123966942,1.6065336149760165,3.2532305703264335,0.006826188781762141,2.895402488015458,47.85950413223141,0.08957186165934541,16.39485244075976,0.444319436759988,0.125
spot,BTCUSDT,1h,C1_donchian_channel,"{""n"": 20}",opt,0.001,0.5165177038162492,0.9111405170323381,-0.9372198988572522,0.08029836422351799,0.3906023356227662,0.6918243801455346,-0.703568183698918,836,0.3696172248803828,1.3110511181962696,2.2359998035256763,0.0035330470123092666,2.1912417072205534,30.586124401913874,0.39551754006063233,113.27352595434016,0.09330337867244438,0.625
spot,BTCUSDT,1h,C1_donchian_channel,"{""n"": 20}",real,0.0012,0.5165177038162492,0.9111405170323381,-0.9372198988572522,0.03244296105333122,0.2903223911903362,0.510695751844978,-0.7176303717518105,836,0.3696172248803828,1.3110511181962696,2.2359998035256763,0.003533047012309267,2.1912417072205543,30.586124401913874,0.39551754006063233,113.27352595434016,0.09330337867244438,0.625
spot,BTCUSDT,1h,C1_donchian_channel,"{""n"": 20}",stress,0.0024,0.5165177038162492,0.9111405170323381,-0.9372198988572522,-0.21331673866556922,-0.3029258439462978,-0.5117780419889107,-0.9325027009293245,836,0.3696172248803828,1.3110511181962696,2.2359998035256763,0.003533047012309267,2.1912417072205534,30.586124401913874,0.39551754006063233,113.27352595434016,0.09330337867244438,0.375
spot,BTCUSDT,1h,C6_donchian_ATR_trail,"{""n"": 20, ""trail"": 2.0}",opt,0.001,0.5165177038162492,0.9111405170323381,-0.9372198988572522,-0.18696932306398584,-0.9017971967948665,-1.463593195551349,-0.8021334020556361,657,0.3576864535768645,0.9832960600615016,1.7657486695572497,-0.000117170185763075,1.4566863300159099,9.590563165905632,0.09746024871620368,89.01998391387737,0.10490829335677211,0.125
spot,BTCUSDT,1h,C6_donchian_ATR_trail,"{""n"": 20, ""trail"": 2.0}",real,0.0012,0.5165177038162492,0.9111405170323381,-0.9372198988572522,-0.2154103791700398,-1.0714212686179934,-1.712860322671612,-0.8463501400465545,657,0.3576864535768645,0.9832960600615016,1.7657486695572497,-0.00011717018576307496,1.4566863300159099,9.590563165905632,0.09746024871620368,89.01998391387737,0.10490829335677211,0.125
spot,BTCUSDT,1h,C6_donchian_ATR_trail,"{""n"": 20, ""trail"": 2.0}",stress,0.0024,0.5165177038162492,0.9111405170323381,-0.9372198988572522,-0.3663402580041496,-2.064666026413732,-3.0328083288842818,-0.9666496227431229,657,0.3576864535768645,0.9832960600615016,1.7657486695572497,-0.00011717018576307508,1.4566863300159094,9.590563165905632,0.09746024871620368,89.01998391387737,0.10490829335677211,0.0
spot,BTCUSDT,1h,C6_donchian_ATR_trail,"{""n"": 20, ""trail"": 3.0}",opt,0.001,0.5165177038162492,0.9111405170323381,-0.9372198988572522,-0.11704917006973681,-0.24609477945591116,-0.4315535817392071,-0.803544933895436,657,0.3881278538812785,1.112411909594573,1.7536846574785034,0.001084973884033912,2.2523798169533387,19.578386605783866,0.19895749551444658,89.01998391387737,0.12283821028883803,0.375
spot,BTCUSDT,1h,C6_donchian_ATR_trail,"{""n"": 20, ""trail"": 3.0}",real,0.0012,0.5165177038162492,0.9111405170323381,-0.9372198988572522,-0.14793614002709543,-0.35868041463248446,-0.6228341649275614,-0.8473369495841416,657,0.3881278538812785,1.112411909594573,1.7536846574785034,0.0010849738840339122,2.2523798169533387,19.578386605783866,0.19895749551444658,89.01998391387737,0.12283821028883803,0.25
spot,BTCUSDT,1h,C6_donchian_ATR_trail,"{""n"": 20, ""trail"": 3.0}",stress,0.0024,0.5165177038162492,0.9111405170323381,-0.9372198988572522,-0.311845898364958,-1.0232137840377846,-1.6789333405232352,-0.9663831992757891,657,0.3881278538812785,1.112411909594573,1.7536846574785034,0.0010849738840339122,2.252379816953338,19.578386605783866,0.19895749551444658,89.01998391387737,0.12283821028883803,0.125
spot,BTCUSDT,1h,C6_donchian_ATR_trail,"{""n"": 20, ""trail"": 4.0}",opt,0.001,0.5165177038162492,0.9111405170323381,-0.9372198988572522,-0.14084260256937475,-0.21790969081519768,-0.36612729441345204,-0.8413689904838139,657,0.3561643835616438,1.0838993733769908,1.9593565595660984,0.0010296857508058047,1.7780085752326156,31.01978691019787,0.3152261337622966,89.01998391387737,0.11301896660102004,0.375
spot,BTCUSDT,1h,C6_donchian_ATR_trail,"{""n"": 20, ""trail"": 4.0}",real,0.0012,0.5165177038162492,0.9111405170323381,-0.9372198988572522,-0.17089724188057875,-0.310915284157107,-0.5187901176828188,-0.8751665411637192,657,0.3561643835616438,1.0838993733769908,1.9593565595660984,0.001029685750805805,1.7780085752326156,31.01978691019787,0.3152261337622966,89.01998391387737,0.11301896660102002,0.375
spot,BTCUSDT,1h,C6_donchian_ATR_trail,"{""n"": 20, ""trail"": 4.0}",stress,0.0024,0.5165177038162492,0.9111405170323381,-0.9372198988572522,-0.3303900206553193,-0.8603280224677337,-1.3787544839949402,-0.9716478426440464,657,0.3561643835616438,1.0838993733769908,1.9593565595660984,0.0010296857508058043,1.7780085752326154,31.01978691019787,0.3152261337622966,89.01998391387737,0.11301896660102002,0.125
spot,BTCUSDT,1h,C4_donchian_HTF,"{""n"": 20}",opt,0.001,0.5165177038162492,0.9111405170323381,-0.9372198988572522,0.07071274294104923,0.5266523137834256,1.0549227880188503,-0.19290730389466126,147,0.40816326530612246,1.7300309047949292,2.5085448119526474,0.0060037209493558055,2.02471317261485,30.775510204081634,0.06999010084761492,19.917713295799047,0.29400368486163225,0.25
spot,BTCUSDT,1h,C4_donchian_HTF,"{""n"": 20}",real,0.0012,0.5165177038162492,0.9111405170323381,-0.9372198988572522,0.062216164283958264,0.4732059235645437,0.9370975293876338,-0.20540026664600863,147,0.40816326530612246,1.7300309047949296,2.508544811952648,0.006003720949355805,2.02471317261485,30.775510204081634,0.06999010084761492,19.917713295799047,0.29400368486163225,0.25
spot,BTCUSDT,1h,C4_donchian_HTF,"{""n"": 20}",stress,0.0024,0.5165177038162492,0.9111405170323381,-0.9372198988572522,0.012633916136943757,0.15674896457792908,0.2907885234998852,-0.27640040536822374,147,0.40816326530612246,1.7300309047949296,2.508544811952648,0.0060037209493558055,2.0247131726148506,30.775510204081634,0.06999010084761492,19.917713295799047,0.29400368486163225,0.125
spot,BTCUSDT,1h,C1_donchian_channel,"{""n"": 50}",opt,0.001,0.5165177038162492,0.9111405170323381,-0.9372198988572522,0.13937377996737332,0.513446276215976,0.8499640160145642,-0.6636715905164057,385,0.36883116883116884,1.3679738567947444,2.340969346486781,0.006496722207914013,2.3437419547759557,67.66233766233766,0.4029419043494401,52.1654395842356,0.16307889736740805,0.625
spot,BTCUSDT,1h,C1_donchian_channel,"{""n"": 50}",real,0.0012,0.5165177038162492,0.9111405170323381,-0.9372198988572522,0.11584570195987065,0.46540500880084806,0.7677144639186521,-0.6771176413149063,385,0.36883116883116884,1.3679738567947444,2.340969346486781,0.006496722207914014,2.3437419547759557,67.66233766233766,0.4029419043494401,52.1654395842356,0.16307889736740805,0.625
spot,BTCUSDT,1h,C1_donchian_channel,"{""n"": 50}",stress,0.0024,0.5165177038162492,0.9111405170323381,-0.9372198988572522,-0.015464065345418776,0.18013452979560265,0.29098620959591226,-0.7515726784500647,385,0.36883116883116884,1.3679738567947444,2.340969346486781,0.006496722207914014,2.343741954775955,67.66233766233766,0.4029419043494401,52.1654395842356,0.16307889736740805,0.625
spot,BTCUSDT,1h,C6_donchian_ATR_trail,"{""n"": 50, ""trail"": 2.0}",opt,0.001,0.5165177038162492,0.9111405170323381,-0.9372198988572522,-0.09941356292856973,-0.7193567852091799,-1.1667847532649767,-0.5604875668389689,280,0.3464285714285714,0.926982997625818,1.7488442120157186,-0.0005468247200602351,1.5847499539486631,8.289285714285715,0.03589989482150591,37.93850151580771,0.20256565554830067,0.125
spot,BTCUSDT,1h,C6_donchian_ATR_trail,"{""n"": 50, ""trail"": 2.0}",real,0.0012,0.5165177038162492,0.9111405170323381,-0.9372198988572522,-0.11297716252093659,-0.8301748031777604,-1.325927879696336,-0.6042963159112191,280,0.3464285714285714,0.9269829976258182,1.7488442120157188,-0.0005468247200602349,1.5847499539486631,8.289285714285715,0.03589989482150591,37.93850151580771,0.2025656555483007,0.0
spot,BTCUSDT,1h,C6_donchian_ATR_trail,"{""n"": 50, ""trail"": 2.0}",stress,0.0024,0.5165177038162492,0.9111405170323381,-0.9372198988572522,-0.19017512605956177,-1.4738758564640175,-2.16334931435694,-0.7932969889933383,280,0.3464285714285714,0.926982997625818,1.7488442120157186,-0.0005468247200602351,1.5847499539486634,8.289285714285715,0.03589989482150591,37.93850151580771,0.2025656555483007,0.0
spot,BTCUSDT,1h,C6_donchian_ATR_trail,"{""n"": 50, ""trail"": 3.0}",opt,0.001,0.5165177038162492,0.9111405170323381,-0.9372198988572522,-0.04623538728200305,-0.14489153333244625,-0.24562938921155386,-0.5097637422651067,280,0.35,1.1249904524366872,2.0892679830967045,0.0012191720284407284,1.9177188091754616,18.917857142857144,0.0819309534121141,37.93850151580771,0.22024645723601338,0.375
spot,BTCUSDT,1h,C6_donchian_ATR_trail,"{""n"": 50, ""trail"": 3.0}",real,0.0012,0.5165177038162492,0.9111405170323381,-0.9372198988572522,-0.06059989553991463,-0.22133239079127764,-0.37160213414900384,-0.5473645222273624,280,0.35,1.1249904524366872,2.0892679830967045,0.0012191720284407289,1.9177188091754622,18.917857142857144,0.0819309534121141,37.93850151580771,0.2202464572360134,0.375
spot,BTCUSDT,1h,C6_donchian_ATR_trail,"{""n"": 50, ""trail"": 3.0}",stress,0.0024,0.5165177038162492,0.9111405170323381,-0.9372198988572522,-0.14235627423518327,-0.6719154908997124,-1.0675015800821424,-0.7385370796400694,280,0.35,1.1249904524366872,2.0892679830967045,0.0012191720284407282,1.9177188091754622,18.917857142857144,0.0819309534121141,37.93850151580771,0.22024645723601338,0.25
spot,BTCUSDT,1h,C6_donchian_ATR_trail,"{""n"": 50, ""trail"": 4.0}",opt,0.001,0.5165177038162492,0.9111405170323381,-0.9372198988572522,-0.07222263262467943,-0.19048412302092918,-0.30494056134473885,-0.5888818863215597,280,0.35,1.0548705712877824,1.9590453466773101,0.0006868633695053866,1.6177919328816708,31.935714285714287,0.1383097197302481,37.93850151580771,0.1968672829276068,0.5
spot,BTCUSDT,1h,C6_donchian_ATR_trail,"{""n"": 50, ""trail"": 4.0}",real,0.0012,0.5165177038162492,0.9111405170323381,-0.9372198988572522,-0.08619575081071384,-0.2521613766210519,-0.4011018649731046,-0.6216451178768527,280,0.35,1.0548705712877822,1.95904534667731,0.0006868633695053867,1.6177919328816708,31.935714285714287,0.1383097197302481,37.93850151580771,0.19686728292760688,0.375
spot,BTCUSDT,1h,C6_donchian_ATR_trail,"{""n"": 50, ""trail"": 4.0}",stress,0.0024,0.5165177038162492,0.9111405170323381,-0.9372198988572522,-0.16572451166070767,-0.6161953790301997,-0.9445678816890472,-0.797279030274755,280,0.35,1.0548705712877822,1.95904534667731,0.0006868633695053867,1.6177919328816706,31.935714285714287,0.1383097197302481,37.93850151580771,0.19686728292760686,0.125
spot,BTCUSDT,1h,C4_donchian_HTF,"{""n"": 50}",opt,0.001,0.5165177038162492,0.9111405170323381,-0.9372198988572522,0.12611155084893122,0.8052706477060974,1.5567850868916198,-0.17031278007972128,63,0.42857142857142855,2.3994624652907817,3.1992832870543757,0.018242048349758205,2.12881178102746,80.61904761904762,0.07857452205654891,8.536162841056735,0.5470229001406788,0.25
spot,BTCUSDT,1h,C4_donchian_HTF,"{""n"": 50}",real,0.0012,0.5165177038162492,0.9111405170323381,-0.9372198988572522,0.12227303453081251,0.7837048331935799,1.5076238870845204,-0.17230164422905014,63,0.42857142857142855,2.3994624652907817,3.1992832870543757,0.01824204834975821,2.1288117810274594,80.61904761904762,0.07857452205654891,8.536162841056735,0.5470229001406788,0.25
spot,BTCUSDT,1h,C4_donchian_HTF,"{""n"": 50}",stress,0.0024,0.5165177038162492,0.9111405170323381,-0.9372198988572522,0.09951509966214167,0.6551184131592088,1.2240882572291574,-0.19726083730239585,63,0.42857142857142855,2.3994624652907817,3.1992832870543757,0.01824204834975821,2.12881178102746,80.61904761904762,0.07857452205654891,8.536162841056735,0.5470229001406788,0.25
spot,BTCUSDT,1h,C1_donchian_channel,"{""n"": 100}",opt,0.001,0.5165177038162492,0.9111405170323381,-0.9372198988572522,0.30244555881049573,0.8245882292430112,1.3477733844289055,-0.6073256879795941,198,0.40404040404040403,1.7091657488336793,2.521019479529677,0.015829340862353942,1.8917235698796735,126.47979797979798,0.3873507393429438,26.82794035760688,0.2414881622226099,0.625
spot,BTCUSDT,1h,C1_donchian_channel,"{""n"": 100}",real,0.0012,0.5165177038162492,0.9111405170323381,-0.9372198988572522,0.28854349539121205,0.7994206697107672,1.3040226631476357,-0.6155627717959924,198,0.40404040404040403,1.7091657488336793,2.521019479529677,0.015829340862353946,1.891723569879674,126.47979797979798,0.3873507393429438,26.82794035760688,0.2414881622226099,0.625
spot,BTCUSDT,1h,C1_donchian_channel,"{""n"": 100}",stress,0.0024,0.5165177038162492,0.9111405170323381,-0.9372198988572522,0.20819224969713734,0.6493116861491575,1.0465697462466745,-0.6633954695989288,198,0.40404040404040403,1.7091657488336796,2.5210194795296776,0.015829340862353942,1.891723569879674,126.47979797979798,0.3873507393429438,26.82794035760688,0.24148816222260988,0.625
spot,BTCUSDT,1h,C6_donchian_ATR_trail,"{""n"": 100, ""trail"": 2.0}",opt,0.001,0.5165177038162492,0.9111405170323381,-0.9372198988572522,-0.0012185620533448072,0.03908880503173573,0.0801291509711129,-0.17103773212293738,139,0.4244604316546763,1.3491960661254578,1.8294183947463833,0.002205324858954016,3.034244924697904,8.100719424460431,0.017416321227494896,18.83375610963311,0.34881790707305677,0.375
spot,BTCUSDT,1h,C6_donchian_ATR_trail,"{""n"": 100, ""trail"": 2.0}",real,0.0012,0.5165177038162492,0.9111405170323381,-0.9372198988572522,-0.008714622305682318,-0.032458909037321,-0.06521862745662475,-0.19093563693901505,139,0.4244604316546763,1.3491960661254578,1.8294183947463833,0.002205324858954016,3.034244924697904,8.100719424460431,0.017416321227494896,18.83375610963311,0.34881790707305677,0.375
spot,BTCUSDT,1h,C6_donchian_ATR_trail,"{""n"": 100, ""trail"": 2.0}",stress,0.0024,0.5165177038162492,0.9111405170323381,-0.9372198988572522,-0.052524294727277265,-0.45634548346400206,-0.8208107169853702,-0.3834592494203609,139,0.4244604316546763,1.349196066125458,1.8294183947463838,0.0022053248589540162,3.034244924697904,8.100719424460431,0.017416321227494896,18.83375610963311,0.3488179070730567,0.25
spot,BTCUSDT,1h,C6_donchian_ATR_trail,"{""n"": 100, ""trail"": 3.0}",opt,0.001,0.5165177038162492,0.9111405170323381,-0.9372198988572522,0.02231402467849941,0.22804127945372096,0.4277243719152334,-0.29936545044293084,139,0.3669064748201439,1.4177318743549743,2.4462824498674065,0.003700836195810325,1.8563435786819817,17.820143884892087,0.03831281321536843,18.83375610963311,0.34229450616733087,0.625
spot,BTCUSDT,1h,C6_donchian_ATR_trail,"{""n"": 100, ""trail"": 3.0}",real,0.0012,0.5165177038162492,0.9111405170323381,-0.9372198988572522,0.014641347519465775,0.17296464003336515,0.32047638757921265,-0.31406258069235227,139,0.3669064748201439,1.4177318743549743,2.4462824498674065,0.003700836195810325,1.8563435786819822,17.820143884892087,0.03831281321536843,18.83375610963311,0.34229450616733087,0.625
spot,BTCUSDT,1h,C6_donchian_ATR_trail,"{""n"": 100, ""trail"": 3.0}",stress,0.0024,0.5165177038162492,0.9111405170323381,-0.9372198988572522,-0.030200537633349067,-0.15431303837084107,-0.2666904455091521,-0.4142637439307505,139,0.3669064748201439,1.4177318743549743,2.4462824498674065,0.003700836195810325,1.8563435786819822,17.820143884892087,0.03831281321536843,18.83375610963311,0.34229450616733087,0.625
spot,BTCUSDT,1h,C6_donchian_ATR_trail,"{""n"": 100, ""trail"": 4.0}",opt,0.001,0.5165177038162492,0.9111405170323381,-0.9372198988572522,0.01793871140065839,0.1895143285015713,0.3239852271109686,-0.42855256795324237,139,0.3669064748201439,1.3135317907412942,2.266486227161449,0.003660353407479527,1.264963478422918,30.02158273381295,0.06454556703582255,18.83375610963311,0.2673063560833587,0.625
spot,BTCUSDT,1h,C6_donchian_ATR_trail,"{""n"": 100, ""trail"": 4.0}",real,0.0012,0.5165177038162492,0.9111405170323381,-0.9372198988572522,0.01029887186826417,0.14289998631432788,0.24233842322234886,-0.435482004474247,139,0.3669064748201439,1.3135317907412942,2.266486227161449,0.003660353407479527,1.2649634784229178,30.02158273381295,0.06454556703582255,18.83375610963311,0.2673063560833587,0.625
spot,BTCUSDT,1h,C6_donchian_ATR_trail,"{""n"": 100, ""trail"": 4.0}",stress,0.0024,0.5165177038162492,0.9111405170323381,-0.9372198988572522,-0.034351098382889966,-0.13368084704129976,-0.2164536857647803,-0.5214675532557295,139,0.3669064748201439,1.3135317907412947,2.266486227161449,0.0036603534074795253,1.2649634784229173,30.02158273381295,0.06454556703582255,18.83375610963311,0.2673063560833586,0.5
spot,BTCUSDT,1h,C4_donchian_HTF,"{""n"": 100}",opt,0.001,0.5165177038162492,0.9111405170323381,-0.9372198988572522,0.1365487906408971,0.8966623032299366,1.705570808533377,-0.2622685161439483,35,0.5142857142857142,3.8058339207894667,3.5943987029678297,0.03214223001406306,1.2795797555286668,143.28571428571428,0.07756913939243952,4.7423126894759635,0.623931066139665,0.25
spot,BTCUSDT,1h,C4_donchian_HTF,"{""n"": 100}",real,0.0012,0.5165177038162492,0.9111405170323381,-0.9372198988572522,0.13439488367260588,0.8841193675955179,1.676486147996686,-0.2669749267725031,35,0.5142857142857142,3.8058339207894663,3.5943987029678293,0.03214223001406305,1.279579755528667,143.28571428571428,0.07756913939243952,4.7423126894759635,0.623931066139665,0.25
spot,BTCUSDT,1h,C4_donchian_HTF,"{""n"": 100}",stress,0.0024,0.5165177038162492,0.9111405170323381,-0.9372198988572522,0.12155686479874617,0.8089406839883969,1.5056802944386962,-0.2945895876631037,35,0.5142857142857142,3.8058339207894663,3.5943987029678293,0.03214223001406305,1.2795797555286665,143.28571428571428,0.07756913939243952,4.7423126894759635,0.623931066139665,0.25
spot,BTCUSDT,1h,C2_donchian_voltarget,"{""n"": 20, ""vol_target"": 0.2}",opt,0.001,0.5165177038162492,0.9111405170323381,-0.9372198988572522,-0.029253388218180243,-0.23627367006099678,-0.45754450376884476,-0.3721127708152733,657,0.3850837138508371,1.1118518902207646,1.7622632726423977,0.0010811521878143525,2.2524965229924963,19.578386605783866,0.19736435067747324,89.01998391387737,0.1232830153197223,0.5
spot,BTCUSDT,1h,C2_donchian_voltarget,"{""n"": 20, ""vol_target"": 0.2}",real,0.0012,0.5165177038162492,0.9111405170323381,-0.9372198988572522,-0.043760923191150325,-0.380781316256792,-0.7238610366559785,-0.4079308601105005,657,0.3850837138508371,1.1118518902207646,1.7622632726423977,0.0010811521878143528,2.2524965229924963,19.578386605783866,0.19736435067747324,89.01998391387737,0.12328301531972231,0.375
spot,BTCUSDT,1h,C2_donchian_voltarget,"{""n"": 20, ""vol_target"": 0.2}",stress,0.0024,0.5165177038162492,0.9111405170323381,-0.9372198988572522,-0.12631686828513344,-1.2286259391085383,-2.1076567808807463,-0.6650907969454656,657,0.3850837138508371,1.1118518902207646,1.7622632726423977,0.0010811521878143528,2.252496522992496,19.578386605783866,0.19736435067747324,89.01998391387737,0.12328301531972231,0.25
spot,BTCUSDT,1h,C2_donchian_voltarget,"{""n"": 50, ""vol_target"": 0.2}",opt,0.001,0.5165177038162492,0.9111405170323381,-0.9372198988572522,-0.004152444832940971,-0.025482280094476128,-0.048663037559091675,-0.2211627347833095,280,0.35,1.1249904524366872,2.0892679830967045,0.0012191720284407289,1.9177188091754622,18.917857142857144,0.08117304955763163,37.93850151580771,0.22024645723601338,0.5
spot,BTCUSDT,1h,C2_donchian_voltarget,"{""n"": 50, ""vol_target"": 0.2}",real,0.0012,0.5165177038162492,0.9111405170323381,-0.9372198988572522,-0.01065364051142037,-0.11924099070839014,-0.22379749895841683,-0.24883611408071227,280,0.35,1.1249904524366872,2.0892679830967045,0.0012191720284407286,1.9177188091754622,18.917857142857144,0.08117304955763163,37.93850151580771,0.22024645723601338,0.25
spot,BTCUSDT,1h,C2_donchian_voltarget,"{""n"": 50, ""vol_target"": 0.2}",stress,0.0024,0.5165177038162492,0.9111405170323381,-0.9372198988572522,-0.048756132917295525,-0.669952238078067,-1.1421851160529575,-0.3976797465993266,280,0.35,1.1249904524366872,2.0892679830967045,0.0012191720284407284,1.9177188091754622,18.917857142857144,0.08117304955763163,37.93850151580771,0.22024645723601338,0.25
spot,BTCUSDT,1h,C2_donchian_voltarget,"{""n"": 100, ""vol_target"": 0.2}",opt,0.001,0.5165177038162492,0.9111405170323381,-0.9372198988572522,0.0163822083261691,0.3615235665749909,0.7273548952528912,-0.09597042588239924,139,0.3669064748201439,1.4177318743549743,2.4462824498674065,0.003700836195810324,1.8563435786819824,17.820143884892087,0.03831281321536843,18.83375610963311,0.3422945061673308,0.75
spot,BTCUSDT,1h,C2_donchian_voltarget,"{""n"": 100, ""vol_target"": 0.2}",real,0.0012,0.5165177038162492,0.9111405170323381,-0.9372198988572522,0.013133645104375535,0.29469366967148786,0.5816220135047449,-0.10355564420685881,139,0.3669064748201439,1.417731874354974,2.446282449867406,0.003700836195810324,1.8563435786819824,17.820143884892087,0.03831281321536843,18.83375610963311,0.3422945061673309,0.625
spot,BTCUSDT,1h,C2_donchian_voltarget,"{""n"": 100, ""vol_target"": 0.2}",stress,0.0024,0.5165177038162492,0.9111405170323381,-0.9372198988572522,-0.006128469598141839,-0.10197797678059689,-0.18087310443918186,-0.15068622150283106,139,0.3669064748201439,1.417731874354974,2.446282449867406,0.003700836195810324,1.8563435786819815,17.820143884892087,0.03831281321536843,18.83375610963311,0.34229450616733087,0.5
spot,BTCUSDT,4h,A1_price_slowMA,"{""slow"": 150}",opt,0.001,0.5153535750335665,0.9118870521753252,-0.93673061760841,0.40577037390647464,1.0296101478599036,1.6843220280865416,-0.5828997348114355,221,0.19004524886877827,2.4041200813341854,10.246130822829027,0.019342076312261373,4.984469761594717,30.524886877828056,0.4173730124358102,29.94431726783394,0.44330703527924953,0.625
spot,BTCUSDT,4h,A1_price_slowMA,"{""slow"": 150}",real,0.0012,0.5153535750335665,0.9118870521753252,-0.93673061760841,0.3890328587632885,1.00001603619672,1.632394128101377,-0.5858920749999065,221,0.19004524886877827,2.404120081334185,10.246130822829025,0.019342076312261373,4.984469761594715,30.524886877828056,0.4173730124358102,29.94431726783394,0.44330703527924953,0.625
spot,BTCUSDT,4h,A1_price_slowMA,"{""slow"": 150}",stress,0.0024,0.5153535750335665,0.9118870521753252,-0.93673061760841,0.29271042267748637,0.8233614203597137,1.3263005067904108,-0.6043236463840822,221,0.19004524886877827,2.404120081334185,10.246130822829025,0.019342076312261373,4.984469761594713,30.524886877828056,0.4173730124358102,29.94431726783394,0.44330703527924953,0.625
spot,BTCUSDT,4h,A1_price_slowMA,"{""slow"": 200}",opt,0.001,0.5153535750335665,0.9118870521753252,-0.93673061760841,0.4475570815970731,1.1013389660802801,1.771415882051041,-0.678401425033834,173,0.1676300578034682,2.9877113897336836,14.835532417987945,0.025301173511915197,4.4621171962040975,35.90173410404624,0.38427272164820886,23.440574150838334,0.5406554976764875,0.75
spot,BTCUSDT,4h,A1_price_slowMA,"{""slow"": 200}",real,0.0012,0.5153535750335665,0.9118870521753252,-0.93673061760841,0.43404786927140293,1.0780133928367925,1.7308552752299464,-0.6819832378259021,173,0.1676300578034682,2.9877113897336836,14.835532417987945,0.025301173511915197,4.462117196204097,35.90173410404624,0.38427272164820886,23.440574150838334,0.5406554976764874,0.75
spot,BTCUSDT,4h,A1_price_slowMA,"{""slow"": 200}",stress,0.0024,0.5153535750335665,0.9118870521753252,-0.93673061760841,0.35559918056951934,0.9387649760581611,1.4910691428829244,-0.7026517928114632,173,0.1676300578034682,2.9877113897336836,14.835532417987945,0.025301173511915197,4.462117196204097,35.90173410404624,0.38427272164820886,23.440574150838334,0.5406554976764876,0.75
spot,BTCUSDT,4h,A1_price_slowMA,"{""slow"": 250}",opt,0.001,0.5153535750335665,0.9118870521753252,-0.93673061760841,0.4369274855331946,1.1230719461396554,1.844678937869245,-0.579879187808321,125,0.192,3.2621660009581794,13.728281920699006,0.0342616762190193,4.439706499184933,45.264,0.35005877621728637,16.936831033842726,0.602484087042995,0.75
spot,BTCUSDT,4h,A1_price_slowMA,"{""slow"": 250}",real,0.0012,0.5153535750335665,0.9118870521753252,-0.93673061760841,0.42722557557871643,1.105307368674033,1.8130793790756583,-0.5850565263236651,125,0.192,3.2621660009581785,13.728281920699,0.0342616762190193,4.4397064991849335,45.264,0.35005877621728637,16.936831033842726,0.6024840870429952,0.75
spot,BTCUSDT,4h,A1_price_slowMA,"{""slow"": 250}",stress,0.0024,0.5153535750335665,0.9118870521753252,-0.93673061760841,0.370374241797119,0.9989070796499995,1.6249967694897072,-0.6148079454246702,125,0.192,3.2621660009581785,13.728281920699,0.0342616762190193,4.4397064991849335,45.264,0.35005877621728637,16.936831033842726,0.6024840870429952,0.625
spot,BTCUSDT,4h,A2_dual_MA,"{""fast"": 10, ""slow"": 50}",opt,0.001,0.5153535750335665,0.9118870521753252,-0.93673061760841,0.46772471993657816,1.034132187201643,1.676771168973255,-0.7153995378480221,204,0.2647058823529412,2.0809776931986264,5.780493592218407,0.02360464663960273,5.236165222505849,42.259803921568626,0.5333787044484316,27.64090824723133,0.37755860101996647,0.625
spot,BTCUSDT,4h,A2_dual_MA,"{""fast"": 10, ""slow"": 50}",real,0.0012,0.5153535750335665,0.9118870521753252,-0.93673061760841,0.4515863826888258,1.010906768343137,1.637050845253204,-0.7230363482337252,204,0.2647058823529412,2.0809776931986264,5.780493592218407,0.023604646639602725,5.236165222505849,42.259803921568626,0.5333787044484316,27.64090824723133,0.3775586010199665,0.625
spot,BTCUSDT,4h,A2_dual_MA,"{""fast"": 10, ""slow"": 50}",stress,0.0024,0.5153535750335665,0.9118870521753252,-0.93673061760841,0.3584150459249271,0.8719894895239519,1.401286623115915,-0.7647413074231558,204,0.2647058823529412,2.080977693198627,5.7804935922184075,0.02360464663960273,5.236165222505849,42.259803921568626,0.5333787044484316,27.64090824723133,0.37755860101996647,0.625
spot,BTCUSDT,4h,A2_dual_MA,"{""fast"": 10, ""slow"": 75}",opt,0.001,0.5153535750335665,0.9118870521753252,-0.93673061760841,0.5880761067179763,1.2022430884602697,1.9554646343187714,-0.5417555730413205,153,0.2549019607843137,2.504628901309855,7.321222942290345,0.03512515592732172,3.3638283665558655,56.44444444444444,0.5343067499845325,20.7306811854235,0.41615842238952044,0.75
spot,BTCUSDT,4h,A2_dual_MA,"{""fast"": 10, ""slow"": 75}",real,0.0012,0.5153535750335665,0.9118870521753252,-0.93673061760841,0.5749617799517786,1.1846377451382806,1.925104830146414,-0.5461336763326018,153,0.2549019607843137,2.504628901309855,7.321222942290345,0.035125155927321725,3.3638283665558655,56.44444444444444,0.5343067499845325,20.7306811854235,0.41615842238952044,0.75
spot,BTCUSDT,4h,A2_dual_MA,"{""fast"": 10, ""slow"": 75}",stress,0.0024,0.5153535750335665,0.9118870521753252,-0.93673061760841,0.4985188744657594,1.0792135979597448,1.744199009493278,-0.5738816562743184,153,0.2549019607843137,2.5046289013098546,7.321222942290343,0.035125155927321725,3.3638283665558655,56.44444444444444,0.5343067499845325,20.7306811854235,0.41615842238952044,0.75
spot,BTCUSDT,4h,A2_dual_MA,"{""fast"": 10, ""slow"": 100}",opt,0.001,0.5153535750335665,0.9118870521753252,-0.93673061760841,0.6208656048731549,1.243277909574099,2.0224641334053812,-0.5721756539064902,126,0.2777777777777778,2.762124590116935,7.18152393430403,0.04313498010104118,3.0988173349686354,68.55555555555556,0.534430489389346,17.07232568211347,0.43828436258769393,0.75
spot,BTCUSDT,4h,A2_dual_MA,"{""fast"": 10, ""slow"": 100}",real,0.0012,0.5153535750335665,0.9118870521753252,-0.93673061760841,0.6098345214102554,1.228791368659936,1.9974045251297614,-0.5784608367762016,126,0.2777777777777778,2.762124590116935,7.18152393430403,0.04313498010104118,3.0988173349686354,68.55555555555556,0.534430489389346,17.07232568211347,0.438284362587694,0.75
spot,BTCUSDT,4h,A2_dual_MA,"{""fast"": 10, ""slow"": 100}",stress,0.0024,0.5153535750335665,0.9118870521753252,-0.93673061760841,0.5452066766109802,1.141993216558491,1.8478286991596389,-0.6142797411625778,126,0.2777777777777778,2.762124590116935,7.18152393430403,0.04313498010104117,3.098817334968635,68.55555555555556,0.534430489389346,17.07232568211347,0.43828436258769393,0.75
spot,BTCUSDT,4h,A2_dual_MA,"{""fast"": 20, ""slow"": 50}",opt,0.001,0.5153535750335665,0.9118870521753252,-0.93673061760841,0.49289414534038745,1.0739428477969435,1.7382543265481232,-0.5947709285033933,147,0.2789115646258503,2.20226048110047,5.693649048698776,0.03241763258217947,3.1806706763378796,59.02040816326531,0.5367815380808019,19.917713295799047,0.38846164053626336,0.75
spot,BTCUSDT,4h,A2_dual_MA,"{""fast"": 20, ""slow"": 50}",real,0.0012,0.5153535750335665,0.9118870521753252,-0.93673061760841,0.48104737073513437,1.0570906117984327,1.7095441392186497,-0.6016812775533569,147,0.2789115646258503,2.20226048110047,5.693649048698776,0.032417632582179466,3.180670676337881,59.02040816326531,0.5367815380808019,19.917713295799047,0.38846164053626336,0.75
spot,BTCUSDT,4h,A2_dual_MA,"{""fast"": 20, ""slow"": 50}",stress,0.0024,0.5153535750335665,0.9118870521753252,-0.93673061760841,0.4119148714168108,0.9561372549333124,1.5383970902871462,-0.6407379206400392,147,0.2789115646258503,2.20226048110047,5.693649048698776,0.03241763258217947,3.180670676337881,59.02040816326531,0.5367815380808019,19.917713295799047,0.38846164053626336,0.75
spot,BTCUSDT,4h,A2_dual_MA,"{""fast"": 20, ""slow"": 75}",opt,0.001,0.5153535750335665,0.9118870521753252,-0.93673061760841,0.6040392712260305,1.220252660965336,1.9721776694393527,-0.5860930982726638,112,0.30357142857142855,2.6723385889457014,6.130659115816609,0.047313973332191846,2.609375582138142,77.61607142857143,0.5378333230217163,15.175400606323084,0.4248515198220529,0.75
spot,BTCUSDT,4h,A2_dual_MA,"{""fast"": 20, ""slow"": 75}",real,0.0012,0.5153535750335665,0.9118870521753252,-0.93673061760841,0.5943319762611241,1.207466579707153,1.9504629472041959,-0.5892268711074333,112,0.30357142857142855,2.6723385889457014,6.130659115816609,0.047313973332191846,2.6093755821381426,77.61607142857143,0.5378333230217163,15.175400606323084,0.4248515198220529,0.75
spot,BTCUSDT,4h,A2_dual_MA,"{""fast"": 20, ""slow"": 75}",stress,0.0024,0.5153535750335665,0.9118870521753252,-0.93673061760841,0.5373093930523027,1.130800043516668,1.8205899079623435,-0.6170101447783838,112,0.30357142857142855,2.672338588945702,6.130659115816611,0.047313973332191846,2.6093755821381426,77.61607142857143,0.5378333230217163,15.175400606323084,0.424851519822053,0.75
spot,BTCUSDT,4h,A2_dual_MA,"{""fast"": 20, ""slow"": 100}",opt,0.001,0.5153535750335665,0.9118870521753252,-0.93673061760841,0.5495340472893679,1.1430738039483601,1.8146678898256945,-0.6246495426700964,94,0.2765957446808511,2.6888819743559886,7.032460548315662,0.05354364184640139,2.4125259803225374,92.18085106382979,0.5361009713543278,12.736496937449731,0.45214500354354403,0.75
spot,BTCUSDT,4h,A2_dual_MA,"{""fast"": 20, ""slow"": 100}",real,0.0012,0.5153535750335665,0.9118870521753252,-0.93673061760841,0.5416598584239019,1.1324081534122101,1.7968747984588311,-0.6271932703902459,94,0.2765957446808511,2.6888819743559886,7.032460548315662,0.05354364184640139,2.4125259803225374,92.18085106382979,0.5361009713543278,12.736496937449731,0.45214500354354403,0.75
spot,BTCUSDT,4h,A2_dual_MA,"{""fast"": 20, ""slow"": 100}",stress,0.0024,0.5153535750335665,0.9118870521753252,-0.93673061760841,0.49524783761459346,1.0684748510930517,1.690438115847386,-0.6420977168354081,94,0.2765957446808511,2.688881974355988,7.032460548315661,0.05354364184640138,2.412525980322538,92.18085106382979,0.5361009713543278,12.736496937449731,0.45214500354354414,0.75
spot,BTCUSDT,4h,A2_dual_MA,"{""fast"": 30, ""slow"": 50}",opt,0.001,0.5153535750335665,0.9118870521753252,-0.93673061760841,0.5305981873509353,1.1219824402813412,1.8009640934362319,-0.6383904615643375,122,0.28688524590163933,2.3963789265240307,5.956713331645448,0.040139415509795676,2.691006113592684,71.37704918032787,0.5387613685578172,16.530347089030503,0.4062386318598363,0.75
spot,BTCUSDT,4h,A2_dual_MA,"{""fast"": 30, ""slow"": 50}",real,0.0012,0.5153535750335665,0.9118870521753252,-0.93673061760841,0.5205110329793377,1.1080842279497614,1.7774955451014955,-0.6434177282237181,122,0.28688524590163933,2.3963789265240307,5.956713331645448,0.04013941550979567,2.6910061135926835,71.37704918032787,0.5387613685578172,16.530347089030503,0.4062386318598363,0.75
spot,BTCUSDT,4h,A2_dual_MA,"{""fast"": 30, ""slow"": 50}",stress,0.0024,0.5153535750335665,0.9118870521753252,-0.93673061760841,0.46136878128003533,1.0247826793056876,1.6373326805071424,-0.6721472064930195,122,0.28688524590163933,2.3963789265240307,5.956713331645448,0.040139415509795676,2.6910061135926835,71.37704918032787,0.5387613685578172,16.530347089030503,0.4062386318598363,0.75
spot,BTCUSDT,4h,A2_dual_MA,"{""fast"": 30, ""slow"": 75}",opt,0.001,0.5153535750335665,0.9118870521753252,-0.93673061760841,0.6030253966007082,1.2123023630708096,1.9332869693701848,-0.598491126897323,89,0.3146067415730337,2.8587750481044503,6.228045640513266,0.059370806276677464,2.2908897040395684,98.31460674157303,0.5413598960589,12.059023696096022,0.44327595489974503,0.75
spot,BTCUSDT,4h,A2_dual_MA,"{""fast"": 30, ""slow"": 75}",real,0.0012,0.5153535750335665,0.9118870521753252,-0.93673061760841,0.5953116377806877,1.2022609999078104,1.9164295611201905,-0.6008929703143896,89,0.3146067415730337,2.8587750481044503,6.228045640513266,0.059370806276677464,2.290889704039568,98.31460674157303,0.5413598960589,12.059023696096022,0.443275954899745,0.75
spot,BTCUSDT,4h,A2_dual_MA,"{""fast"": 30, ""slow"": 75}",stress,0.0024,0.5153535750335665,0.9118870521753252,-0.93673061760841,0.5498022578706114,1.1420221306217933,1.8155014823774624,-0.6150053243220321,89,0.3146067415730337,2.8587750481044503,6.228045640513266,0.059370806276677464,2.2908897040395684,98.31460674157303,0.5413598960589,12.059023696096022,0.4432759548997451,0.75
spot,BTCUSDT,4h,A2_dual_MA,"{""fast"": 30, ""slow"": 100}",opt,0.001,0.5153535750335665,0.9118870521753252,-0.93673061760841,0.5120520618711051,1.0908593280724848,1.718440641637725,-0.6772543886321607,85,0.3058823529411765,2.6246753510523684,5.955994065849605,0.05781920007157384,2.493417525724916,102.37647058823529,0.5383901503433769,11.517045103013054,0.4907471225597098,0.75
spot,BTCUSDT,4h,A2_dual_MA,"{""fast"": 30, ""slow"": 100}",real,0.0012,0.5153535750335665,0.9118870521753252,-0.93673061760841,0.5051023250983286,1.0813043009410859,1.7027716987671333,-0.6793133672834739,85,0.3058823529411765,2.6246753510523684,5.955994065849605,0.05781920007157385,2.4934175257249165,102.37647058823529,0.5383901503433769,11.517045103013054,0.4907471225597099,0.75
spot,BTCUSDT,4h,A2_dual_MA,"{""fast"": 30, ""slow"": 100}",stress,0.0024,0.5153535750335665,0.9118870521753252,-0.93673061760841,0.46406949674568465,1.0239876652849842,1.608908232960768,-0.6913943355041434,85,0.3058823529411765,2.6246753510523684,5.955994065849605,0.05781920007157384,2.4934175257249165,102.37647058823529,0.5383901503433769,11.517045103013054,0.4907471225597098,0.75
spot,BTCUSDT,4h,A3_MA_slope,"{""ma"": 50}",opt,0.001,0.5153535750335665,0.9118870521753252,-0.93673061760841,0.2709793089619772,0.7517497295609011,1.1880196403227803,-0.778923036334783,236,0.3644067796610169,1.6940337542063935,2.9547100364065004,0.01464494012819106,4.402340920745283,33.733050847457626,0.49254470085998886,31.97673699189507,0.33628617140961825,0.625
spot,BTCUSDT,4h,A3_MA_slope,"{""ma"": 50}",real,0.0012,0.5153535750335665,0.9118870521753252,-0.93673061760841,0.2548261064943895,0.723511900244872,1.1419336214498088,-0.784252042451991,236,0.3644067796610169,1.694033754206394,2.954710036406501,0.01464494012819106,4.402340920745283,33.733050847457626,0.49254470085998886,31.97673699189507,0.33628617140961825,0.625
spot,BTCUSDT,4h,A3_MA_slope,"{""ma"": 50}",stress,0.0024,0.5153535750335665,0.9118870521753252,-0.93673061760841,0.16212773097985145,0.5545435511083469,0.8684308922798257,-0.8136343934034478,236,0.3644067796610169,1.694033754206394,2.954710036406501,0.01464494012819106,4.402340920745283,33.733050847457626,0.49254470085998886,31.97673699189507,0.3362861714096182,0.625
spot,BTCUSDT,4h,A3_MA_slope,"{""ma"": 75}",opt,0.001,0.5153535750335665,0.9118870521753252,-0.93673061760841,0.2881131507525929,0.7844316933358589,1.226913367663553,-0.6658372424050324,173,0.3236994219653179,1.845411227250829,3.855591314077625,0.02188259887936933,3.8245986790929862,44.84393063583815,0.4799851512714224,23.440574150838334,0.44297506936635184,0.625
spot,BTCUSDT,4h,A3_MA_slope,"{""ma"": 75}",real,0.0012,0.5153535750335665,0.9118870521753252,-0.93673061760841,0.2760919363395449,0.7635523908859664,1.1932408776985801,-0.6732392847798541,173,0.3236994219653179,1.8454112272508285,3.855591314077624,0.02188259887936933,3.824598679092987,44.84393063583815,0.4799851512714224,23.440574150838334,0.4429750693663519,0.625
spot,BTCUSDT,4h,A3_MA_slope,"{""ma"": 75}",stress,0.0024,0.5153535750335665,0.9118870521753252,-0.93673061760841,0.2062841278179599,0.6384570611726915,0.9925697855720612,-0.7143327437795937,173,0.3236994219653179,1.8454112272508287,3.8555913140776243,0.02188259887936933,3.824598679092987,44.84393063583815,0.4799851512714224,23.440574150838334,0.442975069366352,0.625
spot,BTCUSDT,4h,A3_MA_slope,"{""ma"": 100}",opt,0.001,0.5153535750335665,0.9118870521753252,-0.93673061760841,0.40201492413461204,0.9813086009884324,1.579037008759131,-0.7052201616052765,161,0.32298136645962733,2.364692946195692,4.95676021414097,0.03080893629190929,6.929644537041289,46.15527950310559,0.4597537585844212,21.81463837158943,0.5583646028567284,0.625
spot,BTCUSDT,4h,A3_MA_slope,"{""ma"": 100}",real,0.0012,0.5153535750335665,0.9118870521753252,-0.93673061760841,0.3898343501803796,0.9614556165976792,1.545552124474408,-0.7117498325678485,161,0.32298136645962733,2.364692946195692,4.95676021414097,0.030808936291909294,6.929644537041288,46.15527950310559,0.4597537585844212,21.81463837158943,0.5583646028567284,0.625
spot,BTCUSDT,4h,A3_MA_slope,"{""ma"": 100}",stress,0.0024,0.5153535750335665,0.9118870521753252,-0.93673061760841,0.31894115514063426,0.8425075766394432,1.3461173814383856,-0.7480002013707836,161,0.32298136645962733,2.364692946195692,4.95676021414097,0.030808936291909294,6.929644537041288,46.15527950310559,0.4597537585844212,21.81463837158943,0.5583646028567284,0.625
spot,BTCUSDT,4h,A3_MA_slope,"{""ma"": 150}",opt,0.001,0.5153535750335665,0.9118870521753252,-0.93673061760841,0.3220706009038907,0.8571493628180678,1.337440500095374,-0.6297853502853892,109,0.3486238532110092,2.3573091493112246,4.40444604213413,0.03871272616157855,5.969970355740206,62.57798165137615,0.422013240116315,14.768916661510858,0.6133567463388334,0.625
spot,BTCUSDT,4h,A3_MA_slope,"{""ma"": 150}",real,0.0012,0.5153535750335665,0.9118870521753252,-0.93673061760841,0.31428339560984186,0.843444834721336,1.3150493811062114,-0.631631886829877,109,0.3486238532110092,2.3573091493112246,4.40444604213413,0.03871272616157855,5.969970355740207,62.57798165137615,0.422013240116315,14.768916661510858,0.6133567463388333,0.625
spot,BTCUSDT,4h,A3_MA_slope,"{""ma"": 150}",stress,0.0024,0.5153535750335665,0.9118870521753252,-0.93673061760841,0.2685138922395258,0.7613578141891382,1.1815414212252295,-0.6425196180678415,109,0.3486238532110092,2.3573091493112246,4.40444604213413,0.03871272616157855,5.969970355740206,62.57798165137615,0.422013240116315,14.768916661510858,0.6133567463388334,0.625
spot,BTCUSDT,4h,A3_MA_slope,"{""ma"": 200}",opt,0.001,0.5153535750335665,0.9118870521753252,-0.93673061760841,0.6026718526215378,1.3346910077350327,2.2382002090385598,-0.7594697988279764,89,0.34831460674157305,4.103900191508658,7.678264874435554,0.06275970770907058,5.161907506504981,72.34831460674157,0.3983790137969436,12.059023696096022,0.6190345465633936,0.75
spot,BTCUSDT,4h,A3_MA_slope,"{""ma"": 200}",real,0.0012,0.5153535750335665,0.9118870521753252,-0.93673061760841,0.5949597950552801,1.3230506676766554,2.2173708900763534,-0.7594697988279764,89,0.34831460674157305,4.103900191508658,7.678264874435554,0.06275970770907059,5.161907506504982,72.34831460674157,0.3983790137969436,12.059023696096022,0.6190345465633937,0.75
spot,BTCUSDT,4h,A3_MA_slope,"{""ma"": 200}",stress,0.0024,0.5153535750335665,0.9118870521753252,-0.93673061760841,0.54946045214605,1.2531415224135698,2.0925950986157633,-0.7594697988279764,89,0.34831460674157305,4.103900191508659,7.6782648744355555,0.06275970770907058,5.161907506504982,72.34831460674157,0.3983790137969436,12.059023696096022,0.6190345465633936,0.75
spot,BTCUSDT,4h,A3_MA_slope,"{""ma"": 250}",opt,0.001,0.5153535750335665,0.9118870521753252,-0.93673061760841,0.3472599112919059,0.9597695682686905,1.5417172696538264,-0.71029199117177,63,0.42857142857142855,2.8464787819600716,3.795305042613429,0.058997587954131604,3.6865607790024146,90.58730158730158,0.35315226133762295,8.536162841056735,0.6521640679399096,0.625
spot,BTCUSDT,4h,A3_MA_slope,"{""ma"": 250}",real,0.0012,0.5153535750335665,0.9118870521753252,-0.93673061760841,0.34266757836508077,0.9509114690613268,1.5268309256864883,-0.71029199117177,63,0.42857142857142855,2.8464787819600716,3.795305042613429,0.058997587954131604,3.686560779002414,90.58730158730158,0.35315226133762295,8.536162841056735,0.6521640679399094,0.625
spot,BTCUSDT,4h,A3_MA_slope,"{""ma"": 250}",stress,0.0024,0.5153535750335665,0.9118870521753252,-0.93673061760841,0.3154403882263792,0.8977476321350059,1.4376880329968948,-0.71029199117177,63,0.42857142857142855,2.8464787819600716,3.795305042613429,0.05899758795413161,3.6865607790024146,90.58730158730158,0.35315226133762295,8.536162841056735,0.6521640679399096,0.5
spot,BTCUSDT,4h,A4_MA_distance_capped,"{""cap_atr"": 4, ""slow"": 150}",opt,0.001,0.5153535750335665,0.9118870521753252,-0.93673061760841,0.014501324877412625,0.19547635607054598,0.3002646636523951,-0.5475356220154792,393,0.4631043256997455,1.2524111042568964,1.4519711153747537,0.0032272396121117613,0.5954535010354839,9.038167938931299,0.21976118294871003,53.24939677040153,0.13426390525739246,0.625
spot,BTCUSDT,4h,A4_MA_distance_capped,"{""cap_atr"": 4, ""slow"": 150}",real,0.0012,0.5153535750335665,0.9118870521753252,-0.93673061760841,-0.006878830114836698,0.1241860993660537,0.18959357608844749,-0.5977277037065323,393,0.4631043256997455,1.2524111042568964,1.4519711153747537,0.0032272396121117613,0.5954535010354839,9.038167938931299,0.21976118294871003,53.24939677040153,0.13426390525739249,0.625
spot,BTCUSDT,4h,A4_MA_distance_capped,"{""cap_atr"": 4, ""slow"": 150}",stress,0.0024,0.5153535750335665,0.9118870521753252,-0.93673061760841,-0.12602331508539366,-0.3024942399056165,-0.44544758034912996,-0.8294336841475893,393,0.4631043256997455,1.2524111042568964,1.4519711153747537,0.0032272396121117613,0.5954535010354841,9.038167938931299,0.21976118294871003,53.24939677040153,0.13426390525739246,0.25
spot,BTCUSDT,4h,A4_MA_distance_capped,"{""cap_atr"": 4, ""slow"": 200}",opt,0.001,0.5153535750335665,0.9118870521753252,-0.93673061760841,0.04922295502836005,0.31074032185055894,0.46698987102724954,-0.6104912435001248,349,0.501432664756447,1.3522992419511795,1.3445718177114585,0.003861406904792032,0.5294312191095342,7.567335243553009,0.1633978840561777,47.2876322464889,0.16230875773006517,0.625
spot,BTCUSDT,4h,A4_MA_distance_capped,"{""cap_atr"": 4, ""slow"": 200}",real,0.0012,0.5153535750335665,0.9118870521753252,-0.93673061760841,0.02956334094542723,0.24495499863445855,0.36610833561241046,-0.6157527099043032,349,0.501432664756447,1.3522992419511795,1.3445718177114585,0.0038614069047920325,0.5294312191095346,7.567335243553009,0.1633978840561777,47.2876322464889,0.16230875773006517,0.625
spot,BTCUSDT,4h,A4_MA_distance_capped,"{""cap_atr"": 4, ""slow"": 200}",stress,0.0024,0.5153535750335665,0.9118870521753252,-0.93673061760841,-0.08089593626286773,-0.1482455000117345,-0.21456432280768906,-0.686400225049835,349,0.501432664756447,1.3522992419511795,1.3445718177114585,0.003861406904792032,0.5294312191095341,7.567335243553009,0.1633978840561777,47.2876322464889,0.16230875773006515,0.5
spot,BTCUSDT,4h,A4_MA_distance_capped,"{""cap_atr"": 4, ""slow"": 250}",opt,0.001,0.5153535750335665,0.9118870521753252,-0.93673061760841,0.010085707064359184,0.16206711343307953,0.23546267529613776,-0.4032970847664389,247,0.5263157894736842,1.2651680389324655,1.138651235039219,0.0030407082034683507,-0.2995245720445012,8.31578947368421,0.12708036874342635,33.46717812287323,0.14539538597587265,0.75
spot,BTCUSDT,4h,A4_MA_distance_capped,"{""cap_atr"": 4, ""slow"": 250}",real,0.0012,0.5153535750335665,0.9118870521753252,-0.93673061760841,-0.003346091077304436,0.1064243072651566,0.15394055843300852,-0.4124160547025352,247,0.5263157894736842,1.2651680389324658,1.138651235039219,0.0030407082034683507,-0.2995245720445013,8.31578947368421,0.12708036874342635,33.46717812287323,0.14539538597587268,0.75
spot,BTCUSDT,4h,A4_MA_distance_capped,"{""cap_atr"": 4, ""slow"": 250}",stress,0.0024,0.5153535750335665,0.9118870521753252,-0.93673061760841,-0.0802682238723752,-0.22607386724703477,-0.3185773140581604,-0.6088792435090237,247,0.5263157894736842,1.2651680389324658,1.138651235039219,0.0030407082034683507,-0.2995245720445012,8.31578947368421,0.12708036874342635,33.46717812287323,0.14539538597587268,0.375
spot,BTCUSDT,4h,B1_supertrend_flip,"{""mult"": 2.0, ""n"": 10}",opt,0.001,0.5153535750335665,0.9118870521753252,-0.93673061760841,0.6146164024132295,1.232525167379865,2.0662854386130505,-0.5932697263331927,287,0.4425087108013937,1.8952800956253306,2.387754451181519,0.0180530837703156,2.1984280883074896,29.37979094076655,0.5217472003959661,38.886964053702904,0.18316661575069362,0.75
spot,BTCUSDT,4h,B1_supertrend_flip,"{""mult"": 2.0, ""n"": 10}",real,0.0012,0.5153535750335665,0.9118870521753252,-0.93673061760841,0.5896956808815474,1.1994595628035378,2.0061722179706223,-0.601706137980563,287,0.4425087108013937,1.8952800956253306,2.387754451181519,0.0180530837703156,2.19842808830749,29.37979094076655,0.5217472003959661,38.886964053702904,0.18316661575069365,0.75
spot,BTCUSDT,4h,B1_supertrend_flip,"{""mult"": 2.0, ""n"": 10}",stress,0.0024,0.5153535750335665,0.9118870521753252,-0.93673061760841,0.44804384749913106,1.0023856700608624,1.653384743820721,-0.6577020544265633,287,0.4425087108013937,1.8952800956253306,2.387754451181519,0.0180530837703156,2.19842808830749,29.37979094076655,0.5217472003959661,38.886964053702904,0.18316661575069365,0.75
spot,BTCUSDT,4h,B1_supertrend_flip,"{""mult"": 2.5, ""n"": 10}",opt,0.001,0.5153535750335665,0.9118870521753252,-0.93673061760841,0.5539724060918667,1.1470277652559142,1.8963063674383418,-0.6293930893186421,221,0.4253393665158371,1.9708677496474798,2.662768129842872,0.021774733518173585,2.3087837791125625,37.58371040723982,0.5138897481903112,29.94431726783394,0.23329816633245012,0.75
spot,BTCUSDT,4h,B1_supertrend_flip,"{""mult"": 2.5, ""n"": 10}",real,0.0012,0.5153535750335665,0.9118870521753252,-0.93673061760841,0.5354703540058081,1.1218531902813882,1.8512139941301033,-0.6347647292822025,221,0.4253393665158371,1.9708677496474798,2.662768129842872,0.021774733518173585,2.3087837791125616,37.58371040723982,0.5138897481903112,29.94431726783394,0.23329816633245012,0.75
spot,BTCUSDT,4h,B1_supertrend_flip,"{""mult"": 2.5, ""n"": 10}",stress,0.0024,0.5153535750335665,0.9118870521753252,-0.93673061760841,0.4289932148205984,0.9715777857280491,1.5853580923490505,-0.6653988354751483,221,0.4253393665158371,1.9708677496474802,2.662768129842872,0.02177473351817359,2.3087837791125625,37.58371040723982,0.5138897481903112,29.94431726783394,0.2332981663324501,0.75
spot,BTCUSDT,4h,B1_supertrend_flip,"{""mult"": 3.0, ""n"": 10}",opt,0.001,0.5153535750335665,0.9118870521753252,-0.93673061760841,0.5410237402282949,1.1478823243579384,1.909433650232974,-0.46802189859568466,176,0.39204545454545453,2.0894690316029623,3.240191106978507,0.027349104405209133,2.7043431919206777,46.98295454545455,0.5116005692012622,23.84705809565056,0.297705062777038,0.75
spot,BTCUSDT,4h,B1_supertrend_flip,"{""mult"": 3.0, ""n"": 10}",real,0.0012,0.5153535750335665,0.9118870521753252,-0.93673061760841,0.5263940553312565,1.1271831105571022,1.871837945551609,-0.4727883426292666,176,0.39204545454545453,2.0894690316029627,3.2401911069785077,0.027349104405209133,2.7043431919206786,46.98295454545455,0.5116005692012622,23.84705809565056,0.297705062777038,0.75
spot,BTCUSDT,4h,B1_supertrend_flip,"{""mult"": 3.0, ""n"": 10}",stress,0.0024,0.5153535750335665,0.9118870521753252,-0.93673061760841,0.44148667671948316,1.0035987090091838,1.6498276001371868,-0.500503918430647,176,0.39204545454545453,2.0894690316029623,3.240191106978507,0.027349104405209136,2.704343191920677,46.98295454545455,0.5116005692012622,23.84705809565056,0.297705062777038,0.75
spot,BTCUSDT,4h,B1_supertrend_flip,"{""mult"": 2.0, ""n"": 14}",opt,0.001,0.5153535750335665,0.9118870521753252,-0.93673061760841,0.5902167306139356,1.1981379063029436,1.9997522933779877,-0.6148154851503367,287,0.44947735191637633,1.872396973199412,2.2933234245388143,0.017632218393010754,2.2466096809952956,29.43554006968641,0.5227371156344738,38.886964053702904,0.1900342169724168,0.75
spot,BTCUSDT,4h,B1_supertrend_flip,"{""mult"": 2.0, ""n"": 14}",real,0.0012,0.5153535750335665,0.9118870521753252,-0.93673061760841,0.5656726046782519,1.165241635278427,1.9403938319763472,-0.6228049940161713,287,0.44947735191637633,1.8723969731994112,2.293323424538814,0.01763221839301075,2.2466096809952956,29.43554006968641,0.5227371156344738,38.886964053702904,0.19003421697241685,0.75
spot,BTCUSDT,4h,B1_supertrend_flip,"{""mult"": 2.0, ""n"": 14}",stress,0.0024,0.5153535750335665,0.9118870521753252,-0.93673061760841,0.4261613777204529,0.9691639833586722,1.5919453141401358,-0.6782164454333406,287,0.44947735191637633,1.8723969731994117,2.293323424538814,0.017632218393010754,2.2466096809952956,29.43554006968641,0.5227371156344738,38.886964053702904,0.19003421697241682,0.625
spot,BTCUSDT,4h,B1_supertrend_flip,"{""mult"": 2.5, ""n"": 14}",opt,0.001,0.5153535750335665,0.9118870521753252,-0.93673061760841,0.5413728228014132,1.130905845761142,1.8777467177625138,-0.5645904266526159,223,0.4304932735426009,1.9388912493071182,2.564991548562542,0.021352291849837557,2.3432067494298656,37.7847533632287,0.521314112479119,30.215306564375425,0.23576582667788504,0.75
spot,BTCUSDT,4h,B1_supertrend_flip,"{""mult"": 2.5, ""n"": 14}",real,0.0012,0.5153535750335665,0.9118870521753252,-0.93673061760841,0.5228557048706637,1.1054790375175376,1.8320776170351982,-0.5747458001571812,223,0.4304932735426009,1.9388912493071182,2.564991548562542,0.021352291849837557,2.3432067494298656,37.7847533632287,0.521314112479119,30.215306564375425,0.2357658266778851,0.75
spot,BTCUSDT,4h,B1_supertrend_flip,"{""mult"": 2.5, ""n"": 14}",stress,0.0024,0.5153535750335665,0.9118870521753252,-0.93673061760841,0.4163318795201958,0.9537161964235739,1.5628587159748841,-0.6330617722821869,223,0.4304932735426009,1.9388912493071182,2.564991548562542,0.021352291849837557,2.3432067494298674,37.7847533632287,0.521314112479119,30.215306564375425,0.23576582667788504,0.75
spot,BTCUSDT,4h,B1_supertrend_flip,"{""mult"": 3.0, ""n"": 14}",opt,0.001,0.5153535750335665,0.9118870521753252,-0.93673061760841,0.5807417674376665,1.1935220468028203,1.9884456519955729,-0.4626501299009598,173,0.4277456647398844,2.172068211200817,2.905875039309201,0.02806690916415102,2.0200923055470983,47.91907514450867,0.5128998329518035,23.440574150838334,0.262706019817431,0.75
spot,BTCUSDT,4h,B1_supertrend_flip,"{""mult"": 3.0, ""n"": 14}",real,0.0012,0.5153535750335665,0.9118870521753252,-0.93673061760841,0.56598961953286,1.1733857700852934,1.9516656673812844,-0.46404554449460733,173,0.4277456647398844,2.172068211200817,2.905875039309201,0.02806690916415102,2.0200923055470983,47.91907514450867,0.5128998329518035,23.440574150838334,0.2627060198174311,0.75
spot,BTCUSDT,4h,B1_supertrend_flip,"{""mult"": 3.0, ""n"": 14}",stress,0.0024,0.5153535750335665,0.9118870521753252,-0.93673061760841,0.48032314018755673,1.0531222544473688,1.7343471171823586,-0.47234272426448054,173,0.4277456647398844,2.172068211200817,2.905875039309201,0.02806690916415102,2.020092305547098,47.91907514450867,0.5128998329518035,23.440574150838334,0.262706019817431,0.75
spot,BTCUSDT,4h,B1_supertrend_flip,"{""mult"": 2.0, ""n"": 20}",opt,0.001,0.5153535750335665,0.9118870521753252,-0.93673061760841,0.5623778912557829,1.142958047890526,1.886983479530351,-0.6189483775060973,291,0.43986254295532645,1.8011907589746916,2.293703857131834,0.017302584319471834,2.190323046222714,29.02061855670103,0.5225515065272536,39.42894264678587,0.19154882180944635,0.75
spot,BTCUSDT,4h,B1_supertrend_flip,"{""mult"": 2.0, ""n"": 20}",real,0.0012,0.5153535750335665,0.9118870521753252,-0.93673061760841,0.5379299959856734,1.1106037115114438,1.8295589957208729,-0.626852161793594,291,0.43986254295532645,1.801190758974692,2.2937038571318342,0.017302584319471834,2.190323046222714,29.02061855670103,0.5225515065272536,39.42894264678587,0.19154882180944638,0.75
spot,BTCUSDT,4h,B1_supertrend_flip,"{""mult"": 2.0, ""n"": 20}",stress,0.0024,0.5153535750335665,0.9118870521753252,-0.93673061760841,0.39906978077058186,0.9177425261838398,1.4922262774922226,-0.6722096409709627,291,0.43986254295532645,1.8011907589746918,2.293703857131834,0.017302584319471834,2.190323046222713,29.02061855670103,0.5225515065272536,39.42894264678587,0.19154882180944635,0.75
spot,BTCUSDT,4h,B1_supertrend_flip,"{""mult"": 2.5, ""n"": 20}",opt,0.001,0.5153535750335665,0.9118870521753252,-0.93673061760841,0.45434161171708265,1.0036897317458082,1.644865175298398,-0.6958217986582069,225,0.41333333333333333,1.8030731436489982,2.5592005909856748,0.01959809666629652,2.312276994797629,38.65777777777778,0.53814267153375,30.486295860916908,0.23989797627021964,0.625
spot,BTCUSDT,4h,B1_supertrend_flip,"{""mult"": 2.5, ""n"": 20}",real,0.0012,0.5153535750335665,0.9118870521753252,-0.93673061760841,0.4367142916460114,0.9784957812483984,1.6007575311403504,-0.70362851428816,225,0.41333333333333333,1.8030731436489982,2.5592005909856748,0.01959809666629652,2.31227699479763,38.65777777777778,0.53814267153375,30.486295860916908,0.2398979762702197,0.625
spot,BTCUSDT,4h,B1_supertrend_flip,"{""mult"": 2.5, ""n"": 20}",stress,0.0024,0.5153535750335665,0.9118870521753252,-0.93673061760841,0.3353473010618968,0.8281592261198015,1.3405946418769648,-0.7464367845435609,225,0.41333333333333333,1.8030731436489982,2.5592005909856748,0.019598096666296524,2.31227699479763,38.65777777777778,0.53814267153375,30.486295860916908,0.2398979762702197,0.625
spot,BTCUSDT,4h,B1_supertrend_flip,"{""mult"": 3.0, ""n"": 20}",opt,0.001,0.5153535750335665,0.9118870521753252,-0.93673061760841,0.5408885714242626,1.1371676458561413,1.8879046329775497,-0.46357262408189337,174,0.4367816091954023,2.0631396981226473,2.6603643475792027,0.027220258416497157,1.9630575469432916,47.59770114942529,0.5124048753325496,23.576068799109077,0.26361334621075466,0.75
spot,BTCUSDT,4h,B1_supertrend_flip,"{""mult"": 3.0, ""n"": 20}",real,0.0012,0.5153535750335665,0.9118870521753252,-0.93673061760841,0.5264256189856353,1.1170546716652623,1.8515172859391946,-0.4661413088277023,174,0.4367816091954023,2.0631396981226473,2.6603643475792027,0.027220258416497157,1.9630575469432912,47.59770114942529,0.5124048753325496,23.576068799109077,0.26361334621075466,0.75
spot,BTCUSDT,4h,B1_supertrend_flip,"{""mult"": 3.0, ""n"": 20}",stress,0.0024,0.5153535750335665,0.9118870521753252,-0.93673061760841,0.4424543179911573,0.9969241330581897,1.6364595370196848,-0.48756555680804836,174,0.4367816091954023,2.0631396981226473,2.6603643475792027,0.027220258416497157,1.963057546943292,47.59770114942529,0.5124048753325496,23.576068799109077,0.26361334621075466,0.75
spot,BTCUSDT,4h,B3_supertrend_HTF,"{""mult"": 2.0, ""n"": 10}",opt,0.001,0.5153535750335665,0.9118870521753252,-0.93673061760841,0.1355828872539997,0.8095502143224822,1.4864905427022161,-0.2036951516075397,52,0.4807692307692308,2.6404471941783583,2.851682969712627,0.02348132608916977,2.293231150516151,29.46153846153846,0.09484625378951927,7.045721710078574,0.6189832782103518,0.25
spot,BTCUSDT,4h,B3_supertrend_HTF,"{""mult"": 2.0, ""n"": 10}",real,0.0012,0.5153535750335665,0.9118870521753252,-0.93673061760841,0.1323869885732798,0.792815162647834,1.4506121989155174,-0.20972413660796796,52,0.4807692307692308,2.6404471941783583,2.851682969712627,0.02348132608916977,2.293231150516151,29.46153846153846,0.09484625378951927,7.045721710078574,0.6189832782103518,0.25
spot,BTCUSDT,4h,B3_supertrend_HTF,"{""mult"": 2.0, ""n"": 10}",stress,0.0024,0.5153535750335665,0.9118870521753252,-0.93673061760841,0.11339955282315595,0.6930247829551283,1.2417085795400096,-0.24495154540778885,52,0.4807692307692308,2.6404471941783583,2.851682969712627,0.023481326089169766,2.293231150516152,29.46153846153846,0.09484625378951927,7.045721710078574,0.6189832782103518,0.25
spot,BTCUSDT,4h,B3_supertrend_HTF,"{""mult"": 2.5, ""n"": 10}",opt,0.001,0.5153535750335665,0.9118870521753252,-0.93673061760841,0.13649932496692951,0.8459924555545059,1.5861279070836745,-0.16745837713024758,41,0.5121951219512195,3.234577388053936,3.0805498933847013,0.028456379837668893,1.7682671544775999,36.1219512195122,0.09162902926436924,5.5552805791004145,0.6522103072120251,0.25
spot,BTCUSDT,4h,B3_supertrend_HTF,"{""mult"": 2.5, ""n"": 10}",real,0.0012,0.5153535750335665,0.9118870521753252,-0.93673061760841,0.13397669667448997,0.8321903636196297,1.5555061647375188,-0.16878938025534163,41,0.5121951219512195,3.234577388053936,3.0805498933847013,0.028456379837668893,1.7682671544776,36.1219512195122,0.09162902926436924,5.5552805791004145,0.6522103072120251,0.25
spot,BTCUSDT,4h,B3_supertrend_HTF,"{""mult"": 2.5, ""n"": 10}",stress,0.0024,0.5153535750335665,0.9118870521753252,-0.93673061760841,0.11895804713446423,0.7496761250505546,1.3760593750135468,-0.18809865272414483,41,0.5121951219512195,3.234577388053936,3.0805498933847013,0.028456379837668893,1.7682671544775999,36.1219512195122,0.09162902926436924,5.5552805791004145,0.6522103072120251,0.25
spot,BTCUSDT,4h,B3_supertrend_HTF,"{""mult"": 3.0, ""n"": 10}",opt,0.001,0.5153535750335665,0.9118870521753252,-0.93673061760841,0.13584823476791597,0.8523689257738903,1.5551484817788885,-0.2270805188148387,32,0.4375,3.295321112466919,4.23684143031461,0.03758587301656431,2.3274347060111817,48.78125,0.09657860545690775,4.335828744663738,0.771105764460889,0.25
spot,BTCUSDT,4h,B3_supertrend_HTF,"{""mult"": 3.0, ""n"": 10}",real,0.0012,0.5153535750335665,0.9118870521753252,-0.93673061760841,0.13388000228659025,0.8414575234529783,1.5314366723011528,-0.2300122123742847,32,0.4375,3.295321112466919,4.23684143031461,0.03758587301656431,2.3274347060111817,48.78125,0.09657860545690775,4.335828744663738,0.771105764460889,0.25
spot,BTCUSDT,4h,B3_supertrend_HTF,"{""mult"": 3.0, ""n"": 10}",stress,0.0024,0.5153535750335665,0.9118870521753252,-0.93673061760841,0.12214199871880593,0.7761222095258734,1.391727185758411,-0.24737099444764454,32,0.4375,3.295321112466919,4.23684143031461,0.03758587301656431,2.3274347060111817,48.78125,0.09657860545690775,4.335828744663738,0.771105764460889,0.25
spot,BTCUSDT,4h,B3_supertrend_HTF,"{""mult"": 2.0, ""n"": 14}",opt,0.001,0.5153535750335665,0.9118870521753252,-0.93673061760841,0.13410310406050985,0.802031230338477,1.4612470036031966,-0.19614629080861368,52,0.5,2.709818211553503,2.7098182115535034,0.023125989805882763,2.3634544589385444,29.692307692307693,0.09558869021840005,7.045721710078574,0.6170723377444659,0.25
spot,BTCUSDT,4h,B3_supertrend_HTF,"{""mult"": 2.0, ""n"": 14}",real,0.0012,0.5153535750335665,0.9118870521753252,-0.93673061760841,0.13091136996980723,0.7853266783287641,1.4258821487971411,-0.20318917784182688,52,0.5,2.7098182115535034,2.7098182115535034,0.023125989805882763,2.363454458938545,29.692307692307693,0.09558869021840005,7.045721710078574,0.6170723377444659,0.25
spot,BTCUSDT,4h,B3_supertrend_HTF,"{""mult"": 2.0, ""n"": 14}",stress,0.0024,0.5153535750335665,0.9118870521753252,-0.93673061760841,0.11194867683303689,0.6856981611105719,1.21987026839936,-0.2441695256204106,52,0.5,2.709818211553503,2.7098182115535034,0.023125989805882763,2.3634544589385444,29.692307692307693,0.09558869021840005,7.045721710078574,0.6170723377444659,0.25
spot,BTCUSDT,4h,B3_supertrend_HTF,"{""mult"": 2.5, ""n"": 14}",opt,0.001,0.5153535750335665,0.9118870521753252,-0.93673061760841,0.1290768013049748,0.7945663892826432,1.4571564242177593,-0.17308723021711414,41,0.4878048780487805,3.00475265319788,3.1549902858577745,0.027305602843209393,1.7418119318263323,37.65853658536585,0.09552682051599332,5.5552805791004145,0.6564320149606562,0.25
spot,BTCUSDT,4h,B3_supertrend_HTF,"{""mult"": 2.5, ""n"": 14}",real,0.0012,0.5153535750335665,0.9118870521753252,-0.93673061760841,0.12657064840128363,0.7810259798518138,1.4280655199475245,-0.17440923436745026,41,0.4878048780487805,3.00475265319788,3.1549902858577745,0.027305602843209393,1.7418119318263323,37.65853658536585,0.09552682051599332,5.5552805791004145,0.6564320149606562,0.25
spot,BTCUSDT,4h,B3_supertrend_HTF,"{""mult"": 2.5, ""n"": 14}",stress,0.0024,0.5153535750335665,0.9118870521753252,-0.93673061760841,0.11165008627682638,0.7001300653017268,1.257648596831467,-0.18604266965606409,41,0.4878048780487805,3.00475265319788,3.1549902858577745,0.027305602843209393,1.7418119318263328,37.65853658536585,0.09552682051599332,5.5552805791004145,0.6564320149606561,0.25
spot,BTCUSDT,4h,B3_supertrend_HTF,"{""mult"": 3.0, ""n"": 14}",opt,0.001,0.5153535750335665,0.9118870521753252,-0.93673061760841,0.1472031130957121,0.9217367430942042,1.7165364987777263,-0.191247277458367,32,0.46875,4.059075712258267,4.600285807226036,0.03951775307169894,2.4949342358943434,47.9375,0.094908123491926,4.335828744663738,0.7780976577274139,0.25
spot,BTCUSDT,4h,B3_supertrend_HTF,"{""mult"": 3.0, ""n"": 14}",real,0.0012,0.5153535750335665,0.9118870521753252,-0.93673061760841,0.14521520453472858,0.9106842378002437,1.691234871992267,-0.19431488696437205,32,0.46875,4.059075712258268,4.600285807226037,0.03951775307169895,2.4949342358943425,47.9375,0.094908123491926,4.335828744663738,0.7780976577274138,0.25
spot,BTCUSDT,4h,B3_supertrend_HTF,"{""mult"": 3.0, ""n"": 14}",stress,0.0024,0.5153535750335665,0.9118870521753252,-0.93673061760841,0.1333598581756772,0.8444637383158412,1.5424596622464912,-0.21247843776569197,32,0.46875,4.059075712258267,4.600285807226036,0.03951775307169894,2.4949342358943434,47.9375,0.094908123491926,4.335828744663738,0.7780976577274139,0.25
spot,BTCUSDT,4h,B3_supertrend_HTF,"{""mult"": 2.0, ""n"": 20}",opt,0.001,0.5153535750335665,0.9118870521753252,-0.93673061760841,0.1356746459455742,0.8027966604360022,1.4610635643695642,-0.1802038020809601,53,0.49056603773584906,2.704181180885413,2.808188149381006,0.022508489719985866,1.9284537339868428,28.88679245283019,0.09478438408711254,7.1812163583493165,0.5717602158837841,0.25
spot,BTCUSDT,4h,B3_supertrend_HTF,"{""mult"": 2.0, ""n"": 20}",real,0.0012,0.5153535750335665,0.9118870521753252,-0.93673061760841,0.1324171127050855,0.7860584339756584,1.4258236464870377,-0.18641064483802616,53,0.49056603773584906,2.704181180885413,2.808188149381006,0.022508489719985855,1.9284537339868428,28.88679245283019,0.09478438408711254,7.1812163583493165,0.5717602158837841,0.25
spot,BTCUSDT,4h,B3_supertrend_HTF,"{""mult"": 2.0, ""n"": 20}",stress,0.0024,0.5153535750335665,0.9118870521753252,-0.93673061760841,0.11306715662747457,0.6861216305105573,1.2201562164294049,-0.22267727796845838,53,0.49056603773584906,2.7041811808854135,2.808188149381006,0.022508489719985855,1.9284537339868433,28.88679245283019,0.09478438408711254,7.1812163583493165,0.5717602158837841,0.25
spot,BTCUSDT,4h,B3_supertrend_HTF,"{""mult"": 2.5, ""n"": 20}",opt,0.001,0.5153535750335665,0.9118870521753252,-0.93673061760841,0.14127639567048966,0.8488776151891664,1.5698497071172772,-0.16817049003215745,40,0.475,3.268445929172754,3.612492869085676,0.030968231667195357,2.2978499756934427,39.775,0.09843469652910969,5.419785930829673,0.7249857937628998,0.25
spot,BTCUSDT,4h,B3_supertrend_HTF,"{""mult"": 2.5, ""n"": 20}",real,0.0012,0.5153535750335665,0.9118870521753252,-0.93673061760841,0.1388048831524784,0.835722984804398,1.5410672591609744,-0.1695003546862468,40,0.475,3.2684459291727563,3.612492869085678,0.030968231667195357,2.2978499756934427,39.775,0.09843469652910969,5.419785930829673,0.7249857937628996,0.25
spot,BTCUSDT,4h,B3_supertrend_HTF,"{""mult"": 2.5, ""n"": 20}",stress,0.0024,0.5153535750335665,0.9118870521753252,-0.93673061760841,0.12408776869889593,0.757158719735588,1.372354662827641,-0.17743503055917043,40,0.475,3.268445929172755,3.612492869085677,0.030968231667195357,2.2978499756934427,39.775,0.09843469652910969,5.419785930829673,0.7249857937628998,0.25
spot,BTCUSDT,4h,B3_supertrend_HTF,"{""mult"": 3.0, ""n"": 20}",opt,0.001,0.5153535750335665,0.9118870521753252,-0.93673061760841,0.13964657273379633,0.8584838143620365,1.5650473619272578,-0.19335167691626576,34,0.47058823529411764,3.473404295515265,3.907579832454673,0.03623339252697164,2.4598196846867717,48.470588235294116,0.10196126956629338,4.606818041205222,0.7828747796604572,0.25
spot,BTCUSDT,4h,B3_supertrend_HTF,"{""mult"": 3.0, ""n"": 20}",real,0.0012,0.5153535750335665,0.9118870521753252,-0.93673061760841,0.13754844616249873,0.8471196661850025,1.540256118797885,-0.19625039357587215,34,0.47058823529411764,3.4734042955152646,3.9075798324546724,0.03623339252697164,2.459819684686771,48.470588235294116,0.10196126956629338,4.606818041205222,0.7828747796604572,0.25
spot,BTCUSDT,4h,B3_supertrend_HTF,"{""mult"": 3.0, ""n"": 20}",stress,0.0024,0.5153535750335665,0.9118870521753252,-0.93673061760841,0.1250405287022478,0.7790846923924639,1.3943996062094524,-0.2134252861852426,34,0.47058823529411764,3.4734042955152646,3.9075798324546724,0.03623339252697164,2.4598196846867717,48.470588235294116,0.10196126956629338,4.606818041205222,0.7828747796604572,0.25
spot,BTCUSDT,4h,C1_donchian_channel,"{""n"": 20}",opt,0.001,0.5153535750335665,0.9118870521753252,-0.93673061760841,0.4097634050204151,0.9940209121921058,1.6298594298026239,-0.6307947956846409,201,0.4228855721393035,1.8510252380238903,2.526105030714956,0.01922656312939945,1.8138245119069027,33.11940298507463,0.4118666089216111,27.234424302419104,0.2299792322641768,0.75
spot,BTCUSDT,4h,C1_donchian_channel,"{""n"": 20}",real,0.0012,0.5153535750335665,0.9118870521753252,-0.93673061760841,0.3944890970445478,0.9689999732691486,1.5857886818084974,-0.6355634861779116,201,0.4228855721393035,1.8510252380238903,2.526105030714956,0.01922656312939945,1.8138245119069027,33.11940298507463,0.4118666089216111,27.234424302419104,0.2299792322641768,0.75
spot,BTCUSDT,4h,C1_donchian_channel,"{""n"": 20}",stress,0.0024,0.5153535750335665,0.9118870521753252,-0.93673061760841,0.30625631552213584,0.819629675640705,1.3260316825913807,-0.6629100054439077,201,0.4228855721393035,1.8510252380238903,2.526105030714956,0.019226563129399455,1.8138245119069027,33.11940298507463,0.4118666089216111,27.234424302419104,0.22997923226417682,0.75
spot,BTCUSDT,4h,C6_donchian_ATR_trail,"{""n"": 20, ""trail"": 2.0}",opt,0.001,0.5153535750335665,0.9118870521753252,-0.93673061760841,0.023998136269946846,0.21646614218423657,0.3580327958680034,-0.4372079577523592,148,0.3783783783783784,1.2998605272511117,2.1354851519125404,0.00444172418082242,1.729036885959033,9.067567567567568,0.08302914062983358,20.05320794406979,0.31071252251757536,0.625
spot,BTCUSDT,4h,C6_donchian_ATR_trail,"{""n"": 20, ""trail"": 2.0}",real,0.0012,0.5153535750335665,0.9118870521753252,-0.93673061760841,0.015817201978785,0.17768226654373978,0.292224780746896,-0.4429193888801779,148,0.3783783783783784,1.2998605272511117,2.1354851519125404,0.00444172418082242,1.7290368859590333,9.067567567567568,0.08302914062983358,20.05320794406979,0.31071252251757536,0.625
spot,BTCUSDT,4h,C6_donchian_ATR_trail,"{""n"": 20, ""trail"": 2.0}",stress,0.0024,0.5153535750335665,0.9118870521753252,-0.93673061760841,-0.03191409142811774,-0.05298800772362725,-0.08431688838237855,-0.49685760411016633,148,0.3783783783783784,1.2998605272511117,2.1354851519125404,0.004441724180822419,1.7290368859590333,9.067567567567568,0.08302914062983358,20.05320794406979,0.31071252251757525,0.625
spot,BTCUSDT,4h,C6_donchian_ATR_trail,"{""n"": 20, ""trail"": 3.0}",opt,0.001,0.5153535750335665,0.9118870521753252,-0.93673061760841,0.03729920727700842,0.2692042906924765,0.4309109474340007,-0.584329737736738,148,0.4391891891891892,1.2846449606079995,1.6403927958532918,0.00582789508154126,0.8660132182404472,19.93243243243243,0.1825156220998577,20.05320794406979,0.2347716518859715,0.625
spot,BTCUSDT,4h,C6_donchian_ATR_trail,"{""n"": 20, ""trail"": 3.0}",real,0.0012,0.5153535750335665,0.9118870521753252,-0.93673061760841,0.02901200796049519,0.24161615752975427,0.3855582823801656,-0.5896164165829164,148,0.4391891891891892,1.2846449606079995,1.6403927958532918,0.00582789508154126,0.8660132182404472,19.93243243243243,0.1825156220998577,20.05320794406979,0.23477165188597157,0.625
spot,BTCUSDT,4h,C6_donchian_ATR_trail,"{""n"": 20, ""trail"": 3.0}",stress,0.0024,0.5153535750335665,0.9118870521753252,-0.93673061760841,-0.019339283960444598,0.0774192268604203,0.1213097016086794,-0.620706111946391,148,0.4391891891891892,1.2846449606079995,1.6403927958532918,0.00582789508154126,0.8660132182404472,19.93243243243243,0.1825156220998577,20.05320794406979,0.2347716518859715,0.625
spot,BTCUSDT,4h,C6_donchian_ATR_trail,"{""n"": 20, ""trail"": 4.0}",opt,0.001,0.5153535750335665,0.9118870521753252,-0.93673061760841,0.24842282917726832,0.7857141960581194,1.253660550435851,-0.6309287388084914,148,0.43243243243243246,1.7649718871112734,2.3165256018335465,0.018599337628826946,2.4923566700477466,34.2972972972973,0.3140506094165687,20.05320794406979,0.3611610774026912,0.625
spot,BTCUSDT,4h,C6_donchian_ATR_trail,"{""n"": 20, ""trail"": 4.0}",real,0.0012,0.5153535750335665,0.9118870521753252,-0.93673061760841,0.23844891929273615,0.7635447981954542,1.2157411776188225,-0.6348203178579057,148,0.43243243243243246,1.7649718871112734,2.3165256018335465,0.018599337628826946,2.4923566700477466,34.2972972972973,0.3140506094165687,20.05320794406979,0.3611610774026912,0.625
spot,BTCUSDT,4h,C6_donchian_ATR_trail,"{""n"": 20, ""trail"": 4.0}",stress,0.0024,0.5153535750335665,0.9118870521753252,-0.93673061760841,0.18025659037659536,0.6313000659322133,0.9927377840521076,-0.6573234022837386,148,0.43243243243243246,1.7649718871112732,2.316525601833546,0.018599337628826946,2.4923566700477466,34.2972972972973,0.3140506094165687,20.05320794406979,0.36116107740269127,0.625
spot,BTCUSDT,4h,C4_donchian_HTF,"{""n"": 20}",opt,0.001,0.5153535750335665,0.9118870521753252,-0.93673061760841,0.12386109482032226,0.8428344461821999,1.5765899212838634,-0.27704436141833544,37,0.40540540540540543,3.507707505917637,5.144637675345868,0.028453256516597556,1.7798887754064256,31.91891891891892,0.0730681185423498,5.0133019860174475,0.696294614209627,0.25
spot,BTCUSDT,4h,C4_donchian_HTF,"{""n"": 20}",real,0.0012,0.5153535750335665,0.9118870521753252,-0.93673061760841,0.12160964825588683,0.829272130695161,1.5460675907706323,-0.2819437887731884,37,0.40540540540540543,3.507707505917636,5.144637675345866,0.02845325651659755,1.7798887754064259,31.91891891891892,0.0730681185423498,5.0133019860174475,0.696294614209627,0.25
spot,BTCUSDT,4h,C4_donchian_HTF,"{""n"": 20}",stress,0.0024,0.5153535750335665,0.9118870521753252,-0.93673061760841,0.10819534206954495,0.7480094471362292,1.3672542323431451,-0.3106509699875646,37,0.40540540540540543,3.507707505917637,5.144637675345868,0.028453256516597556,1.779888775406425,31.91891891891892,0.0730681185423498,5.0133019860174475,0.696294614209627,0.25
spot,BTCUSDT,4h,C1_donchian_channel,"{""n"": 50}",opt,0.001,0.5153535750335665,0.9118870521753252,-0.93673061760841,0.38534591618710645,0.9725306812501405,1.5641899257876435,-0.6711165606485874,93,0.3763440860215054,2.1753242731963365,3.6048230812967863,0.039987157084420875,2.313785963394647,73.64516129032258,0.4237455917837035,12.60100228917899,0.43760444111094904,0.625
spot,BTCUSDT,4h,C1_donchian_channel,"{""n"": 50}",real,0.0012,0.5153535750335665,0.9118870521753252,-0.93673061760841,0.3783807772042167,0.9604959636056963,1.543284980290933,-0.6745843893225061,93,0.3763440860215054,2.1753242731963365,3.6048230812967863,0.039987157084420875,2.3137859633946474,73.64516129032258,0.4237455917837035,12.60100228917899,0.43760444111094904,0.625
spot,BTCUSDT,4h,C1_donchian_channel,"{""n"": 50}",stress,0.0024,0.5153535750335665,0.9118870521753252,-0.93673061760841,0.33731912004662745,0.8885091496344769,1.4190202451760194,-0.6946371340907934,93,0.3763440860215054,2.175324273196337,3.6048230812967867,0.039987157084420875,2.3137859633946474,73.64516129032258,0.4237455917837035,12.60100228917899,0.437604441110949,0.625
spot,BTCUSDT,4h,C6_donchian_ATR_trail,"{""n"": 50, ""trail"": 2.0}",opt,0.001,0.5153535750335665,0.9118870521753252,-0.93673061760841,0.03356942062213131,0.3363826927238184,0.641339048295963,-0.24556617110519785,70,0.38571428571428573,1.5377713308500027,2.4490432306129675,0.006484127555956922,1.743215904400831,7.485714285714286,0.03241972406112727,9.484625378951927,0.507130682643148,0.5
spot,BTCUSDT,4h,C6_donchian_ATR_trail,"{""n"": 50, ""trail"": 2.0}",real,0.0012,0.5153535750335665,0.9118870521753252,-0.93673061760841,0.02965563721854969,0.30418233473472656,0.5744215187232667,-0.25007922684800377,70,0.38571428571428573,1.5377713308500027,2.4490432306129675,0.006484127555956923,1.7432159044008313,7.485714285714286,0.03241972406112727,9.484625378951927,0.5071306826431481,0.5
spot,BTCUSDT,4h,C6_donchian_ATR_trail,"{""n"": 50, ""trail"": 2.0}",stress,0.0024,0.5153535750335665,0.9118870521753252,-0.93673061760841,0.006482154964370768,0.1125083333888967,0.20112822466540148,-0.2765962928008201,70,0.38571428571428573,1.5377713308500027,2.4490432306129675,0.006484127555956922,1.7432159044008306,7.485714285714286,0.03241972406112727,9.484625378951927,0.507130682643148,0.5
spot,BTCUSDT,4h,C6_donchian_ATR_trail,"{""n"": 50, ""trail"": 3.0}",opt,0.001,0.5153535750335665,0.9118870521753252,-0.93673061760841,0.047276162145372336,0.35548552001221423,0.6132711680900605,-0.2826377568419839,70,0.42857142857142855,1.5111769809053117,2.0149026412070827,0.008396317324836415,1.2402275431347833,18.37142857142857,0.0795644372950566,9.484625378951927,0.41752883371290367,0.5
spot,BTCUSDT,4h,C6_donchian_ATR_trail,"{""n"": 50, ""trail"": 3.0}",real,0.0012,0.5153535750335665,0.9118870521753252,-0.93673061760841,0.04331047587351633,0.3329324290564843,0.5717383228641795,-0.28692904875806713,70,0.42857142857142855,1.511176980905312,2.0149026412070827,0.008396317324836417,1.2402275431347836,18.37142857142857,0.0795644372950566,9.484625378951927,0.41752883371290367,0.5
spot,BTCUSDT,4h,C6_donchian_ATR_trail,"{""n"": 50, ""trail"": 3.0}",stress,0.0024,0.5153535750335665,0.9118870521753252,-0.93673061760841,0.019829677124563627,0.19883979594370482,0.33243084593869154,-0.31214311152318464,70,0.42857142857142855,1.511176980905312,2.0149026412070827,0.008396317324836417,1.2402275431347836,18.37142857142857,0.0795644372950566,9.484625378951927,0.41752883371290367,0.5
spot,BTCUSDT,4h,C6_donchian_ATR_trail,"{""n"": 50, ""trail"": 4.0}",opt,0.001,0.5153535750335665,0.9118870521753252,-0.93673061760841,0.16695169994981596,0.7823527859006966,1.3222964844470007,-0.4460524579394317,70,0.4142857142857143,2.089363484716219,2.9539276852884475,0.024129482115368844,2.826424108310243,33.17142857142857,0.14366144898843036,9.484625378951927,0.5675303138567588,0.75
spot,BTCUSDT,4h,C6_donchian_ATR_trail,"{""n"": 50, ""trail"": 4.0}",real,0.0012,0.5153535750335665,0.9118870521753252,-0.93673061760841,0.16253284224667675,0.7653863254250192,1.2900247176106985,-0.4496965987125231,70,0.4142857142857143,2.089363484716219,2.9539276852884475,0.024129482115368844,2.8264241083102433,33.17142857142857,0.14366144898843036,9.484625378951927,0.5675303138567588,0.75
spot,BTCUSDT,4h,C6_donchian_ATR_trail,"{""n"": 50, ""trail"": 4.0}",stress,0.0024,0.5153535750335665,0.9118870521753252,-0.93673061760841,0.13636881884320484,0.6642136505260283,1.1012069926125878,-0.47106398401685656,70,0.4142857142857143,2.089363484716219,2.9539276852884475,0.024129482115368844,2.8264241083102424,33.17142857142857,0.14366144898843036,9.484625378951927,0.5675303138567587,0.75
spot,BTCUSDT,4h,C4_donchian_HTF,"{""n"": 50}",opt,0.001,0.5153535750335665,0.9118870521753252,-0.93673061760841,0.12410545157355801,0.8303157718774762,1.4835249955723708,-0.21035437042595995,21,0.42857142857142855,4.077796702978368,5.437062270637824,0.05162227659919932,2.427714922732125,71.80952380952381,0.09329951122935098,2.845387613685578,0.845454578965725,0.25
spot,BTCUSDT,4h,C4_donchian_HTF,"{""n"": 50}",real,0.0012,0.5153535750335665,0.9118870521753252,-0.93673061760841,0.1228267715368403,0.8227429562795552,1.4678438923283703,-0.21382118282208462,21,0.42857142857142855,4.077796702978367,5.437062270637823,0.05162227659919932,2.427714922732125,71.80952380952381,0.09329951122935098,2.845387613685578,0.845454578965725,0.25
spot,BTCUSDT,4h,C4_donchian_HTF,"{""n"": 50}",stress,0.0024,0.5153535750335665,0.9118870521753252,-0.93673061760841,0.11518516183644811,0.7773039299523703,1.3745778975901723,-0.2343047990082998,21,0.42857142857142855,4.077796702978368,5.437062270637824,0.051622276599199324,2.427714922732125,71.80952380952381,0.09329951122935098,2.845387613685578,0.845454578965725,0.25
spot,BTCUSDT,4h,C1_donchian_channel,"{""n"": 100}",opt,0.001,0.5153535750335665,0.9118870521753252,-0.93673061760841,0.4556426826362838,1.065075041810639,1.6326038146158388,-0.6736844521863026,46,0.45652173913043476,3.0942899324102036,3.6836784909645277,0.09665293319406945,1.6167690601641342,147.7608695652174,0.42052836725855347,6.232753820454124,0.5627342006076916,0.75
spot,BTCUSDT,4h,C1_donchian_channel,"{""n"": 100}",real,0.0012,0.5153535750335665,0.9118870521753252,-0.93673061760841,0.45201813330405427,1.0593952966459583,1.6232538273949784,-0.674466671411612,46,0.45652173913043476,3.0942899324102036,3.6836784909645277,0.09665293319406945,1.616769060164135,147.7608695652174,0.42052836725855347,6.232753820454124,0.5627342006076915,0.75
spot,BTCUSDT,4h,C1_donchian_channel,"{""n"": 100}",stress,0.0024,0.5153535750335665,0.9118870521753252,-0.93673061760841,0.4304595344278497,1.0253459515331784,1.5673080850729637,-0.6791207769979287,46,0.45652173913043476,3.094289932410204,3.6836784909645286,0.09665293319406945,1.6167690601641351,147.7608695652174,0.42052836725855347,6.232753820454124,0.5627342006076916,0.75
spot,BTCUSDT,4h,C6_donchian_ATR_trail,"{""n"": 100, ""trail"": 2.0}",opt,0.001,0.5153535750335665,0.9118870521753252,-0.93673061760841,-0.006135303976768203,-0.0452000357962519,-0.07195837306768635,-0.18438117553569977,32,0.46875,1.09202060816344,1.2376233559185654,0.0011951077175294867,0.8136680478671613,7.34375,0.014539380065581885,4.335828744663738,0.7391317606973775,0.5
spot,BTCUSDT,4h,C6_donchian_ATR_trail,"{""n"": 100, ""trail"": 2.0}",real,0.0012,0.5153535750335665,0.9118870521753252,-0.93673061760841,-0.007857503049565895,-0.06802591618051683,-0.10750372029588875,-0.18796201907521326,32,0.46875,1.0920206081634403,1.2376233559185656,0.0011951077175294865,0.8136680478671613,7.34375,0.014539380065581885,4.335828744663738,0.7391317606973775,0.5
spot,BTCUSDT,4h,C6_donchian_ATR_trail,"{""n"": 100, ""trail"": 2.0}",stress,0.0024,0.5153535750335665,0.9118870521753252,-0.93673061760841,-0.01812823023892396,-0.20247736912112216,-0.306888061487141,-0.20911938679671982,32,0.46875,1.09202060816344,1.2376233559185654,0.001195107717529488,0.8136680478671615,7.34375,0.014539380065581885,4.335828744663738,0.7391317606973776,0.5
spot,BTCUSDT,4h,C6_donchian_ATR_trail,"{""n"": 100, ""trail"": 3.0}",opt,0.001,0.5153535750335665,0.9118870521753252,-0.93673061760841,0.03487171366535047,0.354111366464359,0.6321977172690477,-0.23429027085354714,32,0.46875,1.7851428746756508,2.023161924632404,0.011344423968172066,1.41997286383571,22.0,0.043556270494338925,4.335828744663738,0.624561741834067,0.5
spot,BTCUSDT,4h,C6_donchian_ATR_trail,"{""n"": 100, ""trail"": 3.0}",real,0.0012,0.5153535750335665,0.9118870521753252,-0.93673061760841,0.03307845638106399,0.3387696089302117,0.6020117798066885,-0.23826163177648652,32,0.46875,1.7851428746756508,2.023161924632404,0.011344423968172068,1.4199728638357103,22.0,0.043556270494338925,4.335828744663738,0.624561741834067,0.5
spot,BTCUSDT,4h,C6_donchian_ATR_trail,"{""n"": 100, ""trail"": 3.0}",stress,0.0024,0.5153535750335665,0.9118870521753252,-0.93673061760841,0.022383957331475024,0.247486048830853,0.427995325139782,-0.261661018913828,32,0.46875,1.7851428746756508,2.023161924632404,0.01134442396817207,1.4199728638357103,22.0,0.043556270494338925,4.335828744663738,0.624561741834067,0.5
spot,BTCUSDT,4h,C6_donchian_ATR_trail,"{""n"": 100, ""trail"": 4.0}",opt,0.001,0.5153535750335665,0.9118870521753252,-0.93673061760841,0.05007089481528415,0.4023506740225752,0.6792245709714827,-0.22775891197180642,32,0.53125,1.8947494054110108,1.6718377106567743,0.016118024492105212,2.0848069123889723,38.3125,0.07585225515065272,4.335828744663738,0.6904808757960748,0.5
spot,BTCUSDT,4h,C6_donchian_ATR_trail,"{""n"": 100, ""trail"": 4.0}",real,0.0012,0.5153535750335665,0.9118870521753252,-0.93673061760841,0.048251299926102,0.39039362909095165,0.6571524195475293,-0.23084171035720835,32,0.53125,1.8947494054110112,1.6718377106567746,0.016118024492105212,2.0848069123889714,38.3125,0.07585225515065272,4.335828744663738,0.6904808757960748,0.5
spot,BTCUSDT,4h,C6_donchian_ATR_trail,"{""n"": 100, ""trail"": 4.0}",stress,0.0024,0.5153535750335665,0.9118870521753252,-0.93673061760841,0.037399730559278366,0.3191796128312914,0.5282438123856794,-0.24910201064553428,32,0.53125,1.8947494054110108,1.6718377106567743,0.016118024492105212,2.0848069123889723,38.3125,0.07585225515065272,4.335828744663738,0.6904808757960748,0.5
spot,BTCUSDT,4h,C4_donchian_HTF,"{""n"": 100}",opt,0.001,0.5153535750335665,0.9118870521753252,-0.93673061760841,0.1319220089888169,0.8174060538513264,1.42706152102532,-0.28643094824563997,12,0.5,5.928580795819394,5.928580795819393,0.09588215062271666,1.183472188236626,144.83333333333334,0.10752954278289921,1.6259357792489018,0.9828805400253589,0.25
spot,BTCUSDT,4h,C4_donchian_HTF,"{""n"": 100}",real,0.0012,0.5153535750335665,0.9118870521753252,-0.93673061760841,0.13118607444079267,0.813424308041573,1.4190299062011225,-0.2884261494262106,12,0.5,5.928580795819392,5.928580795819392,0.09588215062271666,1.1834721882366257,144.83333333333334,0.10752954278289921,1.6259357792489018,0.9828805400253587,0.25
spot,BTCUSDT,4h,C4_donchian_HTF,"{""n"": 100}",stress,0.0024,0.5153535750335665,0.9118870521753252,-0.93673061760841,0.12678049486849563,0.7895107413377442,1.3710008727147358,-0.3002807722949491,12,0.5,5.928580795819392,5.928580795819392,0.09588215062271666,1.1834721882366257,144.83333333333334,0.10752954278289921,1.6259357792489018,0.9828805400253589,0.25
spot,BTCUSDT,4h,C2_donchian_voltarget,"{""n"": 20, ""vol_target"": 0.2}",opt,0.001,0.5153535750335665,0.9118870521753252,-0.93673061760841,0.09147354015391418,0.7873111978778881,1.8363285927716992,-0.17596565713296897,148,0.42567567567567566,1.267460814500704,1.5893556245326288,0.005467080837105654,0.8790907134368494,19.93243243243243,0.17540060632308357,20.05320794406979,0.24841653258695698,0.625
spot,BTCUSDT,4h,C2_donchian_voltarget,"{""n"": 20, ""vol_target"": 0.2}",real,0.0012,0.5153535750335665,0.9118870521753252,-0.93673061760841,0.0880381096642806,0.7605310739591372,1.7620636189825754,-0.17997767706626566,148,0.42567567567567566,1.267460814500704,1.5893556245326288,0.005467080837105656,0.879090713436849,19.93243243243243,0.17540060632308357,20.05320794406979,0.2484165325869569,0.625
spot,BTCUSDT,4h,C2_donchian_voltarget,"{""n"": 20, ""vol_target"": 0.2}",stress,0.0024,0.5153535750335665,0.9118870521753252,-0.93673061760841,0.06766464159903829,0.6005892901543498,1.337928532951461,-0.20750978064716274,148,0.42567567567567566,1.267460814500704,1.5893556245326288,0.005467080837105654,0.8790907134368494,19.93243243243243,0.17540060632308357,20.05320794406979,0.24841653258695698,0.625
spot,BTCUSDT,4h,C2_donchian_voltarget,"{""n"": 50, ""vol_target"": 0.2}",opt,0.001,0.5153535750335665,0.9118870521753252,-0.93673061760841,0.05296441311549849,0.6596094171700346,1.458576131780383,-0.11790583424812506,70,0.42857142857142855,1.511176980905312,2.0149026412070827,0.008396317324836417,1.2402275431347836,18.37142857142857,0.0795644372950566,9.484625378951927,0.41752883371290367,0.5
spot,BTCUSDT,4h,C2_donchian_voltarget,"{""n"": 50, ""vol_target"": 0.2}",real,0.0012,0.5153535750335665,0.9118870521753252,-0.93673061760841,0.05125874331056579,0.6395977821321581,1.4054357860567135,-0.11982037807848067,70,0.42857142857142855,1.511176980905312,2.0149026412070827,0.008396317324836417,1.2402275431347836,18.37142857142857,0.0795644372950566,9.484625378951927,0.41752883371290367,0.5
spot,BTCUSDT,4h,C2_donchian_voltarget,"{""n"": 50, ""vol_target"": 0.2}",stress,0.0024,0.5153535750335665,0.9118870521753252,-0.93673061760841,0.04108937760533293,0.5202513413517307,1.1016579058816725,-0.13121217802683904,70,0.42857142857142855,1.511176980905312,2.0149026412070827,0.008396317324836417,1.2402275431347836,18.37142857142857,0.0795644372950566,9.484625378951927,0.41752883371290367,0.5
spot,BTCUSDT,4h,C2_donchian_voltarget,"{""n"": 100, ""vol_target"": 0.2}",opt,0.001,0.5153535750335665,0.9118870521753252,-0.93673061760841,0.042163072087475495,0.7419912383546796,1.7343085599053294,-0.06625495797948489,32,0.46875,1.785142874675651,2.0231619246324044,0.011344423968172066,1.4199728638357099,22.0,0.043556270494338925,4.335828744663738,0.624561741834067,0.625
spot,BTCUSDT,4h,C2_donchian_voltarget,"{""n"": 100, ""vol_target"": 0.2}",real,0.0012,0.5153535750335665,0.9118870521753252,-0.93673061760841,0.04137372223722635,0.7282365212200955,1.6903495980335517,-0.06699150345755311,32,0.46875,1.785142874675651,2.0231619246324044,0.011344423968172068,1.4199728638357099,22.0,0.043556270494338925,4.335828744663738,0.624561741834067,0.625
spot,BTCUSDT,4h,C2_donchian_voltarget,"{""n"": 100, ""vol_target"": 0.2}",stress,0.0024,0.5153535750335665,0.9118870521753252,-0.93673061760841,0.036653239876947685,0.6460119745134394,1.4394044985248873,-0.07139492242872836,32,0.46875,1.785142874675651,2.0231619246324044,0.011344423968172068,1.4199728638357105,22.0,0.043556270494338925,4.335828744663738,0.624561741834067,0.625
spot,BTCUSDT,1D,A1_price_slowMA,"{""slow"": 150}",opt,0.001,0.5262985144143648,1.1312285351614524,-0.9391585412574714,0.1966032229882031,0.7444148104720666,1.266928991521154,-0.3339336662730811,12,0.3333333333333333,12.1165435452002,24.2330870904004,0.15716466017583516,2.1599240892002203,37.166666666666664,0.16592427616926503,1.6258351893095768,0.99521927191257,0.375
spot,BTCUSDT,1D,A1_price_slowMA,"{""slow"": 150}",real,0.0012,0.5262985144143648,1.1312285351614524,-0.9391585412574714,0.1958252831810734,0.7422398524598196,1.263110968635985,-0.3339336662730811,12,0.3333333333333333,12.116543545200203,24.233087090400407,0.1571646601758352,2.1599240892002207,37.166666666666664,0.16592427616926503,1.6258351893095768,0.99521927191257,0.375
spot,BTCUSDT,1D,A1_price_slowMA,"{""slow"": 150}",stress,0.0024,0.5262985144143648,1.1312285351614524,-0.9391585412574714,0.1911682437550024,0.7291784440492347,1.240164667516224,-0.3339336662730811,12,0.3333333333333333,12.116543545200203,24.233087090400407,0.1571646601758352,2.1599240892002207,37.166666666666664,0.16592427616926503,1.6258351893095768,0.99521927191257,0.25
spot,BTCUSDT,1D,A1_price_slowMA,"{""slow"": 200}",opt,0.001,0.5262985144143648,1.1312285351614524,-0.9391585412574714,0.19392701626391262,0.7746710403174947,1.2993759450602425,-0.29564512406782595,7,0.5714285714285714,28.273667743385264,21.20525080753895,0.25093116949681454,1.4835598585871397,62.714285714285715,0.1633259094283593,0.9484038604305866,0.990508329838856,0.25
spot,BTCUSDT,1D,A1_price_slowMA,"{""slow"": 200}",real,0.0012,0.5262985144143648,1.1312285351614524,-0.9391585412574714,0.19347417161929492,0.773316808614415,1.2970340728262255,-0.29564512406782584,7,0.5714285714285714,28.273667743385264,21.20525080753895,0.25093116949681454,1.4835598585871392,62.714285714285715,0.1633259094283593,0.9484038604305866,0.9905083298388558,0.25
spot,BTCUSDT,1D,A1_price_slowMA,"{""slow"": 200}",stress,0.0024,0.5262985144143648,1.1312285351614524,-0.9391585412574714,0.19076070260290412,0.7651797113480524,1.2829524646752022,-0.29564512406782595,7,0.5714285714285714,28.273667743385264,21.20525080753895,0.25093116949681454,1.4835598585871392,62.714285714285715,0.1633259094283593,0.9484038604305866,0.9905083298388558,0.25
spot,BTCUSDT,1D,A1_price_slowMA,"{""slow"": 250}",opt,0.001,0.5262985144143648,1.1312285351614524,-0.9391585412574714,0.11926479986445004,0.5524318060066064,0.8933893487643565,-0.356863259190339,12,0.25,6.830158200870643,20.490474602611926,0.08891916439960224,1.3749539822456471,35.75,0.15961395694135114,1.6258351893095768,0.9942073967381697,0.25
spot,BTCUSDT,1D,A1_price_slowMA,"{""slow"": 250}",real,0.0012,0.5262985144143648,1.1312285351614524,-0.9391585412574714,0.11853713957923118,0.5500190380810225,0.8893872173511401,-0.3589180098995036,12,0.25,6.830158200870643,20.490474602611926,0.08891916439960224,1.3749539822456476,35.75,0.15961395694135114,1.6258351893095768,0.9942073967381695,0.25
spot,BTCUSDT,1D,A1_price_slowMA,"{""slow"": 250}",stress,0.0024,0.5262985144143648,1.1312285351614524,-0.9391585412574714,0.11418109222698902,0.535527774793119,0.8653357765070162,-0.37110941308314094,12,0.25,6.830158200870644,20.49047460261193,0.08891916439960224,1.3749539822456474,35.75,0.15961395694135114,1.6258351893095768,0.9942073967381697,0.25
spot,BTCUSDT,1D,A2_dual_MA,"{""fast"": 10, ""slow"": 50}",opt,0.001,0.5262985144143648,1.1312285351614524,-0.9391585412574714,0.6470468334186499,0.8818063420258487,3.3620096167914846,-0.8261794730633111,29,0.4482758620689655,6.398147592596208,7.874643190887641,0.24820743155482256,3.390006941492158,48.58620689655172,0.5233853006681515,3.9291017074981442,0.8587351369906082,0.75
spot,BTCUSDT,1D,A2_dual_MA,"{""fast"": 10, ""slow"": 50}",real,0.0012,0.5262985144143648,1.1312285351614524,-0.9391585412574714,0.6444602975550169,0.8812997148592716,3.3599013170702325,-0.8261794730633111,29,0.4482758620689655,6.398147592596207,7.874643190887639,0.24820743155482256,3.390006941492158,48.58620689655172,0.5233853006681515,3.9291017074981442,0.8587351369906083,0.75
spot,BTCUSDT,1D,A2_dual_MA,"{""fast"": 10, ""slow"": 50}",stress,0.0024,0.5262985144143648,1.1312285351614524,-0.9391585412574714,0.6290261267470831,0.8782604225491372,3.3472379493667592,-0.8261794730633111,29,0.4482758620689655,6.398147592596208,7.874643190887641,0.24820743155482258,3.390006941492158,48.58620689655172,0.5233853006681515,3.9291017074981442,0.8587351369906083,0.75
spot,BTCUSDT,1D,A2_dual_MA,"{""fast"": 10, ""slow"": 75}",opt,0.001,0.5262985144143648,1.1312285351614524,-0.9391585412574714,0.5432508499117963,0.866852118408473,3.345911046468964,-0.8319060951631931,25,0.4,6.156724385095634,9.235086577643452,0.2560806775634543,3.299793923460416,57.68,0.5356347438752784,3.387156644394952,0.9110563755909092,0.75
spot,BTCUSDT,1D,A2_dual_MA,"{""fast"": 10, ""slow"": 75}",real,0.0012,0.5262985144143648,1.1312285351614524,-0.9391585412574714,0.5411613702270917,0.8664246830948953,3.344239890426878,-0.8319060951631931,25,0.4,6.156724385095634,9.235086577643452,0.2560806775634543,3.299793923460416,57.68,0.5356347438752784,3.387156644394952,0.9110563755909092,0.75
spot,BTCUSDT,1D,A2_dual_MA,"{""fast"": 10, ""slow"": 75}",stress,0.0024,0.5262985144143648,1.1312285351614524,-0.9391585412574714,0.5286837414952579,0.8638613926656956,3.3342006811571485,-0.8319060951631931,25,0.4,6.156724385095634,9.235086577643452,0.2560806775634543,3.2997939234604146,57.68,0.5356347438752784,3.387156644394952,0.9110563755909091,0.75
spot,BTCUSDT,1D,A2_dual_MA,"{""fast"": 10, ""slow"": 100}",opt,0.001,0.5262985144143648,1.1312285351614524,-0.9391585412574714,0.46058031991932524,0.8444272871895165,3.8900146981726667,-0.8619177349587102,17,0.47058823529411764,7.15867951554647,8.053514454989779,0.3598039807979513,3.1680531901905153,84.05882352941177,0.5308092056421678,2.3032665181885674,0.9721275659460434,0.75
spot,BTCUSDT,1D,A2_dual_MA,"{""fast"": 10, ""slow"": 100}",real,0.0012,0.5262985144143648,1.1312285351614524,-0.9391585412574714,0.45923529567316557,0.8441911648696867,3.888912607122047,-0.8619177349587102,17,0.47058823529411764,7.158679515546471,8.053514454989779,0.3598039807979513,3.168053190190514,84.05882352941177,0.5308092056421678,2.3032665181885674,0.9721275659460434,0.75
spot,BTCUSDT,1D,A2_dual_MA,"{""fast"": 10, ""slow"": 100}",stress,0.0024,0.5262985144143648,1.1312285351614524,-0.9391585412574714,0.45119110391281625,0.842775212569458,3.882289863048678,-0.8619177349587102,17,0.47058823529411764,7.158679515546471,8.053514454989779,0.3598039807979513,3.168053190190514,84.05882352941177,0.5308092056421678,2.3032665181885674,0.9721275659460434,0.75
spot,BTCUSDT,1D,A2_dual_MA,"{""fast"": 20, ""slow"": 50}",opt,0.001,0.5262985144143648,1.1312285351614524,-0.9391585412574714,0.6230768737741958,0.8950149857132047,3.356997121657912,-0.8223638222571765,20,0.45,6.446233855520007,7.878730267857787,0.36074618771546074,2.5486251312201564,71.85,0.5337787676317743,2.7097253155159615,0.903243337042332,0.75
spot,BTCUSDT,1D,A2_dual_MA,"{""fast"": 20, ""slow"": 50}",real,0.0012,0.5262985144143648,1.1312285351614524,-0.9391585412574714,0.6213185877098422,0.8946673918997702,3.355653368562115,-0.8223638222571765,20,0.45,6.446233855520007,7.878730267857787,0.3607461877154608,2.548625131220156,71.85,0.5337787676317743,2.7097253155159615,0.9032433370423321,0.75
spot,BTCUSDT,1D,A2_dual_MA,"{""fast"": 20, ""slow"": 50}",stress,0.0024,0.5262985144143648,1.1312285351614524,-0.9391585412574714,0.6108087766277572,0.8925828857904374,3.3475806913249015,-0.8223638222571765,20,0.45,6.446233855520006,7.878730267857785,0.36074618771546074,2.548625131220156,71.85,0.5337787676317743,2.7097253155159615,0.903243337042332,0.75
spot,BTCUSDT,1D,A2_dual_MA,"{""fast"": 20, ""slow"": 75}",opt,0.001,0.5262985144143648,1.1312285351614524,-0.9391585412574714,0.5849492152163631,0.8788620567549583,4.085744258040985,-0.8644121116791191,13,0.5384615384615384,9.174522281699673,7.863876241456863,0.5325660483232005,2.6730266904140922,111.15384615384616,0.5367483296213809,1.761321455085375,0.9432164636985385,0.75
spot,BTCUSDT,1D,A2_dual_MA,"{""fast"": 20, ""slow"": 75}",real,0.0012,0.5262985144143648,1.1312285351614524,-0.9391585412574714,0.5838329651000149,0.8786869551315162,4.084921712065887,-0.8644121116791191,13,0.5384615384615384,9.174522281699673,7.863876241456863,0.5325660483232005,2.6730266904140922,111.15384615384616,0.5367483296213809,1.761321455085375,0.9432164636985385,0.75
spot,BTCUSDT,1D,A2_dual_MA,"{""fast"": 20, ""slow"": 75}",stress,0.0024,0.5262985144143648,1.1312285351614524,-0.9391585412574714,0.5771519399613991,0.8776369240020109,4.079979018794479,-0.8644121116791191,13,0.5384615384615384,9.174522281699675,7.863876241456865,0.5325660483232006,2.6730266904140922,111.15384615384616,0.5367483296213809,1.761321455085375,0.9432164636985384,0.75
spot,BTCUSDT,1D,A2_dual_MA,"{""fast"": 20, ""slow"": 100}",opt,0.001,0.5262985144143648,1.1312285351614524,-0.9391585412574714,0.33449431196708557,0.8112876330524362,3.698081343968136,-0.8611770349980339,13,0.5384615384615384,5.672194607307709,4.861881091978036,0.3644582750945124,2.5097576702204356,107.76923076923077,0.520415738678545,1.761321455085375,0.9837765664934613,0.75
spot,BTCUSDT,1D,A2_dual_MA,"{""fast"": 20, ""slow"": 100}",real,0.0012,0.5262985144143648,1.1312285351614524,-0.9391585412574714,0.3335544525591638,0.8111044881911049,3.6972338961294797,-0.8611770349980338,13,0.5384615384615384,5.67219460730771,4.861881091978037,0.3644582750945124,2.5097576702204365,107.76923076923077,0.520415738678545,1.761321455085375,0.9837765664934613,0.75
spot,BTCUSDT,1D,A2_dual_MA,"{""fast"": 20, ""slow"": 100}",stress,0.0024,0.5262985144143648,1.1312285351614524,-0.9391585412574714,0.32792916819043105,0.8100062301413188,3.6921431604422112,-0.8611770349980338,13,0.5384615384615384,5.672194607307711,4.861881091978038,0.3644582750945124,2.5097576702204356,107.76923076923077,0.520415738678545,1.761321455085375,0.9837765664934611,0.75
spot,BTCUSDT,1D,A2_dual_MA,"{""fast"": 30, ""slow"": 50}",opt,0.001,0.5262985144143648,1.1312285351614524,-0.9391585412574714,0.6432308085405956,0.8996830065420088,3.4078812088437926,-0.8223638222571766,19,0.42105263157894735,6.904436191684303,9.493599763565918,0.3820661578305442,2.1422855562945227,75.57894736842105,0.5334075723830735,2.5742390497401635,0.9208919057900724,0.75
spot,BTCUSDT,1D,A2_dual_MA,"{""fast"": 30, ""slow"": 50}",real,0.0012,0.5262985144143648,1.1312285351614524,-0.9391585412574714,0.6415396497614416,0.8993532962156585,3.4066213202266398,-0.8223638222571765,19,0.42105263157894735,6.904436191684303,9.493599763565918,0.38206615783054415,2.1422855562945218,75.57894736842105,0.5334075723830735,2.5742390497401635,0.9208919057900723,0.75
spot,BTCUSDT,1D,A2_dual_MA,"{""fast"": 30, ""slow"": 50}",stress,0.0024,0.5262985144143648,1.1312285351614524,-0.9391585412574714,0.6314291629982431,0.8973760346048145,3.3990512388632284,-0.8223638222571765,19,0.42105263157894735,6.904436191684303,9.493599763565918,0.38206615783054415,2.1422855562945218,75.57894736842105,0.5334075723830735,2.5742390497401635,0.9208919057900723,0.75
spot,BTCUSDT,1D,A2_dual_MA,"{""fast"": 30, ""slow"": 75}",opt,0.001,0.5262985144143648,1.1312285351614524,-0.9391585412574714,0.42795512849686945,0.8545538767306421,3.779932301604267,-0.8588662209988203,12,0.5833333333333334,6.663972445688864,4.759980318349188,0.4507004149864154,2.1029683798794157,117.91666666666667,0.5256124721603563,1.6258351893095768,0.9604024914042837,0.75
spot,BTCUSDT,1D,A2_dual_MA,"{""fast"": 30, ""slow"": 75}",real,0.0012,0.5262985144143648,1.1312285351614524,-0.9391585412574714,0.427026781392406,0.8543855832129293,3.7791735046759234,-0.8588662209988203,12,0.5833333333333334,6.663972445688864,4.759980318349189,0.4507004149864154,2.1029683798794157,117.91666666666667,0.5256124721603563,1.6258351893095768,0.9604024914042837,0.75
spot,BTCUSDT,1D,A2_dual_MA,"{""fast"": 30, ""slow"": 75}",stress,0.0024,0.5262985144143648,1.1312285351614524,-0.9391585412574714,0.4214693474792135,0.8533763752959878,3.774613190961358,-0.8588662209988203,12,0.5833333333333334,6.663972445688864,4.759980318349189,0.4507004149864154,2.1029683798794157,117.91666666666667,0.5256124721603563,1.6258351893095768,0.9604024914042837,0.75
spot,BTCUSDT,1D,A2_dual_MA,"{""fast"": 30, ""slow"": 100}",opt,0.001,0.5262985144143648,1.1312285351614524,-0.9391585412574714,0.32941774092529474,0.8101032200633624,3.663211534521909,-0.8604495477782147,10,0.6,6.209998330072783,4.139998886715189,0.46067171160315573,2.310468848310873,139.4,0.5178173719376392,1.3548626577579808,0.9952296485979287,0.75
spot,BTCUSDT,1D,A2_dual_MA,"{""fast"": 30, ""slow"": 100}",real,0.0012,0.5262985144143648,1.1312285351614524,-0.9391585412574714,0.3286974638627904,0.8099616423123474,3.662563056051032,-0.8604495477782147,10,0.6,6.209998330072783,4.139998886715189,0.46067171160315573,2.310468848310873,139.4,0.5178173719376392,1.3548626577579808,0.9952296485979287,0.75
spot,BTCUSDT,1D,A2_dual_MA,"{""fast"": 30, ""slow"": 100}",stress,0.0024,0.5262985144143648,1.1312285351614524,-0.9391585412574714,0.3243839799986239,0.8091126468926597,3.6586670383755076,-0.8604495477782147,10,0.6,6.209998330072783,4.139998886715189,0.46067171160315573,2.310468848310873,139.4,0.5178173719376392,1.3548626577579808,0.9952296485979287,0.75
spot,BTCUSDT,1D,A3_MA_slope,"{""ma"": 50}",opt,0.001,0.5262985144143648,1.1312285351614524,-0.9391585412574714,0.31064996780746124,0.6398438132748765,1.4081551413948665,-0.661670154837075,33,0.45454545454545453,3.310449078349026,3.972538894018831,0.10019056994748667,3.064700322871253,26.0,0.3188567186340015,4.471046770601337,0.758485537486141,0.75
spot,BTCUSDT,1D,A3_MA_slope,"{""ma"": 50}",real,0.0012,0.5262985144143648,1.1312285351614524,-0.9391585412574714,0.30830806881576334,0.6376183003385559,1.4031796855463319,-0.6616701548370749,33,0.45454545454545453,3.310449078349026,3.972538894018831,0.10019056994748667,3.064700322871253,26.0,0.3188567186340015,4.471046770601337,0.7584855374861411,0.75
spot,BTCUSDT,1D,A3_MA_slope,"{""ma"": 50}",stress,0.0024,0.5262985144143648,1.1312285351614524,-0.9391585412574714,0.2943442595395862,0.6242675007811209,1.3733042952365175,-0.661670154837075,33,0.45454545454545453,3.310449078349026,3.972538894018831,0.10019056994748665,3.064700322871254,26.0,0.3188567186340015,4.471046770601337,0.758485537486141,0.75
spot,BTCUSDT,1D,A3_MA_slope,"{""ma"": 75}",opt,0.001,0.5262985144143648,1.1312285351614524,-0.9391585412574714,0.3406854485670294,0.7467203806321422,1.4989618323204421,-0.5445639507796296,18,0.3333333333333333,7.092249050738354,14.18449810147671,0.18048529401841545,1.8037160042197764,37.0,0.2475872308834447,2.4387527839643655,0.9598422467643998,0.75
spot,BTCUSDT,1D,A3_MA_slope,"{""ma"": 75}",real,0.0012,0.5262985144143648,1.1312285351614524,-0.9391585412574714,0.33937824452607024,0.7450860827222586,1.4955870063594148,-0.5445639507796296,18,0.3333333333333333,7.092249050738353,14.184498101476706,0.18048529401841545,1.8037160042197764,37.0,0.2475872308834447,2.4387527839643655,0.9598422467643998,0.75
spot,BTCUSDT,1D,A3_MA_slope,"{""ma"": 75}",stress,0.0024,0.5262985144143648,1.1312285351614524,-0.9391585412574714,0.3315617258310597,0.7352784534853525,1.4753123437144706,-0.5445639507796296,18,0.3333333333333333,7.092249050738351,14.184498101476704,0.1804852940184154,1.8037160042197766,37.0,0.2475872308834447,2.4387527839643655,0.9598422467644,0.75
spot,BTCUSDT,1D,A3_MA_slope,"{""ma"": 100}",opt,0.001,0.5262985144143648,1.1312285351614524,-0.9391585412574714,0.22292191254997884,0.6877446280344679,1.2077358573818961,-0.4066276583362952,13,0.5384615384615384,6.876051918588644,5.893758787361694,0.16067372410848313,1.517617346375066,39.76923076923077,0.19227913882702302,1.761321455085375,0.9888210220711476,0.5
spot,BTCUSDT,1D,A3_MA_slope,"{""ma"": 100}",real,0.0012,0.5262985144143648,1.1312285351614524,-0.9391585412574714,0.22206063149815503,0.6859925756798617,1.2045836982155003,-0.4066276583362951,13,0.5384615384615384,6.876051918588644,5.893758787361694,0.16067372410848313,1.517617346375066,39.76923076923077,0.19227913882702302,1.761321455085375,0.9888210220711476,0.5
spot,BTCUSDT,1D,A3_MA_slope,"{""ma"": 100}",stress,0.0024,0.5262985144143648,1.1312285351614524,-0.9391585412574714,0.21690565747004698,0.6754759867040088,1.185645643824232,-0.4066276583362952,13,0.5384615384615384,6.876051918588644,5.893758787361694,0.16067372410848313,1.5176173463750657,39.76923076923077,0.19227913882702302,1.761321455085375,0.9888210220711476,0.5
spot,BTCUSDT,1D,A3_MA_slope,"{""ma"": 150}",opt,0.001,0.5262985144143648,1.1312285351614524,-0.9391585412574714,0.13699510632873357,0.6632062010052706,1.0691389657062114,-0.2979040449460155,8,0.5,7.846866456270893,7.846866456270893,0.17344572762453986,2.3629713174805604,54.0,0.1607275426874536,1.0838901262063847,0.981445446242283,0.25
spot,BTCUSDT,1D,A3_MA_slope,"{""ma"": 150}",real,0.0012,0.5262985144143648,1.1312285351614524,-0.9391585412574714,0.13650226146868616,0.6613526826340034,1.0660905985363867,-0.2991668366659188,8,0.5,7.846866456270893,7.846866456270893,0.17344572762453986,2.3629713174805604,54.0,0.1607275426874536,1.0838901262063847,0.981445446242283,0.25
spot,BTCUSDT,1D,A3_MA_slope,"{""ma"": 150}",stress,0.0024,0.5262985144143648,1.1312285351614524,-0.9391585412574714,0.1335496689649327,0.6502193047415809,1.0477616069070819,-0.30669663168576855,8,0.5,7.846866456270893,7.846866456270893,0.17344572762453986,2.3629713174805604,54.0,0.1607275426874536,1.0838901262063847,0.981445446242283,0.25
spot,BTCUSDT,1D,A3_MA_slope,"{""ma"": 200}",opt,0.001,0.5262985144143648,1.1312285351614524,-0.9391585412574714,0.1585091911112937,0.7655082255856362,1.2480194805314881,-0.261513750538678,7,0.8571428571428571,33.24391613477065,5.540652689128442,0.21317624011337802,2.2598606266801293,63.142857142857146,0.16443949517446177,0.9484038604305866,0.9952757146728614,0.25
spot,BTCUSDT,1D,A3_MA_slope,"{""ma"": 200}",real,0.0012,0.5262985144143648,1.1312285351614524,-0.9391585412574714,0.1580697800955546,0.7637970227376878,1.2451060028530236,-0.261513750538678,7,0.8571428571428571,33.24391613477065,5.540652689128442,0.21317624011337802,2.2598606266801293,63.142857142857146,0.16443949517446177,0.9484038604305866,0.9952757146728614,0.25
spot,BTCUSDT,1D,A3_MA_slope,"{""ma"": 200}",stress,0.0024,0.5262985144143648,1.1312285351614524,-0.9391585412574714,0.1554368060925695,0.753516992484696,1.2275770413461162,-0.26151375053867787,7,0.8571428571428571,33.24391613477065,5.540652689128443,0.21317624011337796,2.2598606266801298,63.142857142857146,0.16443949517446177,0.9484038604305866,0.9952757146728614,0.25
spot,BTCUSDT,1D,A3_MA_slope,"{""ma"": 250}",opt,0.001,0.5262985144143648,1.1312285351614524,-0.9391585412574714,0.13175131874968748,0.6638036283658587,1.067320658030956,-0.2615137505386781,2,1.0,,,0.6758354464347703,,212.0,0.15775798069784708,0.2709725315515962,1.0,0.25
spot,BTCUSDT,1D,A3_MA_slope,"{""ma"": 250}",real,0.0012,0.5262985144143648,1.1312285351614524,-0.9391585412574714,0.13162865584066097,0.6633298657470565,1.0665144416520704,-0.261513750538678,2,1.0,,,0.6758354464347703,,212.0,0.15775798069784708,0.2709725315515962,1.0,0.25
spot,BTCUSDT,1D,A3_MA_slope,"{""ma"": 250}",stress,0.0024,0.5262985144143648,1.1312285351614524,-0.9391585412574714,0.13089295594403505,0.6604826631671975,1.0616689501469692,-0.261513750538678,2,1.0,,,0.6758354464347703,,212.0,0.15775798069784708,0.2709725315515962,1.0,0.25
spot,BTCUSDT,1D,A4_MA_distance_capped,"{""cap_atr"": 4, ""slow"": 150}",opt,0.001,0.5262985144143648,1.1312285351614524,-0.9391585412574714,0.07387957114328558,0.6473395131547126,1.229155242893332,-0.1918167722111438,27,0.6296296296296297,3.28249714381513,1.9308806728324293,0.02325771724572452,0.6326704260339513,5.666666666666667,0.05679287305122494,3.658129175946548,0.6417370665527025,0.25
spot,BTCUSDT,1D,A4_MA_distance_capped,"{""cap_atr"": 4, ""slow"": 150}",real,0.0012,0.5262985144143648,1.1312285351614524,-0.9391585412574714,0.07230936224739826,0.6354742001785604,1.2054613999494423,-0.19310883301901993,27,0.6296296296296297,3.28249714381513,1.9308806728324293,0.023257717245724525,0.6326704260339515,5.666666666666667,0.05679287305122494,3.658129175946548,0.6417370665527025,0.25
spot,BTCUSDT,1D,A4_MA_distance_capped,"{""cap_atr"": 4, ""slow"": 150}",stress,0.0024,0.5262985144143648,1.1312285351614524,-0.9391585412574714,0.06293618611458474,0.5638973560591678,1.06292261534575,-0.20081795115151524,27,0.6296296296296297,3.28249714381513,1.9308806728324293,0.023257717245724525,0.6326704260339516,5.666666666666667,0.05679287305122494,3.658129175946548,0.6417370665527025,0.25
spot,BTCUSDT,1D,A4_MA_distance_capped,"{""cap_atr"": 4, ""slow"": 200}",opt,0.001,0.5262985144143648,1.1312285351614524,-0.9391585412574714,0.10975977776297463,0.9231352822164258,1.9898010404904944,-0.17255112608576129,22,0.8181818181818182,5.68220903332196,1.2627131185159912,0.03936286141133744,-0.30259846120862166,5.136363636363637,0.04194506310319228,2.9806978470675576,0.5640154465306008,0.25
spot,BTCUSDT,1D,A4_MA_distance_capped,"{""cap_atr"": 4, ""slow"": 200}",real,0.0012,0.5262985144143648,1.1312285351614524,-0.9391585412574714,0.10843742119210353,0.9135159336689477,1.966293165085584,-0.17370892717550512,22,0.8181818181818182,5.682209033321963,1.2627131185159919,0.03936286141133744,-0.30259846120862166,5.136363636363637,0.04194506310319228,2.9806978470675576,0.5640154465306005,0.25
spot,BTCUSDT,1D,A4_MA_distance_capped,"{""cap_atr"": 4, ""slow"": 200}",stress,0.0024,0.5262985144143648,1.1312285351614524,-0.9391585412574714,0.10053628852252028,0.8554051482000776,1.8244050180530726,-0.18062249508133843,22,0.8181818181818182,5.682209033321962,1.2627131185159917,0.03936286141133744,-0.3025984612086211,5.136363636363637,0.04194506310319228,2.9806978470675576,0.5640154465306007,0.25
spot,BTCUSDT,1D,A4_MA_distance_capped,"{""cap_atr"": 4, ""slow"": 250}",opt,0.001,0.5262985144143648,1.1312285351614524,-0.9391585412574714,0.043878648299587875,0.4116879893151456,0.6880262569739793,-0.2977182594699903,23,0.5217391304347826,1.9502074207593474,1.7876901356960684,0.01949224969404187,-0.06788695589949527,5.869565217391305,0.05011135857461024,3.1161841128433556,0.7411214185774698,0.25
spot,BTCUSDT,1D,A4_MA_distance_capped,"{""cap_atr"": 4, ""slow"": 250}",real,0.0012,0.5262985144143648,1.1312285351614524,-0.9391585412574714,0.04257829009747072,0.40152333869836154,0.6702227105040808,-0.3002419314627982,23,0.5217391304347826,1.9502074207593478,1.7876901356960686,0.01949224969404187,-0.06788695589949519,5.869565217391305,0.05011135857461024,3.1161841128433556,0.7411214185774696,0.25
spot,BTCUSDT,1D,A4_MA_distance_capped,"{""cap_atr"": 4, ""slow"": 250}",stress,0.0024,0.5262985144143648,1.1312285351614524,-0.9391585412574714,0.03481007067743347,0.34040827595035716,0.5638723365775996,-0.3151946848870093,23,0.5217391304347826,1.950207420759348,1.7876901356960693,0.01949224969404187,-0.06788695589949502,5.869565217391305,0.05011135857461024,3.1161841128433556,0.7411214185774697,0.25
spot,BTCUSDT,1D,B1_supertrend_flip,"{""mult"": 2.0, ""n"": 10}",opt,0.001,0.5262985144143648,1.1312285351614524,-0.9391585412574714,0.6616049391700594,1.0410930433587278,1.8563783824379827,-0.5406687188510221,52,0.4807692307692308,3.462892159961345,3.7399235327582523,0.10733157146533852,1.7102452885953945,24.903846153846153,0.4806978470675575,7.0452858203415,0.4961958060325445,0.75
spot,BTCUSDT,1D,B1_supertrend_flip,"{""mult"": 2.0, ""n"": 10}",real,0.0012,0.5262985144143648,1.1312285351614524,-0.9391585412574714,0.6569289326648422,1.0371354282908112,1.8491277205743355,-0.5433252329271044,52,0.4807692307692308,3.462892159961345,3.7399235327582523,0.10733157146533852,1.7102452885953945,24.903846153846153,0.4806978470675575,7.0452858203415,0.4961958060325445,0.75
spot,BTCUSDT,1D,B1_supertrend_flip,"{""mult"": 2.0, ""n"": 10}",stress,0.0024,0.5262985144143648,1.1312285351614524,-0.9391585412574714,0.6291478807577808,1.0133848066230486,1.8055896422390316,-0.5589451733554529,52,0.4807692307692308,3.4628921599613447,3.739923532758252,0.10733157146533852,1.710245288595395,24.903846153846153,0.4806978470675575,7.0452858203415,0.4961958060325446,0.75
spot,BTCUSDT,1D,B1_supertrend_flip,"{""mult"": 2.5, ""n"": 10}",opt,0.001,0.5262985144143648,1.1312285351614524,-0.9391585412574714,0.5841938499517565,0.8739097104554083,1.7807389697185658,-0.638474044049969,39,0.48717948717948717,4.20688917705955,4.42830439690479,0.14278340993777433,2.780949715198385,34.69230769230769,0.5022271714922049,5.283964365256125,0.6857428784890484,0.75
spot,BTCUSDT,1D,B1_supertrend_flip,"{""mult"": 2.5, ""n"": 10}",real,0.0012,0.5262985144143648,1.1312285351614524,-0.9391585412574714,0.5808490523565115,0.871783884973749,1.77630305879085,-0.6394849020914509,39,0.48717948717948717,4.20688917705955,4.42830439690479,0.1427834099377743,2.7809497151983855,34.69230769230769,0.5022271714922049,5.283964365256125,0.6857428784890484,0.75
spot,BTCUSDT,1D,B1_supertrend_flip,"{""mult"": 2.5, ""n"": 10}",stress,0.0024,0.5262985144143648,1.1312285351614524,-0.9391585412574714,0.5609280067697024,0.8590311044904183,1.7496706040712222,-0.6454909835694956,39,0.48717948717948717,4.206889177059549,4.428304396904789,0.14278340993777433,2.780949715198385,34.69230769230769,0.5022271714922049,5.283964365256125,0.6857428784890484,0.75
spot,BTCUSDT,1D,B1_supertrend_flip,"{""mult"": 3.0, ""n"": 10}",opt,0.001,0.5262985144143648,1.1312285351614524,-0.9391585412574714,0.4504123514602305,0.7847204892333839,1.5923476415797797,-0.6361011434512798,31,0.45161290322580644,3.5899052025191214,4.359170603058933,0.15533052075067907,2.41070236231186,43.903225806451616,0.5051967334818114,4.200074239049741,0.7340505686934077,0.75
spot,BTCUSDT,1D,B1_supertrend_flip,"{""mult"": 3.0, ""n"": 10}",real,0.0012,0.5262985144143648,1.1312285351614524,-0.9391585412574714,0.4479776584357402,0.7830216444797168,1.5888370379534293,-0.6369734545733445,31,0.45161290322580644,3.589905202519121,4.359170603058932,0.15533052075067907,2.41070236231186,43.903225806451616,0.5051967334818114,4.200074239049741,0.7340505686934077,0.75
spot,BTCUSDT,1D,B1_supertrend_flip,"{""mult"": 3.0, ""n"": 10}",stress,0.0024,0.5262985144143648,1.1312285351614524,-0.9391585412574714,0.43345505503641824,0.7728298527595129,1.567761702224894,-0.6421635955655982,31,0.45161290322580644,3.589905202519121,4.359170603058932,0.15533052075067907,2.4107023623118606,43.903225806451616,0.5051967334818114,4.200074239049741,0.7340505686934077,0.75
spot,BTCUSDT,1D,B1_supertrend_flip,"{""mult"": 2.0, ""n"": 14}",opt,0.001,0.5262985144143648,1.1312285351614524,-0.9391585412574714,0.582124531945974,0.9700793535196566,1.7030462137820308,-0.5749889629298806,51,0.45098039215686275,3.114622905661863,3.7917148416753124,0.10353509648406507,1.5845126046188989,25.686274509803923,0.4862657757980698,6.909799554565702,0.497516700023475,0.75
spot,BTCUSDT,1D,B1_supertrend_flip,"{""mult"": 2.0, ""n"": 14}",real,0.0012,0.5262985144143648,1.1312285351614524,-0.9391585412574714,0.5777576988613153,0.9662438152261584,1.6961429065198095,-0.5763468261561724,51,0.45098039215686275,3.114622905661863,3.7917148416753124,0.10353509648406507,1.5845126046188989,25.686274509803923,0.4862657757980698,6.909799554565702,0.49751670002347503,0.75
spot,BTCUSDT,1D,B1_supertrend_flip,"{""mult"": 2.0, ""n"": 14}",stress,0.0024,0.5262985144143648,1.1312285351614524,-0.9391585412574714,0.5518085954233627,0.9432268028803368,1.6546972722168793,-0.584403403523988,51,0.45098039215686275,3.114622905661863,3.7917148416753124,0.10353509648406507,1.584512604618898,25.686274509803923,0.4862657757980698,6.909799554565702,0.49751670002347503,0.75
spot,BTCUSDT,1D,B1_supertrend_flip,"{""mult"": 2.5, ""n"": 14}",opt,0.001,0.5262985144143648,1.1312285351614524,-0.9391585412574714,0.6194480008940197,0.8993119413960768,1.8307062094197082,-0.5753138433497138,38,0.47368421052631576,4.460982808015744,4.956647564461938,0.15046769818853914,2.6921102360740328,34.71052631578947,0.48960653303637713,5.148478099480327,0.6766419177221888,0.75
spot,BTCUSDT,1D,B1_supertrend_flip,"{""mult"": 2.5, ""n"": 14}",real,0.0012,0.5262985144143648,1.1312285351614524,-0.9391585412574714,0.6161163515874639,0.897199523003567,1.8262889790699033,-0.5763318692411566,38,0.47368421052631576,4.460982808015743,4.956647564461937,0.15046769818853914,2.6921102360740328,34.71052631578947,0.48960653303637713,5.148478099480327,0.676641917722189,0.75
spot,BTCUSDT,1D,B1_supertrend_flip,"{""mult"": 2.5, ""n"": 14}",stress,0.0024,0.5262985144143648,1.1312285351614524,-0.9391585412574714,0.5962698573632319,0.884526770628168,1.7997665420984301,-0.5823889947055734,38,0.47368421052631576,4.460982808015744,4.956647564461938,0.1504676981885391,2.6921102360740328,34.71052631578947,0.48960653303637713,5.148478099480327,0.6766419177221888,0.75
spot,BTCUSDT,1D,B1_supertrend_flip,"{""mult"": 3.0, ""n"": 14}",opt,0.001,0.5262985144143648,1.1312285351614524,-0.9391585412574714,0.5316208050528324,0.8411779695922234,1.7104602140848757,-0.5674126376203672,29,0.4482758620689655,4.341947327628244,5.343935172465531,0.1791116759180368,2.3365579280396074,47.206896551724135,0.508166295471418,3.9291017074981442,0.7277324186126353,0.75
spot,BTCUSDT,1D,B1_supertrend_flip,"{""mult"": 3.0, ""n"": 14}",real,0.0012,0.5262985144143648,1.1312285351614524,-0.9391585412574714,0.5292155351713848,0.839559443069281,1.7071142846794785,-0.5683633798358283,29,0.4482758620689655,4.341947327628244,5.343935172465531,0.1791116759180368,2.3365579280396074,47.206896551724135,0.508166295471418,3.9291017074981442,0.7277324186126353,0.75
spot,BTCUSDT,1D,B1_supertrend_flip,"{""mult"": 3.0, ""n"": 14}",stress,0.0024,0.5262985144143648,1.1312285351614524,-0.9391585412574714,0.5148630002959167,0.8298490886149765,1.687021978885394,-0.574024482957877,29,0.4482758620689655,4.341947327628244,5.343935172465531,0.17911167591803684,2.3365579280396074,47.206896551724135,0.508166295471418,3.9291017074981442,0.7277324186126354,0.75
spot,BTCUSDT,1D,B1_supertrend_flip,"{""mult"": 2.0, ""n"": 20}",opt,0.001,0.5262985144143648,1.1312285351614524,-0.9391585412574714,0.5751010650517532,0.962748890657742,1.6866036517447949,-0.5975081993531164,52,0.46153846153846156,3.078594052384733,3.5916930611155213,0.1010314916802128,1.6056458018280508,25.326923076923077,0.4888641425389755,7.0452858203415,0.4974757644812563,0.75
spot,BTCUSDT,1D,B1_supertrend_flip,"{""mult"": 2.0, ""n"": 20}",real,0.0012,0.5262985144143648,1.1312285351614524,-0.9391585412574714,0.5706684934741584,0.9588587868701547,1.679625344298078,-0.5987941161113022,52,0.46153846153846156,3.078594052384733,3.5916930611155213,0.1010314916802128,1.6056458018280508,25.326923076923077,0.4888641425389755,7.0452858203415,0.4974757644812563,0.75
spot,BTCUSDT,1D,B1_supertrend_flip,"{""mult"": 2.0, ""n"": 20}",stress,0.0024,0.5262985144143648,1.1312285351614524,-0.9391585412574714,0.5443337351838236,0.935513944742018,1.6377321112508116,-0.6064238152225936,52,0.46153846153846156,3.078594052384733,3.5916930611155213,0.1010314916802128,1.60564580182805,25.326923076923077,0.4888641425389755,7.0452858203415,0.49747576448125624,0.75
spot,BTCUSDT,1D,B1_supertrend_flip,"{""mult"": 2.5, ""n"": 20}",opt,0.001,0.5262985144143648,1.1312285351614524,-0.9391585412574714,0.5684999071923484,0.8623852399885413,1.7795580164449536,-0.5723604126368291,40,0.4,3.7163691536693677,5.574553730504052,0.13870224632376615,2.863910501713909,33.025,0.4903489235337788,5.419450631031923,0.6590102741313354,0.75
spot,BTCUSDT,1D,B1_supertrend_flip,"{""mult"": 2.5, ""n"": 20}",real,0.0012,0.5262985144143648,1.1312285351614524,-0.9391585412574714,0.5651034226926557,0.8601758669401207,1.7748859410197593,-0.5735561301465332,40,0.4,3.7163691536693677,5.574553730504052,0.1387022463237662,2.8639105017139075,33.025,0.4903489235337788,5.419450631031923,0.6590102741313356,0.75
spot,BTCUSDT,1D,B1_supertrend_flip,"{""mult"": 2.5, ""n"": 20}",stress,0.0024,0.5262985144143648,1.1312285351614524,-0.9391585412574714,0.5448783685285234,0.84692134565851,1.7468360968201622,-0.580660566668086,40,0.4,3.7163691536693677,5.574553730504052,0.13870224632376615,2.8639105017139084,33.025,0.4903489235337788,5.419450631031923,0.6590102741313353,0.75
spot,BTCUSDT,1D,B1_supertrend_flip,"{""mult"": 3.0, ""n"": 20}",opt,0.001,0.5262985144143648,1.1312285351614524,-0.9391585412574714,0.5409043696815381,0.8521524924712585,1.712384759292267,-0.5852525566526632,29,0.4827586206896552,4.183883569403763,4.482732395789746,0.18323400861093872,2.234652332041235,46.89655172413793,0.5048255382331106,3.9291017074981442,0.7141307549617393,0.75
spot,BTCUSDT,1D,B1_supertrend_flip,"{""mult"": 3.0, ""n"": 20}",real,0.0012,0.5262985144143648,1.1312285351614524,-0.9391585412574714,0.5384845208140121,0.8505151572738352,1.7090435594555302,-0.586164090223537,29,0.4827586206896552,4.183883569403765,4.482732395789748,0.18323400861093872,2.234652332041236,46.89655172413793,0.5048255382331106,3.9291017074981442,0.7141307549617393,0.75
spot,BTCUSDT,1D,B1_supertrend_flip,"{""mult"": 3.0, ""n"": 20}",stress,0.0024,0.5262985144143648,1.1312285351614524,-0.9391585412574714,0.5240449913739216,0.8406918469082628,1.6889801121609016,-0.5915917292407279,29,0.4827586206896552,4.183883569403763,4.482732395789746,0.18323400861093872,2.2346523320412355,46.89655172413793,0.5048255382331106,3.9291017074981442,0.7141307549617393,0.75
spot,BTCUSDT,1D,B3_supertrend_HTF,"{""mult"": 2.0, ""n"": 10}",opt,0.001,0.5262985144143648,1.1312285351614524,-0.9391585412574714,0.16750118009461956,0.8404168004286068,1.4191282975455166,-0.22255765157670448,13,0.6153846153846154,7.535216405400597,4.709510253375373,0.1090153442322371,1.1222081111160245,22.384615384615383,0.10801781737193764,1.761321455085375,0.9713590457348888,0.25
spot,BTCUSDT,1D,B3_supertrend_HTF,"{""mult"": 2.0, ""n"": 10}",real,0.0012,0.5262985144143648,1.1312285351614524,-0.9391585412574714,0.1666789308290877,0.8371052763773577,1.4131067916723854,-0.22255765157670448,13,0.6153846153846154,7.535216405400598,4.709510253375373,0.10901534423223709,1.1222081111160254,22.384615384615383,0.10801781737193764,1.761321455085375,0.9713590457348886,0.25
spot,BTCUSDT,1D,B3_supertrend_HTF,"{""mult"": 2.0, ""n"": 10}",stress,0.0024,0.5262985144143648,1.1312285351614524,-0.9391585412574714,0.16175757141978253,0.8171870805837839,1.3768776704827532,-0.22255765157670448,13,0.6153846153846154,7.535216405400598,4.709510253375373,0.10901534423223709,1.1222081111160254,22.384615384615383,0.10801781737193764,1.761321455085375,0.9713590457348886,0.25
spot,BTCUSDT,1D,B3_supertrend_HTF,"{""mult"": 2.5, ""n"": 10}",opt,0.001,0.5262985144143648,1.1312285351614524,-0.9391585412574714,0.1508363585376482,0.8273063409536194,1.3731989835250455,-0.26529786608348616,11,0.45454545454545453,6.958274503618353,8.349929404342022,0.1176243576186211,0.9042716587924617,29.454545454545453,0.12026726057906459,1.4903489235337788,1.0,0.25
spot,BTCUSDT,1D,B3_supertrend_HTF,"{""mult"": 2.5, ""n"": 10}",real,0.0012,0.5262985144143648,1.1312285351614524,-0.9391585412574714,0.15015050306733713,0.8242127999842506,1.3678035880653536,-0.2669125973383737,11,0.45454545454545453,6.958274503618352,8.349929404342022,0.11762435761862107,0.9042716587924625,29.454545454545453,0.12026726057906459,1.4903489235337788,1.0,0.25
spot,BTCUSDT,1D,B3_supertrend_HTF,"{""mult"": 2.5, ""n"": 10}",stress,0.0024,0.5262985144143648,1.1312285351614524,-0.9391585412574714,0.14604393655390857,0.8056071059752953,1.3353233374005422,-0.27652735936288375,11,0.45454545454545453,6.958274503618353,8.349929404342022,0.1176243576186211,0.9042716587924617,29.454545454545453,0.12026726057906459,1.4903489235337788,1.0,0.25
spot,BTCUSDT,1D,B3_supertrend_HTF,"{""mult"": 3.0, ""n"": 10}",opt,0.001,0.5262985144143648,1.1312285351614524,-0.9391585412574714,0.13906993788490207,0.7681359022894912,1.2693366061340772,-0.3386808290631046,10,0.5,6.2042882001215744,6.2042882001215744,0.11908663807999846,0.6714232050597245,33.3,0.12360801781737193,1.3548626577579808,1.0000000000000002,0.25
spot,BTCUSDT,1D,B3_supertrend_HTF,"{""mult"": 3.0, ""n"": 10}",real,0.0012,0.5262985144143648,1.1312285351614524,-0.9391585412574714,0.13845279105167596,0.7653721271220325,1.264563177160868,-0.3401342789518039,10,0.5,6.2042882001215744,6.2042882001215744,0.11908663807999849,0.6714232050597243,33.3,0.12360801781737193,1.3548626577579808,0.9999999999999999,0.25
spot,BTCUSDT,1D,B3_supertrend_HTF,"{""mult"": 3.0, ""n"": 10}",stress,0.0024,0.5262985144143648,1.1312285351614524,-0.9391585412574714,0.13475691755309915,0.7487485791908955,1.2358305660224305,-0.34878870658618344,10,0.5,6.2042882001215744,6.2042882001215744,0.11908663807999846,0.6714232050597246,33.3,0.12360801781737193,1.3548626577579808,1.0,0.25
spot,BTCUSDT,1D,B3_supertrend_HTF,"{""mult"": 2.0, ""n"": 14}",opt,0.001,0.5262985144143648,1.1312285351614524,-0.9391585412574714,0.16969882443136663,0.8499212361338544,1.4374244826867777,-0.22255765157670448,13,0.5384615384615384,8.295859779915176,7.110736954213008,0.10996598015740132,1.1462116282560124,22.307692307692307,0.10764662212323682,1.761321455085375,0.9764722410446034,0.25
spot,BTCUSDT,1D,B3_supertrend_HTF,"{""mult"": 2.0, ""n"": 14}",real,0.0012,0.5262985144143648,1.1312285351614524,-0.9391585412574714,0.1688750274059927,0.8466073351589223,1.4313828942939042,-0.22255765157670448,13,0.5384615384615384,8.295859779915176,7.110736954213008,0.1099659801574013,1.1462116282560124,22.307692307692307,0.10764662212323682,1.761321455085375,0.9764722410446034,0.25
spot,BTCUSDT,1D,B3_supertrend_HTF,"{""mult"": 2.0, ""n"": 14}",stress,0.0024,0.5262985144143648,1.1312285351614524,-0.9391585412574714,0.16394440428216672,0.8266741454165977,1.3950304866415426,-0.22255765157670448,13,0.5384615384615384,8.295859779915176,7.110736954213008,0.1099659801574013,1.1462116282560126,22.307692307692307,0.10764662212323682,1.761321455085375,0.9764722410446034,0.25
spot,BTCUSDT,1D,B3_supertrend_HTF,"{""mult"": 2.5, ""n"": 14}",opt,0.001,0.5262985144143648,1.1312285351614524,-0.9391585412574714,0.1546929816490441,0.8471213761975006,1.4108067940418108,-0.26529786608348616,11,0.45454545454545453,7.2782377989694735,8.733885358763368,0.1202854043543809,0.912501495645675,28.636363636363637,0.11692650334075724,1.4903489235337788,0.9999999999999999,0.25
spot,BTCUSDT,1D,B3_supertrend_HTF,"{""mult"": 2.5, ""n"": 14}",real,0.0012,0.5262985144143648,1.1312285351614524,-0.9391585412574714,0.15400482777545577,0.8440169601049667,1.4053656175877112,-0.2669125973383738,11,0.45454545454545453,7.278237798969472,8.733885358763366,0.1202854043543809,0.9125014956456752,28.636363636363637,0.11692650334075724,1.4903489235337788,1.0,0.25
spot,BTCUSDT,1D,B3_supertrend_HTF,"{""mult"": 2.5, ""n"": 14}",stress,0.0024,0.5262985144143648,1.1312285351614524,-0.9391585412574714,0.14988449954933336,0.825344298715244,1.3726045857225595,-0.27652735936288375,11,0.45454545454545453,7.278237798969473,8.733885358763366,0.1202854043543809,0.9125014956456747,28.636363636363637,0.11692650334075724,1.4903489235337788,0.9999999999999999,0.25
spot,BTCUSDT,1D,B3_supertrend_HTF,"{""mult"": 3.0, ""n"": 14}",opt,0.001,0.5262985144143648,1.1312285351614524,-0.9391585412574714,0.13906993788490207,0.7681359022894912,1.2693366061340772,-0.3386808290631046,10,0.5,6.2042882001215744,6.2042882001215744,0.11908663807999846,0.6714232050597245,33.3,0.12360801781737193,1.3548626577579808,1.0000000000000002,0.25
spot,BTCUSDT,1D,B3_supertrend_HTF,"{""mult"": 3.0, ""n"": 14}",real,0.0012,0.5262985144143648,1.1312285351614524,-0.9391585412574714,0.13845279105167596,0.7653721271220325,1.264563177160868,-0.3401342789518039,10,0.5,6.2042882001215744,6.2042882001215744,0.11908663807999849,0.6714232050597243,33.3,0.12360801781737193,1.3548626577579808,0.9999999999999999,0.25
spot,BTCUSDT,1D,B3_supertrend_HTF,"{""mult"": 3.0, ""n"": 14}",stress,0.0024,0.5262985144143648,1.1312285351614524,-0.9391585412574714,0.13475691755309915,0.7487485791908955,1.2358305660224305,-0.34878870658618344,10,0.5,6.2042882001215744,6.2042882001215744,0.11908663807999846,0.6714232050597246,33.3,0.12360801781737193,1.3548626577579808,1.0,0.25
spot,BTCUSDT,1D,B3_supertrend_HTF,"{""mult"": 2.0, ""n"": 20}",opt,0.001,0.5262985144143648,1.1312285351614524,-0.9391585412574714,0.1724310042096533,0.8608663484642379,1.4568684800901621,-0.22255765157670448,13,0.5384615384615384,9.06033931400956,7.766005126293909,0.11123773462455602,1.156353553342054,22.384615384615383,0.10801781737193764,1.761321455085375,0.9764722410446034,0.25
spot,BTCUSDT,1D,B3_supertrend_HTF,"{""mult"": 2.0, ""n"": 20}",real,0.0012,0.5262985144143648,1.1312285351614524,-0.9391585412574714,0.17160528296111455,0.8575781404209658,1.4509214107385568,-0.22255765157670448,13,0.5384615384615384,9.060339314009557,7.766005126293907,0.11123773462455602,1.156353553342054,22.384615384615383,0.10801781737193764,1.761321455085375,0.9764722410446034,0.25
spot,BTCUSDT,1D,B3_supertrend_HTF,"{""mult"": 2.0, ""n"": 20}",stress,0.0024,0.5262985144143648,1.1312285351614524,-0.9391585412574714,0.16666314289932815,0.8377928259384575,1.4151198362202506,-0.22255765157670448,13,0.5384615384615384,9.060339314009557,7.766005126293907,0.11123773462455602,1.156353553342054,22.384615384615383,0.10801781737193764,1.761321455085375,0.9764722410446034,0.25
spot,BTCUSDT,1D,B3_supertrend_HTF,"{""mult"": 2.5, ""n"": 20}",opt,0.001,0.5262985144143648,1.1312285351614524,-0.9391585412574714,0.16057735517303473,0.887214656179651,1.5072054330615916,-0.23721006236349118,11,0.45454545454545453,7.13039288427844,8.556471461134128,0.12581534290739793,0.9214984542707733,28.272727272727273,0.11544172234595397,1.4903489235337788,1.0,0.25
spot,BTCUSDT,1D,B3_supertrend_HTF,"{""mult"": 2.5, ""n"": 20}",real,0.0012,0.5262985144143648,1.1312285351614524,-0.9391585412574714,0.15988569443268763,0.8840563870020243,1.5015562809055383,-0.23888652510445163,11,0.45454545454545453,7.130392884278439,8.556471461134127,0.12581534290739793,0.9214984542707729,28.272727272727273,0.11544172234595397,1.4903489235337788,1.0,0.25
spot,BTCUSDT,1D,B3_supertrend_HTF,"{""mult"": 2.5, ""n"": 20}",stress,0.0024,0.5262985144143648,1.1312285351614524,-0.9391585412574714,0.155744368806642,0.8650542056024424,1.4675179671113125,-0.24886886132820818,11,0.45454545454545453,7.130392884278439,8.556471461134127,0.12581534290739793,0.9214984542707727,28.272727272727273,0.11544172234595397,1.4903489235337788,1.0,0.25
spot,BTCUSDT,1D,B3_supertrend_HTF,"{""mult"": 3.0, ""n"": 20}",opt,0.001,0.5262985144143648,1.1312285351614524,-0.9391585412574714,0.14402746232792385,0.792897837490612,1.318754934875435,-0.3483057159890586,10,0.5,6.143432493482313,6.1434324934823135,0.1244147268648275,0.6932371958158605,33.0,0.12249443207126949,1.3548626577579808,1.0,0.25
spot,BTCUSDT,1D,B3_supertrend_HTF,"{""mult"": 3.0, ""n"": 20}",real,0.0012,0.5262985144143648,1.1312285351614524,-0.9391585412574714,0.14340762951343455,0.7901246554149777,1.3139249128342656,-0.34973801226321566,10,0.5,6.143432493482312,6.143432493482313,0.1244147268648275,0.6932371958158605,33.0,0.12249443207126949,1.3548626577579808,0.9999999999999999,0.25
spot,BTCUSDT,1D,B3_supertrend_HTF,"{""mult"": 3.0, ""n"": 20}",stress,0.0024,0.5262985144143648,1.1312285351614524,-0.9391585412574714,0.13969567062571864,0.7734427677422742,1.2848455015664184,-0.3582664827334141,10,0.5,6.143432493482313,6.143432493482313,0.1244147268648275,0.6932371958158601,33.0,0.12249443207126949,1.3548626577579808,1.0000000000000002,0.25
spot,BTCUSDT,1D,C1_donchian_channel,"{""n"": 20}",opt,0.001,0.5262985144143648,1.1312285351614524,-0.9391585412574714,0.5165234256146585,0.7489991524753223,2.390927277466398,-0.8032833773772801,32,0.4375,4.953868867684659,6.369259972737419,0.18978435412884148,4.495089148686706,39.46875,0.46919079435783223,4.335560504825539,0.8000071251914572,0.75
spot,BTCUSDT,1D,C1_donchian_channel,"{""n"": 20}",real,0.0012,0.5262985144143648,1.1312285351614524,-0.9391585412574714,0.5138957099814712,0.7481593917702442,2.3881707244206503,-0.8032833773772801,32,0.4375,4.953868867684657,6.369259972737417,0.18978435412884148,4.495089148686707,39.46875,0.46919079435783223,4.335560504825539,0.8000071251914573,0.75
spot,BTCUSDT,1D,C1_donchian_channel,"{""n"": 20}",stress,0.0024,0.5262985144143648,1.1312285351614524,-0.9391585412574714,0.49822472226203773,0.7431232011970519,2.3716190663981327,-0.8032833773772801,32,0.4375,4.953868867684658,6.369259972737418,0.18978435412884148,4.495089148686706,39.46875,0.46919079435783223,4.335560504825539,0.8000071251914572,0.75
spot,BTCUSDT,1D,C6_donchian_ATR_trail,"{""n"": 20, ""trail"": 2.0}",opt,0.001,0.5262985144143648,1.1312285351614524,-0.9391585412574714,0.03453610514136929,0.2865450368634467,0.44954382086203176,-0.3682593640267343,23,0.43478260869565216,1.7213158628085816,2.237710621651156,0.018433608469963156,2.461877284538318,7.826086956521739,0.066815144766147,3.1161841128433556,0.9374079759226487,0.5
spot,BTCUSDT,1D,C6_donchian_ATR_trail,"{""n"": 20, ""trail"": 2.0}",real,0.0012,0.5262985144143648,1.1312285351614524,-0.9391585412574714,0.03324738493246526,0.27898332342184456,0.4369302150419725,-0.3720384637912818,23,0.43478260869565216,1.7213158628085816,2.237710621651156,0.018433608469963156,2.461877284538318,7.826086956521739,0.066815144766147,3.1161841128433556,0.9374079759226487,0.5
spot,BTCUSDT,1D,C6_donchian_ATR_trail,"{""n"": 20, ""trail"": 2.0}",stress,0.0024,0.5262985144143648,1.1312285351614524,-0.9391585412574714,0.0255486898056132,0.2338287097885055,0.36249476103146316,-0.39424307268815206,23,0.43478260869565216,1.7213158628085816,2.237710621651156,0.01843360846996315,2.461877284538318,7.826086956521739,0.066815144766147,3.1161841128433556,0.9374079759226487,0.5
spot,BTCUSDT,1D,C6_donchian_ATR_trail,"{""n"": 20, ""trail"": 3.0}",opt,0.001,0.5262985144143648,1.1312285351614524,-0.9391585412574714,0.09036136640929437,0.4283863346064063,0.6771853648460334,-0.4742543460240699,23,0.30434782608695654,2.0326530058691126,4.646064013415114,0.0439928800367353,1.376803404016194,20.347826086956523,0.17371937639198218,3.1161841128433556,0.9043842130844361,0.625
spot,BTCUSDT,1D,C6_donchian_ATR_trail,"{""n"": 20, ""trail"": 3.0}",real,0.0012,0.5262985144143648,1.1312285351614524,-0.9391585412574714,0.08900310474890727,0.4244192573916813,0.6705062213217865,-0.47572437663556266,23,0.30434782608695654,2.032653005869112,4.646064013415113,0.043992880036735314,1.3768034040161936,20.347826086956523,0.17371937639198218,3.1161841128433556,0.9043842130844361,0.625
spot,BTCUSDT,1D,C6_donchian_ATR_trail,"{""n"": 20, ""trail"": 3.0}",stress,0.0024,0.5262985144143648,1.1312285351614524,-0.9391585412574714,0.08088897543397522,0.4006613202733477,0.6306641063999632,-0.4844586630195362,23,0.30434782608695654,2.0326530058691126,4.646064013415114,0.043992880036735314,1.3768034040161936,20.347826086956523,0.17371937639198218,3.1161841128433556,0.9043842130844361,0.625
spot,BTCUSDT,1D,C6_donchian_ATR_trail,"{""n"": 20, ""trail"": 4.0}",opt,0.001,0.5262985144143648,1.1312285351614524,-0.9391585412574714,0.19289430236808158,0.5451035484992056,1.1548683691225559,-0.6030374789591579,23,0.391304347826087,2.705776216523563,4.20898522570332,0.10154134135495735,2.7312683330882894,32.78260869565217,0.2798812175204157,3.1161841128433556,0.8472410677327804,0.625
spot,BTCUSDT,1D,C6_donchian_ATR_trail,"{""n"": 20, ""trail"": 4.0}",real,0.0012,0.5262985144143648,1.1312285351614524,-0.9391585412574714,0.19140831556983628,0.5436501350979133,1.1515967994808762,-0.604147420721172,23,0.391304347826087,2.705776216523563,4.20898522570332,0.10154134135495733,2.731268333088289,32.78260869565217,0.2798812175204157,3.1161841128433556,0.8472410677327804,0.625
spot,BTCUSDT,1D,C6_donchian_ATR_trail,"{""n"": 20, ""trail"": 4.0}",stress,0.0024,0.5262985144143648,1.1312285351614524,-0.9391585412574714,0.18253116811519443,0.534934398037471,1.1319857123618122,-0.6107422148316974,23,0.391304347826087,2.705776216523563,4.20898522570332,0.10154134135495733,2.731268333088289,32.78260869565217,0.2798812175204157,3.1161841128433556,0.8472410677327804,0.625
spot,BTCUSDT,1D,C4_donchian_HTF,"{""n"": 20}",opt,0.001,0.5262985144143648,1.1312285351614524,-0.9391585412574714,0.1238209445802847,0.7251220187597374,1.1798715657664465,-0.2607456264393073,11,0.45454545454545453,6.316346429521156,7.579615715425388,0.09551518090346876,0.9864944969944509,28.545454545454547,0.11692650334075724,1.4903489235337788,1.0000000000000002,0.25
spot,BTCUSDT,1D,C4_donchian_HTF,"{""n"": 20}",real,0.0012,0.5262985144143648,1.1312285351614524,-0.9391585412574714,0.1231511892872994,0.7218958233479349,1.174367123448291,-0.26251771173302885,11,0.45454545454545453,6.316346429521156,7.579615715425388,0.09551518090346875,0.9864944969944509,28.545454545454547,0.11692650334075724,1.4903489235337788,0.9999999999999998,0.25
spot,BTCUSDT,1D,C4_donchian_HTF,"{""n"": 20}",stress,0.0024,0.5262985144143648,1.1312285351614524,-0.9391585412574714,0.11914102274723004,0.7024980314364009,1.1412696761091776,-0.2730613953936738,11,0.45454545454545453,6.316346429521156,7.579615715425388,0.09551518090346875,0.9864944969944505,28.545454545454547,0.11692650334075724,1.4903489235337788,0.9999999999999998,0.25
spot,BTCUSDT,1D,C1_donchian_channel,"{""n"": 50}",opt,0.001,0.5262985144143648,1.1312285351614524,-0.9391585412574714,0.3005719167972054,0.7694836651863285,2.5720492677058866,-0.7989657884388517,14,0.5714285714285714,6.232216994246386,4.674162745684789,0.21935597791777575,1.826813631927595,89.21428571428571,0.4639940608760208,1.896807720861173,0.9356074295200526,0.625
spot,BTCUSDT,1D,C1_donchian_channel,"{""n"": 50}",real,0.0012,0.5262985144143648,1.1312285351614524,-0.9391585412574714,0.29958551590892957,0.7691854238227125,2.57103285667838,-0.7989657884388517,14,0.5714285714285714,6.232216994246385,4.6741627456847885,0.21935597791777575,1.8268136319275943,89.21428571428571,0.4639940608760208,1.896807720861173,0.9356074295200528,0.625
spot,BTCUSDT,1D,C1_donchian_channel,"{""n"": 50}",stress,0.0024,0.5262985144143648,1.1312285351614524,-0.9391585412574714,0.29368278865884956,0.7673968593035545,2.5649292004749324,-0.7989657884388518,14,0.5714285714285714,6.232216994246385,4.6741627456847885,0.21935597791777578,1.8268136319275945,89.21428571428571,0.4639940608760208,1.896807720861173,0.9356074295200528,0.625
spot,BTCUSDT,1D,C6_donchian_ATR_trail,"{""n"": 50, ""trail"": 2.0}",opt,0.001,0.5262985144143648,1.1312285351614524,-0.9391585412574714,0.013108164287193524,0.19201789065393368,0.2849912780790415,-0.1747127119687144,10,0.5,1.6466015688566942,1.6466015688566942,0.013239521537479404,0.051705451977784395,10.0,0.03711952487008166,1.3548626577579808,1.0000000000000002,0.375
spot,BTCUSDT,1D,C6_donchian_ATR_trail,"{""n"": 50, ""trail"": 2.0}",real,0.0012,0.5262985144143648,1.1312285351614524,-0.9391585412574714,0.012559263403665533,0.18578477124486487,0.2751691629473439,-0.17619707595965495,10,0.5,1.6466015688566944,1.6466015688566944,0.013239521537479404,0.051705451977784395,10.0,0.03711952487008166,1.3548626577579808,1.0,0.375
spot,BTCUSDT,1D,C6_donchian_ATR_trail,"{""n"": 50, ""trail"": 2.0}",stress,0.0024,0.5262985144143648,1.1312285351614524,-0.9391585412574714,0.009272090692801438,0.14857208058273413,0.2173669079989781,-0.18504806572341903,10,0.5,1.646601568856694,1.646601568856694,0.013239521537479398,0.05170545197778465,10.0,0.03711952487008166,1.3548626577579808,1.0,0.375
spot,BTCUSDT,1D,C6_donchian_ATR_trail,"{""n"": 50, ""trail"": 3.0}",opt,0.001,0.5262985144143648,1.1312285351614524,-0.9391585412574714,0.006871264175188019,0.11786789923572397,0.16428102015345925,-0.3189696605540483,10,0.4,1.3716823510402083,2.0575235265603125,0.012235825120567888,1.2729643833466935,18.5,0.06867112100965107,1.3548626577579808,0.9997561031007113,0.25
spot,BTCUSDT,1D,C6_donchian_ATR_trail,"{""n"": 50, ""trail"": 3.0}",real,0.0012,0.5262985144143648,1.1312285351614524,-0.9391585412574714,0.006325742437246262,0.1136554002193293,0.15823511720382527,-0.32019456359965703,10,0.4,1.3716823510402083,2.0575235265603125,0.012235825120567891,1.2729643833466935,18.5,0.06867112100965107,1.3548626577579808,0.9997561031007113,0.25
spot,BTCUSDT,1D,C6_donchian_ATR_trail,"{""n"": 50, ""trail"": 3.0}",stress,0.0024,0.5262985144143648,1.1312285351614524,-0.9391585412574714,0.0030588062308063435,0.08850537088971124,0.12241566436161946,-0.32749843541577106,10,0.4,1.3716823510402083,2.0575235265603125,0.012235825120567891,1.2729643833466933,18.5,0.06867112100965107,1.3548626577579808,0.9997561031007113,0.25
spot,BTCUSDT,1D,C6_donchian_ATR_trail,"{""n"": 50, ""trail"": 4.0}",opt,0.001,0.5262985144143648,1.1312285351614524,-0.9391585412574714,0.028962398651199983,0.2504728208759844,0.36253820981032964,-0.43656930769154545,10,0.3,1.8026324295572702,4.206142335633629,0.035533156392787715,1.4174613890118328,33.7,0.1250927988121752,1.3548626577579808,0.9639078309824198,0.25
spot,BTCUSDT,1D,C6_donchian_ATR_trail,"{""n"": 50, ""trail"": 4.0}",real,0.0012,0.5262985144143648,1.1312285351614524,-0.9391585412574714,0.02840490796101869,0.2473711063977086,0.3578522307777492,-0.43758269568767993,10,0.3,1.8026324295572704,4.20614233563363,0.03553315639278772,1.417461389011833,33.7,0.1250927988121752,1.3548626577579808,0.9639078309824198,0.25
spot,BTCUSDT,1D,C6_donchian_ATR_trail,"{""n"": 50, ""trail"": 4.0}",stress,0.0024,0.5262985144143648,1.1312285351614524,-0.9391585412574714,0.02506629394468507,0.22879084302970723,0.3298841393064933,-0.44362534212430316,10,0.3,1.8026324295572698,4.206142335633629,0.035533156392787715,1.4174613890118328,33.7,0.1250927988121752,1.3548626577579808,0.9639078309824198,0.25
spot,BTCUSDT,1D,C4_donchian_HTF,"{""n"": 50}",opt,0.001,0.5262985144143648,1.1312285351614524,-0.9391585412574714,0.09454566550948651,0.5870717528163145,0.9400685033212215,-0.22622542695900416,6,0.8333333333333334,28.446881447876457,5.689376289575291,0.12959578771772962,1.0541196520574327,52.333333333333336,0.11692650334075724,0.8129175946547884,1.0,0.25
spot,BTCUSDT,1D,C4_donchian_HTF,"{""n"": 50}",real,0.0012,0.5262985144143648,1.1312285351614524,-0.9391585412574714,0.0941898127647871,0.5853073758959032,0.9371279306590854,-0.22668972314271518,6,0.8333333333333334,28.446881447876457,5.689376289575291,0.12959578771772962,1.0541196520574327,52.333333333333336,0.11692650334075724,0.8129175946547884,1.0,0.25
spot,BTCUSDT,1D,C4_donchian_HTF,"{""n"": 50}",stress,0.0024,0.5262985144143648,1.1312285351614524,-0.9391585412574714,0.0920571199579856,0.5746999686182148,0.919448403391732,-0.22947030876896513,6,0.8333333333333334,28.446881447876454,5.689376289575291,0.12959578771772962,1.0541196520574327,52.333333333333336,0.11692650334075724,0.8129175946547884,1.0,0.25
spot,BTCUSDT,1D,C1_donchian_channel,"{""n"": 100}",opt,0.001,0.5262985144143648,1.1312285351614524,-0.9391585412574714,0.1367559171380548,0.7692673671925553,2.7461831454789327,-0.7989657884388518,6,0.5,4.819272551496505,4.819272551496505,0.5147577250783286,1.7073013970327,161.0,0.3589458054936897,0.8129175946547884,0.9583065760169092,0.5
spot,BTCUSDT,1D,C1_donchian_channel,"{""n"": 100}",real,0.0012,0.5262985144143648,1.1312285351614524,-0.9391585412574714,0.1363863412254971,0.7691529541973846,2.745770067848155,-0.7989657884388517,6,0.5,4.819272551496504,4.819272551496504,0.5147577250783284,1.7073013970327005,161.0,0.3589458054936897,0.8129175946547884,0.9583065760169092,0.5
spot,BTCUSDT,1D,C1_donchian_channel,"{""n"": 100}",stress,0.0024,0.5262985144143648,1.1312285351614524,-0.9391585412574714,0.1341714028780494,0.7684668273313694,2.743289502059126,-0.7989657884388517,6,0.5,4.819272551496503,4.819272551496503,0.5147577250783285,1.7073013970327,161.0,0.3589458054936897,0.8129175946547884,0.9583065760169092,0.5
spot,BTCUSDT,1D,C6_donchian_ATR_trail,"{""n"": 100, ""trail"": 2.0}",opt,0.001,0.5262985144143648,1.1312285351614524,-0.9391585412574714,-0.01766443386148997,-0.2766584401951622,-0.3073665514131427,-0.13456923641121754,3,0.6666666666666666,0.12856773690458861,0.06428386845229431,-0.03858604527089981,-1.7066963738324672,7.666666666666667,0.008537490720118782,0.4064587973273942,-6.778001107245978,0.25
spot,BTCUSDT,1D,C6_donchian_ATR_trail,"{""n"": 100, ""trail"": 2.0}",real,0.0012,0.5262985144143648,1.1312285351614524,-0.9391585412574714,-0.01782413264582472,-0.2789721203811927,-0.3097784562796688,-0.13491533991127713,3,0.6666666666666666,0.12856773690458861,0.06428386845229431,-0.03858604527089981,-1.7066963738324672,7.666666666666667,0.008537490720118782,0.4064587973273942,-6.778001107245978,0.25
spot,BTCUSDT,1D,C6_donchian_ATR_trail,"{""n"": 100, ""trail"": 2.0}",stress,0.0024,0.5262985144143648,1.1312285351614524,-0.9391585412574714,-0.018781782345753784,-0.2926631603948389,-0.3240212433412166,-0.13698906060297578,3,0.6666666666666666,0.12856773690458861,0.06428386845229431,-0.03858604527089981,-1.7066963738324672,7.666666666666667,0.008537490720118782,0.4064587973273942,-6.778001107245978,0.125
spot,BTCUSDT,1D,C6_donchian_ATR_trail,"{""n"": 100, ""trail"": 3.0}",opt,0.001,0.5262985144143648,1.1312285351614524,-0.9391585412574714,0.00026351012142455943,0.05423569305451502,0.07108395437114763,-0.2185621665583447,3,0.3333333333333333,1.3237482806460805,2.647496561292161,0.026162319124882063,0.8211026878678486,19.0,0.021158129175946547,0.4064587973273942,0.24456936819443426,0.125
spot,BTCUSDT,1D,C6_donchian_ATR_trail,"{""n"": 100, ""trail"": 3.0}",real,0.0012,0.5262985144143648,1.1312285351614524,-0.9391585412574714,0.00010089678226932186,0.05265922126245502,0.06898030942731231,-0.21887467956413564,3,0.3333333333333333,1.3237482806460805,2.647496561292161,0.026162319124882063,0.8211026878678486,19.0,0.021158129175946547,0.4064587973273942,0.24456936819443426,0.125
spot,BTCUSDT,1D,C6_donchian_ATR_trail,"{""n"": 100, ""trail"": 3.0}",stress,0.0024,0.5262985144143648,1.1312285351614524,-0.9391585412574714,-0.000874230336545434,0.04324732314954864,0.056469247914097256,-0.22074713877481167,3,0.3333333333333333,1.3237482806460805,2.647496561292161,0.026162319124882063,0.8211026878678485,19.0,0.021158129175946547,0.4064587973273942,0.24456936819443423,0.125
spot,BTCUSDT,1D,C6_donchian_ATR_trail,"{""n"": 100, ""trail"": 4.0}",opt,0.001,0.5262985144143648,1.1312285351614524,-0.9391585412574714,0.051442407232680454,0.32692885615305295,0.7116092971155991,-0.4634808478520134,3,0.3333333333333333,3.391148605250511,6.782297210501022,0.282475558684432,1.5494226573631342,34.0,0.0378619153674833,0.4064587973273942,0.705114662786614,0.125
spot,BTCUSDT,1D,C6_donchian_ATR_trail,"{""n"": 100, ""trail"": 4.0}",real,0.0012,0.5262985144143648,1.1312285351614524,-0.9391585412574714,0.05127147371462293,0.3266703646268785,0.7109928849949171,-0.4634808478520134,3,0.3333333333333333,3.3911486052505095,6.782297210501019,0.2824755586844319,1.5494226573631347,34.0,0.0378619153674833,0.4064587973273942,0.7051146627866139,0.125
spot,BTCUSDT,1D,C6_donchian_ATR_trail,"{""n"": 100, ""trail"": 4.0}",stress,0.0024,0.5262985144143648,1.1312285351614524,-0.9391585412574714,0.05024645381257753,0.32512020003428566,0.7072959774877321,-0.4634808478520135,3,0.3333333333333333,3.3911486052505095,6.782297210501019,0.2824755586844319,1.5494226573631347,34.0,0.0378619153674833,0.4064587973273942,0.7051146627866139,0.125
spot,BTCUSDT,1D,C4_donchian_HTF,"{""n"": 100}",opt,0.001,0.5262985144143648,1.1312285351614524,-0.9391585412574714,0.1005726964616156,0.6242144565489047,0.9980125452518942,-0.256418972398347,4,0.75,10.368639393154647,3.456213131051549,0.23805896218516448,1.0765677261884572,77.25,0.11507052709725316,0.5419450631031923,0.903555330445748,0.25
spot,BTCUSDT,1D,C4_donchian_HTF,"{""n"": 100}",real,0.0012,0.5262985144143648,1.1312285351614524,-0.9391585412574714,0.10033414205400715,0.6230051035854893,0.9960130922150666,-0.256716345691577,4,0.75,10.368639393154647,3.456213131051549,0.2380589621851645,1.0765677261884572,77.25,0.11507052709725316,0.5419450631031923,0.9035553304457482,0.25
spot,BTCUSDT,1D,C4_donchian_HTF,"{""n"": 100}",stress,0.0024,0.5262985144143648,1.1312285351614524,-0.9391585412574714,0.09890389801193566,0.6157363182921511,0.9839860184211677,-0.2584980934959856,4,0.75,10.368639393154647,3.456213131051549,0.23805896218516448,1.0765677261884574,77.25,0.11507052709725316,0.5419450631031923,0.903555330445748,0.25
spot,BTCUSDT,1D,C2_donchian_voltarget,"{""n"": 20, ""vol_target"": 0.2}",opt,0.001,0.5262985144143648,1.1312285351614524,-0.9391585412574714,0.05206357650451943,0.4812876158772513,0.7411625452586507,-0.18426761618668064,23,0.30434782608695654,2.221217027537545,4.759750773294739,0.04977350675038168,1.3124226190582284,20.347826086956523,0.1492204899777283,3.1161841128433556,0.9043842130844362,0.5
spot,BTCUSDT,1D,C2_donchian_voltarget,"{""n"": 20, ""vol_target"": 0.2}",real,0.0012,0.5262985144143648,1.1312285351614524,-0.9391585412574714,0.05157635811040007,0.4773531630132723,0.7346224381089256,-0.18498304780931285,23,0.30434782608695654,2.221217027537545,4.759750773294739,0.049773506750381696,1.3124226190582284,20.347826086956523,0.1492204899777283,3.1161841128433556,0.9043842130844362,0.5
spot,BTCUSDT,1D,C2_donchian_voltarget,"{""n"": 20, ""vol_target"": 0.2}",stress,0.0024,0.5262985144143648,1.1312285351614524,-0.9391585412574714,0.04866004433993343,0.4537893308515906,0.6956199048699858,-0.1892589719413429,23,0.30434782608695654,2.221217027537545,4.759750773294739,0.04977350675038168,1.3124226190582289,20.347826086956523,0.1492204899777283,3.1161841128433556,0.9043842130844361,0.5
spot,BTCUSDT,1D,C2_donchian_voltarget,"{""n"": 50, ""vol_target"": 0.2}",opt,0.001,0.5262985144143648,1.1312285351614524,-0.9391585412574714,0.007968318953406994,0.16498687371458376,0.24092148557812282,-0.13910452580384536,10,0.4,1.3716823510402079,2.057523526560312,0.012235825120567884,1.2729643833466933,18.5,0.05642167780252413,1.3548626577579808,0.9997561031007113,0.25
spot,BTCUSDT,1D,C2_donchian_voltarget,"{""n"": 50, ""vol_target"": 0.2}",real,0.0012,0.5262985144143648,1.1312285351614524,-0.9391585412574714,0.0077338482896711636,0.1609477097020752,0.23469464943183754,-0.13972045820633128,10,0.4,1.3716823510402083,2.0575235265603125,0.012235825120567896,1.2729643833466937,18.5,0.05642167780252413,1.3548626577579808,0.9997561031007113,0.25
spot,BTCUSDT,1D,C2_donchian_voltarget,"{""n"": 50, ""vol_target"": 0.2}",stress,0.0024,0.5262985144143648,1.1312285351614524,-0.9391585412574714,0.006329202155016311,0.13682061198681442,0.19786468201959334,-0.14340403383965306,10,0.4,1.3716823510402083,2.0575235265603125,0.012235825120567896,1.2729643833466935,18.5,0.05642167780252413,1.3548626577579808,0.9997561031007112,0.25
spot,BTCUSDT,1D,C2_donchian_voltarget,"{""n"": 100, ""vol_target"": 0.2}",opt,0.001,0.5262985144143648,1.1312285351614524,-0.9391585412574714,0.014566953242535652,0.3180248312662364,0.4966046393528282,-0.08975642731303501,3,0.3333333333333333,1.3237482806460807,2.6474965612921615,0.02616231912488207,0.8211026878678482,19.0,0.021158129175946547,0.4064587973273942,0.2445693681944343,0.125
spot,BTCUSDT,1D,C2_donchian_voltarget,"{""n"": 100, ""vol_target"": 0.2}",real,0.0012,0.5262985144143648,1.1312285351614524,-0.9391585412574714,0.014498281749710795,0.31654253210977723,0.49387091748500406,-0.09003943718330276,3,0.3333333333333333,1.323748280646081,2.647496561292162,0.02616231912488208,0.8211026878678482,19.0,0.021158129175946547,0.4064587973273942,0.2445693681944344,0.125
spot,BTCUSDT,1D,C2_donchian_voltarget,"{""n"": 100, ""vol_target"": 0.2}",stress,0.0024,0.5262985144143648,1.1312285351614524,-0.9391585412574714,0.014086632481280281,0.3076680488579832,0.47761219586582837,-0.09173483586960796,3,0.3333333333333333,1.323748280646081,2.647496561292162,0.02616231912488208,0.8211026878678482,19.0,0.021158129175946547,0.4064587973273942,0.2445693681944344,0.125
spot,ETHUSDT,1h,A1_price_slowMA,"{""slow"": 150}",opt,0.001,0.3841258522660962,0.7834567078110715,-0.9425790176169279,0.20031805728905727,0.5986149545944649,0.9922250416232469,-0.7077885968150682,1147,0.16390584132519617,1.5734931596544435,8.026489043130912,0.004521158819958922,6.1350353035117,27.758500435919792,0.49246736373198047,155.41236156654085,0.190807408650214,0.625
spot,ETHUSDT,1h,A1_price_slowMA,"{""slow"": 150}",real,0.0012,0.3841258522660962,0.7834567078110715,-0.9425790176169279,0.1279722473525975,0.4921735819844194,0.8099337679019949,-0.7256848995881613,1147,0.16390584132519617,1.5734931596544437,8.026489043130912,0.004521158819958922,6.1350353035117005,27.758500435919792,0.49246736373198047,155.41236156654085,0.19080740865021395,0.5
spot,ETHUSDT,1h,A1_price_slowMA,"{""slow"": 150}",stress,0.0024,0.3841258522660962,0.7834567078110715,-0.9425790176169279,-0.2231976770867239,-0.1303868793213594,-0.20549108452946374,-0.9119110414242216,1147,0.16390584132519617,1.5734931596544435,8.026489043130912,0.004521158819958922,6.135035303511701,27.758500435919792,0.49246736373198047,155.41236156654085,0.190807408650214,0.25
spot,ETHUSDT,1h,A1_price_slowMA,"{""slow"": 200}",opt,0.001,0.3841258522660962,0.7834567078110715,-0.9425790176169279,0.16891128167207836,0.552910273400294,0.9122945439243585,-0.6840441841966314,971,0.1513903192584964,1.5633826743430126,8.763451181351307,0.004816300154680126,6.142789603813748,31.907312049433575,0.47921177999133824,131.5653034708903,0.22484564120155545,0.625
spot,ETHUSDT,1h,A1_price_slowMA,"{""slow"": 200}",real,0.0012,0.3841258522660962,0.7834567078110715,-0.9425790176169279,0.10898657397740186,0.4616282706851737,0.7568812129393009,-0.6988688887025367,971,0.1513903192584964,1.5633826743430126,8.763451181351307,0.004816300154680126,6.14278960381375,31.907312049433575,0.47921177999133824,131.5653034708903,0.22484564120155548,0.5
spot,ETHUSDT,1h,A1_price_slowMA,"{""slow"": 200}",stress,0.0024,0.3841258522660962,0.7834567078110715,-0.9425790176169279,-0.1912870028929481,-0.07391045039983134,-0.11666193823258897,-0.8888457268130807,971,0.1513903192584964,1.5633826743430124,8.763451181351307,0.004816300154680125,6.14278960381375,31.907312049433575,0.47921177999133824,131.5653034708903,0.2248456412015555,0.25
spot,ETHUSDT,1h,A1_price_slowMA,"{""slow"": 250}",opt,0.001,0.3841258522660962,0.7834567078110715,-0.9425790176169279,0.07582969289027086,0.41252202991866405,0.6419018943331698,-0.6099695913952712,887,0.14994363021420518,1.4842622262519527,8.414539237548663,0.0042811418665652115,6.4225125716488325,33.732807215332585,0.46280084142795275,120.18375301614799,0.26196257771687254,0.375
spot,ETHUSDT,1h,A1_price_slowMA,"{""slow"": 250}",real,0.0012,0.3841258522660962,0.7834567078110715,-0.9425790176169279,0.025334203552857204,0.3297682206678537,0.5105098527362081,-0.6601091488942863,887,0.14994363021420518,1.4842622262519527,8.414539237548663,0.0042811418665652115,6.4225125716488325,33.732807215332585,0.46280084142795275,120.18375301614799,0.26196257771687254,0.375
spot,ETHUSDT,1h,A1_price_slowMA,"{""slow"": 250}",stress,0.0024,0.3841258522660962,0.7834567078110715,-0.9425790176169279,-0.23158349199573847,-0.15605252211790074,-0.23418866641732908,-0.9058231460362017,887,0.14994363021420518,1.4842622262519527,8.414539237548663,0.0042811418665652115,6.422512571648833,33.732807215332585,0.46280084142795275,120.18375301614799,0.26196257771687254,0.25
spot,ETHUSDT,1h,A2_dual_MA,"{""fast"": 10, ""slow"": 50}",opt,0.001,0.3841258522660962,0.7834567078110715,-0.9425790176169279,0.65015846970061,1.116486132370393,1.969264914633576,-0.5741030654271502,818,0.29584352078239606,1.661344050413981,3.9542734423076564,0.008646926123784341,4.892269667590308,41.52322738386308,0.5253665779867599,110.8346222854668,0.16856193252987883,0.75
spot,ETHUSDT,1h,A2_dual_MA,"{""fast"": 10, ""slow"": 50}",real,0.0012,0.3841258522660962,0.7834567078110715,-0.9425790176169279,0.5785984917200391,1.0432742034897156,1.8312940534610291,-0.6110708204995201,818,0.29584352078239606,1.661344050413981,3.9542734423076564,0.008646926123784341,4.892269667590308,41.52322738386308,0.5253665779867599,110.8346222854668,0.16856193252987883,0.75
spot,ETHUSDT,1h,A2_dual_MA,"{""fast"": 10, ""slow"": 50}",stress,0.0024,0.3841258522660962,0.7834567078110715,-0.9425790176169279,0.20989482649475755,0.6094711928443226,1.0394235449642808,-0.8138025775234354,818,0.29584352078239606,1.661344050413981,3.9542734423076564,0.008646926123784338,4.892269667590308,41.52322738386308,0.5253665779867599,110.8346222854668,0.16856193252987883,0.5
spot,ETHUSDT,1h,A2_dual_MA,"{""fast"": 10, ""slow"": 75}",opt,0.001,0.3841258522660962,0.7834567078110715,-0.9425790176169279,0.7944865374273893,1.2649149445369559,2.217704905124776,-0.6502999573979513,633,0.2890995260663507,1.8546206541980688,4.560542592290333,0.011541903593269481,4.501597759131126,53.58767772511848,0.5246705438346841,85.76811235537957,0.19300683847595196,0.875
spot,ETHUSDT,1h,A2_dual_MA,"{""fast"": 10, ""slow"": 75}",real,0.0012,0.3841258522660962,0.7834567078110715,-0.9425790176169279,0.7339666459993819,1.2070821408165815,2.108325136709786,-0.66185468635291,633,0.2890995260663507,1.8546206541980688,4.560542592290333,0.011541903593269481,4.5015977591311245,53.58767772511848,0.5246705438346841,85.76811235537957,0.19300683847595196,0.875
spot,ETHUSDT,1h,A2_dual_MA,"{""fast"": 10, ""slow"": 75}",stress,0.0024,0.3841258522660962,0.7834567078110715,-0.9425790176169279,0.41137934008459687,0.8633336159594747,1.4740465003464756,-0.7543599380769177,633,0.2890995260663507,1.8546206541980688,4.560542592290333,0.011541903593269481,4.501597759131126,53.58767772511848,0.5246705438346841,85.76811235537957,0.19300683847595193,0.625
spot,ETHUSDT,1h,A2_dual_MA,"{""fast"": 10, ""slow"": 100}",opt,0.001,0.3841258522660962,0.7834567078110715,-0.9425790176169279,0.8158179335775688,1.2896763026393132,2.2446346367713157,-0.608642284441896,532,0.2725563909774436,1.9525304931725023,5.211236557639713,0.013889721205226328,4.406627250906619,63.774436090225564,0.524778815813896,72.08315288003465,0.213983133313594,0.875
spot,ETHUSDT,1h,A2_dual_MA,"{""fast"": 10, ""slow"": 100}",real,0.0012,0.3841258522660962,0.7834567078110715,-0.9425790176169279,0.7642095131805142,1.2406378745393343,2.152190550800875,-0.6176172818076392,532,0.2725563909774436,1.9525304931725023,5.211236557639713,0.013889721205226328,4.406627250906619,63.774436090225564,0.524778815813896,72.08315288003465,0.213983133313594,0.875
spot,ETHUSDT,1h,A2_dual_MA,"{""fast"": 10, ""slow"": 100}",stress,0.0024,0.3841258522660962,0.7834567078110715,-0.9425790176169279,0.48394276209312537,0.9488565570054948,1.6138232005469926,-0.7309427332725114,532,0.2725563909774436,1.9525304931725023,5.211236557639713,0.013889721205226328,4.406627250906619,63.774436090225564,0.524778815813896,72.08315288003465,0.21398313331359398,0.75
spot,ETHUSDT,1h,A2_dual_MA,"{""fast"": 20, ""slow"": 50}",opt,0.001,0.3841258522660962,0.7834567078110715,-0.9425790176169279,0.8769940092057025,1.339217466886589,2.386752722991846,-0.6097110086505552,573,0.3228621291448517,1.8914836174312781,3.9670034787207347,0.01310440765041632,4.253939576552859,59.0977312390925,0.5237734331497865,77.63843345913506,0.1938828645045588,0.875
spot,ETHUSDT,1h,A2_dual_MA,"{""fast"": 20, ""slow"": 50}",real,0.0012,0.3841258522660962,0.7834567078110715,-0.9425790176169279,0.8195990140236582,1.286770864852085,2.2852052118952906,-0.621094273172312,573,0.3228621291448517,1.8914836174312781,3.9670034787207347,0.01310440765041632,4.253939576552858,59.0977312390925,0.5237734331497865,77.63843345913506,0.1938828645045588,0.875
spot,ETHUSDT,1h,A2_dual_MA,"{""fast"": 20, ""slow"": 50}",stress,0.0024,0.3841258522660962,0.7834567078110715,-0.9425790176169279,0.5102622156036356,0.974692071516017,1.694687943761283,-0.6827510377456404,573,0.3228621291448517,1.8914836174312781,3.9670034787207347,0.01310440765041632,4.253939576552859,59.0977312390925,0.5237734331497865,77.63843345913506,0.1938828645045588,0.75
spot,ETHUSDT,1h,A2_dual_MA,"{""fast"": 20, ""slow"": 75}",opt,0.001,0.3841258522660962,0.7834567078110715,-0.9425790176169279,0.770471665013813,1.2475234497119314,2.163079907032945,-0.658716035584779,478,0.3075313807531381,1.879846232678721,4.232851040929637,0.014776308641675097,3.9756846730805786,70.9602510460251,0.5246396089834808,64.76644187341459,0.2110428439210042,0.875
spot,ETHUSDT,1h,A2_dual_MA,"{""fast"": 20, ""slow"": 75}",real,0.0012,0.3841258522660962,0.7834567078110715,-0.9425790176169279,0.725193779839886,1.2035288691402073,2.0809089231122133,-0.6650722462371403,478,0.3075313807531381,1.879846232678721,4.232851040929637,0.014776308641675097,3.975684673080578,70.9602510460251,0.5246396089834808,64.76644187341459,0.2110428439210042,0.875
spot,ETHUSDT,1h,A2_dual_MA,"{""fast"": 20, ""slow"": 75}",stress,0.0024,0.3841258522660962,0.7834567078110715,-0.9425790176169279,0.4768322134529088,0.9414482627671693,1.6002311973802776,-0.7096930485988967,478,0.3075313807531381,1.879846232678721,4.232851040929637,0.014776308641675095,3.9756846730805786,70.9602510460251,0.5246396089834808,64.76644187341459,0.2110428439210042,0.75
spot,ETHUSDT,1h,A2_dual_MA,"{""fast"": 20, ""slow"": 100}",opt,0.001,0.3841258522660962,0.7834567078110715,-0.9425790176169279,0.6269088550163446,1.1090636341200302,1.8819257618547263,-0.5588615473471148,402,0.2935323383084577,1.8452253548173925,4.441050853967283,0.015429827289165053,3.6877423083386858,84.2412935323383,0.52380436800099,54.46884860483821,0.2251137573119564,0.875
spot,ETHUSDT,1h,A2_dual_MA,"{""fast"": 20, ""slow"": 100}",real,0.0012,0.3841258522660962,0.7834567078110715,-0.9425790176169279,0.5918458271934441,1.0720193104959848,1.814816369156641,-0.5649266463452711,402,0.2935323383084577,1.8452253548173925,4.441050853967283,0.015429827289165053,3.6877423083386867,84.2412935323383,0.52380436800099,54.46884860483821,0.2251137573119564,0.875
spot,ETHUSDT,1h,A2_dual_MA,"{""fast"": 20, ""slow"": 100}",stress,0.0024,0.3841258522660962,0.7834567078110715,-0.9425790176169279,0.39677857119100546,0.8510855294106698,1.4206305385030082,-0.6477408438731219,402,0.2935323383084577,1.8452253548173925,4.441050853967283,0.015429827289165053,3.6877423083386858,84.2412935323383,0.52380436800099,54.46884860483821,0.2251137573119564,0.75
spot,ETHUSDT,1h,A2_dual_MA,"{""fast"": 30, ""slow"": 50}",opt,0.001,0.3841258522660962,0.7834567078110715,-0.9425790176169279,0.8265913918952252,1.2959087130411417,2.260101077193532,-0.6481128121074566,483,0.32091097308488614,1.8800384868718925,3.978404023832134,0.014788045072421431,3.6882505080976777,70.12422360248448,0.5238817051289983,65.4439151147683,0.19521336429321356,0.875
spot,ETHUSDT,1h,A2_dual_MA,"{""fast"": 30, ""slow"": 50}",real,0.0012,0.3841258522660962,0.7834567078110715,-0.9425790176169279,0.7793960426003583,1.2516763286448338,2.176813052364344,-0.6558004384492666,483,0.32091097308488614,1.8800384868718925,3.978404023832134,0.014788045072421431,3.6882505080976777,70.12422360248448,0.5238817051289983,65.4439151147683,0.19521336429321356,0.75
spot,ETHUSDT,1h,A2_dual_MA,"{""fast"": 30, ""slow"": 50}",stress,0.0024,0.3841258522660962,0.7834567078110715,-0.9425790176169279,0.5207567621550575,0.9880514608764197,1.689398249889353,-0.7069271919854692,483,0.32091097308488614,1.880038486871893,3.9784040238321343,0.014788045072421435,3.688250508097678,70.12422360248448,0.5238817051289983,65.4439151147683,0.19521336429321356,0.75
spot,ETHUSDT,1h,A2_dual_MA,"{""fast"": 30, ""slow"": 75}",opt,0.001,0.3841258522660962,0.7834567078110715,-0.9425790176169279,0.622085385410865,1.1022352194540794,1.8539006124169277,-0.6072299445813842,398,0.2989949748743719,1.8166371254208251,4.25917443691101,0.015606742870146009,3.5869459621293105,85.14070351758794,0.5241291839386253,53.92687001175524,0.22147145539719545,0.875
spot,ETHUSDT,1h,A2_dual_MA,"{""fast"": 30, ""slow"": 75}",real,0.0012,0.3841258522660962,0.7834567078110715,-0.9425790176169279,0.5874704257843353,1.06571719973658,1.7884593449897443,-0.6130001436048715,398,0.2989949748743719,1.8166371254208251,4.25917443691101,0.015606742870146009,3.58694596212931,85.14070351758794,0.5241291839386253,53.92687001175524,0.22147145539719545,0.875
spot,ETHUSDT,1h,A2_dual_MA,"{""fast"": 30, ""slow"": 75}",stress,0.0024,0.3841258522660962,0.7834567078110715,-0.9425790176169279,0.3947523871785008,0.8479266677518892,1.403813318838483,-0.6792941177454659,398,0.2989949748743719,1.8166371254208253,4.25917443691101,0.015606742870146012,3.58694596212931,85.14070351758794,0.5241291839386253,53.92687001175524,0.22147145539719545,0.75
spot,ETHUSDT,1h,A2_dual_MA,"{""fast"": 30, ""slow"": 100}",opt,0.001,0.3841258522660962,0.7834567078110715,-0.9425790176169279,0.6270232371143614,1.1058031593525035,1.8583565092185672,-0.5706831875403635,351,0.2962962962962963,1.9041517927555456,4.522360507794421,0.017894817319023194,3.8651378843503497,96.7094017094017,0.5250417620491246,47.55862154303038,0.25624556459427167,0.875
spot,ETHUSDT,1h,A2_dual_MA,"{""fast"": 30, ""slow"": 100}",real,0.0012,0.3841258522660962,0.7834567078110715,-0.9425790176169279,0.596364152327439,1.0737077802008028,1.8008285616336408,-0.5790158800326038,351,0.2962962962962963,1.9041517927555456,4.522360507794421,0.017894817319023194,3.8651378843503497,96.7094017094017,0.5250417620491246,47.55862154303038,0.25624556459427167,0.875
spot,ETHUSDT,1h,A2_dual_MA,"{""fast"": 30, ""slow"": 100}",stress,0.0024,0.3841258522660962,0.7834567078110715,-0.9425790176169279,0.42416768646084657,0.8820815138580835,1.4617415083429863,-0.6510357937042154,351,0.2962962962962963,1.9041517927555456,4.522360507794421,0.017894817319023194,3.8651378843503506,96.7094017094017,0.5250417620491246,47.55862154303038,0.25624556459427167,0.75
spot,ETHUSDT,1h,A3_MA_slope,"{""ma"": 50}",opt,0.001,0.3841258522660962,0.7834567078110715,-0.9425790176169279,0.49812132248167384,0.9694090829809157,1.6573755621385102,-0.7809496782579511,998,0.3807615230460922,1.573296533330352,2.558676993679362,0.006516592766509247,3.894749635466901,32.97294589178357,0.5089865742745777,135.22365897420033,0.12956650556390575,0.875
spot,ETHUSDT,1h,A3_MA_slope,"{""ma"": 50}",real,0.0012,0.3841258522660962,0.7834567078110715,-0.9425790176169279,0.4192411711133095,0.8781808071146615,1.4938026452068096,-0.8094144235001587,998,0.3807615230460922,1.573296533330352,2.558676993679362,0.006516592766509247,3.8947496354669005,32.97294589178357,0.5089865742745777,135.22365897420033,0.12956650556390575,0.75
spot,ETHUSDT,1h,A3_MA_slope,"{""ma"": 50}",stress,0.0024,0.3841258522660962,0.7834567078110715,-0.9425790176169279,0.025914561872087294,0.33776831575524,0.5571793366038307,-0.9393480975553835,998,0.3807615230460922,1.5732965333303517,2.5586769936793616,0.006516592766509247,3.894749635466901,32.97294589178357,0.5089865742745777,135.22365897420033,0.12956650556390575,0.5
spot,ETHUSDT,1h,A3_MA_slope,"{""ma"": 75}",opt,0.001,0.3841258522660962,0.7834567078110715,-0.9425790176169279,0.5554917280834497,1.0395418405515817,1.7674170444753377,-0.6309319374862437,726,0.3622589531680441,1.71260210077508,3.0149611127713385,0.00845490722455762,4.110137710776258,45.34435261707989,0.5091876508073996,98.36911464455856,0.16451854521811793,0.875
spot,ETHUSDT,1h,A3_MA_slope,"{""ma"": 75}",real,0.0012,0.3841258522660962,0.7834567078110715,-0.9425790176169279,0.49547521498971037,0.9720015887896678,1.6466380178745432,-0.6426981156138165,726,0.3622589531680441,1.7126021007750798,3.014961112771338,0.00845490722455762,4.110137710776257,45.34435261707989,0.5091876508073996,98.36911464455856,0.16451854521811793,0.75
spot,ETHUSDT,1h,A3_MA_slope,"{""ma"": 75}",stress,0.0024,0.3841258522660962,0.7834567078110715,-0.9425790176169279,0.1809950637579465,0.5702275987655872,0.9450129407571183,-0.7625191167148297,726,0.3622589531680441,1.71260210077508,3.0149611127713385,0.008454907224557622,4.110137710776259,45.34435261707989,0.5091876508073996,98.36911464455856,0.16451854521811793,0.5
spot,ETHUSDT,1h,A3_MA_slope,"{""ma"": 100}",opt,0.001,0.3841258522660962,0.7834567078110715,-0.9425790176169279,0.31666053953479434,0.7556656345115258,1.2410450048917165,-0.5691945159855706,624,0.3317307692307692,1.5449301900131065,3.10478724176547,0.007710329344326772,3.9492983070675907,52.56410256410256,0.5073470271607994,84.54866052094289,0.1880196870409574,0.5
spot,ETHUSDT,1h,A3_MA_slope,"{""ma"": 100}",real,0.0012,0.3841258522660962,0.7834567078110715,-0.9425790176169279,0.2728762855583371,0.698160443436988,1.1431516703216138,-0.6007225323595201,624,0.3317307692307692,1.5449301900131065,3.10478724176547,0.007710329344326774,3.94929830706759,52.56410256410256,0.5073470271607994,84.54866052094289,0.18801968704095742,0.5
spot,ETHUSDT,1h,A3_MA_slope,"{""ma"": 100}",stress,0.0024,0.3841258522660962,0.7834567078110715,-0.9425790176169279,0.03910697294942844,0.355861217603128,0.572035437090459,-0.7486288755728553,624,0.3317307692307692,1.5449301900131065,3.10478724176547,0.007710329344326774,3.94929830706759,52.56410256410256,0.5073470271607994,84.54866052094289,0.1880196870409574,0.375
spot,ETHUSDT,1h,A3_MA_slope,"{""ma"": 150}",opt,0.001,0.3841258522660962,0.7834567078110715,-0.9425790176169279,0.4487767469690289,0.9109496774891095,1.4686473531605164,-0.6119109849647459,467,0.3468950749464668,1.7100774182801213,3.2195902010829442,0.011305303158403699,3.9226808832888267,68.26124197002142,0.49307059333044606,63.27600074243643,0.23101712544118866,0.875
spot,ETHUSDT,1h,A3_MA_slope,"{""ma"": 150}",real,0.0012,0.3841258522660962,0.7834567078110715,-0.9425790176169279,0.4125677487366204,0.8689607343142557,1.3979016019280852,-0.6277243095954774,467,0.3468950749464668,1.7100774182801213,3.2195902010829442,0.011305303158403699,3.922680883288826,68.26124197002142,0.49307059333044606,63.27600074243643,0.23101712544118866,0.875
spot,ETHUSDT,1h,A3_MA_slope,"{""ma"": 150}",stress,0.0024,0.3841258522660962,0.7834567078110715,-0.9425790176169279,0.21354549298922132,0.6186294366186248,0.9820559714616064,-0.7099556494059145,467,0.3468950749464668,1.7100774182801213,3.2195902010829442,0.011305303158403699,3.922680883288827,68.26124197002142,0.49307059333044606,63.27600074243643,0.23101712544118866,0.875
spot,ETHUSDT,1h,A3_MA_slope,"{""ma"": 200}",opt,0.001,0.3841258522660962,0.7834567078110715,-0.9425790176169279,0.2633484263615953,0.6882004205045451,1.079001784752087,-0.6430004249477677,410,0.34146341463414637,1.5609734724845636,3.0104488397916587,0.010138909551280745,3.7519706287175856,76.21707317073171,0.4833570500525892,55.55280579100415,0.26074440971182866,0.75
spot,ETHUSDT,1h,A3_MA_slope,"{""ma"": 200}",real,0.0012,0.3841258522660962,0.7834567078110715,-0.9425790176169279,0.2355849826120462,0.6507217627842449,1.0184341396794427,-0.6488074770423699,410,0.34146341463414637,1.5609734724845636,3.0104488397916587,0.010138909551280745,3.7519706287175865,76.21707317073171,0.4833570500525892,55.55280579100415,0.26074440971182866,0.75
spot,ETHUSDT,1h,A3_MA_slope,"{""ma"": 200}",stress,0.0024,0.3841258522660962,0.7834567078110715,-0.9425790176169279,0.08135766209515927,0.4270275515095792,0.6611201110301554,-0.6937722367160224,410,0.34146341463414637,1.5609734724845636,3.0104488397916587,0.010138909551280747,3.7519706287175865,76.21707317073171,0.4833570500525892,55.55280579100415,0.26074440971182866,0.625
spot,ETHUSDT,1h,A3_MA_slope,"{""ma"": 250}",opt,0.001,0.3841258522660962,0.7834567078110715,-0.9425790176169279,0.2907503088828425,0.7252103551731353,1.1220732800587472,-0.6116914830590197,356,0.3202247191011236,1.6649802924366643,3.519826758572247,0.011787165344856947,3.299941420272853,84.95224719101124,0.4677813524716946,48.236094784384086,0.2690498372023724,0.625
spot,ETHUSDT,1h,A3_MA_slope,"{""ma"": 250}",real,0.0012,0.3841258522660962,0.7834567078110715,-0.9425790176169279,0.266084697012839,0.6928676142606318,1.0704547911027602,-0.6201409952549839,356,0.3202247191011236,1.6649802924366643,3.519826758572247,0.011787165344856944,3.2999414202728534,84.95224719101124,0.4677813524716946,48.236094784384086,0.2690498372023724,0.625
spot,ETHUSDT,1h,A3_MA_slope,"{""ma"": 250}",stress,0.0024,0.3841258522660962,0.7834567078110715,-0.9425790176169279,0.12767975350351435,0.4998009843128135,0.765245935376725,-0.6823526627091893,356,0.3202247191011236,1.6649802924366643,3.519826758572247,0.011787165344856947,3.2999414202728534,84.95224719101124,0.4677813524716946,48.236094784384086,0.2690498372023724,0.625
spot,ETHUSDT,1h,A4_MA_distance_capped,"{""cap_atr"": 4, ""slow"": 150}",opt,0.001,0.3841258522660962,0.7834567078110715,-0.9425790176169279,-0.29713082097956867,-0.6402346092853237,-0.8850423171145315,-0.948830315043125,2092,0.4588910133843212,1.1442444397509755,1.349254901873025,0.0010484791557919693,0.28781702238866885,9.063097514340344,0.29326238940790694,283.45480418239185,0.035559938719226684,0.25
spot,ETHUSDT,1h,A4_MA_distance_capped,"{""cap_atr"": 4, ""slow"": 150}",real,0.0012,0.3841258522660962,0.7834567078110715,-0.9425790176169279,-0.3724717275653002,-0.9118229731793814,-1.241382428300476,-0.9766605259218099,2092,0.4588910133843212,1.1442444397509752,1.3492549018730249,0.0010484791557919693,0.2878170223886689,9.063097514340344,0.29326238940790694,283.45480418239185,0.035559938719226684,0.125
spot,ETHUSDT,1h,A4_MA_distance_capped,"{""cap_atr"": 4, ""slow"": 150}",stress,0.0024,0.3841258522660962,0.7834567078110715,-0.9425790176169279,-0.6821769091685395,-2.509908222443551,-3.1383618669952265,-0.999816779919272,2092,0.4588910133843212,1.1442444397509755,1.349254901873025,0.0010484791557919696,0.28781702238866885,9.063097514340344,0.29326238940790694,283.45480418239185,0.035559938719226684,0.0
spot,ETHUSDT,1h,A4_MA_distance_capped,"{""cap_atr"": 4, ""slow"": 200}",opt,0.001,0.3841258522660962,0.7834567078110715,-0.9425790176169279,-0.39842220758739444,-1.1363280053923932,-1.511636808634172,-0.979697354059032,1781,0.45255474452554745,1.0238586193747439,1.2372683564156335,0.00018346064702120938,0.12890273752191062,8.989331836047164,0.2476334838829425,241.3159685701912,0.03979933479437997,0.0
spot,ETHUSDT,1h,A4_MA_distance_capped,"{""cap_atr"": 4, ""slow"": 200}",real,0.0012,0.3841258522660962,0.7834567078110715,-0.9425790176169279,-0.45377588792760537,-1.385738435373052,-1.817591485234344,-0.9894708179738793,1781,0.45255474452554745,1.0238586193747439,1.2372683564156335,0.00018346064702120935,0.12890273752191073,8.989331836047164,0.2476334838829425,241.3159685701912,0.03979933479437998,0.0
spot,ETHUSDT,1h,A4_MA_distance_capped,"{""cap_atr"": 4, ""slow"": 200}",stress,0.0024,0.3841258522660962,0.7834567078110715,-0.9425790176169279,-0.6939130895661386,-2.8410309234324513,-3.448979564888621,-0.9998411021447097,1781,0.45255474452554745,1.0238586193747439,1.2372683564156335,0.00018346064702120938,0.12890273752191056,8.989331836047164,0.2476334838829425,241.3159685701912,0.03979933479437997,0.0
spot,ETHUSDT,1h,A4_MA_distance_capped,"{""cap_atr"": 4, ""slow"": 250}",opt,0.001,0.3841258522660962,0.7834567078110715,-0.9425790176169279,-0.4262078627099922,-1.302635373053701,-1.6688072258496573,-0.9858355499309952,1569,0.4378585086042065,0.9592282024994123,1.231498216309289,-0.0003194088348013606,-0.039899148813888514,8.669216061185468,0.2103879230340902,212.59110313679392,0.04985858918681035,0.0
spot,ETHUSDT,1h,A4_MA_distance_capped,"{""cap_atr"": 4, ""slow"": 250}",real,0.0012,0.3841258522660962,0.7834567078110715,-0.9425790176169279,-0.4729841330537976,-1.527428725956004,-1.9328033199406633,-0.9920892810777158,1569,0.4378585086042065,0.9592282024994124,1.2314982163092891,-0.00031940883480136045,-0.03989914881388868,8.669216061185468,0.2103879230340902,212.59110313679392,0.04985858918681034,0.0
spot,ETHUSDT,1h,A4_MA_distance_capped,"{""cap_atr"": 4, ""slow"": 250}",stress,0.0024,0.3841258522660962,0.7834567078110715,-0.9425790176169279,-0.6835990323263244,-2.8353178408224804,-3.352714712333017,-0.9997952435813174,1569,0.4378585086042065,0.9592282024994123,1.231498216309289,-0.0003194088348013606,-0.039899148813888716,8.669216061185468,0.2103879230340902,212.59110313679392,0.04985858918681033,0.0
spot,ETHUSDT,1h,B1_supertrend_flip,"{""mult"": 2.0, ""n"": 10}",opt,0.001,0.3841258522660962,0.7834567078110715,-0.9425790176169279,0.04772573840724914,0.38398849340193364,0.644894682288213,-0.7280755904466403,1234,0.38492706645056723,1.2479801951754312,1.994140985554005,0.0033630198933903266,1.8814549905320666,26.64424635332253,0.5085534863577306,167.2003959660954,0.06836420186245032,0.375
spot,ETHUSDT,1h,B1_supertrend_flip,"{""mult"": 2.0, ""n"": 10}",real,0.0012,0.3841258522660962,0.7834567078110715,-0.9425790176169279,-0.020054565430252302,0.27973994185912054,0.4669434636751664,-0.7712284489508011,1234,0.38492706645056723,1.2479801951754312,1.994140985554005,0.0033630198933903266,1.8814549905320666,26.64424635332253,0.5085534863577306,167.2003959660954,0.06836420186245033,0.375
spot,ETHUSDT,1h,B1_supertrend_flip,"{""mult"": 2.0, ""n"": 10}",stress,0.0024,0.3841258522660962,0.7834567078110715,-0.9425790176169279,-0.3439647039333903,-0.33668832618739136,-0.5420868171721666,-0.9816494168894426,1234,0.38492706645056723,1.2479801951754312,1.994140985554005,0.0033630198933903266,1.8814549905320666,26.64424635332253,0.5085534863577306,167.2003959660954,0.06836420186245032,0.25
spot,ETHUSDT,1h,B1_supertrend_flip,"{""mult"": 2.5, ""n"": 10}",opt,0.001,0.3841258522660962,0.7834567078110715,-0.9425790176169279,0.11973555224649668,0.48456066297275824,0.8232122340944998,-0.7590421162397201,883,0.3941109852774632,1.2757462338969048,1.9612765377438048,0.004406177765306822,1.9315478045170416,37.24348810872027,0.5086617583369424,119.64177442306503,0.08503914408167028,0.5
spot,ETHUSDT,1h,B1_supertrend_flip,"{""mult"": 2.5, ""n"": 10}",real,0.0012,0.3841258522660962,0.7834567078110715,-0.9425790176169279,0.06741066402922513,0.40781765412419474,0.6895003428805703,-0.7693691541711203,883,0.3941109852774632,1.2757462338969048,1.9612765377438048,0.004406177765306822,1.9315478045170411,37.24348810872027,0.5086617583369424,119.64177442306503,0.08503914408167025,0.5
spot,ETHUSDT,1h,B1_supertrend_flip,"{""mult"": 2.5, ""n"": 10}",stress,0.0024,0.3841258522660962,0.7834567078110715,-0.9425790176169279,-0.19900890384241587,-0.047286905679741524,-0.07770160282741816,-0.9182688113758227,883,0.3941109852774632,1.2757462338969048,1.9612765377438048,0.004406177765306822,1.9315478045170411,37.24348810872027,0.5086617583369424,119.64177442306503,0.08503914408167025,0.25
spot,ETHUSDT,1h,B1_supertrend_flip,"{""mult"": 3.0, ""n"": 10}",opt,0.001,0.3841258522660962,0.7834567078110715,-0.9425790176169279,0.3933708994349745,0.8446751729160881,1.4731480483195019,-0.6098791273289981,664,0.4126506024096386,1.448008474606424,2.0610339602062235,0.007485398733347037,1.9068283059059583,48.713855421686745,0.5003093485120337,89.96844645177256,0.09613663182567551,0.75
spot,ETHUSDT,1h,B1_supertrend_flip,"{""mult"": 3.0, ""n"": 10}",real,0.0012,0.3841258522660962,0.7834567078110715,-0.9425790176169279,0.34411861924955844,0.7844565835748096,1.3624713538318576,-0.6154566203343176,664,0.4126506024096386,1.448008474606424,2.0610339602062235,0.007485398733347035,1.9068283059059585,48.713855421686745,0.5003093485120337,89.96844645177256,0.09613663182567551,0.75
spot,ETHUSDT,1h,B1_supertrend_flip,"{""mult"": 3.0, ""n"": 10}",stress,0.0024,0.3841258522660962,0.7834567078110715,-0.9425790176169279,0.0830850530247289,0.42660566582671294,0.7230193168931586,-0.7438803008162174,664,0.4126506024096386,1.448008474606424,2.0610339602062235,0.007485398733347037,1.9068283059059583,48.713855421686745,0.5003093485120337,89.96844645177256,0.09613663182567551,0.375
spot,ETHUSDT,1h,B1_supertrend_flip,"{""mult"": 2.0, ""n"": 14}",opt,0.001,0.3841258522660962,0.7834567078110715,-0.9425790176169279,0.09568137938893284,0.45413624480868275,0.7682682086890932,-0.7481080398633511,1233,0.39416058394160586,1.267345952090049,1.9479576671013716,0.00359728821787335,1.82081476707752,27.014598540145986,0.5152044793664542,167.06490131782465,0.06702177528630464,0.375
spot,ETHUSDT,1h,B1_supertrend_flip,"{""mult"": 2.0, ""n"": 14}",real,0.0012,0.3841258522660962,0.7834567078110715,-0.9425790176169279,0.024854234685935506,0.3498941433624441,0.5882336358587807,-0.7802259220139657,1233,0.39416058394160586,1.267345952090049,1.9479576671013716,0.00359728821787335,1.82081476707752,27.014598540145986,0.5152044793664542,167.06490131782465,0.06702177528630464,0.375
spot,ETHUSDT,1h,B1_supertrend_flip,"{""mult"": 2.0, ""n"": 14}",stress,0.0024,0.3841258522660962,0.7834567078110715,-0.9425790176169279,-0.31367686367982495,-0.26633893914683054,-0.4316048315579336,-0.9777123341422795,1233,0.39416058394160586,1.267345952090049,1.9479576671013716,0.003597288217873351,1.82081476707752,27.014598540145986,0.5152044793664542,167.06490131782465,0.06702177528630464,0.25
spot,ETHUSDT,1h,B1_supertrend_flip,"{""mult"": 2.5, ""n"": 14}",opt,0.001,0.3841258522660962,0.7834567078110715,-0.9425790176169279,0.12807689488732588,0.49968566141279214,0.8315054246267577,-0.7683576131103587,885,0.39661016949152544,1.275774648480024,1.9409221147815752,0.004510784000840065,1.6447021018765722,37.68587570621469,0.5158695786673266,119.9127637196065,0.0788294224448529,0.5
spot,ETHUSDT,1h,B1_supertrend_flip,"{""mult"": 2.5, ""n"": 14}",real,0.0012,0.3841258522660962,0.7834567078110715,-0.9425790176169279,0.07524565988204635,0.42418897670044936,0.702676404848653,-0.7767921803354789,885,0.39661016949152544,1.2757746484800243,1.9409221147815754,0.004510784000840065,1.6447021018765722,37.68587570621469,0.5158695786673266,119.9127637196065,0.07882942244485287,0.375
spot,ETHUSDT,1h,B1_supertrend_flip,"{""mult"": 2.5, ""n"": 14}",stress,0.0024,0.3841258522660962,0.7834567078110715,-0.9425790176169279,-0.19365407694241765,-0.023589581207267157,-0.03804094489693181,-0.9102091891057335,885,0.39661016949152544,1.2757746484800243,1.9409221147815754,0.004510784000840065,1.6447021018765724,37.68587570621469,0.5158695786673266,119.9127637196065,0.07882942244485287,0.25
spot,ETHUSDT,1h,B1_supertrend_flip,"{""mult"": 3.0, ""n"": 14}",opt,0.001,0.3841258522660962,0.7834567078110715,-0.9425790176169279,0.26379523501235,0.6810214919504228,1.1657519399972318,-0.6010329863920232,681,0.40381791483113066,1.370165941116663,2.0228631712486003,0.006471991243448498,2.5744867603133206,48.349486049926576,0.5092804553610097,92.27185547237518,0.1150867673565891,0.75
spot,ETHUSDT,1h,B1_supertrend_flip,"{""mult"": 3.0, ""n"": 14}",real,0.0012,0.3841258522660962,0.7834567078110715,-0.9425790176169279,0.21800040038773094,0.6204800161558829,1.0577843017594872,-0.6260662427081589,681,0.40381791483113066,1.370165941116663,2.0228631712486003,0.0064719912434485,2.5744867603133206,48.349486049926576,0.5092804553610097,92.27185547237518,0.1150867673565891,0.625
spot,ETHUSDT,1h,B1_supertrend_flip,"{""mult"": 3.0, ""n"": 14}",stress,0.0024,0.3841258522660962,0.7834567078110715,-0.9425790176169279,-0.023951205255609676,0.2609002650692888,0.4341560311095877,-0.842804608981594,681,0.40381791483113066,1.370165941116663,2.0228631712486003,0.0064719912434485,2.574486760313321,48.349486049926576,0.5092804553610097,92.27185547237518,0.1150867673565891,0.375
spot,ETHUSDT,1h,B1_supertrend_flip,"{""mult"": 2.0, ""n"": 20}",opt,0.001,0.3841258522660962,0.7834567078110715,-0.9425790176169279,0.08851786740910073,0.44487532456414064,0.7469727625151342,-0.8290368213951023,1235,0.39838056680161943,1.2594812815347076,1.902021528821723,0.0036028442617289736,1.9700293492683263,27.676113360323885,0.52867660706552,167.33589061436615,0.06991734470158754,0.5
spot,ETHUSDT,1h,B1_supertrend_flip,"{""mult"": 2.0, ""n"": 20}",real,0.0012,0.3841258522660962,0.7834567078110715,-0.9425790176169279,0.01804342949592197,0.3408600592964735,0.5687870751538405,-0.8489745972095011,1235,0.39838056680161943,1.2594812815347078,1.9020215288217235,0.003602844261728974,1.9700293492683263,27.676113360323885,0.52867660706552,167.33589061436615,0.06991734470158754,0.5
spot,ETHUSDT,1h,B1_supertrend_flip,"{""mult"": 2.0, ""n"": 20}",stress,0.0024,0.3841258522660962,0.7834567078110715,-0.9425790176169279,-0.3186811732870818,-0.2740065050768724,-0.4408748466325298,-0.9793244929440682,1235,0.39838056680161943,1.2594812815347078,1.9020215288217235,0.0036028442617289736,1.9700293492683258,27.676113360323885,0.52867660706552,167.33589061436615,0.06991734470158754,0.25
spot,ETHUSDT,1h,B1_supertrend_flip,"{""mult"": 2.5, ""n"": 20}",opt,0.001,0.3841258522660962,0.7834567078110715,-0.9425790176169279,0.11694078493671589,0.48422558618356437,0.8111946250217957,-0.7858132199343688,901,0.40066592674805773,1.2657036818368415,1.8932963661825326,0.004349530039449011,1.644671087499716,37.28634850166482,0.5196281630885355,122.08067809193838,0.07582208683464892,0.375
spot,ETHUSDT,1h,B1_supertrend_flip,"{""mult"": 2.5, ""n"": 20}",real,0.0012,0.3841258522660962,0.7834567078110715,-0.9425790176169279,0.06370827490494024,0.4079286808138367,0.6801480678923402,-0.7933868106421598,901,0.40066592674805773,1.2657036818368415,1.8932963661825326,0.00434953003944901,1.6446710874997161,37.28634850166482,0.5196281630885355,122.08067809193838,0.07582208683464892,0.375
spot,ETHUSDT,1h,B1_supertrend_flip,"{""mult"": 2.5, ""n"": 20}",stress,0.0024,0.3841258522660962,0.7834567078110715,-0.9425790176169279,-0.2064457999267173,-0.04438837695412146,-0.07196851169823423,-0.9268431206950373,901,0.40066592674805773,1.2657036818368415,1.8932963661825328,0.00434953003944901,1.6446710874997161,37.28634850166482,0.5196281630885355,122.08067809193838,0.07582208683464892,0.25
spot,ETHUSDT,1h,B1_supertrend_flip,"{""mult"": 3.0, ""n"": 20}",opt,0.001,0.3841258522660962,0.7834567078110715,-0.9425790176169279,0.18718850209841054,0.5799888822561564,0.9688493250454636,-0.7114207871530314,693,0.40404040404040403,1.3190935007794211,1.9456629136496462,0.005891596209901457,2.4356713944228217,48.473304473304474,0.5195817608117305,93.89779125162408,0.11464980738804101,0.625
spot,ETHUSDT,1h,B1_supertrend_flip,"{""mult"": 3.0, ""n"": 20}",real,0.0012,0.3841258522660962,0.7834567078110715,-0.9425790176169279,0.1434256885690024,0.5203141288347966,0.8658398530350766,-0.7297440327940429,693,0.40404040404040403,1.3190935007794211,1.9456629136496462,0.005891596209901457,2.435671394422821,48.473304473304474,0.5195817608117305,93.89779125162408,0.11464980738804104,0.625
spot,ETHUSDT,1h,B1_supertrend_flip,"{""mult"": 3.0, ""n"": 20}",stress,0.0024,0.3841258522660962,0.7834567078110715,-0.9425790176169279,-0.08728053219142151,0.16586176707548644,0.26981949893014506,-0.8710200590854136,693,0.40404040404040403,1.3190935007794211,1.9456629136496462,0.005891596209901457,2.435671394422822,48.473304473304474,0.5195817608117305,93.89779125162408,0.11464980738804101,0.25
spot,ETHUSDT,1h,B3_supertrend_HTF,"{""mult"": 2.0, ""n"": 10}",opt,0.001,0.3841258522660962,0.7834567078110715,-0.9425790176169279,0.04324606841784684,0.3262730147581855,0.5944931928921443,-0.2279686254571952,191,0.4031413612565445,1.4438144775113895,2.1375954602116676,0.004190575335826832,1.9888953906369211,25.43979057591623,0.075156220998577,25.87947781971169,0.24991814520913944,0.25
spot,ETHUSDT,1h,B3_supertrend_HTF,"{""mult"": 2.0, ""n"": 10}",real,0.0012,0.3841258522660962,0.7834567078110715,-0.9425790176169279,0.03250229457963738,0.2672796811410675,0.4813030288735722,-0.24067874428528913,191,0.4031413612565445,1.4438144775113895,2.1375954602116676,0.004190575335826831,1.9888953906369211,25.43979057591623,0.075156220998577,25.87947781971169,0.24991814520913944,0.25
spot,ETHUSDT,1h,B3_supertrend_HTF,"{""mult"": 2.0, ""n"": 10}",stress,0.0024,0.3841258522660962,0.7834567078110715,-0.9425790176169279,-0.02967643142327936,-0.07997413271806461,-0.13475964620208022,-0.3360320192917434,191,0.4031413612565445,1.4438144775113895,2.1375954602116676,0.004190575335826831,1.9888953906369207,25.43979057591623,0.075156220998577,25.87947781971169,0.24991814520913944,0.0
spot,ETHUSDT,1h,B3_supertrend_HTF,"{""mult"": 2.5, ""n"": 10}",opt,0.001,0.3841258522660962,0.7834567078110715,-0.9425790176169279,0.024043277857327627,0.22279485489301226,0.40732747399672214,-0.2669619547961942,140,0.38571428571428573,1.3536917895349239,2.1558795166667304,0.003936191627551224,2.0547044369396414,33.385714285714286,0.07229474726226567,18.969250757903854,0.3151689036227785,0.25
spot,ETHUSDT,1h,B3_supertrend_HTF,"{""mult"": 2.5, ""n"": 10}",real,0.0012,0.3841258522660962,0.7834567078110715,-0.9425790176169279,0.016302539315736553,0.17794741890335236,0.32227979523951783,-0.2804706185745597,140,0.38571428571428573,1.3536917895349239,2.1558795166667304,0.003936191627551224,2.0547044369396414,33.385714285714286,0.07229474726226567,18.969250757903854,0.3151689036227785,0.125
spot,ETHUSDT,1h,B3_supertrend_HTF,"{""mult"": 2.5, ""n"": 10}",stress,0.0024,0.3841258522660962,0.7834567078110715,-0.9425790176169279,-0.028928594258038842,-0.08757702840404717,-0.15027524930491906,-0.3907652988373451,140,0.38571428571428573,1.3536917895349234,2.15587951666673,0.003936191627551224,2.0547044369396414,33.385714285714286,0.07229474726226567,18.969250757903854,0.31516890362277855,0.125
spot,ETHUSDT,1h,B3_supertrend_HTF,"{""mult"": 3.0, ""n"": 10}",opt,0.001,0.3841258522660962,0.7834567078110715,-0.9425790176169279,0.010535316736712153,0.14429931117390155,0.25957206103956804,-0.3039800377278117,113,0.415929203539823,1.2771248222634053,1.7934093248805265,0.0034158865010392656,1.7853488556408972,42.46017699115044,0.07421270803687434,15.310895254593825,0.3522371624504514,0.25
spot,ETHUSDT,1h,B3_supertrend_HTF,"{""mult"": 3.0, ""n"": 10}",real,0.0012,0.3841258522660962,0.7834567078110715,-0.9425790176169279,0.004365341948940005,0.10868271964608607,0.19406609546138426,-0.314616796739453,113,0.415929203539823,1.2771248222634053,1.7934093248805265,0.003415886501039266,1.7853488556408976,42.46017699115044,0.07421270803687434,15.310895254593825,0.3522371624504514,0.125
spot,ETHUSDT,1h,B3_supertrend_HTF,"{""mult"": 3.0, ""n"": 10}",stress,0.0024,0.3841258522660962,0.7834567078110715,-0.9425790176169279,-0.03187147871510443,-0.102178271356535,-0.1748489190075804,-0.37511000128508565,113,0.415929203539823,1.2771248222634053,1.7934093248805265,0.003415886501039266,1.7853488556408976,42.46017699115044,0.07421270803687434,15.310895254593825,0.3522371624504514,0.0
spot,ETHUSDT,1h,B3_supertrend_HTF,"{""mult"": 2.0, ""n"": 14}",opt,0.001,0.3841258522660962,0.7834567078110715,-0.9425790176169279,0.007536538440414242,0.12899573917097146,0.22627742396201778,-0.28138240016809324,197,0.39593908629441626,1.2766818755868121,1.9477582460875726,0.0028250340275992815,1.9813321941810529,24.614213197969544,0.07500154674256017,26.692445709336138,0.2534892617802943,0.25
spot,ETHUSDT,1h,B3_supertrend_HTF,"{""mult"": 2.0, ""n"": 14}",real,0.0012,0.3841258522660962,0.7834567078110715,-0.9425790176169279,-0.0031636955503092645,0.06924869162218604,0.12011144357758376,-0.2988449010836709,197,0.39593908629441626,1.2766818755868126,1.947758246087573,0.0028250340275992815,1.9813321941810529,24.614213197969544,0.07500154674256017,26.692445709336138,0.25348926178029424,0.125
spot,ETHUSDT,1h,B3_supertrend_HTF,"{""mult"": 2.0, ""n"": 14}",stress,0.0024,0.3841258522660962,0.7834567078110715,-0.9425790176169279,-0.06502061266400339,-0.2814166496127328,-0.4580983809773998,-0.45098005850623146,197,0.39593908629441626,1.2766818755868121,1.9477582460875726,0.0028250340275992824,1.9813321941810533,24.614213197969544,0.07500154674256017,26.692445709336138,0.2534892617802943,0.0
spot,ETHUSDT,1h,B3_supertrend_HTF,"{""mult"": 2.5, ""n"": 14}",opt,0.001,0.3841258522660962,0.7834567078110715,-0.9425790176169279,0.030663587566441164,0.2591164329635312,0.47076654339415325,-0.3011809088555877,140,0.40714285714285714,1.3812701189880254,2.011323155719406,0.004291438478311901,1.985759986025939,34.8,0.07535729753139887,18.969250757903854,0.3061554589184872,0.25
spot,ETHUSDT,1h,B3_supertrend_HTF,"{""mult"": 2.5, ""n"": 14}",real,0.0012,0.3841258522660962,0.7834567078110715,-0.9425790176169279,0.022872806133469314,0.21509528573310324,0.38718552061355277,-0.3146075086496576,140,0.40714285714285714,1.3812701189880254,2.011323155719406,0.0042914384783119,1.985759986025939,34.8,0.07535729753139887,18.969250757903854,0.3061554589184872,0.25
spot,ETHUSDT,1h,B3_supertrend_HTF,"{""mult"": 2.5, ""n"": 14}",stress,0.0024,0.3841258522660962,0.7834567078110715,-0.9425790176169279,-0.02265074097323705,-0.04552058512910647,-0.07770970737816765,-0.38992060579523824,140,0.40714285714285714,1.3812701189880254,2.011323155719406,0.0042914384783118995,1.985759986025939,34.8,0.07535729753139887,18.969250757903854,0.3061554589184872,0.0
spot,ETHUSDT,1h,B3_supertrend_HTF,"{""mult"": 3.0, ""n"": 14}",opt,0.001,0.3841258522660962,0.7834567078110715,-0.9425790176169279,0.0006005079394422186,0.08645202061733273,0.15297787673961252,-0.3044426107227013,117,0.41025641025641024,1.2211036868043172,1.755336549781206,0.00280449446554413,1.9965031213598337,40.47863247863248,0.07325372764957,15.852873847676792,0.3651125769527484,0.125
spot,ETHUSDT,1h,B3_supertrend_HTF,"{""mult"": 3.0, ""n"": 14}",real,0.0012,0.3841258522660962,0.7834567078110715,-0.9425790176169279,-0.005724382452815813,0.04957372486944853,0.08706219665455828,-0.31507230057291247,117,0.41025641025641024,1.2211036868043172,1.755336549781206,0.0028044944655441295,1.9965031213598337,40.47863247863248,0.07325372764957,15.852873847676792,0.3651125769527484,0.125
spot,ETHUSDT,1h,B3_supertrend_HTF,"{""mult"": 3.0, ""n"": 14}",stress,0.0024,0.3841258522660962,0.7834567078110715,-0.9425790176169279,-0.04284300761001125,-0.1685078991160062,-0.28337696209366486,-0.41378640308835646,117,0.41025641025641024,1.2211036868043175,1.755336549781206,0.002804494465544131,1.9965031213598343,40.47863247863248,0.07325372764957,15.852873847676792,0.3651125769527484,0.0
spot,ETHUSDT,1h,B3_supertrend_HTF,"{""mult"": 2.0, ""n"": 20}",opt,0.001,0.3841258522660962,0.7834567078110715,-0.9425790176169279,0.027783255522635164,0.24025021217903633,0.4269753603033678,-0.2908117030761542,194,0.4020618556701031,1.3550198475120445,2.015157721940989,0.00361967646666858,1.9271865006160582,24.876288659793815,0.07464579595372146,26.28596176452391,0.2435879297676534,0.25
spot,ETHUSDT,1h,B3_supertrend_HTF,"{""mult"": 2.0, ""n"": 20}",real,0.0012,0.3841258522660962,0.7834567078110715,-0.9425790176169279,0.017033347307436664,0.18175103345663363,0.31941630036235685,-0.30832179766602463,194,0.4020618556701031,1.3550198475120443,2.015157721940989,0.0036196764666685797,1.9271865006160582,24.876288659793815,0.07464579595372146,26.28596176452391,0.24358792976765342,0.25
spot,ETHUSDT,1h,B3_supertrend_HTF,"{""mult"": 2.0, ""n"": 20}",stress,0.0024,0.3841258522660962,0.7834567078110715,-0.9425790176169279,-0.045145793777771503,-0.1624394659868764,-0.26799941297393337,-0.413220722984206,194,0.4020618556701031,1.3550198475120445,2.015157721940989,0.00361967646666858,1.9271865006160587,24.876288659793815,0.07464579595372146,26.28596176452391,0.2435879297676534,0.0
spot,ETHUSDT,1h,B3_supertrend_HTF,"{""mult"": 2.5, ""n"": 20}",opt,0.001,0.3841258522660962,0.7834567078110715,-0.9425790176169279,0.014102114386785214,0.1655522140949795,0.28852267076113447,-0.3097646525423098,147,0.40816326530612246,1.2918061692864877,1.8731189454654071,0.0033501575541633024,1.746441189981577,33.006802721088434,0.07504794901936522,19.917713295799047,0.2883221123057431,0.125
spot,ETHUSDT,1h,B3_supertrend_HTF,"{""mult"": 2.5, ""n"": 20}",real,0.0012,0.3841258522660962,0.7834567078110715,-0.9425790176169279,0.006054766077899121,0.12053815766883484,0.20816453051953185,-0.3235676935706955,147,0.40816326530612246,1.2918061692864877,1.8731189454654076,0.003350157554163303,1.746441189981577,33.006802721088434,0.07504794901936522,19.917713295799047,0.28832211230574306,0.125
spot,ETHUSDT,1h,B3_supertrend_HTF,"{""mult"": 2.5, ""n"": 20}",stress,0.0024,0.3841258522660962,0.7834567078110715,-0.9425790176169279,-0.040905973871663726,-0.145362068148547,-0.2383130185082059,-0.4007793998967011,147,0.40816326530612246,1.291806169286488,1.8731189454654076,0.003350157554163303,1.7464411899815773,33.006802721088434,0.07504794901936522,19.917713295799047,0.28832211230574306,0.0
spot,ETHUSDT,1h,B3_supertrend_HTF,"{""mult"": 3.0, ""n"": 20}",opt,0.001,0.3841258522660962,0.7834567078110715,-0.9425790176169279,0.013108020167867274,0.15950862602202193,0.27922602774835936,-0.3137288209988004,115,0.40869565217391307,1.2884755353414834,1.8641773702812954,0.0036136783838889913,1.8361795192357226,41.391304347826086,0.07362494586401039,15.581884551135309,0.3523095866013821,0.125
spot,ETHUSDT,1h,B3_supertrend_HTF,"{""mult"": 3.0, ""n"": 20}",real,0.0012,0.3841258522660962,0.7834567078110715,-0.9425790176169279,0.006813197066325438,0.12262772060333393,0.2130229468699903,-0.32394622879667145,115,0.40869565217391307,1.2884755353414834,1.8641773702812954,0.003613678383888992,1.8361795192357222,41.391304347826086,0.07362494586401039,15.581884551135309,0.3523095866013822,0.125
spot,ETHUSDT,1h,B3_supertrend_HTF,"{""mult"": 3.0, ""n"": 20}",stress,0.0024,0.3841258522660962,0.7834567078110715,-0.9425790176169279,-0.030142917966687888,-0.0962869537771458,-0.1600338746329222,-0.4059616006611313,115,0.40869565217391307,1.2884755353414836,1.8641773702812954,0.0036136783838889913,1.8361795192357222,41.391304347826086,0.07362494586401039,15.581884551135309,0.3523095866013822,0.125
spot,ETHUSDT,1h,C1_donchian_channel,"{""n"": 20}",opt,0.001,0.3841258522660962,0.7834567078110715,-0.9425790176169279,0.08286394089159677,0.4088239758139487,0.7326475438933149,-0.7377933989783858,875,0.376,1.2822096142178354,2.124025044828937,0.0038328546540559844,3.277536871053918,28.995428571428572,0.3924395223658974,118.55781723689908,0.11740793109134798,0.5
spot,ETHUSDT,1h,C1_donchian_channel,"{""n"": 20}",real,0.0012,0.3841258522660962,0.7834567078110715,-0.9425790176169279,0.03270972014590123,0.32125263834610784,0.5721132018577344,-0.7504815934164633,875,0.376,1.2822096142178354,2.124025044828937,0.003832854654055984,3.277536871053918,28.995428571428572,0.3924395223658974,118.55781723689908,0.11740793109134798,0.5
spot,ETHUSDT,1h,C1_donchian_channel,"{""n"": 20}",stress,0.0024,0.3841258522660962,0.7834567078110715,-0.9425790176169279,-0.22303002642581204,-0.19802476361438134,-0.3398934351183687,-0.8959706630299388,875,0.376,1.2822096142178356,2.1240250448289375,0.0038328546540559844,3.277536871053918,28.995428571428572,0.3924395223658974,118.55781723689908,0.11740793109134796,0.375
spot,ETHUSDT,1h,C6_donchian_ATR_trail,"{""n"": 20, ""trail"": 2.0}",opt,0.001,0.3841258522660962,0.7834567078110715,-0.9425790176169279,-0.24064613210043684,-0.9683363214355493,-1.5521783379836074,-0.8992355411494334,672,0.33482142857142855,0.9210427499770887,1.8298049299544827,-0.0007125840377418892,1.3760823159064315,8.930059523809524,0.09282002103569882,91.0524036379385,0.10318602005728314,0.125
spot,ETHUSDT,1h,C6_donchian_ATR_trail,"{""n"": 20, ""trail"": 2.0}",real,0.0012,0.3841258522660962,0.7834567078110715,-0.9425790176169279,-0.26780498514538076,-1.1098518159352035,-1.7568775789728353,-0.921618698478858,672,0.33482142857142855,0.9210427499770886,1.8298049299544825,-0.0007125840377418889,1.3760823159064317,8.930059523809524,0.09282002103569882,91.0524036379385,0.10318602005728314,0.0
spot,ETHUSDT,1h,C6_donchian_ATR_trail,"{""n"": 20, ""trail"": 2.0}",stress,0.0024,0.3841258522660962,0.7834567078110715,-0.9425790176169279,-0.4115332713578891,-1.9408343488836801,-2.861938464904253,-0.9827808726563193,672,0.33482142857142855,0.9210427499770883,1.8298049299544823,-0.0007125840377418892,1.3760823159064317,8.930059523809524,0.09282002103569882,91.0524036379385,0.10318602005728314,0.0
spot,ETHUSDT,1h,C6_donchian_ATR_trail,"{""n"": 20, ""trail"": 3.0}",opt,0.001,0.3841258522660962,0.7834567078110715,-0.9425790176169279,-0.14087821311316517,-0.2167142863933855,-0.3791433093970868,-0.796070269249349,672,0.3586309523809524,1.0793388513949373,1.9302698960631455,0.0009560145452095786,1.729040710761825,19.032738095238095,0.19782837344552373,91.0524036379385,0.10618136189806883,0.125
spot,ETHUSDT,1h,C6_donchian_ATR_trail,"{""n"": 20, ""trail"": 3.0}",real,0.0012,0.3841258522660962,0.7834567078110715,-0.9425790176169279,-0.17160533961389612,-0.31169893108894864,-0.540737882664456,-0.8356438222702933,672,0.3586309523809524,1.0793388513949373,1.9302698960631455,0.0009560145452095785,1.729040710761825,19.032738095238095,0.19782837344552373,91.0524036379385,0.10618136189806884,0.125
spot,ETHUSDT,1h,C6_donchian_ATR_trail,"{""n"": 20, ""trail"": 3.0}",stress,0.0024,0.3841258522660962,0.7834567078110715,-0.9425790176169279,-0.3342174066579858,-0.874000953022433,-1.443916305965927,-0.9626838996608774,672,0.3586309523809524,1.0793388513949373,1.9302698960631455,0.0009560145452095785,1.729040710761825,19.032738095238095,0.19782837344552373,91.0524036379385,0.10618136189806884,0.125
spot,ETHUSDT,1h,C6_donchian_ATR_trail,"{""n"": 20, ""trail"": 4.0}",opt,0.001,0.3841258522660962,0.7834567078110715,-0.9425790176169279,-0.08672066239133058,0.03593735780339871,0.062432866896782985,-0.7594102966903238,672,0.3913690476190476,1.1381246912449419,1.7699353563466969,0.001985102763613228,2.043199404000433,30.15029761904762,0.3133855101156963,91.0524036379385,0.10815062047205436,0.375
spot,ETHUSDT,1h,C6_donchian_ATR_trail,"{""n"": 20, ""trail"": 4.0}",real,0.0012,0.3841258522660962,0.7834567078110715,-0.9425790176169279,-0.1193847737729008,-0.040614401026947675,-0.07012817633625613,-0.7892036236908732,672,0.3913690476190476,1.1381246912449416,1.7699353563466966,0.001985102763613228,2.0431994040004335,30.15029761904762,0.3133855101156963,91.0524036379385,0.10815062047205437,0.375
spot,ETHUSDT,1h,C6_donchian_ATR_trail,"{""n"": 20, ""trail"": 4.0}",stress,0.0024,0.3841258522660962,0.7834567078110715,-0.9425790176169279,-0.29224762412075833,-0.4946006950139294,-0.8240233073757728,-0.9445219240908417,672,0.3913690476190476,1.1381246912449419,1.7699353563466969,0.0019851027636132285,2.043199404000433,30.15029761904762,0.3133855101156963,91.0524036379385,0.10815062047205437,0.125
spot,ETHUSDT,1h,C4_donchian_HTF,"{""n"": 20}",opt,0.001,0.3841258522660962,0.7834567078110715,-0.9425790176169279,-0.0032131489439279903,0.05307585363905081,0.08981693862057832,-0.302301098725948,140,0.40714285714285714,1.224584410091195,1.7831667725889329,0.002345754661038001,1.626071083438576,28.62857142857143,0.06200890923714657,18.969250757903854,0.29715895430703615,0.125
spot,ETHUSDT,1h,C4_donchian_HTF,"{""n"": 20}",real,0.0012,0.3841258522660962,0.7834567078110715,-0.9425790176169279,-0.010747856277650736,0.0032849819847562602,0.005509871648206377,-0.32088710289853006,140,0.40714285714285714,1.224584410091195,1.7831667725889329,0.002345754661038001,1.626071083438576,28.62857142857143,0.06200890923714657,18.969250757903854,0.29715895430703626,0.125
spot,ETHUSDT,1h,C4_donchian_HTF,"{""n"": 20}",stress,0.0024,0.3841258522660962,0.7834567078110715,-0.9425790176169279,-0.05477509631679822,-0.289579062940164,-0.4617737656138243,-0.43366321237725747,140,0.40714285714285714,1.2245844100911951,1.7831667725889329,0.002345754661038001,1.6260710834385756,28.62857142857143,0.06200890923714657,18.969250757903854,0.29715895430703615,0.0
spot,ETHUSDT,1h,C1_donchian_channel,"{""n"": 50}",opt,0.001,0.3841258522660962,0.7834567078110715,-0.9425790176169279,0.16967179762567208,0.578005739845714,0.8715981817821852,-0.6922294770395425,382,0.387434554973822,1.3990039001253827,2.211938598846889,0.008252052172293248,1.2776619599578056,67.2303664921466,0.3972344243024191,51.75895563942338,0.17040140445358853,0.625
spot,ETHUSDT,1h,C1_donchian_channel,"{""n"": 50}",real,0.0012,0.3841258522660962,0.7834567078110715,-0.9425790176169279,0.14570433455170506,0.5420339164332943,0.815791843131719,-0.6944374691736757,382,0.387434554973822,1.3990039001253827,2.2119385988468885,0.008252052172293247,1.277661959957804,67.2303664921466,0.3972344243024191,51.75895563942338,0.17040140445358856,0.625
spot,ETHUSDT,1h,C1_donchian_channel,"{""n"": 50}",stress,0.0024,0.3841258522660962,0.7834567078110715,-0.9425790176169279,0.011867543380780221,0.32759383088753885,0.48744652443248837,-0.7073567483337597,382,0.387434554973822,1.3990039001253827,2.2119385988468885,0.008252052172293247,1.2776619599578043,67.2303664921466,0.3972344243024191,51.75895563942338,0.17040140445358856,0.625
spot,ETHUSDT,1h,C6_donchian_ATR_trail,"{""n"": 50, ""trail"": 2.0}",opt,0.001,0.3841258522660962,0.7834567078110715,-0.9425790176169279,-0.08452763452214784,-0.6157234459532953,-0.903317660222874,-0.5226704617513327,284,0.3873239436619718,0.9804950226421073,1.5509648539975152,-0.0001298069303520024,0.5105107232736028,8.588028169014084,0.03772505104250449,38.480480108890674,0.1588866553998955,0.25
spot,ETHUSDT,1h,C6_donchian_ATR_trail,"{""n"": 50, ""trail"": 2.0}",real,0.0012,0.3841258522660962,0.7834567078110715,-0.9425790176169279,-0.09851088543206243,-0.7321618898905957,-1.0604854417112881,-0.5718785246541938,284,0.3873239436619718,0.9804950226421073,1.5509648539975152,-0.00012980693035200252,0.510510723273603,8.588028169014084,0.03772505104250449,38.480480108890674,0.1588866553998955,0.25
spot,ETHUSDT,1h,C6_donchian_ATR_trail,"{""n"": 50, ""trail"": 2.0}",stress,0.0024,0.3841258522660962,0.7834567078110715,-0.9425790176169279,-0.1780377205950382,-1.4113239450923867,-1.9043793522249501,-0.7801424484057551,284,0.3873239436619718,0.9804950226421073,1.5509648539975152,-0.0001298069303520024,0.510510723273603,8.588028169014084,0.03772505104250449,38.480480108890674,0.1588866553998955,0.125
spot,ETHUSDT,1h,C6_donchian_ATR_trail,"{""n"": 50, ""trail"": 3.0}",opt,0.001,0.3841258522660962,0.7834567078110715,-0.9425790176169279,-0.012362038532201303,0.05038473950539097,0.08558990919037278,-0.5091129821798634,284,0.38028169014084506,1.2272358575640316,1.9999399160302738,0.0021516284270531147,1.6826700891156696,19.091549295774648,0.08386438161232444,38.480480108890674,0.19026620762664145,0.25
spot,ETHUSDT,1h,C6_donchian_ATR_trail,"{""n"": 50, ""trail"": 3.0}",real,0.0012,0.3841258522660962,0.7834567078110715,-0.9425790176169279,-0.027447572453426772,-0.019604479843033824,-0.03301774039705755,-0.5215202147199081,284,0.38028169014084506,1.2272358575640314,1.9999399160302733,0.0021516284270531156,1.6826700891156696,19.091549295774648,0.08386438161232444,38.480480108890674,0.19026620762664145,0.25
spot,ETHUSDT,1h,C6_donchian_ATR_trail,"{""n"": 50, ""trail"": 3.0}",stress,0.0024,0.3841258522660962,0.7834567078110715,-0.9425790176169279,-0.11324341329385401,-0.43399143739316837,-0.6957220378192552,-0.6610919193060444,284,0.38028169014084506,1.2272358575640316,1.9999399160302738,0.002151628427053115,1.682670089115669,19.091549295774648,0.08386438161232444,38.480480108890674,0.19026620762664145,0.25
spot,ETHUSDT,1h,C6_donchian_ATR_trail,"{""n"": 50, ""trail"": 4.0}",opt,0.001,0.3841258522660962,0.7834567078110715,-0.9425790176169279,-0.0006871556877989793,0.13441543198358796,0.2217794273644642,-0.6251157947829078,284,0.352112676056338,1.2249124763665826,2.2538389565145125,0.002719971222186486,1.8110110660966077,32.394366197183096,0.14230031553548228,38.480480108890674,0.1861968171056641,0.5
spot,ETHUSDT,1h,C6_donchian_ATR_trail,"{""n"": 50, ""trail"": 4.0}",real,0.0012,0.3841258522660962,0.7834567078110715,-0.9425790176169279,-0.015951015927014423,0.07943788092269737,0.1303145932155605,-0.6345910413078066,284,0.352112676056338,1.2249124763665826,2.2538389565145125,0.002719971222186485,1.8110110660966077,32.394366197183096,0.14230031553548228,38.480480108890674,0.18619681710566413,0.5
spot,ETHUSDT,1h,C6_donchian_ATR_trail,"{""n"": 50, ""trail"": 4.0}",stress,0.0024,0.3841258522660962,0.7834567078110715,-0.9425790176169279,-0.10276105066179131,-0.246607271404352,-0.39118432732921604,-0.7034929055473742,284,0.352112676056338,1.2249124763665824,2.2538389565145116,0.002719971222186485,1.8110110660966077,32.394366197183096,0.14230031553548228,38.480480108890674,0.18619681710566413,0.25
spot,ETHUSDT,1h,C4_donchian_HTF,"{""n"": 50}",opt,0.001,0.3841258522660962,0.7834567078110715,-0.9425790176169279,0.04447564271655913,0.36958844509973626,0.631079391609154,-0.22987852119938945,62,0.41935483870967744,1.679281359109074,2.3251588049202563,0.008205727607666276,1.485163099054558,68.88709677419355,0.06606137474478747,8.400668192785993,0.460829450219555,0.25
spot,ETHUSDT,1h,C4_donchian_HTF,"{""n"": 50}",real,0.0012,0.3841258522660962,0.7834567078110715,-0.9425790176169279,0.04097181134316674,0.3463699341568893,0.5885909154591553,-0.23244431598844995,62,0.41935483870967744,1.679281359109074,2.3251588049202563,0.008205727607666276,1.4851630990545577,68.88709677419355,0.06606137474478747,8.400668192785993,0.4608294502195549,0.25
spot,ETHUSDT,1h,C4_donchian_HTF,"{""n"": 50}",stress,0.0024,0.3841258522660962,0.7834567078110715,-0.9425790176169279,0.02019423885792504,0.2081798517378009,0.3439379810993161,-0.2684168620953964,62,0.41935483870967744,1.679281359109074,2.3251588049202563,0.008205727607666278,1.4851630990545577,68.88709677419355,0.06606137474478747,8.400668192785993,0.460829450219555,0.25
spot,ETHUSDT,1h,C1_donchian_channel,"{""n"": 100}",opt,0.001,0.3841258522660962,0.7834567078110715,-0.9425790176169279,0.24432737441104613,0.6844305811822522,1.0395752357317958,-0.7269473415383145,201,0.3781094527363184,1.5802443592372664,2.5990861171665562,0.017181089356044444,1.372259720600116,121.03980099502488,0.3763069974633422,27.234424302419104,0.2560739624157446,0.625
spot,ETHUSDT,1h,C1_donchian_channel,"{""n"": 100}",real,0.0012,0.3841258522660962,0.7834567078110715,-0.9425790176169279,0.2308455096726998,0.6655897023436492,1.0098355622859514,-0.7313888902769217,201,0.3781094527363184,1.5802443592372664,2.5990861171665562,0.017181089356044447,1.372259720600116,121.03980099502488,0.3763069974633422,27.234424302419104,0.2560739624157446,0.625
spot,ETHUSDT,1h,C1_donchian_channel,"{""n"": 100}",stress,0.0024,0.3841258522660962,0.7834567078110715,-0.9425790176169279,0.15296686352698186,0.5530453247614322,0.8335092963509737,-0.756561507227363,201,0.3781094527363184,1.5802443592372664,2.5990861171665562,0.017181089356044447,1.3722597206001155,121.03980099502488,0.3763069974633422,27.234424302419104,0.2560739624157446,0.625
spot,ETHUSDT,1h,C6_donchian_ATR_trail,"{""n"": 100, ""trail"": 2.0}",opt,0.001,0.3841258522660962,0.7834567078110715,-0.9425790176169279,-0.08633898875887713,-1.068836919719795,-1.4530093120252436,-0.5156517082684156,150,0.34,0.6882368738591526,1.3359892257265902,-0.0023087851906433213,0.7697712190357742,7.346666666666667,0.017045103013054508,20.324197240611273,0.2791386522372073,0.25
spot,ETHUSDT,1h,C6_donchian_ATR_trail,"{""n"": 100, ""trail"": 2.0}",real,0.0012,0.3841258522660962,0.7834567078110715,-0.9425790176169279,-0.09373665729752434,-1.1619764483555826,-1.5586512726337065,-0.5431275778762679,150,0.34,0.6882368738591526,1.3359892257265902,-0.002308785190643321,0.7697712190357744,7.346666666666667,0.017045103013054508,20.324197240611273,0.2791386522372073,0.25
spot,ETHUSDT,1h,C6_donchian_ATR_trail,"{""n"": 100, ""trail"": 2.0}",stress,0.0024,0.3841258522660962,0.7834567078110715,-0.9425790176169279,-0.13688176030810684,-1.6884113958286504,-2.1109471100062,-0.6781765797759973,150,0.34,0.6882368738591524,1.3359892257265902,-0.0023087851906433213,0.7697712190357742,7.346666666666667,0.017045103013054508,20.324197240611273,0.27913865223720735,0.125
spot,ETHUSDT,1h,C6_donchian_ATR_trail,"{""n"": 100, ""trail"": 3.0}",opt,0.001,0.3841258522660962,0.7834567078110715,-0.9425790176169279,-0.10371341817815172,-0.7577186015072129,-1.073986009065217,-0.6715102001599904,150,0.3466666666666667,0.7383469304477752,1.3914999843054225,-0.0030292386634033506,0.9765437733320795,16.64666666666667,0.03862216172740209,20.324197240611273,0.2960655201214824,0.375
spot,ETHUSDT,1h,C6_donchian_ATR_trail,"{""n"": 100, ""trail"": 3.0}",real,0.0012,0.3841258522660962,0.7834567078110715,-0.9425790176169279,-0.11097041061449142,-0.8157491054128804,-1.1469626910848045,-0.685021073758457,150,0.3466666666666667,0.7383469304477752,1.3914999843054225,-0.003029238663403351,0.9765437733320792,16.64666666666667,0.03862216172740209,20.324197240611273,0.2960655201214824,0.375
spot,ETHUSDT,1h,C6_donchian_ATR_trail,"{""n"": 100, ""trail"": 3.0}",stress,0.0024,0.3841258522660962,0.7834567078110715,-0.9425790176169279,-0.15329505446372005,-1.1533736261620013,-1.5503370991005654,-0.7565332044340832,150,0.3466666666666667,0.7383469304477752,1.3914999843054225,-0.00302923866340335,0.9765437733320798,16.64666666666667,0.03862216172740209,20.324197240611273,0.2960655201214824,0.375
spot,ETHUSDT,1h,C6_donchian_ATR_trail,"{""n"": 100, ""trail"": 4.0}",opt,0.001,0.3841258522660962,0.7834567078110715,-0.9425790176169279,-0.09804478572406172,-0.4489951398972194,-0.689238443731907,-0.6564993624957759,150,0.32666666666666666,0.8349164141247938,1.7209501597266157,-0.002348502158030625,2.086871870168612,30.033333333333335,0.06968075233558127,20.324197240611273,0.39509327653842774,0.375
spot,ETHUSDT,1h,C6_donchian_ATR_trail,"{""n"": 100, ""trail"": 4.0}",real,0.0012,0.3841258522660962,0.7834567078110715,-0.9425790176169279,-0.1053476755593783,-0.4902813973826915,-0.7485190228237311,-0.6710226461373232,150,0.32666666666666666,0.8349164141247938,1.7209501597266157,-0.002348502158030625,2.0868718701686126,30.033333333333335,0.06968075233558127,20.324197240611273,0.39509327653842774,0.375
spot,ETHUSDT,1h,C6_donchian_ATR_trail,"{""n"": 100, ""trail"": 4.0}",stress,0.0024,0.3841258522660962,0.7834567078110715,-0.9425790176169279,-0.14794000482820102,-0.7335353626980045,-1.0851751410826438,-0.7620690942748632,150,0.32666666666666666,0.8349164141247938,1.7209501597266157,-0.002348502158030626,2.0868718701686126,30.033333333333335,0.06968075233558127,20.324197240611273,0.39509327653842774,0.375
spot,ETHUSDT,1h,C4_donchian_HTF,"{""n"": 100}",opt,0.001,0.3841258522660962,0.7834567078110715,-0.9425790176169279,0.07423080500079848,0.5015882642867584,0.9563419181161179,-0.31931154951710616,34,0.38235294117647056,2.0043615430044626,3.237814800237978,0.020646186984589303,1.2148384725752213,132.1764705882353,0.06951061065396276,4.606818041205222,0.5985420520661804,0.25
spot,ETHUSDT,1h,C4_donchian_HTF,"{""n"": 100}",real,0.0012,0.3841258522660962,0.7834567078110715,-0.9425790176169279,0.07225311099495246,0.49055212869520254,0.9325516844987587,-0.3214862737827251,34,0.38235294117647056,2.0043615430044626,3.2378148002379783,0.020646186984589303,1.2148384725752208,132.1764705882353,0.06951061065396276,4.606818041205222,0.5985420520661804,0.25
spot,ETHUSDT,1h,C4_donchian_HTF,"{""n"": 100}",stress,0.0024,0.3841258522660962,0.7834567078110715,-0.9425790176169279,0.06046314859461144,0.4246438392309589,0.7932085527492346,-0.33438951319622057,34,0.38235294117647056,2.0043615430044626,3.237814800237978,0.020646186984589296,1.2148384725752208,132.1764705882353,0.06951061065396276,4.606818041205222,0.5985420520661804,0.25
spot,ETHUSDT,1h,C2_donchian_voltarget,"{""n"": 20, ""vol_target"": 0.2}",opt,0.001,0.3841258522660962,0.7834567078110715,-0.9425790176169279,-0.02183427231382218,-0.16800712894520106,-0.31057259709219337,-0.3923365103604264,672,0.35714285714285715,1.0799896351868288,1.925981516083178,0.0009653329705293311,1.7277689652588295,19.032738095238095,0.196498174843779,91.0524036379385,0.10658951644457858,0.5
spot,ETHUSDT,1h,C2_donchian_voltarget,"{""n"": 20, ""vol_target"": 0.2}",real,0.0012,0.3841258522660962,0.7834567078110715,-0.9425790176169279,-0.03404763535087063,-0.29124431978910387,-0.530435830767286,-0.42395804858547304,672,0.35714285714285715,1.0799896351868288,1.925981516083178,0.0009653329705293309,1.7277689652588295,19.032738095238095,0.196498174843779,91.0524036379385,0.10658951644457859,0.5
spot,ETHUSDT,1h,C2_donchian_voltarget,"{""n"": 20, ""vol_target"": 0.2}",stress,0.0024,0.3841258522660962,0.7834567078110715,-0.9425790176169279,-0.1041409504091354,-1.0157304238308007,-1.7015209891122598,-0.5900111437348501,672,0.35714285714285715,1.0799896351868288,1.925981516083178,0.0009653329705293308,1.7277689652588295,19.032738095238095,0.196498174843779,91.0524036379385,0.10658951644457858,0.125
spot,ETHUSDT,1h,C2_donchian_voltarget,"{""n"": 50, ""vol_target"": 0.2}",opt,0.001,0.3841258522660962,0.7834567078110715,-0.9425790176169279,-0.0074628740244634395,-0.093206099264594,-0.16565364905185304,-0.18661684453339245,284,0.38028169014084506,1.2272358575640314,1.9999399160302733,0.0021516284270531143,1.682670089115669,19.091549295774648,0.08332302171626554,38.480480108890674,0.19026620762664145,0.375
spot,ETHUSDT,1h,C2_donchian_voltarget,"{""n"": 50, ""vol_target"": 0.2}",real,0.0012,0.3841258522660962,0.7834567078110715,-0.9425790176169279,-0.012828243834300146,-0.181717140757623,-0.3184905423714827,-0.20310113190134693,284,0.38028169014084506,1.2272358575640314,1.9999399160302733,0.0021516284270531143,1.6826700891156694,19.091549295774648,0.08332302171626554,38.480480108890674,0.19026620762664145,0.25
spot,ETHUSDT,1h,C2_donchian_voltarget,"{""n"": 50, ""vol_target"": 0.2}",stress,0.0024,0.3841258522660962,0.7834567078110715,-0.9425790176169279,-0.04439331102436461,-0.699241893183675,-1.1334930334964761,-0.3389479929408017,284,0.38028169014084506,1.2272358575640314,1.9999399160302733,0.0021516284270531147,1.6826700891156687,19.091549295774648,0.08332302171626554,38.480480108890674,0.1902662076266414,0.25
spot,ETHUSDT,1h,C2_donchian_voltarget,"{""n"": 100, ""vol_target"": 0.2}",opt,0.001,0.3841258522660962,0.7834567078110715,-0.9425790176169279,-0.021141937667691124,-0.4889699538746111,-0.7964481807239335,-0.19650581523286503,150,0.3466666666666667,0.7383469304477753,1.3914999843054225,-0.0030292386634033506,0.9765437733320795,16.64666666666667,0.03862216172740209,20.324197240611273,0.2960655201214824,0.25
spot,ETHUSDT,1h,C2_donchian_voltarget,"{""n"": 100, ""vol_target"": 0.2}",real,0.0012,0.3841258522660962,0.7834567078110715,-0.9425790176169279,-0.023922623098213802,-0.5552978851041939,-0.8925170828636613,-0.20660293336245517,150,0.3466666666666667,0.7383469304477752,1.3914999843054225,-0.0030292386634033506,0.9765437733320794,16.64666666666667,0.03862216172740209,20.324197240611273,0.2960655201214824,0.25
spot,ETHUSDT,1h,C2_donchian_voltarget,"{""n"": 100, ""vol_target"": 0.2}",stress,0.0024,0.3841258522660962,0.7834567078110715,-0.9425790176169279,-0.040428612205131276,-0.9423637837385233,-1.4069759637861248,-0.2904126137724762,150,0.3466666666666667,0.7383469304477752,1.3914999843054225,-0.0030292386634033506,0.9765437733320798,16.64666666666667,0.03862216172740209,20.324197240611273,0.2960655201214824,0.25
spot,ETHUSDT,4h,A1_price_slowMA,"{""slow"": 150}",opt,0.001,0.38022998403679953,0.7861327026745005,-0.9408005648333597,0.6128138904495213,1.1696313775678508,1.918258829398722,-0.565846457745004,193,0.18652849740932642,2.778666074285835,12.118071490635447,0.028801388108042607,4.168606765470897,32.19170984455958,0.38439646105302233,26.15046711625317,0.39372181655455984,1.0
spot,ETHUSDT,4h,A1_price_slowMA,"{""slow"": 150}",real,0.0012,0.38022998403679953,0.7861327026745005,-0.9408005648333597,0.5960314621334697,1.1493941291546659,1.8824230456657807,-0.569392059382287,193,0.18652849740932642,2.7786660742858347,12.118071490635447,0.028801388108042607,4.168606765470895,32.19170984455958,0.38439646105302233,26.15046711625317,0.39372181655455984,1.0
spot,ETHUSDT,4h,A1_price_slowMA,"{""slow"": 150}",stress,0.0024,0.38022998403679953,0.7861327026745005,-0.9408005648333597,0.498941031806839,1.028291313533638,1.6696605285643298,-0.5900661930253175,193,0.18652849740932642,2.778666074285835,12.118071490635447,0.02880138810804261,4.168606765470895,32.19170984455958,0.38439646105302233,26.15046711625317,0.39372181655455984,0.875
spot,ETHUSDT,4h,A1_price_slowMA,"{""slow"": 200}",opt,0.001,0.38022998403679953,0.7861327026745005,-0.9408005648333597,0.5751016818899382,1.1686790562683824,1.940930601388731,-0.6719377321927562,142,0.23943661971830985,3.3311401407070336,10.581268682245872,0.038889022516901316,6.877584424949167,40.267605633802816,0.35377095836169026,19.240240054445337,0.5356015586491487,0.75
spot,ETHUSDT,4h,A1_price_slowMA,"{""slow"": 200}",real,0.0012,0.38022998403679953,0.7861327026745005,-0.9408005648333597,0.5630260606238486,1.1527337658805035,1.912295922473609,-0.671937732192756,142,0.23943661971830985,3.3311401407070336,10.581268682245872,0.03888902251690131,6.877584424949169,40.267605633802816,0.35377095836169026,19.240240054445337,0.5356015586491487,0.75
spot,ETHUSDT,4h,A1_price_slowMA,"{""slow"": 200}",stress,0.0024,0.38022998403679953,0.7861327026745005,-0.9408005648333597,0.4924916826115868,1.0572076050221753,1.7417105617640247,-0.6719377321927561,142,0.23943661971830985,3.3311401407070327,10.58126868224587,0.038889022516901316,6.877584424949169,40.267605633802816,0.35377095836169026,19.240240054445337,0.5356015586491488,0.75
spot,ETHUSDT,4h,A1_price_slowMA,"{""slow"": 250}",opt,0.001,0.38022998403679953,0.7861327026745005,-0.9408005648333597,0.2787757567174134,0.7584025452159788,1.2117589831605684,-0.6719377321927561,149,0.174496644295302,2.34542910290644,11.095683832980468,0.02590556072844092,7.552143704149979,35.41610738255034,0.3264864196003217,20.18870259234053,0.6391515992041262,0.625
spot,ETHUSDT,4h,A1_price_slowMA,"{""slow"": 250}",real,0.0012,0.38022998403679953,0.7861327026745005,-0.9408005648333597,0.26849059955421484,0.7409511839700865,1.1823882806202735,-0.671937732192756,149,0.174496644295302,2.34542910290644,11.095683832980468,0.02590556072844092,7.552143704149979,35.41610738255034,0.3264864196003217,20.18870259234053,0.6391515992041262,0.625
spot,ETHUSDT,4h,A1_price_slowMA,"{""slow"": 250}",stress,0.0024,0.38022998403679953,0.7861327026745005,-0.9408005648333597,0.20849361812874045,0.6364968922690584,1.007916278998513,-0.671937732192756,149,0.174496644295302,2.34542910290644,11.095683832980466,0.025905560728440913,7.5521437041499775,35.41610738255034,0.3264864196003217,20.18870259234053,0.6391515992041263,0.625
spot,ETHUSDT,4h,A2_dual_MA,"{""fast"": 10, ""slow"": 50}",opt,0.001,0.38022998403679953,0.7861327026745005,-0.9408005648333597,0.6268686765164035,1.095701154480688,1.7673187360670957,-0.6738903372300236,203,0.30049261083743845,2.0839308527549587,4.851117722806626,0.02826953031540885,2.7424003558441097,41.12807881773399,0.5165501453938006,27.50541359896059,0.28736636739796023,0.75
spot,ETHUSDT,4h,A2_dual_MA,"{""fast"": 10, ""slow"": 50}",real,0.0012,0.38022998403679953,0.7861327026745005,-0.9408005648333597,0.6090676809036157,1.0776530101272004,1.7365499208709252,-0.6762298971181342,203,0.30049261083743845,2.083930852754959,4.8511177228066265,0.02826953031540885,2.74240035584411,41.12807881773399,0.5165501453938006,27.50541359896059,0.28736636739796023,0.75
spot,ETHUSDT,4h,A2_dual_MA,"{""fast"": 10, ""slow"": 50}",stress,0.0024,0.38022998403679953,0.7861327026745005,-0.9408005648333597,0.5062780140730312,0.9695421774174221,1.5533571621378197,-0.689918998106754,203,0.30049261083743845,2.083930852754959,4.8511177228066265,0.02826953031540885,2.7424003558441097,41.12807881773399,0.5165501453938006,27.50541359896059,0.28736636739796023,0.625
spot,ETHUSDT,4h,A2_dual_MA,"{""fast"": 10, ""slow"": 75}",opt,0.001,0.38022998403679953,0.7861327026745005,-0.9408005648333597,0.6207011889860792,1.0783576902169232,1.7388873121312503,-0.7255040268276869,158,0.2721518987341772,2.275752321596837,6.086314348456658,0.038780415165876686,4.394499349206664,51.81012658227848,0.5064653839015034,21.408154426777205,0.3950543609745945,0.75
spot,ETHUSDT,4h,A2_dual_MA,"{""fast"": 10, ""slow"": 75}",real,0.0012,0.38022998403679953,0.7861327026745005,-0.9408005648333597,0.6068819370676699,1.064599973973181,1.7154459883730349,-0.7275822913369066,158,0.2721518987341772,2.275752321596837,6.086314348456658,0.038780415165876686,4.394499349206665,51.81012658227848,0.5064653839015034,21.408154426777205,0.3950543609745945,0.75
spot,ETHUSDT,4h,A2_dual_MA,"{""fast"": 10, ""slow"": 75}",stress,0.0024,0.38022998403679953,0.7861327026745005,-0.9408005648333597,0.5264058784428716,0.9822150860644017,1.5756492904746302,-0.7397256079076482,158,0.2721518987341772,2.275752321596837,6.086314348456658,0.03878041516587668,4.394499349206665,51.81012658227848,0.5064653839015034,21.408154426777205,0.3950543609745945,0.75
spot,ETHUSDT,4h,A2_dual_MA,"{""fast"": 10, ""slow"": 100}",opt,0.001,0.38022998403679953,0.7861327026745005,-0.9408005648333597,0.7729344445012503,1.2232559216589922,1.9605586565927664,-0.6523547083121646,123,0.25203252032520324,2.7383320498962758,8.126662857756688,0.055020360157188176,3.3151639230163075,65.02439024390245,0.4948338798490379,16.665841737301243,0.41610955876034467,0.75
spot,ETHUSDT,4h,A2_dual_MA,"{""fast"": 10, ""slow"": 100}",real,0.0012,0.38022998403679953,0.7861327026745005,-0.9408005648333597,0.7611547595606498,1.212485400383115,1.9421883304539884,-0.6523547083121646,123,0.25203252032520324,2.7383320498962758,8.126662857756688,0.055020360157188176,3.315163923016308,65.02439024390245,0.4948338798490379,16.665841737301243,0.4161095587603447,0.75
spot,ETHUSDT,4h,A2_dual_MA,"{""fast"": 10, ""slow"": 100}",stress,0.0024,0.38022998403679953,0.7861327026745005,-0.9408005648333597,0.6921020163628577,1.1479416153425785,1.832433392387115,-0.6523547083121646,123,0.25203252032520324,2.7383320498962758,8.126662857756688,0.055020360157188176,3.315163923016308,65.02439024390245,0.4948338798490379,16.665841737301243,0.41610955876034467,0.75
spot,ETHUSDT,4h,A2_dual_MA,"{""fast"": 20, ""slow"": 50}",opt,0.001,0.38022998403679953,0.7861327026745005,-0.9408005648333597,0.47093033646483384,0.9252380383848484,1.4696569451335266,-0.7352884323239299,145,0.31724137931034485,1.9847663683935275,4.2715624015425915,0.036452062201801576,4.268943042770849,57.36551724137931,0.514632184619192,19.646723999257564,0.3810701793828845,0.75
spot,ETHUSDT,4h,A2_dual_MA,"{""fast"": 20, ""slow"": 50}",real,0.0012,0.38022998403679953,0.7861327026745005,-0.9408005648333597,0.45941604045553586,0.9126447690883521,1.4487388156769518,-0.7370298358750477,145,0.31724137931034485,1.9847663683935275,4.2715624015425915,0.03645206220180157,4.268943042770852,57.36551724137931,0.514632184619192,19.646723999257564,0.3810701793828845,0.75
spot,ETHUSDT,4h,A2_dual_MA,"{""fast"": 20, ""slow"": 50}",stress,0.0024,0.38022998403679953,0.7861327026745005,-0.9408005648333597,0.39219840960290075,0.8371989676698128,1.3238975667683546,-0.7472405392929362,145,0.31724137931034485,1.9847663683935275,4.2715624015425915,0.03645206220180157,4.268943042770849,57.36551724137931,0.514632184619192,19.646723999257564,0.3810701793828845,0.75
spot,ETHUSDT,4h,A2_dual_MA,"{""fast"": 20, ""slow"": 75}",opt,0.001,0.38022998403679953,0.7861327026745005,-0.9408005648333597,0.6773681040782447,1.1269108626106983,1.7888941586972091,-0.6834998104834618,111,0.3333333333333333,2.5214219412123944,5.042843882424789,0.05594936099141626,2.7592447371282494,73.18018018018019,0.5025675926498794,15.039905958052342,0.41230273481576923,0.75
spot,ETHUSDT,4h,A2_dual_MA,"{""fast"": 20, ""slow"": 75}",real,0.0012,0.38022998403679953,0.7861327026745005,-0.9408005648333597,0.667307401202268,1.1174037073225862,1.7729082144822998,-0.6856447134395758,111,0.3333333333333333,2.5214219412123953,5.0428438824247905,0.05594936099141627,2.759244737128249,73.18018018018019,0.5025675926498794,15.039905958052342,0.41230273481576923,0.75
spot,ETHUSDT,4h,A2_dual_MA,"{""fast"": 20, ""slow"": 75}",stress,0.0024,0.38022998403679953,0.7861327026745005,-0.9408005648333597,0.6081976743763415,1.0604061583735311,1.6773327506204698,-0.6982123286706584,111,0.3333333333333333,2.5214219412123953,5.0428438824247905,0.05594936099141627,2.7592447371282494,73.18018018018019,0.5025675926498794,15.039905958052342,0.41230273481576923,0.75
spot,ETHUSDT,4h,A2_dual_MA,"{""fast"": 20, ""slow"": 100}",opt,0.001,0.38022998403679953,0.7861327026745005,-0.9408005648333597,0.686872054952153,1.1442576664223965,1.8113258155443142,-0.6937405652743478,99,0.29292929292929293,2.690326299208123,6.49389106705409,0.06481029563380997,2.9703697780978993,81.31313131313131,0.498051104374188,13.41397017880344,0.4666639907619915,0.75
spot,ETHUSDT,4h,A2_dual_MA,"{""fast"": 20, ""slow"": 100}",real,0.0012,0.38022998403679953,0.7861327026745005,-0.9408005648333597,0.677845222212939,1.13563227412476,1.7969612268456505,-0.6954508269816613,99,0.29292929292929293,2.690326299208123,6.49389106705409,0.06481029563380997,2.9703697780979,81.31313131313131,0.498051104374188,13.41397017880344,0.4666639907619915,0.75
spot,ETHUSDT,4h,A2_dual_MA,"{""fast"": 20, ""slow"": 100}",stress,0.0024,0.38022998403679953,0.7861327026745005,-0.9408005648333597,0.6246895116096696,1.0839123987558799,1.711007819644268,-0.7055137098724248,99,0.29292929292929293,2.690326299208123,6.49389106705409,0.06481029563380997,2.9703697780978993,81.31313131313131,0.498051104374188,13.41397017880344,0.4666639907619915,0.75
spot,ETHUSDT,4h,A2_dual_MA,"{""fast"": 30, ""slow"": 50}",opt,0.001,0.38022998403679953,0.7861327026745005,-0.9408005648333597,0.617627679956763,1.0696821215646142,1.679618805002179,-0.6628705009027169,111,0.34234234234234234,2.2921315525890837,4.403305351026398,0.05279988040192981,2.6893400437019612,74.42342342342343,0.5111056115820083,15.039905958052342,0.3753853598248565,0.75
spot,ETHUSDT,4h,A2_dual_MA,"{""fast"": 30, ""slow"": 50}",real,0.0012,0.38022998403679953,0.7861327026745005,-0.9408005648333597,0.6079252947662777,1.0601986527950107,1.6639156517320304,-0.664753152038766,111,0.34234234234234234,2.2921315525890837,4.403305351026398,0.052799880401929816,2.689340043701961,74.42342342342343,0.5111056115820083,15.039905958052342,0.37538535982485655,0.75
spot,ETHUSDT,4h,A2_dual_MA,"{""fast"": 30, ""slow"": 50}",stress,0.0024,0.38022998403679953,0.7861327026745005,-0.9408005648333597,0.5509207946593409,1.0033549648304276,1.5700683764181622,-0.6758303443919639,111,0.34234234234234234,2.292131552589083,4.403305351026396,0.05279988040192981,2.6893400437019603,74.42342342342343,0.5111056115820083,15.039905958052342,0.37538535982485666,0.75
spot,ETHUSDT,4h,A2_dual_MA,"{""fast"": 30, ""slow"": 75}",opt,0.001,0.38022998403679953,0.7861327026745005,-0.9408005648333597,0.5921019232098301,1.0500594868110855,1.6452462016915506,-0.673737050208743,88,0.3068181818181818,2.4427975462557248,5.518912974874045,0.06932018634834759,2.645447507465983,91.48863636363636,0.4981129740765947,11.92352904782528,0.4683026411473794,0.75
spot,ETHUSDT,4h,A2_dual_MA,"{""fast"": 30, ""slow"": 75}",real,0.0012,0.38022998403679953,0.7861327026745005,-0.9408005648333597,0.5845266038749151,1.0424539132788997,1.6327256540120436,-0.6747590489466361,88,0.3068181818181818,2.442797546255725,5.518912974874047,0.0693201863483476,2.645447507465983,91.48863636363636,0.4981129740765947,11.92352904782528,0.46830264114737935,0.75
spot,ETHUSDT,4h,A2_dual_MA,"{""fast"": 30, ""slow"": 75}",stress,0.0024,0.38022998403679953,0.7861327026745005,-0.9408005648333597,0.5398255398816478,0.9968513518892349,1.5578031769071725,-0.6851286865509588,88,0.3068181818181818,2.4427975462557248,5.518912974874045,0.0693201863483476,2.645447507465983,91.48863636363636,0.4981129740765947,11.92352904782528,0.4683026411473794,0.75
spot,ETHUSDT,4h,A2_dual_MA,"{""fast"": 30, ""slow"": 100}",opt,0.001,0.38022998403679953,0.7861327026745005,-0.9408005648333597,0.5658726055239647,1.0224014450347318,1.594834110259933,-0.7283563698850033,85,0.3058823529411765,2.671282191811336,6.0617557429564926,0.07816370835669377,4.369133417272934,95.41176470588235,0.5017632865185918,11.517045103013054,0.5668424770272953,0.75
spot,ETHUSDT,4h,A2_dual_MA,"{""fast"": 30, ""slow"": 100}",real,0.0012,0.38022998403679953,0.7861327026745005,-0.9408005648333597,0.558675497234832,1.0150981486248918,1.5829501565065385,-0.7297652522023363,85,0.3058823529411765,2.6712821918113354,6.061755742956492,0.07816370835669377,4.369133417272934,95.41176470588235,0.5017632865185918,11.517045103013054,0.5668424770272954,0.75
spot,ETHUSDT,4h,A2_dual_MA,"{""fast"": 30, ""slow"": 100}",stress,0.0024,0.38022998403679953,0.7861327026745005,-0.9408005648333597,0.5161821311234409,0.9712967142224465,1.511788222099891,-0.7380664324309576,85,0.3058823529411765,2.671282191811336,6.0617557429564926,0.07816370835669377,4.369133417272934,95.41176470588235,0.5017632865185918,11.517045103013054,0.5668424770272953,0.75
spot,ETHUSDT,4h,A3_MA_slope,"{""ma"": 50}",opt,0.001,0.38022998403679953,0.7861327026745005,-0.9408005648333597,0.19081628999695388,0.5894214938096374,0.903928900603171,-0.6888822487111751,238,0.3025210084033613,1.5003410081184545,3.4591195464953257,0.014058687072880514,2.7010827631746195,32.785714285714285,0.482831157582132,32.24772628843655,0.28872419229739477,0.75
spot,ETHUSDT,4h,A3_MA_slope,"{""ma"": 50}",real,0.0012,0.38022998403679953,0.7861327026745005,-0.9408005648333597,0.17555446779358563,0.5678926467063591,0.8700976463083718,-0.697956385412008,238,0.3025210084033613,1.5003410081184545,3.4591195464953257,0.01405868707288051,2.7010827631746204,32.785714285714285,0.482831157582132,32.24772628843655,0.28872419229739477,0.75
spot,ETHUSDT,4h,A3_MA_slope,"{""ma"": 50}",stress,0.0024,0.38022998403679953,0.7861327026745005,-0.9408005648333597,0.08800432176597206,0.43903162962247066,0.6688578730360185,-0.7471058986469923,238,0.3025210084033613,1.5003410081184545,3.4591195464953257,0.014058687072880514,2.701082763174621,32.785714285714285,0.482831157582132,32.24772628843655,0.2887241922973947,0.375
spot,ETHUSDT,4h,A3_MA_slope,"{""ma"": 75}",opt,0.001,0.38022998403679953,0.7861327026745005,-0.9408005648333597,0.45438920310810227,0.9417690828948344,1.466602573383053,-0.5332045078877268,165,0.34545454545454546,2.070223530002719,3.9225287936893625,0.028095620066191356,2.3553020327969887,43.81212121212121,0.44725607869826145,22.3566169646724,0.3367631608162325,1.0
spot,ETHUSDT,4h,A3_MA_slope,"{""ma"": 75}",real,0.0012,0.38022998403679953,0.7861327026745005,-0.9408005648333597,0.4414410800003268,0.9259980230804294,1.4411498048752145,-0.5352538985737523,165,0.34545454545454546,2.070223530002719,3.9225287936893625,0.028095620066191356,2.3553020327969887,43.81212121212121,0.44725607869826145,22.3566169646724,0.3367631608162324,1.0
spot,ETHUSDT,4h,A3_MA_slope,"{""ma"": 75}",stress,0.0024,0.38022998403679953,0.7861327026745005,-0.9408005648333597,0.36613734594233627,0.831429674802412,1.2890881275764285,-0.547362696925541,165,0.34545454545454546,2.070223530002719,3.9225287936893625,0.028095620066191356,2.3553020327969887,43.81212121212121,0.44725607869826145,22.3566169646724,0.3367631608162324,1.0
spot,ETHUSDT,4h,A3_MA_slope,"{""ma"": 100}",opt,0.001,0.38022998403679953,0.7861327026745005,-0.9408005648333597,0.4857208052684969,0.9831582465448099,1.5422655559153395,-0.7265614367515398,139,0.3597122302158273,2.324750454018164,4.138055808152331,0.041602779723550476,5.378967693281745,49.58273381294964,0.42640598898719295,18.83375610963311,0.49528690103646855,0.75
spot,ETHUSDT,4h,A3_MA_slope,"{""ma"": 100}",real,0.0012,0.38022998403679953,0.7861327026745005,-0.9408005648333597,0.4745701648467644,0.9696971997161469,1.520200776024132,-0.7327253083196329,139,0.3597122302158273,2.324750454018164,4.138055808152331,0.041602779723550476,5.378967693281745,49.58273381294964,0.42640598898719295,18.83375610963311,0.49528690103646855,0.75
spot,ETHUSDT,4h,A3_MA_slope,"{""ma"": 100}",stress,0.0024,0.38022998403679953,0.7861327026745005,-0.9408005648333597,0.4094018113753841,0.8890038657531282,1.3884231308839028,-0.7668979180253299,139,0.3597122302158273,2.324750454018164,4.138055808152331,0.041602779723550476,5.378967693281745,49.58273381294964,0.42640598898719295,18.83375610963311,0.49528690103646855,0.75
spot,ETHUSDT,4h,A3_MA_slope,"{""ma"": 150}",opt,0.001,0.38022998403679953,0.7861327026745005,-0.9408005648333597,0.45408476481060855,0.9747999033019101,1.5077848279158637,-0.66496793464878,104,0.41346153846153844,2.7644896821449736,3.9217179211824043,0.045881897393948316,5.8173517834158215,61.25,0.39411000433087917,14.091443420157148,0.5449888016076015,0.875
spot,ETHUSDT,4h,A3_MA_slope,"{""ma"": 150}",real,0.0012,0.38022998403679953,0.7861327026745005,-0.9408005648333597,0.4459117491736817,0.9640176835821161,1.4903153063917283,-0.6649679346487799,104,0.41346153846153844,2.7644896821449736,3.9217179211824043,0.045881897393948316,5.817351783415819,61.25,0.39411000433087917,14.091443420157148,0.5449888016076015,0.75
spot,ETHUSDT,4h,A3_MA_slope,"{""ma"": 150}",stress,0.0024,0.38022998403679953,0.7861327026745005,-0.9408005648333597,0.3978292715954461,0.8993391797864754,1.3858680723718622,-0.6808404626266225,104,0.41346153846153844,2.764489682144973,3.921717921182404,0.04588189739394831,5.81735178341582,61.25,0.39411000433087917,14.091443420157148,0.5449888016076014,0.75
spot,ETHUSDT,4h,A3_MA_slope,"{""ma"": 200}",opt,0.001,0.38022998403679953,0.7861327026745005,-0.9408005648333597,0.3660657968267067,0.8704754824849976,1.3615902299248248,-0.6124535614487758,92,0.43478260869565216,2.654976333207782,3.451469233170117,0.042851905111898535,4.656726693798289,64.6304347826087,0.367877250510425,12.465507640908248,0.5747081181257023,0.75
spot,ETHUSDT,4h,A3_MA_slope,"{""ma"": 200}",real,0.0012,0.38022998403679953,0.7861327026745005,-0.9408005648333597,0.3592712606770796,0.8605067039794516,1.3453248897042058,-0.6124535614487756,92,0.43478260869565216,2.654976333207782,3.451469233170117,0.042851905111898535,4.656726693798291,64.6304347826087,0.367877250510425,12.465507640908248,0.5747081181257023,0.75
spot,ETHUSDT,4h,A3_MA_slope,"{""ma"": 200}",stress,0.0024,0.38022998403679953,0.7861327026745005,-0.9408005648333597,0.3192077928995434,0.8007207858066342,1.248028617060061,-0.6124535614487757,92,0.43478260869565216,2.654976333207782,3.451469233170117,0.042851905111898535,4.656726693798292,64.6304347826087,0.367877250510425,12.465507640908248,0.5747081181257024,0.75
spot,ETHUSDT,4h,A3_MA_slope,"{""ma"": 250}",opt,0.001,0.38022998403679953,0.7861327026745005,-0.9408005648333597,0.16276977239155732,0.5595085594463644,0.8362645512955166,-0.667173431260238,62,0.3225806451612903,2.1402931862313435,4.494615691085821,0.045912473449917446,5.027929086991752,89.14516129032258,0.3420157149044113,8.400668192785993,0.7193646676304049,0.625
spot,ETHUSDT,4h,A3_MA_slope,"{""ma"": 250}",real,0.0012,0.38022998403679953,0.7861327026745005,-0.9408005648333597,0.15886910774997576,0.5520567752235858,0.8248334160242197,-0.6671734312602378,62,0.3225806451612903,2.1402931862313435,4.494615691085821,0.04591247344991745,5.027929086991753,89.14516129032258,0.3420157149044113,8.400668192785993,0.7193646676304049,0.625
spot,ETHUSDT,4h,A3_MA_slope,"{""ma"": 250}",stress,0.0024,0.38022998403679953,0.7861327026745005,-0.9408005648333597,0.13573833069645103,0.5073588273225208,0.7564242268389548,-0.6671734312602379,62,0.3225806451612903,2.140293186231343,4.49461569108582,0.045912473449917446,5.027929086991751,89.14516129032258,0.3420157149044113,8.400668192785993,0.7193646676304049,0.625
spot,ETHUSDT,4h,A4_MA_distance_capped,"{""cap_atr"": 4, ""slow"": 150}",opt,0.001,0.38022998403679953,0.7861327026745005,-0.9408005648333597,0.19425837081993014,0.6590735894258662,1.0253676370267728,-0.5131694209297198,372,0.49193548387096775,1.5139867782872731,1.5636256890507902,0.0068386070007017095,1.8605801393448038,8.903225806451612,0.20491245437109448,50.40400915671596,0.1687067105905197,0.75
spot,ETHUSDT,4h,A4_MA_distance_capped,"{""cap_atr"": 4, ""slow"": 150}",real,0.0012,0.38022998403679953,0.7861327026745005,-0.9408005648333597,0.17042128237664844,0.6054767459125846,0.9379041666192783,-0.5173383236348588,372,0.49193548387096775,1.513986778287273,1.56362568905079,0.006838607000701712,1.8605801393448038,8.903225806451612,0.20491245437109448,50.40400915671596,0.1687067105905197,0.75
spot,ETHUSDT,4h,A4_MA_distance_capped,"{""cap_atr"": 4, ""slow"": 150}",stress,0.0024,0.38022998403679953,0.7861327026745005,-0.9408005648333597,0.03706408518317561,0.28373330710664274,0.42835891543050203,-0.5432326005958582,372,0.49193548387096775,1.5139867782872731,1.5636256890507902,0.0068386070007017095,1.860580139344804,8.903225806451612,0.20491245437109448,50.40400915671596,0.1687067105905197,0.625
spot,ETHUSDT,4h,A4_MA_distance_capped,"{""cap_atr"": 4, ""slow"": 200}",opt,0.001,0.38022998403679953,0.7861327026745005,-0.9408005648333597,0.057254895921127424,0.3327908904605322,0.5092637819412721,-0.6204323864379027,283,0.5159010600706714,1.3146537895057193,1.233613487412901,0.004581182667712554,0.2637162783339129,9.501766784452297,0.1663676297717008,38.34498546061993,0.14111678539338632,0.5
spot,ETHUSDT,4h,A4_MA_distance_capped,"{""cap_atr"": 4, ""slow"": 200}",real,0.0012,0.38022998403679953,0.7861327026745005,-0.9408005648333597,0.041162435467005265,0.2847003719657178,0.4337881130396516,-0.6424652882364965,283,0.5159010600706714,1.3146537895057193,1.233613487412901,0.004581182667712553,0.2637162783339128,9.501766784452297,0.1663676297717008,38.34498546061993,0.14111678539338632,0.5
spot,ETHUSDT,4h,A4_MA_distance_capped,"{""cap_atr"": 4, ""slow"": 200}",stress,0.0024,0.38022998403679953,0.7861327026745005,-0.9408005648333597,-0.050377231415862145,-0.0037575684314662336,-0.005581014988282743,-0.7502578245065967,283,0.5159010600706714,1.3146537895057193,1.233613487412901,0.004581182667712552,0.26371627833391287,9.501766784452297,0.1663676297717008,38.34498546061993,0.14111678539338632,0.375
spot,ETHUSDT,4h,A4_MA_distance_capped,"{""cap_atr"": 4, ""slow"": 250}",opt,0.001,0.38022998403679953,0.7861327026745005,-0.9408005648333597,-0.012350586293587651,0.1005178705052791,0.14890502218078672,-0.5956461509275321,270,0.4666666666666667,1.1934266895808008,1.3639162166637722,0.002641368265075222,0.5706906762127437,8.7,0.14533193095341213,36.58355503310029,0.1749851197708013,0.625
spot,ETHUSDT,4h,A4_MA_distance_capped,"{""cap_atr"": 4, ""slow"": 250}",real,0.0012,0.38022998403679953,0.7861327026745005,-0.9408005648333597,-0.026698062013673307,0.04982355118102491,0.07347011719608978,-0.605393001524263,270,0.4666666666666667,1.1934266895808008,1.3639162166637722,0.0026413682650752225,0.5706906762127438,8.7,0.14533193095341213,36.58355503310029,0.1749851197708013,0.625
spot,ETHUSDT,4h,A4_MA_distance_capped,"{""cap_atr"": 4, ""slow"": 250}",stress,0.0024,0.38022998403679953,0.7861327026745005,-0.9408005648333597,-0.1085106211010689,-0.2537844393844679,-0.3642792624005425,-0.7155479755056475,270,0.4666666666666667,1.1934266895808008,1.3639162166637722,0.0026413682650752216,0.5706906762127437,8.7,0.14533193095341213,36.58355503310029,0.1749851197708013,0.5
spot,ETHUSDT,4h,B1_supertrend_flip,"{""mult"": 2.0, ""n"": 10}",opt,0.001,0.38022998403679953,0.7861327026745005,-0.9408005648333597,0.3528510071403226,0.8093607291621138,1.2441608801711093,-0.7048292189879953,310,0.3903225806451613,1.5842545306255402,2.4745793908117943,0.01543919989759407,2.2278679421850223,26.90967741935484,0.5161170574769536,42.003340963929965,0.2170079913221828,0.75
spot,ETHUSDT,4h,B1_supertrend_flip,"{""mult"": 2.0, ""n"": 10}",real,0.0012,0.38022998403679953,0.7861327026745005,-0.9408005648333597,0.33031115498037056,0.7824619202282114,1.2010011602835442,-0.711482979756766,310,0.3903225806451613,1.5842545306255402,2.4745793908117943,0.01543919989759407,2.2278679421850223,26.90967741935484,0.5161170574769536,42.003340963929965,0.2170079913221828,0.75
spot,ETHUSDT,4h,B1_supertrend_flip,"{""mult"": 2.0, ""n"": 10}",stress,0.0024,0.38022998403679953,0.7861327026745005,-0.9408005648333597,0.20274267209635632,0.6218296776338019,0.9458761074692859,-0.7483715435943532,310,0.3903225806451613,1.5842545306255402,2.4745793908117943,0.01543919989759407,2.2278679421850223,26.90967741935484,0.5161170574769536,42.003340963929965,0.21700799132218282,0.75
spot,ETHUSDT,4h,B1_supertrend_flip,"{""mult"": 2.5, ""n"": 10}",opt,0.001,0.38022998403679953,0.7861327026745005,-0.9408005648333597,0.4398605052796709,0.9113272341351596,1.3992735154133495,-0.6145969392208639,220,0.4,1.7420205733137373,2.6130308599706056,0.02293990487303447,1.9001754858476372,37.90909090909091,0.5159933180721401,29.8088226195632,0.24844183410495924,0.625
spot,ETHUSDT,4h,B1_supertrend_flip,"{""mult"": 2.5, ""n"": 10}",real,0.0012,0.38022998403679953,0.7861327026745005,-0.9408005648333597,0.4227942134198499,0.8921361050069968,1.3683288506495792,-0.6191941431382686,220,0.4,1.742020573313737,2.6130308599706056,0.022939904873034468,1.9001754858476372,37.90909090909091,0.5159933180721401,29.8088226195632,0.24844183410495926,0.625
spot,ETHUSDT,4h,B1_supertrend_flip,"{""mult"": 2.5, ""n"": 10}",stress,0.0024,0.38022998403679953,0.7861327026745005,-0.9408005648333597,0.3245612590790188,0.7774241920295281,1.1846746304815494,-0.6456484706093597,220,0.4,1.7420205733137373,2.6130308599706056,0.022939904873034468,1.9001754858476376,37.90909090909091,0.5159933180721401,29.8088226195632,0.2484418341049592,0.625
spot,ETHUSDT,4h,B1_supertrend_flip,"{""mult"": 3.0, ""n"": 10}",opt,0.001,0.38022998403679953,0.7861327026745005,-0.9408005648333597,0.4234682399460641,0.892994041530998,1.3658147013780946,-0.6870356423944641,177,0.3615819209039548,1.7812248799682562,3.144975178693952,0.02789552759037952,1.6139314999010004,47.22598870056497,0.517168842417868,23.9825527439213,0.2571052876599269,0.75
spot,ETHUSDT,4h,B1_supertrend_flip,"{""mult"": 3.0, ""n"": 10}",real,0.0012,0.38022998403679953,0.7861327026745005,-0.9408005648333597,0.4098781518204373,0.8775606906034322,1.3410152950188317,-0.6880355288803828,177,0.3615819209039548,1.7812248799682562,3.144975178693952,0.02789552759037952,1.613931499901,47.22598870056497,0.517168842417868,23.9825527439213,0.2571052876599269,0.75
spot,ETHUSDT,4h,B1_supertrend_flip,"{""mult"": 3.0, ""n"": 10}",stress,0.0024,0.38022998403679953,0.7861327026745005,-0.9408005648333597,0.33101919863265516,0.7852619602669761,1.1935609662433269,-0.693968131425953,177,0.3615819209039548,1.7812248799682562,3.144975178693952,0.027895527590379512,1.6139314999010004,47.22598870056497,0.517168842417868,23.9825527439213,0.2571052876599269,0.75
spot,ETHUSDT,4h,B1_supertrend_flip,"{""mult"": 2.0, ""n"": 14}",opt,0.001,0.38022998403679953,0.7861327026745005,-0.9408005648333597,0.2710071807680714,0.7089470500595656,1.0795063810215466,-0.7390452036970443,312,0.41346153846153844,1.506135061376577,2.1366102033481673,0.013633319897506485,2.003535575939392,27.067307692307693,0.5224896368248468,42.274330260471444,0.21251109105879112,0.625
spot,ETHUSDT,4h,B1_supertrend_flip,"{""mult"": 2.0, ""n"": 14}",real,0.0012,0.38022998403679953,0.7861327026745005,-0.9408005648333597,0.2496954595481038,0.6822530985908214,1.0373351055987259,-0.7451316418152754,312,0.41346153846153844,1.5061350613765772,2.1366102033481678,0.013633319897506485,2.0035355759393916,27.067307692307693,0.5224896368248468,42.274330260471444,0.2125110910587911,0.625
spot,ETHUSDT,4h,B1_supertrend_flip,"{""mult"": 2.0, ""n"": 14}",stress,0.0024,0.38022998403679953,0.7861327026745005,-0.9408005648333597,0.12912292157071703,0.5228632235440789,0.7880294041660508,-0.7787824307089432,312,0.41346153846153844,1.506135061376577,2.1366102033481673,0.013633319897506485,2.0035355759393925,27.067307692307693,0.5224896368248468,42.274330260471444,0.21251109105879112,0.5
spot,ETHUSDT,4h,B1_supertrend_flip,"{""mult"": 2.5, ""n"": 14}",opt,0.001,0.38022998403679953,0.7861327026745005,-0.9408005648333597,0.3917159853556105,0.8540321158808601,1.3058768566648198,-0.684248924062432,220,0.39090909090909093,1.6743036501217363,2.6087987106547987,0.022023580872063884,1.821902655433416,38.595454545454544,0.5253356431355565,29.8088226195632,0.24467355125373572,0.625
spot,ETHUSDT,4h,B1_supertrend_flip,"{""mult"": 2.5, ""n"": 14}",real,0.0012,0.38022998403679953,0.7861327026745005,-0.9408005648333597,0.3752203379613208,0.8349811750278425,1.2753583948646352,-0.6891986601004185,220,0.39090909090909093,1.6743036501217363,2.6087987106547987,0.022023580872063884,1.8219026554334166,38.595454545454544,0.5253356431355565,29.8088226195632,0.24467355125373566,0.625
spot,ETHUSDT,4h,B1_supertrend_flip,"{""mult"": 2.5, ""n"": 14}",stress,0.0024,0.38022998403679953,0.7861327026745005,-0.9408005648333597,0.2802719923795456,0.7211204686101772,1.0942710280923604,-0.7173098416393802,220,0.39090909090909093,1.6743036501217363,2.6087987106547987,0.022023580872063884,1.821902655433416,38.595454545454544,0.5253356431355565,29.8088226195632,0.24467355125373572,0.625
spot,ETHUSDT,4h,B1_supertrend_flip,"{""mult"": 3.0, ""n"": 14}",opt,0.001,0.38022998403679953,0.7861327026745005,-0.9408005648333597,0.3995480555285942,0.864996535714463,1.3190037589758379,-0.6540506555882182,176,0.38636363636363635,1.7268160906995875,2.7425902616993447,0.026883536635138875,1.4614225991594363,47.92045454545455,0.5218090700983729,23.84705809565056,0.2401531189093771,0.625
spot,ETHUSDT,4h,B1_supertrend_flip,"{""mult"": 3.0, ""n"": 14}",real,0.0012,0.38022998403679953,0.7861327026745005,-0.9408005648333597,0.38626146784266235,0.849753707953848,1.2945887556928644,-0.6550179600679892,176,0.38636363636363635,1.7268160906995873,2.7425902616993443,0.026883536635138875,1.4614225991594365,47.92045454545455,0.5218090700983729,23.84705809565056,0.24015311890937713,0.625
spot,ETHUSDT,4h,B1_supertrend_flip,"{""mult"": 3.0, ""n"": 14}",stress,0.0024,0.38022998403679953,0.7861327026745005,-0.9408005648333597,0.30914912133297556,0.7586227475072791,1.1494828924893046,-0.6607652651110067,176,0.38636363636363635,1.7268160906995875,2.7425902616993447,0.026883536635138875,1.461422599159437,47.92045454545455,0.5218090700983729,23.84705809565056,0.24015311890937713,0.625
spot,ETHUSDT,4h,B1_supertrend_flip,"{""mult"": 2.0, ""n"": 20}",opt,0.001,0.38022998403679953,0.7861327026745005,-0.9408005648333597,0.213462726758622,0.635904662031718,0.9628086543378732,-0.8185562203035615,313,0.4185303514376997,1.4482858783677621,2.012122365365898,0.012803926478089808,1.9523082502977178,27.48562300319489,0.5322650498051105,42.40982490874219,0.21398137933843892,0.75
spot,ETHUSDT,4h,B1_supertrend_flip,"{""mult"": 2.0, ""n"": 20}",real,0.0012,0.38022998403679953,0.7861327026745005,-0.9408005648333597,0.19305122442211187,0.6097164193756497,0.9218629983321879,-0.822859035916256,313,0.4185303514376997,1.4482858783677621,2.012122365365898,0.012803926478089811,1.9523082502977187,27.48562300319489,0.5322650498051105,42.40982490874219,0.21398137933843892,0.75
spot,ETHUSDT,4h,B1_supertrend_flip,"{""mult"": 2.0, ""n"": 20}",stress,0.0024,0.38022998403679953,0.7861327026745005,-0.9408005648333597,0.0775933316076467,0.45334774193626093,0.6797004398109883,-0.8466158837341632,313,0.4185303514376997,1.4482858783677621,2.012122365365898,0.012803926478089808,1.9523082502977178,27.48562300319489,0.5322650498051105,42.40982490874219,0.21398137933843892,0.5
spot,ETHUSDT,4h,B1_supertrend_flip,"{""mult"": 2.5, ""n"": 20}",opt,0.001,0.38022998403679953,0.7861327026745005,-0.9408005648333597,0.3006054752099423,0.7457328821837446,1.134611505253653,-0.7135788993262857,226,0.37610619469026546,1.5781277502173874,2.6178354444782546,0.018878112844741685,1.6684861724142628,37.610619469026545,0.5259543401596238,30.62179050918765,0.23632356402286825,0.625
spot,ETHUSDT,4h,B1_supertrend_flip,"{""mult"": 2.5, ""n"": 20}",real,0.0012,0.38022998403679953,0.7861327026745005,-0.9408005648333597,0.28477187722450825,0.7263080863531335,1.1038768637509602,-0.7181816066551736,226,0.37610619469026546,1.5781277502173876,2.6178354444782546,0.01887811284474169,1.6684861724142628,37.610619469026545,0.5259543401596238,30.62179050918765,0.23632356402286822,0.625
spot,ETHUSDT,4h,B1_supertrend_flip,"{""mult"": 2.5, ""n"": 20}",stress,0.0024,0.38022998403679953,0.7861327026745005,-0.9408005648333597,0.19373689050723764,0.6102132530748763,0.9214955131667545,-0.7442858084211609,226,0.37610619469026546,1.5781277502173876,2.6178354444782546,0.018878112844741682,1.6684861724142628,37.610619469026545,0.5259543401596238,30.62179050918765,0.23632356402286822,0.625
spot,ETHUSDT,4h,B1_supertrend_flip,"{""mult"": 3.0, ""n"": 20}",opt,0.001,0.38022998403679953,0.7861327026745005,-0.9408005648333597,0.3732409939678245,0.8295096308188695,1.2669630086687913,-0.6680101304370791,178,0.38202247191011235,1.7063996356706483,2.7603523518201665,0.025879160368890534,1.4368299794407935,48.42134831460674,0.5332549650436181,24.118047392192043,0.24640509931325014,0.625
spot,ETHUSDT,4h,B1_supertrend_flip,"{""mult"": 3.0, ""n"": 20}",real,0.0012,0.38022998403679953,0.7861327026745005,-0.9408005648333597,0.3600567194667075,0.8143467541547988,1.2427281599534488,-0.6690708013280956,178,0.38202247191011235,1.7063996356706481,2.760352351820166,0.025879160368890524,1.4368299794407933,48.42134831460674,0.5332549650436181,24.118047392192043,0.2464050993132502,0.625
spot,ETHUSDT,4h,B1_supertrend_flip,"{""mult"": 3.0, ""n"": 20}",stress,0.0024,0.38022998403679953,0.7861327026745005,-0.9408005648333597,0.283566968115053,0.7236899328788853,1.0986437153393729,-0.675364054529008,178,0.38202247191011235,1.7063996356706483,2.7603523518201665,0.025879160368890534,1.4368299794407935,48.42134831460674,0.5332549650436181,24.118047392192043,0.24640509931325014,0.625
spot,ETHUSDT,4h,B3_supertrend_HTF,"{""mult"": 2.0, ""n"": 10}",opt,0.001,0.38022998403679953,0.7861327026745005,-0.9408005648333597,0.052748169992141714,0.37527962216586935,0.659986841733126,-0.2983359609576889,50,0.42,1.7119897348487463,2.3641763005054117,0.012838412647494689,3.080140798527205,26.24,0.08117304955763163,6.774732413537091,0.6932807269796541,0.25
spot,ETHUSDT,4h,B3_supertrend_HTF,"{""mult"": 2.0, ""n"": 10}",real,0.0012,0.38022998403679953,0.7861327026745005,-0.9408005648333597,0.04989919362913242,0.35992555220761996,0.6310623437539732,-0.30113701467030285,50,0.42,1.7119897348487463,2.3641763005054117,0.012838412647494689,3.0801407985272053,26.24,0.08117304955763163,6.774732413537091,0.6932807269796541,0.25
spot,ETHUSDT,4h,B3_supertrend_HTF,"{""mult"": 2.0, ""n"": 10}",stress,0.0024,0.38022998403679953,0.7861327026745005,-0.9408005648333597,0.0329664806559955,0.2682267251670715,0.46185857912126566,-0.31771010936393485,50,0.42,1.7119897348487463,2.3641763005054117,0.012838412647494689,3.080140798527206,26.24,0.08117304955763163,6.774732413537091,0.6932807269796541,0.25
spot,ETHUSDT,4h,B3_supertrend_HTF,"{""mult"": 2.5, ""n"": 10}",opt,0.001,0.38022998403679953,0.7861327026745005,-0.9408005648333597,0.09902749966046587,0.6021305831681995,1.140019065080709,-0.23438282593962712,35,0.4,2.37621351496318,3.5643202724447702,0.026467391952532428,2.241816091510659,39.34285714285714,0.08519458021406917,4.7423126894759635,0.7108702202739985,0.25
spot,ETHUSDT,4h,B3_supertrend_HTF,"{""mult"": 2.5, ""n"": 10}",real,0.0012,0.38022998403679953,0.7861327026745005,-0.9408005648333597,0.09694470039187686,0.5916143995776391,1.1174171049311434,-0.23606550239197877,35,0.4,2.3762135149631805,3.5643202724447702,0.026467391952532428,2.241816091510659,39.34285714285714,0.08519458021406917,4.7423126894759635,0.7108702202739985,0.25
spot,ETHUSDT,4h,B3_supertrend_HTF,"{""mult"": 2.5, ""n"": 10}",stress,0.0024,0.38022998403679953,0.7861327026745005,-0.9408005648333597,0.0845305076183529,0.5286731358556794,0.984190432325982,-0.24608483756285637,35,0.4,2.3762135149631805,3.5643202724447702,0.026467391952532428,2.241816091510659,39.34285714285714,0.08519458021406917,4.7423126894759635,0.7108702202739984,0.25
spot,ETHUSDT,4h,B3_supertrend_HTF,"{""mult"": 3.0, ""n"": 10}",opt,0.001,0.38022998403679953,0.7861327026745005,-0.9408005648333597,0.06219338628147075,0.4121888218798354,0.7388316554142123,-0.27702223613577415,32,0.4375,1.8323950041831738,2.355936433949795,0.020623745365502974,2.2071802678281585,44.59375,0.08828806533440574,4.335828744663738,0.7348199863521111,0.25
spot,ETHUSDT,4h,B3_supertrend_HTF,"{""mult"": 3.0, ""n"": 10}",real,0.0012,0.38022998403679953,0.7861327026745005,-0.9408005648333597,0.060352785169161205,0.40283376807267385,0.7206201228224425,-0.27904374489437533,32,0.4375,1.8323950041831738,2.355936433949795,0.020623745365502974,2.2071802678281585,44.59375,0.08828806533440574,4.335828744663738,0.7348199863521111,0.25
spot,ETHUSDT,4h,B3_supertrend_HTF,"{""mult"": 3.0, ""n"": 10}",stress,0.0024,0.38022998403679953,0.7861327026745005,-0.9408005648333597,0.04937594039694004,0.3469200277145357,0.6131760805293852,-0.29105467601873236,32,0.4375,1.8323950041831738,2.355936433949795,0.02062374536550297,2.207180267828158,44.59375,0.08828806533440574,4.335828744663738,0.7348199863521111,0.25
spot,ETHUSDT,4h,B3_supertrend_HTF,"{""mult"": 2.0, ""n"": 14}",opt,0.001,0.38022998403679953,0.7861327026745005,-0.9408005648333597,0.061444683184633364,0.4245192759567097,0.7537947956913265,-0.26977725859323487,50,0.48,1.839999777800113,1.9933330926167887,0.01372430993278998,3.321454437945288,25.62,0.07925508878302295,6.774732413537091,0.6614268124574214,0.25
spot,ETHUSDT,4h,B3_supertrend_HTF,"{""mult"": 2.0, ""n"": 14}",real,0.0012,0.38022998403679953,0.7861327026745005,-0.9408005648333597,0.058572172075867845,0.408977272427536,0.7239651967033458,-0.2726923190880616,50,0.48,1.8399997778001125,1.9933330926167883,0.013724309932789976,3.321454437945288,25.62,0.07925508878302295,6.774732413537091,0.6614268124574214,0.25
spot,ETHUSDT,4h,B3_supertrend_HTF,"{""mult"": 2.0, ""n"": 14}",stress,0.0024,0.38022998403679953,0.7861327026745005,-0.9408005648333597,0.04149958181208069,0.3160441320731777,0.5493165204013286,-0.2938106436123371,50,0.48,1.8399997778001125,1.9933330926167883,0.01372430993278998,3.3214544379452873,25.62,0.07925508878302295,6.774732413537091,0.6614268124574214,0.25
spot,ETHUSDT,4h,B3_supertrend_HTF,"{""mult"": 2.5, ""n"": 14}",opt,0.001,0.38022998403679953,0.7861327026745005,-0.9408005648333597,0.09994353462082639,0.5990238024589757,1.1142716334211695,-0.2635622577105543,35,0.42857142857142855,2.433795937971639,3.2450612506288516,0.026555933877485886,2.2480378997679775,41.2,0.08921611087050671,4.7423126894759635,0.7093328285354505,0.25
spot,ETHUSDT,4h,B3_supertrend_HTF,"{""mult"": 2.5, ""n"": 14}",real,0.0012,0.38022998403679953,0.7861327026745005,-0.9408005648333597,0.09785899934750053,0.5886934960753948,1.0925252515210744,-0.2659150947935669,35,0.42857142857142855,2.433795937971639,3.2450612506288516,0.02655593387748588,2.2480378997679766,41.2,0.08921611087050671,4.7423126894759635,0.7093328285354505,0.25
spot,ETHUSDT,4h,B3_supertrend_HTF,"{""mult"": 2.5, ""n"": 14}",stress,0.0024,0.38022998403679953,0.7861327026745005,-0.9408005648333597,0.08543445939468497,0.5268737157213425,0.9643081786840327,-0.2798751267217623,35,0.42857142857142855,2.4337959379716385,3.245061250628851,0.02655593387748588,2.2480378997679766,41.2,0.08921611087050671,4.7423126894759635,0.7093328285354507,0.25
spot,ETHUSDT,4h,B3_supertrend_HTF,"{""mult"": 3.0, ""n"": 14}",opt,0.001,0.38022998403679953,0.7861327026745005,-0.9408005648333597,0.08014349145904487,0.5033882199994792,0.9183447210202415,-0.2274202188110772,30,0.4666666666666667,2.1249612946381835,2.4285271938722093,0.02591967782893967,2.1102688873016016,47.03333333333333,0.08729815009589804,4.064839448122254,0.7268148851249544,0.25
spot,ETHUSDT,4h,B3_supertrend_HTF,"{""mult"": 3.0, ""n"": 14}",real,0.0012,0.38022998403679953,0.7861327026745005,-0.9408005648333597,0.07838867237853964,0.4945076675186203,0.9003297947978461,-0.22927218927947912,30,0.4666666666666667,2.1249612946381835,2.4285271938722097,0.025919677828939666,2.1102688873016002,47.03333333333333,0.08729815009589804,4.064839448122254,0.7268148851249545,0.25
spot,ETHUSDT,4h,B3_supertrend_HTF,"{""mult"": 3.0, ""n"": 14}",stress,0.0024,0.38022998403679953,0.7861327026745005,-0.9408005648333597,0.06791944276044437,0.44139759932224637,0.7939813135523833,-0.2402911796389563,30,0.4666666666666667,2.124961294638183,2.4285271938722093,0.025919677828939666,2.1102688873016002,47.03333333333333,0.08729815009589804,4.064839448122254,0.7268148851249545,0.25
spot,ETHUSDT,4h,B3_supertrend_HTF,"{""mult"": 2.0, ""n"": 20}",opt,0.001,0.38022998403679953,0.7861327026745005,-0.9408005648333597,0.05958262670951786,0.41268798738706886,0.7303192279239671,-0.23676218884702527,51,0.49019607843137253,1.779459404565955,1.8506377807485932,0.012356604282403842,1.8024604279541454,25.666666666666668,0.08098744045041144,6.9102270618078325,0.5640454399079876,0.25
spot,ETHUSDT,4h,B3_supertrend_HTF,"{""mult"": 2.0, ""n"": 20}",real,0.0012,0.38022998403679953,0.7861327026745005,-0.9408005648333597,0.0566578845329504,0.39696468027500437,0.700372715694003,-0.23874419952455783,51,0.49019607843137253,1.7794594045659549,1.850637780748593,0.012356604282403838,1.8024604279541454,25.666666666666668,0.08098744045041144,6.9102270618078325,0.5640454399079877,0.25
spot,ETHUSDT,4h,B3_supertrend_HTF,"{""mult"": 2.0, ""n"": 20}",stress,0.0024,0.38022998403679953,0.7861327026745005,-0.9408005648333597,0.03927815178872618,0.30295495659681226,0.524987389179102,-0.25052929835622473,51,0.49019607843137253,1.7794594045659546,1.8506377807485928,0.012356604282403835,1.8024604279541447,25.666666666666668,0.08098744045041144,6.9102270618078325,0.5640454399079877,0.25
spot,ETHUSDT,4h,B3_supertrend_HTF,"{""mult"": 2.5, ""n"": 20}",opt,0.001,0.38022998403679953,0.7861327026745005,-0.9408005648333597,0.07398217464345391,0.4741708256873395,0.8631592917433083,-0.25237986063669404,38,0.39473684210526316,2.029771793880999,3.1123167506175315,0.01983627541373938,2.5664795045636875,38.39473684210526,0.09032976551382788,5.148796634288189,0.7388985598184384,0.25
spot,ETHUSDT,4h,B3_supertrend_HTF,"{""mult"": 2.5, ""n"": 20}",real,0.0012,0.38022998403679953,0.7861327026745005,-0.9408005648333597,0.0717725617904934,0.46293818387614516,0.8409300693288021,-0.25476842424077095,38,0.39473684210526316,2.0297717938809994,3.112316750617532,0.019836275413739383,2.5664795045636875,38.39473684210526,0.09032976551382788,5.148796634288189,0.7388985598184384,0.25
spot,ETHUSDT,4h,B3_supertrend_HTF,"{""mult"": 2.5, ""n"": 20}",stress,0.0024,0.38022998403679953,0.7861327026745005,-0.9408005648333597,0.058609997196717334,0.3957563350911592,0.7097848959826132,-0.2689404314809585,38,0.39473684210526316,2.029771793880999,3.1123167506175315,0.01983627541373938,2.5664795045636866,38.39473684210526,0.09032976551382788,5.148796634288189,0.7388985598184385,0.25
spot,ETHUSDT,4h,B3_supertrend_HTF,"{""mult"": 3.0, ""n"": 20}",opt,0.001,0.38022998403679953,0.7861327026745005,-0.9408005648333597,0.07307803695693993,0.4656265091912508,0.842452846885978,-0.2366211040912104,31,0.45161290322580644,2.0229083753730284,2.4563887415243917,0.023585252925394838,2.1874273492689453,45.96774193548387,0.08816432592959228,4.2003340963929965,0.7264400461703535,0.25
spot,ETHUSDT,4h,B3_supertrend_HTF,"{""mult"": 3.0, ""n"": 20}",real,0.0012,0.38022998403679953,0.7861327026745005,-0.9408005648333597,0.07127663398717021,0.4565818638955864,0.8245113193924478,-0.2379941194774452,31,0.45161290322580644,2.0229083753730284,2.4563887415243917,0.02358525292539484,2.187427349268945,45.96774193548387,0.08816432592959228,4.2003340963929965,0.7264400461703535,0.25
spot,ETHUSDT,4h,B3_supertrend_HTF,"{""mult"": 3.0, ""n"": 20}",stress,0.0024,0.38022998403679953,0.7861327026745005,-0.9408005648333597,0.060531521102271446,0.4024697602531873,0.7184840392436967,-0.24618115796882944,31,0.45161290322580644,2.0229083753730284,2.4563887415243917,0.02358525292539484,2.1874273492689458,45.96774193548387,0.08816432592959228,4.2003340963929965,0.7264400461703535,0.25
spot,ETHUSDT,4h,C1_donchian_channel,"{""n"": 20}",opt,0.001,0.38022998403679953,0.7861327026745005,-0.9408005648333597,0.25038867827466116,0.6919819557410961,1.0545300082901738,-0.6702079612531,217,0.3317972350230415,1.6027885631483079,3.227838078562564,0.01739720216016745,2.043670775100297,30.502304147465438,0.4095155602301553,29.402338674750975,0.28275895226353004,0.75
spot,ETHUSDT,4h,C1_donchian_channel,"{""n"": 20}",real,0.0012,0.38022998403679953,0.7861327026745005,-0.9408005648333597,0.23576905869475762,0.6717806215928143,1.0225919282994764,-0.671393079537691,217,0.3317972350230415,1.6027885631483079,3.2278380785625647,0.017397202160167456,2.043670775100297,30.502304147465438,0.4095155602301553,29.402338674750975,0.28275895226353,0.75
spot,ETHUSDT,4h,C1_donchian_channel,"{""n"": 20}",stress,0.0024,0.38022998403679953,0.7861327026745005,-0.9408005648333597,0.15157163204781776,0.5510650146265441,0.8331791476870389,-0.7174528575603466,217,0.3317972350230415,1.6027885631483079,3.227838078562564,0.01739720216016745,2.043670775100297,30.502304147465438,0.4095155602301553,29.402338674750975,0.28275895226353004,0.75
spot,ETHUSDT,4h,C6_donchian_ATR_trail,"{""n"": 20, ""trail"": 2.0}",opt,0.001,0.38022998403679953,0.7861327026745005,-0.9408005648333597,-0.0853249119035453,-0.26393472567330445,-0.40264424132387877,-0.6259542443089547,169,0.3668639053254438,0.9465798519732063,1.6336136155021463,-0.0008792777439897607,1.4772377664562013,8.57396449704142,0.08964919878735383,22.898595557755367,0.3077439493048628,0.375
spot,ETHUSDT,4h,C6_donchian_ATR_trail,"{""n"": 20, ""trail"": 2.0}",real,0.0012,0.38022998403679953,0.7861327026745005,-0.9408005648333597,-0.09366458034213021,-0.30222200666022203,-0.4589836392083201,-0.6486517715872238,169,0.3668639053254438,0.9465798519732063,1.6336136155021463,-0.0008792777439897608,1.4772377664562004,8.57396449704142,0.08964919878735383,22.898595557755367,0.3077439493048628,0.375
spot,ETHUSDT,4h,C6_donchian_ATR_trail,"{""n"": 20, ""trail"": 2.0}",stress,0.0024,0.38022998403679953,0.7861327026745005,-0.9408005648333597,-0.14212993904765636,-0.5293439280964446,-0.7831388751959513,-0.7595046188074468,169,0.3668639053254438,0.9465798519732063,1.6336136155021463,-0.0008792777439897608,1.4772377664562004,8.57396449704142,0.08964919878735383,22.898595557755367,0.3077439493048628,0.25
spot,ETHUSDT,4h,C6_donchian_ATR_trail,"{""n"": 20, ""trail"": 3.0}",opt,0.001,0.38022998403679953,0.7861327026745005,-0.9408005648333597,-0.05138949563250861,0.03632532363895275,0.05902513249867507,-0.7245593917369921,169,0.33727810650887574,1.1314757077332436,2.2232505134407594,0.003319407690876053,3.2282165903307645,17.449704142011836,0.18245375239745096,22.898595557755367,0.4195293745328389,0.375
spot,ETHUSDT,4h,C6_donchian_ATR_trail,"{""n"": 20, ""trail"": 3.0}",real,0.0012,0.38022998403679953,0.7861327026745005,-0.9408005648333597,-0.06003857461884887,0.01181909657641142,0.019154121523408965,-0.7276816480367965,169,0.33727810650887574,1.1314757077332436,2.2232505134407594,0.0033194076908760525,3.2282165903307636,17.449704142011836,0.18245375239745096,22.898595557755367,0.4195293745328389,0.25
spot,ETHUSDT,4h,C6_donchian_ATR_trail,"{""n"": 20, ""trail"": 3.0}",stress,0.0024,0.38022998403679953,0.7861327026745005,-0.9408005648333597,-0.1103020495558118,-0.1341742940846762,-0.21406562905350232,-0.7651257189185668,169,0.33727810650887574,1.1314757077332436,2.2232505134407594,0.003319407690876053,3.2282165903307645,17.449704142011836,0.18245375239745096,22.898595557755367,0.4195293745328389,0.25
spot,ETHUSDT,4h,C6_donchian_ATR_trail,"{""n"": 20, ""trail"": 4.0}",opt,0.001,0.38022998403679953,0.7861327026745005,-0.9408005648333597,0.10160650406637028,0.4361320443489819,0.7159978505896138,-0.7388906915085451,169,0.33136094674556216,1.4035539018954921,2.832171266324832,0.012332970962276398,2.3366381824310327,30.62130177514793,0.32017570995483513,22.898595557755367,0.3252061478369502,0.375
spot,ETHUSDT,4h,C6_donchian_ATR_trail,"{""n"": 20, ""trail"": 4.0}",real,0.0012,0.38022998403679953,0.7861327026745005,-0.9408005648333597,0.09156246426113035,0.4174148280352958,0.684083971120116,-0.7429323943770689,169,0.33136094674556216,1.4035539018954921,2.832171266324832,0.012332970962276398,2.336638182431033,30.62130177514793,0.32017570995483513,22.898595557755367,0.32520614783695023,0.375
spot,ETHUSDT,4h,C6_donchian_ATR_trail,"{""n"": 20, ""trail"": 4.0}",stress,0.0024,0.38022998403679953,0.7861327026745005,-0.9408005648333597,0.03319227897158927,0.3056740909306027,0.49581197005289057,-0.7659022430871552,169,0.33136094674556216,1.4035539018954921,2.832171266324832,0.012332970962276401,2.3366381824310323,30.62130177514793,0.32017570995483513,22.898595557755367,0.3252061478369502,0.375
spot,ETHUSDT,4h,C4_donchian_HTF,"{""n"": 20}",opt,0.001,0.38022998403679953,0.7861327026745005,-0.9408005648333597,0.03507181800886672,0.2955864085063828,0.4944725137213651,-0.3099288281660515,35,0.4,1.6328848124257183,2.4493272186385777,0.01246057104168043,3.182180793126384,33.94285714285714,0.07350120645919693,4.7423126894759635,0.7263810795582756,0.25
spot,ETHUSDT,4h,C4_donchian_HTF,"{""n"": 20}",real,0.0012,0.38022998403679953,0.7861327026745005,-0.9408005648333597,0.033110223029530816,0.2835284061555228,0.47305494891501876,-0.31213352918797554,35,0.4,1.6328848124257187,2.449327218638578,0.012460571041680432,3.1821807931263826,33.94285714285714,0.07350120645919693,4.7423126894759635,0.7263810795582755,0.25
spot,ETHUSDT,4h,C4_donchian_HTF,"{""n"": 20}",stress,0.0024,0.38022998403679953,0.7861327026745005,-0.9408005648333597,0.02141844908650037,0.21148523466767774,0.34736411984014476,-0.3264486950453541,35,0.4,1.6328848124257183,2.4493272186385777,0.01246057104168043,3.1821807931263826,33.94285714285714,0.07350120645919693,4.7423126894759635,0.7263810795582756,0.125
spot,ETHUSDT,4h,C1_donchian_channel,"{""n"": 50}",opt,0.001,0.38022998403679953,0.7861327026745005,-0.9408005648333597,0.3488636870787367,0.8209014944632493,1.2976690027430475,-0.5859497431226026,96,0.4375,1.9254412255774511,2.475567290028151,0.03612093465592669,1.4471324303859447,62.166666666666664,0.36923838396337316,13.007486233991214,0.3390799785333868,0.75
spot,ETHUSDT,4h,C1_donchian_channel,"{""n"": 50}",real,0.0012,0.38022998403679953,0.7861327026745005,-0.9408005648333597,0.34186377429418324,0.8112432413335834,1.2814323021937761,-0.5869422734305936,96,0.4375,1.9254412255774511,2.475567290028151,0.03612093465592669,1.4471324303859447,62.166666666666664,0.36923838396337316,13.007486233991214,0.3390799785333868,0.75
spot,ETHUSDT,4h,C1_donchian_channel,"{""n"": 50}",stress,0.0024,0.38022998403679953,0.7861327026745005,-0.9408005648333597,0.30062049192336526,0.7534042108489227,1.1846736069089643,-0.5928477033938915,96,0.4375,1.9254412255774516,2.475567290028152,0.03612093465592669,1.4471324303859447,62.166666666666664,0.36923838396337316,13.007486233991214,0.33907997853338673,0.75
spot,ETHUSDT,4h,C6_donchian_ATR_trail,"{""n"": 50, ""trail"": 2.0}",opt,0.001,0.38022998403679953,0.7861327026745005,-0.9408005648333597,-0.0018899023816354443,0.055687310578401567,0.10088182908618508,-0.24817841690578757,65,0.4307692307692308,1.1844698455459162,1.5651922958999607,0.0025834476286663802,1.2956651712989364,7.123076923076923,0.028645672214316648,8.807152137598218,0.49014340895566394,0.375
spot,ETHUSDT,4h,C6_donchian_ATR_trail,"{""n"": 50, ""trail"": 2.0}",real,0.0012,0.38022998403679953,0.7861327026745005,-0.9408005648333597,-0.005399923344543978,0.031232122435409067,0.05619814947850404,-0.2504303396615355,65,0.4307692307692308,1.1844698455459164,1.565192295899961,0.0025834476286663815,1.295665171298936,7.123076923076923,0.028645672214316648,8.807152137598218,0.49014340895566394,0.375
spot,ETHUSDT,4h,C6_donchian_ATR_trail,"{""n"": 50, ""trail"": 2.0}",stress,0.0024,0.38022998403679953,0.7861327026745005,-0.9408005648333597,-0.026202392183216516,-0.11405543827386937,-0.19735515941793452,-0.2703620787870117,65,0.4307692307692308,1.1844698455459162,1.5651922958999607,0.0025834476286663802,1.295665171298936,7.123076923076923,0.028645672214316648,8.807152137598218,0.49014340895566394,0.375
spot,ETHUSDT,4h,C6_donchian_ATR_trail,"{""n"": 50, ""trail"": 3.0}",opt,0.001,0.38022998403679953,0.7861327026745005,-0.9408005648333597,0.16140830085721003,0.727187478094012,1.4512914290858003,-0.3212881767477308,65,0.4153846153846154,2.202014222989373,3.09913112865171,0.02352057195554837,2.2862843830340718,18.43076923076923,0.07411990348326425,8.807152137598218,0.5638760262580939,0.5
spot,ETHUSDT,4h,C6_donchian_ATR_trail,"{""n"": 50, ""trail"": 3.0}",real,0.0012,0.38022998403679953,0.7861327026745005,-0.9408005648333597,0.15732401447213862,0.7126059504730958,1.417165164150298,-0.32440323376368907,65,0.4153846153846154,2.202014222989373,3.09913112865171,0.02352057195554837,2.2862843830340713,18.43076923076923,0.07411990348326425,8.807152137598218,0.5638760262580939,0.5
spot,ETHUSDT,4h,C6_donchian_ATR_trail,"{""n"": 50, ""trail"": 3.0}",stress,0.0024,0.38022998403679953,0.7861327026745005,-0.9408005648333597,0.1331181076836918,0.6253564580205715,1.2178555997697693,-0.3540542215218717,65,0.4153846153846154,2.202014222989373,3.09913112865171,0.02352057195554837,2.286284383034071,18.43076923076923,0.07411990348326425,8.807152137598218,0.5638760262580937,0.5
spot,ETHUSDT,4h,C6_donchian_ATR_trail,"{""n"": 50, ""trail"": 4.0}",opt,0.001,0.38022998403679953,0.7861327026745005,-0.9408005648333597,0.21308881288034054,0.7943461989630448,1.4006643971048744,-0.292872843149118,65,0.38461538461538464,2.1483619060644017,3.437379049703043,0.03130162614595809,1.924578203546662,34.15384615384615,0.13735073934294376,8.807152137598218,0.510333431798472,0.75
spot,ETHUSDT,4h,C6_donchian_ATR_trail,"{""n"": 50, ""trail"": 4.0}",real,0.0012,0.38022998403679953,0.7861327026745005,-0.9408005648333597,0.20882278333786797,0.7822487151807499,1.3764946753705558,-0.29654036499371805,65,0.38461538461538464,2.148361906064402,3.4373790497030434,0.03130162614595809,1.9245782035466612,34.15384615384615,0.13735073934294376,8.807152137598218,0.510333431798472,0.75
spot,ETHUSDT,4h,C6_donchian_ATR_trail,"{""n"": 50, ""trail"": 4.0}",stress,0.0024,0.38022998403679953,0.7861327026745005,-0.9408005648333597,0.1835397586608305,0.7098811463851111,1.2339291143502802,-0.3181495224441865,65,0.38461538461538464,2.1483619060644017,3.437379049703043,0.0313016261459581,1.9245782035466616,34.15384615384615,0.13735073934294376,8.807152137598218,0.510333431798472,0.625
spot,ETHUSDT,4h,C4_donchian_HTF,"{""n"": 50}",opt,0.001,0.38022998403679953,0.7861327026745005,-0.9408005648333597,0.07349652738028323,0.4951083745923895,0.8782794626858486,-0.2885272292739389,17,0.5882352941176471,2.6576018692493366,1.8603213084745356,0.04220203246855675,2.3358808607080865,65.70588235294117,0.069108457588319,2.303409020602611,0.8980214193839262,0.25
spot,ETHUSDT,4h,C4_donchian_HTF,"{""n"": 50}",real,0.0012,0.38022998403679953,0.7861327026745005,-0.9408005648333597,0.072507901058944,0.48963948514792827,0.8672408046480728,-0.2893804855779212,17,0.5882352941176471,2.657601869249337,1.8603213084745358,0.04220203246855675,2.3358808607080865,65.70588235294117,0.069108457588319,2.303409020602611,0.8980214193839261,0.25
spot,ETHUSDT,4h,C4_donchian_HTF,"{""n"": 50}",stress,0.0024,0.38022998403679953,0.7861327026745005,-0.9408005648333597,0.06659522093774073,0.456886751217608,0.8017838347524446,-0.2944785880187476,17,0.5882352941176471,2.657601869249337,1.860321308474536,0.042202032468556756,2.3358808607080874,65.70588235294117,0.069108457588319,2.303409020602611,0.8980214193839261,0.25
spot,ETHUSDT,4h,C1_donchian_channel,"{""n"": 100}",opt,0.001,0.38022998403679953,0.7861327026745005,-0.9408005648333597,0.5943018513871334,1.0796500274724021,1.619078936818812,-0.6493153324839673,43,0.627906976744186,3.913298000128733,2.318991407483694,0.1339657163633347,2.888084622851812,151.2093023255814,0.4022768050485677,5.8262698756418985,0.6377077642030097,0.875
spot,ETHUSDT,4h,C1_donchian_channel,"{""n"": 100}",real,0.0012,0.38022998403679953,0.7861327026745005,-0.9408005648333597,0.5905906399280518,1.0757596663923565,1.6128252061477115,-0.6493153324839673,43,0.627906976744186,3.913298000128733,2.318991407483694,0.1339657163633347,2.8880846228518116,151.2093023255814,0.4022768050485677,5.8262698756418985,0.6377077642030097,0.875
spot,ETHUSDT,4h,C1_donchian_channel,"{""n"": 100}",stress,0.0024,0.38022998403679953,0.7861327026745005,-0.9408005648333597,0.5685040397916632,1.0524300451705577,1.5753707967154258,-0.6493153324839673,43,0.627906976744186,3.913298000128733,2.318991407483694,0.13396571636333474,2.8880846228518124,151.2093023255814,0.4022768050485677,5.8262698756418985,0.6377077642030097,0.875
spot,ETHUSDT,4h,C6_donchian_ATR_trail,"{""n"": 100, ""trail"": 2.0}",opt,0.001,0.38022998403679953,0.7861327026745005,-0.9408005648333597,0.0008393041187082506,0.05945645871217191,0.12052499276550332,-0.24081609000562387,32,0.40625,1.2181402154642316,1.7803587764477231,0.0030969731047249963,1.469618949759936,6.65625,0.013178246612633794,4.335828744663738,0.8133227866602324,0.625
spot,ETHUSDT,4h,C6_donchian_ATR_trail,"{""n"": 100, ""trail"": 2.0}",real,0.0012,0.38022998403679953,0.7861327026745005,-0.9408005648333597,-0.0008949807678254595,0.04367008846931948,0.08784539696823361,-0.24430048659959813,32,0.40625,1.2181402154642316,1.7803587764477231,0.0030969731047249937,1.469618949759936,6.65625,0.013178246612633794,4.335828744663738,0.8133227866602324,0.625
spot,ETHUSDT,4h,C6_donchian_ATR_trail,"{""n"": 100, ""trail"": 2.0}",stress,0.0024,0.38022998403679953,0.7861327026745005,-0.9408005648333597,-0.011237784465473077,-0.05013670181218943,-0.0964447973115535,-0.2648742482634111,32,0.40625,1.2181402154642316,1.7803587764477231,0.003096973104724994,1.4696189497599361,6.65625,0.013178246612633794,4.335828744663738,0.8133227866602326,0.5
spot,ETHUSDT,4h,C6_donchian_ATR_trail,"{""n"": 100, ""trail"": 3.0}",opt,0.001,0.38022998403679953,0.7861327026745005,-0.9408005648333597,0.08709908696218394,0.5899803921083155,1.1394800421956932,-0.2508241602372989,32,0.40625,2.308513479315134,3.373981238999042,0.025647541521932705,2.286808515109306,19.53125,0.03866856400420714,4.335828744663738,0.6887375225800973,0.625
spot,ETHUSDT,4h,C6_donchian_ATR_trail,"{""n"": 100, ""trail"": 3.0}",real,0.0012,0.38022998403679953,0.7861327026745005,-0.9408005648333597,0.08521532849174362,0.5790304053349391,1.1139139999113825,-0.2535163476819996,32,0.40625,2.308513479315134,3.373981238999042,0.025647541521932708,2.286808515109306,19.53125,0.03866856400420714,4.335828744663738,0.6887375225800973,0.5
spot,ETHUSDT,4h,C6_donchian_ATR_trail,"{""n"": 100, ""trail"": 3.0}",stress,0.0024,0.38022998403679953,0.7861327026745005,-0.9408005648333597,0.07398110496547794,0.5136247708650631,0.9653158145562571,-0.2694675549494612,32,0.40625,2.308513479315134,3.373981238999042,0.025647541521932705,2.286808515109305,19.53125,0.03866856400420714,4.335828744663738,0.6887375225800972,0.5
spot,ETHUSDT,4h,C6_donchian_ATR_trail,"{""n"": 100, ""trail"": 4.0}",opt,0.001,0.38022998403679953,0.7861327026745005,-0.9408005648333597,0.17246779788082733,0.8119470100075215,1.4411428555330226,-0.2578991945343727,32,0.46875,3.014725734428172,3.4166891656852614,0.04626447184855454,1.2538715693846183,38.15625,0.07554290663861907,4.335828744663738,0.6699355463182992,0.625
spot,ETHUSDT,4h,C6_donchian_ATR_trail,"{""n"": 100, ""trail"": 4.0}",real,0.0012,0.38022998403679953,0.7861327026745005,-0.9408005648333597,0.17043610990310265,0.803932209375455,1.4240699074043612,-0.25967810308176553,32,0.46875,3.014725734428172,3.4166891656852614,0.04626447184855455,1.253871569384618,38.15625,0.07554290663861907,4.335828744663738,0.6699355463182992,0.625
spot,ETHUSDT,4h,C6_donchian_ATR_trail,"{""n"": 100, ""trail"": 4.0}",stress,0.0024,0.38022998403679953,0.7861327026745005,-0.9408005648333597,0.158319675001525,0.7560058828270186,1.3233528616785595,-0.27026238423989,32,0.46875,3.0147257344281715,3.416689165685261,0.04626447184855454,1.2538715693846179,38.15625,0.07554290663861907,4.335828744663738,0.6699355463182991,0.625
spot,ETHUSDT,4h,C4_donchian_HTF,"{""n"": 100}",opt,0.001,0.38022998403679953,0.7861327026745005,-0.9408005648333597,0.07910662650158207,0.5130046186741928,0.8425170156096573,-0.24871326808082272,11,0.6363636363636364,3.4091759027111057,1.9481005158349176,0.06710549020787568,1.5782186138453624,130.8181818181818,0.08903050176328652,1.49044113097816,0.9981113602199393,0.25
spot,ETHUSDT,4h,C4_donchian_HTF,"{""n"": 100}",real,0.0012,0.38022998403679953,0.7861327026745005,-0.9408005648333597,0.07846347949449073,0.5096204442811065,0.8363768836513824,-0.2493140578473677,11,0.6363636363636364,3.4091759027111057,1.9481005158349176,0.06710549020787569,1.5782186138453624,130.8181818181818,0.08903050176328652,1.49044113097816,0.9981113602199393,0.25
spot,ETHUSDT,4h,C4_donchian_HTF,"{""n"": 100}",stress,0.0024,0.38022998403679953,0.7861327026745005,-0.9408005648333597,0.07461263083018022,0.48931984781476023,0.7996867611713815,-0.2529087283368362,11,0.6363636363636364,3.4091759027111057,1.9481005158349176,0.06710549020787568,1.5782186138453624,130.8181818181818,0.08903050176328652,1.49044113097816,0.9981113602199392,0.25
spot,ETHUSDT,4h,C2_donchian_voltarget,"{""n"": 20, ""vol_target"": 0.2}",opt,0.001,0.38022998403679953,0.7861327026745005,-0.9408005648333597,0.07210564784369056,0.6403706790746504,1.3183027170044546,-0.2303885608218973,169,0.31952662721893493,1.0602983699647741,2.1009615849302006,0.0015175846943263531,3.4020571679447347,17.449704142011836,0.17669987007362495,22.898595557755367,0.4382290043673926,0.625
spot,ETHUSDT,4h,C2_donchian_voltarget,"{""n"": 20, ""vol_target"": 0.2}",real,0.0012,0.38022998403679953,0.7861327026745005,-0.9408005648333597,0.06899930730546222,0.6157538275711334,1.261886360727408,-0.233394062288533,169,0.31952662721893493,1.0602983699647741,2.1009615849302006,0.0015175846943263525,3.402057167944734,17.449704142011836,0.17669987007362495,22.898595557755367,0.4382290043673926,0.625
spot,ETHUSDT,4h,C2_donchian_voltarget,"{""n"": 20, ""vol_target"": 0.2}",stress,0.0024,0.38022998403679953,0.7861327026745005,-0.9408005648333597,0.05056370533775745,0.4688252835164462,0.9352298435349632,-0.2658213212674069,169,0.31952662721893493,1.0602983699647741,2.1009615849302006,0.0015175846943263518,3.402057167944734,17.449704142011836,0.17669987007362495,22.898595557755367,0.4382290043673926,0.625
spot,ETHUSDT,4h,C2_donchian_voltarget,"{""n"": 50, ""vol_target"": 0.2}",opt,0.001,0.38022998403679953,0.7861327026745005,-0.9408005648333597,0.06330611831210042,0.7547471647154416,1.5086418501055987,-0.09357208519841231,65,0.4153846153846154,2.202014222989373,3.09913112865171,0.02352057195554837,2.2862843830340713,18.43076923076923,0.07411990348326425,8.807152137598218,0.5638760262580937,0.75
spot,ETHUSDT,4h,C2_donchian_voltarget,"{""n"": 50, ""vol_target"": 0.2}",real,0.0012,0.38022998403679953,0.7861327026745005,-0.9408005648333597,0.06188740189057218,0.7388244923869302,1.4701811775756561,-0.09676803534169576,65,0.4153846153846154,2.202014222989373,3.09913112865171,0.02352057195554837,2.286284383034071,18.43076923076923,0.07411990348326425,8.807152137598218,0.5638760262580939,0.75
spot,ETHUSDT,4h,C2_donchian_voltarget,"{""n"": 50, ""vol_target"": 0.2}",stress,0.0024,0.38022998403679953,0.7861327026745005,-0.9408005648333597,0.05342130371564102,0.6436262822581226,1.2472488035443583,-0.11569479561057461,65,0.4153846153846154,2.2020142229893724,3.0991311286517096,0.02352057195554837,2.2862843830340713,18.43076923076923,0.07411990348326425,8.807152137598218,0.5638760262580939,0.625
spot,ETHUSDT,4h,C2_donchian_voltarget,"{""n"": 100, ""vol_target"": 0.2}",opt,0.001,0.38022998403679953,0.7861327026745005,-0.9408005648333597,0.03121962247085186,0.5940981670528243,1.173347565556535,-0.11021370559809374,32,0.40625,2.308513479315134,3.373981238999042,0.025647541521932698,2.286808515109306,19.53125,0.03866856400420714,4.335828744663738,0.6887375225800973,0.5
spot,ETHUSDT,4h,C2_donchian_voltarget,"{""n"": 100, ""vol_target"": 0.2}",real,0.0012,0.38022998403679953,0.7861327026745005,-0.9408005648333597,0.030584966671030944,0.5823279137571188,1.144584144543339,-0.11135758985455824,32,0.40625,2.308513479315134,3.373981238999042,0.025647541521932705,2.2868085151093056,19.53125,0.03866856400420714,4.335828744663738,0.6887375225800973,0.5
spot,ETHUSDT,4h,C2_donchian_voltarget,"{""n"": 100, ""vol_target"": 0.2}",stress,0.0024,0.38022998403679953,0.7861327026745005,-0.9408005648333597,0.02678835412569236,0.5119894479018265,0.9783052745379994,-0.11818544154949329,32,0.40625,2.308513479315134,3.373981238999042,0.025647541521932705,2.286808515109306,19.53125,0.03866856400420714,4.335828744663738,0.6887375225800973,0.5
spot,ETHUSDT,1D,A1_price_slowMA,"{""slow"": 150}",opt,0.001,0.38934078976512176,1.0141020166942514,-0.9396550481981528,0.10367359154486921,0.49416701590652273,0.7709306644034472,-0.3182348768840808,9,0.5555555555555556,5.318012112296881,4.254409689837504,0.10561986482315838,1.7452834064328968,45.55555555555556,0.15256124721603564,1.2193763919821827,1.0,0.375
spot,ETHUSDT,1D,A1_price_slowMA,"{""slow"": 150}",real,0.0012,0.38934078976512176,1.0141020166942514,-0.9396550481981528,0.10313540474420124,0.49239310331021446,0.7680809381982011,-0.31878007153713783,9,0.5555555555555556,5.318012112296881,4.254409689837504,0.10561986482315838,1.7452834064328964,45.55555555555556,0.15256124721603564,1.2193763919821827,1.0,0.375
spot,ETHUSDT,1D,A1_price_slowMA,"{""slow"": 150}",stress,0.0024,0.38934078976512176,1.0141020166942514,-0.9396550481981528,0.09991178373507581,0.48174777974713184,0.7509762808673666,-0.3220421030155233,9,0.5555555555555556,5.318012112296881,4.254409689837504,0.10561986482315838,1.7452834064328964,45.55555555555556,0.15256124721603564,1.2193763919821827,1.0,0.375
spot,ETHUSDT,1D,A1_price_slowMA,"{""slow"": 200}",opt,0.001,0.38934078976512176,1.0141020166942514,-0.9396550481981528,0.11993405971961746,0.5607965744390196,0.9015609588135773,-0.2910032473922457,6,0.6666666666666666,43.231263265909945,21.615631632954972,0.17500351707108697,1.8585994272322197,65.83333333333333,0.14699331848552338,0.8129175946547884,0.9970969136085962,0.25
spot,ETHUSDT,1D,A1_price_slowMA,"{""slow"": 200}",real,0.0012,0.38934078976512176,1.0141020166942514,-0.9396550481981528,0.11956995283802097,0.5595680570450211,0.8995395246110779,-0.2910032473922456,6,0.6666666666666666,43.231263265909966,21.615631632954983,0.175003517071087,1.85859942723222,65.83333333333333,0.14699331848552338,0.8129175946547884,0.9970969136085962,0.25
spot,ETHUSDT,1D,A1_price_slowMA,"{""slow"": 200}",stress,0.0024,0.38934078976512176,1.0141020166942514,-0.9396550481981528,0.11738779142756539,0.5521895754213301,0.8873919556070287,-0.2910032473922457,6,0.6666666666666666,43.23126326590995,21.615631632954976,0.17500351707108697,1.8585994272322197,65.83333333333333,0.14699331848552338,0.8129175946547884,0.9970969136085962,0.25
spot,ETHUSDT,1D,A1_price_slowMA,"{""slow"": 250}",opt,0.001,0.38934078976512176,1.0141020166942514,-0.9396550481981528,0.0756372762750619,0.4179247575392869,0.6515671029042275,-0.2910032473922458,4,0.75,9.975694429620896,3.325231476540299,0.1630051802735349,0.8548605815377874,91.5,0.13622865627319972,0.5419450631031923,0.8997563520960814,0.25
spot,ETHUSDT,1D,A1_price_slowMA,"{""slow"": 250}",real,0.0012,0.38934078976512176,1.0141020166942514,-0.9396550481981528,0.07540412673930796,0.4170524576018032,0.6501722791866161,-0.2910032473922457,4,0.75,9.975694429620896,3.325231476540299,0.1630051802735349,0.8548605815377874,91.5,0.13622865627319972,0.5419450631031923,0.8997563520960814,0.25
spot,ETHUSDT,1D,A1_price_slowMA,"{""slow"": 250}",stress,0.0024,0.38934078976512176,1.0141020166942514,-0.9396550481981528,0.07400628740459769,0.41181448583713415,0.6417974184399168,-0.2910032473922457,4,0.75,9.975694429620896,3.325231476540299,0.1630051802735349,0.8548605815377874,91.5,0.13622865627319972,0.5419450631031923,0.8997563520960814,0.25
spot,ETHUSDT,1D,A2_dual_MA,"{""fast"": 10, ""slow"": 50}",opt,0.001,0.38934078976512176,1.0141020166942514,-0.9396550481981528,0.483397571720946,0.8169357243456918,3.4512784899815396,-0.846259407169337,29,0.3793103448275862,5.16480980390934,8.451506951851648,0.2835888744355374,4.5563925095510465,48.6551724137931,0.5241276911655531,3.9291017074981442,0.9052311704142044,0.5
spot,ETHUSDT,1D,A2_dual_MA,"{""fast"": 10, ""slow"": 50}",real,0.0012,0.38934078976512176,1.0141020166942514,-0.9396550481981528,0.48106803200086534,0.8165012903018606,3.449405484195412,-0.846259407169337,29,0.3793103448275862,5.164809803909341,8.451506951851648,0.2835888744355374,4.5563925095510465,48.6551724137931,0.5241276911655531,3.9291017074981442,0.9052311704142043,0.5
spot,ETHUSDT,1D,A2_dual_MA,"{""fast"": 10, ""slow"": 50}",stress,0.0024,0.38934078976512176,1.0141020166942514,-0.9396550481981528,0.46716738811298364,0.8138961214513944,3.4381550297405123,-0.846259407169337,29,0.3793103448275862,5.16480980390934,8.451506951851648,0.2835888744355374,4.5563925095510465,48.6551724137931,0.5241276911655531,3.9291017074981442,0.9052311704142044,0.5
spot,ETHUSDT,1D,A2_dual_MA,"{""fast"": 10, ""slow"": 75}",opt,0.001,0.38934078976512176,1.0141020166942514,-0.9396550481981528,0.5569371414960138,0.8520378866139801,3.7248082147561004,-0.8548113792938855,23,0.43478260869565216,6.701227240194924,8.711595412253402,0.35938529710180017,3.909881983779185,62.391304347826086,0.5330363771343727,3.1161841128433556,0.9318791811958868,0.75
spot,ETHUSDT,1D,A2_dual_MA,"{""fast"": 10, ""slow"": 75}",real,0.0012,0.38934078976512176,1.0141020166942514,-0.9396550481981528,0.5549976670317907,0.8517185424547047,3.7233674476676573,-0.8548113792938855,23,0.43478260869565216,6.701227240194924,8.711595412253402,0.35938529710180017,3.909881983779185,62.391304347826086,0.5330363771343727,3.1161841128433556,0.9318791811958868,0.75
spot,ETHUSDT,1D,A2_dual_MA,"{""fast"": 10, ""slow"": 75}",stress,0.0024,0.38934078976512176,1.0141020166942514,-0.9396550481981528,0.5434114262766527,0.8498035324589416,3.7147128026271394,-0.8548113792938855,23,0.43478260869565216,6.701227240194926,8.711595412253404,0.3593852971018002,3.909881983779185,62.391304347826086,0.5330363771343727,3.1161841128433556,0.9318791811958866,0.75
spot,ETHUSDT,1D,A2_dual_MA,"{""fast"": 10, ""slow"": 100}",opt,0.001,0.38934078976512176,1.0141020166942514,-0.9396550481981528,0.5068801517886137,0.8260068407636166,6.853935838339511,-0.9273281252486039,15,0.4666666666666667,10.421308168497513,11.910066478282872,0.8326121767547033,3.783148969167487,94.2,0.5248700816629547,2.0322939866369714,0.9787936812772915,0.75
spot,ETHUSDT,1D,A2_dual_MA,"{""fast"": 10, ""slow"": 100}",real,0.0012,0.38934078976512176,1.0141020166942514,-0.9396550481981528,0.5056556786797932,0.8259063848046354,6.853084637931151,-0.9273281252486039,15,0.4666666666666667,10.421308168497516,11.910066478282875,0.8326121767547036,3.783148969167487,94.2,0.5248700816629547,2.0322939866369714,0.9787936812772914,0.75
spot,ETHUSDT,1D,A2_dual_MA,"{""fast"": 10, ""slow"": 100}",stress,0.0024,0.38934078976512176,1.0141020166942514,-0.9396550481981528,0.4983296909052497,0.8253040301335439,6.847966731657913,-0.9273281252486039,15,0.4666666666666667,10.421308168497513,11.910066478282872,0.8326121767547033,3.783148969167486,94.2,0.5248700816629547,2.0322939866369714,0.9787936812772914,0.75
spot,ETHUSDT,1D,A2_dual_MA,"{""fast"": 20, ""slow"": 50}",opt,0.001,0.38934078976512176,1.0141020166942514,-0.9396550481981528,0.5912065930050359,0.8590256109039321,3.621069116917658,-0.848431210322827,24,0.375,6.413572151493007,10.68928691915501,0.3680944402763378,4.011393063340249,59.166666666666664,0.5274684484038604,3.2516703786191536,0.9233403460446705,0.75
spot,ETHUSDT,1D,A2_dual_MA,"{""fast"": 20, ""slow"": 50}",real,0.0012,0.38934078976512176,1.0141020166942514,-0.9396550481981528,0.5891383041279359,0.8586774128117745,3.61955266876362,-0.848431210322827,24,0.375,6.413572151493007,10.68928691915501,0.3680944402763378,4.011393063340249,59.166666666666664,0.5274684484038604,3.2516703786191536,0.9233403460446705,0.75
spot,ETHUSDT,1D,A2_dual_MA,"{""fast"": 20, ""slow"": 50}",stress,0.0024,0.38934078976512176,1.0141020166942514,-0.9396550481981528,0.5767848789543235,0.8565893649491125,3.6104436269025073,-0.848431210322827,24,0.375,6.413572151493006,10.689286919155009,0.3680944402763378,4.011393063340249,59.166666666666664,0.5274684484038604,3.2516703786191536,0.9233403460446705,0.75
spot,ETHUSDT,1D,A2_dual_MA,"{""fast"": 20, ""slow"": 75}",opt,0.001,0.38934078976512176,1.0141020166942514,-0.9396550481981528,0.50719681953282,0.8483017134454007,6.387173571421966,-0.9214849405737379,16,0.4375,9.24408648229297,11.885254048662388,0.7862242173654739,3.8453860366290358,90.3125,0.5367483296213809,2.1677802524127694,0.9812414058791256,0.75
spot,ETHUSDT,1D,A2_dual_MA,"{""fast"": 20, ""slow"": 75}",real,0.0012,0.38934078976512176,1.0141020166942514,-0.9396550481981528,0.5058904758021165,0.8481868804558176,6.38625412583795,-0.9214849405737379,16,0.4375,9.244086482292966,11.885254048662386,0.7862242173654738,3.8453860366290358,90.3125,0.5367483296213809,2.1677802524127694,0.9812414058791257,0.75
spot,ETHUSDT,1D,A2_dual_MA,"{""fast"": 20, ""slow"": 75}",stress,0.0024,0.38934078976512176,1.0141020166942514,-0.9396550481981528,0.498076139762641,0.8474983105831566,6.38072501139302,-0.9214849405737379,16,0.4375,9.244086482292966,11.885254048662386,0.7862242173654738,3.8453860366290358,90.3125,0.5367483296213809,2.1677802524127694,0.9812414058791257,0.75
spot,ETHUSDT,1D,A2_dual_MA,"{""fast"": 20, ""slow"": 100}",opt,0.001,0.38934078976512176,1.0141020166942514,-0.9396550481981528,0.38535396118808474,0.8102597345708668,6.2779924173294,-0.9214849405737379,15,0.4666666666666667,7.955854225770538,9.092404829452043,0.6153850458568394,3.7626652520818555,93.33333333333333,0.5200445434298441,2.0322939866369714,0.9853103082258569,0.625
spot,ETHUSDT,1D,A2_dual_MA,"{""fast"": 20, ""slow"": 100}",real,0.0012,0.38934078976512176,1.0141020166942514,-0.9396550481981528,0.38422823883408097,0.8101512513348139,6.277104603994675,-0.9214849405737379,15,0.4666666666666667,7.955854225770538,9.092404829452043,0.6153850458568394,3.7626652520818555,93.33333333333333,0.5200445434298441,2.0322939866369714,0.9853103082258569,0.625
spot,ETHUSDT,1D,A2_dual_MA,"{""fast"": 20, ""slow"": 100}",stress,0.0024,0.38934078976512176,1.0141020166942514,-0.9396550481981528,0.377493074016207,0.8095007579446587,6.271765509755259,-0.9214849405737379,15,0.4666666666666667,7.955854225770538,9.092404829452043,0.6153850458568394,3.7626652520818555,93.33333333333333,0.5200445434298441,2.0322939866369714,0.9853103082258569,0.625
spot,ETHUSDT,1D,A2_dual_MA,"{""fast"": 30, ""slow"": 50}",opt,0.001,0.38934078976512176,1.0141020166942514,-0.9396550481981528,0.6043473071602161,0.8593212630601109,3.686709793407381,-0.8511678414026825,17,0.47058823529411764,7.360052101503952,8.280058614191946,0.5117380653279663,3.384519585140658,85.58823529411765,0.540460282108389,2.3032665181885674,0.9237119280214495,0.75
spot,ETHUSDT,1D,A2_dual_MA,"{""fast"": 30, ""slow"": 50}",real,0.0012,0.38934078976512176,1.0141020166942514,-0.9396550481981528,0.6028698902746383,0.8590775263959088,3.685652340529894,-0.8511678414026825,17,0.47058823529411764,7.360052101503952,8.280058614191946,0.5117380653279663,3.384519585140658,85.58823529411765,0.540460282108389,2.3032665181885674,0.9237119280214495,0.75
spot,ETHUSDT,1D,A2_dual_MA,"{""fast"": 30, ""slow"": 50}",stress,0.0024,0.38934078976512176,1.0141020166942514,-0.9396550481981528,0.594033897338824,0.8576159050324018,3.6793006789870955,-0.8511678414026825,17,0.47058823529411764,7.360052101503952,8.280058614191946,0.5117380653279664,3.384519585140659,85.58823529411765,0.540460282108389,2.3032665181885674,0.9237119280214497,0.75
spot,ETHUSDT,1D,A2_dual_MA,"{""fast"": 30, ""slow"": 75}",opt,0.001,0.38934078976512176,1.0141020166942514,-0.9396550481981528,0.4282251594839126,0.8412978478428079,6.385928267572156,-0.9219423716408649,15,0.4666666666666667,7.631776069523541,8.72202979374119,0.667008808013673,3.6285068524737447,95.0,0.5293244246473645,2.0322939866369714,0.9893802535288702,0.75
spot,ETHUSDT,1D,A2_dual_MA,"{""fast"": 30, ""slow"": 75}",real,0.0012,0.38934078976512176,1.0141020166942514,-0.9396550481981528,0.427064600497816,0.8411900838741306,6.385089541835315,-0.9219423716408649,15,0.4666666666666667,7.631776069523541,8.72202979374119,0.6670088080136731,3.6285068524737447,95.0,0.5293244246473645,2.0322939866369714,0.9893802535288703,0.75
spot,ETHUSDT,1D,A2_dual_MA,"{""fast"": 30, ""slow"": 75}",stress,0.0024,0.38934078976512176,1.0141020166942514,-0.9396550481981528,0.42012100910121064,0.840543904955877,6.380046577986022,-0.9219423716408649,15,0.4666666666666667,7.631776069523541,8.72202979374119,0.667008808013673,3.6285068524737447,95.0,0.5293244246473645,2.0322939866369714,0.9893802535288702,0.75
spot,ETHUSDT,1D,A2_dual_MA,"{""fast"": 30, ""slow"": 100}",opt,0.001,0.38934078976512176,1.0141020166942514,-0.9396550481981528,0.41206722442042953,0.8062876769551668,5.811149326572648,-0.9143211722963835,11,0.5454545454545454,10.971790300209268,9.143158583507722,0.7521195470172054,3.204741137051309,128.54545454545453,0.5252412769116556,1.4903489235337788,0.993260952579839,0.75
spot,ETHUSDT,1D,A2_dual_MA,"{""fast"": 30, ""slow"": 100}",real,0.0012,0.38934078976512176,1.0141020166942514,-0.9396550481981528,0.411225685114575,0.8062004665913802,5.810477193745156,-0.9143211722963835,11,0.5454545454545454,10.97179030020927,9.143158583507724,0.7521195470172053,3.2047411370513084,128.54545454545453,0.5252412769116556,1.4903489235337788,0.993260952579839,0.75
spot,ETHUSDT,1D,A2_dual_MA,"{""fast"": 30, ""slow"": 100}",stress,0.0024,0.38934078976512176,1.0141020166942514,-0.9396550481981528,0.4061869600730035,0.8056775259903358,5.806434633206452,-0.9143211722963835,11,0.5454545454545454,10.971790300209268,9.143158583507722,0.7521195470172054,3.204741137051309,128.54545454545453,0.5252412769116556,1.4903489235337788,0.993260952579839,0.75
spot,ETHUSDT,1D,A3_MA_slope,"{""ma"": 50}",opt,0.001,0.38934078976512176,1.0141020166942514,-0.9396550481981528,0.20898361023783418,0.5278570933511268,1.3094720935219761,-0.692408166761239,29,0.5172413793103449,2.7803924788710908,2.595032980279685,0.1098213580363778,3.8170393262458604,28.517241379310345,0.30734966592427615,3.9291017074981442,0.7915132422190375,0.625
spot,ETHUSDT,1D,A3_MA_slope,"{""ma"": 50}",real,0.0012,0.38934078976512176,1.0141020166942514,-0.9396550481981528,0.20708501245483513,0.5263692372853931,1.3057173271841689,-0.692408166761239,29,0.5172413793103449,2.7803924788710908,2.595032980279685,0.10982135803637781,3.8170393262458604,28.517241379310345,0.30734966592427615,3.9291017074981442,0.7915132422190375,0.625
spot,ETHUSDT,1D,A3_MA_slope,"{""ma"": 50}",stress,0.0024,0.38934078976512176,1.0141020166942514,-0.9396550481981528,0.19575585097272175,0.5174455883487434,1.2831766839078458,-0.692408166761239,29,0.5172413793103449,2.7803924788710908,2.595032980279685,0.10982135803637781,3.8170393262458604,28.517241379310345,0.30734966592427615,3.9291017074981442,0.7915132422190375,0.625
spot,ETHUSDT,1D,A3_MA_slope,"{""ma"": 75}",opt,0.001,0.38934078976512176,1.0141020166942514,-0.9396550481981528,-0.0015684369692876565,0.2630426781919325,0.4741008757684041,-0.6098209969331927,26,0.34615384615384615,1.4337498483662394,2.708194158025119,0.027122095112707054,2.7497726176550294,24.923076923076923,0.24090571640683,3.52264291017075,0.9252155187543085,0.625
spot,ETHUSDT,1D,A3_MA_slope,"{""ma"": 75}",real,0.0012,0.38934078976512176,1.0141020166942514,-0.9396550481981528,-0.0029742951219272618,0.26071665135683897,0.4698703274093396,-0.6124652168256675,26,0.34615384615384615,1.4337498483662394,2.708194158025119,0.027122095112707047,2.7497726176550294,24.923076923076923,0.24090571640683,3.52264291017075,0.9252155187543085,0.625
spot,ETHUSDT,1D,A3_MA_slope,"{""ma"": 75}",stress,0.0024,0.38934078976512176,1.0141020166942514,-0.9396550481981528,-0.011367989018820968,0.24676686257195563,0.44450229260590085,-0.6279584763693076,26,0.34615384615384615,1.4337498483662394,2.708194158025119,0.027122095112707054,2.7497726176550294,24.923076923076923,0.24090571640683,3.52264291017075,0.9252155187543085,0.625
spot,ETHUSDT,1D,A3_MA_slope,"{""ma"": 100}",opt,0.001,0.38934078976512176,1.0141020166942514,-0.9396550481981528,0.20068524845310942,0.650824574337559,1.1124396153833682,-0.3851753261691151,13,0.6923076923076923,6.582131671722492,2.9253918540988852,0.1383867874066867,1.6852134682189077,38.23076923076923,0.18485523385300667,1.761321455085375,0.8945141234622694,0.75
spot,ETHUSDT,1D,A3_MA_slope,"{""ma"": 100}",real,0.0012,0.38934078976512176,1.0141020166942514,-0.9396550481981528,0.19983962826830104,0.6490536450936675,1.1093268855982452,-0.3851753261691151,13,0.6923076923076923,6.582131671722493,2.925391854098886,0.1383867874066867,1.6852134682189082,38.23076923076923,0.18485523385300667,1.761321455085375,0.8945141234622693,0.75
spot,ETHUSDT,1D,A3_MA_slope,"{""ma"": 100}",stress,0.0024,0.38934078976512176,1.0141020166942514,-0.9396550481981528,0.1947783882919869,0.638420811002457,1.0906271688863691,-0.385175326169115,13,0.6923076923076923,6.5821316717224905,2.925391854098885,0.1383867874066867,1.685213468218908,38.23076923076923,0.18485523385300667,1.761321455085375,0.8945141234622694,0.75
spot,ETHUSDT,1D,A3_MA_slope,"{""ma"": 150}",opt,0.001,0.38934078976512176,1.0141020166942514,-0.9396550481981528,0.09317392195415541,0.4924479877618278,0.7756511023067523,-0.2910032473922458,6,0.6666666666666666,8.48321095890334,4.24160547945167,0.14546426937076481,2.119921329231732,63.5,0.14179658500371195,0.8129175946547884,0.9694019622101808,0.375
spot,ETHUSDT,1D,A3_MA_slope,"{""ma"": 150}",real,0.0012,0.38934078976512176,1.0141020166942514,-0.9396550481981528,0.09281851518327389,0.49108830489360455,0.7734310545213792,-0.2910032473922457,6,0.6666666666666666,8.483210958903339,4.241605479451669,0.1454642693707648,2.1199213292317314,63.5,0.14179658500371195,0.8129175946547884,0.9694019622101808,0.375
spot,ETHUSDT,1D,A3_MA_slope,"{""ma"": 150}",stress,0.0024,0.38934078976512176,1.0141020166942514,-0.9396550481981528,0.09068849518191602,0.48292200273651087,0.7600925738742653,-0.2910032473922458,6,0.6666666666666666,8.483210958903339,4.241605479451669,0.1454642693707648,2.1199213292317314,63.5,0.14179658500371195,0.8129175946547884,0.9694019622101808,0.375
spot,ETHUSDT,1D,A3_MA_slope,"{""ma"": 200}",opt,0.001,0.38934078976512176,1.0141020166942514,-0.9396550481981528,0.06239080690396337,0.36974114129846625,0.574355616116915,-0.43863054655995537,7,0.5714285714285714,4.16066762828957,3.120500721217177,0.07570399523129201,0.015385390166004516,55.0,0.1429101707498144,0.9484038604305866,0.9750634072859563,0.25
spot,ETHUSDT,1D,A3_MA_slope,"{""ma"": 200}",real,0.0012,0.38934078976512176,1.0141020166942514,-0.9396550481981528,0.061987852635533525,0.3681701835874122,0.5718645975083475,-0.43907946307684365,7,0.5714285714285714,4.16066762828957,3.120500721217177,0.07570399523129201,0.015385390166004292,55.0,0.1429101707498144,0.9484038604305866,0.9750634072859563,0.25
spot,ETHUSDT,1D,A3_MA_slope,"{""ma"": 200}",stress,0.0024,0.38934078976512176,1.0141020166942514,-0.9396550481981528,0.05957332938699089,0.3587412032864443,0.5569125648669587,-0.4417654391792235,7,0.5714285714285714,4.16066762828957,3.120500721217177,0.07570399523129201,0.015385390166004213,55.0,0.1429101707498144,0.9484038604305866,0.9750634072859563,0.25
spot,ETHUSDT,1D,A3_MA_slope,"{""ma"": 250}",opt,0.001,0.38934078976512176,1.0141020166942514,-0.9396550481981528,-0.004767289887800952,0.09659080366935763,0.1446055808834147,-0.48958854146806097,4,0.5,0.7706332538157659,0.7706332538157659,-0.005475523799819016,-1.2235690704213147,96.25,0.1432813659985152,0.5419450631031923,-0.2976341146044919,0.125
spot,ETHUSDT,1D,A3_MA_slope,"{""ma"": 250}",real,0.0012,0.38934078976512176,1.0141020166942514,-0.9396550481981528,-0.004983011348415722,0.09567476172144582,0.1432291355024126,-0.4897926654716219,4,0.5,0.7706332538157659,0.7706332538157659,-0.005475523799819016,-1.2235690704213145,96.25,0.1432813659985152,0.5419450631031923,-0.2976341146044919,0.125
spot,ETHUSDT,1D,A3_MA_slope,"{""ma"": 250}",stress,0.0024,0.38934078976512176,1.0141020166942514,-0.9396550481981528,-0.006276361309475953,0.09018122700179569,0.13497513943972797,-0.49208620170208683,4,0.5,0.7706332538157659,0.7706332538157659,-0.005475523799819016,-1.2235690704213151,96.25,0.1432813659985152,0.5419450631031923,-0.2976341146044919,0.125
spot,ETHUSDT,1D,A4_MA_distance_capped,"{""cap_atr"": 4, ""slow"": 150}",opt,0.001,0.38934078976512176,1.0141020166942514,-0.9396550481981528,0.14527695073125546,0.7894757077118976,1.3749126921312191,-0.21036798315569627,32,0.78125,3.1204405861022453,0.8737233641086286,0.037927914562790876,0.1819864554048377,7.71875,0.09205642167780252,4.335560504825539,0.547450265896814,0.375
spot,ETHUSDT,1D,A4_MA_distance_capped,"{""cap_atr"": 4, ""slow"": 150}",real,0.0012,0.38934078976512176,1.0141020166942514,-0.9396550481981528,0.14329250255397397,0.7806823644868823,1.3584788927015967,-0.2113149744165299,32,0.78125,3.120440586102245,0.8737233641086286,0.037927914562790876,0.18198645540483746,7.71875,0.09205642167780252,4.335560504825539,0.547450265896814,0.375
spot,ETHUSDT,1D,A4_MA_distance_capped,"{""cap_atr"": 4, ""slow"": 150}",stress,0.0024,0.38934078976512176,1.0141020166942514,-0.9396550481981528,0.13145778854486778,0.7277769931970829,1.2599531702838143,-0.2169731318022593,32,0.78125,3.120440586102245,0.8737233641086286,0.037927914562790876,0.181986455404838,7.71875,0.09205642167780252,4.335560504825539,0.547450265896814,0.375
spot,ETHUSDT,1D,A4_MA_distance_capped,"{""cap_atr"": 4, ""slow"": 200}",opt,0.001,0.38934078976512176,1.0141020166942514,-0.9396550481981528,0.12888533246190148,0.733979336665324,1.367757859078988,-0.16252854802820438,22,0.8181818181818182,5.471987947529071,1.2159973216731268,0.04740494276789862,0.8843841521558016,10.863636363636363,0.08908685968819599,2.9806978470675576,0.737866341386929,0.25
spot,ETHUSDT,1D,A4_MA_distance_capped,"{""cap_atr"": 4, ""slow"": 200}",real,0.0012,0.38934078976512176,1.0141020166942514,-0.9396550481981528,0.12754018645187926,0.7277199429918537,1.3550968341460348,-0.16252854802820438,22,0.8181818181818182,5.471987947529072,1.215997321673127,0.04740494276789862,0.8843841521558016,10.863636363636363,0.08908685968819599,2.9806978470675576,0.737866341386929,0.25
spot,ETHUSDT,1D,A4_MA_distance_capped,"{""cap_atr"": 4, ""slow"": 200}",stress,0.0024,0.38934078976512176,1.0141020166942514,-0.9396550481981528,0.11950288598446845,0.6900656865926821,1.2791168978652414,-0.1625285480282045,22,0.8181818181818182,5.471987947529072,1.215997321673127,0.04740494276789862,0.8843841521558011,10.863636363636363,0.08908685968819599,2.9806978470675576,0.7378663413869289,0.25
spot,ETHUSDT,1D,A4_MA_distance_capped,"{""cap_atr"": 4, ""slow"": 250}",opt,0.001,0.38934078976512176,1.0141020166942514,-0.9396550481981528,0.06945614330071637,0.462009406293353,0.7224670680713111,-0.18847826925939604,18,0.8333333333333334,3.406396577182834,0.6812793154365667,0.03277388778304438,0.8276840208225545,10.444444444444445,0.07015590200445435,2.4387527839643655,0.7169636474411085,0.25
spot,ETHUSDT,1D,A4_MA_distance_capped,"{""cap_atr"": 4, ""slow"": 250}",real,0.0012,0.38934078976512176,1.0141020166942514,-0.9396550481981528,0.06841339506051902,0.45661839136624194,0.7136706490283475,-0.18847826925939604,18,0.8333333333333334,3.406396577182834,0.6812793154365667,0.03277388778304439,0.8276840208225545,10.444444444444445,0.07015590200445435,2.4387527839643655,0.7169636474411085,0.25
spot,ETHUSDT,1D,A4_MA_distance_capped,"{""cap_atr"": 4, ""slow"": 250}",stress,0.0024,0.38934078976512176,1.0141020166942514,-0.9396550481981528,0.06217820846508104,0.42423508674260074,0.6609770298203714,-0.18847826925939604,18,0.8333333333333334,3.406396577182834,0.6812793154365667,0.03277388778304439,0.8276840208225545,10.444444444444445,0.07015590200445435,2.4387527839643655,0.7169636474411085,0.25
spot,ETHUSDT,1D,B1_supertrend_flip,"{""mult"": 2.0, ""n"": 10}",opt,0.001,0.38934078976512176,1.0141020166942514,-0.9396550481981528,0.5507090882130394,0.8498719049960495,1.7075935806996356,-0.6636902293952611,52,0.5,2.8239178539575023,2.8239178539575023,0.09814370359171505,1.979816178989367,24.076923076923077,0.4647364513734224,7.0452858203415,0.5043253042920214,0.75
spot,ETHUSDT,1D,B1_supertrend_flip,"{""mult"": 2.0, ""n"": 10}",real,0.0012,0.38934078976512176,1.0141020166942514,-0.9396550481981528,0.5463451593312412,0.8472626624534262,1.702217469621388,-0.6654345032762674,52,0.5,2.8239178539575023,2.8239178539575023,0.09814370359171505,1.9798161789893665,24.076923076923077,0.4647364513734224,7.0452858203415,0.5043253042920214,0.75
spot,ETHUSDT,1D,B1_supertrend_flip,"{""mult"": 2.0, ""n"": 10}",stress,0.0024,0.38934078976512176,1.0141020166942514,-0.9396550481981528,0.5204182204681942,0.8316089246235548,1.6699484355836907,-0.6757118214569089,52,0.5,2.8239178539575023,2.8239178539575023,0.09814370359171505,1.979816178989367,24.076923076923077,0.4647364513734224,7.0452858203415,0.5043253042920214,0.75
spot,ETHUSDT,1D,B1_supertrend_flip,"{""mult"": 2.5, ""n"": 10}",opt,0.001,0.38934078976512176,1.0141020166942514,-0.9396550481981528,0.9385619305524868,0.8889013513577344,2.509127881746385,-0.7815253825326574,31,0.5483870967741935,6.1643000582991805,5.076482400952266,0.27808451580541094,2.897596834779036,41.61290322580645,0.47884187082405344,4.200074239049741,0.7212856033774648,0.875
spot,ETHUSDT,1D,B1_supertrend_flip,"{""mult"": 2.5, ""n"": 10}",real,0.0012,0.38934078976512176,1.0141020166942514,-0.9396550481981528,0.9353078192612347,0.8879925182368458,2.5065093141254366,-0.7815253825326574,31,0.5483870967741935,6.164300058299179,5.076482400952265,0.27808451580541094,2.897596834779036,41.61290322580645,0.47884187082405344,4.200074239049741,0.721285603377465,0.875
spot,ETHUSDT,1D,B1_supertrend_flip,"{""mult"": 2.5, ""n"": 10}",stress,0.0024,0.38934078976512176,1.0141020166942514,-0.9396550481981528,0.9158975004963021,0.8825416114367266,2.490780636810304,-0.7815253825326574,31,0.5483870967741935,6.1643000582991805,5.076482400952266,0.27808451580541094,2.897596834779036,41.61290322580645,0.47884187082405344,4.200074239049741,0.721285603377465,0.875
spot,ETHUSDT,1D,B1_supertrend_flip,"{""mult"": 3.0, ""n"": 10}",opt,0.001,0.38934078976512176,1.0141020166942514,-0.9396550481981528,0.6736834982016728,0.809849143621637,2.2522954485339866,-0.7793774341060296,29,0.5862068965517241,5.2070190011930455,3.6755428243715613,0.2319795700129993,3.0391026538528516,45.3448275862069,0.4881217520415739,3.9291017074981442,0.7525440839325647,0.625
spot,ETHUSDT,1D,B1_supertrend_flip,"{""mult"": 3.0, ""n"": 10}",real,0.0012,0.38934078976512176,1.0141020166942514,-0.9396550481981528,0.6710551319010718,0.8089912981668339,2.2498538925765406,-0.7793774341060296,29,0.5862068965517241,5.207019001193045,3.675542824371561,0.2319795700129993,3.0391026538528507,45.3448275862069,0.4881217520415739,3.9291017074981442,0.7525440839325648,0.625
spot,ETHUSDT,1D,B1_supertrend_flip,"{""mult"": 3.0, ""n"": 10}",stress,0.0024,0.38934078976512176,1.0141020166942514,-0.9396550481981528,0.6553713538411321,0.8038463665299087,2.2351914301035274,-0.7793774341060296,29,0.5862068965517241,5.2070190011930455,3.6755428243715613,0.23197957001299932,3.0391026538528516,45.3448275862069,0.4881217520415739,3.9291017074981442,0.7525440839325648,0.625
spot,ETHUSDT,1D,B1_supertrend_flip,"{""mult"": 2.0, ""n"": 14}",opt,0.001,0.38934078976512176,1.0141020166942514,-0.9396550481981528,0.46788631659639446,0.7663162746421917,1.6464709856857616,-0.6636902293952613,53,0.5094339622641509,2.564608685885784,2.469623179001125,0.08767756192444048,2.8697640638146478,23.07547169811321,0.45397178916109876,7.180772086117298,0.4964906847776302,0.625
spot,ETHUSDT,1D,B1_supertrend_flip,"{""mult"": 2.0, ""n"": 14}",real,0.0012,0.38934078976512176,1.0141020166942514,-0.9396550481981528,0.4636761380140453,0.7637320787501972,1.6407926737986835,-0.6654345032762674,53,0.5094339622641509,2.564608685885784,2.469623179001125,0.08767756192444048,2.8697640638146478,23.07547169811321,0.45397178916109876,7.180772086117298,0.49649068477763025,0.625
spot,ETHUSDT,1D,B1_supertrend_flip,"{""mult"": 2.0, ""n"": 14}",stress,0.0024,0.38934078976512176,1.0141020166942514,-0.9396550481981528,0.4386673920757247,0.7482289956088415,1.6067093908242387,-0.6757118214569089,53,0.5094339622641509,2.564608685885784,2.469623179001125,0.08767756192444048,2.869764063814648,23.07547169811321,0.45397178916109876,7.180772086117298,0.4964906847776303,0.625
spot,ETHUSDT,1D,B1_supertrend_flip,"{""mult"": 2.5, ""n"": 14}",opt,0.001,0.38934078976512176,1.0141020166942514,-0.9396550481981528,0.9187005305663034,0.9813740587550535,2.2302406816291316,-0.6518966949856709,32,0.5625,5.518370529747064,4.29206596758105,0.24153783657917086,1.9494488477590646,40.40625,0.4799554565701559,4.335560504825539,0.6470883033979263,0.875
spot,ETHUSDT,1D,B1_supertrend_flip,"{""mult"": 2.5, ""n"": 14}",real,0.0012,0.38934078976512176,1.0141020166942514,-0.9396550481981528,0.9153759532505719,0.9800910028853542,2.22725644552052,-0.6518966949856708,32,0.5625,5.518370529747066,4.292065967581051,0.24153783657917088,1.9494488477590641,40.40625,0.4799554565701559,4.335560504825539,0.6470883033979264,0.875
spot,ETHUSDT,1D,B1_supertrend_flip,"{""mult"": 2.5, ""n"": 14}",stress,0.0024,0.38934078976512176,1.0141020166942514,-0.9396550481981528,0.8955490702997937,0.9723943997221134,2.2093358392482365,-0.6518966949856709,32,0.5625,5.518370529747065,4.292065967581051,0.24153783657917086,1.9494488477590646,40.40625,0.4799554565701559,4.335560504825539,0.6470883033979263,0.875
spot,ETHUSDT,1D,B1_supertrend_flip,"{""mult"": 3.0, ""n"": 14}",opt,0.001,0.38934078976512176,1.0141020166942514,-0.9396550481981528,0.6901735204855468,0.8221996764136552,2.209792003008338,-0.7660205863899204,28,0.6071428571428571,5.533245786037929,3.580335508612777,0.24106866084314582,2.732971316315897,46.92857142857143,0.48775055679287305,3.793615441722346,0.7638832516695598,0.625
spot,ETHUSDT,1D,B1_supertrend_flip,"{""mult"": 3.0, ""n"": 14}",real,0.0012,0.38934078976512176,1.0141020166942514,-0.9396550481981528,0.6876107149808843,0.8213211822733442,2.207373823426242,-0.7660205863899204,28,0.6071428571428571,5.533245786037929,3.580335508612777,0.2410686608431458,2.7329713163158957,46.92857142857143,0.48775055679287305,3.793615441722346,0.7638832516695598,0.625
spot,ETHUSDT,1D,B1_supertrend_flip,"{""mult"": 3.0, ""n"": 14}",stress,0.0024,0.38934078976512176,1.0141020166942514,-0.9396550481981528,0.6723152488250872,0.8160523463106605,2.192850613534234,-0.7660205863899205,28,0.6071428571428571,5.533245786037929,3.580335508612777,0.24106866084314582,2.732971316315897,46.92857142857143,0.48775055679287305,3.793615441722346,0.7638832516695598,0.625
spot,ETHUSDT,1D,B1_supertrend_flip,"{""mult"": 2.0, ""n"": 20}",opt,0.001,0.38934078976512176,1.0141020166942514,-0.9396550481981528,0.3260749129480467,0.7341992716990626,1.225886191086829,-0.74107522941558,57,0.5087719298245614,2.0490755838427477,1.9784178050895496,0.06138667674091339,0.924064167660876,20.36842105263158,0.4309576837416481,7.7227171492204905,0.4155841616532984,0.625
spot,ETHUSDT,1D,B1_supertrend_flip,"{""mult"": 2.0, ""n"": 20}",real,0.0012,0.38934078976512176,1.0141020166942514,-0.9396550481981528,0.32198486790154,0.7302126011741861,1.2190833236757874,-0.742624128574241,57,0.5087719298245614,2.0490755838427477,1.9784178050895496,0.06138667674091338,0.9240641676608767,20.36842105263158,0.4309576837416481,7.7227171492204905,0.4155841616532985,0.625
spot,ETHUSDT,1D,B1_supertrend_flip,"{""mult"": 2.0, ""n"": 20}",stress,0.0024,0.38934078976512176,1.0141020166942514,-0.9396550481981528,0.2977081039030489,0.706288359983107,1.1782675561365883,-0.751724893883855,57,0.5087719298245614,2.0490755838427477,1.9784178050895496,0.06138667674091339,0.9240641676608764,20.36842105263158,0.4309576837416481,7.7227171492204905,0.4155841616532985,0.5
spot,ETHUSDT,1D,B1_supertrend_flip,"{""mult"": 2.5, ""n"": 20}",opt,0.001,0.38934078976512176,1.0141020166942514,-0.9396550481981528,0.7972132167309236,0.9280385906635835,2.1319712816227248,-0.6518966949856709,35,0.5428571428571428,4.552937116100075,3.8340523082948006,0.20768645197016913,2.1069894267927207,35.371428571428574,0.45953971789161097,4.742019302152933,0.6561505623995285,0.75
spot,ETHUSDT,1D,B1_supertrend_flip,"{""mult"": 2.5, ""n"": 20}",real,0.0012,0.38934078976512176,1.0141020166942514,-0.9396550481981528,0.7938074757321276,0.9266091607296572,2.1286075251073235,-0.6518966949856708,35,0.5428571428571428,4.552937116100074,3.8340523082947993,0.20768645197016913,2.1069894267927207,35.371428571428574,0.45953971789161097,4.742019302152933,0.6561505623995285,0.75
spot,ETHUSDT,1D,B1_supertrend_flip,"{""mult"": 2.5, ""n"": 20}",stress,0.0024,0.38934078976512176,1.0141020166942514,-0.9396550481981528,0.7735080914986308,0.9180348181525647,2.1084089166840894,-0.651896694985671,35,0.5428571428571428,4.5529371161000745,3.8340523082947997,0.20768645197016913,2.1069894267927207,35.371428571428574,0.45953971789161097,4.742019302152933,0.6561505623995285,0.75
spot,ETHUSDT,1D,B1_supertrend_flip,"{""mult"": 3.0, ""n"": 20}",opt,0.001,0.38934078976512176,1.0141020166942514,-0.9396550481981528,0.6647687798968278,0.8107953125595743,2.188313427380271,-0.7660205863899205,27,0.5925925925925926,5.573430905991635,3.8317337478692495,0.24856949061002606,2.5879969204332034,47.03703703703704,0.47141796585003715,3.658129175946548,0.7997068278014962,0.75
spot,ETHUSDT,1D,B1_supertrend_flip,"{""mult"": 3.0, ""n"": 20}",real,0.0012,0.38934078976512176,1.0141020166942514,-0.9396550481981528,0.6623345826013094,0.8099432852499319,2.1859609333772596,-0.7660205863899204,27,0.5925925925925926,5.573430905991635,3.8317337478692495,0.2485694906100261,2.5879969204332034,47.03703703703704,0.47141796585003715,3.658129175946548,0.7997068278014962,0.75
spot,ETHUSDT,1D,B1_supertrend_flip,"{""mult"": 3.0, ""n"": 20}",stress,0.0024,0.38934078976512176,1.0141020166942514,-0.9396550481981528,0.6478039299902634,0.8048330989820097,2.171833828893981,-0.7660205863899205,27,0.5925925925925926,5.5734309059916365,3.8317337478692504,0.2485694906100261,2.5879969204332034,47.03703703703704,0.47141796585003715,3.658129175946548,0.7997068278014959,0.75
spot,ETHUSDT,1D,B3_supertrend_HTF,"{""mult"": 2.0, ""n"": 10}",opt,0.001,0.38934078976512176,1.0141020166942514,-0.9396550481981528,0.03759604309722153,0.2885136481675844,0.44251735327105207,-0.3900653182736974,12,0.5,1.9794086970691822,1.9794086970691822,0.035468312860773156,1.5358131963334323,20.666666666666668,0.09205642167780252,1.6258351893095768,0.9929380488368194,0.25
spot,ETHUSDT,1D,B3_supertrend_HTF,"{""mult"": 2.0, ""n"": 10}",real,0.0012,0.38934078976512176,1.0141020166942514,-0.9396550481981528,0.0369214775853306,0.28510152380705367,0.4371695622720055,-0.39091876440364937,12,0.5,1.9794086970691822,1.9794086970691822,0.035468312860773156,1.5358131963334323,20.666666666666668,0.09205642167780252,1.6258351893095768,0.9929380488368194,0.25
spot,ETHUSDT,1D,B3_supertrend_HTF,"{""mult"": 2.0, ""n"": 10}",stress,0.0024,0.38934078976512176,1.0141020166942514,-0.9396550481981528,0.03288327545766778,0.26461488844739456,0.40509900349211475,-0.39601494009881966,12,0.5,1.9794086970691822,1.9794086970691822,0.035468312860773156,1.5358131963334323,20.666666666666668,0.09205642167780252,1.6258351893095768,0.9929380488368194,0.25
spot,ETHUSDT,1D,B3_supertrend_HTF,"{""mult"": 2.5, ""n"": 10}",opt,0.001,0.38934078976512176,1.0141020166942514,-0.9396550481981528,0.07409178290210838,0.4575179624110796,0.7184259177160548,-0.3479731194961797,9,0.5555555555555556,4.769886901165541,3.8159095209324327,0.06942891681309953,0.5377553283326415,30.88888888888889,0.10319227913882702,1.2193763919821827,1.0000000000000002,0.25
spot,ETHUSDT,1D,B3_supertrend_HTF,"{""mult"": 2.5, ""n"": 10}",real,0.0012,0.38934078976512176,1.0141020166942514,-0.9396550481981528,0.07356802114438166,0.4550985895357927,0.7145151034927194,-0.34888546279204846,9,0.5555555555555556,4.769886901165541,3.8159095209324327,0.06942891681309953,0.5377553283326417,30.88888888888889,0.10319227913882702,1.2193763919821827,1.0000000000000002,0.25
spot,ETHUSDT,1D,B3_supertrend_HTF,"{""mult"": 2.5, ""n"": 10}",stress,0.0024,0.38934078976512176,1.0141020166942514,-0.9396550481981528,0.07043080298167692,0.44055889064646925,0.6910179232837392,-0.35433333063851447,9,0.5555555555555556,4.769886901165541,3.8159095209324323,0.06942891681309951,0.5377553283326418,30.88888888888889,0.10319227913882702,1.2193763919821827,1.0000000000000002,0.25
spot,ETHUSDT,1D,B3_supertrend_HTF,"{""mult"": 3.0, ""n"": 10}",opt,0.001,0.38934078976512176,1.0141020166942514,-0.9396550481981528,0.05073670605451919,0.35339136405328825,0.5527944835617071,-0.3698977911626282,9,0.5555555555555556,3.2500433048313235,2.600034643865059,0.04940323406766156,0.537300442367217,31.77777777777778,0.10616184112843356,1.2193763919821827,1.0,0.25
spot,ETHUSDT,1D,B3_supertrend_HTF,"{""mult"": 3.0, ""n"": 10}",real,0.0012,0.38934078976512176,1.0141020166942514,-0.9396550481981528,0.05022433298470186,0.3508547778553565,0.5487489232474146,-0.37077945654044286,9,0.5555555555555556,3.250043304831324,2.6000346438650594,0.04940323406766156,0.5373004423672171,31.77777777777778,0.10616184112843356,1.2193763919821827,1.0,0.25
spot,ETHUSDT,1D,B3_supertrend_HTF,"{""mult"": 3.0, ""n"": 10}",stress,0.0024,0.38934078976512176,1.0141020166942514,-0.9396550481981528,0.0471553305670982,0.3356195368037961,0.524454032934601,-0.37604413759294775,9,0.5555555555555556,3.250043304831324,2.6000346438650594,0.04940323406766156,0.5373004423672171,31.77777777777778,0.10616184112843356,1.2193763919821827,1.0,0.25
spot,ETHUSDT,1D,B3_supertrend_HTF,"{""mult"": 2.0, ""n"": 14}",opt,0.001,0.38934078976512176,1.0141020166942514,-0.9396550481981528,0.03728267012285036,0.28761266132025703,0.4424330968149989,-0.3900653182736975,12,0.5,1.952218947560886,1.952218947560886,0.03448366309704109,1.2965324317317717,20.0,0.08908685968819599,1.6258351893095768,0.9826954703046711,0.25
spot,ETHUSDT,1D,B3_supertrend_HTF,"{""mult"": 2.0, ""n"": 14}",real,0.0012,0.38934078976512176,1.0141020166942514,-0.9396550481981528,0.03660830834207629,0.28417662133081106,0.4370310263960738,-0.39091876440364937,12,0.5,1.952218947560886,1.952218947560886,0.03448366309704109,1.2965324317317717,20.0,0.08908685968819599,1.6258351893095768,0.9826954703046711,0.25
spot,ETHUSDT,1D,B3_supertrend_HTF,"{""mult"": 2.0, ""n"": 14}",stress,0.0024,0.38934078976512176,1.0141020166942514,-0.9396550481981528,0.03257132582528266,0.263545338657784,0.4046370447526766,-0.3960149400988199,12,0.5,1.9522189475608862,1.952218947560886,0.034483663097041095,1.2965324317317726,20.0,0.08908685968819599,1.6258351893095768,0.9826954703046711,0.25
spot,ETHUSDT,1D,B3_supertrend_HTF,"{""mult"": 2.5, ""n"": 14}",opt,0.001,0.38934078976512176,1.0141020166942514,-0.9396550481981528,0.09266560449170225,0.5498516347945889,0.889262824849693,-0.28290778660411553,9,0.5555555555555556,5.45863192793785,4.366905542350279,0.08867354660174481,1.0289418304037996,31.555555555555557,0.10541945063103192,1.2193763919821827,1.0000000000000002,0.25
spot,ETHUSDT,1D,B3_supertrend_HTF,"{""mult"": 2.5, ""n"": 14}",real,0.0012,0.38934078976512176,1.0141020166942514,-0.9396550481981528,0.09213278554016946,0.5473968383322224,0.8851465864530957,-0.28391117203648586,9,0.5555555555555556,5.458631927937849,4.366905542350279,0.08867354660174481,1.0289418304037996,31.555555555555557,0.10541945063103192,1.2193763919821827,1.0000000000000002,0.25
spot,ETHUSDT,1D,B3_supertrend_HTF,"{""mult"": 2.5, ""n"": 14}",stress,0.0024,0.38934078976512176,1.0141020166942514,-0.9396550481981528,0.08894131677116701,0.53263834744648,0.8603978021441931,-0.28990267902664535,9,0.5555555555555556,5.45863192793785,4.36690554235028,0.08867354660174481,1.0289418304038,31.555555555555557,0.10541945063103192,1.2193763919821827,1.0000000000000002,0.25
spot,ETHUSDT,1D,B3_supertrend_HTF,"{""mult"": 3.0, ""n"": 14}",opt,0.001,0.38934078976512176,1.0141020166942514,-0.9396550481981528,0.0512188105410174,0.3557920614301585,0.5565654936235813,-0.3698977911626281,9,0.5555555555555556,3.271411304527467,2.6171290436219734,0.049872402055797425,0.5563939965925274,31.666666666666668,0.10579064587973273,1.2193763919821827,1.0,0.25
spot,ETHUSDT,1D,B3_supertrend_HTF,"{""mult"": 3.0, ""n"": 14}",real,0.0012,0.38934078976512176,1.0141020166942514,-0.9396550481981528,0.05070620238152035,0.3532555793122823,0.5525194537209416,-0.370779456540443,9,0.5555555555555556,3.2714113045274678,2.6171290436219743,0.049872402055797425,0.5563939965925275,31.666666666666668,0.10579064587973273,1.2193763919821827,1.0,0.25
spot,ETHUSDT,1D,B3_supertrend_HTF,"{""mult"": 3.0, ""n"": 14}",stress,0.0024,0.38934078976512176,1.0141020166942514,-0.9396550481981528,0.04763579182824773,0.3380208277896832,0.5282213215207286,-0.37604413759294775,9,0.5555555555555556,3.2714113045274673,2.617129043621974,0.049872402055797425,0.5563939965925278,31.666666666666668,0.10579064587973273,1.2193763919821827,1.0,0.25
spot,ETHUSDT,1D,B3_supertrend_HTF,"{""mult"": 2.0, ""n"": 20}",opt,0.001,0.38934078976512176,1.0141020166942514,-0.9396550481981528,0.04981677108298377,0.3560215475797057,0.5589588199269543,-0.3900653182736975,12,0.5,2.2075716676967243,2.2075716676967243,0.04373100814791683,1.3187414033237648,18.916666666666668,0.08426132145508537,1.6258351893095768,0.981355318529516,0.25
spot,ETHUSDT,1D,B3_supertrend_HTF,"{""mult"": 2.0, ""n"": 20}",real,0.0012,0.38934078976512176,1.0141020166942514,-0.9396550481981528,0.04913426058933967,0.352487271073363,0.5532488254044591,-0.3909187644036495,12,0.5,2.207571667696724,2.2075716676967243,0.04373100814791683,1.3187414033237648,18.916666666666668,0.08426132145508537,1.6258351893095768,0.9813553185295161,0.25
spot,ETHUSDT,1D,B3_supertrend_HTF,"{""mult"": 2.0, ""n"": 20}",stress,0.0024,0.38934078976512176,1.0141020166942514,-0.9396550481981528,0.04504849682140111,0.33126045069449295,0.5189928692392689,-0.39601494009881955,12,0.5,2.2075716676967247,2.2075716676967243,0.04373100814791683,1.318741403323765,18.916666666666668,0.08426132145508537,1.6258351893095768,0.981355318529516,0.25
spot,ETHUSDT,1D,B3_supertrend_HTF,"{""mult"": 2.5, ""n"": 20}",opt,0.001,0.38934078976512176,1.0141020166942514,-0.9396550481981528,0.07573979921459983,0.47356911172370036,0.7580573953450257,-0.28290778660411586,10,0.6,4.658003046156432,3.1053353641042887,0.06547553104690333,1.700501548047055,27.3,0.10133630289532294,1.3548626577579808,0.9818638005447183,0.25
spot,ETHUSDT,1D,B3_supertrend_HTF,"{""mult"": 2.5, ""n"": 20}",real,0.0012,0.38934078976512176,1.0141020166942514,-0.9396550481981528,0.07515696458050058,0.4707975964810932,0.7534865922836955,-0.28391117203648586,10,0.6,4.658003046156433,3.105335364104289,0.06547553104690335,1.700501548047055,27.3,0.10133630289532294,1.3548626577579808,0.9818638005447183,0.25
spot,ETHUSDT,1D,B3_supertrend_HTF,"{""mult"": 2.5, ""n"": 20}",stress,0.0024,0.38934078976512176,1.0141020166942514,-0.9396550481981528,0.07166657467286774,0.454138306225319,0.7260201831553768,-0.28990267902664546,10,0.6,4.658003046156432,3.1053353641042887,0.06547553104690333,1.700501548047055,27.3,0.10133630289532294,1.3548626577579808,0.9818638005447183,0.25
spot,ETHUSDT,1D,B3_supertrend_HTF,"{""mult"": 3.0, ""n"": 20}",opt,0.001,0.38934078976512176,1.0141020166942514,-0.9396550481981528,0.0512188105410174,0.3557920614301585,0.5565654936235813,-0.3698977911626281,9,0.5555555555555556,3.271411304527467,2.6171290436219734,0.049872402055797425,0.5563939965925274,31.666666666666668,0.10579064587973273,1.2193763919821827,1.0,0.25
spot,ETHUSDT,1D,B3_supertrend_HTF,"{""mult"": 3.0, ""n"": 20}",real,0.0012,0.38934078976512176,1.0141020166942514,-0.9396550481981528,0.05070620238152035,0.3532555793122823,0.5525194537209416,-0.370779456540443,9,0.5555555555555556,3.2714113045274678,2.6171290436219743,0.049872402055797425,0.5563939965925275,31.666666666666668,0.10579064587973273,1.2193763919821827,1.0,0.25
spot,ETHUSDT,1D,B3_supertrend_HTF,"{""mult"": 3.0, ""n"": 20}",stress,0.0024,0.38934078976512176,1.0141020166942514,-0.9396550481981528,0.04763579182824773,0.3380208277896832,0.5282213215207286,-0.37604413759294775,9,0.5555555555555556,3.2714113045274673,2.617129043621974,0.049872402055797425,0.5563939965925278,31.666666666666668,0.10579064587973273,1.2193763919821827,1.0,0.25
spot,ETHUSDT,1D,C1_donchian_channel,"{""n"": 20}",opt,0.001,0.38934078976512176,1.0141020166942514,-0.9396550481981528,0.5128840533893035,0.7775329816125712,2.4192492315461633,-0.8022966751918159,33,0.5454545454545454,4.835761727337489,4.0298014394479065,0.1764670276199261,4.426321911242003,34.0,0.41648106904231624,4.471046770601337,0.7776899935349431,0.625
spot,ETHUSDT,1D,C1_donchian_channel,"{""n"": 20}",real,0.0012,0.38934078976512176,1.0141020166942514,-0.9396550481981528,0.510180797961681,0.7767428033753565,2.416737709621035,-0.8022966751918158,33,0.5454545454545454,4.835761727337489,4.0298014394479065,0.17646702761992616,4.426321911242003,34.0,0.41648106904231624,4.471046770601337,0.7776899935349431,0.625
spot,ETHUSDT,1D,C1_donchian_channel,"{""n"": 20}",stress,0.0024,0.38934078976512176,1.0141020166942514,-0.9396550481981528,0.4940623644383213,0.7720039806588185,2.4016559588242683,-0.8022966751918159,33,0.5454545454545454,4.835761727337489,4.0298014394479065,0.1764670276199261,4.426321911242004,34.0,0.41648106904231624,4.471046770601337,0.7776899935349431,0.625
spot,ETHUSDT,1D,C6_donchian_ATR_trail,"{""n"": 20, ""trail"": 2.0}",opt,0.001,0.38934078976512176,1.0141020166942514,-0.9396550481981528,0.17116389053723657,0.6524237512071068,1.2935201946875827,-0.3048495221880011,24,0.5833333333333334,3.5720957459546248,2.5514969613961602,0.06049151993169769,1.3224751259484409,9.458333333333334,0.08426132145508537,3.2516703786191536,0.6995147425831083,0.75
spot,ETHUSDT,1D,C6_donchian_ATR_trail,"{""n"": 20, ""trail"": 2.0}",real,0.0012,0.38934078976512176,1.0141020166942514,-0.9396550481981528,0.1696415833404794,0.6481404288341704,1.2834182710969075,-0.3077631873622543,24,0.5833333333333334,3.572095745954625,2.5514969613961607,0.060491519931697685,1.3224751259484409,9.458333333333334,0.08426132145508537,3.2516703786191536,0.6995147425831083,0.75
spot,ETHUSDT,1D,C6_donchian_ATR_trail,"{""n"": 20, ""trail"": 2.0}",stress,0.0024,0.38934078976512176,1.0141020166942514,-0.9396550481981528,0.16054918418163378,0.6224811454130234,1.2233486385475383,-0.3249911059271985,24,0.5833333333333334,3.5720957459546248,2.5514969613961602,0.060491519931697685,1.3224751259484406,9.458333333333334,0.08426132145508537,3.2516703786191536,0.6995147425831083,0.75
spot,ETHUSDT,1D,C6_donchian_ATR_trail,"{""n"": 20, ""trail"": 3.0}",opt,0.001,0.38934078976512176,1.0141020166942514,-0.9396550481981528,0.2044820990259002,0.6243373904367531,1.0988064835997988,-0.4943545329425798,24,0.5416666666666666,3.0685085773324183,2.5964303346658926,0.07800236272098061,1.2619028429897146,16.5,0.14699331848552338,3.2516703786191536,0.7059344096689745,0.75
spot,ETHUSDT,1D,C6_donchian_ATR_trail,"{""n"": 20, ""trail"": 3.0}",real,0.0012,0.38934078976512176,1.0141020166942514,-0.9396550481981528,0.2029164840146045,0.6214397744817882,1.0930837958683626,-0.4964739036902225,24,0.5416666666666666,3.0685085773324183,2.5964303346658926,0.07800236272098061,1.2619028429897148,16.5,0.14699331848552338,3.2516703786191536,0.7059344096689746,0.75
spot,ETHUSDT,1D,C6_donchian_ATR_trail,"{""n"": 20, ""trail"": 3.0}",stress,0.0024,0.38934078976512176,1.0141020166942514,-0.9396550481981528,0.19356541700125574,0.6040776904093346,1.0589054554993311,-0.5090053184086835,24,0.5416666666666666,3.0685085773324183,2.5964303346658926,0.07800236272098061,1.2619028429897141,16.5,0.14699331848552338,3.2516703786191536,0.7059344096689746,0.75
spot,ETHUSDT,1D,C6_donchian_ATR_trail,"{""n"": 20, ""trail"": 4.0}",opt,0.001,0.38934078976512176,1.0141020166942514,-0.9396550481981528,0.12892560396679165,0.49090827765418693,0.8330332541718625,-0.5862504299272246,24,0.4583333333333333,2.1088205385704173,2.49224245467413,0.06199654171651995,1.2230533104751835,25.875,0.23051224944320714,3.2516703786191536,0.757713810327157,0.625
spot,ETHUSDT,1D,C6_donchian_ATR_trail,"{""n"": 20, ""trail"": 4.0}",real,0.0012,0.38934078976512176,1.0141020166942514,-0.9396550481981528,0.12745819911815515,0.4888583264555124,0.8293387882350381,-0.5879021246199252,24,0.4583333333333333,2.1088205385704173,2.4922424546741295,0.061996541716519964,1.2230533104751835,25.875,0.23051224944320714,3.2516703786191536,0.7577138103271569,0.625
spot,ETHUSDT,1D,C6_donchian_ATR_trail,"{""n"": 20, ""trail"": 4.0}",stress,0.0024,0.38934078976512176,1.0141020166942514,-0.9396550481981528,0.11869371936016138,0.4765704553730869,0.8072226105894114,-0.5976747656884693,24,0.4583333333333333,2.1088205385704173,2.49224245467413,0.061996541716519936,1.223053310475183,25.875,0.23051224944320714,3.2516703786191536,0.757713810327157,0.625
spot,ETHUSDT,1D,C4_donchian_HTF,"{""n"": 20}",opt,0.001,0.38934078976512176,1.0141020166942514,-0.9396550481981528,0.06132184276944419,0.4164067408130929,0.6494031894172381,-0.3694413411068874,8,0.75,3.849455933777199,1.283151977925733,0.06740011756926467,-0.23333603018417967,28.5,0.08463251670378619,1.0838901262063847,0.9938066081224791,0.25
spot,ETHUSDT,1D,C4_donchian_HTF,"{""n"": 20}",real,0.0012,0.38934078976512176,1.0141020166942514,-0.9396550481981528,0.06086179943930703,0.4140384015615648,0.6455749149458428,-0.3698197019229834,8,0.75,3.849455933777199,1.283151977925733,0.06740011756926469,-0.23333603018417967,28.5,0.08463251670378619,1.0838901262063847,0.9938066081224791,0.25
spot,ETHUSDT,1D,C4_donchian_HTF,"{""n"": 20}",stress,0.0024,0.38934078976512176,1.0141020166942514,-0.9396550481981528,0.058105718168958376,0.3998145627729724,0.6225925841725705,-0.3722731665728901,8,0.75,3.8494559337771985,1.283151977925733,0.06740011756926467,-0.23333603018417967,28.5,0.08463251670378619,1.0838901262063847,0.9938066081224791,0.25
spot,ETHUSDT,1D,C1_donchian_channel,"{""n"": 50}",opt,0.001,0.38934078976512176,1.0141020166942514,-0.9396550481981528,0.4356782749992869,0.7755843618719014,2.961124419416904,-0.8186544366835851,14,0.5714285714285714,6.714105879579279,5.035579409684459,0.37368532226054524,2.623331343359027,82.85714285714286,0.4309576837416481,1.896807720861173,0.9488228418597799,0.75
spot,ETHUSDT,1D,C1_donchian_channel,"{""n"": 50}",real,0.0012,0.38934078976512176,1.0141020166942514,-0.9396550481981528,0.4345894045512573,0.7753284096068491,2.9601228981971417,-0.818654436683585,14,0.5714285714285714,6.714105879579281,5.035579409684462,0.3736853222605453,2.6233313433590277,82.85714285714286,0.4309576837416481,1.896807720861173,0.9488228418597796,0.75
spot,ETHUSDT,1D,C1_donchian_channel,"{""n"": 50}",stress,0.0024,0.38934078976512176,1.0141020166942514,-0.9396550481981528,0.4280734886170927,0.7737934981964665,2.954106935394546,-0.8186544366835851,14,0.5714285714285714,6.714105879579281,5.035579409684462,0.3736853222605453,2.6233313433590277,82.85714285714286,0.4309576837416481,1.896807720861173,0.9488228418597798,0.75
spot,ETHUSDT,1D,C6_donchian_ATR_trail,"{""n"": 50, ""trail"": 2.0}",opt,0.001,0.38934078976512176,1.0141020166942514,-0.9396550481981528,0.119701218329197,0.5974697821305642,1.292321184366813,-0.17460804387117101,10,0.5,7.390804382488355,7.390804382488355,0.09918411326794996,0.8193192751928179,9.9,0.036748329621380846,1.3548626577579808,0.9999999999999998,0.5
spot,ETHUSDT,1D,C6_donchian_ATR_trail,"{""n"": 50, ""trail"": 2.0}",real,0.0012,0.38934078976512176,1.0141020166942514,-0.9396550481981528,0.11909456544681607,0.5950304335871431,1.2858018102527753,-0.1757629668354762,10,0.5,7.390804382488353,7.390804382488353,0.09918411326794996,0.8193192751928179,9.9,0.036748329621380846,1.3548626577579808,1.0,0.5
spot,ETHUSDT,1D,C6_donchian_ATR_trail,"{""n"": 50, ""trail"": 2.0}",stress,0.0024,0.38934078976512176,1.0141020166942514,-0.9396550481981528,0.11546153649792545,0.5804026131375187,1.2468914829453899,-0.1826593486150916,10,0.5,7.390804382488353,7.390804382488353,0.09918411326794996,0.8193192751928179,9.9,0.036748329621380846,1.3548626577579808,1.0,0.5
spot,ETHUSDT,1D,C6_donchian_ATR_trail,"{""n"": 50, ""trail"": 3.0}",opt,0.001,0.38934078976512176,1.0141020166942514,-0.9396550481981528,0.07141809083802131,0.3905568782385744,0.7121821197303458,-0.2654960429227522,10,0.6,3.048709335275211,2.032472890183474,0.06237923711865843,0.49126730662049317,14.8,0.05493689680772086,1.3548626577579808,0.9201831374010956,0.5
spot,ETHUSDT,1D,C6_donchian_ATR_trail,"{""n"": 50, ""trail"": 3.0}",real,0.0012,0.38934078976512176,1.0141020166942514,-0.9396550481981528,0.07083759770074338,0.3883889346453205,0.707763329343793,-0.26623034207008545,10,0.6,3.0487093352752113,2.032472890183474,0.062379237118658434,0.4912673066204938,14.8,0.05493689680772086,1.3548626577579808,0.9201831374010955,0.5
spot,ETHUSDT,1D,C6_donchian_ATR_trail,"{""n"": 50, ""trail"": 3.0}",stress,0.0024,0.38934078976512176,1.0141020166942514,-0.9396550481981528,0.06736123018710605,0.37539951722011544,0.681389094117755,-0.270621368709532,10,0.6,3.0487093352752113,2.032472890183474,0.06237923711865843,0.4912673066204935,14.8,0.05493689680772086,1.3548626577579808,0.9201831374010955,0.5
spot,ETHUSDT,1D,C6_donchian_ATR_trail,"{""n"": 50, ""trail"": 4.0}",opt,0.001,0.38934078976512176,1.0141020166942514,-0.9396550481981528,0.14110654910895803,0.5295978150958444,0.8631662756952363,-0.3870223060253347,10,0.6,3.9349662763863344,2.623310850924223,0.13221805963799052,0.7278808670444281,33.0,0.12249443207126949,1.3548626577579808,0.9812935062020753,0.5
spot,ETHUSDT,1D,C6_donchian_ATR_trail,"{""n"": 50, ""trail"": 4.0}",real,0.0012,0.38934078976512176,1.0141020166942514,-0.9396550481981528,0.14048829884202196,0.5282071232845257,0.8607042793309191,-0.3876351127960579,10,0.6,3.934966276386335,2.623310850924223,0.13221805963799052,0.7278808670444281,33.0,0.12249443207126949,1.3548626577579808,0.9812935062020753,0.5
spot,ETHUSDT,1D,C6_donchian_ATR_trail,"{""n"": 50, ""trail"": 4.0}",stress,0.0024,0.38934078976512176,1.0141020166942514,-0.9396550481981528,0.13678581727031514,0.5198685828699441,0.8459572941302602,-0.39129962863384815,10,0.6,3.9349662763863344,2.623310850924223,0.13221805963799055,0.7278808670444281,33.0,0.12249443207126949,1.3548626577579808,0.9812935062020753,0.5
spot,ETHUSDT,1D,C4_donchian_HTF,"{""n"": 50}",opt,0.001,0.38934078976512176,1.0141020166942514,-0.9396550481981528,0.06805594863622844,0.4224669268282388,0.6639464299989529,-0.3474703658977032,6,0.5,5.640417761859312,5.640417761859313,0.11204832139604859,2.0595197177828477,53.333333333333336,0.11915367483296214,0.8129175946547884,0.9637764304721838,0.25
spot,ETHUSDT,1D,C4_donchian_HTF,"{""n"": 50}",real,0.0012,0.38934078976512176,1.0141020166942514,-0.9396550481981528,0.06770870808447138,0.42088791771579825,0.6613997295867442,-0.3478619101916457,6,0.5,5.640417761859312,5.640417761859313,0.11204832139604859,2.0595197177828477,53.333333333333336,0.11915367483296214,0.8129175946547884,0.9637764304721838,0.25
spot,ETHUSDT,1D,C4_donchian_HTF,"{""n"": 50}",stress,0.0024,0.38934078976512176,1.0141020166942514,-0.9396550481981528,0.06562762977892822,0.41140538772451507,0.6461005352304492,-0.3502067979464297,6,0.5,5.640417761859312,5.640417761859313,0.11204832139604859,2.059519717782848,53.333333333333336,0.11915367483296214,0.8129175946547884,0.9637764304721838,0.25
spot,ETHUSDT,1D,C1_donchian_channel,"{""n"": 100}",opt,0.001,0.38934078976512176,1.0141020166942514,-0.9396550481981528,0.25664421952855765,0.7631640597855018,3.5410237529624697,-0.8777701901304676,5,0.4,13.303917161290608,19.955875741935913,1.1282728750910964,2.1686550078887916,199.8,0.3711952487008166,0.6774313288789904,0.9248341681719409,0.5
spot,ETHUSDT,1D,C1_donchian_channel,"{""n"": 100}",real,0.0012,0.38934078976512176,1.0141020166942514,-0.9396550481981528,0.2563037491811675,0.7630902266279692,3.5406711276319283,-0.8777701901304676,5,0.4,13.303917161290606,19.955875741935913,1.1282728750910964,2.1686550078887916,199.8,0.3711952487008166,0.6774313288789904,0.9248341681719409,0.5
spot,ETHUSDT,1D,C1_donchian_channel,"{""n"": 100}",stress,0.0024,0.38934078976512176,1.0141020166942514,-0.9396550481981528,0.25426285900499135,0.7626474742046886,3.5385525487972713,-0.8777701901304675,5,0.4,13.303917161290604,19.95587574193591,1.1282728750910964,2.1686550078887916,199.8,0.3711952487008166,0.6774313288789904,0.9248341681719409,0.5
spot,ETHUSDT,1D,C6_donchian_ATR_trail,"{""n"": 100, ""trail"": 2.0}",opt,0.001,0.38934078976512176,1.0141020166942514,-0.9396550481981528,-0.008614971931433346,-0.08840334630574434,-0.1113726536167413,-0.14549906586032224,3,0.3333333333333333,0.7195933502684378,1.4391867005368757,-0.014940505422241285,1.659165622798847,11.333333333333334,0.012620638455827766,0.4064587973273942,-0.3896737645323695,0.125
spot,ETHUSDT,1D,C6_donchian_ATR_trail,"{""n"": 100, ""trail"": 2.0}",real,0.0012,0.38934078976512176,1.0141020166942514,-0.9396550481981528,-0.008776141891320477,-0.09053505505574655,-0.11396060596814561,-0.1458407982975698,3,0.3333333333333333,0.7195933502684377,1.4391867005368755,-0.014940505422241296,1.6591656227988467,11.333333333333334,0.012620638455827766,0.4064587973273942,-0.3896737645323698,0.125
spot,ETHUSDT,1D,C6_donchian_ATR_trail,"{""n"": 100, ""trail"": 2.0}",stress,0.0024,0.38934078976512176,1.0141020166942514,-0.9396550481981528,-0.009742613642288567,-0.10319882630991123,-0.1292459328323776,-0.14788832924141193,3,0.3333333333333333,0.7195933502684378,1.4391867005368757,-0.014940505422241282,1.6591656227988467,11.333333333333334,0.012620638455827766,0.4064587973273942,-0.3896737645323694,0.125
spot,ETHUSDT,1D,C6_donchian_ATR_trail,"{""n"": 100, ""trail"": 3.0}",opt,0.001,0.38934078976512176,1.0141020166942514,-0.9396550481981528,-0.012559255474247522,-0.03961157779973075,-0.0505510680111439,-0.23670327955093828,3,0.6666666666666666,0.6637088776670802,0.3318544388335401,-0.02106451698403561,-1.6811448946313416,21.0,0.02338530066815145,0.4064587973273942,-0.5066846830721544,0.25
spot,ETHUSDT,1D,C6_donchian_ATR_trail,"{""n"": 100, ""trail"": 3.0}",real,0.0012,0.38934078976512176,1.0141020166942514,-0.9396550481981528,-0.012719784209986207,-0.040842663619386085,-0.052101673565881586,-0.23700853755382678,3,0.6666666666666666,0.6637088776670802,0.3318544388335401,-0.02106451698403561,-1.681144894631341,21.0,0.02338530066815145,0.4064587973273942,-0.5066846830721544,0.25
spot,ETHUSDT,1D,C6_donchian_ATR_trail,"{""n"": 100, ""trail"": 3.0}",stress,0.0024,0.38934078976512176,1.0141020166942514,-0.9396550481981528,-0.013682410796347244,-0.04819397222071107,-0.06133555516246357,-0.23883752754320164,3,0.6666666666666666,0.6637088776670802,0.3318544388335401,-0.02106451698403561,-1.6811448946313416,21.0,0.02338530066815145,0.4064587973273942,-0.5066846830721544,0.25
spot,ETHUSDT,1D,C6_donchian_ATR_trail,"{""n"": 100, ""trail"": 4.0}",opt,0.001,0.38934078976512176,1.0141020166942514,-0.9396550481981528,-0.041401044072919335,-0.1989716540166216,-0.23463194886525976,-0.3441552548286244,3,0.3333333333333333,0.11504281535145428,0.23008563070290855,-0.08502811992500149,-1.646985906558619,24.666666666666668,0.02746844840386043,0.4064587973273942,-7.692415923106656,0.125
spot,ETHUSDT,1D,C6_donchian_ATR_trail,"{""n"": 100, ""trail"": 4.0}",real,0.0012,0.38934078976512176,1.0141020166942514,-0.9396550481981528,-0.04155688398465929,-0.19989015248643094,-0.23566843686244682,-0.3446797214464955,3,0.3333333333333333,0.11504281535145425,0.2300856307029085,-0.08502811992500149,-1.646985906558619,24.666666666666668,0.02746844840386043,0.4064587973273942,-7.692415923106657,0.125
spot,ETHUSDT,1D,C6_donchian_ATR_trail,"{""n"": 100, ""trail"": 4.0}",stress,0.0024,0.38934078976512176,1.0141020166942514,-0.9396550481981528,-0.042491393569917046,-0.20537555674493546,-0.24184993114102113,-0.34781773207676214,3,0.3333333333333333,0.11504281535145428,0.23008563070290855,-0.08502811992500149,-1.646985906558619,24.666666666666668,0.02746844840386043,0.4064587973273942,-7.692415923106656,0.125
spot,ETHUSDT,1D,C4_donchian_HTF,"{""n"": 100}",opt,0.001,0.38934078976512176,1.0141020166942514,-0.9396550481981528,0.059288655557492964,0.37439397352016407,0.607151771602841,-0.32713143383192267,5,0.4,10.827122544654623,16.24068381698193,0.11448842305935428,2.2196202885547374,63.6,0.1184112843355605,0.6774313288789904,0.9076393570059201,0.25
spot,ETHUSDT,1D,C4_donchian_HTF,"{""n"": 100}",real,0.0012,0.38934078976512176,1.0141020166942514,-0.9396550481981528,0.059001655966885336,0.3731193019966238,0.6050347868826597,-0.3279383928182076,5,0.4,10.827122544654621,16.24068381698193,0.11448842305935425,2.2196202885547374,63.6,0.1184112843355605,0.6774313288789904,0.9076393570059201,0.25
spot,ETHUSDT,1D,C4_donchian_HTF,"{""n"": 100}",stress,0.0024,0.38934078976512176,1.0141020166942514,-0.9396550481981528,0.057281286925858765,0.3654696578408954,0.5923222726661679,-0.33275987442745636,5,0.4,10.827122544654625,16.240683816981935,0.11448842305935428,2.2196202885547374,63.6,0.1184112843355605,0.6774313288789904,0.9076393570059201,0.25
spot,ETHUSDT,1D,C2_donchian_voltarget,"{""n"": 20, ""vol_target"": 0.2}",opt,0.001,0.38934078976512176,1.0141020166942514,-0.9396550481981528,0.060928815270311354,0.49076256297869914,0.8011481316420419,-0.1754251796455587,24,0.5,3.05833687655375,2.803475470174271,0.08099352341506402,1.203508193686636,16.5,0.12249443207126949,3.2516703786191536,0.7082822718811354,0.75
spot,ETHUSDT,1D,C2_donchian_voltarget,"{""n"": 20, ""vol_target"": 0.2}",real,0.0012,0.38934078976512176,1.0141020166942514,-0.9396550481981528,0.0605023975770711,0.48786026137672406,0.7959927254559959,-0.17669163659340403,24,0.5,3.05833687655375,2.803475470174271,0.08099352341506402,1.203508193686636,16.5,0.12249443207126949,3.2516703786191536,0.7082822718811354,0.75
spot,ETHUSDT,1D,C2_donchian_voltarget,"{""n"": 20, ""vol_target"": 0.2}",stress,0.0024,0.38934078976512176,1.0141020166942514,-0.9396550481981528,0.057949741924219866,0.47046594497021,0.7651901938023522,-0.1842436062245697,24,0.5,3.0583368765537498,2.803475470174271,0.08099352341506401,1.2035081936866356,16.5,0.12249443207126949,3.2516703786191536,0.7082822718811355,0.625
spot,ETHUSDT,1D,C2_donchian_voltarget,"{""n"": 50, ""vol_target"": 0.2}",opt,0.001,0.38934078976512176,1.0141020166942514,-0.9396550481981528,0.02629845627715799,0.33664451181732835,0.5883189208656974,-0.09058559865253846,10,0.6,3.0487093352752113,2.032472890183474,0.06237923711865843,0.49126730662049317,14.8,0.042687453600593915,1.3548626577579808,0.9201831374010955,0.5
spot,ETHUSDT,1D,C2_donchian_voltarget,"{""n"": 50, ""vol_target"": 0.2}",real,0.0012,0.38934078976512176,1.0141020166942514,-0.9396550481981528,0.02609731889547806,0.3343958898158135,0.5840136885739887,-0.09082767470714892,10,0.6,3.048709335275211,2.032472890183474,0.06237923711865843,0.4912673066204941,14.8,0.042687453600593915,1.3548626577579808,0.9201831374010955,0.5
spot,ETHUSDT,1D,C2_donchian_voltarget,"{""n"": 50, ""vol_target"": 0.2}",stress,0.0024,0.38934078976512176,1.0141020166942514,-0.9396550481981528,0.024892352938513218,0.320920165129366,0.5583108553774385,-0.0922778880583377,10,0.6,3.048709335275211,2.032472890183474,0.06237923711865843,0.49126730662049317,14.8,0.042687453600593915,1.3548626577579808,0.9201831374010955,0.5
spot,ETHUSDT,1D,C2_donchian_voltarget,"{""n"": 100, ""vol_target"": 0.2}",opt,0.001,0.38934078976512176,1.0141020166942514,-0.9396550481981528,0.0012372736760675185,0.053518932945403,0.07393456678303222,-0.06188556079231222,3,0.6666666666666666,0.6637088776670803,0.33185443883354016,-0.021064516984035598,-1.6811448946313416,21.0,0.013734224201930215,0.4064587973273942,-0.5066846830721542,0.25
spot,ETHUSDT,1D,C2_donchian_voltarget,"{""n"": 100, ""vol_target"": 0.2}",real,0.0012,0.38934078976512176,1.0141020166942514,-0.9396550481981528,0.001194758095558912,0.05225825285041868,0.07215985189414205,-0.06199903817198271,3,0.6666666666666666,0.6637088776670802,0.3318544388335401,-0.02106451698403561,-1.6811448946313416,21.0,0.013734224201930215,0.4064587973273942,-0.5066846830721544,0.25
spot,ETHUSDT,1D,C2_donchian_voltarget,"{""n"": 100, ""vol_target"": 0.2}",stress,0.0024,0.38934078976512176,1.0141020166942514,-0.9396550481981528,0.0009399526374529454,0.04471976024760873,0.06158018681283847,-0.06267900436889817,3,0.6666666666666666,0.66370887766708,0.33185443883354,-0.02106451698403562,-1.681144894631341,21.0,0.013734224201930215,0.4064587973273942,-0.5066846830721548,0.25
perp,BTCUSDT,1h,A1_price_slowMA,"{""slow"": 150}",opt,0.000505,0.6698802603394725,1.1196327857137172,-0.7724232825946648,-0.0469679029497051,0.21760625376545176,0.33726988918789186,-0.8795373302460285,1616,0.1478960396039604,1.2379284420141552,7.132332488089923,0.0015046222234643082,5.87171309343913,27.04022277227723,0.9965790914066777,322.8461959496442,0.13961108567938443,0.6
perp,BTCUSDT,1h,A1_price_slowMA,"{""slow"": 150}",real,0.000705,0.6698802603394725,1.1196327857137172,-0.7724232825946648,-0.16250772062058405,0.009269081347488673,0.014172994697619547,-0.9181672591196806,1616,0.1478960396039604,1.2379284420141552,7.132332488089923,0.0015046222234643082,5.871713093439132,27.04022277227723,0.9965790914066777,322.8461959496442,0.13961108567938443,0.6
perp,BTCUSDT,1h,A1_price_slowMA,"{""slow"": 150}",stress,0.000905,0.6698802603394725,1.1196327857137172,-0.7724232825946648,-0.2640402614932139,-0.19520607279327462,-0.29451538130500443,-0.944409369986733,1616,0.1478960396039604,1.2379284420141552,7.132332488089923,0.0015046222234643082,5.87171309343913,27.04022277227723,0.9965790914066777,322.8461959496442,0.13961108567938443,0.4
perp,BTCUSDT,1h,A1_price_slowMA,"{""slow"": 200}",opt,0.000505,0.6698802603394725,1.1196327857137172,-0.7724232825946648,0.1489349797257078,0.5253100408710967,0.8270766488365814,-0.7852596476895191,1352,0.14497041420118342,1.392345035333061,8.21199418798479,0.002478772029140386,9.329074728086947,32.28328402366864,0.9954387885422368,270.103995621237,0.22067165281561832,0.6
perp,BTCUSDT,1h,A1_price_slowMA,"{""slow"": 200}",real,0.000705,0.6698802603394725,1.1196327857137172,-0.7724232825946648,0.031207704402275827,0.3455058771437068,0.5372598801537957,-0.8456825618514676,1352,0.14497041420118342,1.392345035333061,8.21199418798479,0.002478772029140386,9.32907472808695,32.28328402366864,0.9954387885422368,270.103995621237,0.22067165281561832,0.4
perp,BTCUSDT,1h,A1_price_slowMA,"{""slow"": 200}",stress,0.000905,0.6698802603394725,1.1196327857137172,-0.7724232825946648,-0.07445654174664185,0.1685704851875453,0.2589131547576227,-0.8911050495057293,1352,0.14497041420118342,1.392345035333061,8.21199418798479,0.002478772029140386,9.329074728086953,32.28328402366864,0.9954387885422368,270.103995621237,0.22067165281561832,0.4
perp,BTCUSDT,1h,A1_price_slowMA,"{""slow"": 250}",opt,0.000505,0.6698802603394725,1.1196327857137172,-0.7724232825946648,-0.023928340566977124,0.25849291546075354,0.39561091223529454,-0.8328217670037917,1234,0.14019448946515398,1.280595667626175,7.8538266089674655,0.0019223903671061382,8.643194850258636,35.32982171799028,0.994298485677796,246.52983032293375,0.23160575231631297,0.4
perp,BTCUSDT,1h,A1_price_slowMA,"{""slow"": 250}",real,0.000705,0.6698802603394725,1.1196327857137172,-0.7724232825946648,-0.11567392337384286,0.09929024739828889,0.1503293940278698,-0.8897644448987385,1234,0.14019448946515398,1.280595667626175,7.8538266089674655,0.0019223903671061382,8.643194850258638,35.32982171799028,0.994298485677796,246.52983032293375,0.23160575231631297,0.2
perp,BTCUSDT,1h,A1_price_slowMA,"{""slow"": 250}",stress,0.000905,0.6698802603394725,1.1196327857137172,-0.7724232825946648,-0.19879597131715387,-0.057436514525109214,-0.08603472099913534,-0.9273118690261442,1234,0.14019448946515398,1.280595667626175,7.8538266089674655,0.0019223903671061382,8.643194850258638,35.32982171799028,0.994298485677796,246.52983032293375,0.23160575231631297,0.2
perp,BTCUSDT,1h,A2_dual_MA,"{""fast"": 10, ""slow"": 50}",opt,0.000505,0.6698802603394725,1.1196327857137172,-0.7724232825946648,0.12658400531268033,0.4966726206169366,0.7734836614164602,-0.8040381333950235,1124,0.2606761565836299,1.2353510839469257,3.503674917269267,0.0025074056751672085,3.840207255922642,38.9653024911032,0.9988596971355592,224.55391351943075,0.11052666869976784,0.6
perp,BTCUSDT,1h,A2_dual_MA,"{""fast"": 10, ""slow"": 50}",real,0.000705,0.6698802603394725,1.1196327857137172,-0.7724232825946648,0.029701662383709415,0.3513068073825504,0.5425280191659084,-0.8556679814029857,1124,0.2606761565836299,1.2353510839469257,3.503674917269267,0.0025074056751672085,3.8402072559226417,38.9653024911032,0.9988596971355592,224.55391351943075,0.11052666869976785,0.6
perp,BTCUSDT,1h,A2_dual_MA,"{""fast"": 10, ""slow"": 50}",stress,0.000905,0.6698802603394725,1.1196327857137172,-0.7724232825946648,-0.05884921402546883,0.20742055005304152,0.3176674040624878,-0.8945479876457034,1124,0.2606761565836299,1.2353510839469257,3.503674917269267,0.002507405675167209,3.840207255922642,38.9653024911032,0.9988596971355592,224.55391351943075,0.11052666869976785,0.4
perp,BTCUSDT,1h,A2_dual_MA,"{""fast"": 10, ""slow"": 75}",opt,0.000505,0.6698802603394725,1.1196327857137172,-0.7724232825946648,0.2951730100749894,0.7260480929376731,1.152902729208242,-0.640302779569959,848,0.2535377358490566,1.325469668867654,3.9024293041545346,0.0037544459708271755,3.609406945832484,51.617924528301884,0.9982895457033388,169.4143404488232,0.12902584187688843,0.8
perp,BTCUSDT,1h,A2_dual_MA,"{""fast"": 10, ""slow"": 75}",real,0.000705,0.6698802603394725,1.1196327857137172,-0.7724232825946648,0.21021918984081345,0.6129070952823797,0.9662091472296039,-0.7108484932413668,848,0.2535377358490566,1.3254696688676542,3.9024293041545355,0.003754445970827176,3.6094069458324842,51.617924528301884,0.9982895457033388,169.4143404488232,0.12902584187688845,0.8
perp,BTCUSDT,1h,A2_dual_MA,"{""fast"": 10, ""slow"": 75}",stress,0.000905,0.6698802603394725,1.1196327857137172,-0.7724232825946648,0.1308376364429038,0.500727497424347,0.7836981535534591,-0.767558465322264,848,0.2535377358490566,1.3254696688676542,3.9024293041545355,0.003754445970827176,3.609406945832484,51.617924528301884,0.9982895457033388,169.4143404488232,0.12902584187688845,0.6
perp,BTCUSDT,1h,A2_dual_MA,"{""fast"": 10, ""slow"": 100}",opt,0.000505,0.6698802603394725,1.1196327857137172,-0.7724232825946648,0.35130889866035164,0.7999763460725722,1.296226062321022,-0.6581424464566412,738,0.25609756097560976,1.382801577842798,4.016709345162413,0.004491213706498626,4.063736534506331,59.27777777777778,0.9977193942711184,147.4384236453202,0.15838666970936033,0.8
perp,BTCUSDT,1h,A2_dual_MA,"{""fast"": 10, ""slow"": 100}",real,0.000705,0.6698802603394725,1.1196327857137172,-0.7724232825946648,0.27383708220742076,0.6992881322577272,1.1255887198496823,-0.6806388590404273,738,0.25609756097560976,1.382801577842798,4.016709345162413,0.004491213706498626,4.063736534506333,59.27777777777778,0.9977193942711184,147.4384236453202,0.15838666970936033,0.8
perp,BTCUSDT,1h,A2_dual_MA,"{""fast"": 10, ""slow"": 100}",stress,0.000905,0.6698802603394725,1.1196327857137172,-0.7724232825946648,0.2008067262865687,0.5993632402942745,0.9584014403103638,-0.7283233360365609,738,0.25609756097560976,1.3828015778427978,4.016709345162412,0.004491213706498626,4.063736534506331,59.27777777777778,0.9977193942711184,147.4384236453202,0.15838666970936036,0.6
perp,BTCUSDT,1h,A2_dual_MA,"{""fast"": 20, ""slow"": 50}",opt,0.000505,0.6698802603394725,1.1196327857137172,-0.7724232825946648,0.1163236051386356,0.47922552784872696,0.7577562430534641,-0.7302841277511871,796,0.27889447236180903,1.2282876118147827,3.1758427440616455,0.002998294820773708,3.2512171915539847,55.0213567839196,0.9988596971355592,159.02572523262177,0.1263258921210153,0.6
perp,BTCUSDT,1h,A2_dual_MA,"{""fast"": 20, ""slow"": 50}",real,0.000705,0.6698802603394725,1.1196327857137172,-0.7724232825946648,0.04740812590959487,0.3751842139398135,0.5892414944966058,-0.7815416848320005,796,0.27889447236180903,1.228287611814783,3.175842744061646,0.002998294820773708,3.2512171915539847,55.0213567839196,0.9988596971355592,159.02572523262177,0.12632589212101525,0.6
perp,BTCUSDT,1h,A2_dual_MA,"{""fast"": 20, ""slow"": 50}",stress,0.000905,0.6698802603394725,1.1196327857137172,-0.7724232825946648,-0.017252984626712764,0.2719768549684481,0.4242887651864091,-0.8230581594631543,796,0.27889447236180903,1.228287611814783,3.175842744061646,0.0029982948207737076,3.2512171915539843,55.0213567839196,0.9988596971355592,159.02572523262177,0.12632589212101525,0.6
perp,BTCUSDT,1h,A2_dual_MA,"{""fast"": 20, ""slow"": 75}",opt,0.000505,0.6698802603394725,1.1196327857137172,-0.7724232825946648,0.30188303259614946,0.7332921757416282,1.1726645273717626,-0.688432436871228,610,0.2754098360655738,1.3469724036989938,3.5438202525890192,0.004990752513387101,3.726064452660099,71.75737704918033,0.9982895457033388,121.86644772851669,0.16617567244040163,0.6
perp,BTCUSDT,1h,A2_dual_MA,"{""fast"": 20, ""slow"": 75}",real,0.000705,0.6698802603394725,1.1196327857137172,-0.7724232825946648,0.23984009699591002,0.6522741791385148,1.0375999705733483,-0.7210923277844147,610,0.2754098360655738,1.3469724036989938,3.5438202525890192,0.0049907525133870995,3.7260644526601,71.75737704918033,0.9982895457033388,121.86644772851669,0.16617567244040163,0.6
perp,BTCUSDT,1h,A2_dual_MA,"{""fast"": 20, ""slow"": 75}",stress,0.000905,0.6698802603394725,1.1196327857137172,-0.7724232825946648,0.18075382090439596,0.5717444823879801,0.9047170269488746,-0.7588364135061709,610,0.2754098360655738,1.3469724036989938,3.5438202525890192,0.0049907525133870995,3.7260644526601,71.75737704918033,0.9982895457033388,121.86644772851669,0.16617567244040163,0.6
perp,BTCUSDT,1h,A2_dual_MA,"{""fast"": 20, ""slow"": 100}",opt,0.000505,0.6698802603394725,1.1196327857137172,-0.7724232825946648,0.29953952993904553,0.7315786562148805,1.1755622454708858,-0.7219688190769161,528,0.2821969696969697,1.3732637431776746,3.493066836673414,0.0056483406229159115,3.9655732790478693,82.85416666666667,0.9977193942711184,105.48440065681444,0.197465230572217,0.8
perp,BTCUSDT,1h,A2_dual_MA,"{""fast"": 20, ""slow"": 100}",real,0.000705,0.6698802603394725,1.1196327857137172,-0.7724232825946648,0.24574935074398563,0.6606150659329728,1.0566305723424134,-0.7371414523312111,528,0.2821969696969697,1.3732637431776749,3.4930668366734143,0.005648340622915911,3.9655732790478693,82.85416666666667,0.9977193942711184,105.48440065681444,0.19746523057221696,0.8
perp,BTCUSDT,1h,A2_dual_MA,"{""fast"": 20, ""slow"": 100}",stress,0.000905,0.6698802603394725,1.1196327857137172,-0.7724232825946648,0.19418556755341587,0.590028548328023,0.9393799014038665,-0.7514861119680425,528,0.2821969696969697,1.373263743177675,3.493066836673415,0.0056483406229159115,3.9655732790478693,82.85416666666667,0.9977193942711184,105.48440065681444,0.19746523057221696,0.6
perp,BTCUSDT,1h,A2_dual_MA,"{""fast"": 30, ""slow"": 50}",opt,0.000505,0.6698802603394725,1.1196327857137172,-0.7724232825946648,0.1577851975302278,0.540010916501578,0.8457384113288766,-0.7226601707203644,657,0.289193302891933,1.2568706456787173,3.0892557449050577,0.0037341363893382768,3.2718493933136825,66.662100456621,0.9988596971355592,131.25615763546799,0.14555845754102678,0.8
perp,BTCUSDT,1h,A2_dual_MA,"{""fast"": 30, ""slow"": 50}",real,0.000705,0.6698802603394725,1.1196327857137172,-0.7724232825946648,0.09844651406680094,0.4536800050458647,0.7066775687463451,-0.7391282831115498,657,0.289193302891933,1.256870645678717,3.0892557449050573,0.0037341363893382768,3.2718493933136816,66.662100456621,0.9988596971355592,131.25615763546799,0.1455584575410268,0.8
perp,BTCUSDT,1h,A2_dual_MA,"{""fast"": 30, ""slow"": 50}",stress,0.000905,0.6698802603394725,1.1196327857137172,-0.7724232825946648,0.042148968701838374,0.36790959456543393,0.5699844721513931,-0.7547425243225696,657,0.289193302891933,1.256870645678717,3.0892557449050573,0.0037341363893382768,3.271849393313681,66.662100456621,0.9988596971355592,131.25615763546799,0.1455584575410268,0.6
perp,BTCUSDT,1h,A2_dual_MA,"{""fast"": 30, ""slow"": 75}",opt,0.000505,0.6698802603394725,1.1196327857137172,-0.7724232825946648,0.3260990460264741,0.764451284983674,1.2281517668854112,-0.7248839234673934,526,0.2908745247148289,1.3815729510136476,3.368148436131311,0.0058233058732650245,3.8768820780174877,83.21673003802282,0.9982895457033388,105.0848385331144,0.19542840490157595,0.8
perp,BTCUSDT,1h,A2_dual_MA,"{""fast"": 30, ""slow"": 75}",real,0.000705,0.6698802603394725,1.1196327857137172,-0.7724232825946648,0.27141396871962287,0.6941072509827132,1.1099468478601024,-0.7388572526439754,526,0.2908745247148289,1.3815729510136474,3.3681484361313108,0.0058233058732650245,3.8768820780174886,83.21673003802282,0.9982895457033388,105.0848385331144,0.195428404901576,0.8
perp,BTCUSDT,1h,A2_dual_MA,"{""fast"": 30, ""slow"": 75}",stress,0.000905,0.6698802603394725,1.1196327857137172,-0.7724232825946648,0.21898389628689974,0.6241243993248932,0.9933976170617055,-0.7521208907425079,526,0.2908745247148289,1.381572951013648,3.3681484361313117,0.0058233058732650245,3.8768820780174886,83.21673003802282,0.9982895457033388,105.0848385331144,0.19542840490157593,0.8
perp,BTCUSDT,1h,A2_dual_MA,"{""fast"": 30, ""slow"": 100}",opt,0.000505,0.6698802603394725,1.1196327857137172,-0.7724232825946648,0.23408649411264593,0.6458038883261045,1.0159976605992904,-0.7754597676796754,456,0.28728070175438597,1.3570958411592342,3.366840827303444,0.006122067279522527,4.845625903334325,95.93640350877193,0.9977193942711184,91.10016420361248,0.2362594079136221,0.6
perp,BTCUSDT,1h,A2_dual_MA,"{""fast"": 30, ""slow"": 100}",real,0.000705,0.6698802603394725,1.1196327857137172,-0.7724232825946648,0.18981693046344628,0.5845849633391861,0.9161855156078197,-0.7865315574420053,456,0.28728070175438597,1.3570958411592342,3.3668408273034434,0.006122067279522527,4.845625903334326,95.93640350877193,0.9977193942711184,91.10016420361248,0.23625940791362202,0.6
perp,BTCUSDT,1h,A2_dual_MA,"{""fast"": 30, ""slow"": 100}",stress,0.000905,0.6698802603394725,1.1196327857137172,-0.7724232825946648,0.14713534604930012,0.5236334013797982,0.8175362488235915,-0.7970574338697618,456,0.28728070175438597,1.3570958411592342,3.3668408273034434,0.006122067279522527,4.845625903334326,95.93640350877193,0.9977193942711184,91.10016420361248,0.23625940791362202,0.6
perp,BTCUSDT,1h,A3_MA_slope,"{""ma"": 50}",opt,0.000505,0.6698802603394725,1.1196327857137172,-0.7724232825946648,-0.1294211330559868,0.07518435068562415,0.11715739545438456,-0.8442330468583217,1332,0.31981981981981983,1.1246828159694793,2.3919310593153713,0.0012480375854599841,3.252702615653792,32.87687687687688,0.9987456668491151,266.10837438423647,0.09597447690039254,0.4
perp,BTCUSDT,1h,A3_MA_slope,"{""ma"": 50}",real,0.000705,0.6698802603394725,1.1196327857137172,-0.7724232825946648,-0.21743983983673343,-0.0954265229269673,-0.14738462144409284,-0.8939116246089875,1332,0.31981981981981983,1.1246828159694793,2.3919310593153713,0.0012480375854599843,3.252702615653792,32.87687687687688,0.9987456668491151,266.10837438423647,0.09597447690039254,0.4
perp,BTCUSDT,1h,A3_MA_slope,"{""ma"": 50}",stress,0.000905,0.6698802603394725,1.1196327857137172,-0.7724232825946648,-0.29655961170140654,-0.2644696353674019,-0.40486318068203797,-0.9277462978784263,1332,0.31981981981981983,1.1246828159694793,2.3919310593153713,0.0012480375854599841,3.2527026156537926,32.87687687687688,0.9987456668491151,266.10837438423647,0.09597447690039254,0.2
perp,BTCUSDT,1h,A3_MA_slope,"{""ma"": 75}",opt,0.000505,0.6698802603394725,1.1196327857137172,-0.7724232825946648,0.3074079196519204,0.742288322688708,1.1631833444664863,-0.6853540861395744,1048,0.3520992366412214,1.3490308452297055,2.482362991628645,0.0033818743701526186,4.728670415816312,41.76240458015267,0.9981755154168948,209.37055281882868,0.14600430836814768,0.8
perp,BTCUSDT,1h,A3_MA_slope,"{""ma"": 75}",real,0.000705,0.6698802603394725,1.1196327857137172,-0.7724232825946648,0.20228748503364424,0.6035926536302725,0.9398428115919847,-0.7100126770199697,1048,0.3520992366412214,1.3490308452297053,2.4823629916286447,0.003381874370152618,4.728670415816312,41.76240458015267,0.9981755154168948,209.37055281882868,0.1460043083681477,0.6
perp,BTCUSDT,1h,A3_MA_slope,"{""ma"": 75}",stress,0.000905,0.6698802603394725,1.1196327857137172,-0.7724232825946648,0.10561903907564285,0.4657680155965489,0.720604563251393,-0.7586664434208927,1048,0.3520992366412214,1.3490308452297053,2.4823629916286447,0.0033818743701526186,4.728670415816312,41.76240458015267,0.9981755154168948,209.37055281882868,0.1460043083681477,0.6
perp,BTCUSDT,1h,A3_MA_slope,"{""ma"": 100}",opt,0.000505,0.6698802603394725,1.1196327857137172,-0.7724232825946648,0.3997433128360961,0.853491434887308,1.398407035726289,-0.6159605213779624,890,0.350561797752809,1.4283089598152277,2.646033906324364,0.004069347356582567,4.231194053144045,49.14831460674157,0.9976053639846744,177.80514504652436,0.1537554705371376,0.8
perp,BTCUSDT,1h,A3_MA_slope,"{""ma"": 100}",real,0.000705,0.6698802603394725,1.1196327857137172,-0.7724232825946648,0.3035775498405635,0.7346066875152089,1.1961216406275503,-0.6622766811679177,890,0.350561797752809,1.4283089598152279,2.6460339063243645,0.004069347356582568,4.231194053144045,49.14831460674157,0.9976053639846744,177.80514504652436,0.1537554705371376,0.8
perp,BTCUSDT,1h,A3_MA_slope,"{""ma"": 100}",stress,0.000905,0.6698802603394725,1.1196327857137172,-0.7724232825946648,0.2140185353696371,0.6163902229618357,0.9973471044258856,-0.7030070252698459,890,0.350561797752809,1.428308959815228,2.646033906324365,0.004069347356582568,4.231194053144045,49.14831460674157,0.9976053639846744,177.80514504652436,0.1537554705371376,0.6
perp,BTCUSDT,1h,A3_MA_slope,"{""ma"": 150}",opt,0.000505,0.6698802603394725,1.1196327857137172,-0.7724232825946648,0.035369293207385244,0.35842943113866793,0.5529241021757924,-0.8068250182277016,762,0.32545931758530183,1.2258864527138977,2.5407485350602554,0.002640936232478333,3.7907658784275005,57.338582677165356,0.9964650611202336,152.23316912972084,0.16771192158600653,0.4
perp,BTCUSDT,1h,A3_MA_slope,"{""ma"": 150}",real,0.000705,0.6698802603394725,1.1196327857137172,-0.7724232825946648,-0.025912044054604122,0.25972381611891027,0.39860596201593906,-0.8418330190982779,762,0.32545931758530183,1.2258864527138977,2.5407485350602554,0.002640936232478333,3.7907658784275013,57.338582677165356,0.9964650611202336,152.23316912972084,0.16771192158600653,0.4
perp,BTCUSDT,1h,A3_MA_slope,"{""ma"": 150}",stress,0.000905,0.6698802603394725,1.1196327857137172,-0.7724232825946648,-0.08356634479639191,0.1615569768845878,0.24666995686731383,-0.8704967524329769,762,0.32545931758530183,1.2258864527138977,2.5407485350602554,0.002640936232478333,3.7907658784275005,57.338582677165356,0.9964650611202336,152.23316912972084,0.16771192158600653,0.4
perp,BTCUSDT,1h,A3_MA_slope,"{""ma"": 200}",opt,0.000505,0.6698802603394725,1.1196327857137172,-0.7724232825946648,-0.13992546385161309,0.07579306700724592,0.11076763891514409,-0.8772343660084253,642,0.29127725856697817,1.125073302980103,2.737477822759074,0.0016588062722111309,4.903467089514979,67.97819314641744,0.9953247582557927,128.25944170771757,0.246906269719757,0.4
perp,BTCUSDT,1h,A3_MA_slope,"{""ma"": 200}",real,0.000705,0.6698802603394725,1.1196327857137172,-0.7724232825946648,-0.1830621907293083,-0.0042180611945834955,-0.006141340079336993,-0.8986610866406399,642,0.29127725856697817,1.1250733029801026,2.7374778227590726,0.0016588062722111307,4.903467089514978,67.97819314641744,0.9953247582557927,128.25944170771757,0.24690626971975704,0.4
perp,BTCUSDT,1h,A3_MA_slope,"{""ma"": 200}",stress,0.000905,0.6698802603394725,1.1196327857137172,-0.7724232825946648,-0.22403548273392615,-0.08376586623087515,-0.12149852085760018,-0.9163481562377405,642,0.29127725856697817,1.125073302980103,2.737477822759074,0.0016588062722111307,4.9034670895149794,67.97819314641744,0.9953247582557927,128.25944170771757,0.246906269719757,0.2
perp,BTCUSDT,1h,A3_MA_slope,"{""ma"": 250}",opt,0.000505,0.6698802603394725,1.1196327857137172,-0.7724232825946648,0.11755685682861161,0.48422397770871345,0.7415665718740653,-0.7602270832634621,582,0.3161512027491409,1.3286783924027052,2.8739891313928076,0.004226719216906359,5.511320709048387,74.90034364261169,0.9941844553913519,116.27257799671592,0.26244163273968685,0.4
perp,BTCUSDT,1h,A3_MA_slope,"{""ma"": 250}",real,0.000705,0.6698802603394725,1.1196327857137172,-0.7724232825946648,0.06666397356807718,0.4085629353737751,0.6232419740637597,-0.7978733064394017,582,0.3161512027491409,1.3286783924027052,2.8739891313928076,0.004226719216906358,5.511320709048387,74.90034364261169,0.9941844553913519,116.27257799671592,0.26244163273968685,0.4
perp,BTCUSDT,1h,A3_MA_slope,"{""ma"": 250}",stress,0.000905,0.6698802603394725,1.1196327857137172,-0.7724232825946648,0.0180886522139887,0.3332376347970406,0.5063352820664789,-0.8296088231364627,582,0.3161512027491409,1.3286783924027052,2.8739891313928076,0.004226719216906358,5.511320709048387,74.90034364261169,0.9941844553913519,116.27257799671592,0.26244163273968685,0.4
perp,BTCUSDT,1h,A4_MA_distance_capped,"{""cap_atr"": 4, ""slow"": 150}",opt,0.000505,0.6698802603394725,1.1196327857137172,-0.7724232825946648,-0.49268889768881363,-1.2689732693172082,-1.623925226757575,-0.985922587677588,2780,0.41690647482014387,0.9963060970834104,1.3925935092969155,-2.2601291661157766e-05,0.5509205534502746,9.562230215827338,0.6062762269658821,555.3913519430761,0.03481573569139024,0.2
perp,BTCUSDT,1h,A4_MA_distance_capped,"{""cap_atr"": 4, ""slow"": 150}",real,0.000705,0.6698802603394725,1.1196327857137172,-0.7724232825946648,-0.5937949042738153,-1.7397584649457918,-2.1806142267202127,-0.9932557629448342,2780,0.41690647482014387,0.9963060970834104,1.3925935092969155,-2.2601291661157884e-05,0.5509205534502748,9.562230215827338,0.6062762269658821,555.3913519430761,0.03481573569139024,0.2
perp,BTCUSDT,1h,A4_MA_distance_capped,"{""cap_atr"": 4, ""slow"": 150}",stress,0.000905,0.6698802603394725,1.1196327857137172,-0.7724232825946648,-0.6747507421925618,-2.2005880876762385,-2.7036498553164297,-0.9973854455182792,2780,0.41690647482014387,0.9963060970834104,1.3925935092969155,-2.2601291661158047e-05,0.5509205534502746,9.562230215827338,0.6062762269658821,555.3913519430761,0.03481573569139023,0.0
perp,BTCUSDT,1h,A4_MA_distance_capped,"{""cap_atr"": 4, ""slow"": 200}",opt,0.000505,0.6698802603394725,1.1196327857137172,-0.7724232825946648,-0.3959658797559492,-1.0292569471073454,-1.3376987781515464,-0.9652447758226967,2456,0.44299674267100975,1.025686661303461,1.2887074136046244,0.00014927964929182096,0.3774447069621321,9.506107491856678,0.5324758255792739,490.6622879036672,0.033534597145123794,0.2
perp,BTCUSDT,1h,A4_MA_distance_capped,"{""cap_atr"": 4, ""slow"": 200}",real,0.000705,0.6698802603394725,1.1196327857137172,-0.7724232825946648,-0.503632844797236,-1.494219624404647,-1.8990754362591793,-0.984282086541336,2456,0.44299674267100975,1.0256866613034612,1.2887074136046244,0.0001492796492918208,0.3774447069621319,9.506107491856678,0.5324758255792739,490.6622879036672,0.033534597145123794,0.2
perp,BTCUSDT,1h,A4_MA_distance_capped,"{""cap_atr"": 4, ""slow"": 200}",stress,0.000905,0.6698802603394725,1.1196327857137172,-0.7724232825946648,-0.592108587088742,-1.9498648417825368,-2.4257306643833774,-0.9928916384038685,2456,0.44299674267100975,1.0256866613034612,1.2887074136046244,0.0001492796492918208,0.37744470696213195,9.506107491856678,0.5324758255792739,490.6622879036672,0.033534597145123794,0.2
perp,BTCUSDT,1h,A4_MA_distance_capped,"{""cap_atr"": 4, ""slow"": 250}",opt,0.000505,0.6698802603394725,1.1196327857137172,-0.7724232825946648,-0.3844216113040464,-0.982754701031905,-1.2641540730955128,-0.9580836597616096,2263,0.43747238179407866,1.0182496786605815,1.3093250918534545,0.00010711109813526571,0.28795854870199034,9.339814405656208,0.4820516329137019,452.1045429666119,0.03402934748004996,0.2
perp,BTCUSDT,1h,A4_MA_distance_capped,"{""cap_atr"": 4, ""slow"": 250}",real,0.000705,0.6698802603394725,1.1196327857137172,-0.7724232825946648,-0.4862740803564589,-1.4101061514950712,-1.7770480456231936,-0.9799576050669787,2263,0.43747238179407866,1.0182496786605815,1.3093250918534547,0.00010711109813526569,0.28795854870199056,9.339814405656208,0.4820516329137019,452.1045429666119,0.03402934748004996,0.2
perp,BTCUSDT,1h,A4_MA_distance_capped,"{""cap_atr"": 4, ""slow"": 250}",stress,0.000905,0.6698802603394725,1.1196327857137172,-0.7724232825946648,-0.5712742595950138,-1.8285067643001265,-2.2595190585572817,-0.990416685949108,2263,0.43747238179407866,1.0182496786605815,1.3093250918534545,0.0001071110981352657,0.28795854870199034,9.339814405656208,0.4820516329137019,452.1045429666119,0.03402934748004996,0.2
perp,BTCUSDT,1h,B1_supertrend_flip,"{""mult"": 2.0, ""n"": 10}",opt,0.000505,0.6698802603394725,1.1196327857137172,-0.7724232825946648,-0.13458367563173324,0.0855274189265017,0.13159099611946434,-0.8523896801459813,1581,0.34535104364326374,1.1082781705467306,2.100856971640781,0.001139768424893956,2.3545597129964664,27.72738772928526,0.9997719394271118,315.85385878489325,0.059844163608745025,0.2
perp,BTCUSDT,1h,B1_supertrend_flip,"{""mult"": 2.0, ""n"": 10}",real,0.000705,0.6698802603394725,1.1196327857137172,-0.7724232825946648,-0.23739694045785553,-0.1111891608075379,-0.16933712063155779,-0.8726493313441734,1581,0.34535104364326374,1.1082781705467306,2.100856971640781,0.001139768424893956,2.3545597129964664,27.72738772928526,0.9997719394271118,315.85385878489325,0.059844163608745025,0.2
perp,BTCUSDT,1h,B1_supertrend_flip,"{""mult"": 2.0, ""n"": 10}",stress,0.000905,0.6698802603394725,1.1196327857137172,-0.7724232825946648,-0.32799585001720366,-0.30580773477627765,-0.46107061314542996,-0.9290495501104401,1581,0.34535104364326374,1.1082781705467306,2.100856971640781,0.0011397684248939562,2.3545597129964664,27.72738772928526,0.9997719394271118,315.85385878489325,0.059844163608745025,0.2
perp,BTCUSDT,1h,B1_supertrend_flip,"{""mult"": 2.5, ""n"": 10}",opt,0.000505,0.6698802603394725,1.1196327857137172,-0.7724232825946648,-0.2272079786563167,-0.09493640020361375,-0.141664535466433,-0.895290304841513,1169,0.3413173652694611,1.056572524761019,2.038999609187931,0.0007356998907214698,2.255417100380524,37.49957228400342,0.9997719394271118,233.544061302682,0.07919276163782975,0.4
perp,BTCUSDT,1h,B1_supertrend_flip,"{""mult"": 2.5, ""n"": 10}",real,0.000705,0.6698802603394725,1.1196327857137172,-0.7724232825946648,-0.2962525552523758,-0.23900668094026334,-0.35394422440913786,-0.9299017897132287,1169,0.3413173652694611,1.0565725247610194,2.0389996091879317,0.0007356998907214698,2.255417100380524,37.49957228400342,0.9997719394271118,233.544061302682,0.07919276163782972,0.4
perp,BTCUSDT,1h,B1_supertrend_flip,"{""mult"": 2.5, ""n"": 10}",stress,0.000905,0.6698802603394725,1.1196327857137172,-0.7724232825946648,-0.359128468109989,-0.38170080127811096,-0.5610276518647517,-0.9530725758643966,1169,0.3413173652694611,1.056572524761019,2.038999609187931,0.0007356998907214697,2.255417100380524,37.49957228400342,0.9997719394271118,233.544061302682,0.07919276163782975,0.0
perp,BTCUSDT,1h,B1_supertrend_flip,"{""mult"": 3.0, ""n"": 10}",opt,0.000505,0.6698802603394725,1.1196327857137172,-0.7724232825946648,-0.16701582056694886,0.014992364576069556,0.02292245777118275,-0.8475381963687767,888,0.36261261261261263,1.0728113111302315,1.8857490748438233,0.001079565745806633,2.276751272546092,49.365990990990994,0.9997719394271118,177.4055829228243,0.09213631519100302,0.4
perp,BTCUSDT,1h,B1_supertrend_flip,"{""mult"": 3.0, ""n"": 10}",real,0.000705,0.6698802603394725,1.1196327857137172,-0.7724232825946648,-0.22420723956627453,-0.09575245164844982,-0.14548293655584366,-0.8866747226590228,888,0.36261261261261263,1.0728113111302315,1.8857490748438233,0.0010795657458066332,2.2767512725460923,49.365990990990994,0.9997719394271118,177.4055829228243,0.09213631519100302,0.2
perp,BTCUSDT,1h,B1_supertrend_flip,"{""mult"": 3.0, ""n"": 10}",stress,0.000905,0.6698802603394725,1.1196327857137172,-0.7724232825946648,-0.2774720627883689,-0.205594040499273,-0.3104343754637897,-0.9178180823522556,888,0.36261261261261263,1.0728113111302318,1.8857490748438235,0.0010795657458066324,2.2767512725460928,49.365990990990994,0.9997719394271118,177.4055829228243,0.092136315191003,0.2
perp,BTCUSDT,1h,B1_supertrend_flip,"{""mult"": 2.0, ""n"": 14}",opt,0.000505,0.6698802603394725,1.1196327857137172,-0.7724232825946648,-0.16791354426830207,0.023066233186278814,0.03510616323649085,-0.7746678578471895,1599,0.35647279549718575,1.0965667575981912,1.9795915676641032,0.001025763182210105,2.409729586907845,27.412757973733584,0.9996807151979565,319.44991789819375,0.06100412746615465,0.2
perp,BTCUSDT,1h,B1_supertrend_flip,"{""mult"": 2.0, ""n"": 14}",real,0.000705,0.6698802603394725,1.1196327857137172,-0.7724232825946648,-0.2678287610315354,-0.17399719615890502,-0.2621658794594508,-0.8712592126293099,1599,0.35647279549718575,1.0965667575981912,1.9795915676641032,0.001025763182210105,2.409729586907845,27.412757973733584,0.9996807151979565,319.44991789819375,0.06100412746615465,0.0
perp,BTCUSDT,1h,B1_supertrend_flip,"{""mult"": 2.0, ""n"": 14}",stress,0.000905,0.6698802603394725,1.1196327857137172,-0.7724232825946648,-0.3557464413699598,-0.36894483786631355,-0.5504039133827978,-0.9295942843767463,1599,0.35647279549718575,1.0965667575981912,1.9795915676641032,0.001025763182210105,2.409729586907845,27.412757973733584,0.9996807151979565,319.44991789819375,0.06100412746615465,0.0
perp,BTCUSDT,1h,B1_supertrend_flip,"{""mult"": 2.5, ""n"": 14}",opt,0.000505,0.6698802603394725,1.1196327857137172,-0.7724232825946648,-0.17009449773744933,0.01698347170419591,0.02551896729909625,-0.8781517118975285,1169,0.34473909324208724,1.0812986092139336,2.05527229443641,0.0010412899895622632,2.389207929794643,37.4961505560308,0.9996807151979565,233.544061302682,0.07907004756055061,0.4
perp,BTCUSDT,1h,B1_supertrend_flip,"{""mult"": 2.5, ""n"": 14}",real,0.000705,0.6698802603394725,1.1196327857137172,-0.7724232825946648,-0.24423133336773295,-0.12737006075728044,-0.18989964957589886,-0.9184908325392521,1169,0.34473909324208724,1.0812986092139336,2.05527229443641,0.001041289989562263,2.3892079297946434,37.4961505560308,0.9996807151979565,233.544061302682,0.07907004756055061,0.4
perp,BTCUSDT,1h,B1_supertrend_flip,"{""mult"": 2.5, ""n"": 14}",stress,0.000905,0.6698802603394725,1.1196327857137172,-0.7724232825946648,-0.31174548117507006,-0.270336316288215,-0.39996708962149075,-0.9454753055587549,1169,0.34473909324208724,1.0812986092139338,2.0552722944364104,0.0010412899895622632,2.389207929794643,37.4961505560308,0.9996807151979565,233.544061302682,0.07907004756055061,0.2
perp,BTCUSDT,1h,B1_supertrend_flip,"{""mult"": 3.0, ""n"": 14}",opt,0.000505,0.6698802603394725,1.1196327857137172,-0.7724232825946648,-0.08029789865738601,0.17264313848699858,0.2659890330150076,-0.7931259100083885,893,0.3617021276595745,1.112251907012643,1.9627974829634875,0.0016381215971488802,2.345696434430498,49.08510638297872,0.9996807151979565,178.40448823207444,0.09357685058725336,0.2
perp,BTCUSDT,1h,B1_supertrend_flip,"{""mult"": 3.0, ""n"": 14}",real,0.000705,0.6698802603394725,1.1196327857137172,-0.7724232825946648,-0.1437688096916767,0.06092333294830608,0.09324904619109205,-0.8355329254833301,893,0.3617021276595745,1.112251907012643,1.9627974829634875,0.0016381215971488802,2.345696434430498,49.08510638297872,0.9996807151979565,178.40448823207444,0.09357685058725336,0.2
perp,BTCUSDT,1h,B1_supertrend_flip,"{""mult"": 3.0, ""n"": 14}",stress,0.000905,0.6698802603394725,1.1196327857137172,-0.7724232825946648,-0.20285951822878745,-0.04988721620258238,-0.07586245577933234,-0.8727479987507356,893,0.3617021276595745,1.112251907012643,1.9627974829634875,0.0016381215971488805,2.345696434430498,49.08510638297872,0.9996807151979565,178.40448823207444,0.09357685058725336,0.2
perp,BTCUSDT,1h,B1_supertrend_flip,"{""mult"": 2.0, ""n"": 20}",opt,0.000505,0.6698802603394725,1.1196327857137172,-0.7724232825946648,-0.23761250972357617,-0.11477057114872494,-0.17287848552441876,-0.8547571144687964,1617,0.3580705009276438,1.06923494757889,1.9168667972139688,0.0007520905612358616,2.322441464494002,27.103896103896105,0.9995438788542237,323.04597701149424,0.05831494466648476,0.0
perp,BTCUSDT,1h,B1_supertrend_flip,"{""mult"": 2.0, ""n"": 20}",real,0.000705,0.6698802603394725,1.1196327857137172,-0.7724232825946648,-0.33013353305115023,-0.313428982342221,-0.46735575399123813,-0.9208276483703177,1617,0.3580705009276438,1.06923494757889,1.9168667972139688,0.0007520905612358615,2.322441464494002,27.103896103896105,0.9995438788542237,323.04597701149424,0.05831494466648476,0.0
perp,BTCUSDT,1h,B1_supertrend_flip,"{""mult"": 2.0, ""n"": 20}",stress,0.000905,0.6698802603394725,1.1196327857137172,-0.7724232825946648,-0.4114265599676752,-0.5099852398441654,-0.752878806415486,-0.9568429286025891,1617,0.3580705009276438,1.06923494757889,1.9168667972139688,0.0007520905612358615,2.322441464494002,27.103896103896105,0.9995438788542237,323.04597701149424,0.05831494466648476,0.0
perp,BTCUSDT,1h,B1_supertrend_flip,"{""mult"": 2.5, ""n"": 20}",opt,0.000505,0.6698802603394725,1.1196327857137172,-0.7724232825946648,-0.15482653276523195,0.050898525490845614,0.07609775149144359,-0.8585509569933463,1171,0.3578138343296328,1.087527435018843,1.9518392151173507,0.0011257972270508375,2.3941137721614094,37.42698548249359,0.9995438788542237,233.94362342638203,0.07860406119567308,0.6
perp,BTCUSDT,1h,B1_supertrend_flip,"{""mult"": 2.5, ""n"": 20}",real,0.000705,0.6698802603394725,1.1196327857137172,-0.7724232825946648,-0.23044804706522304,-0.09250896517190584,-0.1372463198861074,-0.9054121575931718,1171,0.3578138343296328,1.087527435018843,1.951839215117351,0.0011257972270508373,2.3941137721614103,37.42698548249359,0.9995438788542237,233.94362342638203,0.07860406119567308,0.4
perp,BTCUSDT,1h,B1_supertrend_flip,"{""mult"": 2.5, ""n"": 20}",stress,0.000905,0.6698802603394725,1.1196327857137172,-0.7724232825946648,-0.29930344002222786,-0.23457491396265473,-0.34537482619137544,-0.9367485638861068,1171,0.3578138343296328,1.087527435018843,1.951839215117351,0.001125797227050838,2.3941137721614094,37.42698548249359,0.9995438788542237,233.94362342638203,0.07860406119567308,0.2
perp,BTCUSDT,1h,B1_supertrend_flip,"{""mult"": 3.0, ""n"": 20}",opt,0.000505,0.6698802603394725,1.1196327857137172,-0.7724232825946648,-0.018915685811798255,0.2682159694746124,0.4223745147372774,-0.7601657343522049,895,0.36089385474860336,1.1361562681573,2.0120166730215963,0.001969090227949916,2.3405630987520687,48.968715083798884,0.9995438788542237,178.80405035577448,0.09155871964119346,0.4
perp,BTCUSDT,1h,B1_supertrend_flip,"{""mult"": 3.0, ""n"": 20}",real,0.000705,0.6698802603394725,1.1196327857137172,-0.7724232825946648,-0.086757787601343,0.15388541248655196,0.24058323369344217,-0.8071418439705988,895,0.36089385474860336,1.1361562681572996,2.012016673021596,0.0019690902279499165,2.3405630987520687,48.968715083798884,0.9995438788542237,178.80405035577448,0.09155871964119347,0.4
perp,BTCUSDT,1h,B1_supertrend_flip,"{""mult"": 3.0, ""n"": 20}",stress,0.000905,0.6698802603394725,1.1196327857137172,-0.7724232825946648,-0.14990868278630343,0.040495173875319763,0.06285855691055364,-0.8476309582824155,895,0.36089385474860336,1.1361562681572999,2.012016673021596,0.001969090227949916,2.340563098752069,48.968715083798884,0.9995438788542237,178.80405035577448,0.09155871964119347,0.2
perp,BTCUSDT,1h,B3_supertrend_HTF,"{""mult"": 2.0, ""n"": 10}",opt,0.000505,0.6698802603394725,1.1196327857137172,-0.7724232825946648,0.09243912679599742,0.4164311225480625,0.7059839157703603,-0.6431514411192758,730,0.3506849315068493,1.233660153184274,2.2841988773802573,0.0023251655142719364,2.245951173315782,28.36027397260274,0.4721538040503558,145.84017515051997,0.10413221242324289,0.8
perp,BTCUSDT,1h,B3_supertrend_HTF,"{""mult"": 2.0, ""n"": 10}",real,0.000705,0.6698802603394725,1.1196327857137172,-0.7724232825946648,0.030553110769826697,0.2807620717435054,0.4718469135919845,-0.6652903797432133,730,0.3506849315068493,1.233660153184274,2.2841988773802573,0.002325165514271936,2.245951173315782,28.36027397260274,0.4721538040503558,145.84017515051997,0.10413221242324286,0.6
perp,BTCUSDT,1h,B3_supertrend_HTF,"{""mult"": 2.0, ""n"": 10}",stress,0.000905,0.6698802603394725,1.1196327857137172,-0.7724232825946648,-0.027827116389034456,0.14586622640500183,0.2430319390444251,-0.6860558295942716,730,0.3506849315068493,1.233660153184274,2.2841988773802573,0.002325165514271936,2.245951173315781,28.36027397260274,0.4721538040503558,145.84017515051997,0.10413221242324289,0.4
perp,BTCUSDT,1h,B3_supertrend_HTF,"{""mult"": 2.5, ""n"": 10}",opt,0.000505,0.6698802603394725,1.1196327857137172,-0.7724232825946648,0.0311092792931027,0.2788497869938818,0.4611055436203879,-0.7106812272120444,549,0.34790528233151186,1.1863183933719412,2.2235706011892926,0.002243173245949392,2.341526460796004,37.40619307832423,0.4683451924831235,109.67980295566502,0.1387164646674757,0.8
perp,BTCUSDT,1h,B3_supertrend_HTF,"{""mult"": 2.5, ""n"": 10}",real,0.000705,0.6698802603394725,1.1196327857137172,-0.7724232825946648,-0.013143502013530761,0.17453579481949277,0.28660380528319696,-0.7296183475673597,549,0.34790528233151186,1.186318393371941,2.2235706011892926,0.002243173245949392,2.341526460796004,37.40619307832423,0.4683451924831235,109.67980295566502,0.1387164646674757,0.6
perp,BTCUSDT,1h,B3_supertrend_HTF,"{""mult"": 2.5, ""n"": 10}",stress,0.000905,0.6698802603394725,1.1196327857137172,-0.7724232825946648,-0.055497075276421115,0.07077172253811857,0.11541167951640377,-0.7473159728000993,549,0.34790528233151186,1.1863183933719412,2.2235706011892926,0.002243173245949392,2.341526460796004,37.40619307832423,0.4683451924831235,109.67980295566502,0.13871646466747567,0.6
perp,BTCUSDT,1h,B3_supertrend_HTF,"{""mult"": 3.0, ""n"": 10}",opt,0.000505,0.6698802603394725,1.1196327857137172,-0.7724232825946648,0.03787527881864383,0.2935078762445094,0.477442824069798,-0.6603215013504097,425,0.37176470588235294,1.1974731592020138,2.0235780601704914,0.0027117652419176735,2.335721642348402,47.97882352941176,0.465061120233534,84.90695128626163,0.1708563074243669,0.6
perp,BTCUSDT,1h,B3_supertrend_HTF,"{""mult"": 3.0, ""n"": 10}",real,0.000705,0.6698802603394725,1.1196327857137172,-0.7724232825946648,0.003177556867218323,0.21145981640672123,0.3421027647118564,-0.6740313551714083,425,0.37176470588235294,1.1974731592020136,2.0235780601704914,0.0027117652419176735,2.335721642348402,47.97882352941176,0.465061120233534,84.90695128626163,0.17085630742436692,0.6
perp,BTCUSDT,1h,B3_supertrend_HTF,"{""mult"": 3.0, ""n"": 10}",stress,0.000905,0.6698802603394725,1.1196327857137172,-0.7724232825946648,-0.03036020190469957,0.12977212829987936,0.20881063960186505,-0.7037104303065972,425,0.37176470588235294,1.1974731592020136,2.0235780601704914,0.0027117652419176726,2.335721642348402,47.97882352941176,0.465061120233534,84.90695128626163,0.17085630742436686,0.6
perp,BTCUSDT,1h,B3_supertrend_HTF,"{""mult"": 2.0, ""n"": 14}",opt,0.000505,0.6698802603394725,1.1196327857137172,-0.7724232825946648,0.07614510804642949,0.3817087111801802,0.6441550268486843,-0.6668494609129301,739,0.3572395128552097,1.2198492147086872,2.1948044582826762,0.0022170478959250045,2.204577553196723,28.32611637347767,0.4773991972267834,147.63820470717022,0.10288831505985609,0.8
perp,BTCUSDT,1h,B3_supertrend_HTF,"{""mult"": 2.0, ""n"": 14}",real,0.000705,0.6698802603394725,1.1196327857137172,-0.7724232825946648,0.014438235027996127,0.24522089945742065,0.4101932102238831,-0.6878485232417874,739,0.3572395128552097,1.2198492147086872,2.1948044582826762,0.0022170478959250045,2.204577553196722,28.32611637347767,0.4773991972267834,147.63820470717022,0.10288831505985607,0.6
perp,BTCUSDT,1h,B3_supertrend_HTF,"{""mult"": 2.0, ""n"": 14}",stress,0.000905,0.6698802603394725,1.1196327857137172,-0.7724232825946648,-0.04373034742227233,0.10953240119498767,0.1816278244370567,-0.7075670204365755,739,0.3572395128552097,1.2198492147086877,2.1948044582826767,0.002217047895925005,2.204577553196722,28.32611637347767,0.4773991972267834,147.63820470717022,0.10288831505985604,0.6
perp,BTCUSDT,1h,B3_supertrend_HTF,"{""mult"": 2.5, ""n"": 14}",opt,0.000505,0.6698802603394725,1.1196327857137172,-0.7724232825946648,0.04303575555261663,0.30840500909548846,0.5128522910256081,-0.683616814158039,551,0.3466424682395644,1.1957002991914794,2.25367595659127,0.002368570097374884,2.3112979711638526,37.51361161524501,0.47140120415982484,110.07936507936508,0.1361412693940918,0.8
perp,BTCUSDT,1h,B3_supertrend_HTF,"{""mult"": 2.5, ""n"": 14}",real,0.000705,0.6698802603394725,1.1196327857137172,-0.7724232825946648,-0.0018923435764733876,0.20605329025463484,0.3402375549960476,-0.6988231843906947,551,0.3466424682395644,1.1957002991914794,2.25367595659127,0.002368570097374884,2.3112979711638526,37.51361161524501,0.47140120415982484,110.07936507936508,0.13614126939409174,0.6
perp,BTCUSDT,1h,B3_supertrend_HTF,"{""mult"": 2.5, ""n"": 14}",stress,0.000905,0.6698802603394725,1.1196327857137172,-0.7724232825946648,-0.04488521288827041,0.10422938184506547,0.1709035941625766,-0.7143166309268687,551,0.3466424682395644,1.1957002991914796,2.2536759565912705,0.002368570097374884,2.3112979711638535,37.51361161524501,0.47140120415982484,110.07936507936508,0.13614126939409177,0.6
perp,BTCUSDT,1h,B3_supertrend_HTF,"{""mult"": 3.0, ""n"": 14}",opt,0.000505,0.6698802603394725,1.1196327857137172,-0.7724232825946648,0.0880848923973756,0.4078816859330077,0.6695264672569275,-0.6135223956109447,425,0.36,1.2380181077004744,2.200921080356399,0.003312103845114267,2.3284737289343163,48.15294117647059,0.4667259624156176,84.90695128626163,0.1634479967115114,0.6
perp,BTCUSDT,1h,B3_supertrend_HTF,"{""mult"": 3.0, ""n"": 14}",real,0.000705,0.6698802603394725,1.1196327857137172,-0.7724232825946648,0.05171718047782892,0.3264067562957319,0.5327831165176925,-0.6274628431479919,425,0.36,1.2380181077004744,2.200921080356399,0.003312103845114267,2.328473728934316,48.15294117647059,0.4667259624156176,84.90695128626163,0.1634479967115114,0.6
perp,BTCUSDT,1h,B3_supertrend_HTF,"{""mult"": 3.0, ""n"": 14}",stress,0.000905,0.6698802603394725,1.1196327857137172,-0.7724232825946648,0.016564976867144754,0.24528714784387878,0.3981442126151794,-0.6524927548203605,425,0.36,1.2380181077004742,2.2009210803563986,0.0033121038451142666,2.3284737289343163,48.15294117647059,0.4667259624156176,84.90695128626163,0.16344799671151136,0.6
perp,BTCUSDT,1h,B3_supertrend_HTF,"{""mult"": 2.0, ""n"": 20}",opt,0.000505,0.6698802603394725,1.1196327857137172,-0.7724232825946648,0.01582313046439765,0.2482144926484778,0.4149113331381339,-0.6926649627220081,752,0.3603723404255319,1.1742006372670701,2.0840978100570506,0.0018010766048338752,2.1247363561407813,28.013297872340427,0.4804324028461959,150.23535851122057,0.09892907777586087,0.8
perp,BTCUSDT,1h,B3_supertrend_HTF,"{""mult"": 2.0, ""n"": 20}",real,0.000705,0.6698802603394725,1.1196327857137172,-0.7724232825946648,-0.04343181896186554,0.10988744078565707,0.18204787833878974,-0.7126118165527835,752,0.3603723404255319,1.1742006372670704,2.084097810057051,0.0018010766048338752,2.1247363561407813,28.013297872340427,0.4804324028461959,150.23535851122057,0.09892907777586084,0.8
perp,BTCUSDT,1h,B3_supertrend_HTF,"{""mult"": 2.0, ""n"": 20}",stress,0.000905,0.6698802603394725,1.1196327857137172,-0.7724232825946648,-0.099230337189811,-0.027616957992711046,-0.045348433202192444,-0.7312640961888097,752,0.3603723404255319,1.1742006372670701,2.0840978100570506,0.0018010766048338752,2.1247363561407813,28.013297872340427,0.4804324028461959,150.23535851122057,0.09892907777586087,0.4
perp,BTCUSDT,1h,B3_supertrend_HTF,"{""mult"": 2.5, ""n"": 20}",opt,0.000505,0.6698802603394725,1.1196327857137172,-0.7724232825946648,0.06010178377698305,0.3472670123596248,0.5731441586735652,-0.7258288734667302,552,0.3677536231884058,1.2058076879293556,2.073038832942587,0.002517507433232065,2.2205608005309245,38.06702898550725,0.4792236818098887,110.27914614121511,0.12982789937863115,0.8
perp,BTCUSDT,1h,B3_supertrend_HTF,"{""mult"": 2.5, ""n"": 20}",real,0.000705,0.6698802603394725,1.1196327857137172,-0.7724232825946648,0.014366236635849683,0.24560720664980457,0.402566732217478,-0.7393200935936839,552,0.3677536231884058,1.2058076879293556,2.073038832942587,0.0025175074332320657,2.220560800530924,38.06702898550725,0.4792236818098887,110.27914614121511,0.12982789937863115,0.8
perp,BTCUSDT,1h,B3_supertrend_HTF,"{""mult"": 2.5, ""n"": 20}",stress,0.000905,0.6698802603394725,1.1196327857137172,-0.7724232825946648,-0.029396176277984076,0.144468325191879,0.23517523311216162,-0.7521474585196629,552,0.3677536231884058,1.2058076879293556,2.073038832942587,0.002517507433232065,2.220560800530924,38.06702898550725,0.4792236818098887,110.27914614121511,0.12982789937863115,0.6
perp,BTCUSDT,1h,B3_supertrend_HTF,"{""mult"": 3.0, ""n"": 20}",opt,0.000505,0.6698802603394725,1.1196327857137172,-0.7724232825946648,0.11036366060972069,0.4569349722027947,0.7549843111260991,-0.5972060626742732,426,0.3544600938967136,1.2521832593487987,2.2804662008007925,0.003493416264780693,2.092383243119473,47.92018779342723,0.465562853493888,85.10673234811165,0.14692352406459733,0.6
perp,BTCUSDT,1h,B3_supertrend_HTF,"{""mult"": 3.0, ""n"": 20}",real,0.000705,0.6698802603394725,1.1196327857137172,-0.7724232825946648,0.07318667070632423,0.374556542033142,0.6152528385451891,-0.614427286806714,426,0.3544600938967136,1.252183259348799,2.2804662008007925,0.0034934162647806935,2.0923832431194733,47.92018779342723,0.465562853493888,85.10673234811165,0.14692352406459733,0.6
perp,BTCUSDT,1h,B3_supertrend_HTF,"{""mult"": 3.0, ""n"": 20}",stress,0.000905,0.6698802603394725,1.1196327857137172,-0.7724232825946648,0.03725440984205819,0.29252758806156576,0.4777204985057229,-0.6309122516313486,426,0.3544600938967136,1.2521832593487987,2.2804662008007925,0.0034934162647806935,2.0923832431194733,47.92018779342723,0.465562853493888,85.10673234811165,0.14692352406459733,0.6
perp,BTCUSDT,1h,C1_donchian_channel,"{""n"": 20}",opt,0.000505,0.6698802603394725,1.1196327857137172,-0.7724232825946648,-0.3631066080268046,-0.5362371069068552,-0.8306009650053989,-0.9453509784439302,1164,0.3427835051546392,0.974912424062317,1.8691929935029383,-0.00029220985554497604,2.265384055833002,28.151202749140893,0.7473316912972086,232.54515599343185,0.08111853723183018,0.2
perp,BTCUSDT,1h,C1_donchian_channel,"{""n"": 20}",real,0.000705,0.6698802603394725,1.1196327857137172,-0.7724232825946648,-0.4197949090880473,-0.698999555372669,-1.0733009606911101,-0.9627491623230816,1164,0.3427835051546392,0.974912424062317,1.8691929935029388,-0.0002922098555449762,2.265384055833002,28.151202749140893,0.7473316912972086,232.54515599343185,0.08111853723183017,0.2
perp,BTCUSDT,1h,C1_donchian_channel,"{""n"": 20}",stress,0.000905,0.6698802603394725,1.1196327857137172,-0.7724232825946648,-0.4714375908871645,-0.8605433614026543,-1.3099727570073463,-0.9747835551154502,1164,0.3427835051546392,0.974912424062317,1.8691929935029388,-0.00029220985554497626,2.265384055833002,28.151202749140893,0.7473316912972086,232.54515599343185,0.08111853723183017,0.2
perp,BTCUSDT,1h,C6_donchian_ATR_trail,"{""n"": 20, ""trail"": 2.0}",opt,0.000505,0.6698802603394725,1.1196327857137172,-0.7724232825946648,-0.28969590966436554,-1.1608410155003988,-1.8595540513728974,-0.8707902473533494,912,0.3541666666666667,0.8969613444542306,1.6356353928283032,-0.0006844266869158636,2.618728674081357,7.864035087719298,0.1635650428753877,182.20032840722496,0.10555396336100784,0.2
perp,BTCUSDT,1h,C6_donchian_ATR_trail,"{""n"": 20, ""trail"": 2.0}",real,0.000705,0.6698802603394725,1.1196327857137172,-0.7724232825946648,-0.3396818954546843,-1.4304538005067946,-2.2460162160888704,-0.9091974732379335,912,0.3541666666666667,0.8969613444542306,1.6356353928283032,-0.0006844266869158636,2.6187286740813565,7.864035087719298,0.1635650428753877,182.20032840722496,0.10555396336100784,0.2
perp,BTCUSDT,1h,C6_donchian_ATR_trail,"{""n"": 20, ""trail"": 2.0}",stress,0.000905,0.6698802603394725,1.1196327857137172,-0.7724232825946648,-0.38615027270715063,-1.697811188442886,-2.6141509531558675,-0.9361882862229723,912,0.3541666666666667,0.8969613444542305,1.6356353928283027,-0.0006844266869158635,2.6187286740813573,7.864035087719298,0.1635650428753877,182.20032840722496,0.10555396336100785,0.0
perp,BTCUSDT,1h,C6_donchian_ATR_trail,"{""n"": 20, ""trail"": 3.0}",opt,0.000505,0.6698802603394725,1.1196327857137172,-0.7724232825946648,-0.2946260002652936,-0.7699099661360128,-1.2297919274742204,-0.8941269668491542,912,0.35635964912280704,0.9398753319637954,1.697559445731532,-0.0005514215952380976,2.0534801836993206,17.146929824561404,0.3566411238825032,182.20032840722496,0.09567876053495522,0.2
perp,BTCUSDT,1h,C6_donchian_ATR_trail,"{""n"": 20, ""trail"": 3.0}",real,0.000705,0.6698802603394725,1.1196327857137172,-0.7724232825946648,-0.34425921044360996,-0.9636579514172223,-1.5193231694304368,-0.9249980566314651,912,0.35635964912280704,0.9398753319637954,1.697559445731532,-0.0005514215952380976,2.053480183699321,17.146929824561404,0.3566411238825032,182.20032840722496,0.09567876053495523,0.2
perp,BTCUSDT,1h,C6_donchian_ATR_trail,"{""n"": 20, ""trail"": 3.0}",stress,0.000905,0.6698802603394725,1.1196327857137172,-0.7724232825946648,-0.3904000484266731,-1.1558605553017447,-1.7991276115356132,-0.9468675905682558,912,0.35635964912280704,0.9398753319637951,1.6975594457315317,-0.000551421595238098,2.053480183699321,17.146929824561404,0.3566411238825032,182.20032840722496,0.09567876053495526,0.0
perp,BTCUSDT,1h,C6_donchian_ATR_trail,"{""n"": 20, ""trail"": 4.0}",opt,0.000505,0.6698802603394725,1.1196327857137172,-0.7724232825946648,-0.36796025899759577,-0.7757247621815386,-1.1790304662264104,-0.9418277931349041,912,0.3300438596491228,0.9224442382124914,1.8724698656074164,-0.000925935437843486,1.962569346622179,27.17324561403509,0.5651797117314359,182.20032840722496,0.09137908136748658,0.2
perp,BTCUSDT,1h,C6_donchian_ATR_trail,"{""n"": 20, ""trail"": 4.0}",real,0.000705,0.6698802603394725,1.1196327857137172,-0.7724232825946648,-0.41246405489522087,-0.9297352491983111,-1.4000961980020397,-0.9570281300856903,912,0.3300438596491228,0.9224442382124914,1.8724698656074164,-0.0009259354378434858,1.962569346622179,27.17324561403509,0.5651797117314359,182.20032840722496,0.09137908136748658,0.2
perp,BTCUSDT,1h,C6_donchian_ATR_trail,"{""n"": 20, ""trail"": 4.0}",stress,0.000905,0.6698802603394725,1.1196327857137172,-0.7724232825946648,-0.4538342544890136,-1.0824669830194789,-1.6152837833978884,-0.9691982924315599,912,0.3300438596491228,0.9224442382124914,1.8724698656074164,-0.0009259354378434862,1.9625693466221785,27.17324561403509,0.5651797117314359,182.20032840722496,0.09137908136748658,0.2
perp,BTCUSDT,1h,C4_donchian_HTF,"{""n"": 20}",opt,0.000505,0.6698802603394725,1.1196327857137172,-0.7724232825946648,-0.13151209310937395,-0.1594864399163206,-0.26219697252330393,-0.80831608679637,565,0.36106194690265486,1.0453135444823751,1.8497950468536148,0.0005216263372206923,1.9615471132317315,28.238938053097346,0.3638934501003466,112.87629994526546,0.1361312484548633,0.2
perp,BTCUSDT,1h,C4_donchian_HTF,"{""n"": 20}",real,0.000705,0.6698802603394725,1.1196327857137172,-0.7724232825946648,-0.16991437360296346,-0.2718139032223259,-0.4436200676605855,-0.84186032172945,565,0.36106194690265486,1.0453135444823753,1.8497950468536153,0.0005216263372206924,1.9615471132317315,28.238938053097346,0.3638934501003466,112.87629994526546,0.13613124845486327,0.2
perp,BTCUSDT,1h,C4_donchian_HTF,"{""n"": 20}",stress,0.000905,0.6698802603394725,1.1196327857137172,-0.7724232825946648,-0.20661864428150745,-0.38362499725312993,-0.6215889078800809,-0.8695344252543008,565,0.36106194690265486,1.0453135444823751,1.8497950468536148,0.0005216263372206923,1.9615471132317315,28.238938053097346,0.3638934501003466,112.87629994526546,0.1361312484548633,0.2
perp,BTCUSDT,1h,C1_donchian_channel,"{""n"": 50}",opt,0.000505,0.6698802603394725,1.1196327857137172,-0.7724232825946648,-0.16135063874948818,-0.05047879370141557,-0.07963586576631039,-0.8841539900371227,514,0.34824902723735407,1.0483094876098402,1.9560635131937802,0.0008703287017279671,2.2068542793957633,63.3443579766537,0.7425652253238461,102.68746579091406,0.1448143439388241,0.4
perp,BTCUSDT,1h,C1_donchian_channel,"{""n"": 50}",real,0.000705,0.6698802603394725,1.1196327857137172,-0.7724232825946648,-0.1952462230398443,-0.12390367911613015,-0.1946009067110421,-0.9008097162105743,514,0.34824902723735407,1.0483094876098402,1.9560635131937802,0.0008703287017279676,2.206854279395763,63.3443579766537,0.7425652253238461,102.68746579091406,0.1448143439388241,0.4
perp,BTCUSDT,1h,C1_donchian_channel,"{""n"": 50}",stress,0.000905,0.6698802603394725,1.1196327857137172,-0.7724232825946648,-0.22777193235021187,-0.19698876493333808,-0.3080151937298577,-0.9150708078767607,514,0.34824902723735407,1.0483094876098402,1.9560635131937802,0.0008703287017279669,2.206854279395763,63.3443579766537,0.7425652253238461,102.68746579091406,0.1448143439388241,0.4
perp,BTCUSDT,1h,C6_donchian_ATR_trail,"{""n"": 50, ""trail"": 2.0}",opt,0.000505,0.6698802603394725,1.1196327857137172,-0.7724232825946648,-0.15920261979972838,-0.96976169983198,-1.5168280603451867,-0.6427071180070609,385,0.34285714285714286,0.8433016496083547,1.6163281617493466,-0.0010796268571072471,1.2494500512392042,7.205194805194806,0.06326400291917533,76.91570881226053,0.1510844138810414,0.4
perp,BTCUSDT,1h,C6_donchian_ATR_trail,"{""n"": 50, ""trail"": 2.0}",real,0.000705,0.6698802603394725,1.1196327857137172,-0.7724232825946648,-0.18470747922114938,-1.1528459817267236,-1.772439121403797,-0.6902588506563097,385,0.34285714285714286,0.843301649608355,1.616328161749347,-0.0010796268571072471,1.2494500512392042,7.205194805194806,0.06326400291917533,76.91570881226053,0.1510844138810414,0.2
perp,BTCUSDT,1h,C6_donchian_ATR_trail,"{""n"": 50, ""trail"": 2.0}",stress,0.000905,0.6698802603394725,1.1196327857137172,-0.7724232825946648,-0.20943869098586965,-1.3344794705707617,-2.017520697243234,-0.7320206048195823,385,0.34285714285714286,0.843301649608355,1.616328161749347,-0.0010796268571072471,1.2494500512392035,7.205194805194806,0.06326400291917533,76.91570881226053,0.1510844138810414,0.2
perp,BTCUSDT,1h,C6_donchian_ATR_trail,"{""n"": 50, ""trail"": 3.0}",opt,0.000505,0.6698802603394725,1.1196327857137172,-0.7724232825946648,-0.13922406098155904,-0.5088013618521097,-0.8192817811627695,-0.6381440237480017,385,0.35584415584415585,0.9389060708761582,1.6996255881553812,-0.0005796077300987538,1.623751016636567,17.197402597402597,0.15099890530925014,76.91570881226053,0.16787174474696778,0.4
perp,BTCUSDT,1h,C6_donchian_ATR_trail,"{""n"": 50, ""trail"": 3.0}",real,0.000705,0.6698802603394725,1.1196327857137172,-0.7724232825946648,-0.16534288669136732,-0.6351391222993387,-1.0114499696408685,-0.6856918958432212,385,0.35584415584415585,0.9389060708761582,1.6996255881553812,-0.0005796077300987536,1.623751016636567,17.197402597402597,0.15099890530925014,76.91570881226053,0.16787174474696775,0.4
perp,BTCUSDT,1h,C6_donchian_ATR_trail,"{""n"": 50, ""trail"": 3.0}",stress,0.000905,0.6698802603394725,1.1196327857137172,-0.7724232825946648,-0.1906692051475336,-0.7606689471847442,-1.1982214282930905,-0.7269920341585665,385,0.35584415584415585,0.9389060708761582,1.6996255881553812,-0.000579607730098753,1.6237510166365676,17.197402597402597,0.15099890530925014,76.91570881226053,0.16787174474696778,0.4
perp,BTCUSDT,1h,C6_donchian_ATR_trail,"{""n"": 50, ""trail"": 4.0}",opt,0.000505,0.6698802603394725,1.1196327857137172,-0.7724232825946648,-0.1689269750360487,-0.45529300222482083,-0.7150519083842167,-0.6987578591982639,385,0.36103896103896105,0.9384537118277735,1.6608605259685778,-0.0007749992868915648,1.665446560215914,28.12987012987013,0.2469896004378763,76.91570881226053,0.16280898168523172,0.4
perp,BTCUSDT,1h,C6_donchian_ATR_trail,"{""n"": 50, ""trail"": 4.0}",real,0.000705,0.6698802603394725,1.1196327857137172,-0.7724232825946648,-0.194157989128508,-0.5540252982294811,-0.8633949807107197,-0.7322677020281629,385,0.36103896103896105,0.9384537118277734,1.6608605259685776,-0.0007749992868915653,1.6654465602159143,28.12987012987013,0.2469896004378763,76.91570881226053,0.1628089816852318,0.4
perp,BTCUSDT,1h,C6_donchian_ATR_trail,"{""n"": 50, ""trail"": 4.0}",stress,0.000905,0.6698802603394725,1.1196327857137172,-0.7724232825946648,-0.21862303219305623,-0.6521995220842699,-1.0086363515474235,-0.765760015695683,385,0.36103896103896105,0.9384537118277735,1.6608605259685778,-0.0007749992868915649,1.6654465602159145,28.12987012987013,0.2469896004378763,76.91570881226053,0.16280898168523175,0.2
perp,BTCUSDT,1h,C4_donchian_HTF,"{""n"": 50}",opt,0.000505,0.6698802603394725,1.1196327857137172,-0.7724232825946648,0.060847395188146525,0.34463238008524294,0.5536836611409413,-0.7516783338747952,261,0.3524904214559387,1.2398170431530366,2.277490003183296,0.004235674479762771,1.9986116031585035,66.32183908045977,0.39479565772669223,52.14285714285714,0.2289926093467616,0.8
perp,BTCUSDT,1h,C4_donchian_HTF,"{""n"": 50}",real,0.000705,0.6698802603394725,1.1196327857137172,-0.7724232825946648,0.03886250603586694,0.2914082768176627,0.46635262127099514,-0.7598839186565609,261,0.3524904214559387,1.2398170431530366,2.277490003183295,0.004235674479762771,1.998611603158504,66.32183908045977,0.39479565772669223,52.14285714285714,0.22899260934676166,0.8
perp,BTCUSDT,1h,C4_donchian_HTF,"{""n"": 50}",stress,0.000905,0.6698802603394725,1.1196327857137172,-0.7724232825946648,0.01733317863564987,0.2383675675898659,0.3799924638047887,-0.7678184029498188,261,0.3524904214559387,1.2398170431530366,2.277490003183296,0.004235674479762771,1.9986116031585035,66.32183908045977,0.39479565772669223,52.14285714285714,0.2289926093467616,0.6
perp,BTCUSDT,1h,C1_donchian_channel,"{""n"": 100}",opt,0.000505,0.6698802603394725,1.1196327857137172,-0.7724232825946648,0.21505923264183724,0.6240324140488127,1.0142306724239014,-0.7153024397692915,262,0.37404580152671757,1.3609287397441832,2.2774725848780206,0.007989217564233923,2.2308978394160652,118.18320610687023,0.7061667578908958,52.34263820470717,0.22199603469127913,0.8
perp,BTCUSDT,1h,C1_donchian_channel,"{""n"": 100}",real,0.000705,0.6698802603394725,1.1196327857137172,-0.7724232825946648,0.18981216632523878,0.5854979466665107,0.9491074489036385,-0.7203397980189973,262,0.37404580152671757,1.3609287397441832,2.2774725848780206,0.007989217564233922,2.2308978394160643,118.18320610687023,0.7061667578908958,52.34263820470717,0.22199603469127913,0.8
perp,BTCUSDT,1h,C1_donchian_channel,"{""n"": 100}",stress,0.000905,0.6698802603394725,1.1196327857137172,-0.7724232825946648,0.16508964256441638,0.5470586326451374,0.8844756912671139,-0.725288062998335,262,0.37404580152671757,1.3609287397441832,2.2774725848780206,0.007989217564233923,2.230897839416065,118.18320610687023,0.7061667578908958,52.34263820470717,0.22199603469127915,0.8
perp,BTCUSDT,1h,C6_donchian_ATR_trail,"{""n"": 100, ""trail"": 2.0}",opt,0.000505,0.6698802603394725,1.1196327857137172,-0.7724232825946648,-0.04589331895852933,-0.34347443571129,-0.5420703910203442,-0.3859723217451604,186,0.3978494623655914,0.9872399034687821,1.4942009349797782,-8.366863336417301e-05,0.5624535047331467,7.123655913978495,0.03021802590768108,37.15927750410509,0.21312147021520897,0.4
perp,BTCUSDT,1h,C6_donchian_ATR_trail,"{""n"": 100, ""trail"": 2.0}",real,0.000705,0.6698802603394725,1.1196327857137172,-0.7724232825946648,-0.05999531714770223,-0.4695251438003707,-0.7287246258886662,-0.3983405546056291,186,0.3978494623655914,0.9872399034687821,1.4942009349797782,-8.366863336417324e-05,0.5624535047331468,7.123655913978495,0.03021802590768108,37.15927750410509,0.2131214702152089,0.2
perp,BTCUSDT,1h,C6_donchian_ATR_trail,"{""n"": 100, ""trail"": 2.0}",stress,0.000905,0.6698802603394725,1.1196327857137172,-0.7724232825946648,-0.07388889805650067,-0.5948377309798316,-0.9082914459336806,-0.4104597201255187,186,0.3978494623655914,0.9872399034687821,1.4942009349797782,-8.366863336417309e-05,0.5624535047331468,7.123655913978495,0.03021802590768108,37.15927750410509,0.21312147021520897,0.2
perp,BTCUSDT,1h,C6_donchian_ATR_trail,"{""n"": 100, ""trail"": 3.0}",opt,0.000505,0.6698802603394725,1.1196327857137172,-0.7724232825946648,-0.0414707998373498,-0.16581913634019083,-0.27866047047835973,-0.5390655220038113,186,0.34946236559139787,1.0293562734570765,1.91618629366625,0.0002844322473267394,1.3519641237129325,16.607526881720432,0.07044791096515235,37.15927750410509,0.26833183381903936,0.6
perp,BTCUSDT,1h,C6_donchian_ATR_trail,"{""n"": 100, ""trail"": 3.0}",real,0.000705,0.6698802603394725,1.1196327857137172,-0.7724232825946648,-0.055643337613646926,-0.2527491880847715,-0.4198412405297233,-0.5498252801114493,186,0.34946236559139787,1.0293562734570765,1.91618629366625,0.00028443224732673954,1.3519641237129318,16.607526881720432,0.07044791096515235,37.15927750410509,0.26833183381903936,0.4
perp,BTCUSDT,1h,C6_donchian_ATR_trail,"{""n"": 100, ""trail"": 3.0}",stress,0.000905,0.6698802603394725,1.1196327857137172,-0.7724232825946648,-0.0696063424466642,-0.33932532520043734,-0.5572457733279964,-0.5603339309858435,186,0.34946236559139787,1.0293562734570765,1.91618629366625,0.0002844322473267394,1.3519641237129325,16.607526881720432,0.07044791096515235,37.15927750410509,0.26833183381903936,0.4
perp,BTCUSDT,1h,C6_donchian_ATR_trail,"{""n"": 100, ""trail"": 4.0}",opt,0.000505,0.6698802603394725,1.1196327857137172,-0.7724232825946648,-0.0014367199718802182,0.10083257145712309,0.1720016752686448,-0.6078839916996098,186,0.3924731182795699,1.1378456219487298,1.7613226750713216,0.0016046380996286858,1.095950562754453,29.311827956989248,0.12433862433862433,37.15927750410509,0.22555960614432516,0.8
perp,BTCUSDT,1h,C6_donchian_ATR_trail,"{""n"": 100, ""trail"": 4.0}",real,0.000705,0.6698802603394725,1.1196327857137172,-0.7724232825946648,-0.016175288771915874,0.03316873564149146,0.056118028886751777,-0.6162557621159743,186,0.3924731182795699,1.13784562194873,1.761322675071322,0.001604638099628686,1.0959505627544532,29.311827956989248,0.12433862433862433,37.15927750410509,0.2255596061443251,0.8
perp,BTCUSDT,1h,C6_donchian_ATR_trail,"{""n"": 100, ""trail"": 4.0}",stress,0.000905,0.6698802603394725,1.1196327857137172,-0.7724232825946648,-0.030696329504604547,-0.034310541503450816,-0.057581221110957086,-0.6244488406710391,186,0.3924731182795699,1.13784562194873,1.761322675071322,0.0016046380996286864,1.0959505627544532,29.311827956989248,0.12433862433862433,37.15927750410509,0.2255596061443251,0.6
perp,BTCUSDT,1h,C4_donchian_HTF,"{""n"": 100}",opt,0.000505,0.6698802603394725,1.1196327857137172,-0.7724232825946648,0.26861357229732485,0.7876488521988917,1.2737795825844003,-0.6359011188723022,132,0.38636363636363635,1.6524929236074117,2.624547584552948,0.014326635944071632,1.9616677353794665,129.87121212121212,0.3909642401021711,26.37110016420361,0.32365654872348903,0.8
perp,BTCUSDT,1h,C4_donchian_HTF,"{""n"": 100}",real,0.000705,0.6698802603394725,1.1196327857137172,-0.7724232825946648,0.2552590266275634,0.761207063999972,1.2283053476279802,-0.6396001882864216,132,0.38636363636363635,1.652492923607412,2.6245475845529485,0.014326635944071632,1.961667735379467,129.87121212121212,0.3909642401021711,26.37110016420361,0.3236565487234889,0.8
perp,BTCUSDT,1h,C4_donchian_HTF,"{""n"": 100}",stress,0.000905,0.6698802603394725,1.1196327857137172,-0.7724232825946648,0.24204503336203698,0.7348105771594438,1.1831036845706993,-0.6432617116969026,132,0.38636363636363635,1.6524929236074117,2.624547584552948,0.014326635944071632,1.961667735379467,129.87121212121212,0.3909642401021711,26.37110016420361,0.323656548723489,0.8
perp,BTCUSDT,1h,C2_donchian_voltarget,"{""n"": 20, ""vol_target"": 0.2}",opt,0.000505,0.6698802603394725,1.1196327857137172,-0.7724232825946648,-0.07929719158646886,-0.5239382010653573,-0.9059422158529202,-0.5277615545912493,912,0.35526315789473684,0.9370468718868873,1.6976744253012435,-0.0005779960294094305,2.0572737615424215,17.146929824561404,0.35657270571063676,182.20032840722496,0.09596756524953289,0.4
perp,BTCUSDT,1h,C2_donchian_voltarget,"{""n"": 20, ""vol_target"": 0.2}",real,0.000705,0.6698802603394725,1.1196327857137172,-0.7724232825946648,-0.10969530394482441,-0.7607160394243293,-1.288793589369294,-0.5890404474075202,912,0.35526315789473684,0.9370468718868873,1.6976744253012435,-0.0005779960294094305,2.057273761542422,17.146929824561404,0.35657270571063676,182.20032840722496,0.09596756524953289,0.4
perp,BTCUSDT,1h,C2_donchian_voltarget,"{""n"": 20, ""vol_target"": 0.2}",stress,0.000905,0.6698802603394725,1.1196327857137172,-0.7724232825946648,-0.13908491773006582,-0.9950437058223549,-1.652625405227425,-0.6424060989170539,912,0.35526315789473684,0.9370468718868871,1.697674425301243,-0.0005779960294094307,2.0572737615424224,17.146929824561404,0.35657270571063676,182.20032840722496,0.09596756524953289,0.2
perp,BTCUSDT,1h,C2_donchian_voltarget,"{""n"": 50, ""vol_target"": 0.2}",opt,0.000505,0.6698802603394725,1.1196327857137172,-0.7724232825946648,-0.024725271456196074,-0.22271649902449736,-0.41364061463089596,-0.24576292174019165,385,0.35584415584415585,0.9389060708761582,1.6996255881553812,-0.0005796077300987532,1.623751016636567,17.197402597402597,0.15099890530925014,76.91570881226053,0.16787174474696775,0.4
perp,BTCUSDT,1h,C2_donchian_voltarget,"{""n"": 50, ""vol_target"": 0.2}",real,0.000705,0.6698802603394725,1.1196327857137172,-0.7724232825946648,-0.03848510904910729,-0.3739876376207844,-0.6815390951607574,-0.294024703031471,385,0.35584415584415585,0.9389060708761582,1.6996255881553812,-0.0005796077300987536,1.623751016636567,17.197402597402597,0.15099890530925014,76.91570881226053,0.16787174474696778,0.4
perp,BTCUSDT,1h,C2_donchian_voltarget,"{""n"": 50, ""vol_target"": 0.2}",stress,0.000905,0.6698802603394725,1.1196327857137172,-0.7724232825946648,-0.052048511434084954,-0.5242861397872804,-0.9378672528619709,-0.3391910329255515,385,0.35584415584415585,0.9389060708761582,1.6996255881553812,-0.0005796077300987534,1.6237510166365676,17.197402597402597,0.15099890530925014,76.91570881226053,0.16787174474696778,0.2
perp,BTCUSDT,1h,C2_donchian_voltarget,"{""n"": 100, ""vol_target"": 0.2}",opt,0.000505,0.6698802603394725,1.1196327857137172,-0.7724232825946648,0.005316932890635728,0.11784302830471165,0.22374830626026668,-0.16440698799997222,186,0.34946236559139787,1.0293562734570765,1.91618629366625,0.0002844322473267398,1.3519641237129325,16.607526881720432,0.07044791096515235,37.15927750410509,0.26833183381903936,0.6
perp,BTCUSDT,1h,C2_donchian_voltarget,"{""n"": 100, ""vol_target"": 0.2}",real,0.000705,0.6698802603394725,1.1196327857137172,-0.7724232825946648,-0.0011810675405103943,0.010358560481990017,0.019286580282572418,-0.17112126127002147,186,0.34946236559139787,1.0293562734570765,1.91618629366625,0.0002844322473267398,1.3519641237129318,16.607526881720432,0.07044791096515235,37.15927750410509,0.26833183381903936,0.6
perp,BTCUSDT,1h,C2_donchian_voltarget,"{""n"": 100, ""vol_target"": 0.2}",stress,0.000905,0.6698802603394725,1.1196327857137172,-0.7724232825946648,-0.007635861635480801,-0.09670012316715955,-0.1766285829963767,-0.177780279045191,186,0.34946236559139787,1.0293562734570765,1.91618629366625,0.00028443224732674057,1.351964123712932,16.607526881720432,0.07044791096515235,37.15927750410509,0.26833183381903936,0.6
perp,BTCUSDT,4h,A1_price_slowMA,"{""slow"": 150}",opt,0.000505,0.6675469016702027,1.119632785713717,-0.7708301064203099,0.40405482671279747,0.8762004263658201,1.3643650506477056,-0.6322960087070576,386,0.17357512953367876,1.7136921309910274,8.159220743076682,0.008448323329718926,4.656781354729234,28.007772020725387,0.9863163656267104,77.11548987411057,0.3279446923420148,0.6
perp,BTCUSDT,4h,A1_price_slowMA,"{""slow"": 150}",real,0.000705,0.6675469016702027,1.119632785713717,-0.7708301064203099,0.3613328747884166,0.8216640589409538,1.2749979183469382,-0.638516792583491,386,0.17357512953367876,1.7136921309910274,8.159220743076682,0.008448323329718926,4.656781354729234,28.007772020725387,0.9863163656267104,77.11548987411057,0.32794469234201484,0.6
perp,BTCUSDT,4h,A1_price_slowMA,"{""slow"": 150}",stress,0.000905,0.6675469016702027,1.119632785713717,-0.7708301064203099,0.31991079051491433,0.7673586481205402,1.186556275901937,-0.6446323754829769,386,0.17357512953367876,1.7136921309910278,8.159220743076684,0.008448323329718926,4.656781354729236,28.007772020725387,0.9863163656267104,77.11548987411057,0.32794469234201484,0.6
perp,BTCUSDT,4h,A1_price_slowMA,"{""slow"": 200}",opt,0.000505,0.6675469016702027,1.119632785713717,-0.7708301064203099,0.573809839815083,1.0654782962885967,1.647331495907797,-0.6715567508619367,308,0.16558441558441558,2.0205308764404473,10.181890887160684,0.012620088303849282,4.6234711704681395,34.938311688311686,0.9817551541689473,61.53256704980843,0.40227666433206016,1.0
perp,BTCUSDT,4h,A1_price_slowMA,"{""slow"": 200}",real,0.000705,0.6675469016702027,1.119632785713717,-0.7708301064203099,0.5355079430950098,1.022662278134924,1.5764936633580422,-0.6768651965859254,308,0.16558441558441558,2.0205308764404473,10.181890887160684,0.012620088303849284,4.623471170468138,34.938311688311686,0.9817551541689473,61.53256704980843,0.40227666433206016,0.8
perp,BTCUSDT,4h,A1_price_slowMA,"{""slow"": 200}",stress,0.000905,0.6675469016702027,1.119632785713717,-0.7708301064203099,0.49813815917491744,0.9800005743213716,1.506255562080406,-0.6820878863414404,308,0.16558441558441558,2.0205308764404473,10.181890887160684,0.012620088303849284,4.6234711704681395,34.938311688311686,0.9817551541689473,61.53256704980843,0.4022766643320601,0.8
perp,BTCUSDT,4h,A1_price_slowMA,"{""slow"": 250}",opt,0.000505,0.6675469016702027,1.119632785713717,-0.7708301064203099,0.9739920780562412,1.5082290827433054,2.452672698156815,-0.4246149725204691,210,0.18571428571428572,3.2175386964605397,14.107669669096213,0.026145890499118012,7.285260379787744,51.00476190476191,0.9771939427111841,41.95402298850575,0.5256740264743104,0.8
perp,BTCUSDT,4h,A1_price_slowMA,"{""slow"": 250}",real,0.000705,0.6675469016702027,1.119632785713717,-0.7708301064203099,0.9411717095436507,1.476646054708105,2.395897205111896,-0.4286623033250805,210,0.18571428571428572,3.217538696460539,14.107669669096211,0.026145890499118012,7.285260379787744,51.00476190476191,0.9771939427111841,41.95402298850575,0.5256740264743106,0.8
perp,BTCUSDT,4h,A1_price_slowMA,"{""slow"": 250}",stress,0.000905,0.6675469016702027,1.119632785713717,-0.7708301064203099,0.9088970078984109,1.4451040310665637,2.3393627851902825,-0.4328138614561131,210,0.18571428571428572,3.2175386964605392,14.107669669096213,0.026145890499118012,7.285260379787744,51.00476190476191,0.9771939427111841,41.95402298850575,0.5256740264743105,0.8
perp,BTCUSDT,4h,A2_dual_MA,"{""fast"": 10, ""slow"": 50}",opt,0.000505,0.6675469016702027,1.119632785713717,-0.7708301064203099,-0.05555869163483074,0.21119371311670035,0.31405967034312904,-0.8327075647602047,298,0.2550335570469799,1.1592361096023514,3.38618968857529,0.0036901020079871997,3.622174301013168,36.61409395973154,0.9954387885422368,59.53475643130815,0.286969746353014,0.6
perp,BTCUSDT,4h,A2_dual_MA,"{""fast"": 10, ""slow"": 50}",real,0.000705,0.6675469016702027,1.119632785713717,-0.7708301064203099,-0.07791512077697904,0.172662220519832,0.2562304350459176,-0.8413646440623302,298,0.2550335570469799,1.1592361096023514,3.38618968857529,0.003690102007987199,3.622174301013168,36.61409395973154,0.9954387885422368,59.53475643130815,0.286969746353014,0.6
perp,BTCUSDT,4h,A2_dual_MA,"{""fast"": 10, ""slow"": 50}",stress,0.000905,0.6675469016702027,1.119632785713717,-0.7708301064203099,-0.09974240899914832,0.13423916207670838,0.19879770624382356,-0.8495737654978761,298,0.2550335570469799,1.1592361096023514,3.38618968857529,0.0036901020079872005,3.6221743010131697,36.61409395973154,0.9954387885422368,59.53475643130815,0.28696974635301403,0.6
perp,BTCUSDT,4h,A2_dual_MA,"{""fast"": 10, ""slow"": 75}",opt,0.000505,0.6675469016702027,1.119632785713717,-0.7708301064203099,0.2540724620525918,0.6747532594593175,1.0464391869955896,-0.6230638061583254,216,0.24074074074074073,1.504868943685584,4.746125130085304,0.01218405850531547,3.527144056871922,50.398148148148145,0.9931581828133552,43.15270935960591,0.3650079598214886,0.8
perp,BTCUSDT,4h,A2_dual_MA,"{""fast"": 10, ""slow"": 75}",real,0.000705,0.6675469016702027,1.119632785713717,-0.7708301064203099,0.232503617697575,0.6452462459271349,0.9990428125998233,-0.6273109214200464,216,0.24074074074074073,1.504868943685584,4.746125130085304,0.01218405850531547,3.527144056871922,50.398148148148145,0.9931581828133552,43.15270935960591,0.3650079598214886,0.6
perp,BTCUSDT,4h,A2_dual_MA,"{""fast"": 10, ""slow"": 75}",stress,0.000905,0.6675469016702027,1.119632785713717,-0.7708301064203099,0.2113056709670902,0.6157926976899959,0.9518726959972553,-0.6315102089394384,216,0.24074074074074073,1.504868943685584,4.746125130085304,0.01218405850531547,3.527144056871922,50.398148148148145,0.9931581828133552,43.15270935960591,0.3650079598214886,0.6
perp,BTCUSDT,4h,A2_dual_MA,"{""fast"": 10, ""slow"": 100}",opt,0.000505,0.6675469016702027,1.119632785713717,-0.7708301064203099,0.3042073321441521,0.7441225450879573,1.1351826778972611,-0.6018833616859667,184,0.2554347826086957,1.5901345491496028,4.635073047521183,0.014744471465360143,2.97357485141899,59.02717391304348,0.9908775770844737,36.759715380405034,0.35757294822625835,0.6
perp,BTCUSDT,4h,A2_dual_MA,"{""fast"": 10, ""slow"": 100}",real,0.000705,0.6675469016702027,1.119632785713717,-0.7708301064203099,0.28507620844764725,0.7187495875310274,1.0949318686115228,-0.606229625086625,184,0.2554347826086957,1.5901345491496028,4.635073047521183,0.014744471465360143,2.973574851418991,59.02717391304348,0.9908775770844737,36.759715380405034,0.3575729482262584,0.6
perp,BTCUSDT,4h,A2_dual_MA,"{""fast"": 10, ""slow"": 100}",stress,0.000905,0.6675469016702027,1.119632785713717,-0.7708301064203099,0.26622565530381936,0.6934201038014022,1.0548483917752847,-0.6105284759623336,184,0.2554347826086957,1.5901345491496033,4.635073047521184,0.014744471465360143,2.973574851418991,59.02717391304348,0.9908775770844737,36.759715380405034,0.35757294822625835,0.6
perp,BTCUSDT,4h,A2_dual_MA,"{""fast"": 20, ""slow"": 50}",opt,0.000505,0.6675469016702027,1.119632785713717,-0.7708301064203099,0.027904825138030498,0.342621303628312,0.519848834506257,-0.6857206120582048,210,0.2571428571428571,1.2659310555283556,3.6571341604152496,0.007791318560905026,3.3903426305979414,51.957142857142856,0.9954387885422368,41.95402298850575,0.3545558104530517,0.6
perp,BTCUSDT,4h,A2_dual_MA,"{""fast"": 20, ""slow"": 50}",real,0.000705,0.6675469016702027,1.119632785713717,-0.7708301064203099,0.010666989847923691,0.3147460612709657,0.4768097160205803,-0.6962875026468525,210,0.2571428571428571,1.2659310555283558,3.65713416041525,0.007791318560905026,3.3903426305979414,51.957142857142856,0.9954387885422368,41.95402298850575,0.3545558104530517,0.6
perp,BTCUSDT,4h,A2_dual_MA,"{""fast"": 20, ""slow"": 50}",stress,0.000905,0.6675469016702027,1.119632785713717,-0.7708301064203099,-0.006281841366300167,0.2869165753775971,0.43397034148291325,-0.7064991471245601,210,0.2571428571428571,1.2659310555283558,3.65713416041525,0.007791318560905025,3.39034263059794,51.957142857142856,0.9954387885422368,41.95402298850575,0.3545558104530516,0.6
perp,BTCUSDT,4h,A2_dual_MA,"{""fast"": 20, ""slow"": 75}",opt,0.000505,0.6675469016702027,1.119632785713717,-0.7708301064203099,0.33327885893387976,0.7808926686169614,1.2005555411464526,-0.5685631595627479,156,0.28846153846153844,1.6296577395355625,4.019822424187721,0.018324345805202456,2.8729447273663684,69.78205128205128,0.9931581828133552,31.165845648604268,0.3674971042289544,0.8
perp,BTCUSDT,4h,A2_dual_MA,"{""fast"": 20, ""slow"": 75}",real,0.000705,0.6675469016702027,1.119632785713717,-0.7708301064203099,0.3166646656392058,0.7594179181803041,1.1662968951486088,-0.5795183867266299,156,0.28846153846153844,1.6296577395355623,4.01982242418772,0.018324345805202456,2.8729447273663684,69.78205128205128,0.9931581828133552,31.165845648604268,0.36749710422895443,0.8
perp,BTCUSDT,4h,A2_dual_MA,"{""fast"": 20, ""slow"": 75}",stress,0.000905,0.6675469016702027,1.119632785713717,-0.7708301064203099,0.30025744488088746,0.7379622210811431,1.1321312938357941,-0.5919974069554061,156,0.28846153846153844,1.6296577395355625,4.019822424187721,0.018324345805202456,2.8729447273663684,69.78205128205128,0.9931581828133552,31.165845648604268,0.3674971042289544,0.8
perp,BTCUSDT,4h,A2_dual_MA,"{""fast"": 20, ""slow"": 100}",opt,0.000505,0.6675469016702027,1.119632785713717,-0.7708301064203099,0.30268937160549836,0.7410231550976798,1.1269340205171199,-0.5164451062868397,130,0.3,1.6448887843988385,3.8380738302639563,0.020913998397452675,2.5129771867915043,83.54615384615384,0.9908775770844737,25.971538040503557,0.407537478022928,0.8
perp,BTCUSDT,4h,A2_dual_MA,"{""fast"": 20, ""slow"": 100}",real,0.000705,0.6675469016702027,1.119632785713717,-0.7708301064203099,0.2891307361107269,0.7231814212110264,1.098793569533519,-0.5222275032042684,130,0.3,1.6448887843988387,3.8380738302639568,0.020913998397452675,2.5129771867915056,83.54615384615384,0.9908775770844737,25.971538040503557,0.4075374780229281,0.8
perp,BTCUSDT,4h,A2_dual_MA,"{""fast"": 20, ""slow"": 100}",stress,0.000905,0.6675469016702027,1.119632785713717,-0.7708301064203099,0.27571316308893445,0.7053554902612768,1.0707196155489502,-0.529834528824912,130,0.3,1.644888784398839,3.8380738302639577,0.020913998397452678,2.5129771867915047,83.54615384615384,0.9908775770844737,25.971538040503557,0.407537478022928,0.8
perp,BTCUSDT,4h,A2_dual_MA,"{""fast"": 30, ""slow"": 50}",opt,0.000505,0.6675469016702027,1.119632785713717,-0.7708301064203099,0.18060278920576245,0.5729335985898103,0.8775322598264067,-0.6619153758805641,170,0.2647058823529412,1.4413073131230574,4.003631425341826,0.013549801228339072,3.016596206884135,64.18235294117648,0.9954387885422368,33.96278051450465,0.3749409196811821,0.8
perp,BTCUSDT,4h,A2_dual_MA,"{""fast"": 30, ""slow"": 50}",real,0.000705,0.6675469016702027,1.119632785713717,-0.7708301064203099,0.16455507318339424,0.550276321525367,0.8418304372951464,-0.6745286197546904,170,0.2647058823529412,1.4413073131230574,4.003631425341826,0.013549801228339068,3.016596206884135,64.18235294117648,0.9954387885422368,33.96278051450465,0.3749409196811821,0.8
perp,BTCUSDT,4h,A2_dual_MA,"{""fast"": 30, ""slow"": 50}",stress,0.000905,0.6675469016702027,1.119632785713717,-0.7708301064203099,0.14872542304576752,0.5276469868113923,0.8062488484887494,-0.6868538131637011,170,0.2647058823529412,1.4413073131230574,4.003631425341826,0.013549801228339068,3.016596206884135,64.18235294117648,0.9954387885422368,33.96278051450465,0.3749409196811821,0.8
perp,BTCUSDT,4h,A2_dual_MA,"{""fast"": 30, ""slow"": 75}",opt,0.000505,0.6675469016702027,1.119632785713717,-0.7708301064203099,0.46660308065075573,0.9480902101206741,1.472618212368131,-0.5041223211672177,122,0.3360655737704918,1.859262324638774,3.6731767877009927,0.02709366093801548,2.385409486423085,89.22950819672131,0.9931581828133552,24.373289545703337,0.39577304635986216,0.8
perp,BTCUSDT,4h,A2_dual_MA,"{""fast"": 30, ""slow"": 75}",real,0.000705,0.6675469016702027,1.119632785713717,-0.7708301064203099,0.45229843137589043,0.9310669466720848,1.4450389179841339,-0.5059574041798236,122,0.3360655737704918,1.859262324638774,3.6731767877009927,0.027093660938015473,2.3854094864230846,89.22950819672131,0.9931581828133552,24.373289545703337,0.3957730463598621,0.8
perp,BTCUSDT,4h,A2_dual_MA,"{""fast"": 30, ""slow"": 75}",stress,0.000905,0.6675469016702027,1.119632785713717,-0.7708301064203099,0.43813325235662526,0.9140468730169221,1.417499660768458,-0.5077857195300077,122,0.3360655737704918,1.859262324638774,3.6731767877009927,0.027093660938015476,2.385409486423085,89.22950819672131,0.9931581828133552,24.373289545703337,0.39577304635986216,0.8
perp,BTCUSDT,4h,A2_dual_MA,"{""fast"": 30, ""slow"": 100}",opt,0.000505,0.6675469016702027,1.119632785713717,-0.7708301064203099,0.3284582820372117,0.7751200392045086,1.1783583579438976,-0.590692463117029,114,0.2894736842105263,1.7167078782659209,4.213737519379988,0.024004126941645172,2.3345568624519557,95.2719298245614,0.9908775770844737,22.77504105090312,0.42619257538801164,0.8
perp,BTCUSDT,4h,A2_dual_MA,"{""fast"": 30, ""slow"": 100}",real,0.000705,0.6675469016702027,1.119632785713717,-0.7708301064203099,0.3163184994901822,0.7594017315878708,1.1535563917769858,-0.5972256839239091,114,0.2894736842105263,1.7167078782659209,4.213737519379988,0.02400412694164517,2.334556862451956,95.2719298245614,0.9908775770844737,22.77504105090312,0.42619257538801164,0.8
perp,BTCUSDT,4h,A2_dual_MA,"{""fast"": 30, ""slow"": 100}",stress,0.000905,0.6675469016702027,1.119632785713717,-0.7708301064203099,0.3042895960559928,0.743693096552531,1.1288008152510687,-0.6036546519937747,114,0.2894736842105263,1.7167078782659209,4.213737519379988,0.024004126941645165,2.334556862451957,95.2719298245614,0.9908775770844737,22.77504105090312,0.42619257538801164,0.8
perp,BTCUSDT,4h,A3_MA_slope,"{""ma"": 50}",opt,0.000505,0.6675469016702027,1.119632785713717,-0.7708301064203099,0.08606734618793221,0.4363123957920588,0.6725519386671486,-0.771866069766924,318,0.33647798742138363,1.2914073517429385,2.546607020726729,0.00643705767479457,4.238115719849991,34.295597484276726,0.9949826673964605,63.5303776683087,0.2898356721960629,0.4
perp,BTCUSDT,4h,A3_MA_slope,"{""ma"": 50}",real,0.000705,0.6675469016702027,1.119632785713717,-0.7708301064203099,0.058687843259881856,0.3949465351951538,0.6075723923360384,-0.7917629043011178,318,0.33647798742138363,1.2914073517429387,2.5466070207267295,0.006437057674794568,4.238115719849991,34.295597484276726,0.9949826673964605,63.5303776683087,0.2898356721960628,0.4
perp,BTCUSDT,4h,A3_MA_slope,"{""ma"": 50}",stress,0.000905,0.6675469016702027,1.119632785713717,-0.7708301064203099,0.031998495146628114,0.353653391278028,0.5429576471854897,-0.8099244769886128,318,0.33647798742138363,1.2914073517429385,2.546607020726729,0.006437057674794568,4.238115719849991,34.295597484276726,0.9949826673964605,63.5303776683087,0.2898356721960629,0.4
perp,BTCUSDT,4h,A3_MA_slope,"{""ma"": 75}",opt,0.000505,0.6675469016702027,1.119632785713717,-0.7708301064203099,0.19967739373343218,0.6004949100429724,0.9176824104646998,-0.6819314059573747,254,0.3228346456692913,1.4586896808570473,3.0596905500903917,0.01009092172990084,3.913686409450625,42.838582677165356,0.9927020616675789,50.74438970990695,0.36216071152821666,0.8
perp,BTCUSDT,4h,A3_MA_slope,"{""ma"": 75}",real,0.000705,0.6675469016702027,1.119632785713717,-0.7708301064203099,0.17545983924389574,0.5660886105935318,0.8638977453064444,-0.7064935189263838,254,0.3228346456692913,1.458689680857047,3.0596905500903913,0.01009092172990084,3.913686409450625,42.838582677165356,0.9927020616675789,50.74438970990695,0.36216071152821666,0.4
perp,BTCUSDT,4h,A3_MA_slope,"{""ma"": 75}",stress,0.000905,0.6675469016702027,1.119632785713717,-0.7708301064203099,0.15173108942563407,0.5317221485728901,0.8103117785516891,-0.7291589419160143,254,0.3228346456692913,1.4586896808570473,3.0596905500903917,0.010090921729900842,3.913686409450625,42.838582677165356,0.9927020616675789,50.74438970990695,0.36216071152821666,0.4
perp,BTCUSDT,4h,A3_MA_slope,"{""ma"": 100}",opt,0.000505,0.6675469016702027,1.119632785713717,-0.7708301064203099,0.12970034810421383,0.49836376948360056,0.7613999359903213,-0.8368931948795275,264,0.3068181818181818,1.3862733987544653,3.1319510120008287,0.008434702902518135,3.440390171676953,41.121212121212125,0.9904214559386973,52.74220032840722,0.3431416185750141,0.6
perp,BTCUSDT,4h,A3_MA_slope,"{""ma"": 100}",real,0.000705,0.6675469016702027,1.119632785713717,-0.7708301064203099,0.10599503166505109,0.46245128630936394,0.705341450653274,-0.8463936079447254,264,0.3068181818181818,1.3862733987544655,3.131951012000829,0.008434702902518134,3.440390171676954,41.121212121212125,0.9904214559386973,52.74220032840722,0.343141618575014,0.6
perp,BTCUSDT,4h,A3_MA_slope,"{""ma"": 100}",stress,0.000905,0.6675469016702027,1.119632785713717,-0.7708301064203099,0.08278706745046915,0.4265950601532458,0.6495468362167081,-0.8553406904152691,264,0.3068181818181818,1.3862733987544655,3.131951012000829,0.008434702902518135,3.440390171676954,41.121212121212125,0.9904214559386973,52.74220032840722,0.343141618575014,0.4
perp,BTCUSDT,4h,A3_MA_slope,"{""ma"": 150}",opt,0.000505,0.6675469016702027,1.119632785713717,-0.7708301064203099,0.48823398507833415,0.9567635205744466,1.4598649316907033,-0.56969309207733,148,0.3716216216216216,2.0454709814442937,3.4587054777148962,0.026675338734332074,6.347143721519663,73.01351351351352,0.9858602444809341,29.567597153804048,0.49264668236003123,0.8
perp,BTCUSDT,4h,A3_MA_slope,"{""ma"": 150}",real,0.000705,0.6675469016702027,1.119632785713717,-0.7708301064203099,0.47065023930240457,0.9369933376925857,1.4281794262407221,-0.5731832326603326,148,0.3716216216216216,2.045470981444294,3.458705477714897,0.026675338734332078,6.347143721519663,73.01351351351352,0.9858602444809341,29.567597153804048,0.4926466823600312,0.8
perp,BTCUSDT,4h,A3_MA_slope,"{""ma"": 150}",stress,0.000905,0.6675469016702027,1.119632785713717,-0.7708301064203099,0.4532741837872911,0.9172414322969118,1.3965817167625405,-0.5766450937612216,148,0.3716216216216216,2.0454709814442937,3.4587054777148962,0.02667533873433207,6.347143721519663,73.01351351351352,0.9858602444809341,29.567597153804048,0.49264668236003123,0.8
perp,BTCUSDT,4h,A3_MA_slope,"{""ma"": 200}",opt,0.000505,0.6675469016702027,1.119632785713717,-0.7708301064203099,0.959469392360095,1.4526423325868818,2.4030888883559376,-0.414425762464529,136,0.29411764705882354,3.773133562730646,9.05552055055355,0.04973913862270076,9.812780767759048,79.08823529411765,0.981299033023171,27.17022441160372,0.6555021748219872,1.0
perp,BTCUSDT,4h,A3_MA_slope,"{""ma"": 200}",real,0.000705,0.6675469016702027,1.119632785713717,-0.7708301064203099,0.9382989879446757,1.4333757274909984,2.368965784326977,-0.41751138091367346,136,0.29411764705882354,3.773133562730646,9.05552055055355,0.04973913862270076,9.812780767759048,79.08823529411765,0.981299033023171,27.17022441160372,0.6555021748219872,1.0
perp,BTCUSDT,4h,A3_MA_slope,"{""ma"": 200}",stress,0.000905,0.6675469016702027,1.119632785713717,-0.7708301064203099,0.9173572874731599,1.4141118863712023,2.3348831457814003,-0.4205807614700944,136,0.29411764705882354,3.773133562730646,9.05552055055355,0.04973913862270076,9.812780767759048,79.08823529411765,0.981299033023171,27.17022441160372,0.6555021748219874,0.8
perp,BTCUSDT,4h,A3_MA_slope,"{""ma"": 250}",opt,0.000505,0.6675469016702027,1.119632785713717,-0.7708301064203099,0.5946840015506347,1.0860977904480484,1.7244971348184877,-0.47946959509796483,91,0.43956043956043955,3.0788836847110606,3.8486046058888252,0.06168897500297108,8.161181465943422,117.64835164835165,0.9767378215654078,18.180076628352488,0.7112418199999055,0.8
perp,BTCUSDT,4h,A3_MA_slope,"{""ma"": 250}",real,0.000705,0.6675469016702027,1.119632785713717,-0.7708301064203099,0.5830826665939031,1.0734678792540449,1.7033367946001743,-0.48302042214668117,91,0.43956043956043955,3.0788836847110606,3.8486046058888252,0.06168897500297108,8.161181465943422,117.64835164835165,0.9767378215654078,18.180076628352488,0.7112418199999055,0.8
perp,BTCUSDT,4h,A3_MA_slope,"{""ma"": 250}",stress,0.000905,0.6675469016702027,1.119632785713717,-0.7708301064203099,0.5715656899157282,1.0608389107863518,1.6821978803300073,-0.4890381902637402,91,0.43956043956043955,3.0788836847110606,3.8486046058888252,0.06168897500297108,8.161181465943422,117.64835164835165,0.9767378215654078,18.180076628352488,0.7112418199999055,0.8
perp,BTCUSDT,4h,A4_MA_distance_capped,"{""cap_atr"": 4, ""slow"": 150}",opt,0.000505,0.6675469016702027,1.119632785713717,-0.7708301064203099,-0.011757687832128494,0.1934668828105604,0.2728072606920694,-0.7056822024131861,655,0.42290076335877863,1.1380435756373561,1.5529980923859952,0.0017141894357733593,0.35563280384925794,9.697709923664123,0.5795475278233899,130.85659551176792,0.07723259341220304,0.2
perp,BTCUSDT,4h,A4_MA_distance_capped,"{""cap_atr"": 4, ""slow"": 150}",real,0.000705,0.6675469016702027,1.119632785713717,-0.7708301064203099,-0.06217703029418453,0.07502839031428868,0.10509317460646239,-0.722696714881499,655,0.42290076335877863,1.1380435756373561,1.5529980923859952,0.0017141894357733593,0.35563280384925805,9.697709923664123,0.5795475278233899,130.85659551176792,0.07723259341220304,0.2
perp,BTCUSDT,4h,A4_MA_distance_capped,"{""cap_atr"": 4, ""slow"": 150}",stress,0.000905,0.6675469016702027,1.119632785713717,-0.7708301064203099,-0.11002405241739632,-0.04282240861020036,-0.05958531861453181,-0.7387276622718344,655,0.42290076335877863,1.1380435756373561,1.5529980923859952,0.0017141894357733593,0.3556328038492579,9.697709923664123,0.5795475278233899,130.85659551176792,0.07723259341220304,0.2
perp,BTCUSDT,4h,A4_MA_distance_capped,"{""cap_atr"": 4, ""slow"": 200}",opt,0.000505,0.6675469016702027,1.119632785713717,-0.7708301064203099,0.11463935740468734,0.471159238950552,0.6620817327836446,-0.6816606566838217,597,0.47068676716917923,1.2337763465085039,1.3874495569277125,0.0027373069417903377,0.609579193282376,8.847571189279732,0.4819376026272578,119.26929392446634,0.09622065429088553,0.8
perp,BTCUSDT,4h,A4_MA_distance_capped,"{""cap_atr"": 4, ""slow"": 200}",real,0.000705,0.6675469016702027,1.119632785713717,-0.7708301064203099,0.06269452062938452,0.3603482670522582,0.5031738639901246,-0.7012557269453745,597,0.47068676716917923,1.2337763465085039,1.3874495569277125,0.002737306941790337,0.609579193282376,8.847571189279732,0.4819376026272578,119.26929392446634,0.09622065429088553,0.6
perp,BTCUSDT,4h,A4_MA_distance_capped,"{""cap_atr"": 4, ""slow"": 200}",stress,0.000905,0.6675469016702027,1.119632785713717,-0.7708301064203099,0.013170401746204874,0.25007627893137785,0.3470121707939148,-0.7196446892291835,597,0.47068676716917923,1.2337763465085037,1.3874495569277123,0.002737306941790338,0.609579193282376,8.847571189279732,0.4819376026272578,119.26929392446634,0.09622065429088551,0.4
perp,BTCUSDT,4h,A4_MA_distance_capped,"{""cap_atr"": 4, ""slow"": 250}",opt,0.000505,0.6675469016702027,1.119632785713717,-0.7708301064203099,0.1894568165111079,0.6832809415785288,0.9844241990614139,-0.36461899260786645,467,0.5246252676659529,1.3423125363248565,1.216299522710686,0.0036017321256447627,0.7526072873150916,9.603854389721628,0.4092318919905127,93.29775588396278,0.119623636824731,0.6
perp,BTCUSDT,4h,A4_MA_distance_capped,"{""cap_atr"": 4, ""slow"": 250}",real,0.000705,0.6675469016702027,1.119632785713717,-0.7708301064203099,0.1459028510496283,0.5724551577575615,0.8187370283215796,-0.4005331530557795,467,0.5246252676659529,1.3423125363248563,1.216299522710686,0.0036017321256447627,0.7526072873150914,9.603854389721628,0.4092318919905127,93.29775588396278,0.11962363682473101,0.6
perp,BTCUSDT,4h,A4_MA_distance_capped,"{""cap_atr"": 4, ""slow"": 250}",stress,0.000905,0.6675469016702027,1.119632785713717,-0.7708301064203099,0.10394367094906487,0.46202850667779805,0.6560327748131616,-0.4345413634909149,467,0.5246252676659529,1.3423125363248563,1.216299522710686,0.0036017321256447627,0.7526072873150912,9.603854389721628,0.4092318919905127,93.29775588396278,0.11962363682473101,0.6
perp,BTCUSDT,4h,B1_supertrend_flip,"{""mult"": 2.0, ""n"": 10}",opt,0.000505,0.6675469016702027,1.119632785713717,-0.7708301064203099,0.18975348304750317,0.5849308246874152,0.9159602834143104,-0.5989862268932287,406,0.3866995073891626,1.2697500514317086,2.013807406410799,0.005745743677036474,2.1471183388624513,26.972906403940886,0.9990877577084474,81.11111111111111,0.15598245427556046,0.6
perp,BTCUSDT,4h,B1_supertrend_flip,"{""mult"": 2.0, ""n"": 10}",real,0.000705,0.6675469016702027,1.119632785713717,-0.7708301064203099,0.15163741590431679,0.531244793523321,0.8288460515362626,-0.6142773825526042,406,0.3866995073891626,1.2697500514317086,2.013807406410799,0.005745743677036473,2.147118338862451,26.972906403940886,0.9990877577084474,81.11111111111111,0.15598245427556046,0.6
perp,BTCUSDT,4h,B1_supertrend_flip,"{""mult"": 2.0, ""n"": 10}",stress,0.000905,0.6675469016702027,1.119632785713717,-0.7708301064203099,0.11474238325122998,0.47780549519134996,0.7427517164229799,-0.6289854962906788,406,0.3866995073891626,1.2697500514317086,2.013807406410799,0.005745743677036474,2.1471183388624513,26.972906403940886,0.9990877577084474,81.11111111111111,0.15598245427556046,0.6
perp,BTCUSDT,4h,B1_supertrend_flip,"{""mult"": 2.5, ""n"": 10}",opt,0.000505,0.6675469016702027,1.119632785713717,-0.7708301064203099,0.16487990973125544,0.5491433705228436,0.8603275190080806,-0.7479155294462596,309,0.3656957928802589,1.2911730483411128,2.239556791812904,0.007054500391258248,2.6531571901863753,35.44012944983819,0.9990877577084474,61.73234811165845,0.21269547536071762,0.6
perp,BTCUSDT,4h,B1_supertrend_flip,"{""mult"": 2.5, ""n"": 10}",real,0.000705,0.6675469016702027,1.119632785713717,-0.7708301064203099,0.13632808046105827,0.5077074391368426,0.7930874256114957,-0.7536005865348235,309,0.3656957928802589,1.2911730483411128,2.2395567918129036,0.007054500391258249,2.6531571901863753,35.44012944983819,0.9990877577084474,61.73234811165845,0.21269547536071762,0.6
perp,BTCUSDT,4h,B1_supertrend_flip,"{""mult"": 2.5, ""n"": 10}",stress,0.000905,0.6675469016702027,1.119632785713717,-0.7708301064203099,0.10847598419049986,0.4664193092299031,0.7264673329096988,-0.7591574839640693,309,0.3656957928802589,1.2911730483411128,2.239556791812904,0.007054500391258248,2.653157190186376,35.44012944983819,0.9990877577084474,61.73234811165845,0.21269547536071762,0.6
perp,BTCUSDT,4h,B1_supertrend_flip,"{""mult"": 3.0, ""n"": 10}",opt,0.000505,0.6675469016702027,1.119632785713717,-0.7708301064203099,0.27247969836443975,0.6963503605638709,1.0981534228892293,-0.6067618521210445,241,0.35684647302904565,1.4325109399163463,2.581851112639926,0.011597669208324704,3.3429538101405503,45.439834024896264,0.9990877577084474,48.1472359058566,0.3032886466487044,1.0
perp,BTCUSDT,4h,B1_supertrend_flip,"{""mult"": 3.0, ""n"": 10}",real,0.000705,0.6675469016702027,1.119632785713717,-0.7708301064203099,0.24808224932045442,0.6641571991138836,1.0448102884250203,-0.6083500996924822,241,0.35684647302904565,1.4325109399163463,2.581851112639926,0.0115976692083247,3.34295381014055,45.439834024896264,0.9990877577084474,48.1472359058566,0.3032886466487044,1.0
perp,BTCUSDT,4h,B1_supertrend_flip,"{""mult"": 3.0, ""n"": 10}",stress,0.000905,0.6675469016702027,1.119632785713717,-0.7708301064203099,0.2241524953241385,0.6320613352580305,0.9918762236546176,-0.6099319468643052,241,0.35684647302904565,1.4325109399163463,2.581851112639926,0.011597669208324703,3.3429538101405507,45.439834024896264,0.9990877577084474,48.1472359058566,0.3032886466487044,1.0
perp,BTCUSDT,4h,B1_supertrend_flip,"{""mult"": 2.0, ""n"": 14}",opt,0.000505,0.6675469016702027,1.119632785713717,-0.7708301064203099,0.2015004820730406,0.6010744657466874,0.9426947681441714,-0.6237357895628461,406,0.3768472906403941,1.2777148116784147,2.112822531729666,0.005886309578920005,2.2122949007110484,26.963054187192117,0.9987228607918263,81.11111111111111,0.1558891683372621,0.6
perp,BTCUSDT,4h,B1_supertrend_flip,"{""mult"": 2.0, ""n"": 14}",real,0.000705,0.6675469016702027,1.119632785713717,-0.7708301064203099,0.1630116574493583,0.5476075674845738,0.8557262145008485,-0.6433932505204641,406,0.3768472906403941,1.2777148116784147,2.112822531729666,0.005886309578920007,2.2122949007110484,26.963054187192117,0.9987228607918263,81.11111111111111,0.1558891683372621,0.6
perp,BTCUSDT,4h,B1_supertrend_flip,"{""mult"": 2.0, ""n"": 14}",stress,0.000905,0.6675469016702027,1.119632785713717,-0.7708301064203099,0.1257556957688808,0.4943815981434937,0.7697618211894234,-0.6620237615695999,406,0.3768472906403941,1.2777148116784147,2.112822531729666,0.005886309578920005,2.2122949007110493,26.963054187192117,0.9987228607918263,81.11111111111111,0.15588916833726207,0.6
perp,BTCUSDT,4h,B1_supertrend_flip,"{""mult"": 2.5, ""n"": 14}",opt,0.000505,0.6675469016702027,1.119632785713717,-0.7708301064203099,0.07644783316366421,0.42266123206740525,0.6578116292515862,-0.7438175467201789,313,0.3610223642172524,1.2353104183562447,2.1863901209845036,0.005970342244499249,2.6833836199578114,34.97444089456869,0.9987228607918263,62.53147235905856,0.22700798086949694,0.6
perp,BTCUSDT,4h,B1_supertrend_flip,"{""mult"": 2.5, ""n"": 14}",real,0.000705,0.6675469016702027,1.119632785713717,-0.7708301064203099,0.04971100281719876,0.382249875784976,0.5932043869159693,-0.7469243646690531,313,0.3610223642172524,1.2353104183562447,2.1863901209845036,0.005970342244499252,2.683383619957812,34.97444089456869,0.9987228607918263,62.53147235905856,0.227007980869497,0.6
perp,BTCUSDT,4h,B1_supertrend_flip,"{""mult"": 2.5, ""n"": 14}",stress,0.000905,0.6675469016702027,1.119632785713717,-0.7708301064203099,0.023638174190294237,0.34198184533320547,0.5291884697973195,-0.7503541414403407,313,0.3610223642172524,1.2353104183562447,2.1863901209845036,0.005970342244499252,2.6833836199578114,34.97444089456869,0.9987228607918263,62.53147235905856,0.22700798086949694,0.6
perp,BTCUSDT,4h,B1_supertrend_flip,"{""mult"": 3.0, ""n"": 14}",opt,0.000505,0.6675469016702027,1.119632785713717,-0.7708301064203099,0.2053905053522982,0.6066943641829741,0.9463265856317805,-0.6956206614925969,239,0.38493723849372385,1.3615999083411627,2.1755998535451186,0.009761665013999762,2.3651307158868846,45.80334728033473,0.9987228607918263,47.74767378215654,0.25821264576703123,0.8
perp,BTCUSDT,4h,B1_supertrend_flip,"{""mult"": 3.0, ""n"": 14}",real,0.000705,0.6675469016702027,1.119632785713717,-0.7708301064203099,0.18245330147931438,0.5749397299111064,0.8946488574828219,-0.7003261031575716,239,0.38493723849372385,1.3615999083411627,2.1755998535451186,0.009761665013999764,2.3651307158868846,45.80334728033473,0.9987228607918263,47.74767378215654,0.25821264576703123,0.8
perp,BTCUSDT,4h,B1_supertrend_flip,"{""mult"": 3.0, ""n"": 14}",stress,0.000905,0.6675469016702027,1.119632785713717,-0.7708301064203099,0.1599524825678531,0.5432826935506141,0.8433654423535346,-0.7049588605303903,239,0.38493723849372385,1.3615999083411627,2.1755998535451186,0.009761665013999762,2.3651307158868846,45.80334728033473,0.9987228607918263,47.74767378215654,0.25821264576703123,0.8
perp,BTCUSDT,4h,B1_supertrend_flip,"{""mult"": 2.0, ""n"": 20}",opt,0.000505,0.6675469016702027,1.119632785713717,-0.7708301064203099,0.11838704428623181,0.4862537332129964,0.7477263863690184,-0.6034981646150923,410,0.3829268292682927,1.2270035825185213,1.977273289026662,0.00493512051972426,1.8544348651997675,26.685365853658535,0.9981755154168948,81.91023535851122,0.14879317463706548,0.4
perp,BTCUSDT,4h,B1_supertrend_flip,"{""mult"": 2.0, ""n"": 20}",real,0.000705,0.6675469016702027,1.119632785713717,-0.7708301064203099,0.08219600499990731,0.4332579442930593,0.6639529759327022,-0.6084623774449551,410,0.3829268292682927,1.2270035825185215,1.9772732890266624,0.0049351205197242605,1.8544348651997675,26.685365853658535,0.9981755154168948,81.91023535851122,0.14879317463706548,0.4
perp,BTCUSDT,4h,B1_supertrend_flip,"{""mult"": 2.0, ""n"": 20}",stress,0.000905,0.6675469016702027,1.119632785713717,-0.7708301064203099,0.04717601809291061,0.3805005633805272,0.5811159194370462,-0.6361113511468266,410,0.3829268292682927,1.2270035825185213,1.977273289026662,0.00493512051972426,1.8544348651997675,26.685365853658535,0.9981755154168948,81.91023535851122,0.14879317463706548,0.4
perp,BTCUSDT,4h,B1_supertrend_flip,"{""mult"": 2.5, ""n"": 20}",opt,0.000505,0.6675469016702027,1.119632785713717,-0.7708301064203099,0.11118889992893699,0.47486783532027654,0.7421218427240064,-0.7765874956279332,311,0.35691318327974275,1.2606291865626915,2.2714039397525974,0.006575902797424035,2.6659344840308106,35.18006430868167,0.9981755154168948,62.13191023535851,0.2222339185453788,0.6
perp,BTCUSDT,4h,B1_supertrend_flip,"{""mult"": 2.5, ""n"": 20}",real,0.000705,0.6675469016702027,1.119632785713717,-0.7708301064203099,0.083771891309397,0.43486335816794686,0.6776805400067792,-0.7858993399811978,311,0.35691318327974275,1.2606291865626915,2.2714039397525974,0.006575902797424034,2.6659344840308097,35.18006430868167,0.9981755154168948,62.13191023535851,0.2222339185453788,0.6
perp,BTCUSDT,4h,B1_supertrend_flip,"{""mult"": 2.5, ""n"": 20}",stress,0.000905,0.6675469016702027,1.119632785713717,-0.7708301064203099,0.057031272060556804,0.39500082998768804,0.6138211473822411,-0.7948230942500444,311,0.35691318327974275,1.2606291865626917,2.271403939752598,0.006575902797424035,2.66593448403081,35.18006430868167,0.9981755154168948,62.13191023535851,0.22223391854537874,0.6
perp,BTCUSDT,4h,B1_supertrend_flip,"{""mult"": 3.0, ""n"": 20}",opt,0.000505,0.6675469016702027,1.119632785713717,-0.7708301064203099,0.023124438179640938,0.3377839303229466,0.5196328777500128,-0.802593353986335,245,0.3836734693877551,1.2198650669853115,1.95957047994449,0.0065233039440752,2.401497325938822,44.65714285714286,0.9981755154168948,48.946360153256705,0.2646542552230084,0.6
perp,BTCUSDT,4h,B1_supertrend_flip,"{""mult"": 3.0, ""n"": 20}",real,0.000705,0.6675469016702027,1.119632785713717,-0.7708301064203099,0.003138513357002104,0.30592557638034834,0.469503868870535,-0.8089395935399623,245,0.3836734693877551,1.2198650669853115,1.95957047994449,0.006523303944075202,2.4014973259388226,44.65714285714286,0.9981755154168948,48.946360153256705,0.26465425522300834,0.6
perp,BTCUSDT,4h,B1_supertrend_flip,"{""mult"": 3.0, ""n"": 20}",stress,0.000905,0.6675469016702027,1.119632785713717,-0.7708301064203099,-0.01645708920753064,0.27416835851013244,0.4197661436585093,-0.8150818768102753,245,0.3836734693877551,1.2198650669853115,1.95957047994449,0.006523303944075202,2.401497325938822,44.65714285714286,0.9981755154168948,48.946360153256705,0.2646542552230084,0.6
perp,BTCUSDT,4h,B3_supertrend_HTF,"{""mult"": 2.0, ""n"": 10}",opt,0.000505,0.6675469016702027,1.119632785713717,-0.7708301064203099,0.31105687077319977,0.8525476645907748,1.4014178464020395,-0.6043125893296406,199,0.40703517587939697,1.556333487890469,2.2672512539638934,0.011019238798930218,1.9618522317264828,27.492462311557787,0.49917898193760263,39.75643130815544,0.23810463727005007,0.8
perp,BTCUSDT,4h,B3_supertrend_HTF,"{""mult"": 2.0, ""n"": 10}",real,0.000705,0.6675469016702027,1.119632785713717,-0.7708301064203099,0.2903208204286505,0.8140653139299092,1.334235138384085,-0.6114639373132826,199,0.40703517587939697,1.556333487890469,2.2672512539638934,0.011019238798930218,1.9618522317264828,27.492462311557787,0.49917898193760263,39.75643130815544,0.23810463727005007,0.8
perp,BTCUSDT,4h,B3_supertrend_HTF,"{""mult"": 2.0, ""n"": 10}",stress,0.000905,0.6675469016702027,1.119632785713717,-0.7708301064203099,0.2699126994766794,0.7756737548196778,1.2675933770514685,-0.6184860818727939,199,0.40703517587939697,1.556333487890469,2.2672512539638934,0.011019238798930218,1.9618522317264826,27.492462311557787,0.49917898193760263,39.75643130815544,0.23810463727005007,0.8
perp,BTCUSDT,4h,B3_supertrend_HTF,"{""mult"": 2.5, ""n"": 10}",opt,0.000505,0.6675469016702027,1.119632785713717,-0.7708301064203099,0.2844690092247766,0.8071130163040492,1.2979688941186482,-0.6334444773672376,156,0.3717948717948718,1.6162549758352152,2.7309135798595014,0.013575963264035295,2.790516187489114,35.48717948717949,0.5050173326035395,31.165845648604268,0.32452023467183577,0.8
perp,BTCUSDT,4h,B3_supertrend_HTF,"{""mult"": 2.5, ""n"": 10}",real,0.000705,0.6675469016702027,1.119632785713717,-0.7708301064203099,0.2684811887165497,0.7767503335520506,1.2463958305104856,-0.6383526917140194,156,0.3717948717948718,1.6162549758352152,2.7309135798595014,0.013575963264035295,2.7905161874891142,35.48717948717949,0.5050173326035395,31.165845648604268,0.32452023467183577,0.8
perp,BTCUSDT,4h,B3_supertrend_HTF,"{""mult"": 2.5, ""n"": 10}",stress,0.000905,0.6675469016702027,1.119632785713717,-0.7708301064203099,0.25269232317882473,0.746434914322591,1.1951221450467793,-0.6431952307423339,156,0.3717948717948718,1.6162549758352154,2.730913579859502,0.013575963264035295,2.790516187489114,35.48717948717949,0.5050173326035395,31.165845648604268,0.32452023467183577,0.8
perp,BTCUSDT,4h,B3_supertrend_HTF,"{""mult"": 3.0, ""n"": 10}",opt,0.000505,0.6675469016702027,1.119632785713717,-0.7708301064203099,0.40478896906738115,1.006325140094664,1.6603951495695677,-0.6204945897991169,122,0.3360655737704918,1.918394377363718,3.7899986479624665,0.023266381343958847,3.2599819965109686,46.040983606557376,0.5124064951651158,24.373289545703337,0.4599171838556294,0.8
perp,BTCUSDT,4h,B3_supertrend_HTF,"{""mult"": 3.0, ""n"": 10}",real,0.000705,0.6675469016702027,1.119632785713717,-0.7708301064203099,0.3911005635532552,0.9830120615361658,1.6190535903166305,-0.6234628257721795,122,0.3360655737704918,1.9183943773637175,3.7899986479624665,0.023266381343958847,3.259981996510968,46.040983606557376,0.5124064951651158,24.373289545703337,0.45991718385562963,0.8
perp,BTCUSDT,4h,B3_supertrend_HTF,"{""mult"": 3.0, ""n"": 10}",stress,0.000905,0.6675469016702027,1.119632785713717,-0.7708301064203099,0.377545499149162,0.9597270865263322,1.577900679203319,-0.6264078901079951,122,0.3360655737704918,1.9183943773637175,3.7899986479624665,0.023266381343958847,3.2599819965109686,46.040983606557376,0.5124064951651158,24.373289545703337,0.4599171838556295,0.8
perp,BTCUSDT,4h,B3_supertrend_HTF,"{""mult"": 2.0, ""n"": 14}",opt,0.000505,0.6675469016702027,1.119632785713717,-0.7708301064203099,0.33005200752086106,0.8886640460537001,1.463851439367297,-0.6026076312649062,199,0.3969849246231156,1.575922946901313,2.3938070079513616,0.01143954555232469,1.9570065812093917,27.814070351758794,0.5050173326035395,39.75643130815544,0.23448093635307635,0.8
perp,BTCUSDT,4h,B3_supertrend_HTF,"{""mult"": 2.0, ""n"": 14}",real,0.000705,0.6675469016702027,1.119632785713717,-0.7708301064203099,0.309019784995356,0.8500144514618652,1.396173472720428,-0.6097778019568096,199,0.3969849246231156,1.5759229469013134,2.3938070079513625,0.01143954555232469,1.9570065812093917,27.814070351758794,0.5050173326035395,39.75643130815544,0.23448093635307635,0.8
perp,BTCUSDT,4h,B3_supertrend_HTF,"{""mult"": 2.0, ""n"": 14}",stress,0.000905,0.6675469016702027,1.119632785713717,-0.7708301064203099,0.2883201097902175,0.8114515004157623,1.3290229534548965,-0.6168186401782929,199,0.3969849246231156,1.5759229469013134,2.3938070079513625,0.01143954555232469,1.9570065812093917,27.814070351758794,0.5050173326035395,39.75643130815544,0.23448093635307635,0.8
perp,BTCUSDT,4h,B3_supertrend_HTF,"{""mult"": 2.5, ""n"": 14}",opt,0.000505,0.6675469016702027,1.119632785713717,-0.7708301064203099,0.25525205828343456,0.7404334685173435,1.1960506900455259,-0.7014885336269947,157,0.35668789808917195,1.560281828226991,2.8140797259093944,0.013329929960935367,2.7391118735783113,35.35668789808917,0.5063856960408685,31.365626710454297,0.34155225878022294,0.8
perp,BTCUSDT,4h,B3_supertrend_HTF,"{""mult"": 2.5, ""n"": 14}",real,0.000705,0.6675469016702027,1.119632785713717,-0.7708301064203099,0.23951816623625,0.7109118461420356,1.1457597635188916,-0.7043204133051071,157,0.35668789808917195,1.560281828226991,2.8140797259093944,0.013329929960935369,2.739111873578312,35.35668789808917,0.5063856960408685,31.365626710454297,0.34155225878022305,0.8
perp,BTCUSDT,4h,B3_supertrend_HTF,"{""mult"": 2.5, ""n"": 14}",stress,0.000905,0.6675469016702027,1.119632785713717,-0.7708301064203099,0.22398143886665967,0.6814397594020336,1.0957747521833285,-0.7071254735658004,157,0.35668789808917195,1.560281828226991,2.8140797259093944,0.013329929960935369,2.739111873578312,35.35668789808917,0.5063856960408685,31.365626710454297,0.34155225878022305,0.8
perp,BTCUSDT,4h,B3_supertrend_HTF,"{""mult"": 3.0, ""n"": 14}",opt,0.000505,0.6675469016702027,1.119632785713717,-0.7708301064203099,0.363758629484106,0.9359162851681596,1.5193057010267101,-0.6761225971701192,122,0.36885245901639346,1.8341503039696672,3.138434964570319,0.020463802376030953,2.357881484389313,46.24590163934426,0.5146871008939975,24.373289545703337,0.3867727852883548,0.8
perp,BTCUSDT,4h,B3_supertrend_HTF,"{""mult"": 3.0, ""n"": 14}",real,0.000705,0.6675469016702027,1.119632785713717,-0.7708301064203099,0.35046549295651364,0.9127172276821798,1.479076696225864,-0.6788064352407295,122,0.36885245901639346,1.8341503039696672,3.138434964570319,0.020463802376030953,2.3578814843893126,46.24590163934426,0.5146871008939975,24.373289545703337,0.3867727852883548,0.8
perp,BTCUSDT,4h,B3_supertrend_HTF,"{""mult"": 3.0, ""n"": 14}",stress,0.000905,0.6675469016702027,1.119632785713717,-0.7708301064203099,0.33730188844588205,0.889545333561164,1.4390281108132998,-0.6814680811017053,122,0.36885245901639346,1.8341503039696672,3.138434964570319,0.020463802376030953,2.357881484389313,46.24590163934426,0.5146871008939975,24.373289545703337,0.3867727852883548,0.8
perp,BTCUSDT,4h,B3_supertrend_HTF,"{""mult"": 2.0, ""n"": 20}",opt,0.000505,0.6675469016702027,1.119632785713717,-0.7708301064203099,0.3679527542101657,0.9472686575058282,1.5592205795389733,-0.6104414763209111,199,0.4221105527638191,1.629025325476875,2.2302132432123885,0.011797216240671936,1.716875146952953,27.57286432160804,0.5006385696040868,39.75643130815544,0.21928894572334492,0.8
perp,BTCUSDT,4h,B3_supertrend_HTF,"{""mult"": 2.0, ""n"": 20}",real,0.000705,0.6675469016702027,1.119632785713717,-0.7708301064203099,0.3463353757184764,0.9092083998356846,1.4923177905188318,-0.6165494757238765,199,0.4221105527638191,1.6290253254768752,2.2302132432123885,0.011797216240671936,1.7168751469529535,27.57286432160804,0.5006385696040868,39.75643130815544,0.21928894572334498,0.8
perp,BTCUSDT,4h,B3_supertrend_HTF,"{""mult"": 2.0, ""n"": 20}",stress,0.000905,0.6675469016702027,1.119632785713717,-0.7708301064203099,0.3250595792165194,0.8712309033929924,1.4259297338572479,-0.6225617415537434,199,0.4221105527638191,1.629025325476875,2.2302132432123885,0.011797216240671938,1.716875146952954,27.57286432160804,0.5006385696040868,39.75643130815544,0.21928894572334498,0.8
perp,BTCUSDT,4h,B3_supertrend_HTF,"{""mult"": 2.5, ""n"": 20}",opt,0.000505,0.6675469016702027,1.119632785713717,-0.7708301064203099,0.28204464105710203,0.7891139709266819,1.2824821625461313,-0.6891369513494637,156,0.358974358974359,1.5988803757303223,2.855143528089861,0.014259331388892266,2.7587734175593766,35.97435897435897,0.5119503740193395,31.165845648604268,0.3492832553051574,0.8
perp,BTCUSDT,4h,B3_supertrend_HTF,"{""mult"": 2.5, ""n"": 20}",real,0.000705,0.6675469016702027,1.119632785713717,-0.7708301064203099,0.2660796539634924,0.759747490179632,1.2320469870579736,-0.693190772501815,156,0.358974358974359,1.5988803757303225,2.8551435280898616,0.014259331388892266,2.7587734175593766,35.97435897435897,0.5119503740193395,31.165845648604268,0.34928325530515736,0.8
perp,BTCUSDT,4h,B3_supertrend_HTF,"{""mult"": 2.5, ""n"": 20}",stress,0.000905,0.6675469016702027,1.119632785713717,-0.7708301064203099,0.2503134247801049,0.7304320748373505,1.1819125303473557,-0.6971917760210413,156,0.358974358974359,1.5988803757303225,2.8551435280898616,0.01425933138889227,2.7587734175593766,35.97435897435897,0.5119503740193395,31.165845648604268,0.34928325530515736,0.8
perp,BTCUSDT,4h,B3_supertrend_HTF,"{""mult"": 3.0, ""n"": 20}",opt,0.000505,0.6675469016702027,1.119632785713717,-0.7708301064203099,0.3104059878181149,0.8423932627493843,1.3608274765644817,-0.6710278026234902,124,0.3548387096774194,1.7165962123174967,3.1210840223954492,0.018815988948479426,2.4408042732551922,45.79838709677419,0.5180623973727422,24.772851669403394,0.4054394667603298,0.8
perp,BTCUSDT,4h,B3_supertrend_HTF,"{""mult"": 3.0, ""n"": 20}",real,0.000705,0.6675469016702027,1.119632785713717,-0.7708301064203099,0.2974190373598129,0.8188730442078834,1.32047976164091,-0.6737508965141374,124,0.3548387096774194,1.7165962123174963,3.121084022395448,0.018815988948479426,2.4408042732551927,45.79838709677419,0.5180623973727422,24.772851669403394,0.40543946676032994,0.8
perp,BTCUSDT,4h,B3_supertrend_HTF,"{""mult"": 3.0, ""n"": 20}",stress,0.000905,0.6675469016702027,1.119632785713717,-0.7708301064203099,0.28456075356929245,0.7953828767631604,1.2803218087448802,-0.6764514959339671,124,0.3548387096774194,1.7165962123174965,3.1210840223954484,0.018815988948479426,2.440804273255192,45.79838709677419,0.5180623973727422,24.772851669403394,0.40543946676032977,0.8
perp,BTCUSDT,4h,C1_donchian_channel,"{""n"": 20}",opt,0.000505,0.6675469016702027,1.119632785713717,-0.7708301064203099,0.49028980346268103,0.9976957320497039,1.6649041661228934,-0.6363417060804566,270,0.4111111111111111,1.603146803640878,2.296399475485582,0.011806187067356685,2.6437939314740584,30.05925925925926,0.7403758438241197,53.94088669950739,0.23993364967129888,0.8
perp,BTCUSDT,4h,C1_donchian_channel,"{""n"": 20}",real,0.000705,0.6675469016702027,1.119632785713717,-0.7708301064203099,0.45844340207781054,0.9575815771441198,1.5935283965721025,-0.6485932396726175,270,0.4111111111111111,1.6031468036408782,2.2963994754855825,0.011806187067356685,2.643793931474059,30.05925925925926,0.7403758438241197,53.94088669950739,0.2399336496712989,0.8
perp,BTCUSDT,4h,C1_donchian_channel,"{""n"": 20}",stress,0.000905,0.6675469016702027,1.119632785713717,-0.7708301064203099,0.4272774911867243,0.9175582737294455,1.5226878703082158,-0.6604320752025754,270,0.4111111111111111,1.6031468036408782,2.2963994754855825,0.011806187067356685,2.643793931474059,30.05925925925926,0.7403758438241197,53.94088669950739,0.2399336496712989,0.8
perp,BTCUSDT,4h,C6_donchian_ATR_trail,"{""n"": 20, ""trail"": 2.0}",opt,0.000505,0.6675469016702027,1.119632785713717,-0.7708301064203099,0.049324384127261256,0.314859599405403,0.5262354686130879,-0.5477108165139577,196,0.42857142857142855,1.254508333720147,1.6726777782935296,0.003054772615518449,1.4891226644141315,8.551020408163266,0.15289180806422187,39.157088122605366,0.25360240062210376,0.8
perp,BTCUSDT,4h,C6_donchian_ATR_trail,"{""n"": 20, ""trail"": 2.0}",real,0.000705,0.6675469016702027,1.119632785713717,-0.7708301064203099,0.033022115788163386,0.2530276679426883,0.419987949181516,-0.5524643265527285,196,0.42857142857142855,1.254508333720147,1.6726777782935294,0.0030547726155184477,1.489122664414131,8.551020408163266,0.15289180806422187,39.157088122605366,0.2536024006221037,0.8
perp,BTCUSDT,4h,C6_donchian_ATR_trail,"{""n"": 20, ""trail"": 2.0}",stress,0.000905,0.6675469016702027,1.119632785713717,-0.7708301064203099,0.016973112304152327,0.1913652339611021,0.31547599972609575,-0.5571679111846235,196,0.42857142857142855,1.2545083337201473,1.6726777782935298,0.003054772615518449,1.489122664414132,8.551020408163266,0.15289180806422187,39.157088122605366,0.25360240062210376,0.8
perp,BTCUSDT,4h,C6_donchian_ATR_trail,"{""n"": 20, ""trail"": 3.0}",opt,0.000505,0.6675469016702027,1.119632785713717,-0.7708301064203099,0.058744004824383245,0.3371379045522676,0.5405114060004893,-0.7332147558800002,196,0.4030612244897959,1.2474535631994066,1.8474945176497544,0.004268402510052914,1.6895333635806546,18.6734693877551,0.33388067870826493,39.157088122605366,0.2733465737134285,0.8
perp,BTCUSDT,4h,C6_donchian_ATR_trail,"{""n"": 20, ""trail"": 3.0}",real,0.000705,0.6675469016702027,1.119632785713717,-0.7708301064203099,0.04228131284786274,0.2957036960804809,0.4723481161743138,-0.7359241920854979,196,0.4030612244897959,1.2474535631994066,1.8474945176497544,0.004268402510052915,1.6895333635806546,18.6734693877551,0.33388067870826493,39.157088122605366,0.2733465737134285,0.8
perp,BTCUSDT,4h,C6_donchian_ATR_trail,"{""n"": 20, ""trail"": 3.0}",stress,0.000905,0.6675469016702027,1.119632785713717,-0.7708301064203099,0.026074586317752946,0.2543816918080883,0.4048619413481542,-0.7386061376374928,196,0.4030612244897959,1.2474535631994066,1.8474945176497544,0.004268402510052915,1.6895333635806549,18.6734693877551,0.33388067870826493,39.157088122605366,0.2733465737134286,0.8
perp,BTCUSDT,4h,C6_donchian_ATR_trail,"{""n"": 20, ""trail"": 4.0}",opt,0.000505,0.6675469016702027,1.119632785713717,-0.7708301064203099,0.06380894040817497,0.36155445271242376,0.5773814811410869,-0.7687306296530277,196,0.3826530612244898,1.249719894777891,2.0162147635749976,0.005381383745634189,1.819969641455642,30.806122448979593,0.5508118956394819,39.157088122605366,0.290418552479848,0.8
perp,BTCUSDT,4h,C6_donchian_ATR_trail,"{""n"": 20, ""trail"": 4.0}",real,0.000705,0.6675469016702027,1.119632785713717,-0.7708301064203099,0.047219359869653976,0.32867461649640906,0.5234443102894236,-0.7711091167696271,196,0.3826530612244898,1.249719894777891,2.0162147635749976,0.005381383745634187,1.819969641455642,30.806122448979593,0.5508118956394819,39.157088122605366,0.290418552479848,0.8
perp,BTCUSDT,4h,C6_donchian_ATR_trail,"{""n"": 20, ""trail"": 4.0}",stress,0.000905,0.6675469016702027,1.119632785713717,-0.7708301064203099,0.030888444865631914,0.2958795949397775,0.4699344820129218,-0.773463178995395,196,0.3826530612244898,1.249719894777891,2.0162147635749976,0.005381383745634189,1.819969641455642,30.806122448979593,0.5508118956394819,39.157088122605366,0.290418552479848,0.8
perp,BTCUSDT,4h,C4_donchian_HTF,"{""n"": 20}",opt,0.000505,0.6675469016702027,1.119632785713717,-0.7708301064203099,0.45503025115709184,1.1377549740449306,1.9119975735923318,-0.5485777437138514,136,0.39705882352941174,2.01489021485293,3.0596481040359307,0.01955969750906224,2.490123084546228,31.21323529411765,0.38724685276409415,27.17022441160372,0.35415345305938667,0.8
perp,BTCUSDT,4h,C4_donchian_HTF,"{""n"": 20}",real,0.000705,0.6675469016702027,1.119632785713717,-0.7708301064203099,0.43927775823034554,1.109879815461732,1.8607731282951565,-0.5522667122579553,136,0.39705882352941174,2.01489021485293,3.0596481040359307,0.01955969750906224,2.4901230845462283,31.21323529411765,0.38724685276409415,27.17022441160372,0.35415345305938667,0.8
perp,BTCUSDT,4h,C4_donchian_HTF,"{""n"": 20}",stress,0.000905,0.6675469016702027,1.119632785713717,-0.7708301064203099,0.423695781557597,1.0820406527835187,1.809843934530741,-0.5559255766875966,136,0.39705882352941174,2.01489021485293,3.0596481040359307,0.01955969750906224,2.490123084546228,31.21323529411765,0.38724685276409415,27.17022441160372,0.3541534530593866,0.8
perp,BTCUSDT,4h,C1_donchian_channel,"{""n"": 50}",opt,0.000505,0.6675469016702027,1.119632785713717,-0.7708301064203099,0.23658588629459,0.6580034576333268,1.0304512115737308,-0.6617888823083145,124,0.3790322580645161,1.5481185366992825,2.5362793048052072,0.017862592884424235,2.4862393394059747,64.28225806451613,0.7272395548257617,24.772851669403394,0.39427083874146984,0.8
perp,BTCUSDT,4h,C1_donchian_channel,"{""n"": 50}",real,0.000705,0.6675469016702027,1.119632785713717,-0.7708301064203099,0.22432632673695196,0.6396085934838085,1.0003920773973607,-0.6637390294398715,124,0.3790322580645161,1.5481185366992822,2.5362793048052072,0.017862592884424235,2.4862393394059747,64.28225806451613,0.7272395548257617,24.772851669403394,0.3942708387414699,0.8
perp,BTCUSDT,4h,C1_donchian_channel,"{""n"": 50}",stress,0.000905,0.6675469016702027,1.119632785713717,-0.7708301064203099,0.21218826235721155,0.6212364543823418,0.9704395983961459,-0.665677963341733,124,0.3790322580645161,1.5481185366992825,2.5362793048052072,0.017862592884424235,2.4862393394059747,64.28225806451613,0.7272395548257617,24.772851669403394,0.39427083874146984,0.6
perp,BTCUSDT,4h,C6_donchian_ATR_trail,"{""n"": 50, ""trail"": 2.0}",opt,0.000505,0.6675469016702027,1.119632785713717,-0.7708301064203099,-0.027057102818215162,-0.09473072421561318,-0.15884393550338993,-0.410932424634202,94,0.40425531914893614,1.0205381801531468,1.503951002330953,0.00026922965933468695,1.808237832886297,6.957446808510638,0.05966064586754242,18.77941981390257,0.4517064512914097,0.4
perp,BTCUSDT,4h,C6_donchian_ATR_trail,"{""n"": 50, ""trail"": 2.0}",real,0.000705,0.6675469016702027,1.119632785713717,-0.7708301064203099,-0.03436790565645942,-0.14168937054507594,-0.2355282446295833,-0.41897571858988203,94,0.40425531914893614,1.0205381801531468,1.503951002330953,0.0002692296593346872,1.808237832886297,6.957446808510638,0.05966064586754242,18.77941981390257,0.45170645129140957,0.4
perp,BTCUSDT,4h,C6_donchian_ATR_trail,"{""n"": 50, ""trail"": 2.0}",stress,0.000905,0.6675469016702027,1.119632785713717,-0.7708301064203099,-0.041623789355119456,-0.18846474487784165,-0.31061058168653083,-0.4269092251115205,94,0.40425531914893614,1.0205381801531468,1.503951002330953,0.00026922965933468717,1.8082378328862962,6.957446808510638,0.05966064586754242,18.77941981390257,0.4517064512914097,0.4
perp,BTCUSDT,4h,C6_donchian_ATR_trail,"{""n"": 50, ""trail"": 3.0}",opt,0.000505,0.6675469016702027,1.119632785713717,-0.7708301064203099,0.02763020771425162,0.23180917063145082,0.3811976070774219,-0.41103436574781893,94,0.3617021276595745,1.2360552408246515,2.1812739543964437,0.004125977497062944,2.0069846424191176,17.72340425531915,0.15197956577266922,18.77941981390257,0.4343163420816088,0.6
perp,BTCUSDT,4h,C6_donchian_ATR_trail,"{""n"": 50, ""trail"": 3.0}",real,0.000705,0.6675469016702027,1.119632785713717,-0.7708301064203099,0.019913862236161206,0.20122551737394914,0.3295090988967132,-0.4196726699398914,94,0.3617021276595745,1.2360552408246515,2.1812739543964437,0.004125977497062943,2.0069846424191176,17.72340425531915,0.15197956577266922,18.77941981390257,0.43431634208160874,0.6
perp,BTCUSDT,4h,C6_donchian_ATR_trail,"{""n"": 50, ""trail"": 3.0}",stress,0.000905,0.6675469016702027,1.119632785713717,-0.7708301064203099,0.012255441283173019,0.17072402707564513,0.2783916317953587,-0.42818434642126235,94,0.3617021276595745,1.2360552408246515,2.1812739543964437,0.004125977497062945,2.0069846424191184,17.72340425531915,0.15197956577266922,18.77941981390257,0.4343163420816088,0.6
perp,BTCUSDT,4h,C6_donchian_ATR_trail,"{""n"": 50, ""trail"": 4.0}",opt,0.000505,0.6675469016702027,1.119632785713717,-0.7708301064203099,-0.02625635815976146,0.05885889716995607,0.09137893498243947,-0.5469020711011281,94,0.39361702127659576,1.0894028489045755,1.6782692537178594,0.0021252121689909697,1.870474426777617,29.0531914893617,0.249133369823025,18.77941981390257,0.43514890260702394,0.4
perp,BTCUSDT,4h,C6_donchian_ATR_trail,"{""n"": 50, ""trail"": 4.0}",real,0.000705,0.6675469016702027,1.119632785713717,-0.7708301064203099,-0.033563437320572986,0.03395637508741572,0.052578269287462925,-0.5539930132588049,94,0.39361702127659576,1.0894028489045755,1.6782692537178594,0.00212521216899097,1.8704744267776166,29.0531914893617,0.249133369823025,18.77941981390257,0.435148902607024,0.4
perp,BTCUSDT,4h,C6_donchian_ATR_trail,"{""n"": 50, ""trail"": 4.0}",stress,0.000905,0.6675469016702027,1.119632785713717,-0.7708301064203099,-0.04081569946461827,0.009109269770389708,0.014067712378591977,-0.5609730214216273,94,0.39361702127659576,1.0894028489045755,1.6782692537178598,0.002125212168990969,1.8704744267776166,29.0531914893617,0.249133369823025,18.77941981390257,0.435148902607024,0.4
perp,BTCUSDT,4h,C4_donchian_HTF,"{""n"": 50}",opt,0.000505,0.6675469016702027,1.119632785713717,-0.7708301064203099,0.32157233690288134,0.8769690745651271,1.3844980466378,-0.6605227055631406,74,0.33783783783783783,2.052539322336964,4.02297707178045,0.030406390949975562,2.595721358959675,63.2972972972973,0.42729428936325486,14.783798576902024,0.5319921879201377,0.8
perp,BTCUSDT,4h,C4_donchian_HTF,"{""n"": 50}",real,0.000705,0.6675469016702027,1.119632785713717,-0.7708301064203099,0.31373080335992665,0.8624537809716367,1.3601384516797113,-0.6626057046849918,74,0.33783783783783783,2.0525393223369637,4.022977071780449,0.03040639094997556,2.595721358959675,63.2972972972973,0.42729428936325486,14.783798576902024,0.5319921879201377,0.8
perp,BTCUSDT,4h,C4_donchian_HTF,"{""n"": 50}",stress,0.000905,0.6675469016702027,1.119632785713717,-0.7708301064203099,0.3059357678271226,0.8479499667195518,1.3358447133716767,-0.6646759459995011,74,0.33783783783783783,2.052539322336964,4.02297707178045,0.03040639094997556,2.595721358959675,63.2972972972973,0.42729428936325486,14.783798576902024,0.5319921879201376,0.8
perp,BTCUSDT,4h,C1_donchian_channel,"{""n"": 100}",opt,0.000505,0.6675469016702027,1.119632785713717,-0.7708301064203099,0.3309537495508834,0.7974149665431562,1.2663599049312515,-0.6542659146305975,66,0.3787878787878788,1.902044858288215,3.1193535675926727,0.03883694009607695,1.7914017067709112,126.18181818181819,0.7598066046341908,13.185550082101805,0.5109423064264362,1.0
perp,BTCUSDT,4h,C1_donchian_channel,"{""n"": 100}",real,0.000705,0.6675469016702027,1.119632785713717,-0.7708301064203099,0.32388830460721696,0.7873644712975624,1.2494531635100492,-0.6555689858955571,66,0.3787878787878788,1.902044858288215,3.1193535675926727,0.03883694009607695,1.791401706770912,126.18181818181819,0.7598066046341908,13.185550082101805,0.5109423064264362,0.8
perp,BTCUSDT,4h,C1_donchian_channel,"{""n"": 100}",stress,0.000905,0.6675469016702027,1.119632785713717,-0.7708301064203099,0.3168603234000593,0.7773207267488286,1.232579071191976,-0.6568671800636932,66,0.3787878787878788,1.902044858288215,3.1193535675926727,0.03883694009607695,1.7914017067709112,126.18181818181819,0.7598066046341908,13.185550082101805,0.5109423064264362,0.8
perp,BTCUSDT,4h,C6_donchian_ATR_trail,"{""n"": 100, ""trail"": 2.0}",opt,0.000505,0.6675469016702027,1.119632785713717,-0.7708301064203099,-0.02197901627634058,-0.09739203899651114,-0.16652148546480502,-0.29368601868893585,50,0.42,0.9783928064190688,1.351113875531095,-0.0003333242020747918,1.2346888046382203,6.4,0.029191753329684364,9.989053092501369,0.5972987498443671,0.8
perp,BTCUSDT,4h,C6_donchian_ATR_trail,"{""n"": 100, ""trail"": 2.0}",real,0.000705,0.6675469016702027,1.119632785713717,-0.7708301064203099,-0.025885381840260346,-0.12637238228577202,-0.21444655593892564,-0.29600247430296467,50,0.42,0.9783928064190688,1.351113875531095,-0.00033332420207479155,1.23468880463822,6.4,0.029191753329684364,9.989053092501369,0.597298749844367,0.8
perp,BTCUSDT,4h,C6_donchian_ATR_trail,"{""n"": 100, ""trail"": 2.0}",stress,0.000905,0.6675469016702027,1.119632785713717,-0.7708301064203099,-0.0297761498002298,-0.15524030496679686,-0.26147864660576986,-0.298311358737832,50,0.42,0.9783928064190688,1.351113875531095,-0.0003333242020747902,1.2346888046382196,6.4,0.029191753329684364,9.989053092501369,0.5972987498443671,0.6
perp,BTCUSDT,4h,C6_donchian_ATR_trail,"{""n"": 100, ""trail"": 3.0}",opt,0.000505,0.6675469016702027,1.119632785713717,-0.7708301064203099,0.09144467222556729,0.5293436419478754,0.9358382786222239,-0.2521372828376771,50,0.46,1.765503340242731,2.07254739941538,0.011916354666713142,1.5930942491581763,20.12,0.09177157453019522,9.989053092501369,0.5491527710129566,0.6
perp,BTCUSDT,4h,C6_donchian_ATR_trail,"{""n"": 100, ""trail"": 3.0}",real,0.000705,0.6675469016702027,1.119632785713717,-0.7708301064203099,0.08709649914872863,0.5094089747432272,0.8969410398530917,-0.2545752661069911,50,0.46,1.765503340242731,2.07254739941538,0.011916354666713147,1.5930942491581763,20.12,0.09177157453019522,9.989053092501369,0.5491527710129567,0.6
perp,BTCUSDT,4h,C6_donchian_ATR_trail,"{""n"": 100, ""trail"": 3.0}",stress,0.000905,0.6675469016702027,1.119632785713717,-0.7708301064203099,0.08276564572611433,0.48951293598458573,0.8584319609275124,-0.2570053250332499,50,0.46,1.7655033402427314,2.07254739941538,0.011916354666713145,1.5930942491581765,20.12,0.09177157453019522,9.989053092501369,0.5491527710129566,0.6
perp,BTCUSDT,4h,C6_donchian_ATR_trail,"{""n"": 100, ""trail"": 4.0}",opt,0.000505,0.6675469016702027,1.119632785713717,-0.7708301064203099,0.053873928930191495,0.3370085390150335,0.5502594294341372,-0.34784683458563526,50,0.48,1.4573586897222146,1.5788052471990657,0.00942711527823439,1.893946027652376,33.94,0.15489874110563764,9.989053092501369,0.6009063160709843,0.6
perp,BTCUSDT,4h,C6_donchian_ATR_trail,"{""n"": 100, ""trail"": 4.0}",real,0.000705,0.6675469016702027,1.119632785713717,-0.7708301064203099,0.04967088842959444,0.3202446181218566,0.5216339236589277,-0.3504969743251085,50,0.48,1.4573586897222146,1.5788052471990657,0.00942711527823439,1.8939460276523765,33.94,0.15489874110563764,9.989053092501369,0.6009063160709843,0.6
perp,BTCUSDT,4h,C6_donchian_ATR_trail,"{""n"": 100, ""trail"": 4.0}",stress,0.000905,0.6675469016702027,1.119632785713717,-0.7708301064203099,0.04548460545893529,0.3035088078642591,0.4931909144958283,-0.35313636812156346,50,0.48,1.4573586897222146,1.5788052471990657,0.00942711527823439,1.8939460276523759,33.94,0.15489874110563764,9.989053092501369,0.6009063160709843,0.6
perp,BTCUSDT,4h,C4_donchian_HTF,"{""n"": 100}",opt,0.000505,0.6675469016702027,1.119632785713717,-0.7708301064203099,0.3463158179509003,0.9118562954572638,1.44784880311003,-0.591276613075666,47,0.3829787234042553,2.4186842937263338,3.896769139892426,0.04806134622771674,1.8741886470852267,114.51063829787235,0.4909688013136289,9.389709906951285,0.6247380897888002,0.8
perp,BTCUSDT,4h,C4_donchian_HTF,"{""n"": 100}",real,0.000705,0.6675469016702027,1.119632785713717,-0.7708301064203099,0.3412259722326614,0.9027876679102013,1.4325257458093261,-0.5942569265870243,47,0.3829787234042553,2.4186842937263338,3.896769139892426,0.048061346227716725,1.8741886470852267,114.51063829787235,0.4909688013136289,9.389709906951285,0.6247380897888002,0.8
perp,BTCUSDT,4h,C4_donchian_HTF,"{""n"": 100}",stress,0.000905,0.6675469016702027,1.119632785713717,-0.7708301064203099,0.3361553449972887,0.8937219162841936,1.417224174969491,-0.5972155307072473,47,0.3829787234042553,2.4186842937263338,3.896769139892426,0.04806134622771674,1.8741886470852267,114.51063829787235,0.4909688013136289,9.389709906951285,0.6247380897888002,0.8
perp,BTCUSDT,4h,C2_donchian_voltarget,"{""n"": 20, ""vol_target"": 0.2}",opt,0.000505,0.6675469016702027,1.119632785713717,-0.7708301064203099,0.08353164585268424,0.6551067608500251,1.192729821906378,-0.22024446541529963,196,0.3979591836734694,1.226467200425729,1.8397008006385935,0.003926435125469427,1.7114691718773363,18.6734693877551,0.3334245575624886,39.157088122605366,0.27802386989949907,0.8
perp,BTCUSDT,4h,C2_donchian_voltarget,"{""n"": 20, ""vol_target"": 0.2}",real,0.000705,0.6675469016702027,1.119632785713717,-0.7708301064203099,0.07627101166305073,0.6052643788348983,1.0948726593373457,-0.22200381764342048,196,0.3979591836734694,1.226467200425729,1.8397008006385935,0.003926435125469426,1.711469171877336,18.6734693877551,0.3334245575624886,39.157088122605366,0.278023869899499,0.8
perp,BTCUSDT,4h,C2_donchian_voltarget,"{""n"": 20, ""vol_target"": 0.2}",stress,0.000905,0.6675469016702027,1.119632785713717,-0.7708301064203099,0.06906038094896116,0.5555416512881659,0.9984870573856797,-0.22375868648797603,196,0.3979591836734694,1.226467200425729,1.8397008006385935,0.003926435125469427,1.7114691718773367,18.6734693877551,0.3334245575624886,39.157088122605366,0.27802386989949907,0.8
perp,BTCUSDT,4h,C2_donchian_voltarget,"{""n"": 50, ""vol_target"": 0.2}",opt,0.000505,0.6675469016702027,1.119632785713717,-0.7708301064203099,0.05664696790810897,0.5814373397187904,1.1273286378630538,-0.1361115497691654,94,0.3617021276595745,1.2360552408246515,2.1812739543964437,0.004125977497062946,2.006984642419118,17.72340425531915,0.15197956577266922,18.77941981390257,0.43431634208160874,0.6
perp,BTCUSDT,4h,C2_donchian_voltarget,"{""n"": 50, ""vol_target"": 0.2}",real,0.000705,0.6675469016702027,1.119632785713717,-0.7708301064203099,0.05310155600364164,0.5487419179457852,1.0572057478619175,-0.14097211319796799,94,0.3617021276595745,1.2360552408246515,2.1812739543964437,0.004125977497062945,2.0069846424191176,17.72340425531915,0.15197956577266922,18.77941981390257,0.43431634208160874,0.6
perp,BTCUSDT,4h,C2_donchian_voltarget,"{""n"": 50, ""vol_target"": 0.2}",stress,0.000905,0.6675469016702027,1.119632785713717,-0.7708301064203099,0.04956870645874534,0.5160917193129047,0.9880498680546512,-0.14580430667055222,94,0.3617021276595745,1.2360552408246515,2.1812739543964437,0.004125977497062945,2.006984642419118,17.72340425531915,0.15197956577266922,18.77941981390257,0.4343163420816087,0.6
perp,BTCUSDT,4h,C2_donchian_voltarget,"{""n"": 100, ""vol_target"": 0.2}",opt,0.000505,0.6675469016702027,1.119632785713717,-0.7708301064203099,0.07168044401257756,0.8359865498541835,1.6977798302768774,-0.06706893883942244,50,0.46,1.765503340242731,2.07254739941538,0.011916354666713145,1.5930942491581759,20.12,0.09177157453019522,9.989053092501369,0.5491527710129566,0.8
perp,BTCUSDT,4h,C2_donchian_voltarget,"{""n"": 100, ""vol_target"": 0.2}",real,0.000705,0.6675469016702027,1.119632785713717,-0.7708301064203099,0.0697199807161133,0.8144842938625517,1.6439190627226878,-0.06790970132039986,50,0.46,1.765503340242731,2.07254739941538,0.011916354666713142,1.593094249158176,20.12,0.09177157453019522,9.989053092501369,0.5491527710129566,0.8
perp,BTCUSDT,4h,C2_donchian_voltarget,"{""n"": 100, ""vol_target"": 0.2}",stress,0.000905,0.6675469016702027,1.119632785713717,-0.7708301064203099,0.06776346915527931,0.7929988315783706,1.5907585076755346,-0.06893528436743313,50,0.46,1.765503340242731,2.07254739941538,0.01191635466671314,1.5930942491581765,20.12,0.09177157453019522,9.989053092501369,0.5491527710129566,0.8
perp,BTCUSDT,1D,A1_price_slowMA,"{""slow"": 150}",opt,0.000505,0.6686668957109108,1.1193488903623787,-0.7666956183209539,0.6699112480645462,1.2412246831003766,1.948039759980007,-0.524329760120462,35,0.3142857142857143,6.876117858978852,15.00243896504477,0.16418005349167458,5.001508536799844,47.885714285714286,0.9178981937602627,6.992337164750958,0.9507132678870097,1.0
perp,BTCUSDT,1D,A1_price_slowMA,"{""slow"": 150}",real,0.000705,0.6686668957109108,1.1193488903623787,-0.7666956183209539,0.6652285350120144,1.2358453597936432,1.9391813083355844,-0.5256888633463592,35,0.3142857142857143,6.876117858978851,15.00243896504477,0.16418005349167455,5.001508536799844,47.885714285714286,0.9178981937602627,6.992337164750958,0.9507132678870097,1.0
perp,BTCUSDT,1D,A1_price_slowMA,"{""slow"": 150}",stress,0.000905,0.6686668957109108,1.1193488903623787,-0.7666956183209539,0.6605589355803658,1.230463203576401,1.9303223252545993,-0.5270440962136302,35,0.3142857142857143,6.876117858978851,15.00243896504477,0.16418005349167458,5.001508536799844,47.885714285714286,0.9178981937602627,6.992337164750958,0.9507132678870097,1.0
perp,BTCUSDT,1D,A1_price_slowMA,"{""slow"": 200}",opt,0.000505,0.6686668957109108,1.1193488903623787,-0.7666956183209539,0.3146338605746941,0.7816891123181727,1.1617396004139353,-0.8414816645785077,35,0.17142857142857143,3.4549846679165768,16.69909256159679,0.10883000479350946,4.6169675186810695,46.457142857142856,0.8905309250136836,6.992337164750958,0.9952378260615465,0.8
perp,BTCUSDT,1D,A1_price_slowMA,"{""slow"": 200}",real,0.000705,0.6686668957109108,1.1193488903623787,-0.7666956183209539,0.31086833026163196,0.7762551380240293,1.1533124849300558,-0.8427372609543007,35,0.17142857142857143,3.4549846679165763,16.699092561596785,0.10883000479350946,4.6169675186810695,46.457142857142856,0.8905309250136836,6.992337164750958,0.9952378260615465,0.8
perp,BTCUSDT,1D,A1_price_slowMA,"{""slow"": 200}",stress,0.000905,0.6686668957109108,1.1193488903623787,-0.7666956183209539,0.3071135343716913,0.7708204205507778,1.1448887439700552,-0.8439829381343151,35,0.17142857142857143,3.4549846679165763,16.699092561596785,0.10883000479350946,4.6169675186810695,46.457142857142856,0.8905309250136836,6.992337164750958,0.9952378260615465,0.8
perp,BTCUSDT,1D,A1_price_slowMA,"{""slow"": 250}",opt,0.000505,0.6686668957109108,1.1193488903623787,-0.7666956183209539,0.196079322527559,0.6029671033528358,0.900796584657919,-0.819619260871026,51,0.11764705882352941,2.6560329111449903,19.920246833587427,0.05583592636849221,5.2375069637485145,30.901960784313726,0.8631636562671046,10.188834154351396,0.9989714280397621,0.8
perp,BTCUSDT,1D,A1_price_slowMA,"{""slow"": 250}",real,0.000705,0.6686668957109108,1.1193488903623787,-0.7666956183209539,0.1911184454762127,0.5950331682754004,0.88866592421508,-0.8211824644757192,51,0.11764705882352941,2.6560329111449903,19.920246833587427,0.055835926368492196,5.2375069637485145,30.901960784313726,0.8631636562671046,10.188834154351396,0.9989714280397619,0.8
perp,BTCUSDT,1D,A1_price_slowMA,"{""slow"": 250}",stress,0.000905,0.6686668957109108,1.1193488903623787,-0.7666956183209539,0.18617809461468293,0.5870988189461516,0.8765409881422291,-0.8227321457530622,51,0.11764705882352941,2.6560329111449894,19.920246833587424,0.055835926368492196,5.2375069637485145,30.901960784313726,0.8631636562671046,10.188834154351396,0.9989714280397621,0.8
perp,BTCUSDT,1D,A2_dual_MA,"{""fast"": 10, ""slow"": 50}",opt,0.000505,0.6686668957109108,1.1193488903623787,-0.7666956183209539,0.4139555591579296,0.8843855779454414,1.368704651217929,-0.5860112669912168,41,0.3902439024390244,3.092861475188987,4.832596054982791,0.1095274607841295,5.505096489811079,43.31707317073171,0.9726327312534209,8.191023535851121,0.80465207577033,0.8
perp,BTCUSDT,1D,A2_dual_MA,"{""fast"": 10, ""slow"": 50}",real,0.000705,0.6686668957109108,1.1193488903623787,-0.7666956183209539,0.40925791175076065,0.8786141651631065,1.3594844758792612,-0.5878755483695872,41,0.3902439024390244,3.092861475188987,4.832596054982791,0.1095274607841295,5.50509648981108,43.31707317073171,0.9726327312534209,8.191023535851121,0.8046520757703302,0.8
perp,BTCUSDT,1D,A2_dual_MA,"{""fast"": 10, ""slow"": 50}",stress,0.000905,0.6686668957109108,1.1193488903623787,-0.7666956183209539,0.40457582555330407,0.87284187731665,1.3502653360933439,-0.5897314664301535,41,0.3902439024390244,3.092861475188987,4.832596054982791,0.1095274607841295,5.505096489811079,43.31707317073171,0.9726327312534209,8.191023535851121,0.80465207577033,0.8
perp,BTCUSDT,1D,A2_dual_MA,"{""fast"": 10, ""slow"": 75}",opt,0.000505,0.6686668957109108,1.1193488903623787,-0.7666956183209539,0.27605730274204654,0.712185672492363,1.0587565833887485,-0.5747448620743312,36,0.3055555555555556,2.893483679292212,6.5760992711186645,0.11556071341266236,4.679222715715592,48.638888888888886,0.9589490968801314,7.192118226600985,0.9006998822897847,0.8
perp,BTCUSDT,1D,A2_dual_MA,"{""fast"": 10, ""slow"": 75}",real,0.000705,0.6686668957109108,1.1193488903623787,-0.7666956183209539,0.2722417914361652,0.7069446068441377,1.0506836081642823,-0.5761676479082827,36,0.3055555555555556,2.893483679292212,6.5760992711186645,0.11556071341266236,4.679222715715592,48.638888888888886,0.9589490968801314,7.192118226600985,0.9006998822897847,0.8
perp,BTCUSDT,1D,A2_dual_MA,"{""fast"": 10, ""slow"": 75}",stress,0.000905,0.6686668957109108,1.1193488903623787,-0.7666956183209539,0.26843759009260904,0.7017024501936927,1.0426127047849765,-0.5775857015187724,36,0.3055555555555556,2.893483679292212,6.5760992711186645,0.11556071341266236,4.679222715715592,48.638888888888886,0.9589490968801314,7.192118226600985,0.9006998822897847,0.8
perp,BTCUSDT,1D,A2_dual_MA,"{""fast"": 10, ""slow"": 100}",opt,0.000505,0.6686668957109108,1.1193488903623787,-0.7666956183209539,0.539414835148575,1.067018199747018,1.630270774102708,-0.4504757352307218,20,0.45,5.613497119307679,6.860940923598275,0.26861943390721893,3.7196935851050514,86.3,0.9452654625068418,3.995621237000547,0.9654469724473684,1.0
perp,BTCUSDT,1D,A2_dual_MA,"{""fast"": 10, ""slow"": 100}",real,0.000705,0.6686668957109108,1.1193488903623787,-0.7666956183209539,0.5368946936815182,1.06401006394965,1.6255092077442188,-0.45140769829811844,20,0.45,5.61349711930768,6.860940923598275,0.26861943390721893,3.7196935851050514,86.3,0.9452654625068418,3.995621237000547,0.9654469724473684,1.0
perp,BTCUSDT,1D,A2_dual_MA,"{""fast"": 10, ""slow"": 100}",stress,0.000905,0.6686668957109108,1.1193488903623787,-0.7666956183209539,0.5343786402075605,1.06100043317783,1.6207457097418978,-0.45233810421472387,20,0.45,5.61349711930768,6.8609409235982755,0.26861943390721893,3.7196935851050514,86.3,0.9452654625068418,3.995621237000547,0.9654469724473684,1.0
perp,BTCUSDT,1D,A2_dual_MA,"{""fast"": 20, ""slow"": 50}",opt,0.000505,0.6686668957109108,1.1193488903623787,-0.7666956183209539,0.42005192675600167,0.8846791339836318,1.3780523778941316,-0.6144154102025976,27,0.4444444444444444,3.4052564352860997,4.256570544107625,0.17249383942637045,4.023530505095162,65.77777777777777,0.9726327312534209,5.394088669950738,0.8683071912097527,0.6
perp,BTCUSDT,1D,A2_dual_MA,"{""fast"": 20, ""slow"": 50}",real,0.000705,0.6686668957109108,1.1193488903623787,-0.7666956183209539,0.41691930875381056,0.8809426617166993,1.3719621083337115,-0.6154111245310503,27,0.4444444444444444,3.4052564352860997,4.256570544107625,0.17249383942637045,4.023530505095162,65.77777777777777,0.9726327312534209,5.394088669950738,0.8683071912097527,0.6
perp,BTCUSDT,1D,A2_dual_MA,"{""fast"": 20, ""slow"": 50}",stress,0.000905,0.6686668957109108,1.1193488903623787,-0.7666956183209539,0.41379355465957235,0.8772050152842468,1.365872166499607,-0.6164043011529144,27,0.4444444444444444,3.4052564352860997,4.256570544107625,0.17249383942637048,4.023530505095162,65.77777777777777,0.9726327312534209,5.394088669950738,0.8683071912097529,0.6
perp,BTCUSDT,1D,A2_dual_MA,"{""fast"": 20, ""slow"": 75}",opt,0.000505,0.6686668957109108,1.1193488903623787,-0.7666956183209539,0.35424303793252254,0.8152922611942235,1.1724933488276534,-0.6612180118802962,16,0.5,4.318350320832115,4.318350320832115,0.3212453417744693,3.165506672423241,109.4375,0.9589490968801314,3.196496989600438,0.9602479508545567,1.0
perp,BTCUSDT,1D,A2_dual_MA,"{""fast"": 20, ""slow"": 75}",real,0.000705,0.6686668957109108,1.1193488903623787,-0.7666956183209539,0.35231748229019977,0.8128816627525841,1.1689569774108393,-0.6612180118802962,16,0.5,4.318350320832115,4.318350320832115,0.3212453417744693,3.165506672423241,109.4375,0.9589490968801314,3.196496989600438,0.9602479508545567,1.0
perp,BTCUSDT,1D,A2_dual_MA,"{""fast"": 20, ""slow"": 75}",stress,0.000905,0.6686668957109108,1.1193488903623787,-0.7666956183209539,0.3503944703918238,0.8104703382266377,1.1654200336545897,-0.6612180118802962,16,0.5,4.318350320832115,4.318350320832115,0.3212453417744693,3.165506672423241,109.4375,0.9589490968801314,3.196496989600438,0.9602479508545567,1.0
perp,BTCUSDT,1D,A2_dual_MA,"{""fast"": 20, ""slow"": 100}",opt,0.000505,0.6686668957109108,1.1193488903623787,-0.7666956183209539,0.3822627105258094,0.8582829501734661,1.281253000816764,-0.5801476406590133,16,0.4375,4.199243413152874,5.399027245482266,0.2639668973903497,2.9860610313426776,107.875,0.9452654625068418,3.196496989600438,0.9826997690180609,1.0
perp,BTCUSDT,1D,A2_dual_MA,"{""fast"": 20, ""slow"": 100}",real,0.000705,0.6686668957109108,1.1193488903623787,-0.7666956183209539,0.38040541218364354,0.8558765185896094,1.277474544269245,-0.5810244634936317,16,0.4375,4.199243413152874,5.399027245482266,0.2639668973903497,2.9860610313426776,107.875,0.9452654625068418,3.196496989600438,0.9826997690180609,1.0
perp,BTCUSDT,1D,A2_dual_MA,"{""fast"": 20, ""slow"": 100}",stress,0.000905,0.6686668957109108,1.1193488903623787,-0.7666956183209539,0.37855055827720685,0.8534695662397919,1.2736963736613185,-0.5818994744449968,16,0.4375,4.199243413152874,5.399027245482266,0.2639668973903497,2.9860610313426776,107.875,0.9452654625068418,3.196496989600438,0.9826997690180609,1.0
perp,BTCUSDT,1D,A2_dual_MA,"{""fast"": 30, ""slow"": 50}",opt,0.000505,0.6686668957109108,1.1193488903623787,-0.7666956183209539,0.3907499100756733,0.8514471687846694,1.3441795858597236,-0.5985607744901521,25,0.36,3.4089114239452827,6.0602869759027245,0.17075318106843368,3.7846872459259924,71.04,0.9726327312534209,4.994526546250684,0.9051553342714473,0.6
perp,BTCUSDT,1D,A2_dual_MA,"{""fast"": 30, ""slow"": 50}",real,0.000705,0.6686668957109108,1.1193488903623787,-0.7666956183209539,0.38790509373521775,0.8479888944334275,1.3383477960270482,-0.5995907938798587,25,0.36,3.4089114239452827,6.0602869759027245,0.17075318106843368,3.7846872459259924,71.04,0.9726327312534209,4.994526546250684,0.9051553342714473,0.6
perp,BTCUSDT,1D,A2_dual_MA,"{""fast"": 30, ""slow"": 50}",stress,0.000905,0.6686668957109108,1.1193488903623787,-0.7666956183209539,0.38506605725194687,0.8445288008191639,1.3325147922336613,-0.6006182008143481,25,0.36,3.408911423945282,6.060286975902723,0.17075318106843368,3.7846872459259924,71.04,0.9726327312534209,4.994526546250684,0.9051553342714475,0.6
perp,BTCUSDT,1D,A2_dual_MA,"{""fast"": 30, ""slow"": 75}",opt,0.000505,0.6686668957109108,1.1193488903623787,-0.7666956183209539,0.10996972215528156,0.4822774967529961,0.6795891808440501,-0.7098087215207656,16,0.4375,2.8520032197238785,3.666861282502129,0.21695599827344758,2.7799760320757447,109.4375,0.9589490968801314,3.196496989600438,0.992911937116324,0.8
perp,BTCUSDT,1D,A2_dual_MA,"{""fast"": 30, ""slow"": 75}",real,0.000705,0.6686668957109108,1.1193488903623787,-0.7666956183209539,0.10830429041428369,0.47980756528308444,0.6760549773993497,-0.7101677752593243,16,0.4375,2.852003219723879,3.6668612825021296,0.2169559982734476,2.779976032075744,109.4375,0.9589490968801314,3.196496989600438,0.992911937116324,0.8
perp,BTCUSDT,1D,A2_dual_MA,"{""fast"": 30, ""slow"": 75}",stress,0.000905,0.6686668957109108,1.1193488903623787,-0.7666956183209539,0.10664109151349965,0.47733764694436404,0.6725203814546613,-0.7105266855062473,16,0.4375,2.8520032197238785,3.666861282502129,0.21695599827344758,2.7799760320757447,109.4375,0.9589490968801314,3.196496989600438,0.992911937116324,0.8
perp,BTCUSDT,1D,A2_dual_MA,"{""fast"": 30, ""slow"": 100}",opt,0.000505,0.6686668957109108,1.1193488903623787,-0.7666956183209539,0.38062257453553827,0.8571501569114053,1.2773558231099302,-0.6387895885251099,14,0.5,4.461129108965065,4.461129108965064,0.2960038233959349,2.937827010219545,123.28571428571429,0.9452654625068418,2.796934865900383,0.9899230992439363,0.8
perp,BTCUSDT,1D,A2_dual_MA,"{""fast"": 30, ""slow"": 100}",real,0.000705,0.6686668957109108,1.1193488903623787,-0.7666956183209539,0.37898049232335373,0.855030905604058,1.2740364867321803,-0.6394424884669401,14,0.5,4.461129108965064,4.461129108965064,0.29600382339593484,2.9378270102195443,123.28571428571429,0.9452654625068418,2.796934865900383,0.9899230992439363,0.8
perp,BTCUSDT,1D,A2_dual_MA,"{""fast"": 30, ""slow"": 100}",stress,0.000905,0.6686668957109108,1.1193488903623787,-0.7666956183209539,0.3773403063275962,0.8529108743327498,1.2707165126873279,-0.6400942451769127,14,0.5,4.461129108965065,4.461129108965064,0.2960038233959349,2.937827010219545,123.28571428571429,0.9452654625068418,2.796934865900383,0.9899230992439363,0.8
perp,BTCUSDT,1D,A3_MA_slope,"{""ma"": 50}",opt,0.000505,0.6686668957109108,1.1193488903623787,-0.7666956183209539,0.3000635738281616,0.7344127129718029,1.1258171388250584,-0.61828784416131,49,0.3877551020408163,2.7071578793190385,4.274459809451113,0.08730582607714626,6.0928659875424,36.142857142857146,0.969896004378763,9.789272030651341,0.8179856805655198,0.6
perp,BTCUSDT,1D,A3_MA_slope,"{""ma"": 50}",real,0.000705,0.6686668957109108,1.1193488903623787,-0.7666956183209539,0.2948919231804359,0.7276793080528451,1.1151636650407708,-0.622196983802426,49,0.3877551020408163,2.7071578793190385,4.274459809451114,0.08730582607714624,6.092865987542399,36.142857142857146,0.969896004378763,9.789272030651341,0.8179856805655199,0.6
perp,BTCUSDT,1D,A3_MA_slope,"{""ma"": 50}",stress,0.000905,0.6686668957109108,1.1193488903623787,-0.7666956183209539,0.28974079186938373,0.720945042838309,1.1045149884652794,-0.6260661477612544,49,0.3877551020408163,2.707157879319039,4.274459809451114,0.08730582607714626,6.0928659875424,36.142857142857146,0.969896004378763,9.789272030651341,0.8179856805655198,0.6
perp,BTCUSDT,1D,A3_MA_slope,"{""ma"": 75}",opt,0.000505,0.6686668957109108,1.1193488903623787,-0.7666956183209539,0.36173252756404994,0.8144834008409052,1.203705001976397,-0.6472821243550271,26,0.4230769230769231,4.052267858469032,5.525819807003226,0.17904101735087657,3.8759277050335332,67.15384615384616,0.9562123700054734,5.194307608100711,0.9505786234044232,0.8
perp,BTCUSDT,1D,A3_MA_slope,"{""ma"": 75}",real,0.000705,0.6686668957109108,1.1193488903623787,-0.7666956183209539,0.3587417565900861,0.8108423233949652,1.198144975907489,-0.6476164623365822,26,0.4230769230769231,4.052267858469032,5.525819807003226,0.17904101735087657,3.8759277050335332,67.15384615384616,0.9562123700054734,5.194307608100711,0.9505786234044232,0.8
perp,BTCUSDT,1D,A3_MA_slope,"{""ma"": 75}",stress,0.000905,0.6686668957109108,1.1193488903623787,-0.7666956183209539,0.3557573988128677,0.8072004114931703,1.1925852519362852,-0.6479506667038657,26,0.4230769230769231,4.052267858469032,5.525819807003226,0.17904101735087655,3.8759277050335332,67.15384615384616,0.9562123700054734,5.194307608100711,0.9505786234044232,0.8
perp,BTCUSDT,1D,A3_MA_slope,"{""ma"": 100}",opt,0.000505,0.6686668957109108,1.1193488903623787,-0.7666956183209539,0.29601345016355074,0.7390666179597808,1.0870951181515962,-0.6832174501171053,26,0.34615384615384615,3.257702061020928,6.153437226372864,0.1399103213699829,3.7999057585961507,66.1923076923077,0.9425287356321839,5.194307608100711,0.9693065079035442,0.8
perp,BTCUSDT,1D,A3_MA_slope,"{""ma"": 100}",real,0.000705,0.6686668957109108,1.1193488903623787,-0.7666956183209539,0.2932087982202134,0.7353009732910184,1.0814061376610398,-0.6839010111691836,26,0.34615384615384615,3.257702061020928,6.153437226372864,0.13991032136998294,3.7999057585961524,66.1923076923077,0.9425287356321839,5.194307608100711,0.9693065079035442,0.8
perp,BTCUSDT,1D,A3_MA_slope,"{""ma"": 100}",stress,0.000905,0.6686668957109108,1.1193488903623787,-0.7666956183209539,0.2904101457166357,0.7315344774657069,1.0757178238341698,-0.6845831254710166,26,0.34615384615384615,3.2577020610209284,6.153437226372865,0.1399103213699829,3.799905758596151,66.1923076923077,0.9425287356321839,5.194307608100711,0.9693065079035442,0.8
perp,BTCUSDT,1D,A3_MA_slope,"{""ma"": 150}",opt,0.000505,0.6686668957109108,1.1193488903623787,-0.7666956183209539,0.05071024761399068,0.3841544629866111,0.5648412912040556,-0.8917781725778267,23,0.2608695652173913,2.3023310091104285,6.523271192479548,0.10926890713774157,3.1857489655740814,72.65217391304348,0.9151614668856048,4.594964422550629,0.9975983347969705,0.6
perp,BTCUSDT,1D,A3_MA_slope,"{""ma"": 150}",real,0.000705,0.6686668957109108,1.1193488903623787,-0.7666956183209539,0.04861382531481184,0.38087584923842893,0.5599641760885536,-0.8920622690755688,23,0.2608695652173913,2.302331009110429,6.523271192479549,0.10926890713774157,3.1857489655740805,72.65217391304348,0.9151614668856048,4.594964422550629,0.9975983347969705,0.6
perp,BTCUSDT,1D,A3_MA_slope,"{""ma"": 150}",stress,0.000905,0.6686668957109108,1.1193488903623787,-0.7666956183209539,0.046521448129556386,0.3775974581858033,0.5550885908984411,-0.8923456802526418,23,0.2608695652173913,2.302331009110428,6.523271192479547,0.10926890713774155,3.18574896557408,72.65217391304348,0.9151614668856048,4.594964422550629,0.9975983347969705,0.6
perp,BTCUSDT,1D,A3_MA_slope,"{""ma"": 200}",opt,0.000505,0.6686668957109108,1.1193488903623787,-0.7666956183209539,0.21110832977221694,0.6228404592915371,0.9215236849882583,-0.8496604306408811,27,0.4074074074074074,2.8942625649958993,4.209836458175854,0.12010391511974984,3.727891145940812,60.03703703703704,0.8877941981390257,5.394088669950738,0.952536173021482,0.6
perp,BTCUSDT,1D,A3_MA_slope,"{""ma"": 200}",real,0.000705,0.6686668957109108,1.1193488903623787,-0.7666956183209539,0.20838710212558986,0.6187437473736103,0.9153184198117522,-0.8504384597371538,27,0.4074074074074074,2.8942625649958997,4.209836458175854,0.12010391511974987,3.7278911459408124,60.03703703703704,0.8877941981390257,5.394088669950738,0.952536173021482,0.6
perp,BTCUSDT,1D,A3_MA_slope,"{""ma"": 200}",stress,0.000905,0.6686668957109108,1.1193488903623787,-0.7666956183209539,0.20567192638320764,0.6146471221334014,0.9091145315209214,-0.8512124923198053,27,0.4074074074074074,2.8942625649958984,4.209836458175852,0.12010391511974981,3.727891145940812,60.03703703703704,0.8877941981390257,5.394088669950738,0.9525361730214822,0.6
perp,BTCUSDT,1D,A3_MA_slope,"{""ma"": 250}",opt,0.000505,0.6686668957109108,1.1193488903623787,-0.7666956183209539,0.9437149204378603,1.4999656149687484,2.410161261027845,-0.5321911128895951,13,0.6153846153846154,37.46335041688876,23.414594010555476,0.5968345577872423,2.385795715414039,120.84615384615384,0.8604269293924466,2.5971538040503557,0.9913399973177693,1.0
perp,BTCUSDT,1D,A3_MA_slope,"{""ma"": 250}",real,0.000705,0.6686668957109108,1.1193488903623787,-0.7666956183209539,0.9417563892521719,1.4981408358540975,2.4069628175066495,-0.5321911128895952,13,0.6153846153846154,37.46335041688876,23.414594010555476,0.5968345577872423,2.385795715414039,120.84615384615384,0.8604269293924466,2.5971538040503557,0.9913399973177693,1.0
perp,BTCUSDT,1D,A3_MA_slope,"{""ma"": 250}",stress,0.000905,0.6686668957109108,1.1193488903623787,-0.7666956183209539,0.9397998473536024,1.4963146051663805,2.4037616949547203,-0.5321911128895952,13,0.6153846153846154,37.46335041688876,23.414594010555472,0.5968345577872423,2.385795715414039,120.84615384615384,0.8604269293924466,2.5971538040503557,0.9913399973177695,1.0
perp,BTCUSDT,1D,A4_MA_distance_capped,"{""cap_atr"": 4, ""slow"": 150}",opt,0.000505,0.6686668957109108,1.1193488903623787,-0.7666956183209539,0.1904571649504163,0.6668746279581537,1.0180415251873793,-0.4595395521559219,81,0.5555555555555556,1.6265050134263452,1.3012040107410763,0.01698350235621759,0.5813556748455132,9.506172839506172,0.421455938697318,16.182266009852217,0.3661933336550086,0.8
perp,BTCUSDT,1D,A4_MA_distance_capped,"{""cap_atr"": 4, ""slow"": 150}",real,0.000705,0.6686668957109108,1.1193488903623787,-0.7666956183209539,0.18277289388282947,0.6487011490952711,0.9894313793992642,-0.46244881760340517,81,0.5555555555555556,1.6265050134263452,1.3012040107410763,0.016983502356217595,0.5813556748455132,9.506172839506172,0.421455938697318,16.182266009852217,0.3661933336550086,0.8
perp,BTCUSDT,1D,A4_MA_distance_capped,"{""cap_atr"": 4, ""slow"": 150}",stress,0.000905,0.6686668957109108,1.1193488903623787,-0.7666956183209539,0.17513820646917044,0.6305212012373654,0.9608584791138983,-0.46534247573464504,81,0.5555555555555556,1.6265050134263452,1.3012040107410763,0.01698350235621759,0.5813556748455135,9.506172839506172,0.421455938697318,16.182266009852217,0.36619333365500867,0.8
perp,BTCUSDT,1D,A4_MA_distance_capped,"{""cap_atr"": 4, ""slow"": 200}",opt,0.000505,0.6686668957109108,1.1193488903623787,-0.7666956183209539,-0.02135751827886423,0.10756209576908696,0.15037422895662603,-0.7353031703912529,75,0.56,1.1071377597185426,0.8698939540645692,0.00313615115994127,-0.288845336951924,7.546666666666667,0.3097974822112753,14.983579638752053,0.34692391173261256,0.8
perp,BTCUSDT,1D,A4_MA_distance_capped,"{""cap_atr"": 4, ""slow"": 200}",real,0.000705,0.6686668957109108,1.1193488903623787,-0.7666956183209539,-0.027260682734713604,0.08975045734096421,0.12534886574254742,-0.7379157123830817,75,0.56,1.1071377597185426,0.8698939540645693,0.003136151159941272,-0.2888453369519237,7.546666666666667,0.3097974822112753,14.983579638752053,0.3469239117326125,0.8
perp,BTCUSDT,1D,A4_MA_distance_capped,"{""cap_atr"": 4, ""slow"": 200}",stress,0.000905,0.6686668957109108,1.1193488903623787,-0.7666956183209539,-0.033128270053035425,0.07193918061268353,0.10037336126510042,-0.7405025092128917,75,0.56,1.1071377597185428,0.8698939540645694,0.003136151159941272,-0.2888453369519237,7.546666666666667,0.3097974822112753,14.983579638752053,0.3469239117326125,0.8
perp,BTCUSDT,1D,A4_MA_distance_capped,"{""cap_atr"": 4, ""slow"": 250}",opt,0.000505,0.6686668957109108,1.1193488903623787,-0.7666956183209539,-0.1708226808957305,-0.34151197411899087,-0.4691949666702904,-0.7263622856161192,81,0.35802469135802467,0.8125208301739004,1.456933902380787,-0.0062256717336647205,0.368265693805001,7.0246913580246915,0.3114395183360701,16.182266009852217,0.48603033252744476,0.6
perp,BTCUSDT,1D,A4_MA_distance_capped,"{""cap_atr"": 4, ""slow"": 250}",real,0.000705,0.6686668957109108,1.1193488903623787,-0.7666956183209539,-0.17624230264335417,-0.35981809920672364,-0.4939544175348944,-0.7292777324103684,81,0.35802469135802467,0.8125208301739004,1.456933902380787,-0.006225671733664719,0.3682656938050014,7.0246913580246915,0.3114395183360701,16.182266009852217,0.48603033252744465,0.6
perp,BTCUSDT,1D,A4_MA_distance_capped,"{""cap_atr"": 4, ""slow"": 250}",stress,0.000905,0.6686668957109108,1.1193488903623787,-0.7666956183209539,-0.18162653693803144,-0.37811411351877744,-0.5186596716193739,-0.7321621585281726,81,0.35802469135802467,0.8125208301739003,1.4569339023807868,-0.006225671733664721,0.3682656938050012,7.0246913580246915,0.3114395183360701,16.182266009852217,0.48603033252744476,0.6
perp,BTCUSDT,1D,B1_supertrend_flip,"{""mult"": 2.0, ""n"": 10}",opt,0.000505,0.6686668957109108,1.1193488903623787,-0.7666956183209539,0.2642170487137987,0.6902055548694002,1.0400774999224085,-0.6961194291044577,69,0.36231884057971014,1.824951786599869,3.21191514441577,0.04246122242196025,4.036628278943021,26.318840579710145,0.9945265462506842,13.784893267651888,0.5634393505635139,0.6
perp,BTCUSDT,1D,B1_supertrend_flip,"{""mult"": 2.0, ""n"": 10}",real,0.000705,0.6686668957109108,1.1193488903623787,-0.7666956183209539,0.2571364446682054,0.6806696659702458,1.0253400846041734,-0.7017640152606439,69,0.36231884057971014,1.8249517865998688,3.2119151444157694,0.04246122242196026,4.036628278943021,26.318840579710145,0.9945265462506842,13.784893267651888,0.5634393505635139,0.6
perp,BTCUSDT,1D,B1_supertrend_flip,"{""mult"": 2.0, ""n"": 10}",stress,0.000905,0.6686668957109108,1.1193488903623787,-0.7666956183209539,0.25009542044287736,0.6711336584553952,1.0106111334270877,-0.7073038162142513,69,0.36231884057971014,1.8249517865998688,3.2119151444157694,0.04246122242196025,4.036628278943021,26.318840579710145,0.9945265462506842,13.784893267651888,0.5634393505635139,0.6
perp,BTCUSDT,1D,B1_supertrend_flip,"{""mult"": 2.5, ""n"": 10}",opt,0.000505,0.6686668957109108,1.1193488903623787,-0.7666956183209539,0.2531175807283532,0.6759000009485955,1.0205690294944272,-0.6073431372432774,55,0.36363636363636365,1.9186087541947037,3.3575653198407314,0.049854780060984136,3.8654854775303074,33.018181818181816,0.9945265462506842,10.987958401751504,0.6033178149697399,0.6
perp,BTCUSDT,1D,B1_supertrend_flip,"{""mult"": 2.5, ""n"": 10}",real,0.000705,0.6686668957109108,1.1193488903623787,-0.7666956183209539,0.24749035393178986,0.668184497435657,1.0085757860108102,-0.6085540278695853,55,0.36363636363636365,1.9186087541947032,3.357565319840731,0.049854780060984136,3.8654854775303074,33.018181818181816,0.9945265462506842,10.987958401751504,0.60331781496974,0.6
perp,BTCUSDT,1D,B1_supertrend_flip,"{""mult"": 2.5, ""n"": 10}",stress,0.000905,0.6686668957109108,1.1193488903623787,-0.7666956183209539,0.24188831651715437,0.6604686371632396,0.9965888112971782,-0.6097612440469957,55,0.36363636363636365,1.9186087541947032,3.357565319840731,0.04985478006098413,3.8654854775303074,33.018181818181816,0.9945265462506842,10.987958401751504,0.60331781496974,0.6
perp,BTCUSDT,1D,B1_supertrend_flip,"{""mult"": 3.0, ""n"": 10}",opt,0.000505,0.6686668957109108,1.1193488903623787,-0.7666956183209539,0.02609567126032175,0.3462175194807233,0.4999292006526422,-0.8269179084204628,43,0.3488372093023256,1.5712157791605517,2.9329361210996963,0.04412812485977537,3.0056939400009304,42.23255813953488,0.9945265462506842,8.590585659551177,0.6521450998515029,0.4
perp,BTCUSDT,1D,B1_supertrend_flip,"{""mult"": 3.0, ""n"": 10}",real,0.000705,0.6686668957109108,1.1193488903623787,-0.7666956183209539,0.022389435937624658,0.340192515837635,0.4910835856987048,-0.8295396863266102,43,0.3488372093023256,1.5712157791605519,2.9329361210996967,0.04412812485977538,3.005693940000931,42.23255813953488,0.9945265462506842,8.590585659551177,0.652145099851503,0.4
perp,BTCUSDT,1D,B1_supertrend_flip,"{""mult"": 3.0, ""n"": 10}",stress,0.000905,0.6686668957109108,1.1193488903623787,-0.7666956183209539,0.01869645582698043,0.33416754156641937,0.48224299993825376,-0.8321218544664827,43,0.3488372093023256,1.5712157791605519,2.9329361210996967,0.04412812485977536,3.0056939400009313,42.23255813953488,0.9945265462506842,8.590585659551177,0.6521450998515029,0.4
perp,BTCUSDT,1D,B1_supertrend_flip,"{""mult"": 2.0, ""n"": 14}",opt,0.000505,0.6686668957109108,1.1193488903623787,-0.7666956183209539,0.3207439987290259,0.7647430615956158,1.1607558111168945,-0.622168208450494,69,0.37681159420289856,1.81221823936203,2.997130165098742,0.039057265112724955,1.5778068854661733,26.26086956521739,0.9923371647509579,13.784893267651888,0.46726753679716004,0.6
perp,BTCUSDT,1D,B1_supertrend_flip,"{""mult"": 2.0, ""n"": 14}",real,0.000705,0.6686668957109108,1.1193488903623787,-0.7666956183209539,0.3133643156731203,0.7551960526784984,1.1458250828265921,-0.6235532109357107,69,0.37681159420289856,1.81221823936203,2.997130165098742,0.03905726511272496,1.577806885466173,26.26086956521739,0.9923371647509579,13.784893267651888,0.46726753679716,0.6
perp,BTCUSDT,1D,B1_supertrend_flip,"{""mult"": 2.0, ""n"": 14}",stress,0.000905,0.6686668957109108,1.1193488903623787,-0.7666956183209539,0.3060257950086047,0.7456484377859127,1.1309023315496614,-0.624933152093079,69,0.37681159420289856,1.81221823936203,2.997130165098742,0.039057265112724955,1.5778068854661738,26.26086956521739,0.9923371647509579,13.784893267651888,0.46726753679716,0.6
perp,BTCUSDT,1D,B1_supertrend_flip,"{""mult"": 2.5, ""n"": 14}",opt,0.000505,0.6686668957109108,1.1193488903623787,-0.7666956183209539,0.27883381346858105,0.710262975105662,1.0783782816758771,-0.5986499590142338,55,0.34545454545454546,1.9611406534448812,3.7158454486324066,0.05230999904453976,3.735423122607545,32.945454545454545,0.9923371647509579,10.987958401751504,0.6021539835927547,0.8
perp,BTCUSDT,1D,B1_supertrend_flip,"{""mult"": 2.5, ""n"": 14}",real,0.000705,0.6686668957109108,1.1193488903623787,-0.7666956183209539,0.2730976785390171,0.7025762773007765,1.066307452672926,-0.6023576872601494,55,0.34545454545454546,1.9611406534448814,3.7158454486324066,0.05230999904453975,3.735423122607544,32.945454545454545,0.9923371647509579,10.987958401751504,0.6021539835927548,0.8
perp,BTCUSDT,1D,B1_supertrend_flip,"{""mult"": 2.5, ""n"": 14}",stress,0.000905,0.6686668957109108,1.1193488903623787,-0.7666956183209539,0.26738719323356075,0.6948889283989089,1.0542432242856519,-0.6060311933071961,55,0.34545454545454546,1.9611406534448812,3.7158454486324066,0.05230999904453974,3.735423122607545,32.945454545454545,0.9923371647509579,10.987958401751504,0.6021539835927547,0.8
perp,BTCUSDT,1D,B1_supertrend_flip,"{""mult"": 3.0, ""n"": 14}",opt,0.000505,0.6686668957109108,1.1193488903623787,-0.7666956183209539,0.030212644714805226,0.351942088307417,0.510167439011155,-0.8227761625731456,43,0.3488372093023256,1.568779107803556,2.928387667899971,0.04330196684177246,3.110581195317905,42.13953488372093,0.9923371647509579,8.590585659551177,0.65634128267811,0.4
perp,BTCUSDT,1D,B1_supertrend_flip,"{""mult"": 3.0, ""n"": 14}",real,0.000705,0.6686668957109108,1.1193488903623787,-0.7666956183209539,0.026504917780131088,0.34592643308493215,0.501312812884456,-0.8254513524610319,43,0.3488372093023256,1.5687791078035562,2.9283876678999716,0.04330196684177246,3.1105811953179057,42.13953488372093,0.9923371647509579,8.590585659551177,0.65634128267811,0.4
perp,BTCUSDT,1D,B1_supertrend_flip,"{""mult"": 3.0, ""n"": 14}",stress,0.000905,0.6686668957109108,1.1193488903623787,-0.7666956183209539,0.022810412749028064,0.33991101560592596,0.49246295059775536,-0.8280862591142161,43,0.3488372093023256,1.5687791078035562,2.9283876678999716,0.04330196684177246,3.1105811953179057,42.13953488372093,0.9923371647509579,8.590585659551177,0.6563412826781099,0.4
perp,BTCUSDT,1D,B1_supertrend_flip,"{""mult"": 2.0, ""n"": 20}",opt,0.000505,0.6686668957109108,1.1193488903623787,-0.7666956183209539,0.35218640427024206,0.804960613351479,1.2281759770717298,-0.6474625887690997,69,0.37681159420289856,1.834280520550855,3.033617783987953,0.040637082110807764,1.6371685037576753,26.17391304347826,0.9890530925013684,13.784893267651888,0.45773158747662057,0.6
perp,BTCUSDT,1D,B1_supertrend_flip,"{""mult"": 2.0, ""n"": 20}",real,0.000705,0.6686668957109108,1.1193488903623787,-0.7666956183209539,0.3446354163520591,0.7954140015977192,1.2131495372884253,-0.6521531642519668,69,0.37681159420289856,1.8342805205508552,3.033617783987953,0.040637082110807764,1.6371685037576758,26.17391304347826,0.9890530925013684,13.784893267651888,0.4577315874766206,0.6
perp,BTCUSDT,1D,B1_supertrend_flip,"{""mult"": 2.0, ""n"": 20}",stress,0.000905,0.6686668957109108,1.1193488903623787,-0.7666956183209539,0.33712652380301056,0.7858656550410557,1.1981294087378076,-0.6567813781656198,69,0.37681159420289856,1.834280520550855,3.033617783987953,0.04063708211080776,1.637168503757676,26.17391304347826,0.9890530925013684,13.784893267651888,0.45773158747662057,0.6
perp,BTCUSDT,1D,B1_supertrend_flip,"{""mult"": 2.5, ""n"": 20}",opt,0.000505,0.6686668957109108,1.1193488903623787,-0.7666956183209539,0.22580216572392442,0.6373360846815949,0.9675740019412555,-0.6720765202720492,55,0.3090909090909091,1.8823993366524596,4.207716164281969,0.0502839911753535,4.377435976273651,32.836363636363636,0.9890530925013684,10.987958401751504,0.632322316858948,0.6
perp,BTCUSDT,1D,B1_supertrend_flip,"{""mult"": 2.5, ""n"": 20}",real,0.000705,0.6686668957109108,1.1193488903623787,-0.7666956183209539,0.22029959740697413,0.6296642929387706,0.9555530179023649,-0.6751233749661496,55,0.3090909090909091,1.8823993366524594,4.207716164281968,0.05028399117535349,4.37743597627365,32.836363636363636,0.9890530925013684,10.987958401751504,0.6323223168589481,0.6
perp,BTCUSDT,1D,B1_supertrend_flip,"{""mult"": 2.5, ""n"": 20}",stress,0.000905,0.6686668957109108,1.1193488903623787,-0.7666956183209539,0.21482165580542545,0.6219923407239615,0.9435401023348272,-0.6781419515695606,55,0.3090909090909091,1.8823993366524594,4.207716164281968,0.05028399117535349,4.37743597627365,32.836363636363636,0.9890530925013684,10.987958401751504,0.6323223168589481,0.6
perp,BTCUSDT,1D,B1_supertrend_flip,"{""mult"": 3.0, ""n"": 20}",opt,0.000505,0.6686668957109108,1.1193488903623787,-0.7666956183209539,0.035841889910554814,0.3604234162794472,0.520919109260724,-0.84619902077807,43,0.3488372093023256,1.5708762291164275,2.9323022943506647,0.0449298529408396,2.8470014883081878,42.0,0.9890530925013684,8.590585659551177,0.6471185632349014,0.4
perp,BTCUSDT,1D,B1_supertrend_flip,"{""mult"": 3.0, ""n"": 20}",real,0.000705,0.6686668957109108,1.1193488903623787,-0.7666956183209539,0.032108594762370934,0.3543616922644268,0.512007196811151,-0.8485259773685726,43,0.3488372093023256,1.570876229116427,2.9323022943506643,0.0449298529408396,2.847001488308188,42.0,0.9890530925013684,8.590585659551177,0.6471185632349015,0.4
perp,BTCUSDT,1D,B1_supertrend_flip,"{""mult"": 3.0, ""n"": 20}",stress,0.000905,0.6686668957109108,1.1193488903623787,-0.7666956183209539,0.028388627837336644,0.34829990471777156,0.5031003625648103,-0.8508178161868913,43,0.3488372093023256,1.5708762291164275,2.9323022943506647,0.04492985294083959,2.847001488308188,42.0,0.9890530925013684,8.590585659551177,0.6471185632349012,0.4
perp,BTCUSDT,1D,B3_supertrend_HTF,"{""mult"": 2.0, ""n"": 10}",opt,0.000505,0.6686668957109108,1.1193488903623787,-0.7666956183209539,0.3170591738967268,0.8302140736630275,1.2558424256932237,-0.6871064809000272,49,0.3469387755102041,2.4179319049313204,4.551401232811897,0.056521571953112144,4.360273811591398,22.306122448979593,0.5982484948002189,9.789272030651341,0.7386308767605159,0.8
perp,BTCUSDT,1D,B3_supertrend_HTF,"{""mult"": 2.0, ""n"": 10}",real,0.000705,0.6686668957109108,1.1193488903623787,-0.7666956183209539,0.3118233414375453,0.8215081148776822,1.2423546788024802,-0.6896907719842937,49,0.3469387755102041,2.41793190493132,4.551401232811896,0.056521571953112144,4.360273811591397,22.306122448979593,0.5982484948002189,9.789272030651341,0.7386308767605161,0.8
perp,BTCUSDT,1D,B3_supertrend_HTF,"{""mult"": 2.0, ""n"": 10}",stress,0.000905,0.6686668957109108,1.1193488903623787,-0.7666956183209539,0.30660827682479197,0.8128004258694206,1.2288674667355024,-0.6922537604897774,49,0.3469387755102041,2.41793190493132,4.551401232811896,0.05652157195311215,4.360273811591397,22.306122448979593,0.5982484948002189,9.789272030651341,0.738630876760516,0.8
perp,BTCUSDT,1D,B3_supertrend_HTF,"{""mult"": 2.5, ""n"": 10}",opt,0.000505,0.6686668957109108,1.1193488903623787,-0.7666956183209539,0.3563772559163878,0.89384561273145,1.3583389439247302,-0.5549094252562009,42,0.3333333333333333,2.8076310872942583,5.615262174588517,0.0672882210701555,4.275701799183155,26.904761904761905,0.6185002736726875,8.390804597701148,0.7721275346583458,0.8
perp,BTCUSDT,1D,B3_supertrend_HTF,"{""mult"": 2.5, ""n"": 10}",real,0.000705,0.6686668957109108,1.1193488903623787,-0.7666956183209539,0.3517598604443315,0.8863997036003947,1.3467138126447311,-0.5569131534882394,42,0.3333333333333333,2.8076310872942583,5.615262174588517,0.0672882210701555,4.275701799183156,26.904761904761905,0.6185002736726875,8.390804597701148,0.7721275346583458,0.8
perp,BTCUSDT,1D,B3_supertrend_HTF,"{""mult"": 2.5, ""n"": 10}",stress,0.000905,0.6686668957109108,1.1193488903623787,-0.7666956183209539,0.3471581442556493,0.8789522741650282,1.3350881954635017,-0.5589078841873973,42,0.3333333333333333,2.8076310872942583,5.615262174588517,0.0672882210701555,4.275701799183155,26.904761904761905,0.6185002736726875,8.390804597701148,0.7721275346583458,0.8
perp,BTCUSDT,1D,B3_supertrend_HTF,"{""mult"": 3.0, ""n"": 10}",opt,0.000505,0.6686668957109108,1.1193488903623787,-0.7666956183209539,0.23206800713446518,0.688900276232253,1.0238152022014106,-0.6234714868688677,37,0.32432432432432434,2.4132504377889914,5.027605078727064,0.061689791347725995,4.090038237879959,30.864864864864863,0.6250684181718664,7.391899288451012,0.8486192560310793,0.6
perp,BTCUSDT,1D,B3_supertrend_HTF,"{""mult"": 3.0, ""n"": 10}",real,0.000705,0.6686668957109108,1.1193488903623787,-0.7666956183209539,0.2283521600858034,0.6822078969487992,1.013607203995113,-0.6258821044812732,37,0.32432432432432434,2.4132504377889914,5.027605078727064,0.06168979134772601,4.090038237879959,30.864864864864863,0.6250684181718664,7.391899288451012,0.8486192560310793,0.6
perp,BTCUSDT,1D,B3_supertrend_HTF,"{""mult"": 3.0, ""n"": 10}",stress,0.000905,0.6686668957109108,1.1193488903623787,-0.7666956183209539,0.22464747747430414,0.6755136079648186,1.0033998906926718,-0.6282773440430078,37,0.32432432432432434,2.413250437788991,5.027605078727063,0.06168979134772601,4.090038237879959,30.864864864864863,0.6250684181718664,7.391899288451012,0.8486192560310793,0.6
perp,BTCUSDT,1D,B3_supertrend_HTF,"{""mult"": 2.0, ""n"": 14}",opt,0.000505,0.6686668957109108,1.1193488903623787,-0.7666956183209539,0.3426356688707939,0.8821478213329746,1.3426761132823282,-0.6857511156381306,49,0.3469387755102041,2.3133870868596027,4.354610987029841,0.049393739924520765,1.8643717269447033,21.857142857142858,0.5862068965517241,9.789272030651341,0.6423504189920495,0.8
perp,BTCUSDT,1D,B3_supertrend_HTF,"{""mult"": 2.0, ""n"": 14}",real,0.000705,0.6686668957109108,1.1193488903623787,-0.7666956183209539,0.3373021495769595,0.8732419733252145,1.3287510079389602,-0.6883458060904208,49,0.3469387755102041,2.3133870868596027,4.35461098702984,0.049393739924520765,1.8643717269447038,21.857142857142858,0.5862068965517241,9.789272030651341,0.6423504189920496,0.8
perp,BTCUSDT,1D,B3_supertrend_HTF,"{""mult"": 2.0, ""n"": 14}",stress,0.000905,0.6686668957109108,1.1193488903623787,-0.7666956183209539,0.33198977172095434,0.8643340462995659,1.3148263013911248,-0.6909191142436764,49,0.3469387755102041,2.3133870868596023,4.35461098702984,0.049393739924520765,1.864371726944704,21.857142857142858,0.5862068965517241,9.789272030651341,0.6423504189920495,0.8
perp,BTCUSDT,1D,B3_supertrend_HTF,"{""mult"": 2.5, ""n"": 14}",opt,0.000505,0.6686668957109108,1.1193488903623787,-0.7666956183209539,0.3519943744615437,0.8845143575949915,1.3446421688285992,-0.5732279905622655,42,0.3333333333333333,2.7492596296083356,5.498519259216672,0.06752117561274645,4.15231200549636,26.833333333333332,0.6168582375478927,8.390804597701148,0.7774997001882664,0.8
perp,BTCUSDT,1D,B3_supertrend_HTF,"{""mult"": 2.5, ""n"": 14}",real,0.000705,0.6686668957109108,1.1193488903623787,-0.7666956183209539,0.3473777083954044,0.8770867370404574,1.3330351896759043,-0.5762262126392703,42,0.3333333333333333,2.749259629608335,5.49851925921667,0.06752117561274645,4.15231200549636,26.833333333333332,0.6168582375478927,8.390804597701148,0.7774997001882664,0.8
perp,BTCUSDT,1D,B3_supertrend_HTF,"{""mult"": 2.5, ""n"": 14}",stress,0.000905,0.6686668957109108,1.1193488903623787,-0.7666956183209539,0.34277676028466675,0.8696575903469671,1.3214280490172863,-0.5792034223374729,42,0.3333333333333333,2.7492596296083356,5.498519259216672,0.06752117561274645,4.15231200549636,26.833333333333332,0.6168582375478927,8.390804597701148,0.7774997001882664,0.8
perp,BTCUSDT,1D,B3_supertrend_HTF,"{""mult"": 3.0, ""n"": 14}",opt,0.000505,0.6686668957109108,1.1193488903623787,-0.7666956183209539,0.2332122003157795,0.6887358904635726,1.0252739067495484,-0.6391849778857972,37,0.2972972972972973,2.471666307387868,5.842120362916779,0.06114696974002418,4.175922967710379,31.43243243243243,0.6365626710454296,7.391899288451012,0.8577303758240403,0.6
perp,BTCUSDT,1D,B3_supertrend_HTF,"{""mult"": 3.0, ""n"": 14}",real,0.000705,0.6686668957109108,1.1193488903623787,-0.7666956183209539,0.2294888514146698,0.6820926979167352,1.015140189445535,-0.6415734370065798,37,0.2972972972972973,2.471666307387868,5.842120362916779,0.06114696974002418,4.175922967710379,31.43243243243243,0.6365626710454296,7.391899288451012,0.8577303758240403,0.6
perp,BTCUSDT,1D,B3_supertrend_HTF,"{""mult"": 3.0, ""n"": 14}",stress,0.000905,0.6686668957109108,1.1193488903623787,-0.7666956183209539,0.22577670092208213,0.6754477485875789,1.005007124123932,-0.6439461267027611,37,0.2972972972972973,2.471666307387868,5.842120362916779,0.06114696974002417,4.17592296771038,31.43243243243243,0.6365626710454296,7.391899288451012,0.8577303758240403,0.6
perp,BTCUSDT,1D,B3_supertrend_HTF,"{""mult"": 2.0, ""n"": 20}",opt,0.000505,0.6686668957109108,1.1193488903623787,-0.7666956183209539,0.3187882147174008,0.8442400494361242,1.2812370100327763,-0.7129826255517634,49,0.3469387755102041,2.201507463737482,4.144014049388201,0.047646579373000215,1.9610713492964618,21.224489795918366,0.5692391899288451,9.789272030651341,0.6435818761748461,0.8
perp,BTCUSDT,1D,B3_supertrend_HTF,"{""mult"": 2.0, ""n"": 20}",real,0.000705,0.6686668957109108,1.1193488903623787,-0.7666956183209539,0.3135336357223206,0.8352547670306026,1.2672200487774534,-0.7153639548937982,49,0.3469387755102041,2.201507463737482,4.144014049388201,0.047646579373000215,1.9610713492964618,21.224489795918366,0.5692391899288451,9.789272030651341,0.6435818761748461,0.8
perp,BTCUSDT,1D,B3_supertrend_HTF,"{""mult"": 2.0, ""n"": 20}",stress,0.000905,0.6686668957109108,1.1193488903623787,-0.7666956183209539,0.3082999408593363,0.826267717362946,1.2532047299755493,-0.717725570332476,49,0.3469387755102041,2.2015074637374825,4.144014049388202,0.047646579373000215,1.9610713492964618,21.224489795918366,0.5692391899288451,9.789272030651341,0.643581876174846,0.8
perp,BTCUSDT,1D,B3_supertrend_HTF,"{""mult"": 2.5, ""n"": 20}",opt,0.000505,0.6686668957109108,1.1193488903623787,-0.7666956183209539,0.30560878403271174,0.8093807634173162,1.2255515520133007,-0.6244500845928271,42,0.2857142857142857,2.5947137121621897,6.486784280405474,0.06693346705739553,4.546199739282131,26.904761904761905,0.6185002736726875,8.390804597701148,0.8098222149881451,0.8
perp,BTCUSDT,1D,B3_supertrend_HTF,"{""mult"": 2.5, ""n"": 20}",real,0.000705,0.6686668957109108,1.1193488903623787,-0.7666956183209539,0.30113998258085184,0.8019181886683366,1.213957365621827,-0.6270939766972978,42,0.2857142857142857,2.5947137121621897,6.486784280405475,0.06693346705739553,4.546199739282131,26.904761904761905,0.6185002736726875,8.390804597701148,0.809822214988145,0.8
perp,BTCUSDT,1D,B3_supertrend_HTF,"{""mult"": 2.5, ""n"": 20}",stress,0.000905,0.6686668957109108,1.1193488903623787,-0.7666956183209539,0.29668642738083717,0.7944542984905667,1.2023639078387678,-0.6297193024936396,42,0.2857142857142857,2.59471371216219,6.486784280405475,0.06693346705739553,4.546199739282131,26.904761904761905,0.6185002736726875,8.390804597701148,0.8098222149881451,0.8
perp,BTCUSDT,1D,B3_supertrend_HTF,"{""mult"": 3.0, ""n"": 20}",opt,0.000505,0.6686668957109108,1.1193488903623787,-0.7666956183209539,0.21155820388934465,0.6500925549658075,0.9663061423721736,-0.6391849778857974,37,0.2972972972972973,2.3424860082109324,5.53678511031675,0.058238900359895845,4.05446234483148,31.18918918918919,0.6316365626710454,7.391899288451012,0.8562237306565399,0.6
perp,BTCUSDT,1D,B3_supertrend_HTF,"{""mult"": 3.0, ""n"": 20}",real,0.000705,0.6686668957109108,1.1193488903623787,-0.7666956183209539,0.20789327991694706,0.6434202278477541,0.9561632783947356,-0.6415734370065798,37,0.2972972972972973,2.3424860082109324,5.53678511031675,0.058238900359895845,4.05446234483148,31.18918918918919,0.6316365626710454,7.391899288451012,0.85622373065654,0.6
perp,BTCUSDT,1D,B3_supertrend_HTF,"{""mult"": 3.0, ""n"": 20}",stress,0.000905,0.6686668957109108,1.1193488903623787,-0.7666956183209539,0.20423939611766384,0.6367462985083963,0.9460212761790434,-0.6439461267027606,37,0.2972972972972973,2.342486008210933,5.5367851103167505,0.05823890035989586,4.054462344831482,31.18918918918919,0.6316365626710454,7.391899288451012,0.85622373065654,0.6
perp,BTCUSDT,1D,C1_donchian_channel,"{""n"": 20}",opt,0.000505,0.6686668957109108,1.1193488903623787,-0.7666956183209539,0.33278710152401003,0.7909289120967073,1.249544867614421,-0.5809947744283124,46,0.43478260869565216,2.6957744368721883,3.5045067679338446,0.09113446439379447,6.044237526908698,30.347826086956523,0.7646414887794198,9.189928845101258,0.7422621349388292,0.6
perp,BTCUSDT,1D,C1_donchian_channel,"{""n"": 20}",real,0.000705,0.6686668957109108,1.1193488903623787,-0.7666956183209539,0.3278255787809634,0.7841991870010102,1.238564884955711,-0.5877684526126573,46,0.43478260869565216,2.695774436872188,3.504506767933844,0.09113446439379445,6.044237526908698,30.347826086956523,0.7646414887794198,9.189928845101258,0.7422621349388292,0.6
perp,BTCUSDT,1D,C1_donchian_channel,"{""n"": 20}",stress,0.000905,0.6686668957109108,1.1193488903623787,-0.7666956183209539,0.32288248400200703,0.7774681987116592,1.227586149391406,-0.5944326945389513,46,0.43478260869565216,2.6957744368721888,3.504506767933845,0.09113446439379445,6.044237526908699,30.347826086956523,0.7646414887794198,9.189928845101258,0.7422621349388292,0.4
perp,BTCUSDT,1D,C6_donchian_ATR_trail,"{""n"": 20, ""trail"": 2.0}",opt,0.000505,0.6686668957109108,1.1193488903623787,-0.7666956183209539,0.03102548125642035,0.24505480557995618,0.4039980725747781,-0.2780741646148124,35,0.45714285714285713,1.3489805332718185,1.6019143832602847,0.011295683380295445,2.011947010337967,7.942857142857143,0.15216201423097975,6.992337164750958,0.7080812918447745,0.6
perp,BTCUSDT,1D,C6_donchian_ATR_trail,"{""n"": 20, ""trail"": 2.0}",real,0.000705,0.6686668957109108,1.1193488903623787,-0.7666956183209539,0.028118372466995556,0.23331073499333582,0.3838318773434143,-0.2805362297611409,35,0.45714285714285713,1.3489805332718185,1.6019143832602847,0.011295683380295449,2.0119470103379675,7.942857142857143,0.15216201423097975,6.992337164750958,0.7080812918447745,0.6
perp,BTCUSDT,1D,C6_donchian_ATR_trail,"{""n"": 20, ""trail"": 2.0}",stress,0.000905,0.6686668957109108,1.1193488903623787,-0.7666956183209539,0.02521944590960068,0.22158012432026494,0.36377137878676513,-0.2829899334938798,35,0.45714285714285713,1.3489805332718185,1.6019143832602847,0.011295683380295449,2.011947010337967,7.942857142857143,0.15216201423097975,6.992337164750958,0.7080812918447745,0.6
perp,BTCUSDT,1D,C6_donchian_ATR_trail,"{""n"": 20, ""trail"": 3.0}",opt,0.000505,0.6686668957109108,1.1193488903623787,-0.7666956183209539,0.12300386198924063,0.48837839605358574,0.8112136978607605,-0.3947465699174999,35,0.42857142857142855,1.7122425220394522,2.282990029385936,0.028429743259821005,1.4099579511870524,18.571428571428573,0.35577449370552816,6.992337164750958,0.6626653491213355,0.4
perp,BTCUSDT,1D,C6_donchian_ATR_trail,"{""n"": 20, ""trail"": 3.0}",real,0.000705,0.6686668957109108,1.1193488903623787,-0.7666956183209539,0.1198565687836537,0.4810171021898576,0.7981482282883215,-0.4004674991819761,35,0.42857142857142855,1.7122425220394528,2.282990029385937,0.02842974325982101,1.4099579511870526,18.571428571428573,0.35577449370552816,6.992337164750958,0.6626653491213355,0.4
perp,BTCUSDT,1D,C6_donchian_ATR_trail,"{""n"": 20, ""trail"": 3.0}",stress,0.000905,0.6686668957109108,1.1193488903623787,-0.7666956183209539,0.11671808207249224,0.47366074405745867,0.785117104918646,-0.40613441179477283,35,0.42857142857142855,1.7122425220394522,2.282990029385936,0.028429743259821005,1.4099579511870524,18.571428571428573,0.35577449370552816,6.992337164750958,0.6626653491213355,0.4
perp,BTCUSDT,1D,C6_donchian_ATR_trail,"{""n"": 20, ""trail"": 4.0}",opt,0.000505,0.6686668957109108,1.1193488903623787,-0.7666956183209539,0.25763009829170747,0.7184972404515718,1.1395091062284552,-0.5673700563696513,35,0.45714285714285713,2.2230421623327894,2.6398625677701872,0.06798806100492881,3.107658683785403,31.17142857142857,0.5971538040503558,6.992337164750958,0.7463600730187848,0.6
perp,BTCUSDT,1D,C6_donchian_ATR_trail,"{""n"": 20, ""trail"": 4.0}",real,0.000705,0.6686668957109108,1.1193488903623787,-0.7666956183209539,0.25406837305868146,0.7124166442145552,1.1291920168689664,-0.5688210856179643,35,0.45714285714285713,2.2230421623327894,2.6398625677701872,0.06798806100492881,3.1076586837854023,31.17142857142857,0.5971538040503558,6.992337164750958,0.7463600730187848,0.6
perp,BTCUSDT,1D,C6_donchian_ATR_trail,"{""n"": 20, ""trail"": 4.0}",stress,0.000905,0.6686668957109108,1.1193488903623787,-0.7666956183209539,0.25051669834370105,0.7063379936861214,1.1188887081416337,-0.5702672799456495,35,0.45714285714285713,2.2230421623327894,2.6398625677701872,0.06798806100492884,3.1076586837854023,31.17142857142857,0.5971538040503558,6.992337164750958,0.7463600730187848,0.6
perp,BTCUSDT,1D,C4_donchian_HTF,"{""n"": 20}",opt,0.000505,0.6686668957109108,1.1193488903623787,-0.7666956183209539,0.29179488850877244,0.7882747979937413,1.2168311795063746,-0.737034810894877,38,0.34210526315789475,3.0832078661876476,5.929245896514706,0.10267403805197133,5.642657597203521,24.789473684210527,0.5161466885604816,7.59168035030104,0.8501244923280447,0.8
perp,BTCUSDT,1D,C4_donchian_HTF,"{""n"": 20}",real,0.000705,0.6686668957109108,1.1193488903623787,-0.7666956183209539,0.28780006337315234,0.7814962079084299,1.2060436106285577,-0.7386743130281913,38,0.34210526315789475,3.0832078661876476,5.929245896514708,0.10267403805197131,5.64265759720352,24.789473684210527,0.5161466885604816,7.59168035030104,0.8501244923280447,0.8
perp,BTCUSDT,1D,C4_donchian_HTF,"{""n"": 20}",stress,0.000905,0.6686668957109108,1.1193488903623787,-0.7666956183209539,0.2838175516589696,0.7747157930764776,1.1952562534768705,-0.7403036239135945,38,0.34210526315789475,3.0832078661876476,5.929245896514706,0.10267403805197131,5.64265759720352,24.789473684210527,0.5161466885604816,7.59168035030104,0.8501244923280445,0.8
perp,BTCUSDT,1D,C1_donchian_channel,"{""n"": 50}",opt,0.000505,0.6686668957109108,1.1193488903623787,-0.7666956183209539,0.132254218513435,0.49476004538131874,0.7598296372423022,-0.777582893764355,23,0.4782608695652174,2.3507445098103497,2.564448556156745,0.10115502549244379,3.918455089352841,58.04347826086956,0.7312534209085934,4.594964422550629,0.8702353371246628,0.4
perp,BTCUSDT,1D,C1_donchian_channel,"{""n"": 50}",real,0.000705,0.6686668957109108,1.1193488903623787,-0.7666956183209539,0.13007644961370657,0.4912403123393348,0.7543477086984849,-0.7794559050941758,23,0.4782608695652174,2.3507445098103497,2.564448556156745,0.10115502549244379,3.918455089352841,58.04347826086956,0.7312534209085934,4.594964422550629,0.8702353371246628,0.4
perp,BTCUSDT,1D,C1_donchian_channel,"{""n"": 50}",stress,0.000905,0.6686668957109108,1.1193488903623787,-0.7666956183209539,0.12790280893729733,0.48772082251983395,0.7488664745301231,-0.7813132037090385,23,0.4782608695652174,2.3507445098103497,2.564448556156745,0.10115502549244379,3.91845508935284,58.04347826086956,0.7312534209085934,4.594964422550629,0.8702353371246628,0.4
perp,BTCUSDT,1D,C6_donchian_ATR_trail,"{""n"": 50, ""trail"": 2.0}",opt,0.000505,0.6686668957109108,1.1193488903623787,-0.7666956183209539,0.031080861722645015,0.23480314249600207,0.48235035403441684,-0.23323521000385738,18,0.3333333333333333,1.5150953387040706,3.0301906774081413,0.015165241204849692,1.323783980997558,8.277777777777779,0.0815544608648057,3.5960591133004924,0.9191373855927621,0.6
perp,BTCUSDT,1D,C6_donchian_ATR_trail,"{""n"": 50, ""trail"": 2.0}",real,0.000705,0.6686668957109108,1.1193488903623787,-0.7666956183209539,0.02960353369302582,0.22889468219802356,0.46927761628923087,-0.2368265180433925,18,0.3333333333333333,1.5150953387040706,3.0301906774081413,0.015165241204849692,1.3237839809975582,8.277777777777779,0.0815544608648057,3.5960591133004924,0.9191373855927621,0.6
perp,BTCUSDT,1D,C6_donchian_ATR_trail,"{""n"": 50, ""trail"": 2.0}",stress,0.000905,0.6686668957109108,1.1193488903623787,-0.7666956183209539,0.02812831995209364,0.22299194942408318,0.4562675241134684,-0.24040107202691385,18,0.3333333333333333,1.5150953387040709,3.0301906774081417,0.015165241204849697,1.3237839809975585,8.277777777777779,0.0815544608648057,3.5960591133004924,0.9191373855927624,0.6
perp,BTCUSDT,1D,C6_donchian_ATR_trail,"{""n"": 50, ""trail"": 3.0}",opt,0.000505,0.6686668957109108,1.1193488903623787,-0.7666956183209539,0.03553103970575622,0.25678088922662623,0.44220127978322515,-0.3048149895429402,18,0.4444444444444444,1.5123405471391917,1.8904256839239897,0.018038732814590782,0.8863068041212124,19.72222222222222,0.19430760810071154,3.5960591133004924,0.9053453782967612,0.8
perp,BTCUSDT,1D,C6_donchian_ATR_trail,"{""n"": 50, ""trail"": 3.0}",real,0.000705,0.6686668957109108,1.1193488903623787,-0.7666956183209539,0.03405502103737357,0.25208018799090653,0.43371250753408963,-0.3079533824757791,18,0.4444444444444444,1.5123405471391917,1.8904256839239897,0.01803873281459077,0.8863068041212128,19.72222222222222,0.19430760810071154,3.5960591133004924,0.905345378296761,0.8
perp,BTCUSDT,1D,C6_donchian_ATR_trail,"{""n"": 50, ""trail"": 3.0}",stress,0.000905,0.6686668957109108,1.1193488903623787,-0.7666956183209539,0.03258110633984734,0.24738302667694326,0.4252447565085471,-0.3110776484794969,18,0.4444444444444444,1.5123405471391917,1.8904256839239897,0.01803873281459078,0.8863068041212124,19.72222222222222,0.19430760810071154,3.5960591133004924,0.9053453782967611,0.8
perp,BTCUSDT,1D,C6_donchian_ATR_trail,"{""n"": 50, ""trail"": 4.0}",opt,0.000505,0.6686668957109108,1.1193488903623787,-0.7666956183209539,0.06851709481726753,0.3567272363618835,0.5715692328938224,-0.4049752712670871,18,0.3888888888888889,1.6963020083727027,2.665617441728533,0.037504059498326116,0.8017889445406693,32.77777777777778,0.3229337712096333,3.5960591133004924,0.8181687142645956,0.8
perp,BTCUSDT,1D,C6_donchian_ATR_trail,"{""n"": 50, ""trail"": 4.0}",real,0.000705,0.6686668957109108,1.1193488903623787,-0.7666956183209539,0.06698682832768754,0.3527817043008751,0.5649272005293547,-0.407672777899003,18,0.3888888888888889,1.6963020083727025,2.6656174417285325,0.03750405949832611,0.8017889445406693,32.77777777777778,0.3229337712096333,3.5960591133004924,0.8181687142645957,0.8
perp,BTCUSDT,1D,C6_donchian_ATR_trail,"{""n"": 50, ""trail"": 4.0}",stress,0.000905,0.6686668957109108,1.1193488903623787,-0.7666956183209539,0.06545874747080194,0.34883847611947577,0.558295983623762,-0.4103581055233826,18,0.3888888888888889,1.6963020083727027,2.665617441728533,0.03750405949832611,0.8017889445406696,32.77777777777778,0.3229337712096333,3.5960591133004924,0.8181687142645956,0.8
perp,BTCUSDT,1D,C4_donchian_HTF,"{""n"": 50}",opt,0.000505,0.6686668957109108,1.1193488903623787,-0.7666956183209539,0.31078603311243214,0.8075293409171385,1.227964308786616,-0.5724155848589969,23,0.391304347826087,4.53749186781862,7.05832068327341,0.12521750058987652,4.273983910553675,48.391304347826086,0.6097427476737821,4.594964422550629,0.9538299553696264,1.0
perp,BTCUSDT,1D,C4_donchian_HTF,"{""n"": 50}",real,0.000705,0.6686668957109108,1.1193488903623787,-0.7666956183209539,0.3083406919638163,0.8035703329572507,1.2217923455730069,-0.5754431931777984,23,0.391304347826087,4.53749186781862,7.05832068327341,0.12521750058987655,4.273983910553677,48.391304347826086,0.6097427476737821,4.594964422550629,0.9538299553696264,1.0
perp,BTCUSDT,1D,C4_donchian_HTF,"{""n"": 50}",stress,0.000905,0.6686668957109108,1.1193488903623787,-0.7666956183209539,0.3058998914577562,0.7996110270233091,1.2156200543112152,-0.5784494076981253,23,0.391304347826087,4.537491867818621,7.0583206832734104,0.12521750058987652,4.273983910553675,48.391304347826086,0.6097427476737821,4.594964422550629,0.9538299553696264,1.0
perp,BTCUSDT,1D,C1_donchian_channel,"{""n"": 100}",opt,0.000505,0.6686668957109108,1.1193488903623787,-0.7666956183209539,0.29010507786307915,0.7530268266398148,1.1118403974678768,-0.7142023698771194,10,0.4,4.5541968773919415,6.831295316087913,0.3656654079682996,2.618574399973294,122.3,0.6699507389162561,1.9978106185002735,0.9890241629951885,0.4
perp,BTCUSDT,1D,C1_donchian_channel,"{""n"": 100}",real,0.000705,0.6686668957109108,1.1193488903623787,-0.7666956183209539,0.28897803401551414,0.7513219117378189,1.1092319827322161,-0.715158371064481,10,0.4,4.5541968773919415,6.831295316087913,0.3656654079682996,2.618574399973294,122.3,0.6699507389162561,1.9978106185002735,0.9890241629951885,0.4
perp,BTCUSDT,1D,C1_donchian_channel,"{""n"": 100}",stress,0.000905,0.6686668957109108,1.1193488903623787,-0.7666956183209539,0.28785191283942946,0.7496167732856709,1.1066231590579896,-0.716111251136673,10,0.4,4.5541968773919415,6.831295316087913,0.3656654079682996,2.618574399973294,122.3,0.6699507389162561,1.9978106185002735,0.9890241629951885,0.4
perp,BTCUSDT,1D,C6_donchian_ATR_trail,"{""n"": 100, ""trail"": 2.0}",opt,0.000505,0.6686668957109108,1.1193488903623787,-0.7666956183209539,-0.046471391897857206,-0.2570725924756781,-0.33224637191172335,-0.21301292084261636,5,0.2,0.016643858653975805,0.06657543461590322,-0.04428719479208406,0.4180765792529717,10.6,0.029009304871373837,0.9989053092501368,-59.08222136404197,0.0
perp,BTCUSDT,1D,C6_donchian_ATR_trail,"{""n"": 100, ""trail"": 2.0}",real,0.000705,0.6686668957109108,1.1193488903623787,-0.7666956183209539,-0.046858486173283254,-0.25961596799814823,-0.33532017792477614,-0.2144528873811451,5,0.2,0.016643858653975805,0.06657543461590322,-0.04428719479208406,0.4180765792529717,10.6,0.029009304871373837,0.9989053092501368,-59.08222136404196,0.0
perp,BTCUSDT,1D,C6_donchian_ATR_trail,"{""n"": 100, ""trail"": 2.0}",stress,0.000905,0.6686668957109108,1.1193488903623787,-0.7666956183209539,-0.047245425978181266,-0.26215462919918336,-0.33838457441521236,-0.21589019850175262,5,0.2,0.016643858653975805,0.06657543461590322,-0.04428719479208406,0.4180765792529717,10.6,0.029009304871373837,0.9989053092501368,-59.08222136404197,0.0
perp,BTCUSDT,1D,C6_donchian_ATR_trail,"{""n"": 100, ""trail"": 3.0}",opt,0.000505,0.6686668957109108,1.1193488903623787,-0.7666956183209539,-0.058003860741448254,-0.22589534303093173,-0.3032150473719105,-0.2868465392203554,5,0.2,0.18663172836642167,0.7465269134656867,-0.053793682552703684,1.0703182355808036,22.2,0.060755336617405585,0.9989053092501368,-4.3581457384173135,0.0
perp,BTCUSDT,1D,C6_donchian_ATR_trail,"{""n"": 100, ""trail"": 3.0}",real,0.000705,0.6686668957109108,1.1193488903623787,-0.7666956183209539,-0.05838199628556007,-0.22786902975293302,-0.3057253005976418,-0.28785124942833185,5,0.2,0.1866317283664217,0.7465269134656868,-0.053793682552703684,1.0703182355808043,22.2,0.060755336617405585,0.9989053092501368,-4.3581457384173135,0.0
perp,BTCUSDT,1D,C6_donchian_ATR_trail,"{""n"": 100, ""trail"": 3.0}",stress,0.000905,0.6686668957109108,1.1193488903623787,-0.7666956183209539,-0.058759981167211706,-0.22984023861580394,-0.30823013413283523,-0.2888545767662485,5,0.2,0.1866317283664217,0.7465269134656868,-0.053793682552703684,1.0703182355808043,22.2,0.060755336617405585,0.9989053092501368,-4.3581457384173135,0.0
perp,BTCUSDT,1D,C6_donchian_ATR_trail,"{""n"": 100, ""trail"": 4.0}",opt,0.000505,0.6686668957109108,1.1193488903623787,-0.7666956183209539,-0.09500352768052045,-0.39500406457595716,-0.507987721086595,-0.40764112034634137,5,0.2,0.03641134345436334,0.14564537381745335,-0.09081517027841193,1.1082493985948048,25.8,0.07060755336617405,0.9989053092501368,-26.463968783611726,0.0
perp,BTCUSDT,1D,C6_donchian_ATR_trail,"{""n"": 100, ""trail"": 4.0}",real,0.000705,0.6686668957109108,1.1193488903623787,-0.7666956183209539,-0.09537498726953164,-0.39678277062833395,-0.5100806242965825,-0.408502412783438,5,0.2,0.03641134345436334,0.14564537381745335,-0.09081517027841193,1.1082493985948059,25.8,0.07060755336617405,0.9989053092501368,-26.46396878361173,0.0
perp,BTCUSDT,1D,C6_donchian_ATR_trail,"{""n"": 100, ""trail"": 4.0}",stress,0.000905,0.6686668957109108,1.1193488903623787,-0.7666956183209539,-0.09574629913202615,-0.3985588968932821,-0.5121689388385462,-0.4093624919224148,5,0.2,0.03641134345436334,0.14564537381745335,-0.09081517027841193,1.1082493985948056,25.8,0.07060755336617405,0.9989053092501368,-26.46396878361173,0.0
perp,BTCUSDT,1D,C4_donchian_HTF,"{""n"": 100}",opt,0.000505,0.6686668957109108,1.1193488903623787,-0.7666956183209539,0.24611883723691363,0.6916365622922401,1.023050494046206,-0.7846602901071276,16,0.3125,3.8614854615461205,8.495268015401464,0.2407820641624635,3.5445013879561786,72.0625,0.6316365626710454,3.196496989600438,1.0,0.4
perp,BTCUSDT,1D,C4_donchian_HTF,"{""n"": 100}",real,0.000705,0.6686668957109108,1.1193488903623787,-0.7666956183209539,0.24442913230643093,0.688895619260914,1.0188934108517036,-0.7858987542059707,16,0.3125,3.8614854615461205,8.495268015401464,0.2407820641624635,3.5445013879561786,72.0625,0.6316365626710454,3.196496989600438,1.0,0.4
perp,BTCUSDT,1D,C4_donchian_HTF,"{""n"": 100}",stress,0.000905,0.6686668957109108,1.1193488903623787,-0.7666956183209539,0.24274166295474298,0.6861544830357363,1.0147360727474157,-0.7871301496307913,16,0.3125,3.8614854615461196,8.495268015401463,0.24078206416246348,3.5445013879561786,72.0625,0.6316365626710454,3.196496989600438,1.0,0.4
perp,BTCUSDT,1D,C2_donchian_voltarget,"{""n"": 20, ""vol_target"": 0.2}",opt,0.000505,0.6686668957109108,1.1193488903623787,-0.7666956183209539,0.0744143629560583,0.5475674625968184,0.9203962581696422,-0.1591834221534454,35,0.4,1.7049083888246128,2.43558341260659,0.028964554015491858,1.3813438418918649,18.571428571428573,0.35467980295566504,6.992337164750958,0.6655159867152209,0.6
perp,BTCUSDT,1D,C2_donchian_voltarget,"{""n"": 20, ""vol_target"": 0.2}",real,0.000705,0.6686668957109108,1.1193488903623787,-0.7666956183209539,0.07323731002038203,0.5402430878284176,0.9069989391089383,-0.16032025265326644,35,0.4,1.7049083888246126,2.4355834126065896,0.028964554015491858,1.3813438418918647,18.571428571428573,0.35467980295566504,6.992337164750958,0.6655159867152209,0.6
perp,BTCUSDT,1D,C2_donchian_voltarget,"{""n"": 20, ""vol_target"": 0.2}",stress,0.000905,0.6686668957109108,1.1193488903623787,-0.7666956183209539,0.07206180002894502,0.5329228856805103,0.8936392117296958,-0.16145527623429667,35,0.4,1.7049083888246126,2.4355834126065896,0.02896455401549185,1.3813438418918653,18.571428571428573,0.35467980295566504,6.992337164750958,0.6655159867152209,0.6
perp,BTCUSDT,1D,C2_donchian_voltarget,"{""n"": 50, ""vol_target"": 0.2}",opt,0.000505,0.6686668957109108,1.1193488903623787,-0.7666956183209539,0.01325825106452072,0.17595647129234548,0.2906862285909158,-0.1568258543160207,18,0.4444444444444444,1.5123405471391917,1.8904256839239897,0.018038732814590775,0.8863068041212128,19.72222222222222,0.19430760810071154,3.5960591133004924,0.905345378296761,0.6
perp,BTCUSDT,1D,C2_donchian_voltarget,"{""n"": 50, ""vol_target"": 0.2}",real,0.000705,0.6686668957109108,1.1193488903623787,-0.7666956183209539,0.01267790279475145,0.17054679937041783,0.28140267109606626,-0.1580894752803893,18,0.4444444444444444,1.5123405471391917,1.8904256839239897,0.01803873281459078,0.8863068041212124,19.72222222222222,0.19430760810071154,3.5960591133004924,0.905345378296761,0.6
perp,BTCUSDT,1D,C2_donchian_voltarget,"{""n"": 50, ""vol_target"": 0.2}",stress,0.000905,0.6686668957109108,1.1193488903623787,-0.7666956183209539,0.012098013848093947,0.16514167547602263,0.27214944668645724,-0.15935095880047956,18,0.4444444444444444,1.5123405471391917,1.8904256839239897,0.01803873281459077,0.886306804121213,19.72222222222222,0.19430760810071154,3.5960591133004924,0.905345378296761,0.6
perp,BTCUSDT,1D,C2_donchian_voltarget,"{""n"": 100, ""vol_target"": 0.2}",opt,0.000505,0.6686668957109108,1.1193488903623787,-0.7666956183209539,-0.020113415658348788,-0.41777438488568563,-0.5252794137245362,-0.09940988600800726,5,0.2,0.18663172836642167,0.7465269134656867,-0.053793682552703684,1.0703182355808036,22.2,0.060755336617405585,0.9989053092501368,-4.3581457384173135,0.0
perp,BTCUSDT,1D,C2_donchian_voltarget,"{""n"": 100, ""vol_target"": 0.2}",real,0.000705,0.6686668957109108,1.1193488903623787,-0.7666956183209539,-0.020238089065569786,-0.4203103892265733,-0.528154330348346,-0.09985592414472677,5,0.2,0.18663172836642167,0.7465269134656867,-0.053793682552703684,1.0703182355808036,22.2,0.060755336617405585,0.9989053092501368,-4.3581457384173135,0.0
perp,BTCUSDT,1D,C2_donchian_voltarget,"{""n"": 100, ""vol_target"": 0.2}",stress,0.000905,0.6686668957109108,1.1193488903623787,-0.7666956183209539,-0.02036271421917424,-0.4228414600774279,-0.531020809777581,-0.1003016331933424,5,0.2,0.1866317283664217,0.7465269134656868,-0.053793682552703684,1.070318235580804,22.2,0.060755336617405585,0.9989053092501368,-4.3581457384173135,0.0
perp,ETHUSDT,1h,A1_price_slowMA,"{""slow"": 150}",opt,0.000505,0.915153785099097,1.1977752869718652,-0.8138406621490164,0.1626594163842765,0.5671007143742953,0.9011922193668446,-0.7892780943997464,1640,0.14390243902439023,1.3325831892470885,7.92774066823268,0.002578829354041691,7.574950342120795,26.64451219512195,0.9965790914066777,327.64094143404486,0.17726930569911734,0.6
perp,ETHUSDT,1h,A1_price_slowMA,"{""slow"": 150}",real,0.000705,0.915153785099097,1.1977752869718652,-0.8138406621490164,0.019732726712992532,0.39370186201625945,0.6187137336747279,-0.8520949538619703,1640,0.14390243902439023,1.3325831892470885,7.92774066823268,0.002578829354041691,7.574950342120796,26.64451219512195,0.9965790914066777,327.64094143404486,0.17726930569911736,0.6
perp,ETHUSDT,1h,A1_price_slowMA,"{""slow"": 150}",stress,0.000905,0.915153785099097,1.1977752869718652,-0.8138406621490164,-0.10562396226744386,0.2227665253507972,0.34623721144034414,-0.8961859403470895,1640,0.14390243902439023,1.3325831892470885,7.92774066823268,0.0025788293540416904,7.574950342120795,26.64451219512195,0.9965790914066777,327.64094143404486,0.17726930569911734,0.4
perp,ETHUSDT,1h,A1_price_slowMA,"{""slow"": 200}",opt,0.000505,0.915153785099097,1.1977752869718652,-0.8138406621490164,0.11811281657210704,0.5152932860047256,0.8183653603607298,-0.7751636788033425,1410,0.14113475177304965,1.331223508599161,8.101063662882332,0.0026524752365430686,7.349056438076275,30.95531914893617,0.9954387885422368,281.6912972085386,0.19947973882042552,0.8
perp,ETHUSDT,1h,A1_price_slowMA,"{""slow"": 200}",real,0.000705,0.915153785099097,1.1977752869718652,-0.8138406621490164,-0.0011545871870694002,0.36683460132335804,0.5768674654321341,-0.8119628227560443,1410,0.14113475177304965,1.331223508599161,8.101063662882332,0.002652475236543068,7.349056438076276,30.95531914893617,0.9954387885422368,281.6912972085386,0.19947973882042552,0.6
perp,ETHUSDT,1h,A1_price_slowMA,"{""slow"": 200}",stress,0.000905,0.915153785099097,1.1977752869718652,-0.8138406621490164,-0.10770000899921539,0.2202793154105583,0.34301621237736235,-0.8674455089598347,1410,0.14113475177304965,1.331223508599161,8.101063662882332,0.0026524752365430686,7.349056438076276,30.95531914893617,0.9954387885422368,281.6912972085386,0.19947973882042552,0.6
perp,ETHUSDT,1h,A1_price_slowMA,"{""slow"": 250}",opt,0.000505,0.915153785099097,1.1977752869718652,-0.8138406621490164,-0.05585019950383119,0.30546521396580906,0.46639663356545624,-0.7793061094471978,1344,0.14360119047619047,1.247874460654311,7.441987068461721,0.0020687375258493543,7.464715768201488,32.43824404761905,0.994298485677796,268.50574712643675,0.22208370822594903,0.6
perp,ETHUSDT,1h,A1_price_slowMA,"{""slow"": 250}",real,0.000705,0.915153785099097,1.1977752869718652,-0.8138406621490164,-0.1521255911110192,0.16901782600461585,0.25591027361663443,-0.8215019692718544,1344,0.14360119047619047,1.247874460654311,7.441987068461721,0.0020687375258493543,7.464715768201487,32.43824404761905,0.994298485677796,268.50574712643675,0.22208370822594903,0.4
perp,ETHUSDT,1h,A1_price_slowMA,"{""slow"": 250}",stress,0.000905,0.915153785099097,1.1977752869718652,-0.8138406621490164,-0.23858382130203148,0.03420176840523757,0.051354412017384984,-0.891779303932803,1344,0.14360119047619047,1.247874460654311,7.441987068461721,0.0020687375258493534,7.464715768201486,32.43824404761905,0.994298485677796,268.50574712643675,0.22208370822594903,0.2
perp,ETHUSDT,1h,A2_dual_MA,"{""fast"": 10, ""slow"": 50}",opt,0.000505,0.915153785099097,1.1977752869718652,-0.8138406621490164,0.5095351549326042,0.9143238155564307,1.465028326456887,-0.7011886389158759,1113,0.2803234501347709,1.339070445715456,3.4378058558271802,0.004391617783040133,4.69377750516023,39.350404312668466,0.9988596971355592,222.35632183908046,0.12938123377415972,0.8
perp,ETHUSDT,1h,A2_dual_MA,"{""fast"": 10, ""slow"": 50}",real,0.000705,0.915153785099097,1.1977752869718652,-0.8138406621490164,0.3809228883497675,0.7975064644089154,1.2691124919435164,-0.7638715538554763,1113,0.2803234501347709,1.3390704457154559,3.4378058558271802,0.004391617783040133,4.69377750516023,39.350404312668466,0.9988596971355592,222.35632183908046,0.12938123377415972,0.8
perp,ETHUSDT,1h,A2_dual_MA,"{""fast"": 10, ""slow"": 50}",stress,0.000905,0.915153785099097,1.1977752869718652,-0.8138406621490164,0.2632682487441689,0.6815815390677379,1.0772688182420915,-0.8202428508030352,1113,0.2803234501347709,1.3390704457154556,3.43780585582718,0.004391617783040133,4.69377750516023,39.350404312668466,0.9988596971355592,222.35632183908046,0.12938123377415972,0.8
perp,ETHUSDT,1h,A2_dual_MA,"{""fast"": 10, ""slow"": 75}",opt,0.000505,0.915153785099097,1.1977752869718652,-0.8138406621490164,0.7564836510975377,1.127643693166113,1.8734460803465185,-0.7835441055677361,866,0.27136258660508084,1.4617076691684672,3.924840592533203,0.006218493052097576,4.461693883227711,50.545034642032334,0.9982895457033388,173.0103995621237,0.15322436340862736,0.8
perp,ETHUSDT,1h,A2_dual_MA,"{""fast"": 10, ""slow"": 75}",real,0.000705,0.915153785099097,1.1977752869718652,-0.8138406621490164,0.6389163351883829,1.0319524435560419,1.7042355318507427,-0.7974168725774405,866,0.27136258660508084,1.4617076691684672,3.924840592533203,0.006218493052097576,4.461693883227711,50.545034642032334,0.9982895457033388,173.0103995621237,0.15322436340862736,0.8
perp,ETHUSDT,1h,A2_dual_MA,"{""fast"": 10, ""slow"": 75}",stress,0.000905,0.915153785099097,1.1977752869718652,-0.8138406621490164,0.5292180724646034,0.9368533403891176,1.5379683321252224,-0.8104005537659591,866,0.27136258660508084,1.4617076691684672,3.924840592533203,0.006218493052097576,4.461693883227711,50.545034642032334,0.9982895457033388,173.0103995621237,0.15322436340862736,0.8
perp,ETHUSDT,1h,A2_dual_MA,"{""fast"": 10, ""slow"": 100}",opt,0.000505,0.915153785099097,1.1977752869718652,-0.8138406621490164,0.8165590726136949,1.173188215236074,1.9374654703480436,-0.60378430851811,740,0.2743243243243243,1.527626027301947,4.041059983552441,0.007474991011683363,4.970216441844994,59.11756756756757,0.9977193942711184,147.83798576902024,0.18721262398115351,0.8
perp,ETHUSDT,1h,A2_dual_MA,"{""fast"": 10, ""slow"": 100}",real,0.000705,0.915153785099097,1.1977752869718652,-0.8138406621490164,0.7121451118188007,1.091417119268855,1.7932009345237758,-0.6557327207130227,740,0.2743243243243243,1.527626027301947,4.041059983552441,0.007474991011683363,4.970216441844993,59.11756756756757,0.9977193942711184,147.83798576902024,0.18721262398115351,0.8
perp,ETHUSDT,1h,A2_dual_MA,"{""fast"": 10, ""slow"": 100}",stress,0.000905,0.915153785099097,1.1977752869718652,-0.8138406621490164,0.6137326494455981,1.0100835019211796,1.6510969231422419,-0.7008701464642492,740,0.2743243243243243,1.527626027301947,4.041059983552441,0.007474991011683362,4.970216441844994,59.11756756756757,0.9977193942711184,147.83798576902024,0.18721262398115351,0.8
perp,ETHUSDT,1h,A2_dual_MA,"{""fast"": 20, ""slow"": 50}",opt,0.000505,0.915153785099097,1.1977752869718652,-0.8138406621490164,0.8299423484582049,1.1738743564988838,1.944895660897909,-0.7647214843707598,769,0.305591677503251,1.469442778456052,3.3328212804981945,0.007157923643311986,3.9937810900891604,56.953185955786736,0.9988596971355592,153.63163656267105,0.14882546990933687,1.0
perp,ETHUSDT,1h,A2_dual_MA,"{""fast"": 20, ""slow"": 50}",real,0.000705,0.915153785099097,1.1977752869718652,-0.8138406621490164,0.7207360706894577,1.0906776377636849,1.7975671575962193,-0.7767771994949815,769,0.305591677503251,1.4694427784560518,3.332821280498194,0.007157923643311986,3.9937810900891604,56.953185955786736,0.9988596971355592,153.63163656267105,0.1488254699093369,0.8
perp,ETHUSDT,1h,A2_dual_MA,"{""fast"": 20, ""slow"": 50}",stress,0.000905,0.915153785099097,1.1977752869718652,-0.8138406621490164,0.6180468135031114,1.0079151281449317,1.6524664542620633,-0.7885639623208561,769,0.305591677503251,1.4694427784560524,3.3328212804981954,0.007157923643311986,3.9937810900891595,56.953185955786736,0.9988596971355592,153.63163656267105,0.14882546990933684,0.8
perp,ETHUSDT,1h,A2_dual_MA,"{""fast"": 20, ""slow"": 75}",opt,0.000505,0.915153785099097,1.1977752869718652,-0.8138406621490164,0.44507403493247977,0.860163198723879,1.3894251188471802,-0.7791672566892085,656,0.29573170731707316,1.3707216449863249,3.264295876204547,0.006501149649808804,4.181206142072383,66.72560975609755,0.9982895457033388,131.05637657361794,0.17460252249834948,0.8
perp,ETHUSDT,1h,A2_dual_MA,"{""fast"": 20, ""slow"": 75}",real,0.000705,0.915153785099097,1.1977752869718652,-0.8138406621490164,0.3711074728214512,0.7890230831499531,1.2689921492218945,-0.807622624334694,656,0.29573170731707316,1.3707216449863249,3.264295876204547,0.006501149649808804,4.1812061420723845,66.72560975609755,0.9982895457033388,131.05637657361794,0.17460252249834948,0.6
perp,ETHUSDT,1h,A2_dual_MA,"{""fast"": 20, ""slow"": 75}",stress,0.000905,0.915153785099097,1.1977752869718652,-0.8138406621490164,0.30092679258283206,0.7182184385851165,1.1501123357062968,-0.8324114205916823,656,0.29573170731707316,1.3707216449863249,3.264295876204547,0.006501149649808806,4.181206142072383,66.72560975609755,0.9982895457033388,131.05637657361794,0.17460252249834948,0.4
perp,ETHUSDT,1h,A2_dual_MA,"{""fast"": 20, ""slow"": 100}",opt,0.000505,0.915153785099097,1.1977752869718652,-0.8138406621490164,0.17265151470436035,0.5805234953765552,0.9168029866270185,-0.7133065924190127,564,0.2730496453900709,1.2810464087226099,3.410578101144611,0.0054892334168357365,4.018754993194867,77.56560283687944,0.9977193942711184,112.67651888341543,0.20316032082414848,0.6
perp,ETHUSDT,1h,A2_dual_MA,"{""fast"": 20, ""slow"": 100}",real,0.000705,0.915153785099097,1.1977752869718652,-0.8138406621490164,0.12078891732152552,0.5205108264394234,0.8190888895109206,-0.7445815631360538,564,0.2730496453900709,1.2810464087226099,3.4105781011446106,0.005489233416835736,4.018754993194867,77.56560283687944,0.9977193942711184,112.67651888341543,0.20316032082414845,0.6
perp,ETHUSDT,1h,A2_dual_MA,"{""fast"": 20, ""slow"": 100}",stress,0.000905,0.915153785099097,1.1977752869718652,-0.8138406621490164,0.071219919580503,0.4607474585584828,0.72245317922724,-0.7724448425147451,564,0.2730496453900709,1.2810464087226097,3.4105781011446106,0.0054892334168357365,4.018754993194866,77.56560283687944,0.9977193942711184,112.67651888341543,0.20316032082414848,0.6
perp,ETHUSDT,1h,A2_dual_MA,"{""fast"": 30, ""slow"": 50}",opt,0.000505,0.915153785099097,1.1977752869718652,-0.8138406621490164,0.6823691739117894,1.0615536581462974,1.747305355891898,-0.8019708146171161,665,0.30526315789473685,1.441370058235875,3.2732590977671836,0.007533856133220798,3.718823847229343,65.86015037593985,0.9988596971355592,132.8544061302682,0.1566233477079863,0.8
perp,ETHUSDT,1h,A2_dual_MA,"{""fast"": 30, ""slow"": 50}",real,0.000705,0.915153785099097,1.1977752869718652,-0.8138406621490164,0.5951444641946719,0.9898286332797938,1.6221283074261708,-0.8112365012147718,665,0.30526315789473685,1.441370058235875,3.2732590977671836,0.0075338561332207975,3.718823847229343,65.86015037593985,0.9988596971355592,132.8544061302682,0.15662334770798628,0.8
perp,ETHUSDT,1h,A2_dual_MA,"{""fast"": 30, ""slow"": 50}",stress,0.000905,0.915153785099097,1.1977752869718652,-0.8138406621490164,0.5124419096112813,0.9184129540870849,1.4985143663523661,-0.8200686803482702,665,0.30526315789473685,1.441370058235875,3.2732590977671836,0.007533856133220798,3.7188238472293422,65.86015037593985,0.9988596971355592,132.8544061302682,0.1566233477079863,0.8
perp,ETHUSDT,1h,A2_dual_MA,"{""fast"": 30, ""slow"": 75}",opt,0.000505,0.915153785099097,1.1977752869718652,-0.8138406621490164,0.2875927806099954,0.7046246259650651,1.1220763633425135,-0.7404871076750716,554,0.29061371841155237,1.328007186080232,3.241657292730008,0.0064412323531800285,3.920171880668127,79.01083032490975,0.9982895457033388,110.67870826491516,0.19940106583538988,0.6
perp,ETHUSDT,1h,A2_dual_MA,"{""fast"": 30, ""slow"": 75}",real,0.000705,0.915153785099097,1.1977752869718652,-0.8138406621490164,0.23165426184278015,0.6449183900646578,1.0234222280918586,-0.7693545796634464,554,0.29061371841155237,1.328007186080232,3.241657292730008,0.0064412323531800285,3.920171880668127,79.01083032490975,0.9982895457033388,110.67870826491516,0.19940106583538988,0.4
perp,ETHUSDT,1h,A2_dual_MA,"{""fast"": 30, ""slow"": 75}",stress,0.000905,0.915153785099097,1.1977752869718652,-0.8138406621490164,0.1781458330068344,0.5854415681183617,0.9258005450185327,-0.7950109630344584,554,0.29061371841155237,1.328007186080232,3.241657292730008,0.0064412323531800285,3.9201718806681267,79.01083032490975,0.9982895457033388,110.67870826491516,0.19940106583538986,0.4
perp,ETHUSDT,1h,A2_dual_MA,"{""fast"": 30, ""slow"": 100}",opt,0.000505,0.915153785099097,1.1977752869718652,-0.8138406621490164,0.19818845384667583,0.6058177056757592,0.9755612308598401,-0.7187639474069942,490,0.2836734693877551,1.3127174168135523,3.314847577709042,0.006387455417685184,4.487003493667848,89.2795918367347,0.9977193942711184,97.89272030651341,0.24162984382977748,0.8
perp,ETHUSDT,1h,A2_dual_MA,"{""fast"": 30, ""slow"": 100}",real,0.000705,0.915153785099097,1.1977752869718652,-0.8138406621490164,0.15200568883702137,0.5532023811966342,0.88788364697434,-0.7445857215899407,490,0.2836734693877551,1.3127174168135523,3.314847577709042,0.006387455417685184,4.487003493667848,89.2795918367347,0.9977193942711184,97.89272030651341,0.24162984382977748,0.8
perp,ETHUSDT,1h,A2_dual_MA,"{""fast"": 30, ""slow"": 100}",stress,0.000905,0.915153785099097,1.1977752869718652,-0.8138406621490164,0.10760287762754706,0.5007725342414263,0.8010715979527088,-0.7680367098232909,490,0.2836734693877551,1.3127174168135523,3.314847577709042,0.006387455417685184,4.487003493667848,89.2795918367347,0.9977193942711184,97.89272030651341,0.24162984382977748,0.6
perp,ETHUSDT,1h,A3_MA_slope,"{""ma"": 50}",opt,0.000505,0.915153785099097,1.1977752869718652,-0.8138406621490164,-0.03617887464844971,0.33142996803177055,0.5145721342677197,-0.9176278851656856,1376,0.33648255813953487,1.1706071973198826,2.3058180646992072,0.002135912255398896,4.189113306130347,31.82485465116279,0.9987228607918263,274.89874110563767,0.1132740136724643,0.4
perp,ETHUSDT,1h,A3_MA_slope,"{""ma"": 50}",real,0.000705,0.915153785099097,1.1977752869718652,-0.8138406621490164,-0.13671241510955212,0.19060169429141527,0.2938495375529247,-0.9440893683665714,1376,0.33648255813953487,1.1706071973198826,2.3058180646992072,0.002135912255398896,4.189113306130347,31.82485465116279,0.9987228607918263,274.89874110563767,0.11327401367246429,0.2
perp,ETHUSDT,1h,A3_MA_slope,"{""ma"": 50}",stress,0.000905,0.915153785099097,1.1977752869718652,-0.8138406621490164,-0.2267596928117137,0.050766044092358575,0.07771760359226904,-0.9620617621512141,1376,0.33648255813953487,1.1706071973198826,2.3058180646992072,0.002135912255398896,4.189113306130346,31.82485465116279,0.9987228607918263,274.89874110563767,0.11327401367246429,0.2
perp,ETHUSDT,1h,A3_MA_slope,"{""ma"": 75}",opt,0.000505,0.915153785099097,1.1977752869718652,-0.8138406621490164,0.35812211883148626,0.7754131044495916,1.2456338247608756,-0.6800184569138401,1004,0.3466135458167331,1.325585484007073,2.498804820427126,0.004220192343464016,4.128512000712669,43.592629482071715,0.9981755154168948,200.58018609742746,0.13698035552848903,0.6
perp,ETHUSDT,1h,A3_MA_slope,"{""ma"": 75}",real,0.000705,0.915153785099097,1.1977752869718652,-0.8138406621490164,0.2532483282176512,0.6676373939101913,1.0664288666297397,-0.687424813227568,1004,0.3466135458167331,1.325585484007073,2.498804820427126,0.004220192343464017,4.128512000712668,43.592629482071715,0.9981755154168948,200.58018609742746,0.136980355528489,0.6
perp,ETHUSDT,1h,A3_MA_slope,"{""ma"": 75}",stress,0.000905,0.915153785099097,1.1977752869718652,-0.8138406621490164,0.15647273362523562,0.5604484087507435,0.8901390484121321,-0.7376905948116156,1004,0.3466135458167331,1.325585484007073,2.498804820427126,0.004220192343464017,4.128512000712667,43.592629482071715,0.9981755154168948,200.58018609742746,0.136980355528489,0.4
perp,ETHUSDT,1h,A3_MA_slope,"{""ma"": 100}",opt,0.000505,0.915153785099097,1.1977752869718652,-0.8138406621490164,0.20107545021485818,0.6126710595509559,0.9750230165549121,-0.7657157135288328,887,0.31679819616685456,1.29048510911477,2.7830390609379028,0.00399086006960097,4.323392972022762,49.31454340473506,0.9976053639846744,177.20580186097428,0.16517522800684584,0.6
perp,ETHUSDT,1h,A3_MA_slope,"{""ma"": 100}",real,0.000705,0.915153785099097,1.1977752869718652,-0.8138406621490164,0.11871846527282193,0.519698351074792,0.8228000207197963,-0.8054063102823057,887,0.31679819616685456,1.2904851091147702,2.783039060937903,0.003990860069600969,4.323392972022764,49.31454340473506,0.9976053639846744,177.20580186097428,0.1651752280068458,0.6
perp,ETHUSDT,1h,A3_MA_slope,"{""ma"": 100}",stress,0.000905,0.915153785099097,1.1977752869718652,-0.8138406621490164,0.04200853011407757,0.4272086081314612,0.6728726057132147,-0.8450444047511383,887,0.31679819616685456,1.29048510911477,2.7830390609379028,0.003990860069600969,4.323392972022763,49.31454340473506,0.9976053639846744,177.20580186097428,0.16517522800684578,0.4
perp,ETHUSDT,1h,A3_MA_slope,"{""ma"": 150}",opt,0.000505,0.915153785099097,1.1977752869718652,-0.8138406621490164,0.39476273846923005,0.812726199039429,1.262926906697185,-0.632565376708413,660,0.35,1.4078287180494853,2.614539047806187,0.006362902853546851,4.292460811767049,66.2,0.9964650611202336,131.85550082101807,0.2078891758916186,0.6
perp,ETHUSDT,1h,A3_MA_slope,"{""ma"": 150}",real,0.000705,0.915153785099097,1.1977752869718652,-0.8138406621490164,0.3229497661306726,0.7463098351129003,1.1557438794587265,-0.6478828585089618,660,0.35,1.4078287180494855,2.614539047806187,0.006362902853546851,4.29246081176705,66.2,0.9964650611202336,131.85550082101807,0.20788917589161857,0.6
perp,ETHUSDT,1h,A3_MA_slope,"{""ma"": 150}",stress,0.000905,0.915153785099097,1.1977752869718652,-0.8138406621490164,0.25483415540189025,0.6801318700931659,1.0496363210076705,-0.6959984514616362,660,0.35,1.4078287180494853,2.614539047806187,0.006362902853546851,4.29246081176705,66.2,0.9964650611202336,131.85550082101807,0.2078891758916186,0.6
perp,ETHUSDT,1h,A3_MA_slope,"{""ma"": 200}",opt,0.000505,0.915153785099097,1.1977752869718652,-0.8138406621490164,0.16303254841850423,0.5739892554041812,0.8970576561709592,-0.8294971667440627,587,0.3100511073253833,1.3086178153032877,2.9120341494386346,0.005217786477056639,4.086487187604598,74.34752981260647,0.9953247582557927,117.27148330596606,0.21309926258228473,0.8
perp,ETHUSDT,1h,A3_MA_slope,"{""ma"": 200}",real,0.000705,0.915153785099097,1.1977752869718652,-0.8138406621490164,0.10957216081178989,0.51329124587814,0.7994863113803875,-0.8437385257657792,587,0.3100511073253833,1.3086178153032877,2.9120341494386346,0.00521778647705664,4.086487187604597,74.34752981260647,0.9953247582557927,117.27148330596606,0.21309926258228473,0.4
perp,ETHUSDT,1h,A3_MA_slope,"{""ma"": 200}",stress,0.000905,0.915153785099097,1.1977752869718652,-0.8138406621490164,0.05856905007445978,0.4528155872456312,0.7028995114735588,-0.8567904000738853,587,0.3100511073253833,1.3086178153032877,2.9120341494386346,0.00521778647705664,4.086487187604596,74.34752981260647,0.9953247582557927,117.27148330596606,0.2130992625822847,0.4
perp,ETHUSDT,1h,A3_MA_slope,"{""ma"": 250}",opt,0.000505,0.915153785099097,1.1977752869718652,-0.8138406621490164,0.5319992867161232,0.9332314437411379,1.524313518480603,-0.6665949463017429,510,0.3215686274509804,1.565838922865426,3.2939904170034873,0.00893364847089178,5.0044828120061,85.47450980392156,0.9941844553913519,101.88834154351396,0.251495332879188,0.8
perp,ETHUSDT,1h,A3_MA_slope,"{""ma"": 250}",real,0.000705,0.915153785099097,1.1977752869718652,-0.8138406621490164,0.4706903318561104,0.8789911607620372,1.4316446545708876,-0.6951380393199093,510,0.3215686274509804,1.565838922865426,3.2939904170034873,0.00893364847089178,5.004482812006102,85.47450980392156,0.9941844553913519,101.88834154351396,0.251495332879188,0.6
perp,ETHUSDT,1h,A3_MA_slope,"{""ma"": 250}",stress,0.000905,0.915153785099097,1.1977752869718652,-0.8138406621490164,0.4118347992181475,0.8249080838419492,1.3397043234290769,-0.7212375837515401,510,0.3215686274509804,1.565838922865426,3.2939904170034873,0.00893364847089178,5.004482812006102,85.47450980392156,0.9941844553913519,101.88834154351396,0.251495332879188,0.6
perp,ETHUSDT,1h,A4_MA_distance_capped,"{""cap_atr"": 4, ""slow"": 150}",opt,0.000505,0.915153785099097,1.1977752869718652,-0.8138406621490164,-0.3922266710033683,-0.5918111176651754,-0.8020881702098278,-0.9447291086534341,2896,0.43232044198895025,1.060250184882082,1.3922135015544272,0.00044841726833779816,0.3668300635168516,9.26761049723757,0.612114577631819,578.5659551176792,0.02778198112086024,0.2
perp,ETHUSDT,1h,A4_MA_distance_capped,"{""cap_atr"": 4, ""slow"": 150}",real,0.000705,0.915153785099097,1.1977752869718652,-0.8138406621490164,-0.5178588226819633,-0.989675736969278,-1.3161630328873832,-0.9778001167824576,2896,0.43232044198895025,1.060250184882082,1.3922135015544272,0.0004484172683377983,0.36683006351685177,9.26761049723757,0.612114577631819,578.5659551176792,0.02778198112086024,0.2
perp,ETHUSDT,1h,A4_MA_distance_capped,"{""cap_atr"": 4, ""slow"": 150}",stress,0.000905,0.915153785099097,1.1977752869718652,-0.8138406621490164,-0.6175217478883124,-1.3819356662811346,-1.8043537015754818,-0.9929133783351456,2896,0.43232044198895025,1.060250184882082,1.3922135015544272,0.00044841726833779827,0.36683006351685177,9.26761049723757,0.612114577631819,578.5659551176792,0.02778198112086024,0.2
perp,ETHUSDT,1h,A4_MA_distance_capped,"{""cap_atr"": 4, ""slow"": 200}",opt,0.000505,0.915153785099097,1.1977752869718652,-0.8138406621490164,-0.4909531128595511,-1.0234345501019682,-1.3405043157062042,-0.9740811087555047,2543,0.43767204089657885,0.9946301168131159,1.2770228543809008,-4.041460297552687e-05,0.18500203959202793,9.161620133700353,0.5313583287721219,508.04324028461957,0.029495067774724347,0.0
perp,ETHUSDT,1h,A4_MA_distance_capped,"{""cap_atr"": 4, ""slow"": 200}",real,0.000705,0.915153785099097,1.1977752869718652,-0.8138406621490164,-0.5846159772279671,-1.3988602279023368,-1.7994428059912895,-0.9900859904869571,2543,0.43767204089657885,0.9946301168131159,1.2770228543809008,-4.041460297552705e-05,0.18500203959202788,9.161620133700353,0.5313583287721219,508.04324028461957,0.029495067774724347,0.0
perp,ETHUSDT,1h,A4_MA_distance_capped,"{""cap_atr"": 4, ""slow"": 200}",stress,0.000905,0.915153785099097,1.1977752869718652,-0.8138406621490164,-0.66104524150896,-1.7685280944777115,-2.235551845949213,-0.9962972012220592,2543,0.43767204089657885,0.9946301168131159,1.2770228543809008,-4.041460297552705e-05,0.18500203959202793,9.161620133700353,0.5313583287721219,508.04324028461957,0.029495067774724347,0.0
perp,ETHUSDT,1h,A4_MA_distance_capped,"{""cap_atr"": 4, ""slow"": 250}",opt,0.000505,0.915153785099097,1.1977752869718652,-0.8138406621490164,-0.5834144934870966,-1.4239968902759936,-1.7484174033086568,-0.9894082435445042,2348,0.42589437819420783,0.9235952451284007,1.2450063904330841,-0.0005805044853621266,0.3381588131745469,8.85221465076661,0.4740467068053275,469.08593322386423,0.03996138624568637,0.0
perp,ETHUSDT,1h,A4_MA_distance_capped,"{""cap_atr"": 4, ""slow"": 250}",real,0.000705,0.915153785099097,1.1977752869718652,-0.8138406621490164,-0.6547409628837142,-1.770841082135091,-2.1428150580251257,-0.995587657836383,2348,0.42589437819420783,0.9235952451284007,1.2450063904330841,-0.0005805044853621267,0.33815881317454693,8.85221465076661,0.4740467068053275,469.08593322386423,0.03996138624568636,0.0
perp,ETHUSDT,1h,A4_MA_distance_capped,"{""cap_atr"": 4, ""slow"": 250}",stress,0.000905,0.915153785099097,1.1977752869718652,-0.8138406621490164,-0.713855176335047,-2.1118237781572384,-2.519629864202405,-0.9982402730338628,2348,0.42589437819420783,0.9235952451284007,1.2450063904330841,-0.0005805044853621266,0.3381588131745469,8.85221465076661,0.4740467068053275,469.08593322386423,0.039961386245686376,0.0
perp,ETHUSDT,1h,B1_supertrend_flip,"{""mult"": 2.0, ""n"": 10}",opt,0.000505,0.915153785099097,1.1977752869718652,-0.8138406621490164,-0.37694611778575726,-0.13937342286651097,-0.1997889339472609,-0.9459629619481251,1687,0.35566093657379966,1.0408671131706206,1.885704253360774,0.0005677320251606736,1.87091785692685,25.985180794309425,0.9997719394271118,337.03065134099614,0.05866051219676534,0.4
perp,ETHUSDT,1h,B1_supertrend_flip,"{""mult"": 2.0, ""n"": 10}",real,0.000705,0.915153785099097,1.1977752869718652,-0.8138406621490164,-0.4556721428180218,-0.2962251668061327,-0.421818907746569,-0.9686286923910173,1687,0.35566093657379966,1.0408671131706206,1.885704253360774,0.0005677320251606735,1.8709178569268494,25.985180794309425,0.9997719394271118,337.03065134099614,0.05866051219676534,0.4
perp,ETHUSDT,1h,B1_supertrend_flip,"{""mult"": 2.0, ""n"": 10}",stress,0.000905,0.915153785099097,1.1977752869718652,-0.8138406621490164,-0.5244508243602903,-0.45174092530363197,-0.6390400297279802,-0.9827192437143232,1687,0.35566093657379966,1.0408671131706206,1.885704253360774,0.0005677320251606739,1.8709178569268494,25.985180794309425,0.9997719394271118,337.03065134099614,0.05866051219676533,0.2
perp,ETHUSDT,1h,B1_supertrend_flip,"{""mult"": 2.5, ""n"": 10}",opt,0.000505,0.915153785099097,1.1977752869718652,-0.8138406621490164,-0.2949918643260063,-0.029050531677223185,-0.043017265639024756,-0.9320571554059425,1197,0.36507936507936506,1.0463969241021527,1.8198207375689612,0.000751630607152108,2.0769709011561943,36.622389306599835,0.9997719394271118,239.13793103448276,0.07562821047300007,0.2
perp,ETHUSDT,1h,B1_supertrend_flip,"{""mult"": 2.5, ""n"": 10}",real,0.000705,0.915153785099097,1.1977752869718652,-0.8138406621490164,-0.3594660774873154,-0.14504319571942162,-0.2135660432418052,-0.9542793202395184,1197,0.36507936507936506,1.0463969241021527,1.8198207375689612,0.0007516306071521083,2.0769709011561948,36.622389306599835,0.9997719394271118,239.13793103448276,0.07562821047300007,0.2
perp,ETHUSDT,1h,B1_supertrend_flip,"{""mult"": 2.5, ""n"": 10}",stress,0.000905,0.915153785099097,1.1977752869718652,-0.8138406621490164,-0.41804410788404456,-0.2601840862599358,-0.3809617116507125,-0.9692377279531518,1197,0.36507936507936506,1.0463969241021527,1.8198207375689612,0.0007516306071521081,2.0769709011561948,36.622389306599835,0.9997719394271118,239.13793103448276,0.07562821047300007,0.2
perp,ETHUSDT,1h,B1_supertrend_flip,"{""mult"": 3.0, ""n"": 10}",opt,0.000505,0.915153785099097,1.1977752869718652,-0.8138406621490164,-0.07495875674409402,0.28773991488387757,0.45065890607132214,-0.8095470314749561,917,0.3718647764449291,1.1299843203265993,1.908712517619124,0.0022890496955367185,3.3492137174209278,47.80479825517993,0.9997719394271118,183.19923371647508,0.12302442198445548,0.4
perp,ETHUSDT,1h,B1_supertrend_flip,"{""mult"": 3.0, ""n"": 10}",real,0.000705,0.915153785099097,1.1977752869718652,-0.8138406621490164,-0.14050274475195923,0.1944582278443175,0.3029303958197398,-0.8510755422690336,917,0.3718647764449291,1.1299843203265991,1.9087125176191237,0.0022890496955367172,3.3492137174209278,47.80479825517993,0.9997719394271118,183.19923371647508,0.12302442198445546,0.4
perp,ETHUSDT,1h,B1_supertrend_flip,"{""mult"": 3.0, ""n"": 10}",stress,0.000905,0.915153785099097,1.1977752869718652,-0.8138406621490164,-0.20140271281160937,0.10177527522633778,0.15770487557739266,-0.8895597676562546,917,0.3718647764449291,1.1299843203265991,1.9087125176191237,0.0022890496955367185,3.3492137174209287,47.80479825517993,0.9997719394271118,183.19923371647508,0.12302442198445548,0.2
perp,ETHUSDT,1h,B1_supertrend_flip,"{""mult"": 2.0, ""n"": 14}",opt,0.000505,0.915153785099097,1.1977752869718652,-0.8138406621490164,-0.13124389478635679,0.24219734357869088,0.35349851242167973,-0.7404181028620943,1677,0.3631484794275492,1.1140156547880604,1.9536432172637908,0.0015296699671027121,1.8925963795766374,26.137745974955276,0.9996807151979565,335.0328407224959,0.05451121961499164,0.4
perp,ETHUSDT,1h,B1_supertrend_flip,"{""mult"": 2.0, ""n"": 14}",real,0.000705,0.915153785099097,1.1977752869718652,-0.8138406621490164,-0.24036059010711597,0.08240804241244064,0.11943572301909834,-0.8444320263264113,1677,0.3631484794275492,1.1140156547880604,1.9536432172637908,0.0015296699671027121,1.892596379576638,26.137745974955276,0.9996807151979565,335.0328407224959,0.05451121961499164,0.4
perp,ETHUSDT,1h,B1_supertrend_flip,"{""mult"": 2.0, ""n"": 14}",stress,0.000905,0.915153785099097,1.1977752869718652,-0.8138406621490164,-0.3357722206853899,-0.07601300425134837,-0.10940172726445303,-0.9134524678883026,1677,0.3631484794275492,1.1140156547880604,1.9536432172637908,0.0015296699671027126,1.8925963795766374,26.137745974955276,0.9996807151979565,335.0328407224959,0.05451121961499163,0.4
perp,ETHUSDT,1h,B1_supertrend_flip,"{""mult"": 2.5, ""n"": 14}",opt,0.000505,0.915153785099097,1.1977752869718652,-0.8138406621490164,-0.2837907244446408,-0.00783648300910664,-0.011362126396833587,-0.9636484661094324,1207,0.37033968516984256,1.0564130394987328,1.7961385011611561,0.0009331183053751607,1.8161200693497968,36.31565865782933,0.9996807151979565,241.13574165298303,0.07364757857760695,0.4
perp,ETHUSDT,1h,B1_supertrend_flip,"{""mult"": 2.5, ""n"": 14}",real,0.000705,0.915153785099097,1.1977752869718652,-0.8138406621490164,-0.3498157424591596,-0.12424575910431107,-0.179186390163689,-0.9756793216803303,1207,0.37033968516984256,1.0564130394987328,1.7961385011611561,0.0009331183053751614,1.8161200693497965,36.31565865782933,0.9996807151979565,241.13574165298303,0.07364757857760695,0.4
perp,ETHUSDT,1h,B1_supertrend_flip,"{""mult"": 2.5, ""n"": 14}",stress,0.000905,0.915153785099097,1.1977752869718652,-0.8138406621490164,-0.4097542313754311,-0.23981043234615002,-0.34402847274527387,-0.9837308317082053,1207,0.37033968516984256,1.0564130394987328,1.7961385011611561,0.0009331183053751611,1.8161200693497968,36.31565865782933,0.9996807151979565,241.13574165298303,0.07364757857760695,0.2
perp,ETHUSDT,1h,B1_supertrend_flip,"{""mult"": 3.0, ""n"": 14}",opt,0.000505,0.915153785099097,1.1977752869718652,-0.8138406621490164,-0.28461804064997653,-0.03306585785396,-0.04937869656971198,-0.9424957440424875,943,0.3616118769883351,1.0451427171129923,1.8450906618827607,0.0008239567629514323,2.829832533949399,46.48250265111347,0.9996807151979565,188.3935413245758,0.11039190838690299,0.4
perp,ETHUSDT,1h,B1_supertrend_flip,"{""mult"": 3.0, ""n"": 14}",real,0.000705,0.915153785099097,1.1977752869718652,-0.8138406621490164,-0.33671681908909146,-0.12582714224278177,-0.18700438421786308,-0.9580336273488156,943,0.3616118769883351,1.0451427171129923,1.8450906618827607,0.0008239567629514325,2.829832533949399,46.48250265111347,0.9996807151979565,188.3935413245758,0.11039190838690298,0.4
perp,ETHUSDT,1h,B1_supertrend_flip,"{""mult"": 3.0, ""n"": 14}",stress,0.000905,0.915153785099097,1.1977752869718652,-0.8138406621490164,-0.3850215228745958,-0.21798378842894142,-0.3224285517798,-0.9693731305213809,943,0.3616118769883351,1.0451427171129923,1.8450906618827607,0.0008239567629514319,2.8298325339494,46.48250265111347,0.9996807151979565,188.3935413245758,0.11039190838690298,0.4
perp,ETHUSDT,1h,B1_supertrend_flip,"{""mult"": 2.0, ""n"": 20}",opt,0.000505,0.915153785099097,1.1977752869718652,-0.8138406621490164,-0.1201843256802686,0.2490500575897877,0.3707233301747206,-0.747174397851484,1687,0.36870183758150565,1.1161360569123595,1.9110689720444742,0.001556677792099515,2.112522719382973,25.979253112033195,0.9995438788542237,337.03065134099614,0.05641728830775841,0.4
perp,ETHUSDT,1h,B1_supertrend_flip,"{""mult"": 2.0, ""n"": 20}",real,0.000705,0.915153785099097,1.1977752869718652,-0.8138406621490164,-0.2312994008375533,0.0874155652202923,0.12913811138371525,-0.8464604000237124,1687,0.36870183758150565,1.1161360569123595,1.9110689720444742,0.0015566777920995147,2.112522719382973,25.979253112033195,0.9995438788542237,337.03065134099614,0.05641728830775841,0.2
perp,ETHUSDT,1h,B1_supertrend_flip,"{""mult"": 2.0, ""n"": 20}",stress,0.000905,0.915153785099097,1.1977752869718652,-0.8138406621490164,-0.3283814615555929,-0.0728541163166506,-0.10682027565758825,-0.9148530033234048,1687,0.36870183758150565,1.1161360569123595,1.9110689720444742,0.001556677792099514,2.112522719382973,25.979253112033195,0.9995438788542237,337.03065134099614,0.05641728830775841,0.2
perp,ETHUSDT,1h,B1_supertrend_flip,"{""mult"": 2.5, ""n"": 20}",opt,0.000505,0.915153785099097,1.1977752869718652,-0.8138406621490164,-0.23885103755957515,0.06736890202428421,0.09809114847923116,-0.9536899173387761,1221,0.36936936936936937,1.0724056558397943,1.8309364855801369,0.0011961958447268743,2.0157323138883436,35.894348894348894,0.9995438788542237,243.9326765188834,0.07300571505726898,0.4
perp,ETHUSDT,1h,B1_supertrend_flip,"{""mult"": 2.5, ""n"": 20}",real,0.000705,0.915153785099097,1.1977752869718652,-0.8138406621490164,-0.30978496422266766,-0.05033345369279652,-0.07288885930978611,-0.969188320578278,1221,0.36936936936936937,1.0724056558397943,1.8309364855801369,0.0011961958447268743,2.0157323138883436,35.894348894348894,0.9995438788542237,243.9326765188834,0.07300571505726898,0.4
perp,ETHUSDT,1h,B1_supertrend_flip,"{""mult"": 2.5, ""n"": 20}",stress,0.000905,0.915153785099097,1.1977752869718652,-0.8138406621490164,-0.37410843770568913,-0.1671532636559133,-0.24075370562332962,-0.979502923700479,1221,0.36936936936936937,1.0724056558397945,1.830936485580137,0.0011961958447268737,2.0157323138883436,35.894348894348894,0.9995438788542237,243.9326765188834,0.07300571505726897,0.2
perp,ETHUSDT,1h,B1_supertrend_flip,"{""mult"": 3.0, ""n"": 20}",opt,0.000505,0.915153785099097,1.1977752869718652,-0.8138406621490164,-0.30402129715835224,-0.05818900961517822,-0.08617062157543655,-0.9552940435880675,959,0.3660062565172054,1.0395827486731297,1.8007587213483276,0.0007319091911247514,2.8711946082750734,45.7007299270073,0.9995438788542237,191.59003831417624,0.108302384465748,0.2
perp,ETHUSDT,1h,B1_supertrend_flip,"{""mult"": 3.0, ""n"": 20}",real,0.000705,0.915153785099097,1.1977752869718652,-0.8138406621490164,-0.3555357072351504,-0.15129009615877229,-0.2229521856391365,-0.9675837198980629,959,0.3660062565172054,1.0395827486731297,1.8007587213483276,0.0007319091911247515,2.871194608275073,45.7007299270073,0.9995438788542237,191.59003831417624,0.108302384465748,0.2
perp,ETHUSDT,1h,B1_supertrend_flip,"{""mult"": 3.0, ""n"": 20}",stress,0.000905,0.915153785099097,1.1977752869718652,-0.8138406621490164,-0.4032372609812682,-0.24376479214352711,-0.35749646834109927,-0.9764949769555391,959,0.3660062565172054,1.0395827486731297,1.8007587213483276,0.0007319091911247511,2.871194608275073,45.7007299270073,0.9995438788542237,191.59003831417624,0.108302384465748,0.2
perp,ETHUSDT,1h,B3_supertrend_HTF,"{""mult"": 2.0, ""n"": 10}",opt,0.000505,0.915153785099097,1.1977752869718652,-0.8138406621490164,0.17374361749006706,0.5589155564102224,0.9429355514510328,-0.5858064468188973,768,0.375,1.2459371705380708,2.076561950896785,0.0031303326632279005,2.0351426607452425,26.348958333333332,0.4615033752964787,153.431855500821,0.0998100987266498,0.4
perp,ETHUSDT,1h,B3_supertrend_HTF,"{""mult"": 2.0, ""n"": 10}",real,0.000705,0.915153785099097,1.1977752869718652,-0.8138406621490164,0.10389774151102116,0.4493639484602384,0.7530410671280938,-0.5915659333663936,768,0.375,1.2459371705380708,2.076561950896785,0.0031303326632279005,2.035142660745243,26.348958333333332,0.4615033752964787,153.431855500821,0.09981009872664981,0.4
perp,ETHUSDT,1h,B3_supertrend_HTF,"{""mult"": 2.0, ""n"": 10}",stress,0.000905,0.915153785099097,1.1977752869718652,-0.8138406621490164,0.038208158294236405,0.3402997771835305,0.5664800781582902,-0.6420103224218754,768,0.375,1.245937170538071,2.076561950896785,0.0031303326632279005,2.0351426607452425,26.348958333333332,0.4615033752964787,153.431855500821,0.0998100987266498,0.4
perp,ETHUSDT,1h,B3_supertrend_HTF,"{""mult"": 2.5, ""n"": 10}",opt,0.000505,0.915153785099097,1.1977752869718652,-0.8138406621490164,0.2135767870388754,0.621600460622186,1.0556829007872328,-0.49462823819365775,555,0.3855855855855856,1.2888900852361396,2.0537921451659984,0.004029560165506662,1.6949877351707958,35.59279279279279,0.4505108556832695,110.87848932676519,0.11305949598276972,0.8
perp,ETHUSDT,1h,B3_supertrend_HTF,"{""mult"": 2.5, ""n"": 10}",real,0.000705,0.915153785099097,1.1977752869718652,-0.8138406621490164,0.1609420593363904,0.5398490847051544,0.9119946291593549,-0.518695628313042,555,0.3855855855855856,1.2888900852361396,2.0537921451659984,0.004029560165506663,1.6949877351707952,35.59279279279279,0.4505108556832695,110.87848932676519,0.11305949598276972,0.6
perp,ETHUSDT,1h,B3_supertrend_HTF,"{""mult"": 2.5, ""n"": 10}",stress,0.000905,0.915153785099097,1.1977752869718652,-0.8138406621490164,0.11059016240622066,0.4583849445036031,0.770298077759845,-0.5793273326276791,555,0.3855855855855856,1.2888900852361396,2.0537921451659984,0.004029560165506662,1.6949877351707958,35.59279279279279,0.4505108556832695,110.87848932676519,0.11305949598276972,0.4
perp,ETHUSDT,1h,B3_supertrend_HTF,"{""mult"": 3.0, ""n"": 10}",opt,0.000505,0.915153785099097,1.1977752869718652,-0.8138406621490164,0.40562539593080627,0.910411598076661,1.639133101617913,-0.4403359653473674,425,0.4023529411764706,1.47908057563608,2.196996878430201,0.006957321276231237,4.4069109404027,46.87529411764706,0.45434227330779053,84.90695128626163,0.21917371637131636,0.8
perp,ETHUSDT,1h,B3_supertrend_HTF,"{""mult"": 3.0, ""n"": 10}",real,0.000705,0.915153785099097,1.1977752869718652,-0.8138406621490164,0.35870627805615274,0.8440932975670119,1.5122107909378493,-0.4702304331906242,425,0.4023529411764706,1.47908057563608,2.196996878430201,0.006957321276231237,4.4069109404027,46.87529411764706,0.45434227330779053,84.90695128626163,0.21917371637131636,0.6
perp,ETHUSDT,1h,B3_supertrend_HTF,"{""mult"": 3.0, ""n"": 10}",stress,0.000905,0.915153785099097,1.1977752869718652,-0.8138406621490164,0.31335327952158387,0.7779624386575298,1.3868703232719213,-0.5162674408586946,425,0.4023529411764706,1.47908057563608,2.196996878430201,0.006957321276231239,4.4069109404027,46.87529411764706,0.45434227330779053,84.90695128626163,0.21917371637131636,0.6
perp,ETHUSDT,1h,B3_supertrend_HTF,"{""mult"": 2.0, ""n"": 14}",opt,0.000505,0.915153785099097,1.1977752869718652,-0.8138406621490164,0.3693780621462277,0.8368835640066422,1.440691023472294,-0.4710517619954968,762,0.3884514435695538,1.3352908193385353,2.1021808169316127,0.0040999715963817756,1.854490226174202,26.87007874015748,0.46695402298850575,152.23316912972084,0.0867066246089147,0.8
perp,ETHUSDT,1h,B3_supertrend_HTF,"{""mult"": 2.0, ""n"": 14}",real,0.000705,0.915153785099097,1.1977752869718652,-0.8138406621490164,0.2885214437345265,0.726944632829983,1.2426897898079772,-0.47798716117729056,762,0.3884514435695538,1.3352908193385356,2.102180816931613,0.004099971596381777,1.854490226174202,26.87007874015748,0.46695402298850575,152.23316912972084,0.0867066246089147,0.6
perp,ETHUSDT,1h,B3_supertrend_HTF,"{""mult"": 2.0, ""n"": 14}",stress,0.000905,0.915153785099097,1.1977752869718652,-0.8138406621490164,0.2124390847108124,0.6174936185947748,1.0482598495493967,-0.534602163298775,762,0.3884514435695538,1.3352908193385353,2.1021808169316127,0.004099971596381776,1.854490226174202,26.87007874015748,0.46695402298850575,152.23316912972084,0.0867066246089147,0.6
perp,ETHUSDT,1h,B3_supertrend_HTF,"{""mult"": 2.5, ""n"": 14}",opt,0.000505,0.915153785099097,1.1977752869718652,-0.8138406621490164,0.16455424745175562,0.5453788401539907,0.913178996045685,-0.5785850466355273,563,0.3765541740674956,1.2526047897811188,2.0738881189300598,0.0037110263740440515,1.6619140601226234,35.17051509769094,0.45158274037584384,112.47673782156541,0.1126461662846845,0.6
perp,ETHUSDT,1h,B3_supertrend_HTF,"{""mult"": 2.5, ""n"": 14}",real,0.000705,0.915153785099097,1.1977752869718652,-0.8138406621490164,0.11333747201646949,0.4639935982395688,0.7728746710224106,-0.5949692116693928,563,0.3765541740674956,1.252604789781119,2.07388811893006,0.0037110263740440515,1.6619140601226228,35.17051509769094,0.45158274037584384,112.47673782156541,0.11264616628468448,0.4
perp,ETHUSDT,1h,B3_supertrend_HTF,"{""mult"": 2.5, ""n"": 14}",stress,0.000905,0.915153785099097,1.1977752869718652,-0.8138406621490164,0.06437317793257913,0.3828908066431249,0.6344864800413464,-0.6107163914740287,563,0.3765541740674956,1.252604789781119,2.07388811893006,0.0037110263740440523,1.6619140601226228,35.17051509769094,0.45158274037584384,112.47673782156541,0.11264616628468448,0.4
perp,ETHUSDT,1h,B3_supertrend_HTF,"{""mult"": 3.0, ""n"": 14}",opt,0.000505,0.915153785099097,1.1977752869718652,-0.8138406621490164,0.2252193586020792,0.6412722840166826,1.0915778672389858,-0.5446937472008822,439,0.38724373576309795,1.3306311549440724,2.1055281216467967,0.005162765772741308,3.441030393180597,45.5125284738041,0.45566502463054187,87.70388615216201,0.1909490620474613,0.4
perp,ETHUSDT,1h,B3_supertrend_HTF,"{""mult"": 3.0, ""n"": 14}",real,0.000705,0.915153785099097,1.1977752869718652,-0.8138406621490164,0.18299300678277253,0.5754654279406712,0.9752177201220469,-0.5620433299326557,439,0.38724373576309795,1.3306311549440726,2.105528121646797,0.005162765772741308,3.441030393180597,45.5125284738041,0.45566502463054187,87.70388615216201,0.19094906204746126,0.4
perp,ETHUSDT,1h,B3_supertrend_HTF,"{""mult"": 3.0, ""n"": 14}",stress,0.000905,0.915153785099097,1.1977752869718652,-0.8138406621490164,0.14222193887316958,0.5098572717393127,0.8602194703399119,-0.6002040288630694,439,0.38724373576309795,1.3306311549440726,2.105528121646797,0.005162765772741308,3.4410303931805957,45.5125284738041,0.45566502463054187,87.70388615216201,0.19094906204746126,0.4
perp,ETHUSDT,1h,B3_supertrend_HTF,"{""mult"": 2.0, ""n"": 20}",opt,0.000505,0.915153785099097,1.1977752869718652,-0.8138406621490164,0.3742023704373514,0.8417034785404707,1.4485510571180094,-0.4765466638060606,766,0.391644908616188,1.3320790983163395,2.069162866051381,0.004127332046623579,2.039538869110792,27.134464751958223,0.4740239007480387,153.03229337712096,0.08875714034283659,0.8
perp,ETHUSDT,1h,B3_supertrend_HTF,"{""mult"": 2.0, ""n"": 20}",real,0.000705,0.915153785099097,1.1977752869718652,-0.8138406621490164,0.2926435087220065,0.7317174056526219,1.2503775824666377,-0.4836166103508902,766,0.391644908616188,1.3320790983163395,2.069162866051381,0.004127332046623579,2.039538869110792,27.134464751958223,0.4740239007480387,153.03229337712096,0.08875714034283659,0.8
perp,ETHUSDT,1h,B3_supertrend_HTF,"{""mult"": 2.0, ""n"": 20}",stress,0.000905,0.915153785099097,1.1977752869718652,-0.8138406621490164,0.21592514110320193,0.6222086416080459,1.0557928443993443,-0.5247122310326812,766,0.391644908616188,1.3320790983163395,2.069162866051381,0.004127332046623579,2.039538869110792,27.134464751958223,0.4740239007480387,153.03229337712096,0.08875714034283659,0.8
perp,ETHUSDT,1h,B3_supertrend_HTF,"{""mult"": 2.5, ""n"": 20}",opt,0.000505,0.915153785099097,1.1977752869718652,-0.8138406621490164,0.20936544496106224,0.6126977259671693,1.0446069428831624,-0.5889408813893352,568,0.36971830985915494,1.2737872153527041,2.1715039195060384,0.0040637748638221016,1.94283963511664,35.66901408450704,0.46205072067141034,113.47564313081554,0.11389814763741134,0.4
perp,ETHUSDT,1h,B3_supertrend_HTF,"{""mult"": 2.5, ""n"": 20}",real,0.000705,0.915153785099097,1.1977752869718652,-0.8138406621490164,0.15570956019000626,0.5308244264793058,0.9000202097498157,-0.6046012549685487,568,0.36971830985915494,1.2737872153527041,2.1715039195060384,0.0040637748638221016,1.9428396351166404,35.66901408450704,0.46205072067141034,113.47564313081554,0.11389814763741136,0.4
perp,ETHUSDT,1h,B3_supertrend_HTF,"{""mult"": 2.5, ""n"": 20}",stress,0.000905,0.915153785099097,1.1977752869718652,-0.8138406621490164,0.10443420218451238,0.44925233210858323,0.7575305963990665,-0.6267522588089776,568,0.36971830985915494,1.2737872153527041,2.1715039195060384,0.0040637748638221016,1.9428396351166404,35.66901408450704,0.46205072067141034,113.47564313081554,0.11389814763741136,0.4
perp,ETHUSDT,1h,B3_supertrend_HTF,"{""mult"": 3.0, ""n"": 20}",opt,0.000505,0.915153785099097,1.1977752869718652,-0.8138406621490164,0.21980666689566664,0.6300309887914108,1.067572492741033,-0.5404513569391581,446,0.3811659192825112,1.3190772986811763,2.1415607908000274,0.0051220853719496215,3.4407260729936464,45.262331838565025,0.46038587848932677,89.1023535851122,0.18743026910091135,0.6
perp,ETHUSDT,1h,B3_supertrend_HTF,"{""mult"": 3.0, ""n"": 20}",real,0.000705,0.915153785099097,1.1977752869718652,-0.8138406621490164,0.1770953313553396,0.5647831075183064,0.9527058864594876,-0.5649636000612951,446,0.3811659192825112,1.3190772986811763,2.1415607908000274,0.005122085371949622,3.4407260729936477,45.262331838565025,0.46038587848932677,89.1023535851122,0.18743026910091135,0.4
perp,ETHUSDT,1h,B3_supertrend_HTF,"{""mult"": 3.0, ""n"": 20}",stress,0.000905,0.915153785099097,1.1977752869718652,-0.8138406621490164,0.13587950215871358,0.4997436554957539,0.8392201337601812,-0.6220846323954842,446,0.3811659192825112,1.3190772986811763,2.1415607908000274,0.005122085371949622,3.4407260729936477,45.262331838565025,0.46038587848932677,89.1023535851122,0.18743026910091135,0.4
perp,ETHUSDT,1h,C1_donchian_channel,"{""n"": 20}",opt,0.000505,0.915153785099097,1.1977752869718652,-0.8138406621490164,-0.16582983986137578,0.10450222679431986,0.16828676674001322,-0.9205887819818138,1170,0.37094017094017095,1.0887594779231697,1.846375520164638,0.001229026717147823,2.7969014485757278,28.182905982905982,0.7520297390987046,233.74384236453201,0.09075064705463894,0.4
perp,ETHUSDT,1h,C1_donchian_channel,"{""n"": 20}",real,0.000705,0.915153785099097,1.1977752869718652,-0.8138406621490164,-0.24046141478601557,-0.021930296241556204,-0.035072952252837145,-0.9421798012319214,1170,0.37094017094017095,1.0887594779231697,1.846375520164638,0.0012290267171478223,2.7969014485757278,28.182905982905982,0.7520297390987046,233.74384236453201,0.09075064705463894,0.4
perp,ETHUSDT,1h,C1_donchian_channel,"{""n"": 20}",stress,0.000905,0.915153785099097,1.1977752869718652,-0.8138406621490164,-0.3084159491372399,-0.14761554615199002,-0.23446921306568802,-0.9579004852319104,1170,0.37094017094017095,1.0887594779231697,1.846375520164638,0.001229026717147822,2.7969014485757278,28.182905982905982,0.7520297390987046,233.74384236453201,0.09075064705463894,0.4
perp,ETHUSDT,1h,C6_donchian_ATR_trail,"{""n"": 20, ""trail"": 2.0}",opt,0.000505,0.915153785099097,1.1977752869718652,-0.8138406621490164,-0.4184276737580801,-1.6257613718782893,-2.454266367335033,-0.9463030846969294,942,0.3365180467091295,0.799747881354713,1.5767899868980935,-0.0016518577756047682,1.7952535534165737,7.882165605095541,0.16933497536945813,188.19376026272576,0.08911572218254818,0.0
perp,ETHUSDT,1h,C6_donchian_ATR_trail,"{""n"": 20, ""trail"": 2.0}",real,0.000705,0.915153785099097,1.1977752869718652,-0.8138406621490164,-0.4606685311441462,-1.865239134542503,-2.769907560925404,-0.9624176198111545,942,0.3365180467091295,0.799747881354713,1.5767899868980935,-0.0016518577756047678,1.7952535534165734,7.882165605095541,0.16933497536945813,188.19376026272576,0.08911572218254818,0.0
perp,ETHUSDT,1h,C6_donchian_ATR_trail,"{""n"": 20, ""trail"": 2.0}",stress,0.000905,0.915153785099097,1.1977752869718652,-0.8138406621490164,-0.49984138244096177,-2.102657379712376,-3.07273883336232,-0.9736961665751858,942,0.3365180467091295,0.799747881354713,1.5767899868980935,-0.0016518577756047682,1.795253553416573,7.882165605095541,0.16933497536945813,188.19376026272576,0.08911572218254818,0.0
perp,ETHUSDT,1h,C6_donchian_ATR_trail,"{""n"": 20, ""trail"": 3.0}",opt,0.000505,0.915153785099097,1.1977752869718652,-0.8138406621490164,-0.4350318750783341,-0.9843723126161562,-1.4969314435373076,-0.9652719046105522,942,0.3503184713375796,0.8733509353221585,1.6196690073247304,-0.001507227457320157,1.9793654776003584,17.36411889596603,0.37303867907316185,188.19376026272576,0.09470031989213737,0.0
perp,ETHUSDT,1h,C6_donchian_ATR_trail,"{""n"": 20, ""trail"": 3.0}",real,0.000705,0.915153785099097,1.1977752869718652,-0.8138406621490164,-0.4760977793944078,-1.13978972295746,-1.7168395344953071,-0.9757003410508113,942,0.3503184713375796,0.8733509353221585,1.6196690073247304,-0.001507227457320157,1.9793654776003584,17.36411889596603,0.37303867907316185,188.19376026272576,0.09470031989213738,0.0
perp,ETHUSDT,1h,C6_donchian_ATR_trail,"{""n"": 20, ""trail"": 3.0}",stress,0.000905,0.915153785099097,1.1977752869718652,-0.8138406621490164,-0.5141787741401933,-1.2941112896930302,-1.931064220000372,-0.9829972507274253,942,0.3503184713375796,0.8733509353221585,1.6196690073247304,-0.001507227457320157,1.979365477600358,17.36411889596603,0.37303867907316185,188.19376026272576,0.09470031989213738,0.0
perp,ETHUSDT,1h,C6_donchian_ATR_trail,"{""n"": 20, ""trail"": 4.0}",opt,0.000505,0.915153785099097,1.1977752869718652,-0.8138406621490164,-0.45370395672369823,-0.6507279560881235,-1.0234421922729386,-0.9771934974787554,942,0.351380042462845,0.9075585029527834,1.6752817078675244,-0.0013597272405262988,2.4469302390148275,27.748407643312103,0.5961275314723591,188.19376026272576,0.09922747294144939,0.2
perp,ETHUSDT,1h,C6_donchian_ATR_trail,"{""n"": 20, ""trail"": 4.0}",real,0.000705,0.915153785099097,1.1977752869718652,-0.8138406621490164,-0.49344001718885866,-0.7658084728718236,-1.195983289395915,-0.9832593872282468,942,0.351380042462845,0.9075585029527834,1.6752817078675244,-0.0013597272405262988,2.4469302390148275,27.748407643312103,0.5961275314723591,188.19376026272576,0.09922747294144939,0.2
perp,ETHUSDT,1h,C6_donchian_ATR_trail,"{""n"": 20, ""trail"": 4.0}",stress,0.000905,0.915153785099097,1.1977752869718652,-0.8138406621490164,-0.5302858512235227,-0.8801426631894282,-1.364991594440308,-0.9878500690957104,942,0.351380042462845,0.9075585029527834,1.6752817078675244,-0.0013597272405262981,2.4469302390148275,27.748407643312103,0.5961275314723591,188.19376026272576,0.09922747294144939,0.2
perp,ETHUSDT,1h,C4_donchian_HTF,"{""n"": 20}",opt,0.000505,0.915153785099097,1.1977752869718652,-0.8138406621490164,0.29175983395032157,0.7591389441256446,1.3781127760087746,-0.6374174000471212,544,0.3860294117647059,1.3536157218317928,2.1528935766277084,0.004593295969976769,3.0219014954698737,29.794117647058822,0.36966338259441706,108.68089764641488,0.13410972814759303,0.4
perp,ETHUSDT,1h,C4_donchian_HTF,"{""n"": 20}",real,0.000705,0.915153785099097,1.1977752869718652,-0.8138406621490164,0.23675495232289667,0.6702859606892589,1.2087791758062785,-0.6799804000538769,544,0.3860294117647059,1.3536157218317924,2.152893576627708,0.004593295969976768,3.0219014954698737,29.794117647058822,0.36966338259441706,108.68089764641488,0.13410972814759306,0.4
perp,ETHUSDT,1h,C4_donchian_HTF,"{""n"": 20}",stress,0.000905,0.915153785099097,1.1977752869718652,-0.8138406621490164,0.1840922062321897,0.5817347484939552,1.0422051396807588,-0.7175470559590517,544,0.3860294117647059,1.3536157218317926,2.152893576627708,0.004593295969976769,3.0219014954698737,29.794117647058822,0.36966338259441706,108.68089764641488,0.13410972814759306,0.4
perp,ETHUSDT,1h,C1_donchian_channel,"{""n"": 50}",opt,0.000505,0.915153785099097,1.1977752869718652,-0.8138406621490164,-0.044215911696608656,0.27248635058710813,0.4562386555154292,-0.8900606244373339,526,0.3517110266159696,1.1445722619899295,2.109725088316573,0.003031035109195128,3.0010423406619346,61.71673003802282,0.7403758438241197,105.0848385331144,0.16798993808040638,0.6
perp,ETHUSDT,1h,C1_donchian_channel,"{""n"": 50}",real,0.000705,0.915153785099097,1.1977752869718652,-0.8138406621490164,-0.08374681616010526,0.21331546946993044,0.35575591470672113,-0.9037079737798488,526,0.3517110266159696,1.1445722619899295,2.109725088316573,0.0030310351091951274,3.0010423406619333,61.71673003802282,0.7403758438241197,105.0848385331144,0.16798993808040638,0.6
perp,ETHUSDT,1h,C1_donchian_channel,"{""n"": 50}",stress,0.000905,0.915153785099097,1.1977752869718652,-0.8138406621490164,-0.1216428424070729,0.154353629400072,0.2564104311478857,-0.9157241022702126,526,0.3517110266159696,1.1445722619899295,2.109725088316573,0.0030310351091951274,3.0010423406619346,61.71673003802282,0.7403758438241197,105.0848385331144,0.16798993808040638,0.6
perp,ETHUSDT,1h,C6_donchian_ATR_trail,"{""n"": 50, ""trail"": 2.0}",opt,0.000505,0.915153785099097,1.1977752869718652,-0.8138406621490164,-0.09811566806012784,-0.48496648901702055,-0.8174317061442942,-0.5824733667658304,400,0.38,0.9861249277798312,1.6089406716407773,-9.400126707687182e-05,1.6265251816339286,7.62,0.06951286261631089,79.91242474001095,0.14808789468743438,0.4
perp,ETHUSDT,1h,C6_donchian_ATR_trail,"{""n"": 50, ""trail"": 2.0}",real,0.000705,0.915153785099097,1.1977752869718652,-0.8138406621490164,-0.12651978388064344,-0.6609940848655943,-1.0937249977848138,-0.6162658365229725,400,0.38,0.9861249277798313,1.6089406716407775,-9.400126707687195e-05,1.6265251816339286,7.62,0.06951286261631089,79.91242474001095,0.14808789468743438,0.4
perp,ETHUSDT,1h,C6_donchian_ATR_trail,"{""n"": 50, ""trail"": 2.0}",stress,0.000905,0.915153785099097,1.1977752869718652,-0.8138406621490164,-0.1540293567225991,-0.8360654423243236,-1.358646344612647,-0.6504748265837466,400,0.38,0.9861249277798313,1.6089406716407775,-9.400126707687182e-05,1.6265251816339288,7.62,0.06951286261631089,79.91242474001095,0.14808789468743436,0.4
perp,ETHUSDT,1h,C6_donchian_ATR_trail,"{""n"": 50, ""trail"": 3.0}",opt,0.000505,0.915153785099097,1.1977752869718652,-0.8138406621490164,-0.018878598793472756,0.07901667277740412,0.13639316272747007,-0.6270092827319953,400,0.3875,1.1295543764191291,1.7854246595012042,0.001271304469307938,1.9727160844658644,18.1325,0.1654123335157818,79.91242474001095,0.15511757692493097,0.4
perp,ETHUSDT,1h,C6_donchian_ATR_trail,"{""n"": 50, ""trail"": 3.0}",real,0.000705,0.915153785099097,1.1977752869718652,-0.8138406621490164,-0.049797775362458,-0.02938232257273399,-0.05020040647573939,-0.6522768808903096,400,0.3875,1.1295543764191291,1.7854246595012042,0.0012713044693079378,1.9727160844658644,18.1325,0.1654123335157818,79.91242474001095,0.15511757692493097,0.4
perp,ETHUSDT,1h,C6_donchian_ATR_trail,"{""n"": 50, ""trail"": 3.0}",stress,0.000905,0.915153785099097,1.1977752869718652,-0.8138406621490164,-0.07974259544566553,-0.13734834677651123,-0.23229921944281695,-0.6766389285092813,400,0.3875,1.1295543764191291,1.7854246595012042,0.0012713044693079378,1.9727160844658644,18.1325,0.1654123335157818,79.91242474001095,0.15511757692493094,0.4
perp,ETHUSDT,1h,C6_donchian_ATR_trail,"{""n"": 50, ""trail"": 4.0}",opt,0.000505,0.915153785099097,1.1977752869718652,-0.8138406621490164,0.013130803056055296,0.22573883917226908,0.37934422388730604,-0.7138360993403448,400,0.365,1.1560415200238328,2.011195521137353,0.001993663520520651,1.6781596164434522,30.2075,0.27556559022076266,79.91242474001095,0.13260972786978592,0.2
perp,ETHUSDT,1h,C6_donchian_ATR_trail,"{""n"": 50, ""trail"": 4.0}",real,0.000705,0.915153785099097,1.1977752869718652,-0.8138406621490164,-0.018815392414819776,0.14456602590003592,0.24132520074759978,-0.7415642099793047,400,0.365,1.156041520023833,2.0111955211373536,0.001993663520520651,1.6781596164434522,30.2075,0.27556559022076266,79.91242474001095,0.13260972786978592,0.2
perp,ETHUSDT,1h,C6_donchian_ATR_trail,"{""n"": 50, ""trail"": 4.0}",stress,0.000905,0.915153785099097,1.1977752869718652,-0.8138406621490164,-0.04975430134169645,0.06371467029313321,0.10565982352570644,-0.7666056233085256,400,0.365,1.156041520023833,2.0111955211373536,0.0019936635205206514,1.6781596164434525,30.2075,0.27556559022076266,79.91242474001095,0.13260972786978592,0.2
perp,ETHUSDT,1h,C4_donchian_HTF,"{""n"": 50}",opt,0.000505,0.915153785099097,1.1977752869718652,-0.8138406621490164,0.2900817975197103,0.7584410437917978,1.2733204683969968,-0.6701962261376567,252,0.3888888888888889,1.4845343611300343,2.3328397103471965,0.009275137614109103,3.156960364298757,66.32936507936508,0.3812032475825579,50.3448275862069,0.27748300285754024,0.6
perp,ETHUSDT,1h,C4_donchian_HTF,"{""n"": 50}",real,0.000705,0.915153785099097,1.1977752869718652,-0.8138406621490164,0.2642991472402625,0.7171252140129534,1.2000997801940163,-0.6788890407429458,252,0.3888888888888889,1.4845343611300343,2.3328397103471965,0.009275137614109103,3.156960364298757,66.32936507936508,0.3812032475825579,50.3448275862069,0.27748300285754024,0.6
perp,ETHUSDT,1h,C4_donchian_HTF,"{""n"": 50}",stress,0.000905,0.915153785099097,1.1977752869718652,-0.8138406621490164,0.23903172346211088,0.6759019205163113,1.1275023605874737,-0.6873527815823977,252,0.3888888888888889,1.4845343611300341,2.3328397103471965,0.009275137614109101,3.1569603642987563,66.32936507936508,0.3812032475825579,50.3448275862069,0.27748300285754024,0.6
perp,ETHUSDT,1h,C1_donchian_channel,"{""n"": 100}",opt,0.000505,0.915153785099097,1.1977752869718652,-0.8138406621490164,0.27977549657132283,0.691055272490223,1.1729748359504966,-0.7493582619329666,278,0.3489208633093525,1.3828465127868648,2.580363080561057,0.01051213026342036,2.8949695205145303,116.88129496402878,0.7410372194854954,55.539135194307605,0.2473190192103806,0.8
perp,ETHUSDT,1h,C1_donchian_channel,"{""n"": 100}",real,0.000705,0.915153785099097,1.1977752869718652,-0.8138406621490164,0.25156906359026654,0.658633989043444,1.1154010040128857,-0.7605382699590657,278,0.3489208633093525,1.3828465127868648,2.580363080561057,0.01051213026342036,2.8949695205145307,116.88129496402878,0.7410372194854954,55.539135194307605,0.2473190192103806,0.8
perp,ETHUSDT,1h,C1_donchian_channel,"{""n"": 100}",stress,0.000905,0.915153785099097,1.1977752869718652,-0.8138406621490164,0.22398423459517058,0.6262789338672697,1.058195694445405,-0.7750741989942368,278,0.3489208633093525,1.3828465127868648,2.580363080561057,0.01051213026342036,2.8949695205145307,116.88129496402878,0.7410372194854954,55.539135194307605,0.2473190192103806,0.8
perp,ETHUSDT,1h,C6_donchian_ATR_trail,"{""n"": 100, ""trail"": 2.0}",opt,0.000505,0.915153785099097,1.1977752869718652,-0.8138406621490164,-0.0776405878150267,-0.5434852621806419,-0.8481087392255139,-0.4377119014198211,220,0.4,0.9160096509475408,1.3740144764213111,-0.0006288969828682956,0.9936475776647086,7.504545454545455,0.037652800583835064,43.951833607006016,0.19816832811359006,0.2
perp,ETHUSDT,1h,C6_donchian_ATR_trail,"{""n"": 100, ""trail"": 2.0}",real,0.000705,0.915153785099097,1.1977752869718652,-0.8138406621490164,-0.09372262759759598,-0.6740549414447267,-1.0346225637523936,-0.4696336665889238,220,0.4,0.9160096509475408,1.3740144764213111,-0.000628896982868296,0.9936475776647088,7.504545454545455,0.037652800583835064,43.951833607006016,0.19816832811359006,0.2
perp,ETHUSDT,1h,C6_donchian_ATR_trail,"{""n"": 100, ""trail"": 2.0}",stress,0.000905,0.915153785099097,1.1977752869718652,-0.8138406621490164,-0.10952427378850016,-0.8037292240716858,-1.214015073645642,-0.49974321494845286,220,0.4,0.9160096509475408,1.3740144764213111,-0.0006288969828682959,0.9936475776647088,7.504545454545455,0.037652800583835064,43.951833607006016,0.19816832811359006,0.0
perp,ETHUSDT,1h,C6_donchian_ATR_trail,"{""n"": 100, ""trail"": 3.0}",opt,0.000505,0.915153785099097,1.1977752869718652,-0.8138406621490164,-0.05848589889111344,-0.19696588911676566,-0.3234450727408148,-0.5023335695320821,220,0.38636363636363635,1.0100517621725167,1.6041998575681147,0.00010508440228201576,1.1724341209581255,17.54090909090909,0.08800857507754059,43.951833607006016,0.1991597186877611,0.4
perp,ETHUSDT,1h,C6_donchian_ATR_trail,"{""n"": 100, ""trail"": 3.0}",real,0.000705,0.915153785099097,1.1977752869718652,-0.8138406621490164,-0.07490360017556563,-0.28268554640874777,-0.45957233127492564,-0.5266952474488025,220,0.38636363636363635,1.0100517621725167,1.6041998575681147,0.00010508440228201526,1.1724341209581253,17.54090909090909,0.08800857507754059,43.951833607006016,0.19915971868776108,0.4
perp,ETHUSDT,1h,C6_donchian_ATR_trail,"{""n"": 100, ""trail"": 3.0}",stress,0.000905,0.915153785099097,1.1977752869718652,-0.8138406621490164,-0.09103502814800135,-0.3680177531158179,-0.592417290877308,-0.5528345458718993,220,0.38636363636363635,1.0100517621725167,1.6041998575681147,0.00010508440228201526,1.1724341209581253,17.54090909090909,0.08800857507754059,43.951833607006016,0.19915971868776108,0.4
perp,ETHUSDT,1h,C6_donchian_ATR_trail,"{""n"": 100, ""trail"": 4.0}",opt,0.000505,0.915153785099097,1.1977752869718652,-0.8138406621490164,-0.02243092092820609,0.06166579883409785,0.10554647326577356,-0.4735964303099415,220,0.35454545454545455,1.097838261387455,1.998628629705367,0.0012986822381599245,1.7682682895659916,29.94090909090909,0.1502234993614304,43.951833607006016,0.21769187267939463,0.6
perp,ETHUSDT,1h,C6_donchian_ATR_trail,"{""n"": 100, ""trail"": 4.0}",real,0.000705,0.915153785099097,1.1977752869718652,-0.8138406621490164,-0.03948082246948692,0.0008871847216130967,0.0015083280617583,-0.4983599987357705,220,0.35454545454545455,1.097838261387455,1.998628629705367,0.0012986822381599239,1.7682682895659914,29.94090909090909,0.1502234993614304,43.951833607006016,0.21769187267939463,0.6
perp,ETHUSDT,1h,C6_donchian_ATR_trail,"{""n"": 100, ""trail"": 4.0}",stress,0.000905,0.915153785099097,1.1977752869718652,-0.8138406621490164,-0.05623336957966607,-0.05967429992312916,-0.10078120219464211,-0.530925479117269,220,0.35454545454545455,1.0978382613874553,1.9986286297053675,0.001298682238159924,1.7682682895659914,29.94090909090909,0.1502234993614304,43.951833607006016,0.21769187267939463,0.6
perp,ETHUSDT,1h,C4_donchian_HTF,"{""n"": 100}",opt,0.000505,0.915153785099097,1.1977752869718652,-0.8138406621490164,0.27424500443558375,0.729122389065928,1.2166235427109944,-0.6287841795375244,147,0.3469387755102041,1.5852725514527086,2.984042449793334,0.015836955453289454,3.0507029953774967,119.2312925170068,0.39972176610107646,29.367816091954023,0.39983479445836057,0.8
perp,ETHUSDT,1h,C4_donchian_HTF,"{""n"": 100}",real,0.000705,0.915153785099097,1.1977752869718652,-0.8138406621490164,0.2593205261396401,0.7054109270164457,1.1747054009996762,-0.6375079242599931,147,0.3469387755102041,1.5852725514527086,2.984042449793334,0.015836955453289454,3.0507029953774967,119.2312925170068,0.39972176610107646,29.367816091954023,0.39983479445836057,0.8
perp,ETHUSDT,1h,C4_donchian_HTF,"{""n"": 100}",stress,0.000905,0.915153785099097,1.1977752869718652,-0.8138406621490164,0.2445708147414123,0.6817332643723737,1.1330096450768283,-0.6460266990361851,147,0.3469387755102041,1.5852725514527086,2.984042449793334,0.015836955453289454,3.0507029953774967,119.2312925170068,0.39972176610107646,29.367816091954023,0.39983479445836045,0.8
perp,ETHUSDT,1h,C2_donchian_voltarget,"{""n"": 20, ""vol_target"": 0.2}",opt,0.000505,0.915153785099097,1.1977752869718652,-0.8138406621490164,-0.11389410776280806,-0.7824755932009149,-1.27256313121461,-0.5626657389036664,942,0.3503184713375796,0.8733509353221585,1.6196690073247304,-0.0015072274573201575,1.9793654776003584,17.36411889596603,0.37303867907316185,188.19376026272576,0.09470031989213738,0.2
perp,ETHUSDT,1h,C2_donchian_voltarget,"{""n"": 20, ""vol_target"": 0.2}",real,0.000705,0.915153785099097,1.1977752869718652,-0.8138406621490164,-0.1387788120467065,-0.9787661844420741,-1.567442475610896,-0.6175863952649319,942,0.3503184713375796,0.8733509353221585,1.6196690073247304,-0.001507227457320157,1.9793654776003584,17.36411889596603,0.37303867907316185,188.19376026272576,0.09470031989213738,0.2
perp,ETHUSDT,1h,C2_donchian_voltarget,"{""n"": 20, ""vol_target"": 0.2}",stress,0.000905,0.915153785099097,1.1977752869718652,-0.8138406621490164,-0.16295983392847802,-1.1732043686145703,-1.850690299777801,-0.6656011674836111,942,0.3503184713375796,0.8733509353221585,1.6196690073247304,-0.0015072274573201569,1.979365477600358,17.36411889596603,0.37303867907316185,188.19376026272576,0.09470031989213738,0.2
perp,ETHUSDT,1h,C2_donchian_voltarget,"{""n"": 50, ""vol_target"": 0.2}",opt,0.000505,0.915153785099097,1.1977752869718652,-0.8138406621490164,-0.020167606887808054,-0.18065490087634978,-0.3181373216391959,-0.35454537911352657,400,0.3875,1.1295543764191291,1.7854246595012042,0.001271304469307938,1.9727160844658644,18.1325,0.1654123335157818,79.91242474001095,0.15511757692493097,0.4
perp,ETHUSDT,1h,C2_donchian_voltarget,"{""n"": 50, ""vol_target"": 0.2}",real,0.000705,0.915153785099097,1.1977752869718652,-0.8138406621490164,-0.03187401721770078,-0.3122652211008338,-0.5416760026327904,-0.37253738294536765,400,0.3875,1.1295543764191291,1.7854246595012042,0.0012713044693079378,1.9727160844658638,18.1325,0.1654123335157818,79.91242474001095,0.15511757692493094,0.4
perp,ETHUSDT,1h,C2_donchian_voltarget,"{""n"": 50, ""vol_target"": 0.2}",stress,0.000905,0.915153785099097,1.1977752869718652,-0.8138406621490164,-0.043438176727435884,-0.4428630040579043,-0.7569331439916391,-0.39002514500795504,400,0.3875,1.1295543764191294,1.7854246595012042,0.001271304469307938,1.9727160844658649,18.1325,0.1654123335157818,79.91242474001095,0.15511757692493097,0.4
perp,ETHUSDT,1h,C2_donchian_voltarget,"{""n"": 100, ""vol_target"": 0.2}",opt,0.000505,0.915153785099097,1.1977752869718652,-0.8138406621490164,0.013808511008581936,0.23716908705349116,0.46563289626202253,-0.11300245116394936,220,0.38636363636363635,1.0100517621725167,1.6041998575681147,0.000105084402282015,1.1724341209581253,17.54090909090909,0.08800857507754059,43.951833607006016,0.19915971868776106,0.6
perp,ETHUSDT,1h,C2_donchian_voltarget,"{""n"": 100, ""vol_target"": 0.2}",real,0.000705,0.915153785099097,1.1977752869718652,-0.8138406621490164,0.007527764782264246,0.14470855306174016,0.2797000344792621,-0.12109835838750538,220,0.38636363636363635,1.0100517621725167,1.6041998575681147,0.00010508440228201602,1.1724341209581255,17.54090909090909,0.08800857507754059,43.951833607006016,0.1991597186877611,0.6
perp,ETHUSDT,1h,C2_donchian_voltarget,"{""n"": 100, ""vol_target"": 0.2}",stress,0.000905,0.915153785099097,1.1977752869718652,-0.8138406621490164,0.001287343995469259,0.052483555633265865,0.09989638812980536,-0.14106368724637808,220,0.38636363636363635,1.0100517621725167,1.6041998575681147,0.00010508440228201576,1.1724341209581253,17.54090909090909,0.08800857507754059,43.951833607006016,0.1991597186877611,0.2
perp,ETHUSDT,4h,A1_price_slowMA,"{""slow"": 150}",opt,0.000505,0.9113448794124688,1.1977752869718647,-0.8115523763386553,1.199146411347141,1.4474359004776598,2.3672090519941986,-0.4532633253032965,280,0.19642857142857142,2.557301404542128,10.461687564035978,0.02269883856268205,6.918247769513037,38.61071428571429,0.9863163656267104,55.93869731800766,0.3896996672163491,0.8
perp,ETHUSDT,4h,A1_price_slowMA,"{""slow"": 150}",real,0.000705,0.9113448794124688,1.1977752869718647,-0.8115523763386553,1.1504516804409528,1.4156756829277508,2.3105521656302,-0.4713730235815592,280,0.19642857142857142,2.557301404542128,10.461687564035978,0.02269883856268205,6.918247769513036,38.61071428571429,0.9863163656267104,55.93869731800766,0.3896996672163491,0.8
perp,ETHUSDT,4h,A1_price_slowMA,"{""slow"": 150}",stress,0.000905,0.9113448794124688,1.1977752869718647,-0.8115523763386553,1.102835116545685,1.3839674988583548,2.25415954846455,-0.48888289597793855,280,0.19642857142857142,2.557301404542128,10.461687564035978,0.022698838562682053,6.918247769513038,38.61071428571429,0.9863163656267104,55.93869731800766,0.3896996672163491,0.8
perp,ETHUSDT,4h,A1_price_slowMA,"{""slow"": 200}",opt,0.000505,0.9113448794124688,1.1977752869718647,-0.8115523763386553,0.8631962782321119,1.2210151423637958,1.9531312292905787,-0.5930405935753629,256,0.171875,2.290272872581302,11.034951113346276,0.021385206017295245,6.493825356802942,42.03515625,0.9817551541689473,51.143951833607005,0.4363027008857456,0.8
perp,ETHUSDT,4h,A1_price_slowMA,"{""slow"": 200}",real,0.000705,0.9113448794124688,1.1977752869718647,-0.8115523763386553,0.8253912187034327,1.1920006387476225,1.9032588659045107,-0.6038424445115824,256,0.171875,2.290272872581302,11.034951113346276,0.021385206017295245,6.493825356802942,42.03515625,0.9817551541689473,51.143951833607005,0.43630270088574546,0.8
perp,ETHUSDT,4h,A1_price_slowMA,"{""slow"": 200}",stress,0.000905,0.9113448794124688,1.1977752869718647,-0.8115523763386553,0.7883531722123862,1.1630337025137794,1.8536075851028515,-0.6244582102953841,256,0.171875,2.290272872581302,11.034951113346276,0.021385206017295245,6.493825356802942,42.03515625,0.9817551541689473,51.143951833607005,0.43630270088574546,0.8
perp,ETHUSDT,4h,A1_price_slowMA,"{""slow"": 250}",opt,0.000505,0.9113448794124688,1.1977752869718647,-0.8115523763386553,0.499461696089577,0.9174092937477535,1.3970778206163517,-0.6409254802171839,250,0.164,2.158649020670511,11.003845007808216,0.019578508376648804,11.115748813620055,42.844,0.9771939427111841,49.94526546250684,0.5608907862153537,0.6
perp,ETHUSDT,4h,A1_price_slowMA,"{""slow"": 250}",real,0.000705,0.9113448794124688,1.1977752869718647,-0.8115523763386553,0.46970633158931796,0.8904489784661263,1.3540130411739906,-0.656264322244094,250,0.164,2.158649020670511,11.003845007808216,0.019578508376648797,11.115748813620055,42.844,0.9771939427111841,49.94526546250684,0.5608907862153535,0.6
perp,ETHUSDT,4h,A1_price_slowMA,"{""slow"": 250}",stress,0.000905,0.9113448794124688,1.1977752869718647,-0.8115523763386553,0.4405413686678168,0.8635353531310254,1.3111260600710835,-0.6709824060141113,250,0.164,2.158649020670511,11.003845007808216,0.019578508376648797,11.115748813620055,42.844,0.9771939427111841,49.94526546250684,0.5608907862153537,0.6
perp,ETHUSDT,4h,A2_dual_MA,"{""fast"": 10, ""slow"": 50}",opt,0.000505,0.9113448794124688,1.1977752869718647,-0.8115523763386553,0.3732913374406799,0.7904311629527763,1.261308925122279,-0.5169038111165575,284,0.323943661971831,1.4728193657393371,3.073709980673399,0.01234644176202019,3.148394252051412,38.41901408450704,0.9954387885422368,56.73782156540777,0.2730060578242973,0.8
perp,ETHUSDT,4h,A2_dual_MA,"{""fast"": 10, ""slow"": 50}",real,0.000705,0.9113448794124688,1.1977752869718647,-0.8115523763386553,0.3423195762769158,0.7601234899473074,1.2110415676277595,-0.5288342788657682,284,0.323943661971831,1.472819365739337,3.0737099806733985,0.01234644176202019,3.148394252051411,38.41901408450704,0.9954387885422368,56.73782156540777,0.2730060578242973,0.8
perp,ETHUSDT,4h,A2_dual_MA,"{""fast"": 10, ""slow"": 50}",stress,0.000905,0.9113448794124688,1.1977752869718647,-0.8115523763386553,0.31204622058161413,0.7298612287388078,1.1609931933156963,-0.5404701567823713,284,0.323943661971831,1.4728193657393371,3.073709980673399,0.01234644176202019,3.148394252051411,38.41901408450704,0.9954387885422368,56.73782156540777,0.2730060578242973,0.8
perp,ETHUSDT,4h,A2_dual_MA,"{""fast"": 10, ""slow"": 75}",opt,0.000505,0.9113448794124688,1.1977752869718647,-0.8115523763386553,0.702996518224841,1.0735885672109362,1.7548783410005142,-0.6415393706218069,210,0.3238095238095238,1.8677568584296795,3.900315792603154,0.023931439001010375,5.557523691871033,51.838095238095235,0.9931581828133552,41.95402298850575,0.38008954892343655,0.8
perp,ETHUSDT,4h,A2_dual_MA,"{""fast"": 10, ""slow"": 75}",real,0.000705,0.9113448794124688,1.1977752869718647,-0.8115523763386553,0.674545015799817,1.051115322589736,1.7158025419909853,-0.6448663844233748,210,0.3238095238095238,1.86775685842968,3.9003157926031546,0.02393143900101037,5.557523691871032,51.838095238095235,0.9931581828133552,41.95402298850575,0.3800895489234365,0.8
perp,ETHUSDT,4h,A2_dual_MA,"{""fast"": 10, ""slow"": 75}",stress,0.000905,0.9113448794124688,1.1977752869718647,-0.8115523763386553,0.6465687637246083,1.0286655654363381,1.676857153845038,-0.6481625433782057,210,0.3238095238095238,1.86775685842968,3.9003157926031546,0.023931439001010378,5.557523691871033,51.838095238095235,0.9931581828133552,41.95402298850575,0.3800895489234365,0.8
perp,ETHUSDT,4h,A2_dual_MA,"{""fast"": 10, ""slow"": 100}",opt,0.000505,0.9113448794124688,1.1977752869718647,-0.8115523763386553,0.7420954921088578,1.110361586216629,1.7913316129807202,-0.5655722458196215,164,0.27439024390243905,2.032390992666361,5.374545069495487,0.030540461086830412,4.368792195898415,66.22560975609755,0.9908775770844737,32.764094143404485,0.3992491774174633,0.8
perp,ETHUSDT,4h,A2_dual_MA,"{""fast"": 10, ""slow"": 100}",real,0.000705,0.9113448794124688,1.1977752869718647,-0.8115523763386553,0.719294709154674,1.0925034272335277,1.7605134746694697,-0.5685518720887257,164,0.27439024390243905,2.032390992666361,5.374545069495487,0.03054046108683042,4.368792195898416,66.22560975609755,0.9908775770844737,32.764094143404485,0.39924917741746335,0.8
perp,ETHUSDT,4h,A2_dual_MA,"{""fast"": 10, ""slow"": 100}",stress,0.000905,0.9113448794124688,1.1977752869718647,-0.8115523763386553,0.6967922626589202,1.0746620321530256,1.7297810489404135,-0.5715110831762724,164,0.27439024390243905,2.032390992666361,5.374545069495487,0.030540461086830412,4.368792195898415,66.22560975609755,0.9908775770844737,32.764094143404485,0.3992491774174633,0.8
perp,ETHUSDT,4h,A2_dual_MA,"{""fast"": 20, ""slow"": 50}",opt,0.000505,0.9113448794124688,1.1977752869718647,-0.8115523763386553,0.287294204192462,0.7030009710584896,1.127439018218724,-0.6709421585301114,200,0.34,1.5202773203770503,2.9511265630848627,0.01776380578351105,5.491165771001706,54.555,0.9954387885422368,39.956212370005474,0.37722474400855704,0.8
perp,ETHUSDT,4h,A2_dual_MA,"{""fast"": 20, ""slow"": 50}",real,0.000705,0.9113448794124688,1.1977752869718647,-0.8115523763386553,0.2667194785944025,0.6818415372192199,1.0921550179082224,-0.6857000354209323,200,0.34,1.5202773203770508,2.951126563084863,0.017763805783511052,5.491165771001706,54.555,0.9954387885422368,39.956212370005474,0.377224744008557,0.8
perp,ETHUSDT,4h,A2_dual_MA,"{""fast"": 20, ""slow"": 50}",stress,0.000905,0.9113448794124688,1.1977752869718647,-0.8115523763386553,0.2464735004654972,0.6607059909049886,1.0569892841846797,-0.6997960943360175,200,0.34,1.5202773203770503,2.9511265630848627,0.017763805783511055,5.491165771001704,54.555,0.9954387885422368,39.956212370005474,0.377224744008557,0.8
perp,ETHUSDT,4h,A2_dual_MA,"{""fast"": 20, ""slow"": 75}",opt,0.000505,0.9113448794124688,1.1977752869718647,-0.8115523763386553,0.6775311453249062,1.055802701264361,1.6826849921215166,-0.655354444613967,152,0.34210526315789475,1.9252469547814783,3.7023979899643815,0.03129365524928806,3.473255752838737,71.61842105263158,0.9931581828133552,30.36672140120416,0.3813604103067143,0.6
perp,ETHUSDT,4h,A2_dual_MA,"{""fast"": 20, ""slow"": 75}",real,0.000705,0.9113448794124688,1.1977752869718647,-0.8115523763386553,0.6571322874876384,1.03959417443545,1.6553884382434236,-0.6693614801450762,152,0.34210526315789475,1.9252469547814783,3.7023979899643815,0.03129365524928806,3.4732557528387358,71.61842105263158,0.9931581828133552,30.36672140120416,0.3813604103067143,0.6
perp,ETHUSDT,4h,A2_dual_MA,"{""fast"": 20, ""slow"": 75}",stress,0.000905,0.9113448794124688,1.1977752869718647,-0.8115523763386553,0.6369813851499337,1.0233932693076622,1.6281440025863472,-0.6827993046128344,152,0.34210526315789475,1.925246954781478,3.7023979899643806,0.03129365524928805,3.473255752838738,71.61842105263158,0.9931581828133552,30.36672140120416,0.3813604103067143,0.6
perp,ETHUSDT,4h,A2_dual_MA,"{""fast"": 20, ""slow"": 100}",opt,0.000505,0.9113448794124688,1.1977752869718647,-0.8115523763386553,0.654006911964832,1.0406967611978832,1.6494070176984887,-0.57335763110421,132,0.2727272727272727,2.0449703931505367,5.453254381734764,0.03586585696483333,3.7535925228050373,82.28030303030303,0.9908775770844737,26.37110016420361,0.44295483896113674,0.8
perp,ETHUSDT,4h,A2_dual_MA,"{""fast"": 20, ""slow"": 100}",real,0.000705,0.9113448794124688,1.1977752869718647,-0.8115523763386553,0.6365108565261346,1.0264975172221342,1.6256029844745787,-0.5780270403521304,132,0.2727272727272727,2.0449703931505367,5.453254381734764,0.03586585696483333,3.7535925228050373,82.28030303030303,0.9908775770844737,26.37110016420361,0.44295483896113674,0.8
perp,ETHUSDT,4h,A2_dual_MA,"{""fast"": 20, ""slow"": 100}",stress,0.000905,0.9113448794124688,1.1977752869718647,-0.8115523763386553,0.6191997803544735,1.0123001340661475,1.6018330297752927,-0.5826453829490704,132,0.2727272727272727,2.0449703931505367,5.453254381734764,0.03586585696483333,3.7535925228050373,82.28030303030303,0.9908775770844737,26.37110016420361,0.44295483896113685,0.8
perp,ETHUSDT,4h,A2_dual_MA,"{""fast"": 30, ""slow"": 50}",opt,0.000505,0.9113448794124688,1.1977752869718647,-0.8115523763386553,0.5274924419159186,0.9285592643720405,1.4689990189615232,-0.5725499911823873,150,0.32666666666666666,1.7726084789345384,3.6537440075997627,0.02877787469078753,3.445777080430158,72.74,0.9954387885422368,29.967159277504106,0.38207178232815686,0.8
perp,ETHUSDT,4h,A2_dual_MA,"{""fast"": 30, ""slow"": 50}",real,0.000705,0.9113448794124688,1.1977752869718647,-0.8115523763386553,0.5091335807281148,0.9128576312185401,1.4429916138633359,-0.586955602187226,150,0.32666666666666666,1.7726084789345384,3.6537440075997627,0.02877787469078753,3.445777080430158,72.74,0.9954387885422368,29.967159277504106,0.3820717823281568,0.8
perp,ETHUSDT,4h,A2_dual_MA,"{""fast"": 30, ""slow"": 50}",stress,0.000905,0.9113448794124688,1.1977752869718647,-0.8115523763386553,0.49099527582983016,0.8971645670939629,1.4170353756477463,-0.600875798445069,150,0.32666666666666666,1.7726084789345382,3.6537440075997627,0.028777874690787523,3.445777080430158,72.74,0.9954387885422368,29.967159277504106,0.38207178232815686,0.8
perp,ETHUSDT,4h,A2_dual_MA,"{""fast"": 30, ""slow"": 75}",opt,0.000505,0.9113448794124688,1.1977752869718647,-0.8115523763386553,0.4442288443592408,0.8567887882917604,1.352423439489648,-0.7121307697686576,114,0.2894736842105263,1.808138685994405,4.438158592895357,0.03578913499667303,3.341038415651242,95.49122807017544,0.9931581828133552,22.77504105090312,0.4528536952516633,0.6
perp,ETHUSDT,4h,A2_dual_MA,"{""fast"": 30, ""slow"": 75}",real,0.000705,0.9113448794124688,1.1977752869718647,-0.8115523763386553,0.43096465263560657,0.8447439676295386,1.3325165802397825,-0.718834390683843,114,0.2894736842105263,1.8081386859944042,4.4381585928953555,0.03578913499667303,3.3410384156512425,95.49122807017544,0.9931581828133552,22.77504105090312,0.4528536952516634,0.6
perp,ETHUSDT,4h,A2_dual_MA,"{""fast"": 30, ""slow"": 75}",stress,0.000905,0.9113448794124688,1.1977752869718647,-0.8115523763386553,0.4178221833394733,0.8327058988062327,1.3126418470460974,-0.7253819526146565,114,0.2894736842105263,1.8081386859944046,4.438158592895356,0.03578913499667303,3.341038415651244,95.49122807017544,0.9931581828133552,22.77504105090312,0.4528536952516633,0.6
perp,ETHUSDT,4h,A2_dual_MA,"{""fast"": 30, ""slow"": 100}",opt,0.000505,0.9113448794124688,1.1977752869718647,-0.8115523763386553,0.44453622768147816,0.8598940229083769,1.3458615245857959,-0.7252408306079168,104,0.2980769230769231,1.8996755569717043,4.473429537384981,0.03823809685446787,4.583510751873771,104.4326923076923,0.9908775770844737,20.777230432402845,0.4783365241967607,0.6
perp,ETHUSDT,4h,A2_dual_MA,"{""fast"": 30, ""slow"": 100}",real,0.000705,0.9113448794124688,1.1977752869718647,-0.8115523763386553,0.4324330729387924,0.8486472567376281,1.3275614285809592,-0.7314291150920282,104,0.2980769230769231,1.8996755569717043,4.473429537384981,0.03823809685446788,4.583510751873771,104.4326923076923,0.9908775770844737,20.777230432402845,0.4783365241967608,0.6
perp,ETHUSDT,4h,A2_dual_MA,"{""fast"": 30, ""slow"": 100}",stress,0.000905,0.9113448794124688,1.1977752869718647,-0.8115523763386553,0.42043123800349225,0.8374031135363693,1.3092805168617125,-0.737478072534886,104,0.2980769230769231,1.8996755569717043,4.473429537384981,0.03823809685446788,4.583510751873771,104.4326923076923,0.9908775770844737,20.777230432402845,0.4783365241967608,0.6
perp,ETHUSDT,4h,A3_MA_slope,"{""ma"": 50}",opt,0.000505,0.9113448794124688,1.1977752869718647,-0.8115523763386553,-0.10227523272210481,0.24189484032781874,0.37660663476964407,-0.8870669965219328,341,0.31085043988269795,1.1620742287132033,2.576296639128328,0.004460508569827064,2.991656614503032,31.98240469208211,0.9949826673964605,68.12534209085933,0.25771029913785387,0.2
perp,ETHUSDT,4h,A3_MA_slope,"{""ma"": 50}",real,0.000705,0.9113448794124688,1.1977752869718647,-0.8115523763386553,-0.126592466465122,0.2070291668246365,0.32178025332341953,-0.8956871956208944,341,0.31085043988269795,1.162074228713203,2.5762966391283277,0.004460508569827064,2.9916566145030323,31.98240469208211,0.9949826673964605,68.12534209085933,0.25771029913785387,0.2
perp,ETHUSDT,4h,A3_MA_slope,"{""ma"": 50}",stress,0.000905,0.9113448794124688,1.1977752869718647,-0.8115523763386553,-0.1502511061952848,0.17222674441061103,0.26723334365771945,-0.9036494441764653,341,0.31085043988269795,1.1620742287132033,2.576296639128328,0.004460508569827066,2.9916566145030323,31.98240469208211,0.9949826673964605,68.12534209085933,0.25771029913785387,0.2
perp,ETHUSDT,4h,A3_MA_slope,"{""ma"": 75}",opt,0.000505,0.9113448794124688,1.1977752869718647,-0.8115523763386553,0.8670498084012721,1.1962806844903306,1.9523467713409564,-0.5578844379914503,226,0.33185840707964603,1.9285203493624528,3.8827543033830714,0.023713510145931267,3.147512472117713,48.14601769911504,0.9927020616675789,45.15051997810618,0.31857821809291553,0.8
perp,ETHUSDT,4h,A3_MA_slope,"{""ma"": 75}",real,0.000705,0.9113448794124688,1.1977752869718647,-0.8115523763386553,0.8335180448209618,1.1721764936251626,1.9109224925008317,-0.5679527780964295,226,0.33185840707964603,1.9285203493624523,3.8827543033830705,0.02371351014593127,3.1475124721177115,48.14601769911504,0.9927020616675789,45.15051997810618,0.31857821809291564,0.8
perp,ETHUSDT,4h,A3_MA_slope,"{""ma"": 75}",stress,0.000905,0.9113448794124688,1.1977752869718647,-0.8115523763386553,0.8005884076392673,1.1480830956992016,1.8695884584462463,-0.5777918768283773,226,0.33185840707964603,1.928520349362452,3.8827543033830696,0.023713510145931267,3.1475124721177106,48.14601769911504,0.9927020616675789,45.15051997810618,0.3185782180929156,0.8
perp,ETHUSDT,4h,A3_MA_slope,"{""ma"": 100}",opt,0.000505,0.9113448794124688,1.1977752869718647,-0.8115523763386553,0.19195665754767854,0.6099884063364279,0.924196927845858,-0.8590084400837263,206,0.32524271844660196,1.4935573600575232,3.098574224596951,0.014604838109397573,4.561216490793396,52.699029126213595,0.9904214559386973,41.15489874110563,0.41017074084830046,0.2
perp,ETHUSDT,4h,A3_MA_slope,"{""ma"": 100}",real,0.000705,0.9113448794124688,1.1977752869718647,-0.8115523763386553,0.17232111832919106,0.5884866565362797,0.8908606937218241,-0.8678874031538575,206,0.32524271844660196,1.4935573600575232,3.098574224596951,0.014604838109397571,4.561216490793395,52.699029126213595,0.9904214559386973,41.15489874110563,0.41017074084830046,0.2
perp,ETHUSDT,4h,A3_MA_slope,"{""ma"": 100}",stress,0.000905,0.9113448794124688,1.1977752869718647,-0.8115523763386553,0.15300894459063286,0.5670045133422295,0.857606409816375,-0.876207256154071,206,0.32524271844660196,1.4935573600575232,3.098574224596951,0.014604838109397575,4.561216490793394,52.699029126213595,0.9904214559386973,41.15489874110563,0.41017074084830046,0.2
perp,ETHUSDT,4h,A3_MA_slope,"{""ma"": 150}",opt,0.000505,0.9113448794124688,1.1977752869718647,-0.8115523763386553,0.3558774655439947,0.780470262865388,1.1642896589026617,-0.7916800037397409,158,0.36075949367088606,1.8788601750485212,3.329208380349135,0.02677110771715841,8.15359740383894,68.39240506329114,0.9858602444809341,31.565407772304322,0.5202766982570447,0.6
perp,ETHUSDT,4h,A3_MA_slope,"{""ma"": 150}",real,0.000705,0.9113448794124688,1.1977752869718647,-0.8115523763386553,0.3386936382354835,0.7639843611388346,1.1389086124210788,-0.8002040152050631,158,0.36075949367088606,1.8788601750485219,3.3292083803491357,0.02677110771715841,8.153597403838944,68.39240506329114,0.9858602444809341,31.565407772304322,0.5202766982570447,0.6
perp,ETHUSDT,4h,A3_MA_slope,"{""ma"": 150}",stress,0.000905,0.9113448794124688,1.1977752869718647,-0.8115523763386553,0.32172748198967516,0.7475120826992736,1.113580494289588,-0.8083793106618556,158,0.36075949367088606,1.8788601750485217,3.3292083803491352,0.02677110771715841,8.15359740383894,68.39240506329114,0.9858602444809341,31.565407772304322,0.5202766982570447,0.4
perp,ETHUSDT,4h,A3_MA_slope,"{""ma"": 200}",opt,0.000505,0.9113448794124688,1.1977752869718647,-0.8115523763386553,0.7413042889587851,1.0981579743779297,1.6654665998384872,-0.8113319007278915,146,0.3698630136986301,2.8684145145728457,4.8869284322352184,0.041057185912559344,9.81884297130393,73.67123287671232,0.981299033023171,29.168035030103994,0.592360948182582,1.0
perp,ETHUSDT,4h,A3_MA_slope,"{""ma"": 200}",real,0.000705,0.9113448794124688,1.1977752869718647,-0.8115523763386553,0.7210071111503369,1.0831864802051319,1.641729843197149,-0.8115984373530375,146,0.3698630136986301,2.8684145145728457,4.8869284322352184,0.041057185912559344,9.81884297130393,73.67123287671232,0.981299033023171,29.168035030103994,0.592360948182582,1.0
perp,ETHUSDT,4h,A3_MA_slope,"{""ma"": 200}",stress,0.000905,0.9113448794124688,1.1977752869718647,-0.8115523763386553,0.7009464398859284,1.0682226305186517,1.6180274467570348,-0.8118646221973436,146,0.3698630136986301,2.8684145145728457,4.8869284322352184,0.04105718591255933,9.81884297130393,73.67123287671232,0.981299033023171,29.168035030103994,0.592360948182582,1.0
perp,ETHUSDT,4h,A3_MA_slope,"{""ma"": 250}",opt,0.000505,0.9113448794124688,1.1977752869718647,-0.8115523763386553,0.21228175806122285,0.6375859625958634,0.9027554477381285,-0.761323241195358,105,0.38095238095238093,2.1199407217843222,3.4449036728995233,0.03814339999760943,8.147036733633378,101.96190476190476,0.9767378215654078,20.977011494252874,0.6650749012646846,0.8
perp,ETHUSDT,4h,A3_MA_slope,"{""ma"": 250}",real,0.000705,0.9113448794124688,1.1977752869718647,-0.8115523763386553,0.20201102482879518,0.6262917915406133,0.8863968658777014,-0.7652473695194166,105,0.38095238095238093,2.119940721784322,3.444903672899523,0.03814339999760942,8.147036733633378,101.96190476190476,0.9767378215654078,20.977011494252874,0.6650749012646846,0.8
perp,ETHUSDT,4h,A3_MA_slope,"{""ma"": 250}",stress,0.000905,0.9113448794124688,1.1977752869718647,-0.8115523763386553,0.1918272215366692,0.6150025454689365,0.8700587825630216,-0.7691070105334978,105,0.38095238095238093,2.1199407217843222,3.4449036728995233,0.03814339999760943,8.147036733633378,101.96190476190476,0.9767378215654078,20.977011494252874,0.6650749012646846,0.8
perp,ETHUSDT,4h,A4_MA_distance_capped,"{""cap_atr"": 4, ""slow"": 150}",opt,0.000505,0.9113448794124688,1.1977752869718647,-0.8115523763386553,0.6628708460871438,1.200203942837304,1.8222892077349881,-0.49346737372256566,624,0.5464743589743589,1.4663723549391283,1.2169600482339393,0.006251943751521411,0.4086377869654703,10.344551282051283,0.5888523991972268,124.66338259441707,0.0831392411132186,0.8
perp,ETHUSDT,4h,A4_MA_distance_capped,"{""cap_atr"": 4, ""slow"": 150}",real,0.000705,0.9113448794124688,1.1977752869718647,-0.8115523763386553,0.5820404087896165,1.1092038056407947,1.6755072376332603,-0.505541683272435,624,0.5464743589743589,1.4663723549391283,1.2169600482339393,0.006251943751521411,0.4086377869654705,10.344551282051283,0.5888523991972268,124.66338259441707,0.0831392411132186,0.8
perp,ETHUSDT,4h,A4_MA_distance_capped,"{""cap_atr"": 4, ""slow"": 150}",stress,0.000905,0.9113448794124688,1.1977752869718647,-0.8115523763386553,0.5051390233398885,1.0182831510650434,1.5303336420790317,-0.5173282054386628,624,0.5464743589743589,1.4663723549391283,1.2169600482339393,0.00625194375152141,0.4086377869654705,10.344551282051283,0.5888523991972268,124.66338259441707,0.0831392411132186,0.6
perp,ETHUSDT,4h,A4_MA_distance_capped,"{""cap_atr"": 4, ""slow"": 200}",opt,0.000505,0.9113448794124688,1.1977752869718647,-0.8115523763386553,0.15385066299194938,0.5345415283468368,0.7880549556494657,-0.7220511197883366,554,0.5108303249097473,1.23959044611547,1.1870283070575702,0.0034165940899298915,0.7111528785081688,9.87725631768953,0.49917898193760263,110.67870826491516,0.09647967196993307,0.8
perp,ETHUSDT,4h,A4_MA_distance_capped,"{""cap_atr"": 4, ""slow"": 200}",real,0.000705,0.9113448794124688,1.1977752869718647,-0.8115523763386553,0.1038692410819484,0.4478042049915188,0.6567793930416677,-0.7528381926437169,554,0.5108303249097473,1.2395904461154699,1.1870283070575702,0.0034165940899298915,0.711152878508169,9.87725631768953,0.49917898193760263,110.67870826491516,0.09647967196993307,0.4
perp,ETHUSDT,4h,A4_MA_distance_capped,"{""cap_atr"": 4, ""slow"": 200}",stress,0.000905,0.9113448794124688,1.1977752869718647,-0.8115523763386553,0.05605282981201509,0.3612057634966813,0.527053645461287,-0.7802151634734893,554,0.5108303249097473,1.23959044611547,1.1870283070575702,0.003416594089929891,0.711152878508169,9.87725631768953,0.49917898193760263,110.67870826491516,0.09647967196993307,0.4
perp,ETHUSDT,4h,A4_MA_distance_capped,"{""cap_atr"": 4, ""slow"": 250}",opt,0.000505,0.9113448794124688,1.1977752869718647,-0.8115523763386553,-0.20479731451537786,-0.15626516372822583,-0.20911169430254847,-0.8032883627641707,492,0.47764227642276424,0.9887826758271693,1.0813495646280107,-0.00017279578133718498,0.5901933020884529,9.788617886178862,0.43942711184090494,98.29228243021346,0.12135497909022741,0.2
perp,ETHUSDT,4h,A4_MA_distance_capped,"{""cap_atr"": 4, ""slow"": 250}",real,0.000705,0.9113448794124688,1.1977752869718647,-0.8115523763386553,-0.2355195141427886,-0.22985342099898945,-0.30649938887844924,-0.8333675381773265,492,0.47764227642276424,0.9887826758271694,1.081349564628011,-0.00017279578133718555,0.5901933020884528,9.788617886178862,0.43942711184090494,98.29228243021346,0.12135497909022741,0.2
perp,ETHUSDT,4h,A4_MA_distance_capped,"{""cap_atr"": 4, ""slow"": 250}",stress,0.000905,0.9113448794124688,1.1977752869718647,-0.8115523763386553,-0.2650548233893494,-0.3032640954341703,-0.4029670640165468,-0.8588473431540274,492,0.47764227642276424,0.9887826758271693,1.0813495646280107,-0.00017279578133718565,0.5901933020884528,9.788617886178862,0.43942711184090494,98.29228243021346,0.1213549790902274,0.2
perp,ETHUSDT,4h,B1_supertrend_flip,"{""mult"": 2.0, ""n"": 10}",opt,0.000505,0.9113448794124688,1.1977752869718647,-0.8115523763386553,0.007572507541674822,0.3871658970249085,0.6041321913845229,-0.9121775292335739,427,0.3629976580796253,1.1971707532270446,2.1008415798564912,0.005294338821782074,3.261514916057874,25.646370023419205,0.9990877577084474,85.30651340996168,0.2092262424134105,0.6
perp,ETHUSDT,4h,B1_supertrend_flip,"{""mult"": 2.0, ""n"": 10}",real,0.000705,0.9113448794124688,1.1977752869718647,-0.8115523763386553,-0.026427797954575172,0.3433105087774037,0.5341895249464754,-0.9158616093633493,427,0.3629976580796253,1.1971707532270446,2.1008415798564912,0.005294338821782075,3.261514916057874,25.646370023419205,0.9990877577084474,85.30651340996168,0.2092262424134105,0.6
perp,ETHUSDT,4h,B1_supertrend_flip,"{""mult"": 2.0, ""n"": 10}",stress,0.000905,0.9113448794124688,1.1977752869718647,-0.8115523763386553,-0.05928088754799499,0.29961020592802473,0.46488056359594243,-0.9193911647321483,427,0.3629976580796253,1.1971707532270444,2.100841579856491,0.005294338821782073,3.261514916057874,25.646370023419205,0.9990877577084474,85.30651340996168,0.20922624241341053,0.6
perp,ETHUSDT,4h,B1_supertrend_flip,"{""mult"": 2.5, ""n"": 10}",opt,0.000505,0.9113448794124688,1.1977752869718647,-0.8115523763386553,0.17750116930506743,0.5880565884196465,0.9326497447031447,-0.7183819048467153,307,0.3778501628664495,1.2959608587852876,2.133866586448189,0.00938505540485601,2.517122427976478,35.671009771986974,0.9990877577084474,61.3327859879584,0.2148866739242941,0.8
perp,ETHUSDT,4h,B1_supertrend_flip,"{""mult"": 2.5, ""n"": 10}",real,0.000705,0.9113448794124688,1.1977752869718647,-0.8115523763386553,0.14875252195973698,0.5559951467963711,0.8798310254366675,-0.7240446200221816,307,0.3778501628664495,1.2959608587852876,2.133866586448189,0.009385055404856008,2.5171224279764783,35.671009771986974,0.9990877577084474,61.3327859879584,0.21488667392429409,0.8
perp,ETHUSDT,4h,B1_supertrend_flip,"{""mult"": 2.5, ""n"": 10}",stress,0.000905,0.9113448794124688,1.1977752869718647,-0.8115523763386553,0.1207056410513494,0.5240189235192774,0.8273798903518079,-0.7295935160959173,307,0.3778501628664495,1.2959608587852876,2.133866586448189,0.009385055404856008,2.517122427976479,35.671009771986974,0.9990877577084474,61.3327859879584,0.21488667392429409,0.8
perp,ETHUSDT,4h,B1_supertrend_flip,"{""mult"": 3.0, ""n"": 10}",opt,0.000505,0.9113448794124688,1.1977752869718647,-0.8115523763386553,0.03672010543328308,0.42721145664423804,0.661527323972227,-0.733016478456903,245,0.3510204081632653,1.2453669831067962,2.3024808176044256,0.009153740184342684,2.232840565160927,44.69795918367347,0.9990877577084474,48.946360153256705,0.24134099087586097,0.6
perp,ETHUSDT,4h,B1_supertrend_flip,"{""mult"": 3.0, ""n"": 10}",real,0.000705,0.9113448794124688,1.1977752869718647,-0.8115523763386553,0.01640611252194457,0.4020969287852757,0.6215632806717535,-0.7505535071351808,245,0.3510204081632653,1.2453669831067964,2.302480817604426,0.009153740184342687,2.2328405651609278,44.69795918367347,0.9990877577084474,48.946360153256705,0.24134099087586097,0.6
perp,ETHUSDT,4h,B1_supertrend_flip,"{""mult"": 3.0, ""n"": 10}",stress,0.000905,0.9113448794124688,1.1977752869718647,-0.8115523763386553,-0.003509964711385094,0.3770448156113484,0.5818312327638483,-0.7669387084449991,245,0.3510204081632653,1.2453669831067962,2.3024808176044256,0.009153740184342687,2.232840565160927,44.69795918367347,0.9990877577084474,48.946360153256705,0.24134099087586097,0.4
perp,ETHUSDT,4h,B1_supertrend_flip,"{""mult"": 2.0, ""n"": 14}",opt,0.000505,0.9113448794124688,1.1977752869718647,-0.8115523763386553,0.01870537487855306,0.4031141002157735,0.6300478257481409,-0.8939261268188015,427,0.3700234192037471,1.19583902822805,2.0359537885654775,0.005291642181303469,2.843333598340419,25.637002341920375,0.9987228607918263,85.30651340996168,0.19295833943059446,0.6
perp,ETHUSDT,4h,B1_supertrend_flip,"{""mult"": 2.0, ""n"": 14}",real,0.000705,0.9113448794124688,1.1977752869718647,-0.8115523763386553,-0.015670418459482693,0.35945725763602365,0.5602104416851977,-0.8984546611052113,427,0.3700234192037471,1.19583902822805,2.0359537885654775,0.00529164218130347,2.8433335983404193,25.637002341920375,0.9987228607918263,85.30651340996168,0.19295833943059448,0.6
perp,ETHUSDT,4h,B1_supertrend_flip,"{""mult"": 2.0, ""n"": 14}",stress,0.000905,0.9113448794124688,1.1977752869718647,-0.8115523763386553,-0.048886333712675256,0.31595169748536234,0.49100580600026594,-0.9027898847797642,427,0.3700234192037471,1.1958390282280498,2.035953788565477,0.005291642181303469,2.843333598340418,25.637002341920375,0.9987228607918263,85.30651340996168,0.19295833943059448,0.6
perp,ETHUSDT,4h,B1_supertrend_flip,"{""mult"": 2.5, ""n"": 14}",opt,0.000505,0.9113448794124688,1.1977752869718647,-0.8115523763386553,0.24491722548097594,0.6608568705896254,1.05283670795665,-0.6774412893880079,303,0.37293729372937295,1.3323907994291415,2.2403031140843974,0.01049583991970544,2.5549706218934958,36.12871287128713,0.9987228607918263,60.53366174055829,0.21508101107166352,0.8
perp,ETHUSDT,4h,B1_supertrend_flip,"{""mult"": 2.5, ""n"": 14}",real,0.000705,0.9113448794124688,1.1977752869718647,-0.8115523763386553,0.2149222838457907,0.6291508284578767,1.0000387942456805,-0.6834174059262783,303,0.37293729372937295,1.3323907994291415,2.2403031140843974,0.010495839919705442,2.554970621893496,36.12871287128713,0.9987228607918263,60.53366174055829,0.21508101107166352,0.8
perp,ETHUSDT,4h,B1_supertrend_flip,"{""mult"": 2.5, ""n"": 14}",stress,0.000905,0.9113448794124688,1.1977752869718647,-0.8115523763386553,0.1856499043235753,0.5975305798733999,0.9476146734714759,-0.6892828505724943,303,0.37293729372937295,1.3323907994291415,2.2403031140843974,0.010495839919705442,2.554970621893496,36.12871287128713,0.9987228607918263,60.53366174055829,0.21508101107166352,0.8
perp,ETHUSDT,4h,B1_supertrend_flip,"{""mult"": 3.0, ""n"": 14}",opt,0.000505,0.9113448794124688,1.1977752869718647,-0.8115523763386553,0.1572078535400827,0.5701502782923145,0.8860513311996571,-0.7102897709954452,237,0.38396624472573837,1.3149009002811378,2.109621224626881,0.011415181797731344,2.013151725858299,46.18987341772152,0.9987228607918263,47.34811165845648,0.2309690226281051,0.6
perp,ETHUSDT,4h,B1_supertrend_flip,"{""mult"": 3.0, ""n"": 14}",real,0.000705,0.9113448794124688,1.1977752869718647,-0.8115523763386553,0.13528548153851472,0.5458697939052191,0.8469051699805507,-0.7160913150508628,237,0.38396624472573837,1.3149009002811383,2.1096212246268813,0.011415181797731341,2.0131517258582994,46.18987341772152,0.9987228607918263,47.34811165845648,0.230969022628105,0.6
perp,ETHUSDT,4h,B1_supertrend_flip,"{""mult"": 3.0, ""n"": 14}",stress,0.000905,0.9113448794124688,1.1977752869718647,-0.8115523763386553,0.11377828082001007,0.5216458248393073,0.8079741814445229,-0.7217767751707256,237,0.38396624472573837,1.314900900281138,2.109621224626881,0.011415181797731344,2.0131517258582985,46.18987341772152,0.9987228607918263,47.34811165845648,0.230969022628105,0.6
perp,ETHUSDT,4h,B1_supertrend_flip,"{""mult"": 2.0, ""n"": 20}",opt,0.000505,0.9113448794124688,1.1977752869718647,-0.8115523763386553,-0.1451608698296022,0.18246389058681892,0.27876568247641503,-0.9197830698911902,437,0.37299771167048057,1.1074746627121452,1.8616445250498637,0.003001576671754927,2.554809116611795,25.036613272311214,0.9981755154168948,87.30432402846196,0.18345848258049882,0.4
perp,ETHUSDT,4h,B1_supertrend_flip,"{""mult"": 2.0, ""n"": 20}",real,0.000705,0.9113448794124688,1.1977752869718647,-0.8115523763386553,-0.17469192026861968,0.13849931691494016,0.2110076081343905,-0.9280654894487944,437,0.37299771167048057,1.107474662712145,1.8616445250498637,0.003001576671754926,2.554809116611794,25.036613272311214,0.9981755154168948,87.30432402846196,0.18345848258049885,0.4
perp,ETHUSDT,4h,B1_supertrend_flip,"{""mult"": 2.0, ""n"": 20}",stress,0.000905,0.9113448794124688,1.1977752869718647,-0.8115523763386553,-0.2032029081031984,0.09469380122313384,0.14386796237224858,-0.9354927813561342,437,0.37299771167048057,1.107474662712145,1.8616445250498637,0.003001576671754927,2.5548091166117946,25.036613272311214,0.9981755154168948,87.30432402846196,0.18345848258049885,0.4
perp,ETHUSDT,4h,B1_supertrend_flip,"{""mult"": 2.5, ""n"": 20}",opt,0.000505,0.9113448794124688,1.1977752869718647,-0.8115523763386553,-0.002061560016259234,0.3757814243543631,0.5868478032436221,-0.7945172415109811,308,0.36688311688311687,1.1987035864477102,2.068559286347819,0.006602183910903877,2.127489858042123,35.52272727272727,0.9981755154168948,61.53256704980843,0.2065857777237425,0.6
perp,ETHUSDT,4h,B1_supertrend_flip,"{""mult"": 2.5, ""n"": 20}",real,0.000705,0.9113448794124688,1.1977752869718647,-0.8115523763386553,-0.026531190922717385,0.3442057021697803,0.5363881622518151,-0.8081766240096518,308,0.36688311688311687,1.1987035864477102,2.068559286347819,0.006602183910903875,2.1274898580421224,35.52272727272727,0.9981755154168948,61.53256704980843,0.2065857777237425,0.6
perp,ETHUSDT,4h,B1_supertrend_flip,"{""mult"": 2.5, ""n"": 20}",stress,0.000905,0.9113448794124688,1.1977752869718647,-0.8115523763386553,-0.05040094308102583,0.3127200958617601,0.4862826135032166,-0.8209280535988522,308,0.36688311688311687,1.1987035864477102,2.068559286347819,0.006602183910903877,2.1274898580421224,35.52272727272727,0.9981755154168948,61.53256704980843,0.20658577772374254,0.6
perp,ETHUSDT,4h,B1_supertrend_flip,"{""mult"": 3.0, ""n"": 20}",opt,0.000505,0.9113448794124688,1.1977752869718647,-0.8115523763386553,0.3552131186528469,0.7717607828679027,1.2311550694118898,-0.6301099239188678,241,0.38589211618257263,1.431088861304759,2.2774317362699388,0.01418501942966886,2.312970884099087,45.398340248962654,0.9981755154168948,48.1472359058566,0.23483491953003802,0.8
perp,ETHUSDT,4h,B1_supertrend_flip,"{""mult"": 3.0, ""n"": 20}",real,0.000705,0.9113448794124688,1.1977752869718647,-0.8115523763386553,0.32917930273342355,0.7466150736855239,1.1889019933821718,-0.6338612171203692,241,0.38589211618257263,1.431088861304759,2.2774317362699388,0.014185019429668863,2.312970884099087,45.398340248962654,0.9981755154168948,48.1472359058566,0.23483491953003807,0.8
perp,ETHUSDT,4h,B1_supertrend_flip,"{""mult"": 3.0, ""n"": 20}",stress,0.000905,0.9113448794124688,1.1977752869718647,-0.8115523763386553,0.3036454828278421,0.7215256935073748,1.1468854814543548,-0.6504742597326926,241,0.38589211618257263,1.431088861304759,2.2774317362699388,0.014185019429668865,2.312970884099087,45.398340248962654,0.9981755154168948,48.1472359058566,0.23483491953003802,0.8
perp,ETHUSDT,4h,B3_supertrend_HTF,"{""mult"": 2.0, ""n"": 10}",opt,0.000505,0.9113448794124688,1.1977752869718647,-0.8115523763386553,0.37865071000224826,0.8569621083297321,1.4040547152086489,-0.7487731689941719,201,0.40298507462686567,1.631926522055979,2.4176689215644136,0.014286046894857967,3.449860347463704,26.587064676616915,0.48750228060572887,40.1559934318555,0.3551107461339259,1.0
perp,ETHUSDT,4h,B3_supertrend_HTF,"{""mult"": 2.0, ""n"": 10}",real,0.000705,0.9113448794124688,1.1977752869718647,-0.8115523763386553,0.3566872869748685,0.8272504734119421,1.352618356482995,-0.7540999406280952,201,0.40298507462686567,1.6319265220559793,2.417668921564414,0.014286046894857967,3.449860347463704,26.587064676616915,0.48750228060572887,40.1559934318555,0.3551107461339259,0.8
perp,ETHUSDT,4h,B3_supertrend_HTF,"{""mult"": 2.0, ""n"": 10}",stress,0.000905,0.9113448794124688,1.1977752869718647,-0.8115523763386553,0.33507374612067764,0.7975822048654579,1.301458279303682,-0.7593137958874951,201,0.40298507462686567,1.6319265220559787,2.417668921564413,0.014286046894857967,3.449860347463704,26.587064676616915,0.48750228060572887,40.1559934318555,0.3551107461339259,0.8
perp,ETHUSDT,4h,B3_supertrend_HTF,"{""mult"": 2.5, ""n"": 10}",opt,0.000505,0.9113448794124688,1.1977752869718647,-0.8115523763386553,0.5879126419036214,1.1232100187284966,1.8896804912197491,-0.465142850523136,146,0.4246575342465753,1.9377710914804247,2.625367285231543,0.0238492454504887,2.7601312026935916,37.178082191780824,0.495165115854771,29.168035030103994,0.35077490160800184,0.8
perp,ETHUSDT,4h,B3_supertrend_HTF,"{""mult"": 2.5, ""n"": 10}",real,0.000705,0.9113448794124688,1.1977752869718647,-0.8115523763386553,0.5695235167180175,1.1012012124258652,1.8496128878388385,-0.4726080718057881,146,0.4246575342465753,1.9377710914804247,2.625367285231543,0.0238492454504887,2.7601312026935916,37.178082191780824,0.495165115854771,29.168035030103994,0.35077490160800184,0.8
perp,ETHUSDT,4h,B3_supertrend_HTF,"{""mult"": 2.5, ""n"": 10}",stress,0.000905,0.9113448794124688,1.1977752869718647,-0.8115523763386553,0.5513473393456769,1.079217091816063,1.8097135154273145,-0.47996911679680987,146,0.4246575342465753,1.9377710914804251,2.6253672852315435,0.0238492454504887,2.7601312026935907,37.178082191780824,0.495165115854771,29.168035030103994,0.35077490160800173,0.8
perp,ETHUSDT,4h,B3_supertrend_HTF,"{""mult"": 3.0, ""n"": 10}",opt,0.000505,0.9113448794124688,1.1977752869718647,-0.8115523763386553,0.45003026564905557,0.9538112125324972,1.5489885305632605,-0.41021134227465617,120,0.4,1.833592753358943,2.7503891300384145,0.02587608637495413,2.456902247573321,45.80833333333333,0.5014595876664842,23.973727422003282,0.38378530997103977,1.0
perp,ETHUSDT,4h,B3_supertrend_HTF,"{""mult"": 3.0, ""n"": 10}",real,0.000705,0.9113448794124688,1.1977752869718647,-0.8115523763386553,0.4362089512596361,0.9358577645672921,1.5178821679979206,-0.4118696062115793,120,0.4,1.8335927533589431,2.7503891300384145,0.025876086374954133,2.4569022475733204,45.80833333333333,0.5014595876664842,23.973727422003282,0.3837853099710397,1.0
perp,ETHUSDT,4h,B3_supertrend_HTF,"{""mult"": 3.0, ""n"": 10}",stress,0.000905,0.9113448794124688,1.1977752869718647,-0.8115523763386553,0.4225193667159499,0.9179224332111411,1.4868822725546813,-0.4135232119983622,120,0.4,1.8335927533589431,2.7503891300384145,0.025876086374954133,2.4569022475733204,45.80833333333333,0.5014595876664842,23.973727422003282,0.3837853099710397,0.8
perp,ETHUSDT,4h,B3_supertrend_HTF,"{""mult"": 2.0, ""n"": 14}",opt,0.000505,0.9113448794124688,1.1977752869718647,-0.8115523763386553,0.4109204350006319,0.9005433378633233,1.4766516682405315,-0.7034396593118928,201,0.4129353233830846,1.6499106963482895,2.3456561707120263,0.014495864129235078,2.930914807856597,26.318407960199004,0.48257617223134464,40.1559934318555,0.3285043444160655,1.0
perp,ETHUSDT,4h,B3_supertrend_HTF,"{""mult"": 2.0, ""n"": 14}",real,0.000705,0.9113448794124688,1.1977752869718647,-0.8115523763386553,0.3884502645732275,0.8707388589666123,1.424888537575739,-0.7102940434766886,201,0.4129353233830846,1.649910696348289,2.345656170712026,0.014495864129235078,2.930914807856597,26.318407960199004,0.48257617223134464,40.1559934318555,0.3285043444160655,1.0
perp,ETHUSDT,4h,B3_supertrend_HTF,"{""mult"": 2.0, ""n"": 14}",stress,0.000905,0.9113448794124688,1.1977752869718647,-0.8115523763386553,0.3663379344234714,0.840974907310403,1.3733970817011094,-0.7169900298768002,201,0.4129353233830846,1.6499106963482895,2.3456561707120263,0.014495864129235076,2.930914807856597,26.318407960199004,0.48257617223134464,40.1559934318555,0.3285043444160655,1.0
perp,ETHUSDT,4h,B3_supertrend_HTF,"{""mult"": 2.5, ""n"": 14}",opt,0.000505,0.9113448794124688,1.1977752869718647,-0.8115523763386553,0.6282641111298277,1.1699839790386872,1.9696939869084242,-0.41851616554933224,145,0.42758620689655175,1.9878318742358347,2.6611297671221656,0.02502838142684506,2.8282146313157517,37.57241379310345,0.4969896004378763,28.96825396825397,0.3498065817528303,0.8
perp,ETHUSDT,4h,B3_supertrend_HTF,"{""mult"": 2.5, ""n"": 14}",real,0.000705,0.9113448794124688,1.1977752869718647,-0.8115523763386553,0.609556119631534,1.1481199365387313,1.9297232540227653,-0.424665483814073,145,0.42758620689655175,1.9878318742358347,2.6611297671221656,0.025028381426845058,2.828214631315751,37.57241379310345,0.4969896004378763,28.96825396825397,0.3498065817528303,0.8
perp,ETHUSDT,4h,B3_supertrend_HTF,"{""mult"": 2.5, ""n"": 14}",stress,0.000905,0.9113448794124688,1.1977752869718647,-0.8115523763386553,0.5910630707406117,1.1262797296227949,1.8899186550090201,-0.4307498045135326,145,0.42758620689655175,1.9878318742358347,2.6611297671221656,0.025028381426845058,2.828214631315751,37.57241379310345,0.4969896004378763,28.96825396825397,0.3498065817528303,0.8
perp,ETHUSDT,4h,B3_supertrend_HTF,"{""mult"": 3.0, ""n"": 14}",opt,0.000505,0.9113448794124688,1.1977752869718647,-0.8115523763386553,0.555305692670121,1.0909042601001522,1.788535284361565,-0.4526530100851873,116,0.4224137931034483,1.993320900824403,2.72556123173949,0.029228425640335273,2.274909402935524,45.86206896551724,0.48531289910600256,23.174603174603174,0.36499739829296063,1.0
perp,ETHUSDT,4h,B3_supertrend_HTF,"{""mult"": 3.0, ""n"": 14}",real,0.000705,0.9113448794124688,1.1977752869718647,-0.8115523763386553,0.5410022201105724,1.0732896126060987,1.757425005498847,-0.45725082268114725,116,0.4224137931034483,1.993320900824403,2.72556123173949,0.029228425640335273,2.274909402935524,45.86206896551724,0.48531289910600256,23.174603174603174,0.36499739829296063,1.0
perp,ETHUSDT,4h,B3_supertrend_HTF,"{""mult"": 3.0, ""n"": 14}",stress,0.000905,0.9113448794124688,1.1977752869718647,-0.8115523763386553,0.5268302901222823,1.0556907738823322,1.7264158949659572,-0.461810022836181,116,0.4224137931034483,1.993320900824403,2.72556123173949,0.029228425640335273,2.274909402935524,45.86206896551724,0.48531289910600256,23.174603174603174,0.3649973982929605,1.0
perp,ETHUSDT,4h,B3_supertrend_HTF,"{""mult"": 2.0, ""n"": 20}",opt,0.000505,0.9113448794124688,1.1977752869718647,-0.8115523763386553,0.30646313277802384,0.7534178964934851,1.2216690120092657,-0.7335492045234858,207,0.4251207729468599,1.527173563243235,2.0651551593857387,0.01214566962354469,2.978667420520114,26.02415458937198,0.4914249224594052,41.354679802955665,0.3227463691365889,0.8
perp,ETHUSDT,4h,B3_supertrend_HTF,"{""mult"": 2.0, ""n"": 20}",real,0.000705,0.9113448794124688,1.1977752869718647,-0.8115523763386553,0.2850197640338554,0.723574282024647,1.1710003177455848,-0.7398098085726021,207,0.4251207729468599,1.5271735632432353,2.065155159385739,0.012145669623544688,2.9786674205201136,26.02415458937198,0.4914249224594052,41.354679802955665,0.32274636913658883,0.8
perp,ETHUSDT,4h,B3_supertrend_HTF,"{""mult"": 2.0, ""n"": 20}",stress,0.000905,0.9113448794124688,1.1977752869718647,-0.8115523763386553,0.2639283283659979,0.693774910173651,1.1205962729470011,-0.7459233351422941,207,0.4251207729468599,1.527173563243235,2.0651551593857387,0.012145669623544688,2.9786674205201127,26.02415458937198,0.4914249224594052,41.354679802955665,0.3227463691365889,0.8
perp,ETHUSDT,4h,B3_supertrend_HTF,"{""mult"": 2.5, ""n"": 20}",opt,0.000505,0.9113448794124688,1.1977752869718647,-0.8115523763386553,0.44273294677262665,0.9379960808534772,1.5445990505243754,-0.5664677463464505,149,0.4161073825503356,1.7363748831462114,2.4365260457051674,0.020215986737204678,2.180549847306709,37.18120805369127,0.5054734537493158,29.767378215654077,0.33043350023666485,0.8
perp,ETHUSDT,4h,B3_supertrend_HTF,"{""mult"": 2.5, ""n"": 20}",real,0.000705,0.9113448794124688,1.1977752869718647,-0.8115523763386553,0.4256731071751487,0.9160443433521379,1.5061047400430798,-0.5726878413741134,149,0.4161073825503356,1.7363748831462111,2.436526045705167,0.020215986737204678,2.1805498473067084,37.18120805369127,0.5054734537493158,29.767378215654077,0.3304335002366649,0.8
perp,ETHUSDT,4h,B3_supertrend_HTF,"{""mult"": 2.5, ""n"": 20}",stress,0.000905,0.9113448794124688,1.1977752869718647,-0.8115523763386553,0.40881498057093,0.8941186001906686,1.4677694313521636,-0.578818708771877,149,0.4161073825503356,1.7363748831462116,2.436526045705168,0.020215986737204678,2.1805498473067084,37.18120805369127,0.5054734537493158,29.767378215654077,0.3304335002366648,0.8
perp,ETHUSDT,4h,B3_supertrend_HTF,"{""mult"": 3.0, ""n"": 20}",opt,0.000505,0.9113448794124688,1.1977752869718647,-0.8115523763386553,0.6411557067722253,1.1792718477929565,1.9461814234300234,-0.4356293979275244,118,0.423728813559322,2.1114871651449585,2.8716225445971433,0.03128053354492318,2.298790834093396,45.652542372881356,0.4914249224594052,23.574165298303228,0.354583877112096,1.0
perp,ETHUSDT,4h,B3_supertrend_HTF,"{""mult"": 3.0, ""n"": 20}",real,0.000705,0.9113448794124688,1.1977752869718647,-0.8115523763386553,0.6257759374005536,1.1616138663277034,1.9145648886605078,-0.43744131153944865,118,0.423728813559322,2.1114871651449585,2.8716225445971433,0.03128053354492318,2.2987908340933956,45.652542372881356,0.4914249224594052,23.574165298303228,0.354583877112096,1.0
perp,ETHUSDT,4h,B3_supertrend_HTF,"{""mult"": 3.0, ""n"": 20}",stress,0.000905,0.9113448794124688,1.1977752869718647,-0.8115523763386553,0.6105402844512682,1.14397145249106,1.8830517881277242,-0.43924741215648566,118,0.423728813559322,2.1114871651449585,2.8716225445971433,0.03128053354492318,2.298790834093396,45.652542372881356,0.4914249224594052,23.574165298303228,0.354583877112096,0.8
perp,ETHUSDT,4h,C1_donchian_channel,"{""n"": 20}",opt,0.000505,0.9113448794124688,1.1977752869718647,-0.8115523763386553,0.1728619216945968,0.5671393240385453,0.9343664360468923,-0.7633329252578908,292,0.339041095890411,1.3227510374181326,2.5786964668858547,0.008805724982010914,3.0581129919029415,28.482876712328768,0.7587119138843277,58.33607006020799,0.26020691482754027,0.4
perp,ETHUSDT,4h,C1_donchian_channel,"{""n"": 20}",real,0.000705,0.9113448794124688,1.1977752869718647,-0.8115523763386553,0.14568762610031682,0.5335295661356503,0.8770108854217372,-0.780057771787616,292,0.339041095890411,1.3227510374181324,2.578696466885854,0.008805724982010916,3.0581129919029415,28.482876712328768,0.7587119138843277,58.33607006020799,0.26020691482754027,0.4
perp,ETHUSDT,4h,C1_donchian_channel,"{""n"": 20}",stress,0.000905,0.9113448794124688,1.1977752869718647,-0.8115523763386553,0.11914285239975886,0.49999225153180954,0.820029559323287,-0.7956007663751548,292,0.339041095890411,1.3227510374181326,2.5786964668858547,0.008805724982010914,3.0581129919029415,28.482876712328768,0.7587119138843277,58.33607006020799,0.2602069148275402,0.4
perp,ETHUSDT,4h,C6_donchian_ATR_trail,"{""n"": 20, ""trail"": 2.0}",opt,0.000505,0.9113448794124688,1.1977752869718647,-0.8115523763386553,-0.007390810522409974,0.13625530532621155,0.23388728902377062,-0.6903983238272104,228,0.3815789473684211,1.1318906653507392,1.8344434921201638,0.002031493168084879,2.2676890597128088,8.31578947368421,0.17296113847837985,45.55008210180624,0.24063764461041423,0.4
perp,ETHUSDT,4h,C6_donchian_ATR_trail,"{""n"": 20, ""trail"": 2.0}",real,0.000705,0.9113448794124688,1.1977752869718647,-0.8115523763386553,-0.025332610298565372,0.08068525947527651,0.13769920149269416,-0.7076630251098361,228,0.3815789473684211,1.1318906653507392,1.8344434921201638,0.002031493168084879,2.2676890597128083,8.31578947368421,0.17296113847837985,45.55008210180624,0.24063764461041423,0.4
perp,ETHUSDT,4h,C6_donchian_ATR_trail,"{""n"": 20, ""trail"": 2.0}",stress,0.000905,0.9113448794124688,1.1977752869718647,-0.8115523763386553,-0.04295012669037346,0.025256806895305427,0.04285654674034928,-0.7239650050704987,228,0.3815789473684211,1.1318906653507392,1.8344434921201638,0.00203149316808488,2.2676890597128083,8.31578947368421,0.17296113847837985,45.55008210180624,0.24063764461041426,0.4
perp,ETHUSDT,4h,C6_donchian_ATR_trail,"{""n"": 20, ""trail"": 3.0}",opt,0.000505,0.9113448794124688,1.1977752869718647,-0.8115523763386553,0.05759391924376889,0.3579372493067559,0.6204564311743875,-0.8064218559821155,228,0.39473684210526316,1.2441613758675174,1.9077141096635268,0.005669532039729095,3.2830534883444766,17.285087719298247,0.359514687100894,45.55008210180624,0.32613328849236084,0.4
perp,ETHUSDT,4h,C6_donchian_ATR_trail,"{""n"": 20, ""trail"": 3.0}",real,0.000705,0.9113448794124688,1.1977752869718647,-0.8115523763386553,0.03845691102151427,0.3232822276459432,0.5586194349277304,-0.8169436130326675,228,0.39473684210526316,1.2441613758675174,1.9077141096635266,0.005669532039729096,3.2830534883444766,17.285087719298247,0.359514687100894,45.55008210180624,0.3261332884923609,0.4
perp,ETHUSDT,4h,C6_donchian_ATR_trail,"{""n"": 20, ""trail"": 3.0}",stress,0.000905,0.9113448794124688,1.1977752869718647,-0.8115523763386553,0.019666143817358206,0.2887033377676159,0.4973016889648974,-0.8268935027311197,228,0.39473684210526316,1.2441613758675174,1.9077141096635268,0.005669532039729096,3.2830534883444766,17.285087719298247,0.359514687100894,45.55008210180624,0.32613328849236084,0.4
perp,ETHUSDT,4h,C6_donchian_ATR_trail,"{""n"": 20, ""trail"": 4.0}",opt,0.000505,0.9113448794124688,1.1977752869718647,-0.8115523763386553,-0.0697108378542034,0.1973907320820137,0.31664835264799246,-0.8573922775090497,228,0.35964912280701755,1.1344514407748074,2.0198769555258766,0.004087209450706969,2.2786909929327557,28.271929824561404,0.5880313811348294,45.55008210180624,0.2792531016410282,0.4
perp,ETHUSDT,4h,C6_donchian_ATR_trail,"{""n"": 20, ""trail"": 4.0}",real,0.000705,0.9113448794124688,1.1977752869718647,-0.8115523763386553,-0.08661716844453993,0.1691727115410499,0.27081522755200427,-0.865108652964379,228,0.35964912280701755,1.1344514407748074,2.0198769555258766,0.004087209450706968,2.2786909929327557,28.271929824561404,0.5880313811348294,45.55008210180624,0.27925310164102823,0.4
perp,ETHUSDT,4h,C6_donchian_ATR_trail,"{""n"": 20, ""trail"": 4.0}",stress,0.000905,0.9113448794124688,1.1977752869718647,-0.8115523763386553,-0.10321632826718852,0.14101591956044962,0.22527025079988208,-0.8724075386990167,228,0.35964912280701755,1.1344514407748074,2.0198769555258766,0.004087209450706968,2.2786909929327557,28.271929824561404,0.5880313811348294,45.55008210180624,0.27925310164102823,0.4
perp,ETHUSDT,4h,C4_donchian_HTF,"{""n"": 20}",opt,0.000505,0.9113448794124688,1.1977752869718647,-0.8115523763386553,0.22957682130093637,0.6605214983927955,1.0796817463425588,-0.6335665845841753,149,0.3691275167785235,1.5597277244279164,2.6657164744768025,0.01441433690452682,3.4448578967674006,29.114093959731544,0.3957307060755337,29.767378215654077,0.4470623778108991,0.8
perp,ETHUSDT,4h,C4_donchian_HTF,"{""n"": 20}",real,0.000705,0.9113448794124688,1.1977752869718647,-0.8115523763386553,0.21500520814120372,0.6363169750469867,1.038129207967545,-0.6398786715606785,149,0.3691275167785235,1.5597277244279164,2.6657164744768025,0.01441433690452682,3.4448578967674006,29.114093959731544,0.3957307060755337,29.767378215654077,0.4470623778108991,0.8
perp,ETHUSDT,4h,C4_donchian_HTF,"{""n"": 20}",stress,0.000905,0.9113448794124688,1.1977752869718647,-0.8115523763386553,0.20060625851929736,0.6121433762071391,0.9967837361663592,-0.6460820584037172,149,0.3691275167785235,1.5597277244279164,2.6657164744768025,0.01441433690452682,3.444857896767401,29.114093959731544,0.3957307060755337,29.767378215654077,0.4470623778108991,0.8
perp,ETHUSDT,4h,C1_donchian_channel,"{""n"": 50}",opt,0.000505,0.9113448794124688,1.1977752869718647,-0.8115523763386553,0.2304678256790631,0.6361626592300919,1.0373899453545268,-0.7250973718455218,135,0.4222222222222222,1.470241316049778,2.0119091693312754,0.01699335757274148,1.6454545996962748,58.48888888888889,0.720397737639117,26.970443349753694,0.31520299258234014,0.6
perp,ETHUSDT,4h,C1_donchian_channel,"{""n"": 50}",real,0.000705,0.9113448794124688,1.1977752869718647,-0.8115523763386553,0.21717928422879096,0.6206431458276488,1.0110761746826338,-0.7296279171270184,135,0.4222222222222222,1.470241316049778,2.0119091693312754,0.01699335757274148,1.6454545996962748,58.48888888888889,0.720397737639117,26.970443349753694,0.31520299258234014,0.6
perp,ETHUSDT,4h,C1_donchian_channel,"{""n"": 50}",stress,0.000905,0.9113448794124688,1.1977752869718647,-0.8115523763386553,0.20403419442604842,0.6051371502303172,0.9848332263082483,-0.734083832775373,135,0.4222222222222222,1.470241316049778,2.0119091693312754,0.01699335757274148,1.6454545996962748,58.48888888888889,0.720397737639117,26.970443349753694,0.31520299258234014,0.6
perp,ETHUSDT,4h,C6_donchian_ATR_trail,"{""n"": 50, ""trail"": 2.0}",opt,0.000505,0.9113448794124688,1.1977752869718647,-0.8115523763386553,0.034648790585628975,0.2553769576207248,0.4879777208255665,-0.51612680460802,94,0.44680851063829785,1.2574281984217723,1.5568158647126704,0.00420591146569504,1.745175986908074,7.531914893617022,0.06458675424192666,18.77941981390257,0.3825861970464161,0.4
perp,ETHUSDT,4h,C6_donchian_ATR_trail,"{""n"": 50, ""trail"": 2.0}",real,0.000705,0.9113448794124688,1.1977752869718647,-0.8115523763386553,0.02688697622347469,0.2244224809332289,0.42623490336664877,-0.5246212486636566,94,0.44680851063829785,1.2574281984217723,1.5568158647126704,0.00420591146569504,1.745175986908074,7.531914893617022,0.06458675424192666,18.77941981390257,0.3825861970464161,0.4
perp,ETHUSDT,4h,C6_donchian_ATR_trail,"{""n"": 50, ""trail"": 2.0}",stress,0.000905,0.9113448794124688,1.1977752869718647,-0.8115523763386553,0.019183375670605463,0.1935210331666917,0.3653367352483805,-0.5329666555010142,94,0.44680851063829785,1.2574281984217723,1.5568158647126704,0.00420591146569504,1.7451759869080736,7.531914893617022,0.06458675424192666,18.77941981390257,0.38258619704641605,0.4
perp,ETHUSDT,4h,C6_donchian_ATR_trail,"{""n"": 50, ""trail"": 3.0}",opt,0.000505,0.9113448794124688,1.1977752869718647,-0.8115523763386553,0.067737107568278,0.34768901428828686,0.6821297840294375,-0.6111387016371619,94,0.44680851063829785,1.3463212163379636,1.6668738868946218,0.007195243002612752,2.519292069647805,17.71276595744681,0.15188834154351397,18.77941981390257,0.4654732630067732,0.6
perp,ETHUSDT,4h,C6_donchian_ATR_trail,"{""n"": 50, ""trail"": 3.0}",real,0.000705,0.9113448794124688,1.1977752869718647,-0.8115523763386553,0.05971781209911997,0.32786257908504246,0.6411131703872991,-0.6176951096563834,94,0.44680851063829785,1.3463212163379639,1.6668738868946218,0.007195243002612752,2.5192920696478045,17.71276595744681,0.15188834154351397,18.77941981390257,0.4654732630067732,0.6
perp,ETHUSDT,4h,C6_donchian_ATR_trail,"{""n"": 50, ""trail"": 3.0}",stress,0.000905,0.9113448794124688,1.1977752869718647,-0.8115523763386553,0.0517587263767334,0.30806018599724716,0.6004124485745107,-0.6241410091816673,94,0.44680851063829785,1.3463212163379639,1.6668738868946218,0.007195243002612752,2.519292069647804,17.71276595744681,0.15188834154351397,18.77941981390257,0.4654732630067732,0.6
perp,ETHUSDT,4h,C6_donchian_ATR_trail,"{""n"": 50, ""trail"": 4.0}",opt,0.000505,0.9113448794124688,1.1977752869718647,-0.8115523763386553,0.06801338882776253,0.35944155815099943,0.6184814378713003,-0.6530528597276679,94,0.425531914893617,1.3252423248130583,1.7890771384976285,0.008893735062307792,2.0046931253812637,31.0531914893617,0.2662835249042146,18.77941981390257,0.43010364445667343,0.6
perp,ETHUSDT,4h,C6_donchian_ATR_trail,"{""n"": 50, ""trail"": 4.0}",real,0.000705,0.9113448794124688,1.1977752869718647,-0.8115523763386553,0.059963752435004736,0.3426895746842501,0.5885794384918872,-0.6588222917973288,94,0.425531914893617,1.3252423248130583,1.7890771384976285,0.008893735062307792,2.0046931253812637,31.0531914893617,0.2662835249042146,18.77941981390257,0.43010364445667343,0.6
perp,ETHUSDT,4h,C6_donchian_ATR_trail,"{""n"": 50, ""trail"": 4.0}",stress,0.000905,0.9113448794124688,1.1977752869718647,-0.8115523763386553,0.05197475291382059,0.32595416630796287,0.5588140976156826,-0.6644958437082413,94,0.425531914893617,1.3252423248130583,1.7890771384976285,0.008893735062307796,2.0046931253812637,31.0531914893617,0.2662835249042146,18.77941981390257,0.43010364445667343,0.4
perp,ETHUSDT,4h,C4_donchian_HTF,"{""n"": 50}",opt,0.000505,0.9113448794124688,1.1977752869718647,-0.8115523763386553,0.22893360924355743,0.6512552050650763,1.004575202605666,-0.6157184374016097,78,0.4358974358974359,1.6755078477793175,2.168304273596764,0.024552028120238573,1.4254182515301967,60.94871794871795,0.43367998540412334,15.582922824302134,0.43682680665377377,0.6
perp,ETHUSDT,4h,C4_donchian_HTF,"{""n"": 50}",real,0.000705,0.9113448794124688,1.1977752869718647,-0.8115523763386553,0.2212358677392925,0.639479547933439,0.9856810001405606,-0.6203721789788289,78,0.4358974358974359,1.6755078477793175,2.168304273596764,0.024552028120238576,1.4254182515301967,60.94871794871795,0.43367998540412334,15.582922824302134,0.43682680665377377,0.6
perp,ETHUSDT,4h,C4_donchian_HTF,"{""n"": 50}",stress,0.000905,0.9113448794124688,1.1977752869718647,-0.8115523763386553,0.21358630188944883,0.6277105396044709,0.9668235144717257,-0.6249696074743325,78,0.4358974358974359,1.6755078477793175,2.168304273596764,0.024552028120238576,1.425418251530197,60.94871794871795,0.43367998540412334,15.582922824302134,0.43682680665377377,0.6
perp,ETHUSDT,4h,C1_donchian_channel,"{""n"": 100}",opt,0.000505,0.9113448794124688,1.1977752869718647,-0.8115523763386553,0.49703220979403007,0.9180508907497142,1.4291717489846982,-0.7032599981935277,62,0.5,2.119869252586314,2.119869252586314,0.059551801266106805,2.1441162929437425,133.24193548387098,0.7536945812807881,12.386425834701697,0.48953217225680895,0.8
perp,ETHUSDT,4h,C1_donchian_channel,"{""n"": 100}",real,0.000705,0.9113448794124688,1.1977752869718647,-0.8115523763386553,0.489492303488287,0.910919935492603,1.4173704251445145,-0.7059603455697137,62,0.5,2.119869252586314,2.119869252586314,0.059551801266106805,2.1441162929437425,133.24193548387098,0.7536945812807881,12.386425834701697,0.48953217225680895,0.8
perp,ETHUSDT,4h,C1_donchian_channel,"{""n"": 100}",stress,0.000905,0.9113448794124688,1.1977752869718647,-0.8115523763386553,0.48199028605079075,0.9037926818200872,1.4055848943469842,-0.7086361659073888,62,0.5,2.119869252586314,2.119869252586314,0.05955180126610681,2.1441162929437425,133.24193548387098,0.7536945812807881,12.386425834701697,0.489532172256809,0.8
perp,ETHUSDT,4h,C6_donchian_ATR_trail,"{""n"": 100, ""trail"": 2.0}",opt,0.000505,0.9113448794124688,1.1977752869718647,-0.8115523763386553,-0.1118347393331025,-0.5146656658791062,-0.8653892624584595,-0.6484284570200389,48,0.2708333333333333,0.6234302878195007,1.6784661595140402,-0.009410777421586065,2.273199277951416,6.0,0.026272577996715927,9.589490968801313,0.8348026590673545,0.4
perp,ETHUSDT,4h,C6_donchian_ATR_trail,"{""n"": 100, ""trail"": 2.0}",real,0.000705,0.9113448794124688,1.1977752869718647,-0.8115523763386553,-0.1152665857530576,-0.5334332079608742,-0.8929688734351109,-0.6544625789305829,48,0.2708333333333333,0.6234302878195008,1.6784661595140407,-0.009410777421586062,2.273199277951416,6.0,0.026272577996715927,9.589490968801313,0.8348026590673545,0.4
perp,ETHUSDT,4h,C6_donchian_ATR_trail,"{""n"": 100, ""trail"": 2.0}",stress,0.000905,0.9113448794124688,1.1977752869718647,-0.8115523763386553,-0.11868518894723334,-0.5521317706498114,-0.9201980186681804,-0.6603931973728425,48,0.2708333333333333,0.6234302878195007,1.6784661595140404,-0.009410777421586065,2.2731992779514156,6.0,0.026272577996715927,9.589490968801313,0.8348026590673544,0.4
perp,ETHUSDT,4h,C6_donchian_ATR_trail,"{""n"": 100, ""trail"": 3.0}",opt,0.000505,0.9113448794124688,1.1977752869718647,-0.8115523763386553,-0.07923289255499066,-0.1267062770947789,-0.2273162647752028,-0.7062508324766816,48,0.2708333333333333,0.9055642402617127,2.438057569935381,-0.003085791155430418,2.32710616163105,16.541666666666668,0.07243203794927933,9.589490968801313,0.801255152873082,0.4
perp,ETHUSDT,4h,C6_donchian_ATR_trail,"{""n"": 100, ""trail"": 3.0}",real,0.000705,0.9113448794124688,1.1977752869718647,-0.8115523763386553,-0.08280934307949728,-0.13895332997032356,-0.2486536746087269,-0.7110914709022631,48,0.2708333333333333,0.9055642402617127,2.438057569935381,-0.0030857911554304195,2.3271061616310504,16.541666666666668,0.07243203794927933,9.589490968801313,0.801255152873082,0.4
perp,ETHUSDT,4h,C6_donchian_ATR_trail,"{""n"": 100, ""trail"": 3.0}",stress,0.000905,0.9113448794124688,1.1977752869718647,-0.8115523763386553,-0.08637192943858751,-0.15117685929953037,-0.2698407928809999,-0.7158524069662822,48,0.2708333333333333,0.9055642402617127,2.438057569935381,-0.0030857911554304195,2.32710616163105,16.541666666666668,0.07243203794927933,9.589490968801313,0.801255152873082,0.4
perp,ETHUSDT,4h,C6_donchian_ATR_trail,"{""n"": 100, ""trail"": 4.0}",opt,0.000505,0.9113448794124688,1.1977752869718647,-0.8115523763386553,-0.14568967057345894,-0.28267632366510254,-0.45452433424083494,-0.7775983435644866,48,0.3125,0.7425760531021504,1.6336673168247307,-0.010399350657381045,1.741245043505078,28.125,0.12315270935960591,9.589490968801313,0.7703673739371534,0.2
perp,ETHUSDT,4h,C6_donchian_ATR_trail,"{""n"": 100, ""trail"": 4.0}",real,0.000705,0.9113448794124688,1.1977752869718647,-0.8115523763386553,-0.149032229904007,-0.29336314860835344,-0.47099368196354446,-0.7812882044519995,48,0.3125,0.7425760531021502,1.6336673168247304,-0.010399350657381049,1.741245043505078,28.125,0.12315270935960591,9.589490968801313,0.7703673739371533,0.2
perp,ETHUSDT,4h,C6_donchian_ATR_trail,"{""n"": 100, ""trail"": 4.0}",stress,0.000905,0.9113448794124688,1.1977752869718647,-0.8115523763386553,-0.15236174707146422,-0.3040311377885003,-0.48738255372991723,-0.7849169080852382,48,0.3125,0.7425760531021504,1.6336673168247307,-0.01039935065738105,1.7412450435050775,28.125,0.12315270935960591,9.589490968801313,0.7703673739371532,0.2
perp,ETHUSDT,4h,C4_donchian_HTF,"{""n"": 100}",opt,0.000505,0.9113448794124688,1.1977752869718647,-0.8115523763386553,0.5393361345038867,1.0653134747831345,1.6460743520297714,-0.5081985613473701,39,0.5128205128205128,2.9956042597170573,2.8458240467312046,0.09054545901138626,2.066994704918824,140.46153846153845,0.4997263273125342,7.791461412151067,0.6454584442324437,0.8
perp,ETHUSDT,4h,C4_donchian_HTF,"{""n"": 100}",real,0.000705,0.9113448794124688,1.1977752869718647,-0.8115523763386553,0.5344958088957916,1.0594215540924616,1.6363364508633413,-0.510655197052251,39,0.5128205128205128,2.9956042597170573,2.8458240467312046,0.09054545901138626,2.066994704918824,140.46153846153845,0.4997263273125342,7.791461412151067,0.6454584442324437,0.8
perp,ETHUSDT,4h,C4_donchian_HTF,"{""n"": 100}",stress,0.000905,0.9113448794124688,1.1977752869718647,-0.8115523763386553,0.5296706686000396,1.0535309062514844,1.6266063473454468,-0.5130996071325016,39,0.5128205128205128,2.9956042597170573,2.8458240467312046,0.09054545901138626,2.066994704918824,140.46153846153845,0.4997263273125342,7.791461412151067,0.6454584442324437,0.8
perp,ETHUSDT,4h,C2_donchian_voltarget,"{""n"": 20, ""vol_target"": 0.2}",opt,0.000505,0.9113448794124688,1.1977752869718647,-0.8115523763386553,0.13977393095712243,0.8536175532701243,1.7131013164187896,-0.24848299732008827,228,0.39035087719298245,1.2394332866701405,1.921817905173926,0.0055842360407083865,3.2798612041295714,17.285087719298247,0.3590585659551177,45.55008210180624,0.32737739521017256,0.6
perp,ETHUSDT,4h,C2_donchian_voltarget,"{""n"": 20, ""vol_target"": 0.2}",real,0.000705,0.9113448794124688,1.1977752869718647,-0.8115523763386553,0.13262043692224368,0.8159092611653144,1.629777623608655,-0.2621185592908316,228,0.39035087719298245,1.2394332866701405,1.921817905173926,0.0055842360407083865,3.2798612041295714,17.285087719298247,0.3590585659551177,45.55008210180624,0.3273773952101725,0.4
perp,ETHUSDT,4h,C2_donchian_voltarget,"{""n"": 20, ""vol_target"": 0.2}",stress,0.000905,0.9113448794124688,1.1977752869718647,-0.8115523763386553,0.1255134447037789,0.7782732037540466,1.547357109304353,-0.2755038453886234,228,0.39035087719298245,1.2394332866701407,1.921817905173926,0.005584236040708386,3.279861204129571,17.285087719298247,0.3590585659551177,45.55008210180624,0.32737739521017245,0.4
perp,ETHUSDT,4h,C2_donchian_voltarget,"{""n"": 50, ""vol_target"": 0.2}",opt,0.000505,0.9113448794124688,1.1977752869718647,-0.8115523763386553,0.03994195292600966,0.4023570887538792,0.7504792841044932,-0.24762885274714974,94,0.44680851063829785,1.3463212163379639,1.6668738868946218,0.007195243002612752,2.5192920696478045,17.71276595744681,0.15188834154351397,18.77941981390257,0.4654732630067732,0.6
perp,ETHUSDT,4h,C2_donchian_voltarget,"{""n"": 50, ""vol_target"": 0.2}",real,0.000705,0.9113448794124688,1.1977752869718647,-0.8115523763386553,0.03701020928925436,0.377182200796458,0.7002419290059751,-0.2525958835826778,94,0.44680851063829785,1.3463212163379639,1.6668738868946218,0.0071952430026127525,2.5192920696478045,17.71276595744681,0.15188834154351397,18.77941981390257,0.4654732630067732,0.6
perp,ETHUSDT,4h,C2_donchian_voltarget,"{""n"": 50, ""vol_target"": 0.2}",stress,0.000905,0.9113448794124688,1.1977752869718647,-0.8115523763386553,0.034087366899249405,0.3520423675553801,0.6505381653312905,-0.25752912557746144,94,0.44680851063829785,1.3463212163379636,1.6668738868946216,0.007195243002612752,2.519292069647803,17.71276595744681,0.15188834154351397,18.77941981390257,0.4654732630067732,0.4
perp,ETHUSDT,4h,C2_donchian_voltarget,"{""n"": 100, ""vol_target"": 0.2}",opt,0.000505,0.9113448794124688,1.1977752869718647,-0.8115523763386553,-0.006166923252231893,-0.043599984601730576,-0.07822521025426972,-0.24807614063161065,48,0.2708333333333333,0.9055642402617127,2.438057569935381,-0.0030857911554304208,2.3271061616310496,16.541666666666668,0.07243203794927933,9.589490968801313,0.8012551528730822,0.4
perp,ETHUSDT,4h,C2_donchian_voltarget,"{""n"": 100, ""vol_target"": 0.2}",real,0.000705,0.9113448794124688,1.1977752869718647,-0.8115523763386553,-0.00749627957661092,-0.061015535471339935,-0.10899764431815062,-0.25244634393555776,48,0.2708333333333333,0.9055642402617127,2.438057569935381,-0.0030857911554304195,2.32710616163105,16.541666666666668,0.07243203794927933,9.589490968801313,0.801255152873082,0.4
perp,ETHUSDT,4h,C2_donchian_voltarget,"{""n"": 100, ""vol_target"": 0.2}",stress,0.000905,0.9113448794124688,1.1977752869718647,-0.8115523763386553,-0.008823559872684239,-0.07839197525356223,-0.139434980825073,-0.25679021326455664,48,0.2708333333333333,0.9055642402617127,2.438057569935381,-0.003085791155430423,2.32710616163105,16.541666666666668,0.07243203794927933,9.589490968801313,0.801255152873082,0.4
perp,ETHUSDT,1D,A1_price_slowMA,"{""slow"": 150}",opt,0.000505,0.9097930911039287,1.1975404758412551,-0.7935130756288556,0.6127443407822111,1.0389106242205757,1.5830237532157665,-0.8217779458694194,39,0.3076923076923077,6.8312325605420945,15.370273261219712,0.24520855614749812,6.1081282168992175,42.97435897435897,0.9178981937602627,7.791461412151067,0.9389402497166266,1.0
perp,ETHUSDT,1D,A1_price_slowMA,"{""slow"": 150}",real,0.000705,0.9097930911039287,1.1975404758412551,-0.7935130756288556,0.6076569270663865,1.034310116001751,1.5755874550950784,-0.8227553269504846,39,0.3076923076923077,6.8312325605420945,15.370273261219712,0.24520855614749812,6.1081282168992175,42.97435897435897,0.9178981937602627,7.791461412151067,0.9389402497166266,1.0
perp,ETHUSDT,1D,A1_price_slowMA,"{""slow"": 150}",stress,0.000905,0.9097930911039287,1.1975404758412551,-0.7935130756288556,0.6025855180086608,1.0297088656493807,1.5681533589535273,-0.8237273728814161,39,0.3076923076923077,6.8312325605420945,15.370273261219712,0.24520855614749812,6.1081282168992175,42.97435897435897,0.9178981937602627,7.791461412151067,0.9389402497166266,1.0
perp,ETHUSDT,1D,A1_price_slowMA,"{""slow"": 200}",opt,0.000505,0.9097930911039287,1.1975404758412551,-0.7935130756288556,0.8765617420127585,1.272114585826591,1.9532348580147005,-0.6855964675014916,21,0.38095238095238093,16.685193602973587,27.113439604832084,0.41462298912126316,4.40369413254375,77.42857142857143,0.8905309250136836,4.195402298850574,0.9768808803091912,1.0
perp,ETHUSDT,1D,A1_price_slowMA,"{""slow"": 200}",real,0.000705,0.9097930911039287,1.1975404758412551,-0.7935130756288556,0.8734035808718337,1.2696337334996362,1.9492294663655665,-0.6862441219283817,21,0.38095238095238093,16.685193602973587,27.113439604832084,0.4146229891212632,4.403694132543749,77.42857142857143,0.8905309250136836,4.195402298850574,0.9768808803091915,1.0
perp,ETHUSDT,1D,A1_price_slowMA,"{""slow"": 200}",stress,0.000905,0.9097930911039287,1.1975404758412551,-0.7935130756288556,0.8702507186047348,1.2671517312295402,1.945223737221933,-0.6868904508636255,21,0.38095238095238093,16.685193602973587,27.113439604832084,0.4146229891212632,4.403694132543749,77.42857142857143,0.8905309250136836,4.195402298850574,0.9768808803091915,1.0
perp,ETHUSDT,1D,A1_price_slowMA,"{""slow"": 250}",opt,0.000505,0.9097930911039287,1.1975404758412551,-0.7935130756288556,0.7251966505396552,1.1568651884785144,1.7799052576287897,-0.5725386801918624,15,0.3333333333333333,22.231364623637308,44.462729247274616,0.6055688179504564,3.7931741229824425,105.06666666666666,0.8631636562671046,2.9967159277504103,1.0,1.0
perp,ETHUSDT,1D,A1_price_slowMA,"{""slow"": 250}",real,0.000705,0.9097930911039287,1.1975404758412551,-0.7935130756288556,0.7231260598068394,1.1550552656236228,1.7770063295419312,-0.5725386801918624,15,0.3333333333333333,22.231364623637308,44.462729247274616,0.6055688179504564,3.793174122982443,105.06666666666666,0.8631636562671046,2.9967159277504103,1.0,1.0
perp,ETHUSDT,1D,A1_price_slowMA,"{""slow"": 250}",stress,0.000905,0.9097930911039287,1.1975404758412551,-0.7935130756288556,0.7210579441288676,1.1532446465330013,1.774107648580838,-0.5725386801918624,15,0.3333333333333333,22.231364623637308,44.46272924727462,0.6055688179504561,3.793174122982443,105.06666666666666,0.8631636562671046,2.9967159277504103,1.0,1.0
perp,ETHUSDT,1D,A2_dual_MA,"{""fast"": 10, ""slow"": 50}",opt,0.000505,0.9097930911039287,1.1975404758412551,-0.7935130756288556,0.29494823721141583,0.7195653754517868,1.0774710086734793,-0.7911067507555016,41,0.34146341463414637,2.8498417765620134,5.496123426226741,0.11914869212047015,5.64491595141369,43.31707317073171,0.9726327312534209,8.191023535851121,0.844745922876803,0.6
perp,ETHUSDT,1D,A2_dual_MA,"{""fast"": 10, ""slow"": 50}",real,0.000705,0.9097930911039287,1.1975404758412551,-0.7935130756288556,0.2905933638150022,0.715285743972384,1.0708488388232351,-0.7934301839742599,41,0.34146341463414637,2.849841776562014,5.496123426226741,0.11914869212047015,5.64491595141369,43.31707317073171,0.9726327312534209,8.191023535851121,0.8447459228768028,0.6
perp,ETHUSDT,1D,A2_dual_MA,"{""fast"": 10, ""slow"": 50}",stress,0.000905,0.9097930911039287,1.1975404758412551,-0.7935130756288556,0.28625306703655573,0.7110055341471497,1.0642290482533225,-0.7957278130185106,41,0.34146341463414637,2.8498417765620143,5.496123426226742,0.11914869212047015,5.644915951413689,43.31707317073171,0.9726327312534209,8.191023535851121,0.8447459228768027,0.6
perp,ETHUSDT,1D,A2_dual_MA,"{""fast"": 10, ""slow"": 75}",opt,0.000505,0.9097930911039287,1.1975404758412551,-0.7935130756288556,0.27133949654890666,0.7014406192908733,1.0061889376403608,-0.7927994176963146,32,0.375,3.2819537299923116,5.469922883320519,0.18357695221884565,5.0616505577076465,54.71875,0.9589490968801314,6.392993979200876,0.9075024297681301,0.4
perp,ETHUSDT,1D,A2_dual_MA,"{""fast"": 10, ""slow"": 75}",real,0.000705,0.9097930911039287,1.1975404758412551,-0.7935130756288556,0.2679048993855786,0.6978776656408969,1.0009585466599382,-0.7943865330948225,32,0.375,3.2819537299923107,5.4699228833205185,0.18357695221884562,5.0616505577076465,54.71875,0.9589490968801314,6.392993979200876,0.9075024297681301,0.4
perp,ETHUSDT,1D,A2_dual_MA,"{""fast"": 10, ""slow"": 75}",stress,0.000905,0.9097930911039287,1.1975404758412551,-0.7935130756288556,0.26447945785008264,0.6943148462074319,0.9957298001385436,-0.7959615411179248,32,0.375,3.2819537299923107,5.4699228833205185,0.18357695221884562,5.0616505577076465,54.71875,0.9589490968801314,6.392993979200876,0.9075024297681301,0.4
perp,ETHUSDT,1D,A2_dual_MA,"{""fast"": 10, ""slow"": 100}",opt,0.000505,0.9097930911039287,1.1975404758412551,-0.7935130756288556,0.5028211805429226,0.9262445670656976,1.3793215228534836,-0.7405850436527688,22,0.45454545454545453,7.559842721925507,9.071811266310608,0.5286213262349475,4.617739324376141,78.45454545454545,0.9452654625068418,4.395183360700602,0.9750039850791427,0.4
perp,ETHUSDT,1D,A2_dual_MA,"{""fast"": 10, ""slow"": 100}",real,0.000705,0.9097930911039287,1.1975404758412551,-0.7935130756288556,0.5000813935972233,0.923726295793415,1.375429526186343,-0.7420092893265207,22,0.45454545454545453,7.5598427219255075,9.071811266310608,0.5286213262349476,4.617739324376141,78.45454545454545,0.9452654625068418,4.395183360700602,0.9750039850791427,0.4
perp,ETHUSDT,1D,A2_dual_MA,"{""fast"": 10, ""slow"": 100}",stress,0.000905,0.9097930911039287,1.1975404758412551,-0.7935130756288556,0.4973465413345439,0.9212075983687532,1.3715386366254518,-0.7434257623053122,22,0.45454545454545453,7.559842721925507,9.071811266310608,0.5286213262349474,4.617739324376141,78.45454545454545,0.9452654625068418,4.395183360700602,0.9750039850791427,0.4
perp,ETHUSDT,1D,A2_dual_MA,"{""fast"": 20, ""slow"": 50}",opt,0.000505,0.9097930911039287,1.1975404758412551,-0.7935130756288556,0.20901301312313136,0.6492542744880467,0.920784442407598,-0.7064167402684858,33,0.36363636363636365,3.0494416463943734,5.336522881190153,0.18133056513347084,5.178477532272731,53.81818181818182,0.9726327312534209,6.592775041050903,0.905756833463649,0.6
perp,ETHUSDT,1D,A2_dual_MA,"{""fast"": 20, ""slow"": 50}",real,0.000705,0.9097930911039287,1.1975404758412551,-0.7935130756288556,0.2056929076451206,0.6457725345961589,0.9157655574666961,-0.7065341501322064,33,0.36363636363636365,3.0494416463943734,5.336522881190153,0.18133056513347084,5.1784775322727326,53.81818181818182,0.9726327312534209,6.592775041050903,0.905756833463649,0.6
perp,ETHUSDT,1D,A2_dual_MA,"{""fast"": 20, ""slow"": 50}",stress,0.000905,0.9097930911039287,1.1975404758412551,-0.7935130756288556,0.20238183429645096,0.6422910445011142,0.9107482132317718,-0.7066515130744457,33,0.36363636363636365,3.049441646394373,5.336522881190152,0.18133056513347084,5.178477532272731,53.81818181818182,0.9726327312534209,6.592775041050903,0.905756833463649,0.6
perp,ETHUSDT,1D,A2_dual_MA,"{""fast"": 20, ""slow"": 75}",opt,0.000505,0.9097930911039287,1.1975404758412551,-0.7935130756288556,0.18151225852327335,0.6063163469125146,0.8676842261031746,-0.8420626797887915,24,0.4166666666666667,4.921559780077308,6.890183692108231,0.44185673989465307,4.791718797865954,72.95833333333333,0.9589490968801314,4.794745484400656,0.9692636822530235,0.4
perp,ETHUSDT,1D,A2_dual_MA,"{""fast"": 20, ""slow"": 75}",real,0.000705,0.9097930911039287,1.1975404758412551,-0.7935130756288556,0.17902569724573514,0.6035706233801629,0.8636302290705515,-0.8430811627828417,24,0.4166666666666667,4.921559780077309,6.890183692108232,0.4418567398946532,4.791718797865953,72.95833333333333,0.9589490968801314,4.794745484400656,0.9692636822530236,0.4
perp,ETHUSDT,1D,A2_dual_MA,"{""fast"": 20, ""slow"": 75}",stress,0.000905,0.9097930911039287,1.1975404758412551,-0.7935130756288556,0.1765441924234814,0.6008250071144262,0.8595776776475885,-0.8440931212462913,24,0.4166666666666667,4.921559780077308,6.890183692108231,0.44185673989465307,4.791718797865954,72.95833333333333,0.9589490968801314,4.794745484400656,0.9692636822530235,0.4
perp,ETHUSDT,1D,A2_dual_MA,"{""fast"": 20, ""slow"": 100}",opt,0.000505,0.9097930911039287,1.1975404758412551,-0.7935130756288556,0.27829864826692674,0.7020927216484258,1.0394531855971938,-0.8269608372684931,22,0.4090909090909091,5.072428190541738,7.3268407196714005,0.38087941824575716,4.571102829428719,78.45454545454545,0.9452654625068418,4.395183360700602,0.9838287609139726,0.6
perp,ETHUSDT,1D,A2_dual_MA,"{""fast"": 20, ""slow"": 100}",real,0.000705,0.9097930911039287,1.1975404758412551,-0.7935130756288556,0.2759112210717365,0.6995242631834963,1.0355270155696616,-0.8282870413467927,22,0.4090909090909091,5.072428190541737,7.326840719671398,0.3808794182457573,4.571102829428718,78.45454545454545,0.9452654625068418,4.395183360700602,0.9838287609139726,0.6
perp,ETHUSDT,1D,A2_dual_MA,"{""fast"": 20, ""slow"": 100}",stress,0.000905,0.9097930911039287,1.1975404758412551,-0.7935130756288556,0.27352816652794987,0.6969556435182159,1.0316017704164755,-0.829603133681269,22,0.4090909090909091,5.072428190541737,7.326840719671398,0.3808794182457573,4.571102829428718,78.45454545454545,0.9452654625068418,4.395183360700602,0.9838287609139726,0.6
perp,ETHUSDT,1D,A2_dual_MA,"{""fast"": 30, ""slow"": 50}",opt,0.000505,0.9097930911039287,1.1975404758412551,-0.7935130756288556,0.20915016933342234,0.6539158084146652,0.922230163139136,-0.8284568585963102,23,0.43478260869565216,3.339683587117642,4.341588663252934,0.249863999782744,4.19196897421909,77.21739130434783,0.9726327312534209,4.594964422550629,0.9347854126605197,0.4
perp,ETHUSDT,1D,A2_dual_MA,"{""fast"": 30, ""slow"": 50}",real,0.000705,0.9097930911039287,1.1975404758412551,-0.7935130756288556,0.2067515555080499,0.6514456688343795,0.9186657426639077,-0.8286946567949706,23,0.43478260869565216,3.339683587117641,4.341588663252934,0.24986399978274393,4.19196897421909,77.21739130434783,0.9726327312534209,4.594964422550629,0.9347854126605198,0.4
perp,ETHUSDT,1D,A2_dual_MA,"{""fast"": 30, ""slow"": 50}",stress,0.000905,0.9097930911039287,1.1975404758412551,-0.7935130756288556,0.20435753603085338,0.648975355485877,0.9151017610128888,-0.8289322246586662,23,0.43478260869565216,3.339683587117642,4.341588663252934,0.249863999782744,4.19196897421909,77.21739130434783,0.9726327312534209,4.594964422550629,0.9347854126605197,0.4
perp,ETHUSDT,1D,A2_dual_MA,"{""fast"": 30, ""slow"": 75}",opt,0.000505,0.9097930911039287,1.1975404758412551,-0.7935130756288556,-0.06123580464174516,0.3318519373637087,0.46585431990657195,-0.896182215703413,21,0.3333333333333333,3.601865575876097,7.203731151752195,0.3467223651002449,4.4218927218649755,83.38095238095238,0.9589490968801314,4.195402298850574,0.9889979345498495,0.4
perp,ETHUSDT,1D,A2_dual_MA,"{""fast"": 30, ""slow"": 75}",real,0.000705,0.9097930911039287,1.1975404758412551,-0.7935130756288556,-0.06310739911118302,0.32935315988355535,0.46230608107018334,-0.8969522283829932,21,0.3333333333333333,3.6018655758760967,7.2037311517521925,0.3467223651002448,4.4218927218649755,83.38095238095238,0.9589490968801314,4.195402298850574,0.9889979345498495,0.4
perp,ETHUSDT,1D,A2_dual_MA,"{""fast"": 30, ""slow"": 75}",stress,0.000905,0.9097930911039287,1.1975404758412551,-0.7935130756288556,-0.06497558111312618,0.326854600048264,0.45875874614267853,-0.8977165776356513,21,0.3333333333333333,3.601865575876097,7.203731151752195,0.3467223651002449,4.4218927218649755,83.38095238095238,0.9589490968801314,4.195402298850574,0.9889979345498495,0.4
perp,ETHUSDT,1D,A2_dual_MA,"{""fast"": 30, ""slow"": 100}",opt,0.000505,0.9097930911039287,1.1975404758412551,-0.7935130756288556,0.40956728400742315,0.8383922876989006,1.2572945792212165,-0.7868487241762475,16,0.3125,7.881867459790189,17.340108411538413,0.5230184843069834,3.8965773657415017,107.875,0.9452654625068418,3.196496989600438,1.0,0.8
perp,ETHUSDT,1D,A2_dual_MA,"{""fast"": 30, ""slow"": 100}",real,0.000705,0.9097930911039287,1.1975404758412551,-0.7935130756288556,0.40761290722752186,0.8364381857809895,1.2542628728464484,-0.7869339676682274,16,0.3125,7.88186745979019,17.340108411538417,0.5230184843069835,3.8965773657415017,107.875,0.9452654625068418,3.196496989600438,1.0,0.8
perp,ETHUSDT,1D,A2_dual_MA,"{""fast"": 30, ""slow"": 100}",stress,0.000905,0.9097930911039287,1.1975404758412551,-0.7935130756288556,0.4056611219700157,0.8344838873584699,1.2512311519366979,-0.7870191770936408,16,0.3125,7.881867459790187,17.340108411538413,0.5230184843069834,3.8965773657415017,107.875,0.9452654625068418,3.196496989600438,1.0,0.8
perp,ETHUSDT,1D,A3_MA_slope,"{""ma"": 50}",opt,0.000505,0.9097930911039287,1.1975404758412551,-0.7935130756288556,-0.047614288445884445,0.38853971754140026,0.5377638351326466,-0.8921843852792383,35,0.5142857142857142,2.3631966327669742,2.2319079309465866,0.12427610296629611,5.1631013338965035,50.6,0.969896004378763,6.992337164750958,0.8463122756849902,0.6
perp,ETHUSDT,1D,A3_MA_slope,"{""ma"": 50}",real,0.000705,0.9097930911039287,1.1975404758412551,-0.7935130756288556,-0.05054912486619523,0.3849067929012245,0.5326875459464498,-0.8924099631291844,35,0.5142857142857142,2.3631966327669742,2.2319079309465866,0.12427610296629608,5.1631013338965035,50.6,0.969896004378763,6.992337164750958,0.8463122756849901,0.6
perp,ETHUSDT,1D,A3_MA_slope,"{""ma"": 50}",stress,0.000905,0.9097930911039287,1.1975404758412551,-0.7935130756288556,-0.053475269067503994,0.38127435040349095,0.5276131162451434,-0.8926352406480679,35,0.5142857142857142,2.3631966327669742,2.2319079309465866,0.12427610296629608,5.1631013338965035,50.6,0.969896004378763,6.992337164750958,0.8463122756849902,0.6
perp,ETHUSDT,1D,A3_MA_slope,"{""ma"": 75}",opt,0.000505,0.9097930911039287,1.1975404758412551,-0.7935130756288556,-0.17200047538934204,0.15225928281985449,0.2190604147215692,-0.9495485578336369,42,0.38095238095238093,1.535316240415144,2.4948888906746087,0.0468740879797577,5.0992520726015815,41.57142857142857,0.9562123700054734,8.390804597701148,0.9137460995966326,0.4
perp,ETHUSDT,1D,A3_MA_slope,"{""ma"": 75}",real,0.000705,0.9097930911039287,1.1975404758412551,-0.7935130756288556,-0.1749713191200456,0.1476889821765501,0.2124525948883528,-0.950271084137099,42,0.38095238095238093,1.535316240415144,2.4948888906746087,0.0468740879797577,5.099252072601582,41.57142857142857,0.9562123700054734,8.390804597701148,0.9137460995966326,0.4
perp,ETHUSDT,1D,A3_MA_slope,"{""ma"": 75}",stress,0.000905,0.9097930911039287,1.1975404758412551,-0.7935130756288556,-0.17793162283350572,0.14312036914051754,0.20584910583411808,-0.9509832894426764,42,0.38095238095238093,1.535316240415144,2.4948888906746087,0.04687408797975768,5.0992520726015815,41.57142857142857,0.9562123700054734,8.390804597701148,0.9137460995966326,0.4
perp,ETHUSDT,1D,A3_MA_slope,"{""ma"": 100}",opt,0.000505,0.9097930911039287,1.1975404758412551,-0.7935130756288556,0.8732113632366698,1.2292627080369352,1.8887246754239,-0.6349587039225809,23,0.5652173913043478,10.264892296668961,7.896070997437661,0.38556425954102636,4.6038649972198336,74.82608695652173,0.9425287356321839,4.594964422550629,0.9250611337829178,1.0
perp,ETHUSDT,1D,A3_MA_slope,"{""ma"": 100}",real,0.000705,0.9097930911039287,1.1975404758412551,-0.7935130756288556,0.8697317162767022,1.226703122458755,1.8846032426490413,-0.6351046912955123,23,0.5652173913043478,10.264892296668963,7.896070997437664,0.38556425954102636,4.603864997219834,74.82608695652173,0.9425287356321839,4.594964422550629,0.9250611337829177,1.0
perp,ETHUSDT,1D,A3_MA_slope,"{""ma"": 100}",stress,0.000905,0.9097930911039287,1.1975404758412551,-0.7935130756288556,0.8662584988391822,1.2241426143335186,1.8804812974247733,-0.6352506203262943,23,0.5652173913043478,10.264892296668965,7.896070997437665,0.3855642595410264,4.603864997219835,74.82608695652173,0.9425287356321839,4.594964422550629,0.9250611337829174,1.0
perp,ETHUSDT,1D,A3_MA_slope,"{""ma"": 150}",opt,0.000505,0.9097930911039287,1.1975404758412551,-0.7935130756288556,0.32895140047544236,0.7563513874831731,1.1258933954813142,-0.7873570406980559,21,0.38095238095238093,4.188695360830245,6.806629961349148,0.24841813439241045,4.161330489917859,79.57142857142857,0.9151614668856048,4.195402298850574,0.9725558867562941,0.8
perp,ETHUSDT,1D,A3_MA_slope,"{""ma"": 150}",real,0.000705,0.9097930911039287,1.1975404758412551,-0.7935130756288556,0.32659230143818463,0.7538109109360697,1.1219558597335153,-0.7880084086309018,21,0.38095238095238093,4.188695360830245,6.806629961349149,0.2484181343924105,4.161330489917858,79.57142857142857,0.9151614668856048,4.195402298850574,0.9725558867562941,0.8
perp,ETHUSDT,1D,A3_MA_slope,"{""ma"": 150}",stress,0.000905,0.9097930911039287,1.1975404758412551,-0.7935130756288556,0.3242373113612851,0.7512701730873875,1.1180191351404938,-0.788657811738873,21,0.38095238095238093,4.188695360830245,6.806629961349149,0.24841813439241053,4.161330489917858,79.57142857142857,0.9151614668856048,4.195402298850574,0.9725558867562941,0.8
perp,ETHUSDT,1D,A3_MA_slope,"{""ma"": 200}",opt,0.000505,0.9097930911039287,1.1975404758412551,-0.7935130756288556,0.3812233279133075,0.8107893767303903,1.204931148470266,-0.7479447759675955,26,0.38461538461538464,7.027445217574805,11.243912348119686,0.3266838594119141,5.007204680727218,62.34615384615385,0.8877941981390257,5.194307608100711,0.9906735696769808,0.4
perp,ETHUSDT,1D,A3_MA_slope,"{""ma"": 200}",real,0.000705,0.9097930911039287,1.1975404758412551,-0.7935130756288556,0.37823537899281257,0.8077146307848406,1.2002518382799783,-0.750265626232901,26,0.38461538461538464,7.027445217574805,11.243912348119686,0.3266838594119141,5.007204680727218,62.34615384615385,0.8877941981390257,5.194307608100711,0.9906735696769808,0.4
perp,ETHUSDT,1D,A3_MA_slope,"{""ma"": 200}",stress,0.000905,0.9097930911039287,1.1975404758412551,-0.7935130756288556,0.3752538154304714,0.8046397681459949,1.1955726280182328,-0.7525651782584666,26,0.38461538461538464,7.027445217574805,11.243912348119686,0.3266838594119141,5.007204680727218,62.34615384615385,0.8877941981390257,5.194307608100711,0.9906735696769808,0.4
perp,ETHUSDT,1D,A3_MA_slope,"{""ma"": 250}",opt,0.000505,0.9097930911039287,1.1975404758412551,-0.7935130756288556,0.5182409265077355,0.9519932224195486,1.4379933162448728,-0.7604670305238599,15,0.4666666666666667,10.5660303417899,12.075463247759888,0.5179373277503464,3.786471054459834,104.73333333333333,0.8604269293924466,2.9967159277504103,0.9821216809157531,0.8
perp,ETHUSDT,1D,A3_MA_slope,"{""ma"": 250}",real,0.000705,0.9097930911039287,1.1975404758412551,-0.7935130756288556,0.5163644395616567,0.950187637202561,1.4351678067752285,-0.7609326611318382,15,0.4666666666666667,10.566030341789899,12.075463247759883,0.5179373277503464,3.7864710544598346,104.73333333333333,0.8604269293924466,2.9967159277504103,0.9821216809157531,0.8
perp,ETHUSDT,1D,A3_MA_slope,"{""ma"": 250}",stress,0.000905,0.9097930911039287,1.1975404758412551,-0.7935130756288556,0.51449022276214,0.9483816696600026,1.432341864840772,-0.761397435482318,15,0.4666666666666667,10.566030341789897,12.075463247759881,0.5179373277503464,3.7864710544598346,104.73333333333333,0.8604269293924466,2.9967159277504103,0.9821216809157531,0.8
perp,ETHUSDT,1D,A4_MA_distance_capped,"{""cap_atr"": 4, ""slow"": 150}",opt,0.000505,0.9097930911039287,1.1975404758412551,-0.7935130756288556,0.5028377327187554,1.034613449044692,1.6222805691401372,-0.7194079174267262,118,0.6694915254237288,1.9257864520065826,0.9507047041551482,0.02456646721392183,0.668365580451629,8.525423728813559,0.5511767925561029,23.574165298303228,0.27423145580293146,0.8
perp,ETHUSDT,1D,A4_MA_distance_capped,"{""cap_atr"": 4, ""slow"": 150}",real,0.000705,0.9097930911039287,1.1975404758412551,-0.7935130756288556,0.4887263915876372,1.0166901668157053,1.5928121622269806,-0.7204694434316977,118,0.6694915254237288,1.9257864520065824,0.9507047041551481,0.02456646721392183,0.668365580451629,8.525423728813559,0.5511767925561029,23.574165298303228,0.2742314558029314,0.8
perp,ETHUSDT,1D,A4_MA_distance_capped,"{""cap_atr"": 4, ""slow"": 150}",stress,0.000905,0.9097930911039287,1.1975404758412551,-0.7935130756288556,0.4747475229210729,0.9987628281310246,1.5633812185091032,-0.7215269788834708,118,0.6694915254237288,1.9257864520065826,0.9507047041551482,0.024566467213921833,0.6683655804516287,8.525423728813559,0.5511767925561029,23.574165298303228,0.2742314558029314,0.8
perp,ETHUSDT,1D,A4_MA_distance_capped,"{""cap_atr"": 4, ""slow"": 200}",opt,0.000505,0.9097930911039287,1.1975404758412551,-0.7935130756288556,0.7228284584507565,1.3854758940964258,2.282856400807844,-0.5447996008016427,92,0.7391304347826086,2.8529082938557626,1.0069088095961514,0.03694330886664958,0.8971590099112084,8.445652173913043,0.4258347016967707,18.379857690202517,0.30459433394619095,1.0
perp,ETHUSDT,1D,A4_MA_distance_capped,"{""cap_atr"": 4, ""slow"": 200}",real,0.000705,0.9097930911039287,1.1975404758412551,-0.7935130756288556,0.7103267242946107,1.3702127038488914,2.2562203140215495,-0.5457372892281058,92,0.7391304347826086,2.8529082938557626,1.0069088095961514,0.03694330886664958,0.8971590099112083,8.445652173913043,0.4258347016967707,18.379857690202517,0.30459433394619095,1.0
perp,ETHUSDT,1D,A4_MA_distance_capped,"{""cap_atr"": 4, ""slow"": 200}",stress,0.000905,0.9097930911039287,1.1975404758412551,-0.7935130756288556,0.6979157325575585,1.3549366602757327,2.22958812149168,-0.5466730585784002,92,0.7391304347826086,2.852908293855763,1.0069088095961516,0.03694330886664958,0.8971590099112086,8.445652173913043,0.4258347016967707,18.379857690202517,0.3045943339461909,1.0
perp,ETHUSDT,1D,A4_MA_distance_capped,"{""cap_atr"": 4, ""slow"": 250}",opt,0.000505,0.9097930911039287,1.1975404758412551,-0.7935130756288556,0.32459543061298946,0.8703060488272674,1.3579477428076336,-0.38984402451563605,77,0.7792207792207793,2.2983802463662175,0.6512077364704284,0.023904051712939415,-0.21290127573088272,8.428571428571429,0.35577449370552816,15.383141762452107,0.332957864271265,0.8
perp,ETHUSDT,1D,A4_MA_distance_capped,"{""cap_atr"": 4, ""slow"": 250}",real,0.000705,0.9097930911039287,1.1975404758412551,-0.7935130756288556,0.3164581830548765,0.8558994479327742,1.334680210101582,-0.3918451913222093,77,0.7792207792207793,2.2983802463662184,0.6512077364704285,0.02390405171293941,-0.2129012757308829,8.428571428571429,0.35577449370552816,15.383141762452107,0.33295786427126495,0.8
perp,ETHUSDT,1D,A4_MA_distance_capped,"{""cap_atr"": 4, ""slow"": 250}",stress,0.000905,0.9097930911039287,1.1975404758412551,-0.7935130756288556,0.3083709051902639,0.8414849485871928,1.3114238496577373,-0.39383982966508535,77,0.7792207792207793,2.298380246366218,0.6512077364704285,0.023904051712939415,-0.21290127573088263,8.428571428571429,0.35577449370552816,15.383141762452107,0.33295786427126495,0.8
perp,ETHUSDT,1D,B1_supertrend_flip,"{""mult"": 2.0, ""n"": 10}",opt,0.000505,0.9097930911039287,1.1975404758412551,-0.7935130756288556,0.2645746398889153,0.6826002297074798,1.0559544929850928,-0.7291088136656064,73,0.4383561643835616,1.6724868006666949,2.1428737133542026,0.04042714608316849,2.477647389023637,24.876712328767123,0.9945265462506842,14.584017515051997,0.47066451208950205,0.4
perp,ETHUSDT,1D,B1_supertrend_flip,"{""mult"": 2.0, ""n"": 10}",real,0.000705,0.9097930911039287,1.1975404758412551,-0.7935130756288556,0.25702671868368054,0.6746663802578449,1.0433103285304697,-0.733178465690542,73,0.4383561643835616,1.6724868006666949,2.1428737133542026,0.0404271460831685,2.477647389023638,24.876712328767123,0.9945265462506842,14.584017515051997,0.4706645120895021,0.4
perp,ETHUSDT,1D,B1_supertrend_flip,"{""mult"": 2.0, ""n"": 10}",stress,0.000905,0.9097930911039287,1.1975404758412551,-0.7935130756288556,0.24952373654866822,0.6667326098222968,1.030674168703101,-0.737187022741387,73,0.4383561643835616,1.6724868006666949,2.1428737133542026,0.0404271460831685,2.477647389023638,24.876712328767123,0.9945265462506842,14.584017515051997,0.47066451208950205,0.4
perp,ETHUSDT,1D,B1_supertrend_flip,"{""mult"": 2.5, ""n"": 10}",opt,0.000505,0.9097930911039287,1.1975404758412551,-0.7935130756288556,0.7276187543941557,1.0936180771880029,1.6817796510069951,-0.7000150921385689,45,0.4444444444444444,3.2468373862400957,4.058546732800119,0.1227856735471186,4.790853443820575,40.355555555555554,0.9945265462506842,8.990147783251231,0.6871749733542745,0.6
perp,ETHUSDT,1D,B1_supertrend_flip,"{""mult"": 2.5, ""n"": 10}",real,0.000705,0.9097930911039287,1.1975404758412551,-0.7935130756288556,0.7213109539411242,1.0888631496175871,1.6741624819255405,-0.7030882827316566,45,0.4444444444444444,3.2468373862400957,4.058546732800119,0.1227856735471186,4.790853443820575,40.355555555555554,0.9945265462506842,8.990147783251231,0.6871749733542745,0.6
perp,ETHUSDT,1D,B1_supertrend_flip,"{""mult"": 2.5, ""n"": 10}",stress,0.000905,0.9097930911039287,1.1975404758412551,-0.7935130756288556,0.7150261140925445,1.084107450771121,1.6665469871514873,-0.7061300315547367,45,0.4444444444444444,3.2468373862400957,4.058546732800119,0.1227856735471186,4.790853443820576,40.355555555555554,0.9945265462506842,8.990147783251231,0.6871749733542744,0.6
perp,ETHUSDT,1D,B1_supertrend_flip,"{""mult"": 3.0, ""n"": 10}",opt,0.000505,0.9097930911039287,1.1975404758412551,-0.7935130756288556,0.3380038293659591,0.7615284796353735,1.150844063987642,-0.7169104249619036,41,0.4878048780487805,2.3973732619561994,2.5172419250540092,0.09669554826781551,4.513741717206521,44.292682926829265,0.9945265462506842,8.191023535851121,0.7166259791751178,0.6
perp,ETHUSDT,1D,B1_supertrend_flip,"{""mult"": 3.0, ""n"": 10}",real,0.000705,0.9097930911039287,1.1975404758412551,-0.7935130756288556,0.3334524661119336,0.7571995214105669,1.1440877718398321,-0.7189209520478186,41,0.4878048780487805,2.3973732619561994,2.517241925054009,0.09669554826781551,4.51374171720652,44.292682926829265,0.9945265462506842,8.191023535851121,0.7166259791751178,0.6
perp,ETHUSDT,1D,B1_supertrend_flip,"{""mult"": 3.0, ""n"": 10}",stress,0.000905,0.9097930911039287,1.1975404758412551,-0.7935130756288556,0.3289164775471931,0.7528704030858789,1.1373339025862563,-0.7209172446558185,41,0.4878048780487805,2.3973732619562,2.5172419250540097,0.09669554826781551,4.513741717206521,44.292682926829265,0.9945265462506842,8.191023535851121,0.7166259791751177,0.6
perp,ETHUSDT,1D,B1_supertrend_flip,"{""mult"": 2.0, ""n"": 14}",opt,0.000505,0.9097930911039287,1.1975404758412551,-0.7935130756288556,0.37544046278780474,0.7938932213169672,1.2412815950628242,-0.688881180901697,69,0.4492753623188406,1.857984810214756,2.2775297673600234,0.05006866710747229,3.074624176195698,26.26086956521739,0.9923371647509579,13.784893267651888,0.495884422837522,0.4
perp,ETHUSDT,1D,B1_supertrend_flip,"{""mult"": 2.0, ""n"": 14}",real,0.000705,0.9097930911039287,1.1975404758412551,-0.7935130756288556,0.36770348286619114,0.7863680280025488,1.2290835460985878,-0.6933026113704333,69,0.4492753623188406,1.857984810214756,2.2775297673600234,0.05006866710747229,3.074624176195698,26.26086956521739,0.9923371647509579,13.784893267651888,0.495884422837522,0.4
perp,ETHUSDT,1D,B1_supertrend_flip,"{""mult"": 2.0, ""n"": 14}",stress,0.000905,0.9097930911039287,1.1975404758412551,-0.7935130756288556,0.3600099185120307,0.7788427398656728,1.2168922893027279,-0.6976612555116657,69,0.4492753623188406,1.857984810214756,2.2775297673600234,0.050068667107472285,3.074624176195698,26.26086956521739,0.9923371647509579,13.784893267651888,0.49588442283752193,0.4
perp,ETHUSDT,1D,B1_supertrend_flip,"{""mult"": 2.5, ""n"": 14}",opt,0.000505,0.9097930911039287,1.1975404758412551,-0.7935130756288556,0.5918155820797915,0.987597303023265,1.5163313452154081,-0.7262456026583497,47,0.44680851063829785,2.5863659907390693,3.2021674171055143,0.08720303791347082,2.7953175285202927,38.5531914893617,0.9923371647509579,9.389709906951285,0.5896498539264253,0.6
perp,ETHUSDT,1D,B1_supertrend_flip,"{""mult"": 2.5, ""n"": 14}",real,0.000705,0.9097930911039287,1.1975404758412551,-0.7935130756288556,0.5857313771740924,0.9826064243298878,1.5083728080716594,-0.7290551159718013,47,0.44680851063829785,2.5863659907390693,3.2021674171055143,0.08720303791347082,2.795317528520294,38.5531914893617,0.9923371647509579,9.389709906951285,0.5896498539264253,0.6
perp,ETHUSDT,1D,B1_supertrend_flip,"{""mult"": 2.5, ""n"": 14}",stress,0.000905,0.9097930911039287,1.1975404758412551,-0.7935130756288556,0.5796703542656128,0.9776148858316814,1.500416784012028,-0.7318358354383503,47,0.44680851063829785,2.5863659907390693,3.2021674171055143,0.08720303791347081,2.7953175285202945,38.5531914893617,0.9923371647509579,9.389709906951285,0.5896498539264253,0.6
perp,ETHUSDT,1D,B1_supertrend_flip,"{""mult"": 3.0, ""n"": 14}",opt,0.000505,0.9097930911039287,1.1975404758412551,-0.7935130756288556,0.2799025017233603,0.7042955814603449,1.0646796034659038,-0.7124325172730717,41,0.4878048780487805,2.22711233552111,2.338467952297165,0.08633634543625898,4.377403642737917,44.19512195121951,0.9923371647509579,8.191023535851121,0.7023526573072324,0.6
perp,ETHUSDT,1D,B1_supertrend_flip,"{""mult"": 3.0, ""n"": 14}",real,0.000705,0.9097930911039287,1.1975404758412551,-0.7935130756288556,0.27554429728776486,0.6999126815701319,1.0578657829216864,-0.7144725796600222,41,0.4878048780487805,2.22711233552111,2.3384679522971648,0.08633634543625897,4.377403642737917,44.19512195121951,0.9923371647509579,8.191023535851121,0.7023526573072324,0.6
perp,ETHUSDT,1D,B1_supertrend_flip,"{""mult"": 3.0, ""n"": 14}",stress,0.000905,0.9097930911039287,1.1975404758412551,-0.7935130756288556,0.2712008287001655,0.6955302069004926,1.051054377686977,-0.7164982130083482,41,0.4878048780487805,2.2271123355211095,2.3384679522971648,0.08633634543625897,4.377403642737917,44.19512195121951,0.9923371647509579,8.191023535851121,0.7023526573072325,0.6
perp,ETHUSDT,1D,B1_supertrend_flip,"{""mult"": 2.0, ""n"": 20}",opt,0.000505,0.9097930911039287,1.1975404758412551,-0.7935130756288556,0.2770872603192014,0.6957290878651566,1.0748606300891617,-0.7120800409373342,69,0.43478260869565216,1.6825998648406393,2.187379824292831,0.04284041612687901,2.08058281712722,26.17391304347826,0.9890530925013684,13.784893267651888,0.45019625319599843,0.4
perp,ETHUSDT,1D,B1_supertrend_flip,"{""mult"": 2.0, ""n"": 20}",real,0.000705,0.9097930911039287,1.1975404758412551,-0.7935130756288556,0.2698675109820565,0.6880822334706411,1.0626436647510427,-0.7161771473294005,69,0.43478260869565216,1.6825998648406393,2.187379824292831,0.04284041612687901,2.08058281712722,26.17391304347826,0.9890530925013684,13.784893267651888,0.45019625319599843,0.4
perp,ETHUSDT,1D,B1_supertrend_flip,"{""mult"": 2.0, ""n"": 20}",stress,0.000905,0.9097930911039287,1.1975404758412551,-0.7935130756288556,0.2626884545625803,0.6804346903633136,1.0504343582671805,-0.720215999146756,69,0.43478260869565216,1.6825998648406388,2.1873798242928304,0.04284041612687901,2.08058281712722,26.17391304347826,0.9890530925013684,13.784893267651888,0.45019625319599854,0.4
perp,ETHUSDT,1D,B1_supertrend_flip,"{""mult"": 2.5, ""n"": 20}",opt,0.000505,0.9097930911039287,1.1975404758412551,-0.7935130756288556,0.654935758151838,1.0436056697755387,1.6645119060576654,-0.7320441847378519,49,0.4489795918367347,2.6336364419440845,3.2321901787495584,0.09085788484152364,2.628477155483192,36.857142857142854,0.9890530925013684,9.789272030651341,0.6055475991384812,0.6
perp,ETHUSDT,1D,B1_supertrend_flip,"{""mult"": 2.5, ""n"": 20}",real,0.000705,0.9097930911039287,1.1975404758412551,-0.7935130756288556,0.6483503561953836,1.0382239881523876,1.6555692662992605,-0.735006805353887,49,0.4489795918367347,2.6336364419440845,3.2321901787495584,0.09085788484152363,2.62847715548319,36.857142857142854,0.9890530925013684,9.789272030651341,0.6055475991384812,0.6
perp,ETHUSDT,1D,B1_supertrend_flip,"{""mult"": 2.5, ""n"": 20}",stress,0.000905,0.9097930911039287,1.1975404758412551,-0.7935130756288556,0.6417910819099608,1.0328413105750307,1.6466283778962296,-0.7379367092246603,49,0.4489795918367347,2.633636441944084,3.2321901787495575,0.09085788484152363,2.62847715548319,36.857142857142854,0.9890530925013684,9.789272030651341,0.6055475991384813,0.6
perp,ETHUSDT,1D,B1_supertrend_flip,"{""mult"": 3.0, ""n"": 20}",opt,0.000505,0.9097930911039287,1.1975404758412551,-0.7935130756288556,0.22631169546773222,0.6478746174815776,0.9786576079917962,-0.8014496907911708,41,0.4634146341463415,2.1758810626285454,2.519441230412,0.08180900340461404,4.3220708129836565,44.048780487804876,0.9890530925013684,8.191023535851121,0.7455861567804316,0.4
perp,ETHUSDT,1D,B1_supertrend_flip,"{""mult"": 3.0, ""n"": 20}",real,0.000705,0.9097930911039287,1.1975404758412551,-0.7935130756288556,0.22213865779227038,0.6434458884033067,0.9717864472004105,-0.8039656146235621,41,0.4634146341463415,2.1758810626285454,2.519441230412,0.08180900340461407,4.322070812983657,44.048780487804876,0.9890530925013684,8.191023535851121,0.7455861567804318,0.4
perp,ETHUSDT,1D,B1_supertrend_flip,"{""mult"": 3.0, ""n"": 20}",stress,0.000905,0.9097930911039287,1.1975404758412551,-0.7935130756288556,0.21797972582542902,0.6390176516889626,0.9649182432604156,-0.806449700221,41,0.4634146341463415,2.1758810626285454,2.519441230412,0.08180900340461406,4.322070812983657,44.048780487804876,0.9890530925013684,8.191023535851121,0.7455861567804318,0.4
perp,ETHUSDT,1D,B3_supertrend_HTF,"{""mult"": 2.0, ""n"": 10}",opt,0.000505,0.9097930911039287,1.1975404758412551,-0.7935130756288556,0.5661916542416607,1.0878248449223409,1.7124533597790577,-0.47901946020131514,43,0.46511627906976744,2.9467605738138354,3.388774659885911,0.08487248811101962,2.43355132517336,25.302325581395348,0.595511767925561,8.590585659551177,0.6388742255991485,0.6
perp,ETHUSDT,1D,B3_supertrend_HTF,"{""mult"": 2.0, ""n"": 10}",real,0.000705,0.9097930911039287,1.1975404758412551,-0.7935130756288556,0.5607590346037432,1.081534481056557,1.7021698059032115,-0.47988464757791105,43,0.46511627906976744,2.9467605738138363,3.3887746598859114,0.08487248811101962,2.4335513251733594,25.302325581395348,0.595511767925561,8.590585659551177,0.6388742255991484,0.6
perp,ETHUSDT,1D,B3_supertrend_HTF,"{""mult"": 2.0, ""n"": 10}",stress,0.000905,0.9097930911039287,1.1975404758412551,-0.7935130756288556,0.5553452180837046,1.0752422653144151,1.6918850100074103,-0.4807484124188156,43,0.46511627906976744,2.946760573813836,3.388774659885911,0.08487248811101963,2.43355132517336,25.302325581395348,0.595511767925561,8.590585659551177,0.6388742255991484,0.6
perp,ETHUSDT,1D,B3_supertrend_HTF,"{""mult"": 2.5, ""n"": 10}",opt,0.000505,0.9097930911039287,1.1975404758412551,-0.7935130756288556,0.7306853009887699,1.2361184882623182,1.916266241999414,-0.5451123749523799,31,0.4838709677419355,5.2293372794611095,5.577959764758516,0.16558960870652387,4.56862629730192,36.83870967741935,0.6250684181718664,6.193212917350849,0.7914500450236899,0.8
perp,ETHUSDT,1D,B3_supertrend_HTF,"{""mult"": 2.5, ""n"": 10}",real,0.000705,0.9097930911039287,1.1975404758412551,-0.7935130756288556,0.7263383041770259,1.2318018837032838,1.9093879805883032,-0.5457960850566546,31,0.4838709677419355,5.2293372794611095,5.577959764758516,0.16558960870652384,4.568626297301922,36.83870967741935,0.6250684181718664,6.193212917350849,0.7914500450236897,0.6
perp,ETHUSDT,1D,B3_supertrend_HTF,"{""mult"": 2.5, ""n"": 10}",stress,0.000905,0.9097930911039287,1.1975404758412551,-0.7935130756288556,0.7220021834557666,1.227483945562819,1.9025073103712233,-0.5464788065247541,31,0.4838709677419355,5.2293372794611095,5.577959764758516,0.16558960870652384,4.568626297301922,36.83870967741935,0.6250684181718664,6.193212917350849,0.7914500450236899,0.6
perp,ETHUSDT,1D,B3_supertrend_HTF,"{""mult"": 3.0, ""n"": 10}",opt,0.000505,0.9097930911039287,1.1975404758412551,-0.7935130756288556,0.5484685597019465,1.0504737283206655,1.6082406676670546,-0.5451123749523799,29,0.5172413793103449,4.591654775497805,4.285544457131285,0.14716503651707877,4.449440738973471,37.55172413793103,0.5960591133004927,5.7936507936507935,0.8135247480876161,0.6
perp,ETHUSDT,1D,B3_supertrend_HTF,"{""mult"": 3.0, ""n"": 10}",real,0.000705,0.9097930911039287,1.1975404758412551,-0.7935130756288556,0.5448272889206591,1.0463896341667966,1.6018169742226043,-0.5457960850566547,29,0.5172413793103449,4.591654775497805,4.285544457131285,0.14716503651707877,4.449440738973471,37.55172413793103,0.5960591133004927,5.7936507936507935,0.8135247480876161,0.6
perp,ETHUSDT,1D,B3_supertrend_HTF,"{""mult"": 3.0, ""n"": 10}",stress,0.000905,0.9097930911039287,1.1975404758412551,-0.7935130756288556,0.5411945401167295,1.0423043044096152,1.5953914502599889,-0.5464788065247541,29,0.5172413793103449,4.591654775497804,4.285544457131284,0.14716503651707877,4.449440738973471,37.55172413793103,0.5960591133004927,5.7936507936507935,0.813524748087616,0.6
perp,ETHUSDT,1D,B3_supertrend_HTF,"{""mult"": 2.0, ""n"": 14}",opt,0.000505,0.9097930911039287,1.1975404758412551,-0.7935130756288556,0.6224822431241326,1.1537245079199347,1.8262228848495732,-0.4895955358930768,41,0.4878048780487805,3.230046296543255,3.391548611370417,0.09657670988609786,2.8926934665257122,26.24390243902439,0.5889436234263821,8.191023535851121,0.6598879199735335,0.8
perp,ETHUSDT,1D,B3_supertrend_HTF,"{""mult"": 2.0, ""n"": 14}",real,0.000705,0.9097930911039287,1.1975404758412551,-0.7935130756288556,0.6171101516152051,1.1476989267826918,1.8163019387872206,-0.4904431596823917,41,0.4878048780487805,3.2300462965432555,3.3915486113704176,0.09657670988609786,2.892693466525712,26.24390243902439,0.5889436234263821,8.191023535851121,0.6598879199735334,0.8
perp,ETHUSDT,1D,B3_supertrend_HTF,"{""mult"": 2.0, ""n"": 14}",stress,0.000905,0.9097930911039287,1.1975404758412551,-0.7935130756288556,0.6117558036642126,1.141671540014856,1.8063791323952465,-0.49128938981395587,41,0.4878048780487805,3.230046296543255,3.391548611370417,0.09657670988609784,2.892693466525712,26.24390243902439,0.5889436234263821,8.191023535851121,0.6598879199735335,0.8
perp,ETHUSDT,1D,B3_supertrend_HTF,"{""mult"": 2.5, ""n"": 14}",opt,0.000505,0.9097930911039287,1.1975404758412551,-0.7935130756288556,0.6605794466230233,1.1671668989212345,1.8019752976920125,-0.5451123749523796,32,0.5,4.194881566575198,4.194881566575198,0.12253581679630662,2.861975601071869,35.625,0.6239737274220033,6.392993979200876,0.6845352642959437,0.6
perp,ETHUSDT,1D,B3_supertrend_HTF,"{""mult"": 2.5, ""n"": 14}",real,0.000705,0.9097930911039287,1.1975404758412551,-0.7935130756288556,0.656273125579167,1.162696235895294,1.7948806028294173,-0.5457960850566546,32,0.5,4.194881566575198,4.194881566575198,0.12253581679630664,2.861975601071869,35.625,0.6239737274220033,6.392993979200876,0.6845352642959437,0.6
perp,ETHUSDT,1D,B3_supertrend_HTF,"{""mult"": 2.5, ""n"": 14}",stress,0.000905,0.9097930911039287,1.1975404758412551,-0.7935130756288556,0.6519779301336726,1.1582241964668072,1.7877838235324148,-0.5464788065247543,32,0.5,4.194881566575199,4.194881566575199,0.12253581679630662,2.8619756010718693,35.625,0.6239737274220033,6.392993979200876,0.6845352642959437,0.6
perp,ETHUSDT,1D,B3_supertrend_HTF,"{""mult"": 3.0, ""n"": 14}",opt,0.000505,0.9097930911039287,1.1975404758412551,-0.7935130756288556,0.5264780958484732,1.0226847259213938,1.5640954805027834,-0.5451123749523797,29,0.5172413793103449,4.344432763154926,4.054803912277932,0.1393694209797262,4.309805698801549,38.13793103448276,0.6053639846743295,5.7936507936507935,0.8016583744501125,0.6
perp,ETHUSDT,1D,B3_supertrend_HTF,"{""mult"": 3.0, ""n"": 14}",real,0.000705,0.9097930911039287,1.1975404758412551,-0.7935130756288556,0.522882522401185,1.0186013607729956,1.5577026298332588,-0.5457960850566546,29,0.5172413793103449,4.344432763154926,4.054803912277932,0.1393694209797262,4.309805698801549,38.13793103448276,0.6053639846743295,5.7936507936507935,0.8016583744501125,0.6
perp,ETHUSDT,1D,B3_supertrend_HTF,"{""mult"": 3.0, ""n"": 14}",stress,0.000905,0.9097930911039287,1.1975404758412551,-0.7935130756288556,0.5192953746335667,1.014517111345332,1.5513081851879713,-0.5464886129237552,29,0.5172413793103449,4.344432763154926,4.054803912277931,0.1393694209797262,4.309805698801549,38.13793103448276,0.6053639846743295,5.7936507936507935,0.8016583744501125,0.6
perp,ETHUSDT,1D,B3_supertrend_HTF,"{""mult"": 2.0, ""n"": 20}",opt,0.000505,0.9097930911039287,1.1975404758412551,-0.7935130756288556,0.506442298185174,1.0299711154975466,1.6271923048085988,-0.4660739275543476,43,0.4883720930232558,2.705291554735723,2.8341149621040906,0.07119142015917049,1.225899382816095,23.953488372093023,0.5637657361795293,8.590585659551177,0.5546697672840021,1.0
perp,ETHUSDT,1D,B3_supertrend_HTF,"{""mult"": 2.0, ""n"": 20}",real,0.000705,0.9097930911039287,1.1975404758412551,-0.7935130756288556,0.5012036884025581,1.0235018469410684,1.616614521333009,-0.4679214347992853,43,0.4883720930232558,2.705291554735723,2.8341149621040906,0.07119142015917049,1.225899382816095,23.953488372093023,0.5637657361795293,8.590585659551177,0.5546697672840021,0.8
perp,ETHUSDT,1D,B3_supertrend_HTF,"{""mult"": 2.0, ""n"": 20}",stress,0.000905,0.9097930911039287,1.1975404758412551,-0.7935130756288556,0.4959832503994075,1.0170305122138485,1.606035140050569,-0.4697625902762612,43,0.4883720930232558,2.705291554735723,2.8341149621040906,0.07119142015917049,1.225899382816095,23.953488372093023,0.5637657361795293,8.590585659551177,0.5546697672840021,0.8
perp,ETHUSDT,1D,B3_supertrend_HTF,"{""mult"": 2.5, ""n"": 20}",opt,0.000505,0.9097930911039287,1.1975404758412551,-0.7935130756288556,0.7224088122402603,1.2485543506376637,1.9977060580964456,-0.4310950411635147,33,0.5151515151515151,4.336625914419753,4.081530272395062,0.12862435043842865,2.609863657436993,34.09090909090909,0.6157635467980296,6.592775041050903,0.7124435021641627,0.6
perp,ETHUSDT,1D,B3_supertrend_HTF,"{""mult"": 2.5, ""n"": 20}",real,0.000705,0.9097930911039287,1.1975404758412551,-0.7935130756288556,0.7177960966283363,1.2437875602497142,1.9898476577277462,-0.43285906258767826,33,0.5151515151515151,4.336625914419754,4.081530272395062,0.12862435043842865,2.609863657436993,34.09090909090909,0.6157635467980296,6.592775041050903,0.7124435021641627,0.6
perp,ETHUSDT,1D,B3_supertrend_HTF,"{""mult"": 2.5, ""n"": 20}",stress,0.000905,0.9097930911039287,1.1975404758412551,-0.7935130756288556,0.7131956863000022,1.2390191375501596,1.9819861509495686,-0.43461766705168714,33,0.5151515151515151,4.336625914419754,4.081530272395062,0.12862435043842865,2.609863657436993,34.09090909090909,0.6157635467980296,6.592775041050903,0.7124435021641626,0.6
perp,ETHUSDT,1D,B3_supertrend_HTF,"{""mult"": 3.0, ""n"": 20}",opt,0.000505,0.9097930911039287,1.1975404758412551,-0.7935130756288556,0.49992858777732785,0.9931616728182977,1.5236314263305695,-0.5451123749523799,29,0.4827586206896552,4.151882400934419,4.44844542957259,0.137363612218875,4.2361102186350985,38.241379310344826,0.6070060207991242,5.7936507936507935,0.8160130976396281,0.6
perp,ETHUSDT,1D,B3_supertrend_HTF,"{""mult"": 3.0, ""n"": 20}",real,0.000705,0.9097930911039287,1.1975404758412551,-0.7935130756288556,0.496375253475549,0.9890444184509105,1.517162919881564,-0.5457960850566548,29,0.4827586206896552,4.1518824009344195,4.448445429572592,0.13736361221887503,4.236110218635098,38.241379310344826,0.6070060207991242,5.7936507936507935,0.816013097639628,0.6
perp,ETHUSDT,1D,B3_supertrend_HTF,"{""mult"": 3.0, ""n"": 20}",stress,0.000905,0.9097930911039287,1.1975404758412551,-0.7935130756288556,0.4928302866088581,0.9849262638301514,1.510692853780979,-0.5464788065247541,29,0.4827586206896552,4.151882400934419,4.44844542957259,0.13736361221887503,4.2361102186350985,38.241379310344826,0.6070060207991242,5.7936507936507935,0.8160130976396283,0.6
perp,ETHUSDT,1D,C1_donchian_channel,"{""n"": 20}",opt,0.000505,0.9097930911039287,1.1975404758412551,-0.7935130756288556,0.40659520460603193,0.827879660812687,1.2876528797375246,-0.7991751347879059,46,0.4782608695652174,2.647996968106915,2.8887239652075434,0.0962632141436695,5.550988795545506,29.782608695652176,0.7504105090311987,9.189928845101258,0.7161055591268785,0.6
perp,ETHUSDT,1D,C1_donchian_channel,"{""n"": 20}",real,0.000705,0.9097930911039287,1.1975404758412551,-0.7935130756288556,0.401319257327035,0.8226501453647391,1.2793072486967048,-0.8005651073215247,46,0.4782608695652174,2.647996968106914,2.888723965207543,0.09626321414366949,5.550988795545505,29.782608695652176,0.7504105090311987,9.189928845101258,0.7161055591268785,0.6
perp,ETHUSDT,1D,C1_donchian_channel,"{""n"": 20}",stress,0.000905,0.9097930911039287,1.1975404758412551,-0.7935130756288556,0.3960630299168473,0.817421318053498,1.2709633246036238,-0.8019454988954884,46,0.4782608695652174,2.6479969681069147,2.888723965207543,0.09626321414366949,5.550988795545506,29.782608695652176,0.7504105090311987,9.189928845101258,0.7161055591268786,0.6
perp,ETHUSDT,1D,C6_donchian_ATR_trail,"{""n"": 20, ""trail"": 2.0}",opt,0.000505,0.9097930911039287,1.1975404758412551,-0.7935130756288556,-0.03356246036298971,0.10339311039350649,0.16535144378655675,-0.6053482702220785,32,0.40625,1.130863267478692,1.652800160161165,0.006294847605849473,1.589928938147619,10.28125,0.180623973727422,6.392993979200876,0.8786786828716967,0.2
perp,ETHUSDT,1D,C6_donchian_ATR_trail,"{""n"": 20, ""trail"": 2.0}",real,0.000705,0.9097930911039287,1.1975404758412551,-0.7935130756288556,-0.0360915702789113,0.09695968209426811,0.1549104438036494,-0.6101828627651783,32,0.40625,1.130863267478692,1.652800160161165,0.006294847605849469,1.5899289381476192,10.28125,0.180623973727422,6.392993979200876,0.8786786828716967,0.2
perp,ETHUSDT,1D,C6_donchian_ATR_trail,"{""n"": 20, ""trail"": 2.0}",stress,0.000905,0.9097930911039287,1.1975404758412551,-0.7935130756288556,-0.038614096017793975,0.09053443680311023,0.14450285832319193,-0.614958300461349,32,0.40625,1.1308632674786918,1.6528001601611648,0.006294847605849468,1.589928938147619,10.28125,0.180623973727422,6.392993979200876,0.8786786828716968,0.2
perp,ETHUSDT,1D,C6_donchian_ATR_trail,"{""n"": 20, ""trail"": 3.0}",opt,0.000505,0.9097930911039287,1.1975404758412551,-0.7935130756288556,0.05188832136303678,0.3538990745043181,0.5543352600831325,-0.7197869924613712,32,0.4375,1.4377230751140564,1.8485010965752153,0.02405488698399269,1.1848492469857994,21.46875,0.3765736179529283,6.392993979200876,0.7393385340021975,0.2
perp,ETHUSDT,1D,C6_donchian_ATR_trail,"{""n"": 20, ""trail"": 3.0}",real,0.000705,0.9097930911039287,1.1975404758412551,-0.7935130756288556,0.04913091947247206,0.3490248984943868,0.546390534258901,-0.7217713727979645,32,0.4375,1.4377230751140564,1.8485010965752153,0.024054886983992697,1.1848492469857992,21.46875,0.3765736179529283,6.392993979200876,0.7393385340021975,0.2
perp,ETHUSDT,1D,C6_donchian_ATR_trail,"{""n"": 20, ""trail"": 3.0}",stress,0.000905,0.9097930911039287,1.1975404758412551,-0.7935130756288556,0.04638070168054509,0.3441545369067727,0.5384602931202054,-0.7237417396601775,32,0.4375,1.4377230751140564,1.8485010965752153,0.02405488698399269,1.184849246985799,21.46875,0.3765736179529283,6.392993979200876,0.7393385340021975,0.2
perp,ETHUSDT,1D,C6_donchian_ATR_trail,"{""n"": 20, ""trail"": 4.0}",opt,0.000505,0.9097930911039287,1.1975404758412551,-0.7935130756288556,0.05064886133204527,0.3872859835994813,0.5777464198624335,-0.8192070234745616,32,0.4375,1.5004765793517145,1.9291841734522044,0.03167174271688787,1.8603740031314655,33.53125,0.5878489326765188,6.392993979200876,0.7415161437549149,0.4
perp,ETHUSDT,1D,C6_donchian_ATR_trail,"{""n"": 20, ""trail"": 4.0}",real,0.000705,0.9097930911039287,1.1975404758412551,-0.7935130756288556,0.04788948404476567,0.3831137380957596,0.5713138797686221,-0.8206425919555788,32,0.4375,1.5004765793517145,1.9291841734522044,0.031671742716887864,1.8603740031314655,33.53125,0.5878489326765188,6.392993979200876,0.7415161437549149,0.4
perp,ETHUSDT,1D,C6_donchian_ATR_trail,"{""n"": 20, ""trail"": 4.0}",stress,0.000905,0.9097930911039287,1.1975404758412551,-0.7935130756288556,0.0451373042519434,0.37894410862660655,0.5648894533765434,-0.8220667927073244,32,0.4375,1.5004765793517143,1.9291841734522042,0.03167174271688787,1.8603740031314655,33.53125,0.5878489326765188,6.392993979200876,0.7415161437549149,0.4
perp,ETHUSDT,1D,C4_donchian_HTF,"{""n"": 20}",opt,0.000505,0.9097930911039287,1.1975404758412551,-0.7935130756288556,0.5258515352815476,1.0432867662362044,1.61232046730531,-0.5924239458100166,30,0.4666666666666667,4.066542079645095,4.6474766624515365,0.1557610840562041,4.657705334910844,30.833333333333332,0.5062944718117132,5.993431855500821,0.8188117248990533,0.6
perp,ETHUSDT,1D,C4_donchian_HTF,"{""n"": 20}",real,0.000705,0.9097930911039287,1.1975404758412551,-0.7935130756288556,0.5221186174553205,1.0388148445546952,1.6051838183252103,-0.5943480203747253,30,0.4666666666666667,4.066542079645095,4.6474766624515365,0.15576108405620412,4.657705334910844,30.833333333333332,0.5062944718117132,5.993431855500821,0.8188117248990533,0.6
perp,ETHUSDT,1D,C4_donchian_HTF,"{""n"": 20}",stress,0.000905,0.9097930911039287,1.1975404758412551,-0.7935130756288556,0.5183947823437984,1.0343421969888502,1.5980461475719543,-0.5962630634945557,30,0.4666666666666667,4.066542079645095,4.6474766624515365,0.15576108405620412,4.657705334910844,30.833333333333332,0.5062944718117132,5.993431855500821,0.8188117248990533,0.6
perp,ETHUSDT,1D,C1_donchian_channel,"{""n"": 50}",opt,0.000505,0.9097930911039287,1.1975404758412551,-0.7935130756288556,-0.1077920426882154,0.2567042420345443,0.3495864905186908,-0.8672647794878923,21,0.42857142857142855,2.0044577561649475,2.672610341553263,0.11596638393260539,3.5423776156751976,63.666666666666664,0.7323481116584565,4.195402298850574,0.9811796877463863,0.4
perp,ETHUSDT,1D,C1_donchian_channel,"{""n"": 50}",real,0.000705,0.9097930911039287,1.1975404758412551,-0.7935130756288556,-0.10955657856944956,0.2541478186028591,0.3460818031350353,-0.8680932860972919,21,0.42857142857142855,2.0044577561649475,2.672610341553263,0.11596638393260539,3.5423776156751976,63.666666666666664,0.7323481116584565,4.195402298850574,0.9811796877463863,0.4
perp,ETHUSDT,1D,C1_donchian_channel,"{""n"": 50}",stress,0.000905,0.9097930911039287,1.1975404758412551,-0.7935130756288556,-0.11131800963980987,0.251591707887674,0.3425777509015911,-0.8689166426701819,21,0.42857142857142855,2.0044577561649475,2.672610341553263,0.11596638393260537,3.5423776156751976,63.666666666666664,0.7323481116584565,4.195402298850574,0.9811796877463863,0.4
perp,ETHUSDT,1D,C6_donchian_ATR_trail,"{""n"": 50, ""trail"": 2.0}",opt,0.000505,0.9097930911039287,1.1975404758412551,-0.7935130756288556,-0.10181554157349004,-0.22048376713654688,-0.2570001184204004,-0.5419686730652908,16,0.375,0.6543052704907307,1.090508784151218,-0.018661745660237455,-1.8530458739218592,7.9375,0.06951286261631089,3.196496989600438,0.9742098514215034,0.4
perp,ETHUSDT,1D,C6_donchian_ATR_trail,"{""n"": 50, ""trail"": 2.0}",real,0.000705,0.9097930911039287,1.1975404758412551,-0.7935130756288556,-0.10302131290139693,-0.22495515465554822,-0.2620836877393169,-0.5428715228510665,16,0.375,0.6543052704907307,1.090508784151218,-0.018661745660237452,-1.8530458739218592,7.9375,0.06951286261631089,3.196496989600438,0.9742098514215036,0.4
perp,ETHUSDT,1D,C6_donchian_ATR_trail,"{""n"": 50, ""trail"": 2.0}",stress,0.000905,0.9097930911039287,1.1975404758412551,-0.7935130756288556,-0.10422551193290686,-0.2294189335090882,-0.26715389484319785,-0.5437727165476113,16,0.375,0.6543052704907308,1.090508784151218,-0.018661745660237452,-1.853045873921858,7.9375,0.06951286261631089,3.196496989600438,0.9742098514215036,0.4
perp,ETHUSDT,1D,C6_donchian_ATR_trail,"{""n"": 50, ""trail"": 3.0}",opt,0.000505,0.9097930911039287,1.1975404758412551,-0.7935130756288556,-0.2119030555983512,-0.285047692034913,-0.320104298686685,-0.7381014405347572,16,0.3125,0.6145632832761446,1.3520392232075182,-0.03196121126132946,-0.7017387531323349,16.8125,0.14723590585659552,3.196496989600438,1.0,0.2
perp,ETHUSDT,1D,C6_donchian_ATR_trail,"{""n"": 50, ""trail"": 3.0}",real,0.000705,0.9097930911039287,1.1975404758412551,-0.7935130756288556,-0.2130429402005095,-0.2880985697931893,-0.3234536510900984,-0.7386032603901314,16,0.3125,0.6145632832761446,1.3520392232075182,-0.03196121126132945,-0.701738753132334,16.8125,0.14723590585659552,3.196496989600438,1.0,0.2
perp,ETHUSDT,1D,C6_donchian_ATR_trail,"{""n"": 50, ""trail"": 3.0}",stress,0.000905,0.9097930911039287,1.1975404758412551,-0.7935130756288556,-0.21418136590273773,-0.29114549912882887,-0.3267972244875999,-0.7391044244642897,16,0.3125,0.6145632832761446,1.352039223207518,-0.03196121126132946,-0.701738753132336,16.8125,0.14723590585659552,3.196496989600438,1.0,0.2
perp,ETHUSDT,1D,C6_donchian_ATR_trail,"{""n"": 50, ""trail"": 4.0}",opt,0.000505,0.9097930911039287,1.1975404758412551,-0.7935130756288556,-0.4114195203587472,-0.2726907946968892,-0.30182564667324746,-0.9352903449105507,16,0.375,0.6181558678802179,1.0302597798003632,-0.04156423615076409,-1.4519622280282358,28.5625,0.2501368363437329,3.196496989600438,0.9723345607780689,0.2
perp,ETHUSDT,1D,C6_donchian_ATR_trail,"{""n"": 50, ""trail"": 4.0}",real,0.000705,0.9097930911039287,1.1975404758412551,-0.7935130756288556,-0.41278510258930157,-0.275022832774032,-0.3043626087010829,-0.9356651821959663,16,0.375,0.6181558678802179,1.0302597798003632,-0.0415642361507641,-1.451962228028236,28.5625,0.2501368363437329,3.196496989600438,0.9723345607780689,0.2
perp,ETHUSDT,1D,C6_donchian_ATR_trail,"{""n"": 50, ""trail"": 4.0}",stress,0.000905,0.9097930911039287,1.1975404758412551,-0.7935130756288556,-0.4141509599188179,-0.2773524540820272,-0.3068962790545349,-0.9360397250800381,16,0.375,0.6181558678802179,1.0302597798003632,-0.0415642361507641,-1.4519622280282367,28.5625,0.2501368363437329,3.196496989600438,0.9723345607780688,0.2
perp,ETHUSDT,1D,C4_donchian_HTF,"{""n"": 50}",opt,0.000505,0.9097930911039287,1.1975404758412551,-0.7935130756288556,0.39311247433231733,0.8416221795532737,1.2611455489218972,-0.684693096448334,17,0.5294117647058824,5.427756863763517,4.824672767789793,0.2302848495068208,3.5613771612691787,67.41176470588235,0.6278051450465244,3.396278051450465,0.9849890892583868,0.6
perp,ETHUSDT,1D,C4_donchian_HTF,"{""n"": 50}",real,0.000705,0.9097930911039287,1.1975404758412551,-0.7935130756288556,0.39120867716252383,0.8394565357282541,1.2577993280630884,-0.6862103679330916,17,0.5294117647058824,5.427756863763517,4.824672767789793,0.23028484950682082,3.5613771612691796,67.41176470588235,0.6278051450465244,3.396278051450465,0.9849890892583868,0.6
perp,ETHUSDT,1D,C4_donchian_HTF,"{""n"": 50}",stress,0.000905,0.9097930911039287,1.1975404758412551,-0.7935130756288556,0.3893074682231983,0.8372907056293037,1.2544529550493455,-0.6877203503825546,17,0.5294117647058824,5.427756863763517,4.824672767789793,0.23028484950682082,3.5613771612691787,67.41176470588235,0.6278051450465244,3.396278051450465,0.9849890892583866,0.6
perp,ETHUSDT,1D,C1_donchian_channel,"{""n"": 100}",opt,0.000505,0.9097930911039287,1.1975404758412551,-0.7935130756288556,0.5168410362624523,0.9503224572661545,1.4290603098759038,-0.6228981805206446,8,0.375,17.808076632584356,29.680127720973925,1.3783346567745551,2.80981430845121,155.375,0.6808976464148878,1.598248494800219,0.9971336631806983,0.4
perp,ETHUSDT,1D,C1_donchian_channel,"{""n"": 100}",real,0.000705,0.9097930911039287,1.1975404758412551,-0.7935130756288556,0.5157862211559949,0.9493119549736291,1.427462126132435,-0.6237415205747899,8,0.375,17.80807663258436,29.680127720973932,1.3783346567745554,2.80981430845121,155.375,0.6808976464148878,1.598248494800219,0.9971336631806983,0.4
perp,ETHUSDT,1D,C1_donchian_channel,"{""n"": 100}",stress,0.000905,0.9097930911039287,1.1975404758412551,-0.7935130756288556,0.5147320907027548,0.9483012897283472,1.4258636871108146,-0.6245830282292939,8,0.375,17.80807663258436,29.680127720973932,1.3783346567745554,2.80981430845121,155.375,0.6808976464148878,1.598248494800219,0.9971336631806983,0.4
perp,ETHUSDT,1D,C6_donchian_ATR_trail,"{""n"": 100, ""trail"": 2.0}",opt,0.000505,0.9097930911039287,1.1975404758412551,-0.7935130756288556,0.044318075635376486,0.44620674047442305,0.760871013957659,-0.12178620982317656,5,0.6,3.6864608296756107,2.457640553117074,0.05032579191304213,-0.2033100057686049,8.6,0.02353585112205802,0.9989053092501368,0.7287371150263939,0.4
perp,ETHUSDT,1D,C6_donchian_ATR_trail,"{""n"": 100, ""trail"": 2.0}",real,0.000705,0.9097930911039287,1.1975404758412551,-0.7935130756288556,0.04390381279999178,0.4425707039528062,0.7528710009858024,-0.12214637200579237,5,0.6,3.6864608296756116,2.4576405531170744,0.05032579191304213,-0.2033100057686049,8.6,0.02353585112205802,0.9989053092501368,0.7287371150263939,0.4
perp,ETHUSDT,1D,C6_donchian_ATR_trail,"{""n"": 100, ""trail"": 2.0}",stress,0.000905,0.9097930911039287,1.1975404758412551,-0.7935130756288556,0.043489715189915845,0.43893390365039814,0.7449094561025219,-0.12250639025379595,5,0.6,3.6864608296756107,2.457640553117074,0.05032579191304213,-0.20331000576860517,8.6,0.02353585112205802,0.9989053092501368,0.7287371150263939,0.4
perp,ETHUSDT,1D,C6_donchian_ATR_trail,"{""n"": 100, ""trail"": 3.0}",opt,0.000505,0.9097930911039287,1.1975404758412551,-0.7935130756288556,0.04900835272093529,0.35703087320531646,0.536441739830348,-0.24065902905298553,5,0.6,4.327506414499872,2.8850042763332477,0.062202251768556996,1.0966749948554615,16.8,0.04597701149425287,0.9989053092501368,0.7689200421172411,0.6
perp,ETHUSDT,1D,C6_donchian_ATR_trail,"{""n"": 100, ""trail"": 3.0}",real,0.000705,0.9097930911039287,1.1975404758412551,-0.7935130756288556,0.048579642884521546,0.3547211269529607,0.5325010073394835,-0.24129743455531594,5,0.6,4.327506414499871,2.8850042763332473,0.062202251768556996,1.0966749948554615,16.8,0.04597701149425287,0.9989053092501368,0.768920042117241,0.6
perp,ETHUSDT,1D,C6_donchian_ATR_trail,"{""n"": 100, ""trail"": 3.0}",stress,0.000905,0.9097930911039287,1.1975404758412551,-0.7935130756288556,0.04815110391737898,0.3524119719219729,0.5285683552469354,-0.24193531724941897,5,0.6,4.327506414499871,2.8850042763332473,0.062202251768556996,1.0966749948554615,16.8,0.04597701149425287,0.9989053092501368,0.768920042117241,0.6
perp,ETHUSDT,1D,C6_donchian_ATR_trail,"{""n"": 100, ""trail"": 4.0}",opt,0.000505,0.9097930911039287,1.1975404758412551,-0.7935130756288556,-0.002389598123641923,0.09233487361042508,0.12708278956200375,-0.37015728021623584,5,0.4,1.3166758216999541,1.9750137325499313,0.011844654854564044,0.4368457458695436,22.6,0.061850027367268745,0.9989053092501368,0.2405116099808801,0.4
perp,ETHUSDT,1D,C6_donchian_ATR_trail,"{""n"": 100, ""trail"": 4.0}",real,0.000705,0.9097930911039287,1.1975404758412551,-0.7935130756288556,-0.0028062435472022695,0.090318920719731,0.12424436213251204,-0.37121865810724564,5,0.4,1.3166758216999541,1.9750137325499313,0.011844654854564044,0.4368457458695436,22.6,0.061850027367268745,0.9989053092501368,0.2405116099808801,0.4
perp,ETHUSDT,1D,C6_donchian_ATR_trail,"{""n"": 100, ""trail"": 4.0}",stress,0.000905,0.9097930911039287,1.1975404758412551,-0.7935130756288556,-0.0032227236489857924,0.08830373926091782,0.12140991402508426,-0.3722782736227126,5,0.4,1.3166758216999541,1.9750137325499313,0.011844654854564044,0.4368457458695436,22.6,0.061850027367268745,0.9989053092501368,0.2405116099808801,0.4
perp,ETHUSDT,1D,C4_donchian_HTF,"{""n"": 100}",opt,0.000505,0.9097930911039287,1.1975404758412551,-0.7935130756288556,0.5085951470106553,0.9457113018494585,1.422317688361242,-0.6322782779136629,13,0.38461538461538464,9.63850379935238,15.421606078963807,0.5175826043630185,3.4463274396560633,93.61538461538461,0.6666666666666666,2.5971538040503557,1.0,0.6
perp,ETHUSDT,1D,C4_donchian_HTF,"{""n"": 100}",real,0.000705,0.9097930911039287,1.1975404758412551,-0.7935130756288556,0.506945381177756,0.9440976332918454,1.419813150653139,-0.6335406323454424,13,0.38461538461538464,9.63850379935238,15.421606078963807,0.5175826043630185,3.4463274396560633,93.61538461538461,0.6666666666666666,2.5971538040503557,1.0,0.6
perp,ETHUSDT,1D,C4_donchian_HTF,"{""n"": 100}",stress,0.000905,0.9097930911039287,1.1975404758412551,-0.7935130756288556,0.5052973714803042,0.9424837851050306,1.4173081908572371,-0.6347987055096846,13,0.38461538461538464,9.63850379935238,15.421606078963807,0.5175826043630185,3.4463274396560633,93.61538461538461,0.6666666666666666,2.5971538040503557,1.0,0.6
perp,ETHUSDT,1D,C2_donchian_voltarget,"{""n"": 20, ""vol_target"": 0.2}",opt,0.000505,0.9097930911039287,1.1975404758412551,-0.7935130756288556,-4.904350919088252e-05,0.06341608576274575,0.09505681066680646,-0.32668469613542483,32,0.40625,1.2605391800626475,1.7453619416252042,0.014779685944179334,1.3456063924934332,21.46875,0.3765736179529283,6.392993979200876,0.7708020099319112,0.6
perp,ETHUSDT,1D,C2_donchian_voltarget,"{""n"": 20, ""vol_target"": 0.2}",real,0.000705,0.9097930911039287,1.1975404758412551,-0.7935130756288556,-0.0008393165940010494,0.05727645686839495,0.08578680438647765,-0.3281460330790754,32,0.40625,1.2605391800626475,1.7453619416252042,0.014779685944179331,1.3456063924934332,21.46875,0.3765736179529283,6.392993979200876,0.7708020099319111,0.6
perp,ETHUSDT,1D,C2_donchian_voltarget,"{""n"": 20, ""vol_target"": 0.2}",stress,0.000905,0.9097930911039287,1.1975404758412551,-0.7935130756288556,-0.0016287739870630702,0.051143128607794144,0.07654060907491579,-0.32960389780376165,32,0.40625,1.2605391800626475,1.7453619416252042,0.01477968594417933,1.3456063924934334,21.46875,0.3765736179529283,6.392993979200876,0.7708020099319112,0.6
perp,ETHUSDT,1D,C2_donchian_voltarget,"{""n"": 50, ""vol_target"": 0.2}",opt,0.000505,0.9097930911039287,1.1975404758412551,-0.7935130756288556,-0.010128611188475078,-0.0654599437833102,-0.09485784079208742,-0.18544618591634998,16,0.3125,0.6145632832761446,1.3520392232075182,-0.03196121126132946,-0.7017387531323349,16.8125,0.14723590585659552,3.196496989600438,1.0,0.2
perp,ETHUSDT,1D,C2_donchian_voltarget,"{""n"": 50, ""vol_target"": 0.2}",real,0.000705,0.9097930911039287,1.1975404758412551,-0.7935130756288556,-0.01057614505595228,-0.07034373165132665,-0.10184623076825178,-0.1867103236913571,16,0.3125,0.6145632832761445,1.3520392232075178,-0.03196121126132947,-0.7017387531323366,16.8125,0.14723590585659552,3.196496989600438,1.0,0.2
perp,ETHUSDT,1D,C2_donchian_voltarget,"{""n"": 50, ""vol_target"": 0.2}",stress,0.000905,0.9097930911039287,1.1975404758412551,-0.7935130756288556,-0.011023372794253361,-0.07522253333981782,-0.10881530608718794,-0.18797224874243035,16,0.3125,0.6145632832761445,1.3520392232075178,-0.031961211261329475,-0.7017387531323366,16.8125,0.14723590585659552,3.196496989600438,1.0,0.2
perp,ETHUSDT,1D,C2_donchian_voltarget,"{""n"": 100, ""vol_target"": 0.2}",opt,0.000505,0.9097930911039287,1.1975404758412551,-0.7935130756288556,0.023503520325167893,0.3838698004333921,0.5685534860630973,-0.0987585548549208,5,0.6,4.327506414499871,2.8850042763332473,0.062202251768556996,1.0966749948554615,16.8,0.04597701149425287,0.9989053092501368,0.768920042117241,0.6
perp,ETHUSDT,1D,C2_donchian_voltarget,"{""n"": 100, ""vol_target"": 0.2}",real,0.000705,0.9097930911039287,1.1975404758412551,-0.7935130756288556,0.02336267679635573,0.38172515483748476,0.5648954095616088,-0.0989915412377882,5,0.6,4.327506414499871,2.8850042763332473,0.062202251768556996,1.0966749948554615,16.8,0.04597701149425287,0.9989053092501368,0.768920042117241,0.6
perp,ETHUSDT,1D,C2_donchian_voltarget,"{""n"": 100, ""vol_target"": 0.2}",stress,0.000905,0.9097930911039287,1.1975404758412551,-0.7935130756288556,0.023221888664694657,0.3795813769504143,0.5612453289195926,-0.09922441137863613,5,0.6,4.327506414499872,2.8850042763332477,0.062202251768556996,1.0966749948554615,16.8,0.04597701149425287,0.9989053092501368,0.7689200421172411,0.6
