signal,T2_A_mom12_1_N10,T2_A_mom12_1_N20,T2_A_mom12_1_N30,T2_A_mom12_1_N50,T2_A_mom6_1_N10,T2_A_mom6_1_N20,T2_A_mom6_1_N30,T2_A_mom6_1_N50,T2_A_mom9_1_N10,T2_A_mom9_1_N20,T2_A_mom9_1_N30,T2_A_mom9_1_N50,T2_B_resid12_1_N10,T2_B_resid12_1_N20,T2_B_resid12_1_N30,T2_B_resid12_1_N50,T2_A_volmom12_1_N30,T1_A_mom12_1_N30,T1_B_resid12_1_N30,T1_A_secneutral12_1_N30,ETF_F_mom12_1_top3,ETF_F_mom12_1_top2,ETF_F_mom12_1_top4,ETF_F_mom6_1_top3
1998-01-30,0.1337990032434464,0.11464941021203989,0.09701055887142829,0.08774085462808623,0.11916742421388626,0.107529741203785,0.10475791422923408,0.10323251810312284,0.1583275310873986,0.145480696552992,0.12545314310789113,0.09352077719211582,0.09275484391450894,0.0833743982136248,0.09487121673822396,0.08305608034610756,0.08713002010583892,,,,,,,
1998-02-27,0.0951864109698517,0.11967470562402527,0.1020283170456937,0.07095195541289345,0.08002272357443951,0.09343628200957488,0.07818649747992867,0.06858135014841515,0.2159300400142703,0.11525653521791779,0.09430831415005292,0.0744684750437925,0.10269476980157544,0.08533348888229186,0.08509579374405396,0.08413366414216439,0.09957341366107753,,,,,,,
1998-03-31,0.1494889832208517,0.03976375018355194,0.02485236150028647,0.019893761398219523,0.13998024420646282,0.052829698425956195,0.05806189599787959,0.04814790679646941,0.14737338485777474,0.0974635750086903,0.0688601108083895,0.03135643121519305,-0.017625295113518402,-0.007332813117222559,0.0029368634291728757,-0.010782023128964258,0.06094817314712375,,,,,,,
1998-04-30,-0.04496273137511875,-0.07899571268613204,-0.06805133395097451,-0.06679325841878525,-0.14709710836749013,-0.1001779746666891,-0.0769531289702351,-0.061426929468893166,-0.03468351228334754,-0.0754067623375948,-0.06742491691050911,-0.05751475122060268,-0.050570588156017005,-0.03471758336949049,-0.029785685579133192,-0.032182700096825445,-0.02494819507703483,,,,,,,
1998-05-29,0.40715483515806583,0.24156816859091923,0.16942297109186266,0.09086440493799186,0.2794886508464349,0.1828125130529905,0.20965247512068075,0.14948623811901784,0.4247169987802586,0.249052018430022,0.19886662967061253,0.1478816217561818,0.04488591155376387,0.022153902475379184,0.05156275189349535,0.053765086370977766,0.1819894128699533,,,,,,,
1998-06-30,0.01457474509800405,-0.030583659322229617,-0.07118217290598317,-0.08226989931501583,-0.10333207978707681,-0.028324019990920046,-0.04474054608481537,-0.04385559687300944,-0.056789652244019995,-0.0462751900432774,-0.05571787111085602,-0.03684613341081655,0.011905164213953157,0.041272291181409404,0.028783375198948136,-0.01609265262122439,-0.014965472970140059,,,,,,,
1998-07-31,-0.3077437886011142,-0.2649729996358414,-0.24912305792409994,-0.22955829305842423,-0.28975657807302857,-0.25998574747007286,-0.22725800603960478,-0.21448922524037506,-0.2813689665571186,-0.23606033831228812,-0.22132552234876446,-0.22347653594918448,-0.16912060983304245,-0.19576291877118035,-0.18230712079682665,-0.1718874806094094,-0.1845432219720049,,,,,,,
1998-08-31,0.1164365613448779,0.0709010798447085,0.052233916901389454,0.020406348802662455,0.07844653959638714,0.018828967935689223,0.0025713774800686373,0.04209154203702736,0.1422364870075612,0.04526717356489596,0.03161052210198134,-0.0006552722732674487,0.025907354063643417,0.03002198070676121,0.03588700086475893,0.04161554606058071,0.05996701315509401,,,,,,,
1998-09-30,0.2188235191327994,0.14641082914627468,0.12270913342512446,0.12087425605054758,0.14881113999230422,0.1640717599489563,0.16920653827510668,0.14649431271235636,0.2914269468533395,0.19219348071653064,0.15387953369333784,0.13694041879033825,0.12648642731077775,0.15225115420100965,0.12782420021512597,0.12062583606207156,0.0657499368434391,,,,,,,
1998-10-30,0.1921188939180951,0.11999225757371845,0.1092676640962793,0.0952012660516679,0.10961255676939796,0.09178448513797632,0.08426437118401653,0.07223798694607497,0.1927317520975329,0.11322135859842453,0.12211623923417125,0.09963989053331379,0.08128948989842089,0.09352301245491978,0.08841152704733624,0.08395590064594916,0.07630759790054986,,,,,,,
1998-11-30,0.28506402434536926,0.19891003395844598,0.19145824924977384,0.1587139018838799,0.19299773267300435,0.1618520858081942,0.17277516528453085,0.15157850040723408,0.22682757340146686,0.1322699692567597,0.1635751923151112,0.15375929849723158,0.09210267949075712,0.0926605218583243,0.12817558161887277,0.13518179007313869,0.1857386723878245,,,,,,,
1998-12-31,0.5008947407065749,0.31884586052563635,0.2815361564816372,0.21355564944752903,0.10332908974332389,0.09852339515882602,0.10314830713029854,0.1010088436682599,0.3440090545765402,0.17863623016558972,0.16207237749044934,0.1550637249031117,0.32644041891712217,0.18948123836139996,0.14563151516720096,0.0762338828049105,0.22898966519787156,,,,,,,
1999-01-29,0.030688896651242192,-0.02623420965429446,-0.04537834167653931,-0.07493578625321962,-0.07891514170802294,-0.08082670727846575,-0.08120402606578125,-0.09898367280539577,-0.011129006309107181,-0.056460417262638396,-0.07127496315773141,-0.0759123109027402,-0.03914566719687562,-0.026977067077290195,-0.026910710996238096,-0.0351605716400174,-0.016095127624279892,,,,,,,
1999-02-26,0.43171723782195026,0.2731845515937654,0.2696808186333859,0.205233861091767,0.32970915727211114,0.24762644420757463,0.23479879988910413,0.17636323096533313,0.3692722865535609,0.2728721773198113,0.25799836129989706,0.20541802813392507,0.1536836268139674,0.11163651848932599,0.08592504178200322,0.03881456637578218,0.20136608831975944,,,,,,,
1999-03-31,0.1753505090547547,0.1974316395882787,0.1356195792750543,0.10543535004394711,0.3854919249114912,0.2368854286346216,0.17506275654078274,0.10226715567212796,0.213417047677257,0.2123131029922194,0.18597853631359573,0.14224219923537595,0.07961713536708781,0.05000949705241142,0.04899233343952991,0.03690785175421096,0.03196124698486846,,,,,,,
1999-04-30,-0.21330164646827188,-0.10457764456866658,-0.0718915057123628,-0.030963980080777276,-0.25020351467585644,-0.22327502786959696,-0.1585316959580545,-0.0757709287484779,-0.19293656329525932,-0.17467217831494786,-0.09809040836662763,-0.03568120965089072,-0.0344106904379633,-0.020845668829318598,-0.026363914192776172,-0.030295857538450766,-0.0779964825469881,,,,,,,
1999-05-28,0.11818928910460835,0.10032502021221212,0.10094242382319196,0.11463072235409211,0.11880078383111536,0.14941179948624517,0.12287792878433246,0.10970494026679245,0.10822746144603879,0.12759986728778672,0.11042013170199994,0.11923749409100992,0.07623158151634679,0.03602583070121179,0.04132252593270436,0.05758763133265421,0.1857011200751144,,,,,,,
1999-06-30,-0.19660270127426893,-0.14031619569063725,-0.11914435148238678,-0.09132523684186367,-0.05623861969053112,-0.08625266548928556,-0.05341212594461464,-0.048956744788966056,-0.19784033915879917,-0.11193372941270374,-0.09156402010908504,-0.06659945134206835,0.04103680247398245,-0.02175041695691493,-0.033231541570382106,-0.01465761669957144,-0.06755477137715837,,,,,,,
1999-07-30,0.005225110493355389,-0.026706189995369556,-0.0013198335261169758,0.025426892485290287,0.033008750618087834,-0.026263284638561202,-0.006991823245922069,-0.0016012075102173062,-0.11378716683584034,-0.05002143189564989,-0.02602864552611439,-0.006018068765664353,0.03738196971561836,-0.0010227548564770705,-0.03329680392369572,-0.04301886477120731,0.05371309204698904,,,,,,,
1999-08-31,-0.002082134240093736,-0.007831591494637413,-0.012175695884691584,0.00019125657602181434,0.14334528314411488,0.1050951200338377,0.048470612857602235,0.014112673885376736,0.09091992924575498,0.06241136781198087,0.046874001059106885,0.04447221986486971,-0.016742303146859316,0.028490487900945105,0.0067194022234788875,-0.011206778800797679,0.008224794017170245,,,,,,,
1999-09-30,0.18318741092386048,0.22482478761948044,0.18446200657733858,0.19665163615683956,0.19180941620166236,0.12652271540283677,0.11692923834164382,0.16646829797573992,0.049073062811937795,0.15043781283233537,0.19374932005495626,0.18751170115578097,0.1711222855932537,0.12980757163290946,0.09452975118299833,0.07080817913689685,0.19900079621027933,,,,,,,
1999-10-29,0.31017168743420753,0.3462866465781933,0.43506944408253356,0.29369972685682044,0.2349301056502242,0.2613486237297502,0.32113421396709874,0.2851980619912551,0.18090482666955876,0.21161804479758484,0.3252082025333074,0.30765373973654,0.23149978354667766,0.11129407987649187,0.09193892936875292,0.07772417096118533,0.3689278594167462,,,,,,,
1999-11-30,0.3981118435812194,0.47614291976378187,0.46269350458859115,0.37117688330982346,0.3198200660674817,0.35952607122135083,0.4064917134953614,0.4084866892694605,0.41851889280570775,0.400735003559082,0.395636728578461,0.3606724963093748,0.221084466807141,0.2012876363540106,0.14771836331998678,0.15693350852532695,0.33166946433368927,,,,,,,
1999-12-31,0.3230129597136988,0.13385835227894982,0.05184096636351887,-0.011386418191669856,0.0391703783183146,0.009951752546604187,0.05338300673686169,0.03593060733405995,0.04228020368730756,-0.03333033538635333,-0.038818103193304476,0.017243853566479173,-0.13818950770392746,-0.07037522317861244,-0.06208827426886376,-0.04934521369686529,0.025813347207343407,,,,-0.058825782554863704,-0.04783715028501334,-0.07589716885858622,-0.04206557819277723
2000-01-31,0.961944457179815,0.7751215878131861,0.7190165104372366,0.5655873556845645,0.47088391367564486,0.5888109712358147,0.5635541200247065,0.5977967495347287,0.6406957350055968,0.7113669287749382,0.634192880516856,0.6092755303639061,0.1716761374980018,0.17919219847794632,0.10364314778877914,0.1146848745459279,0.660957471705802,,,,-0.010931840982069674,0.007281199859939136,-0.020621250877485675,-0.007828628693337558
2000-02-29,-0.2796879530609857,-0.2013282999000624,-0.21308771812341187,-0.21135011406230497,-0.29098257905674574,-0.27373973139658136,-0.2393391585242065,-0.2147696396373543,-0.25940414340800344,-0.25158966827313944,-0.2557550475996805,-0.24670593662620433,0.04031192694019081,0.10184964814891884,0.09429421747559186,0.06573904040901413,-0.1359598418326906,,,,0.11464082901016748,0.10068576739429203,0.11359368473877263,0.1058610964415383
2000-03-31,-0.0807566256851403,-0.07762130787762023,-0.07712601010593412,-0.1578227828352946,-0.061789581825086426,-0.1381763935918332,-0.13806658334694988,-0.1588329479061661,-0.4197388191489376,-0.18817597732885183,-0.16212617482919223,-0.13930969228196144,-0.02840704593468313,-0.07230843290856914,-0.04994480623656172,-0.05482431765810336,-0.1072213445077681,,,,-0.02107881677110446,-0.03879153540135849,-0.020962722526841726,-0.03774399053043853
2000-04-28,-0.1787299178229882,-0.27103225359409655,-0.24745553029877754,-0.20654717350167795,-0.2818632955077284,-0.30882885137885985,-0.24531585475605977,-0.2318511884102893,-0.14011912139894211,-0.24807962022765373,-0.2384302322881381,-0.21609113149390913,-0.10151167254214521,-0.11348438968635399,-0.1209370342269468,-0.06342479417418545,-0.18097140816261736,,,,-0.009959724576071638,-0.06564920392346685,-0.00804923973928684,-0.00993774281410309
2000-05-31,0.18233821811635176,0.227651439188453,0.32498963592025665,0.29375380289381803,0.3067339991226856,0.3870992628071992,0.44040705457237506,0.37354590272513777,0.3464495155760372,0.38187805197801716,0.4197662651961882,0.39602817954990055,0.12412069171313744,0.0882892610985051,0.14314928680126915,0.14179335505616586,0.18832560076588845,,,,0.008052897591708685,0.0325683084395485,-0.00711606974502621,-0.007272557180358019
2000-06-30,-0.18692911983269656,-0.1399546205006812,0.010166707608541214,-0.06968668012874302,-0.14884405309387627,-0.050292962780272066,-0.08545088491527286,-0.07756266786800903,-0.01771422744175677,-0.0802260102681499,-0.10627232119139751,-0.057120229710263315,-0.02636718719426534,-0.07559160683546629,-0.07064121505396137,-0.028457297716000696,-0.14063333124547783,,,,-0.02944844165403726,-0.04037470613633387,-0.01745713177549746,0.011555709062976094
2000-07-31,0.2956763833731151,0.238301005469711,0.26088039858835765,0.2781042436453278,0.2545971629995327,0.2010774352868525,0.2617783153669355,0.2533043163025117,0.1544585035677657,0.19403590578156438,0.25304516760370444,0.24866022240394114,0.18397054308402816,0.23088025524629785,0.18248740225107407,0.19790840960047018,0.24289397940392043,,,,0.08125389364842173,0.10467978950773027,0.056177161035106504,0.06335898263616846
2000-08-31,-0.052774844934417864,-0.02679991178353691,-0.051724230463265464,-0.01922153353156475,-0.025186809257602638,-0.009950394818550312,0.00011348851833603568,-0.010396936843962257,0.015451851515849269,-0.05298104969086603,-0.01954906569467585,-2.2218470671186985e-05,-0.11574124959265397,-0.01825779963212426,0.012925118216562614,-0.014621276996934718,-0.014711961794848127,,,,-0.06174711014079903,-0.07949532846889673,-0.040127827428643736,0.05302919344878343
2000-09-29,-0.2245067296891743,-0.15673066293266114,-0.08875348940376215,-0.10027009568722312,-0.05241359779659405,-0.037889770710055726,0.01546586712653042,-0.026383126031149007,-0.12082234754995191,-0.09405173748803453,-0.08769931840094947,-0.07810009450352728,-0.04274887759341739,-0.07358146135832777,-0.0962375752238126,-0.09795251622045387,-0.1201373046743689,,,,-0.042064738645467226,-0.04879814749440403,-0.02806483534991633,0.010755603081475495
2000-10-31,-0.2973641547621497,-0.34073269746802626,-0.35306979668899785,-0.3136922034436943,-0.3155532726353225,-0.30294063892349177,-0.2643942688783104,-0.21611224286841602,-0.30432795967414605,-0.30784473684225055,-0.2772079130723074,-0.2777538083712695,-0.19582733525762108,-0.18027454467709814,-0.15795288573310629,-0.15715943752651473,-0.21012016181035087,,,,-0.0355473641897569,-0.049193181163258215,-0.03533752084878228,-0.03563096288012668
2000-11-30,0.1931086699680009,0.17549401428403666,0.13000410224662406,0.11711250739554879,0.12410246305889605,0.13688935588117612,0.11456436011218885,0.10486796020552114,0.31432893947464224,0.2979000671720007,0.24978359528948224,0.14753308243497143,-0.05516780655524478,-0.05830507396642426,-0.01583490116101116,0.004937617667075456,0.2248939841569204,,,,0.0610815141420058,0.048864217704137625,0.05302854123119749,0.03430227156509469
2000-12-29,0.026619974531792545,-0.012343048464018569,-0.058836857557020505,-0.051710802534405964,0.06295665206864731,0.0021040697014034215,-0.023433922236360205,-0.04313841127521367,-0.07852568373796687,-0.08761726415816229,-0.09640099463124896,-0.0823899764884104,0.013148968677866524,0.06794035586681946,0.050829333287737866,0.05520200384687168,-0.10745906215335543,,,,-0.040284148320331115,-0.05962927732321488,-0.042202475675807594,-0.03896370921095804
2001-01-31,-0.3075756290068905,-0.23739181678739152,-0.19246093770144412,-0.15609207292398553,-0.22559197234461492,-0.18427549339526605,-0.1505284824492592,-0.12242214592452416,-0.30394084883993955,-0.2245248054981206,-0.1718790753729108,-0.1569703658849002,-0.18803760415233206,-0.17201037815064235,-0.15540081245177106,-0.15032291222618943,-0.04565396805119948,,,,-0.02203341345646126,-0.03529487325957725,-0.018707906912749817,0.001931171622852501
2001-02-28,-0.21530289246966805,-0.16428622035562324,-0.12996769140825926,-0.09417088253935135,-0.04931183597704314,-0.02055967249274937,-0.046513196753465325,-0.0560011500867722,-0.09767707042721785,-0.13617155650430113,-0.12507399836949018,-0.12738884707300235,-0.22333164672583017,-0.14122705324918594,-0.12081991793306357,-0.10199122380785108,-0.034366665455159984,,,,-0.03625624609928213,-0.02119488642889311,-0.03706845462414532,-0.021749850159627493
2001-03-30,0.1353758099517497,0.061120041056474506,0.083749554374843,0.0943562958206412,0.030269071417078353,0.03000554575520309,0.04760419434451513,0.06730190325203833,0.03449946661310199,0.046841990417708645,0.06449467810991694,0.07756264331593266,0.18053442133111663,0.1528086416781007,0.13369046557797803,0.13518358731815527,0.0557077837775648,,,,0.03962110496916038,0.03551092159046054,0.05495917084687929,0.051102556044336556
2001-04-30,0.09220210683207553,0.02604339386719645,0.029814488038199638,0.041720986745251265,0.02112532414267454,0.028435895575631198,0.04120023486788549,0.04580530487680923,-0.018330335597330216,0.03951490942077274,0.053031714592036705,0.042483307010491744,0.03878264876433413,0.052176186812394,0.06031261138977295,0.042313541239713315,0.038449800808772805,,,,0.014626783109145336,0.0011514980494446991,0.010348255848964483,0.018262343166770334
2001-05-31,-0.002540581841768641,-0.033093894985752215,-0.04297292275038089,-0.02172848537817551,-0.07394252071418939,-0.05699673519485382,0.005802810233867639,-0.01234608505067969,-0.022769572248448666,-0.04796783250651093,-0.03096171023028549,-0.03168865295024392,-0.032250090621290584,-0.02803442110446941,0.007736013379825657,0.019935470056897886,0.025184625280763928,,,,-0.031043698092601768,-0.04834804965997974,-0.0468422112695388,-0.04733248882837604
2001-06-29,-0.09969774534053977,-0.04087348069134633,-0.044779762085892516,-0.07266598833023807,0.0019317614911558145,-0.04258901463710796,-0.05635062710930783,-0.079130385023792,-0.1523723756449452,-0.09487600138491104,-0.06519393061419676,-0.04202080020783916,-0.02029284611287352,0.014896004151630837,0.006833156313431621,-0.022910762030926346,-0.026107253656676876,,,,-0.005465540066880936,-0.0016524296117566006,-0.0028756857729332896,0.006864919026082772
2001-07-31,-0.08726719620423062,-0.10546408671941976,-0.1164495726642335,-0.08620604573381374,-0.09172369792868007,-0.04034041302585156,-0.03837545533459186,-0.05467684079930668,-0.04391816365861889,-0.07483491022955413,-0.05267318992383263,-0.060721833159665284,-0.14480069066281198,-0.09742304782803202,-0.09102857490035643,-0.10703728953245706,-0.06131937823206457,,,,-0.03997362027222251,-0.02322517572427607,-0.051427733245923535,-0.03299303490133332
2001-08-31,-0.09524863530209515,-0.12805532329717095,-0.10432022056564538,-0.09917437337879342,-0.22904188104125278,-0.22884210530826332,-0.20973173365972642,-0.2249726940199186,-0.11889714426178266,-0.1417921814214015,-0.1490586598173297,-0.1925030346022346,-0.12655195403282737,-0.15518749143645783,-0.16319364724819485,-0.1590048073559751,-0.05261285177087338,,,,-0.08486936981159632,-0.11946151068482802,-0.06291103376964247,-0.09889320674439084
2001-09-28,0.10769915090894333,0.045574861326080685,0.05914686682647963,0.034729562242307166,0.10712261475440532,0.18194276305992818,0.20233367500545874,0.19067799964104748,0.08609836636826995,0.13023679425340395,0.11011995585637946,0.07668848461022248,0.029914323837825885,0.09355116581989353,0.06081681463103039,0.0750275627604371,0.017536141183638332,,,,0.02574748816055572,0.0422100926026483,0.00994552368904067,0.015652117220611217
2001-10-31,0.050462622442990046,0.00688801218298396,0.015169335586030064,0.038765332301048394,0.0957430385044098,0.0633294532837072,0.07570217193986717,0.049469036317788095,0.054135067350350896,0.027646683523276927,0.04068552042367646,0.016246954942709113,0.13703023730681463,0.12831009312658237,0.13286974732823764,0.13789539296234765,-0.016700645297556438,,,,0.08545167811892274,0.06234182760944673,0.05717584851939583,0.015482443901369214
2001-11-30,0.08475806810905051,0.02377629056996322,0.03238772616419938,0.04443012052801354,0.10001124811465578,0.03923882507062659,0.035582942834958775,0.03444152453057736,0.10287099365506136,0.06912946629411798,0.032165958309287035,0.009260268690729934,0.05425291328607984,0.061599719467959835,0.07639805779273567,0.06670313618693191,0.028325333691546994,,,,0.008806366566766144,0.02490691785167609,0.011596285762740965,0.006159386876323669
2001-12-31,0.02649852444319145,-0.042043223843113986,-0.027709274228968628,-0.025315042030285673,-0.019204103763353908,-0.07289237110099911,-0.09070720989754877,-0.037529096639615234,-0.10073851492110253,-0.06776349982482932,-0.07105066222158851,-0.0874937479150707,-0.044763912843555964,-0.01563351793087897,0.007086704055802029,-0.01808678156035759,-0.030665961355502036,,,,0.01396491746556583,0.025714239573486175,0.013505735887000325,0.021218001702081768
2002-01-31,-0.11143313410829803,-0.1541840156217681,-0.13890295652161377,-0.10555941241496614,-0.17897197740831572,-0.19999874976398346,-0.18533628999989604,-0.17481640056348535,-0.11878753790842833,-0.14049569475700718,-0.1289151862273591,-0.13992171119410168,-0.12353175374392045,-0.1363330734136381,-0.09180166903725306,-0.059214441765425896,-0.07090408859772812,,,,0.019936933308484894,0.023920618697688578,0.02520065541488381,0.021296146104776037
2002-02-28,0.02233024640884418,0.02093191876131817,0.05987862282693324,0.07806620925471774,-0.07635145263452214,-0.04859464527545854,-0.00482584231812333,0.009349440470818315,-0.033579540513050565,0.00278130590283987,0.04540884119114086,0.024147884382229368,0.09048012674673789,0.057678805855300164,0.06818669975584357,0.07138748496286929,0.03488678570681225,,,,0.020274471350837597,0.008397254490428718,0.016500908363159095,0.01379966589378201
2002-03-28,-0.20423437181672754,-0.1415737423777228,-0.12138415724758078,-0.09877246553394659,-0.2028751102468378,-0.1496694576660239,-0.0980930801187494,-0.12863118693835118,-0.23344615067976116,-0.15042039993857714,-0.10685158358492441,-0.08296257506286353,-0.08648809044824857,-0.07038944927081525,-0.04740617568915195,-0.03263311721920159,-0.0038320880832402038,,,,-0.025915312511796018,-0.02129451633064694,-0.016018470575462795,-0.010954287128524531
2002-04-30,-0.0033247290413728203,-0.04565203429125875,-0.028686570669036904,-0.0025811793920761383,-0.05074648344762889,-0.07488930158298535,-0.05794080684294434,-0.0666067995268591,-0.016645439227726877,-0.035197393038086555,-0.057456467019761814,-0.06056729891630652,-0.014476563477173965,-0.01907065894798321,-0.017881383558371322,-0.0014257374056323435,0.0015841125952396062,,,,0.009766532666877659,0.020020487205123727,0.01111838468979709,0.01841535465933819
2002-05-31,-0.0847144671825788,-0.04657045077795874,-0.05528687593658865,-0.06166836542232468,-0.16055288079598695,-0.13453057409596914,-0.11747278507658943,-0.11247333409976124,-0.18820029506158997,-0.1292123674992025,-0.12376716766677665,-0.12143669909353472,-0.0810930275546965,-0.07936287556533395,-0.06906541561919677,-0.06309748159931783,-0.047031357995498735,,,,-0.057065598720682065,-0.03473536695350021,-0.06319370540705638,-0.055687766120808724
2002-06-28,-0.11870395135851808,-0.15420725050474915,-0.1545247119294083,-0.15487903068331044,-0.161895585065575,-0.18303461805648258,-0.15121165405941595,-0.14510762983665704,-0.11828095436294195,-0.12618135155521626,-0.1518563287307687,-0.1456756418352595,-0.0781918027168983,-0.09792428601324477,-0.12529131516329617,-0.12716648674799724,-0.11617891392374524,,,,-0.093507465322202,-0.1155386390851878,-0.07741719136888559,-0.09945242434831691
2002-07-31,0.0412341505967917,0.03178132251778143,0.05074255111665571,0.048194818263774586,-0.004594129109126266,0.040561129096436055,0.008491788951035861,0.01271001123697535,-0.005630292583446828,0.023984927017948188,0.01780650418726104,-0.004120417795216436,0.11902983797976918,0.08972407425963458,0.06916427527807811,0.04117988774848702,0.03964997266309478,,,,-0.00209732225177528,-0.008623295161433897,-0.0004088404111781685,-0.0012092769436466977
2002-08-30,-0.012085537104517763,-0.009018250731371746,-0.022933804654200696,-0.0035070882466903264,-0.02545081538159555,-0.042195005065924884,-0.06076928065568865,-0.045835923621319496,-0.07300825048672377,-0.03727541113149002,-0.028272389659768526,-0.01643393520801295,-0.062375276609813346,-0.0615741116718862,-0.05678873351857572,-0.05271676680241588,-0.011899972633610534,,,,-0.07423472776960793,-0.07568199493859329,-0.07782731743244009,-0.08123069191722121
2002-09-30,0.02215230284256786,0.041667637312781336,0.02838391205640156,0.033530903548119495,0.0017141330615824124,0.04334976713608474,0.046995121599879175,0.03131542678190247,0.008267448407065503,-0.006131629205254896,-0.018202384672155514,-0.006567128207808914,0.05586953665984473,0.061116706017495526,0.035760145329749804,0.03271464929174828,-0.013045637529494947,,,,0.04395298882893717,0.04600577506184056,0.05178316296379393,0.049183669583012346
2002-10-31,0.08876651984373773,0.03443508719001831,0.025058085096364646,0.041603229733507385,0.10869317152922875,0.08110327661529726,0.05148942328789041,0.027448545179814543,0.04735085057632449,0.056876924966280384,0.026001778937973175,0.011559554470934152,0.1239349710709039,0.05664599169550533,0.06427396559142795,0.051194087011851463,0.04219264400721068,,,,0.09144685325326063,0.06618381117480321,0.08284182355446634,0.05503566923643999
2002-11-29,-0.019735243358197208,-0.035113414501305895,-0.04044867905043892,-0.03528048118060345,-0.09003218906712251,-0.09149577490438443,-0.10541844476142104,-0.08374947494312535,-0.05046162926289277,-0.0642998306917818,-0.06321122472375373,-0.05990057067786403,0.040807066824883664,0.007083424086626655,-0.0073547725430587185,-0.03252601372539532,-0.019311803580878695,,,,-0.06874853045583817,-0.0691703628071847,-0.05119685646172267,-0.06995454393504641
2002-12-31,-0.06470630804243493,-0.035350554076496565,-0.04118643598185001,-0.04233404496977755,-0.13616746467213026,-0.06437491515307292,-0.05490564835799028,-0.03602102241936844,-0.060594626368971394,-0.03810346790044061,-0.01870242288843038,-0.019594936107001693,-0.043353521794669336,-0.013940342966438979,-0.013557801378954015,-0.028922342379902766,-0.04099409694247247,,,,-0.03063521229931887,-0.03687121012681638,-0.03354403808423667,-0.02037068280946097
2003-01-31,-0.06032625693004823,-0.06768601628458792,-0.043624347256334794,-0.040888722591945204,-0.12834559550381064,-0.040574975472648656,-0.04427595196530887,-0.021285060441010972,-0.11023951974368773,-0.05824904018226629,-0.05115765294004526,-0.03447335941788776,-0.030625854939751118,-0.023223318357788902,-0.023669399106167277,-0.026886992511708674,-0.012299736058655864,,,,-0.008052627908778032,-0.02291188892970586,-0.01007502189601539,0.003066112077177774
2003-02-28,0.02188546880952491,0.05005040144407391,0.05934244827043811,0.045002100205643325,0.03124981077395783,0.04864492303787915,0.02910867841269993,0.02435811784029296,0.049492367571819296,0.0469628651028875,0.04078723181719446,0.03557983831311762,0.06594469511725509,0.022447315002500412,0.014266403639728642,-0.0015525369805245992,0.035527985234476755,,,,0.009893249205291665,0.009093460567926925,0.00964336371080865,0.009203751307816699
2003-03-31,0.12046185109883178,0.09838377374728124,0.10533251048852565,0.09172092436485912,0.2068869727480589,0.14284831403406706,0.14928119591522027,0.14184305958208054,0.14203400710204184,0.13180962511062666,0.11677826815261239,0.10562062852075615,0.11774544562421885,0.1256224970147799,0.08909445530619942,0.0816317315627011,0.07486750117387797,,,,0.035718513823608244,0.012159629305458441,0.057229219692392475,0.05407369521316352
2003-04-30,0.2607521249808895,0.2032002225163978,0.1707362735210518,0.19046785591849003,0.3816149950675991,0.2551164927552154,0.22026625505898512,0.20334903649555214,0.3240473279332099,0.28683021942110987,0.2444908577191256,0.20317585076179445,0.14202640486406004,0.10876829037103541,0.11318520936564114,0.11361088285862664,0.13431688491386873,,,,0.05634022920305126,0.031447601304877004,0.05762900459893028,0.07806910025222158
2003-05-30,0.07338873714861749,0.05633413103158924,0.048999859002788915,0.019792454122933067,-0.0038298024237892747,0.03961632267293136,0.0744736965863082,0.07206614589776628,0.026373590599819474,0.0005025511756497902,-0.005792713601856736,0.006130337381522466,0.028242365797380264,0.014345773086832159,-0.008406811413131043,-0.0009215491424547917,0.07405298279915673,,,,-7.087979286779511e-05,0.004955783182737372,0.0006480442213239179,-0.011023567674933621
2003-06-30,0.13548807177926947,0.08434017932260174,0.07441598270049687,0.06367339119068083,0.1404476944122206,0.06962603209823648,0.07455503769093075,0.05699571374242862,0.13346927458180202,0.156230903645888,0.12124097421344238,0.09769063271049805,0.0965636726392789,0.023635812920860477,0.028365130311866604,0.06291005499346736,0.16694808127290983,,,,0.025810150107439478,0.011463867302135666,0.02679950844477008,0.0029505945803798284
2003-07-31,-0.020674218023598256,0.021665440650479262,0.022382288723787003,0.0532519654488679,0.1178683502654676,0.023122109873549457,0.030568278604837795,0.06554691317469818,0.030487200168554107,0.07559284564598512,0.06811225963666234,0.054357343419878745,0.02147065239638657,0.027821707597738277,0.04010143382125242,0.05418097355537199,0.033117411275306985,,,,0.04034259456270051,0.05753085683668524,0.02320064392393406,0.04306112488662994
2003-08-29,0.020130315340881832,0.00450420274653629,0.02156817351009388,0.022764005197596582,-0.006205867731136294,-0.02757318026122635,-0.016785119173942542,-0.017750140746708554,0.09368846943242626,0.06436498277003033,0.01895282783111707,0.004410049246391656,0.033577131149793216,0.042945676104935826,0.01726673681721702,0.015253529548778788,-0.02523821781105484,,,,-0.03607762846861562,-0.030305596688529834,-0.025640552361964053,-0.030067515161888547
2003-09-30,0.047427517920119566,0.05986226377619941,0.05490001501991992,0.0789500407359296,0.08032754608350356,0.06555826601630743,0.0521430005081458,0.057222306280040325,0.06983950014195761,0.07682087756056477,0.06948308501858036,0.08904200919196614,0.058720889496296724,0.057402088975919696,0.0848148694207258,0.05886071845486773,0.1270177964257988,,,,0.08388539032142694,0.0812716064487331,0.07761583298632235,0.08240764285266011
2003-10-31,0.010866835120557639,0.0030246798162087973,0.010411271549846557,-0.0024172391539444282,-0.012870792880393278,-0.05207623363758185,-0.021680028957653308,-0.028816313305289665,0.04778430882070839,0.009925491450354818,-0.05191189370151139,-0.015897942652518204,0.0030950096285755624,0.01538592064283062,0.015176354018796578,0.02879560939906467,0.03841361107229635,,,,0.0122580386806177,0.003974258083674798,0.014405623063510564,0.0122580386806177
2003-11-28,-0.1109656941472622,-0.09277000756308029,-0.06535561507333165,-0.0689202363749275,-0.07866615477617378,-0.08099102400997604,-0.040002776923144134,-0.02412262906188256,-0.08940018258839422,-0.05913990224027654,-0.06190972848364984,-0.08594349427021797,-0.028650787420717694,-0.02287534312050854,-0.013710308605921817,-0.008946643582792402,-0.05574891269324844,,,,0.044498007201445366,0.048142597779244234,0.05781473800733594,0.06400399120282052
2003-12-31,0.04203802252061606,0.06073614942819772,0.08321386345882509,0.0790221634756505,0.042156627878538355,0.06971471653591554,0.030550510475654047,0.03471463372943151,0.06502574779660009,0.07492671329207234,0.0695960416834005,0.08903764060396435,0.09975978437271005,0.031631307984827384,0.04832580113592244,0.046008181312915175,0.028196254173343593,,,,-0.0077004775117369695,0.014616075995707467,0.0030809648441845194,-0.003782777201539189
2004-01-30,0.0027960068044210473,-0.09646901254466167,-0.07229803312744609,-0.019424883699885043,0.13339012425633134,0.05669191616313163,0.03244393771102305,0.01632853664045153,-0.014858380049175723,0.0004561528410771398,-0.007366494671036783,-0.03784911613565034,0.02670969585484473,0.028167061925201686,0.028341179738188726,0.0068856751070274225,0.008750169468290547,,,,0.017246400822330088,0.011465712815595941,0.012175064446070749,0.036680834978013444
2004-02-27,-0.0713785099774934,-0.03615781687392683,-0.05153131993946225,-0.05281992543395653,-0.08630645768326473,-0.05539419843228721,-0.04263866371178582,-0.02684914341065192,-0.003910477067417317,-0.05317234463068077,-0.057805046890206935,-0.04301194028044775,-0.06203832180862934,-0.03685670759393633,-0.03908710467169518,-0.04443756633442453,-0.0039204422885715795,,,,-0.018874977614705135,-0.017587092993983644,-0.014399416868031145,-0.015423352513049271
2004-03-31,-0.13516759894293207,-0.11784019981224503,-0.1289318954047819,-0.12317797133672137,-0.1800537069206939,-0.14467592532145468,-0.16438220389304814,-0.13599014224675354,-0.19474397755185557,-0.16413827855332064,-0.13942994960446908,-0.11192883011699561,-0.11860354727002587,-0.07397311836308706,-0.053419728826297974,-0.03417669593276185,-0.11444613448324836,,,,-0.04749761260025109,-0.054401845051251785,-0.03979417933950635,-0.028897952940934113
2004-04-30,0.13120876009054738,0.10620622029142934,0.061515732093226916,0.05166829269066131,0.054312568132172334,0.06238925158510189,0.05065765723310234,0.025596138156343207,0.06298642329786741,0.07538425692081474,0.060189383450473644,0.05277973284756876,0.06924207376136216,0.03573445950778331,0.01007647992846028,0.02911259666906396,0.06483269087213639,,,,0.014675567523615651,0.012043095469333132,0.013651830850767599,0.00942266078159637
2004-05-28,0.15561615707536647,0.09125092722008832,0.057371315845750726,0.03411242287950289,0.13540818332103322,0.09726919764513586,0.0844067716555692,0.04925172508818876,-0.007041699849166916,0.021410248957269395,0.056727298687508476,0.030658714559767652,0.04800592482508215,0.0344505080304951,0.0397373205234528,0.020475681004169743,0.07415177481878743,,,,0.05855705753676421,0.05391574373435781,0.04519592101127534,0.01781368859323762
2004-06-30,-0.25584690427023626,-0.22144935012343947,-0.21314701160408978,-0.17073501727306029,-0.17822402617055066,-0.17982863631155288,-0.17656035710264328,-0.18035493738113573,-0.2082270718020679,-0.18172443693104412,-0.16916022181607082,-0.13947846159364163,-0.1803926572717255,-0.17169694643352496,-0.13448803510334761,-0.09705231523836633,-0.09174018518839833,,,,-0.011669556144895177,0.00023463023124881133,-0.025946568949007376,-0.027291850570921206
2004-07-30,0.170283351377303,0.059165461976622646,0.02790390908472684,0.006495598631347743,-0.044462236375105935,-0.04494126054588543,-0.02793906607690766,0.004134742785581347,0.14024283443189,0.07316137957447144,0.019141271624379064,0.006831958535495453,0.20429655428652183,0.07893558093819086,0.05844178187866489,0.03872872931032889,0.023040091275956298,,,,0.0037554588167523217,-0.006279975479326461,0.011322245199445913,0.002777681948597621
2004-08-31,0.08679746516856301,0.1675273484258608,0.15235065362699363,0.13059065740749043,0.16895856169608292,0.08314034016634864,0.08502263282038003,0.098623036261551,0.08871816327274762,0.213140993012507,0.15647549354730805,0.12421066842485406,0.07412732241389675,0.1460601954010825,0.114981896854492,0.09540264549343358,0.12029961033371439,,,,0.03781299501239355,0.05046921938526916,0.039455325420876264,0.0378125104804814
2004-09-30,0.00903853513678321,-0.019989085525982997,0.02339978166645773,0.03647121314926638,-0.038492429215434276,0.015705342213883533,0.036801085032546865,0.021336012925670556,-0.026141844676260906,-0.019355530439132074,0.022067457459931994,0.05973276392920335,-0.0011287715191364844,0.009003483549790081,0.00587099281419734,-0.003703245953923573,0.014167064391912731,,,,0.006635078666957783,0.0006198445826608445,0.019523074388881012,0.027123647533074946
2004-10-29,0.1088899760249411,0.11854118954016912,0.1617328873558701,0.10318620163872949,0.1311378620854875,0.0822962597714294,0.09437529807427913,0.08323610277198323,0.11986501174792696,0.1726286785703095,0.14226388590052008,0.12439471118865564,0.10076229134038761,0.0711783946839244,0.08548377392125994,0.10228012062343006,0.0636985668734964,,,,0.05527995453012813,0.04354718187073714,0.05877348229948387,0.05527010484198169
2004-11-30,-0.02941613269357013,0.0028956026921498346,0.010585877983447567,0.011099330244908279,0.038860634782088566,0.021858513350482944,0.03127735988955016,0.029767005909760114,0.0030575586352286077,0.025591229383470582,0.009860611947549058,0.011687986138148476,0.05985090061705467,0.05141232979950772,0.01876112836137933,-0.0006152664331442459,-0.011658586576320684,,,,0.006337528253599789,-0.0016341911680766152,0.009190720606582214,0.0034632890553225604
2004-12-31,-0.1791969594680115,-0.18168706328911766,-0.11683390010246975,-0.08702067203665631,0.029465628976188096,-0.03738367799102804,-0.03227458565197394,-0.041244375847037995,-0.11589635400296516,-0.06567754165511297,-0.062134219881665675,-0.036516685609758515,0.04997803408315593,0.010964823580960736,-0.006814301091757513,-0.022857134678713975,-0.05427003686744969,,,,0.013534614613677887,0.03551743589758827,0.0014206357851169749,0.012033370571687518
2005-01-31,-0.026380909524294727,-0.057212639602707505,-0.004611356091114405,0.016135983790010355,-0.038530888228551774,-0.061002156788911965,-0.026209400722512877,0.004913351064375515,0.04626806901456115,0.036636356216091404,0.027699745838441592,0.0192503792888159,0.06169503882579086,0.06054201198783393,0.07159502816039653,0.046745203101688615,0.07269260537510958,,,,0.08800048289132967,0.08982371267751299,0.07032406359104915,0.032964717807956845
2005-02-28,-0.09152504368481462,-0.08152996554210046,-0.06701065861910616,-0.0677480201369105,-0.1370755398945146,-0.09531546645722555,-0.09619098453072628,-0.08738740615362861,-0.11990317828725061,-0.070771422902417,-0.052784037677593654,-0.03578037804286649,-0.026067018213361548,-0.04463481955044868,-0.030483030388612664,-0.026947118325779562,-0.02039433656923273,,,,0.0023244575668082135,0.0068608444820297265,-0.006758642779247315,0.000736364468077122
2005-03-31,-0.17114783978918524,-0.14485194044269845,-0.13888102175017691,-0.12388514691677799,-0.14766638850840752,-0.14404780877213053,-0.14354621864110106,-0.11782379767290296,-0.15313050033896103,-0.160696608932837,-0.13781193557981242,-0.11691431950163278,-0.10497629939982567,-0.09905025138452817,-0.08004306119932758,-0.07224282054788833,-0.10567188595687504,,,,-0.0366799726311704,-0.0199238883552717,-0.03491904810847257,-0.03667791430069589
2005-04-29,0.15711400054937763,0.10002492856837542,0.06940931040923326,0.08124211402427073,0.11920211484471865,0.05812416136177245,0.06927187528534007,0.07290174376102132,0.11006823862955017,0.08469790887564654,0.0874079434043531,0.08343670967163885,0.07453437292130527,0.06924791244345907,0.04849782676804959,0.06537852586257897,0.03460921062936051,,,,0.008544654114618577,0.016236489403518517,0.0142906337673947,0.008544654114618577
2005-05-31,0.016954726207239146,-0.004966579954287842,0.041800418559732044,0.05536611365546107,0.10155741890957626,0.059283395319110754,0.07082032542230587,0.05062821971821485,0.038271186128525425,0.054105596252871146,0.046942542078456606,0.051989259828518986,0.0098663189772068,0.010181486850040722,0.009295313459642296,0.018851753340138444,0.00846149062820123,,,,0.03593139787423416,0.06284457704982715,0.020805209199903585,0.03896384330903557
2005-06-30,0.2460385408120822,0.16042196724123658,0.15476837016053224,0.11969775949290296,0.20374372918375072,0.12299536556131252,0.10295996477099845,0.09043701169145946,0.1947484114931426,0.14930723495515896,0.13496078323498129,0.1098849675855853,0.11705508034556233,0.06935414113231264,0.08108955638404303,0.10008612183753773,0.09697698771840035,,,,0.04220168481043518,0.048847119926086036,0.045482816619142996,0.04161840571138642
2005-07-29,-0.06540226582104569,-0.024224418781561008,-0.01562555229660656,0.005285606245259977,-0.015714694493583425,0.013348617453784462,0.00851860862684628,0.010030678936809645,-0.022140360969098327,-0.007916539726446237,-0.004716509816466319,0.0027002384409426927,-0.010755678231458399,-0.01838914288650839,-0.024903425541452973,-0.020528528184513672,-0.05813932466751326,,,,0.019740312324203035,0.03557098017444571,0.005516105235612967,0.02109563690275218
2005-08-31,0.02497580154461665,0.0431259171338656,0.023953162791872984,0.031048356476359507,0.02051798274538208,0.020590258871795886,0.026603199803806543,0.023505544131212863,0.005684605582481073,0.009121665893169206,0.012515275979420482,0.006546465024405146,0.00830801141823434,0.02525753593982083,0.020847289377149414,0.013890841739365278,0.018539272713919752,,,,0.03431217993450364,0.053764524856317886,0.019076102801557582,0.034195971887826415
2005-09-30,-0.10734457282269083,-0.08689373828446023,-0.08570119690892453,-0.07915974806805692,-0.12362030077676889,-0.11071288343641883,-0.11025133819914323,-0.07592759512267344,-0.08403125621226504,-0.09989204717938471,-0.07568956715759545,-0.0686645363012518,-0.0942514411201072,-0.10258747385041322,-0.08531783329028353,-0.06335314529768565,-0.06658710056808892,,,,-0.06360675756994527,-0.08408013269675185,-0.056592850067797795,-0.06482072303042308
2005-10-31,0.0957732263013984,0.09871880974086533,0.08706492270147148,0.07583095312237464,0.08083744554697492,0.045229889418175295,0.05201219328959872,0.041267588728953086,0.07545302722988567,0.07822511914717589,0.05529613100741981,0.061448950534050084,0.06655774062210318,0.04502138770983133,0.05706584771276102,0.06448233016579064,0.0625770289491634,,,,0.013190761445966093,0.012848817471764695,0.012770537315857533,0.0333911573981176
2005-11-30,0.030603980762523353,0.07226672209068563,0.0663268271728239,0.05303120152668783,0.05029477677851668,0.028403463053316313,0.04437158295002064,0.05593515982550379,0.04001612029010304,0.0546209813590095,0.04540111033366134,0.03268940774534479,0.03156097858706319,0.03678785270942675,0.06280946762773998,0.03497562855352809,0.019308414884335656,,,,0.01926864984015575,0.014640977375999675,0.012620439194837685,0.006571516729118931
2005-12-30,0.16951987084874331,0.14249401285624286,0.15422312729280852,0.13640764952251838,0.06855067040364071,0.18540279022142903,0.14699645919132265,0.12869922448019988,0.06523263127162648,0.09586709579456443,0.0950326913978623,0.1258248032700644,0.11381315950489923,0.07869485623498917,0.06638207690661568,0.06756351595201937,0.0916533865726008,,,,0.0535430634116103,0.0788272113480899,0.04418940061609722,0.06916619390098955
2006-01-31,-0.0973443724340598,-0.05611459684353759,-0.028181708066433497,-0.04218675082245493,-0.05532952718456319,-0.07942167402178824,-0.06779876225032655,-0.04657735338070568,-0.07188639687602538,-0.06012216212704069,-0.06286280955162804,-0.06435300395205323,-0.018040158222589198,-0.016301475484303052,-0.012720957486639595,-0.012859717892454325,-0.05527674092010393,,,,-0.027242632886378515,-0.04157258907235495,-0.01300154874199555,-0.02877415086695101
2006-02-28,0.01971128840644365,0.044530532899941244,0.05400927408223466,0.05392229321061359,0.045915203335516575,0.03027503716834512,0.046755235029271036,0.06385054382880884,-0.057145347282933634,0.03778767348789325,0.028656219669429772,0.0499322185689659,-0.020355523539093645,0.018096040863838647,0.03327922395625227,0.04437414385094263,0.04758772271928535,,,,0.001230273692448991,0.003978871767845282,0.006993040899983427,0.03336657972646728
2006-03-31,0.026177271849693096,0.02773172318757422,0.0472256297692788,-0.0015296796601357299,0.043435957636700495,0.06330109601380762,0.047613414169585866,0.01334459042861691,0.13866722227613537,0.021832582898943853,-0.004535130912065477,0.025751185605843663,-0.028888471992152165,-0.0331331403418309,-0.027206163471910294,-0.018336138265211743,-0.01527745551300519,,,,0.035613616388214586,0.04557967790665418,0.022998789686480503,0.02721319036702119
2006-04-28,0.1675570800475319,0.007629781422777038,-0.05222493914254356,-0.07997891736253127,-0.0896394185156082,0.004115737690337795,-0.027439391347790165,-0.06766157641576809,0.09036636191788228,-0.024397703636461432,-0.057828834091377734,-0.07986407484635127,-0.08683758132745145,-0.11780491553417716,-0.10667410843726921,-0.09968305368841723,-0.0669108552737947,,,,-0.057520057107776745,-0.049330623896138404,-0.052009662349284724,-0.03862987830969844
2006-05-31,-0.19694265702564917,-0.1014759758654552,-0.11124068150283095,-0.05145354295468774,-0.16607065437450175,-0.10265680406076416,-0.05617317279379397,-0.03058190825728846,-0.19528534133344622,-0.11545828335401509,-0.05158858105906994,-0.027472539570531085,0.01645087371393772,-0.010722320067015678,-0.0009809448931977771,0.005209073005901121,-0.008692397486747327,,,,0.016690138413238298,0.02847268839618522,0.013604382064492881,0.020401974637695774
2006-06-30,-0.02918648820867331,-0.07286283806243576,-0.061858330389567784,-0.06715615730312352,-0.10422707771966211,-0.12248230522876624,-0.05151847963301104,-0.06647271958108558,-0.03420934687533128,-0.08567311008834821,-0.10012329383641705,-0.08923937097430912,-0.035966625868446456,-0.06119389015747323,-0.07412506883941317,-0.06821190526391852,-0.03316251476194254,,,,-0.028665983644146298,-0.00774511679788481,-0.01614350750709015,-0.027383042657761147
2006-07-31,-0.0770669932573147,-0.07841733349209101,-0.024710535032968717,-0.009463959667970645,-0.023679544725210944,-0.026172488253177195,-0.021193785844828672,-0.0032870661888304564,-0.057463782708567446,-0.012236871151370732,-0.007673999552830879,-0.01633241408690267,-0.013745118179808835,-0.020641357959066076,-0.02326052836833814,-0.012131513780877179,-0.037054778497322416,,,,0.004031714522080065,-0.0062286693818998096,0.007857633190598623,0.024719258267537736
2006-08-31,-0.005524128261371497,-0.013556159327702932,-0.026533274245907457,-0.009622045130704082,-0.028085314631040692,-0.029040619273084767,-0.011832421604359045,-0.029226615526182664,-0.024270083011886157,-0.012914187925096132,-0.021100034989397942,-0.04093716656960733,-0.019559200536595434,-0.015514412367083508,0.00839109163393803,0.0016749604995016654,0.0014526594609001187,,,,-0.0048320892005826455,-0.02273740292585713,0.007334939323347278,-0.02594804479010382
2006-09-29,0.07391092974722357,0.028013823064091614,0.032400289873432575,0.05191527328953294,0.0018415317586897295,0.0244146786999897,0.02764394035305373,0.024334884703516302,0.037241422270543056,0.026675977348912694,0.025426920282215715,0.0497901811585717,0.02067001426563153,0.03403463465777201,0.0345925531420761,0.02646523194995365,0.048968511548111326,,,,0.03875714815312681,0.04502556115249656,0.03516834184266826,0.03423652426590196
2006-10-31,-0.01767886775243932,0.04262628952355341,0.03687668728874005,0.0345512611233334,-0.010363536472302148,-0.0023070291737051773,0.0028176276259093136,0.023923675627105734,0.0021646742467709146,0.004397183818896311,0.02358400823780893,0.016335505034012154,0.011121713959304502,-0.0020145811090862553,0.014719581107957902,-0.0022026890122541776,0.0030037873680448524,,,,0.018698861881615292,0.021372239871307208,0.0133905553901843,0.004368027187958701
2006-11-30,-0.020374426683038238,0.0002100349189790851,-0.0007439598070522191,0.008692536032315346,-0.015968317967497758,0.028025014574268203,0.006657559663261425,0.020363483075283018,-0.006002751660641903,0.03450889019355863,0.030859181243568345,0.023547624722191296,0.029651718083239853,0.001945261096019557,0.007154539435719309,0.018663105814354486,0.024413477859767774,,,,-0.008617924969234858,0.0025801110715204523,0.0046073153194143845,0.008087471894754117
2006-12-29,0.00698276490978178,0.0271500934334159,0.019820784942171654,0.030934984246699715,-0.03743622435973082,-0.003786827161892714,0.004474955745542353,0.023553840076261157,-0.008213141452433015,0.008967843820320676,0.016647431963872306,0.01663132882480345,0.031779093947553516,0.009142700403367066,0.022171484057421198,0.027337655038826902,0.027588560670658513,,,,0.0179937235087253,-0.000534080456195074,0.018282005175113802,0.015658050556717873
2007-01-31,-0.08668672441128034,0.003626738605392088,-0.015425573194466913,-0.021280048444139887,-0.027574759778186575,-0.03230922719657359,-0.02484787825423007,-0.027054889747254562,-0.036810879780378336,-0.0157678728776397,-0.026009265589249986,-0.023860834054465818,-0.038742604753804644,-0.04534414597972869,-0.06031486193953828,-0.046822636308523125,-0.015475603246352554,,,,-0.013840624922111244,-0.0031860024737988546,-0.019068147804395807,-0.027329860347891533
2007-02-28,-0.008858781153772921,0.03323286248662227,0.0211587653189087,0.02123305134146003,-0.01868841030492585,0.039316024333818866,0.03181566657734258,0.04495421344288841,-0.017216164224228336,0.02744428191771231,0.02285431018191164,0.023653013550623214,0.0010695618910077087,0.007491849610103518,0.010969465804929524,0.005671848601189522,0.02554128170324499,,,,0.014525487011455063,0.016314135995881385,0.022704559893957033,0.023265298195564332
2007-03-30,0.011302272175427008,0.02621617270414811,0.035249452320999186,0.02337964477798149,0.01702903814072676,0.039547231352286216,0.04141457945885585,0.04614219630791383,-0.014082908271556116,0.010996644332030625,0.02268177754804257,0.03905466456196338,0.02062705545287291,0.015227019588390789,0.017449668117551775,0.01745136509619072,0.038460617060108726,,,,0.025829866960800585,0.02840550672998532,0.026499969162128822,0.025820155439016057
2007-04-30,0.03678669907954579,0.03419065159277168,0.06280363337689487,0.06766542918209861,0.0678952813311624,0.06199327593662218,0.10380289670832932,0.09235623735028775,0.014127070139175357,0.0660241234027874,0.0660253372965871,0.07864425710437817,0.03028215188344019,0.004884042155600898,0.00035787825416155883,0.010363274128332156,0.030621801773246915,,,,0.026611107654322064,0.034316215793422034,0.029860525477286126,0.04879460066599717
2007-05-31,0.05450660962955922,0.011784663719278443,0.028086978589931366,0.01185076380859118,-0.05358848525082094,0.0022545657358792326,0.005470335249804004,0.007676377618092367,0.002485925102911013,0.0112523888278806,9.370945001108133e-05,0.00015222590301711136,-0.04079898442267049,-0.025800856581623233,-0.009328567597106319,-0.014640371349354142,-0.0012956231196434853,,,,-0.02534484216474786,-0.020697043449190655,-0.02070164745132952,-0.025371986350217757
2007-06-29,-0.0756204622718667,-0.029683964813280506,-0.021789670865169142,-0.03379137151460332,-0.04494622358724887,-0.01729787007620831,-0.014890275944520748,-0.024567365130640395,-0.08442028362294429,-0.0924403303252862,-0.044753791111613705,-0.030014550237301152,-0.059666473885323756,-0.05933727899935082,-0.061015722002300765,-0.06479269252490727,-0.03025177446824945,,,,-0.031223821358594694,-0.04274389055658001,-0.035514736609950526,-0.03191614303464119
2007-07-31,0.03865564453737824,0.06031737478358967,0.04042444536806067,0.010729060261545298,0.07520836387426533,0.05070709002284879,0.04609537107821504,0.047943598384195596,0.036657687860915944,-0.00458197538139804,-0.030096713205344128,-0.004091779268039941,-0.010151957914680376,-0.011487523747756856,0.024254024549527742,0.023985103641650296,0.0419197543726475,,,,0.0037652486368886517,0.006540918213853608,0.0019548960925441783,0.0016358609385160872
2007-08-31,0.18794631049562782,0.17854025498124093,0.14548421478927387,0.11408681111596897,0.1343043598533713,0.1240451739483257,0.12975891616650337,0.11691112270080861,0.18382375687900843,0.11974418822742705,0.11022670307842786,0.11161760684631461,0.06462754063798193,0.06637743434684218,0.03145852486200784,0.03209017466704145,0.12738800494505487,,,,0.06639346689347381,0.0753443968319718,0.060774421121661204,0.054962604006989046
2007-09-28,0.0462027724855143,0.08759486425497087,0.1023751549622296,0.0809202288720583,0.011172230053316357,0.051360505688510694,0.0497858210923281,0.052245256004986196,0.03691281155737003,0.043000196910740085,0.059714035106167795,0.06207924543768728,0.08108974497477428,0.02325957669594403,0.04700139457269725,0.03932056440106124,0.08038425514418912,,,,0.007599696516550125,0.024343385769676873,0.018845902659919478,0.01256792370210369
2007-10-31,-0.10237946027954747,-0.11683222210843147,-0.10725362255282178,-0.07123135241321621,-0.13419910273845148,-0.07548446001325837,-0.06618811259336099,-0.07743470378207173,-0.1134087125158102,-0.06935215810841988,-0.06620782668887892,-0.06887520891533239,-0.07529384761630387,-0.08603387867363677,-0.08164342183202722,-0.08420452875799833,-0.059675036252968994,,,,-0.028847642115497285,-0.038856710701644315,-0.041408624754397105,-0.041173838014331166
2007-11-30,0.05462447602784937,0.04641951101311448,0.066852656707725,0.050024421492832705,-0.015967505111663338,0.016049277630174386,0.021403594975930806,0.020691925119568078,-0.02486151252672042,0.02281493986889349,0.006450656773578478,0.04310698023977766,0.08854965820480087,0.05477376234525422,0.06241439488802003,0.04522690094546222,0.06143268637576571,,,,0.03889632339841986,0.052258957184523336,0.02359342435622236,0.038869944825794533
2007-12-31,-0.12328377420147052,-0.169411054644528,-0.13649083250099092,-0.15127755007322397,-0.1557170985639128,-0.18340004786623543,-0.16574530596887516,-0.14511681124187492,-0.1856533854886021,-0.15050124175327262,-0.14732022595358507,-0.14972689196892186,-0.02945846538843455,-0.0532749349374142,-0.05707128820981466,-0.07154423511329355,-0.09505420804133335,,,,-0.0691617838030667,-0.07032944828493815,-0.0627908777390247,-0.07837515722488708
2008-01-31,0.05314680344294653,0.015963329750020794,-0.009384068759215491,0.0003274999660549671,0.002264427807949998,-0.026764473614807383,-0.007751301309040115,0.004612289771142253,0.07935367775731206,-0.0027662081461083954,-0.015790445110553164,-0.0004462961878785032,-0.10986971825646952,-0.06904726170309639,-0.031399093308561166,-0.03461429540445404,0.04595687392401859,,,,0.012230118469390927,0.01348114259914257,-0.00667926649268713,0.007420094772708108
2008-02-29,0.003943553652757892,-0.03665879226302038,-0.027656492999966753,-0.0014933326732382568,-0.06348182607601582,-0.03833599095811102,-0.05576616700822323,-0.04526369311166034,-0.0034983144112995523,-0.009410131508132746,-0.024672840609257563,-0.027226579511993587,-0.07534400983667966,-0.03556162281135011,-0.04113945622964099,-0.03161101180595405,-0.0359054877623004,,,,0.0038907444512927825,-0.019762199544247183,0.014040752811354862,0.02022860197089482
2008-03-31,0.19721495358721364,0.15087975485477223,0.12438269499698418,0.12143631046100234,0.16171396414352146,0.1358046567439375,0.13153674121589565,0.12372311831007088,0.11618216448258845,0.11344447213406128,0.07205641575635457,0.06255055141329002,0.14604873164066223,0.08797118220268296,0.07331997751890751,0.09428023236318506,0.07981771581497799,,,,0.03988784328888517,0.06734056342075001,0.03485816764990557,0.039911102228527895
2008-04-30,0.07633177462719631,0.11672199344691125,0.14390967356651663,0.10706847559044452,0.14004273666107703,0.1549767162186979,0.11719763457248344,0.10248080356242162,0.2622449246945908,0.12372599531385742,0.12405871484470454,0.10151697411776683,0.19180286267504054,0.14926870297674166,0.15455637743035444,0.13567064181554223,0.13245305487108006,,,,0.04493393693509029,0.05541278565889929,0.03630029992479922,0.030124564896420125
2008-05-30,-0.03296569493992085,-0.031023782362458507,-0.03934918333640469,-0.03477413600392054,-0.10149974755921809,-0.008254820471091384,0.020504887404216632,0.04216650362889007,0.05564601998353269,0.05765169378106694,0.03863447391090635,0.019488777767449506,0.04539112135005885,-0.036348485334227965,-0.023756128180708047,-0.03510768038537537,-0.018981264271868636,,,,-0.0353280535671181,-0.01759188011683921,-0.05892033115910822,-0.05622927037633052
2008-06-30,-0.1808223862794709,-0.12001737371067012,-0.09694775869544259,-0.08913865029741586,-0.17595833003748063,-0.16425370717561694,-0.1823046274483141,-0.16035231404830996,-0.21058755523684003,-0.12146515661462332,-0.12757854880708364,-0.13254366817556573,-0.08139026354477819,-0.08381173336417835,-0.06725938853028168,-0.07704697050325793,-0.11321247287766234,,,,-0.04367116249268144,-0.08689836531454209,-0.04588694902278179,-0.04704336822562216
2008-07-31,-0.10217710607856711,-0.0816828252765669,-0.08814609478391688,-0.0856470408284079,-0.06356667384963388,-0.07554583397574177,-0.08700472012288418,-0.07865769922801846,-0.09671821568710204,-0.06685356305691359,-0.08548775829229383,-0.06729981085737924,-0.04551406596639762,-0.026326702880124397,-0.03640494105254666,-0.02301417084077806,-0.10026693168173995,,,,-0.019486323276897255,-0.014794506606634394,-0.004899845551515569,-0.01948223697664797
2008-08-29,-0.3779903685291234,-0.3449353401171559,-0.2975070842784465,-0.2752191380958471,-0.3356544613221183,-0.287331610249816,-0.2651032983890649,-0.23957418631714222,-0.39857795215483516,-0.3174436903736618,-0.30971224905359296,-0.2614047482016997,-0.37835464810048647,-0.2446812753387715,-0.22195818790102217,-0.17447519361447994,-0.29354195974205133,,,,-0.10559974971265629,-0.145434638516463,-0.11042886337527513,-0.1042673327101229
2008-09-30,-0.2871585362484037,-0.28947892270564113,-0.23449929093515565,-0.24801811948532604,-0.2973009639648121,-0.1752394819025782,-0.1809578754539397,-0.18490379159167591,-0.24510680242670935,-0.23086323253773033,-0.23988704913801318,-0.1954274887572085,-0.2345352424945597,-0.21466183725547627,-0.19693114879141715,-0.20150878318466747,-0.25082412069509963,,,,-0.13993553915502166,-0.1517789481825631,-0.15595753733508555,-0.12558471542099237
2008-10-31,-0.1761372710943685,-0.19463974804812068,-0.19454082288585806,-0.16095008131555755,-0.07418159836784133,-0.05874089503651736,-0.0960797523454281,-0.09925926032339927,-0.05394117919328478,-0.12592109218512038,-0.151617733979725,-0.13236571670708852,-0.340380651544017,-0.2553334540776847,-0.23888936918359915,-0.20604557031083204,-0.1389085224966865,,,,-0.05363385942433485,-0.05710389343849809,-0.037677918997418014,-0.07759259943795638
2008-11-28,0.013910681911765366,0.0005280038917792051,-0.019792553533775736,-0.021244708611205976,0.08646859065238566,0.08206542470435818,0.05515579234731671,0.03572501950962481,0.0292190697705208,0.018548533529149536,0.019164011173680606,0.05025076543104312,0.028148130937173388,0.048501283970405984,0.04383977998198496,0.0530581144776483,0.002879458832753201,,,,0.035021088868949724,0.05046818847574186,0.02582099887949596,0.06370027271377943
2008-12-31,-0.028369730706231167,-0.03831330611251105,-0.06507222525550438,-0.06355632963553537,-0.20464446979176754,-0.18825788610741356,-0.16120827185274467,-0.1167124506474777,0.07703366111319032,0.023950855554711215,-0.011528388186285321,-0.0462817067878164,-0.07920828816104186,-0.10333218873989802,-0.06534863090212628,-0.07871607966994099,-0.07553040799147104,,,,-0.04443317729863794,-0.05611096595887821,-0.04412108430765038,-0.04446749201144373
2009-01-30,-0.17065398834988987,-0.15055321418943113,-0.13086446081610903,-0.09412467455377427,-0.23441517250787558,-0.19019054185764894,-0.15298999435661442,-0.13335925137634674,-0.15591626511630874,-0.151517282602329,-0.13818227300793806,-0.11228387115887917,-0.0739918987080449,-0.10983537726486525,-0.11906479561441707,-0.11332977025389013,-0.10918960112151566,,,,-0.09909502480535881,-0.0872944648528744,-0.10561349911017104,-0.09909502480535881
2009-02-27,0.039351143425888635,0.04479632000101641,0.04734118816736754,0.03980149389020249,0.011767219394439588,0.03571707666450186,0.056097192184920486,0.044313456428044296,0.030934101487453125,0.04318076426232409,0.0430426191561506,0.0457434467097837,0.10090709436577128,0.0915084554389991,0.04412154695771453,0.044968783053966455,0.03261590302264161,,,,0.028074722606862945,0.0328043815524377,0.04830172621671691,0.028074722606862945
2009-03-31,-0.1402799050537732,-0.03914359811732804,-0.030385502659288965,0.023747018918437668,-0.062344516853181986,-0.0031220119759255427,-0.001796198233349422,-0.005486557779953327,-0.0539935309263746,0.013686141618415304,0.007370007949465851,0.029843881139306916,0.00341341269960993,-0.00503707941349163,0.023497300962093126,0.038535032145639025,-0.034618728931910314,,,,0.03247892558231125,0.03029546803986194,0.054591232106908416,0.03247892558231125
2009-04-30,0.07151287207827872,0.0328409372566707,0.03970277694821078,0.03659344211044724,0.13876771517348652,0.2740200289473651,0.19680337987189644,0.15803076349815992,-0.05155611070174049,-0.005787468974074117,0.033267727567972916,0.04223218195913714,0.004371144531305493,0.02236647618181231,0.018290416864095826,0.044993691356254084,0.027737965760706196,,,,0.05486166114813451,0.0676688964651595,0.050006832524184475,0.04614220515208234
2009-05-29,0.04156652287880758,0.020707275096924826,0.04588399197174575,0.042806113177594085,0.16587999750133675,0.07478763201305427,0.04761256315708673,0.032750283136989466,0.09536987515587447,0.049512486758470864,0.05068624927673637,0.021970246217665634,0.036607082731104024,0.01545586745579075,0.013463582591316081,0.007693526633277825,0.03600249584939208,,,,0.0022451430745185075,0.009420627329569609,0.008968144254341892,-0.012548085614967674
2009-06-30,0.06523534546803367,0.06551172546948147,0.039380771043594276,0.04491553796006209,0.15702426391789692,0.13695870183435366,0.11038379538783682,0.10909353944427691,0.03657638382719086,0.06920424817367388,0.08323412693949694,0.08286755341194407,0.11443031421747318,0.09394891639036151,0.11629714651457079,0.12462250325350976,0.0528097051953067,,,,0.07526249494279269,0.0627997246695382,0.0785273470655874,0.09326785300868146
2009-07-31,-0.06086332598214639,-0.017889885639296166,-0.008845031984574092,-0.008475191127573556,0.046907083345318235,0.04981134573256352,0.022028625797338997,0.006542176771692665,-0.019171096604631566,-0.03433462117579722,-0.021911712420171203,-0.02763680324896911,0.0616935602323343,0.03745539247211682,0.022675556759146343,0.04334248337139868,-0.008513898341477422,,,,0.006670001671714054,0.012321697098214957,0.010312048389027106,0.03181510688014466
2009-08-31,0.02320179031964331,0.043838415937094144,0.0634356680667878,0.05453279326640059,0.0706162783158315,0.0994546641124312,0.05525952810623691,0.07297618007049511,0.08275442589353954,0.058265808764461635,0.07615495699818031,0.08926912276340015,0.0369055120389441,0.048377520860181766,0.04968851847085287,0.057235653818504595,0.028173149306158995,,,,0.029049119747412977,0.03805869933986372,0.03589525591719056,0.03988213798670692
2009-09-30,-0.13019918651136408,-0.12334027054042351,-0.13457398849709146,-0.09615122412038624,-0.18074255664804617,-0.13745135554139087,-0.14215780945303225,-0.11310656518019857,-0.16547216142948995,-0.14874481895923852,-0.10342046301376295,-0.09293200551684133,-0.07710014227103668,-0.08507176484409984,-0.09237475009230078,-0.09509838231485046,-0.07976286841792202,,,,-0.017739599042586374,-0.015990856404948794,-0.00798983135486564,-0.04112436038727818
2009-10-30,-0.02550969846596951,0.05003950473081176,0.09454464186311973,0.08178508510180449,0.06254095382448255,0.009095957560610213,0.028313643977059932,0.038604208517980076,0.06192968036605784,0.03729973057986369,0.06561840097638116,0.06368024178629339,0.02399171439489134,-0.01096539728785284,0.01989398031298184,0.024556702885527137,0.040406982482142695,,,,0.08537861337996056,0.08985245510140794,0.08786787585952238,0.0657996465836368
2009-11-30,-0.04423690157374249,-0.0192472798309975,-0.005544592600899678,-0.007366154062020014,0.00953258568857307,0.02687973550758871,0.060902655302017106,0.03159716701593007,0.06713710436727638,0.05794312131096513,0.02235481682473428,0.04141566246244466,0.05295363523177432,0.030284904899308795,0.03106854571757567,0.03653410615503194,-0.007692783906320555,,,,0.04096964228402755,0.0482147951667502,0.03790631657453658,0.027964520249674996
2009-12-31,-0.09094526194630104,-0.0510115744422629,-0.04926974353153046,-0.06909210683356493,0.043557218856103974,-0.029098456931737293,-0.04266058137250506,-0.06356419012497183,-0.10855672641987324,-0.012850584154541211,-0.03539673300410573,-0.04819733824355921,-0.025758267489091047,-0.02262492206013833,-0.04840607962789456,-0.054078149993724955,-0.09433963103464182,,,,-0.0713204978718378,-0.09322717277288295,-0.06638432747398526,-0.048647705833452126
2010-01-29,0.09733000174533091,0.10902627012720556,0.10322016137024814,0.08276682217418507,0.18122799608757223,0.10693178616530519,0.10130526723188815,0.09085792447557872,0.08160051572620897,0.10207039337270118,0.10047422576075715,0.0871765686426682,0.09992222524949801,0.08977328077736302,0.0944374435249773,0.08790523231322434,0.11740220409204838,,,,0.034248384678368105,0.033889238221848084,0.04033743350881136,0.04515701529831806
2010-02-26,0.09444463082662535,0.09047440691010578,0.10356698642696482,0.09720255724545446,-0.018962254262816947,0.03518676594613024,0.06685945309827335,0.06168115292038201,0.08892331038771739,0.06343773461742619,0.051911048165854456,0.05946337947339386,0.111035689141606,0.0862821371001663,0.07746907683476434,0.0907891112183481,0.07334726909536449,,,,0.0851614527342841,0.08404862296778481,0.08599228333489273,0.06597761007912228
2010-03-31,0.203251957378503,0.13551482239891244,0.08626357966599496,0.07245574866642635,0.08312042961034782,0.07100776978092038,0.05969218204688964,0.05434348376110054,0.15705080437819352,0.08303440133089968,0.057098967468430795,0.01434232557846693,0.0908343062765562,0.09606605460494477,0.08023828296377444,0.05721463404501681,0.03675284475938523,,,,0.03596534687542796,0.021914364339515213,0.025659320530680096,0.01671859424222677
2010-04-30,-0.16069594914231977,-0.17345447462350083,-0.1678864292944029,-0.16753595128277687,-0.1625349834631864,-0.1341122039157201,-0.11667150256980408,-0.11222889425393634,-0.18415672621297519,-0.1793504775343061,-0.1484740441640212,-0.13790075759707088,-0.1588598448525972,-0.11019152050551839,-0.11386182017091151,-0.11090708928568394,-0.10535341515190022,,,,-0.09703000849456411,-0.10494019889375483,-0.09413608955007058,-0.09742038643570283
2010-05-28,-0.17237753408143885,-0.14625938445322217,-0.12926216977189398,-0.13588959027201575,-0.09852975353516813,-0.15614899516227132,-0.14785991288351408,-0.12946351677252532,-0.07110108249394287,-0.11304399974156154,-0.13437336866132532,-0.11009275851077105,-0.07081495668663218,-0.054561513441692466,-0.05621688850656348,-0.05242845034086896,-0.08802488435888223,,,,-0.06701282282807208,-0.07594363730228948,-0.061410270899558195,-0.06674184710143383
2010-06-30,0.09539742077263291,0.144322691643767,0.11987729722372942,0.10342149572255521,0.1152538121879143,0.10462637511412232,0.0954400557015116,0.09335956623238562,0.031867160091309854,0.055306476483995226,0.10839283730933391,0.11205685670141796,0.005645599931001666,0.06269881665475663,0.07297603623495963,0.07821802692626956,0.049172302012382874,,,,0.09616988157776407,0.10551454793968285,0.10898296814951114,0.09764401038865045
2010-07-30,-0.26660773948618444,-0.19590892214577538,-0.13484909207216667,-0.11774927532501367,-0.09381026234772283,-0.08399385584996133,-0.06723332004310056,-0.05094587544900153,-0.15450840130976218,-0.09715185866824716,-0.09733643872091036,-0.08152011887933308,-0.18610756830790764,-0.13665352462621538,-0.0984260089342569,-0.07978009584657775,-0.051542959785015885,,,,-0.0626845717403175,-0.05413559679469604,-0.05248440628255169,-0.04336021600909712
2010-08-31,0.08343381734984368,0.14473919685236725,0.13856695667846397,0.1268935214462097,-0.045673745601888305,0.05998323023365493,0.07379040663508452,0.09798262492650434,0.05946757981004813,0.04246540482706407,0.09358288142964533,0.11066327908383533,0.10940216281046888,0.08442530981841156,0.084025333414951,0.09011246219135205,0.10101706227578511,,,,0.08473521390801353,0.10426088084110363,0.09087820022585769,0.07536673968975105
2010-09-30,0.008744877708174226,0.052577299234373376,0.030864032996152035,0.026416996962113748,-0.07935074789967567,-0.018224340061455346,0.025576314193175742,0.03351782366992606,0.03722617347914281,0.06138466849672519,0.06522024214538336,0.0468372100607255,-0.02726193548514655,-0.015911588322235937,0.0061208823397245204,0.017834478186708136,0.019071453641147595,,,,0.028685153651639483,0.03825329810023059,0.030161336399174843,0.03205747357371469
2010-10-29,0.060744029297933544,0.02487080554911203,0.08736420326969241,0.09566203784818095,0.014129034092297266,0.06857216115154374,0.07623326066952507,0.07551058364650909,0.08662801838175382,0.1427675838663247,0.10109607788607411,0.08448004377327867,0.09672506396953029,0.050929398015504335,0.03073545712014658,0.04982141732755396,0.062237212141905474,,,,0.026850150115033333,0.030893419749280282,0.01432318503011154,-0.02077477713453335
2010-11-30,0.008357713782095377,-0.00854542698989591,0.01698259906373023,0.015164331203192383,0.02144025742721345,0.029696182957040795,0.026621234526607696,0.03379728061746379,0.03612848397998447,0.00911108189351073,0.00943436051961255,0.03173119235853972,0.09261291996117671,0.0587165493127908,0.07826418426036508,0.05245066505697071,-0.012717876793984395,,,,0.04774597715073203,0.04962619602073226,0.04178207648620247,0.07158047496787434
2010-12-31,0.0006802169646884515,-0.039503019602062706,-0.0036659844134101505,-0.003016352906158315,0.0324516927407692,0.0010493288836330716,0.006632681028430287,0.0051686968438224845,-0.06739952289630913,-0.038353186908384296,-0.004648712190854276,-0.004145770112083169,0.009238358361302268,-0.0021879730409403164,0.012352929402593915,0.017265787838286917,-0.01451758425974159,,,,0.031496881990886516,0.016380298729018694,0.022475125200922985,0.01785652717989139
2011-01-31,0.15130586083763053,0.11244130310679634,0.0850447903964735,0.07192965728373268,0.09331018992570717,0.14340650396720167,0.1088095582493831,0.08293810990278128,0.08626433644206521,0.07585235259515377,0.075996983916087,0.054470771179756294,0.009866648410945311,0.06507398962595934,0.04656575241646532,0.052582567582996065,0.05580156716875928,,,,0.02993990452528461,0.03492129515155584,0.04240327074590389,0.04987861875928479
2011-02-28,0.026874325906661722,0.012601359355041808,0.020478351291216557,0.03582731517302662,-0.044686495581639396,0.1250695967594222,0.07865136731335776,0.030836032951442105,0.047666589209730326,0.037106785441887835,0.03460693067355658,0.029172217001598888,0.013284742546501915,0.020362614123167644,0.013878010843560551,0.02022497356885955,0.06529463325529394,,,,0.020186775846638527,0.017742670031217767,0.015841458956558085,0.02017791306908845
2011-03-31,-0.013723736781610318,-0.017689385693908655,-0.0024913877590616584,0.009607161182701551,-0.04883115219186551,-0.02502992013548233,-0.021118593076459136,-0.006582077995967439,-0.08528270874021071,-0.014165491963624266,-0.014911244832390369,-0.0016598008706707468,0.011439629774575799,0.015804625971565844,0.0030440102039670514,0.017274986377601165,0.024283846236840434,,,,0.021278176156389383,0.017260417110113835,0.021754598077021958,0.016980658557613992
2011-04-29,-0.06354053532308024,-0.07341691254089666,-0.056681887297816425,-0.05886408251945008,-0.11251270624778864,-0.0949812118543979,-0.08578475395567553,-0.07798584023363664,-0.1044881809079049,-0.09625164162738409,-0.07416814442652464,-0.07283320596151643,-0.05664731578255511,-0.03856908365124678,-0.04918048914813278,-0.04430057506689844,-0.053649244685548214,,,,-0.041261815582961825,-0.04276282232241013,-0.03256040471472421,-0.03996509476376353
2011-05-31,-0.05979282682714038,-0.05382398327652815,-0.04937750066773228,-0.032845695361477856,-0.08679443361999684,-0.1090702237279697,-0.06456537837546017,-0.049941647668027334,-0.029092563647182934,-0.030126822356628447,-0.05413966257692593,-0.04741954408088811,-0.03815762293539049,-0.02630256101749484,-0.027956992604825426,-0.023728391859475062,-0.011084081794844214,,,,-0.006631784838832422,-0.009072745611105715,-0.004107107523693032,-0.01086728440851814
2011-06-30,0.006676899123318147,0.024576981968385425,0.027767373380885196,0.016268195571404576,-0.08308008236224429,-0.019298485076313043,-0.013313961839225397,-0.005294560201635989,0.02963011187742426,0.049980696996197116,0.04399854451170215,0.027573493014632078,-0.013826906022721408,-0.012205033166433288,-0.017935746602130265,-0.022630062936152107,-0.01943756471484981,,,,0.0029596742277031574,0.008826781001001205,-0.010607018637387666,-0.00045340210208200116
2011-07-29,-0.14089554059237352,-0.14493087191912424,-0.142302890745994,-0.1193025861738769,-0.11213997018978805,-0.094760891387767,-0.0908469026652533,-0.08898039775548028,-0.11244856470565723,-0.08710122748141624,-0.1175117403038235,-0.11261625599146197,-0.07082133696115966,-0.09021753752898454,-0.09386620904542664,-0.08457211702935563,-0.08340555303267416,,,,-0.0892837897351284,-0.09178977060456772,-0.07556623280415098,-0.03515179101192223
2011-08-31,-0.2670201771390883,-0.2588275563187252,-0.2100468244772985,-0.169180526646024,-0.19626471671835177,-0.1248776998558192,-0.11424384896853568,-0.12422179556155788,-0.1901748921872587,-0.1945359243086764,-0.18768478071419026,-0.1698406614772402,-0.07899251998909407,-0.08393840229196126,-0.11634293072132662,-0.11759704791979775,-0.15515296640836762,,,,-0.13470094429646806,-0.11531317221557924,-0.1120650353441367,-0.03159053272101131
2011-09-30,0.1759746091688259,0.11839237967616345,0.10757209975900928,0.13454761063024323,-0.004789642165676566,0.045835171864026636,0.05197833272728647,0.05637756336574018,0.1931422126413329,0.11986783047300165,0.10452631209187224,0.12448145237313013,0.15153684055790917,0.13580512513464238,0.1159714456024925,0.10151104137276512,0.04754912301529868,,,,0.09617025460141226,0.12860782862247566,0.07661249181443575,0.03451282309719628
2011-10-31,-0.03586623027980007,-0.005119261432607325,-0.02052943586975209,-0.023912452529976314,0.028748472687741167,0.020201805841043363,0.01523516431422145,0.023014874021600518,0.004065583854844013,0.0032704530667539977,-0.008962681806794937,0.00742516774548263,-0.04379462537104728,-0.02303173236957301,-0.009713439512506139,-0.011734706738551925,0.015860454185408823,,,,0.02942800718840699,0.03103955681744419,0.027281522216955567,0.03226340212558498
2011-11-30,-0.05641347415294873,-0.022204669237419372,-0.020809164995062024,-0.01546476953777065,-0.024893199947512268,-0.01989100561471524,-0.007560452189100841,-0.01965757403284707,-0.03970908313636212,-0.02679826805566965,-0.019452102723232723,-0.00062330615634687,-0.06711983669914912,-0.03461667768046606,-0.015843458882139116,0.0019839340379848025,-0.0019567736799495083,,,,0.027902091733538414,0.04028306966892781,0.028955391620753668,0.028459940729195443
2011-12-30,0.022118769893314516,0.03574832533088035,0.05356808056802942,0.06326007317586768,-0.03886957287310311,-0.016391951545381978,0.0022798510142612027,0.005719560365145648,-0.018336027398135668,0.013944734209075271,0.016190148468555154,0.04235814681450245,-0.039292825549815724,-0.015958898629251927,-0.006753763457477691,-0.002347338599659965,0.006120495389608127,,,,-0.012123422849755205,-0.029692904802285702,-0.005536829512428509,-0.00020593688281622669
2012-01-31,0.0403546384977318,0.045195004059142674,0.0604833610895541,0.061923150953476336,0.02940110920666239,0.021849621236268213,0.05306363807232772,0.036655563367521404,0.06247121477268203,0.0626366568886847,0.0505092798481519,0.07812936809489202,0.03825634075148154,0.03984528613840288,0.04059549856043532,0.042323350792796255,0.0459976800881885,,,,0.015378290137555428,0.018935056554944207,0.022025082919096883,0.013985792946201281
2012-02-29,-0.006392281120909171,0.011284258238944522,0.011744549292696416,0.018704413611022375,-0.0009292198737860247,-0.007829570301683964,0.01824293541428168,0.01941645768652478,-0.005319604242474574,0.011850407542800978,0.014009328809423183,0.022869586187183044,-0.01563480585038657,-0.010175724304044786,0.00171279767000021,-0.0008052640574099934,0.04747329286863833,,,,0.029076500165619024,0.026355734383300522,0.03246263715595488,0.025217168408452117
2012-03-30,0.03298862513822587,0.0019679466450504,-0.003319142186194779,-0.006918794243677251,0.016620107238569437,0.006686218599477822,-0.005205105210371097,-0.013441991133508191,-0.08412932118890748,-0.02015168035691428,-0.0064346644640871364,0.003304181917646254,0.02357625056662549,0.013178600283551223,0.0215112546524181,0.027927090284489475,0.02669258990800283,,,,0.0021166212379410965,0.00896404351542901,0.005466653265623345,-0.009500091146395384
2012-04-30,0.1009965608369745,0.03410090096638063,-0.01223004114008952,-0.0605678799629088,0.1154581589956587,0.0005560411839984347,-0.0365974568648737,-0.06551095382365724,-0.07413508162732907,0.0138179305325834,-0.027656198434030554,-0.056958145551581185,-0.05561195001160557,-0.06632871342967006,-0.0796094260557818,-0.07473875928042184,-0.04519222161130376,-0.054343324605623855,-0.0752269240299861,-0.07174940943717956,-0.05901604630027302,-0.07978714066635595,-0.044089284623522906,-0.09089184536928863
2012-05-31,0.08745143218474061,0.041329380670080296,0.04853791544437169,0.04005905687278277,0.0561700211491456,0.07319546864030158,0.08745518186290724,0.08220514038127669,0.07863890897743175,0.10345842383233639,0.07122202495624452,0.04847838046754349,0.03244908081251263,0.06370641784460274,0.05278797724512718,0.04385687009618411,0.04099888034394783,0.006199366286768093,0.04441256411933936,0.025717724108525575,0.04642921699728886,0.04562577922399624,0.04637067667365402,0.05563158822305936
2012-06-29,-0.08002101733849964,-0.015926134017909765,-0.006356035851378339,-0.0002955011422166587,-0.11655295992013703,-0.030006889050676055,-0.032509180189659426,-0.0256137156796149,-0.07584171775543147,-0.04720013241670862,-0.005024501910879442,-0.013391676928414253,0.0006684493545501269,0.014898293246774275,0.011043911361491965,0.009240897831096717,-0.005810273660828091,0.013106352132487675,0.01659188730792205,0.020877181557635405,0.025186176675772387,0.024596395204547372,0.020024865662644054,0.007757357250274044
2012-07-31,0.0695097383982961,0.052944280291910895,0.03309627441087515,0.05471388684186196,0.07600895496701221,0.09362443642973783,0.08537985301636275,0.08636539836831347,-0.00230093548042698,0.054130295977869114,0.07448700159973676,0.05847719955938069,0.0879350046037386,0.04636927475508945,0.060996259101507855,0.05836434584291039,0.010578086851856794,0.0768459080236239,0.046006436462814326,0.06455088331903314,-0.017292087260492806,-0.026420311011036257,-0.00440635309007531,-0.019932534088691778
2012-08-31,-0.10248090282703692,-0.027083628879641775,-0.004613941813065847,0.007674162680886942,-0.01047447625110276,-0.010446138299963104,-0.008804841329485225,0.008004372592351983,-0.061654486662402586,-0.04501197004969859,-0.023961701368041766,0.0026294444031331743,0.04605699088830684,0.05398066227789822,0.043582191708096074,0.03289611994343722,0.01644613839381437,0.03402540011460342,0.029995894657693922,0.031098303359092583,0.021314466389013242,0.016297205621798927,0.027575234399249915,0.02434736993866804
2012-09-28,-0.011230907233568899,-0.019203596708127102,-0.002850395742322376,-0.015740986703553617,-0.00443558246200304,0.04257263600740013,0.03616668864989636,0.015151312827825114,-0.03728528483270965,-0.018374652198623775,-0.02429222064138381,-0.006575361385589895,-0.0072154763525367205,-0.013225743132885492,-0.01652951168163963,-0.013675967277881451,-0.01391340613473424,0.014928783007293722,0.0013585255292098974,0.005814652318021141,-0.0221283047507822,-0.04014878094318863,-0.01848093767769865,4.3789042892150576e-05
2012-10-31,0.01026059832458004,-0.0026525040464391303,0.0024959867715099726,2.0256809368790485e-05,0.014145406150326778,-0.015935361134466697,-0.009961562302088223,-0.00010329782242601837,-0.01931872682156366,-0.032868953438181636,0.01508636724895851,0.0212268958507964,-0.025753848732866458,-0.0057598241313431275,0.0008464107118741904,0.006770431510162878,-0.00768060705252005,0.002815299879930455,-0.002903218901710747,0.014377825168219616,0.016667222838717466,0.019398668425480103,0.015349305626541687,0.010493708440451721
2012-11-30,0.09221715730232782,0.05218737993304323,0.02325325041083892,0.03276130603298677,0.07952118415579212,0.06601017078113092,0.02601227748072743,0.01547458388294154,-0.009996895648860082,0.041293595555363494,0.014220249165565413,-0.011316650274534323,0.0469020869767236,0.01939391950337277,0.039370598295831005,0.042150637099743316,0.033587845237631475,0.03969422116366084,0.057608186674320105,0.06785470805452776,0.03196032350224787,0.041003785367574874,0.027720974084218142,0.03294244928424184
2012-12-31,0.0158463332631833,0.03750575336585604,0.05802455468397549,0.057081141967888716,0.03748566844880963,0.04337217819018213,0.04950581425496203,0.040332945066827275,0.009393461102836786,0.031296392950246554,0.04009348310444838,0.05484282384500205,0.04451698739882071,0.01768628713305964,0.03345291845246079,0.03607366207369789,0.05224513658115715,0.04514306938609458,0.035559346823953675,0.046711786103613484,0.047754301712476854,0.042030597350489085,0.036065229027209655,0.04860902454439975
2013-01-31,0.008941545096019299,-0.046613345990609845,-0.02293153648479418,0.00368834719265565,-0.005599749266961274,-0.03825647042512936,-0.0222041705499888,-0.02009526553356078,-0.008692475603998884,0.0007675424410436005,0.0024026109327766054,0.007785291379434067,0.02513109776024791,0.016370195275073218,0.004493869234953873,-0.010308855139044448,-0.01771847545673222,-0.020617473674829467,0.0020676593369866048,0.009008657624872685,0.0016828412260398995,-0.0005905376858829081,0.00551295823718756,-0.010155034206694835
2013-02-28,-0.007346256591404865,0.03227957941186177,0.045591916216231265,0.0650733030486963,0.08583392354522168,0.09046771189377423,0.08972412079390168,0.07743802842371172,0.05148550583908662,0.05823058697516981,0.04682991530850855,0.059481562142294164,0.04697678835449226,0.05542645945501823,0.0630354064570886,0.06384592380820031,0.04759911891388913,0.06091503737246917,0.07297182678088743,0.07437257568433542,0.05486354367909163,0.053329646524007845,0.05450271151504382,0.043746685847176225
2013-03-28,0.0033081805671142384,0.002472756675211185,0.007785575274775081,0.005719555634757345,0.033576968777969673,0.025154884107847053,0.009312079261477146,-0.017746362920422754,-0.015245902993887395,-0.018734077029437968,-0.023471850336681976,0.011621584641366312,0.027303729651702024,0.0339604425672011,0.02044900087547652,0.029008795612328164,0.016280616751959798,0.025177876924689757,0.0034644315380356616,-0.03717451747707057,0.024865746831866042,0.022865726315639767,0.026130259688037727,0.012850093027112708
2013-04-30,0.10568488639092899,0.07482034097266088,0.06542180254456142,0.060285338089635765,0.0706640730206276,0.0722860118211166,0.08279993424706267,0.07059317636747542,0.15682889265837208,0.09174677567580236,0.07960897701015579,0.07100777584389983,0.06060364563237397,0.0424205118513985,0.02929620718520831,0.032497733231971804,0.03679543302313837,0.0727889091738716,0.08208331808690716,0.039268689733557904,0.025196310224131047,0.046800402598691226,0.02795508892352716,0.03987071690131616
2013-05-31,-0.04488447777355786,-0.03921123327952025,-0.042465317355071086,-0.0388447383200784,0.02512159938405345,0.02761132048930337,0.014392297962767975,0.01204397678879987,-0.0690390765050013,-0.04678654649943026,-0.019043567856204313,-0.02742256465573789,-0.0008033751273417433,-0.013458517987303464,-0.0065534228140621265,-0.0029421764866676137,-0.026201743435894653,-0.027594310609563744,-0.024270344477737793,-0.04543670774862607,-0.004408375614887827,-0.010608646782296227,-0.008351983772390326,-0.006936020687010047
2013-06-28,0.10243184231409619,0.12215826723809053,0.12874447556934032,0.09930553309875134,0.22214255801537575,0.1350282452300724,0.09832993355936481,0.10754159192205237,0.14774506005713328,0.13809214051854735,0.13133765416294763,0.1166633086100568,0.0669879877970776,0.08324933564005788,0.07493946925525319,0.06773964524585208,0.10083979849239011,0.08095750606170515,0.0739213855012677,0.07531800603300653,0.061793077009635544,0.05299948951172495,0.059416838005855066,0.06037005623427216
2013-07-31,-0.02706595683343116,-0.05431084291098376,-0.04562585894343418,-0.022207994614317328,-0.14769979706660086,-0.0914857426590372,-0.05334802043350373,-0.0332904231337775,-0.04675965094920087,-0.05421451656201448,-0.05780198614312748,-0.05148264015581294,-0.03469090259762497,-0.03424584554083765,-0.040043921470111044,-0.029481999859547692,-0.036680827428830165,-0.03778049136653694,-0.07834053825393228,-0.044437126827854834,-0.03533632352694305,-0.037203058337936135,-0.03178752648828875,-0.03533632352694305
2013-08-30,0.13876648041737605,0.119694983297568,0.09284028922661536,0.10642597630362105,0.15863810853312432,0.13877429654204665,0.1533604285951511,0.11554553472846574,0.18030394051425191,0.17627307874504283,0.14916304887482013,0.09919590382439414,0.035510210438185474,0.01669917379489405,0.025484278437631014,0.04831439921793379,0.07035903140945354,0.0767445298194167,0.028133653489608834,0.051372194720056275,0.02738079732343701,0.018036409346859905,0.03258542480285476,0.02738079732343701
2013-09-30,0.044708160366421223,0.0025762437347167655,0.0040996050094324055,0.006074794626825586,-0.026250085740355034,-0.030475237564698943,-0.01482661847127642,0.0033516465076106616,0.01627292541868841,-0.028539636859853945,-0.008819642655412352,-0.0016820517391175072,0.07747884464060495,0.07823970637651634,0.06319443544835557,0.05611774342849363,0.018855291970288457,0.04639045688831511,0.04771793466180352,0.051885337330403125,0.04249530707089022,0.03935073601255801,0.044471618469822394,0.04249530707089022
2013-10-31,0.027669928189179904,0.008935304295684565,0.021597578231888903,0.029849856329083435,-0.04247864044538174,-0.029769280360582906,-0.011439691158160903,0.013809297637137563,-0.028889521511047733,-0.03286428041520484,-0.0229548123756097,0.007829894470436694,0.009828969282080324,0.0061970393256987055,0.005396987533212494,0.014909046412342919,0.063780302747106,0.09452419235405851,0.04842355608582238,0.06038858901311239,0.03417620230377283,0.0290577824091649,0.03808776028558092,0.03417620230377283
2013-11-29,-0.031298419485182194,0.01244910427352175,0.025658505717859104,0.028683866574873207,-0.034224857126709196,0.016718364148215814,0.031101599435484184,0.025719851507630676,0.05021382769272975,0.03224733671572655,0.004903424696907077,0.03536523599969987,0.0513857036308385,0.03411264258966451,0.027622257508337578,0.015592055078260891,-0.0032987758447403648,0.006431081326900845,0.02205860849884278,0.013989526027836874,0.021485792485247623,0.029545500982024686,0.020902862119539956,0.021485792485247623
2013-12-31,0.09291573673720466,0.07756370184430117,0.09808611529661393,0.059814752945387406,0.062939983923614,0.045945354000453076,0.07517076625721808,0.07126718018203926,0.1191286507842153,0.10174485512589015,0.07518901600272843,0.07685388134803506,0.04523836974559092,0.021598369335036116,0.012039841785285832,-0.007709277038434381,-0.007740083141462684,-0.03225677819271211,-0.03333225698593256,-0.004697891332910653,-0.028224317751459616,-0.02437860997132113,-0.03010487660740968,-0.028224317751459616
2014-01-31,0.09080075192436965,0.0813905229786136,0.04187866878607238,0.041983552871037944,0.007840924247290992,0.02225854786598469,0.049062692972648536,0.040588576122231323,0.06381127873711345,0.0574372656123765,0.06942642351680761,0.05237581213270204,0.026159195372758237,0.046468510045365896,0.06010488510758094,0.054427924035393094,0.05520905580460078,0.05310169209453175,0.030728454230372737,0.025802043617829007,0.04382786043472864,0.0408361854469621,0.038335035762717684,0.03963020757283786
2014-02-28,-0.12598877454713941,-0.08566541428746755,-0.09854302463936293,-0.07942922390159379,-0.15451679090052306,-0.09134056277295222,-0.07965240954283725,-0.04578384474921582,-0.127423916397024,-0.09504487386575577,-0.09401300108812194,-0.08243606157201899,-0.0568249481468075,-0.030498113856326947,-0.02149080603249931,-0.009766223767370685,-0.04064283883856146,-0.022582638419401446,0.027528459551185103,-0.0021572933639529834,0.004146354427258636,-0.008175589290640106,0.014528994090742708,0.014323849808001166
2014-03-31,-0.15074165059839018,-0.10249141593921718,-0.1453995471575259,-0.11470601679423931,-0.14647807869551155,-0.13828605253499238,-0.13101781345528352,-0.09972385275627216,-0.12472491807309116,-0.14278738872851637,-0.147654063485959,-0.11993026968962905,-0.06861369882673019,-0.029104070004651872,-0.034746647418195,-0.04415709785258226,-0.062452452472516296,-0.0514641996932782,-0.01032639693389259,-0.03147403279040806,-0.005225428369063478,-0.011908140560483949,-0.004313149703030983,-0.003175872795076029
2014-04-30,0.05864436537891948,0.06541537886657234,0.04678426984818462,0.05557652413617653,0.030604195089955377,0.012614438153854213,0.032828197117139135,0.043899525517632876,0.04642820486705723,0.03622517306987727,0.04408895860540718,0.049179609327745455,0.01119140503919036,0.03109172827082185,0.037161244923479275,0.04254326466240954,0.023685358777298493,-0.004671523624254603,-0.009415274941731222,0.005117578732146688,0.025372854834236236,0.021901930981064632,0.023013744731229302,0.02376036188833619
2014-05-30,0.07081643955834571,0.06405404055940989,0.06707601158865417,0.07165118068582688,0.0413517613705896,0.056527069889692916,0.05860769908328556,0.06259168673079407,0.12310047876558405,0.08888966540110665,0.07372417372527762,0.06588902518266448,0.06731844467673631,0.06135621967349181,0.054609506786873485,0.06619048647735015,0.046188011788452554,0.06550854251454319,0.04117756621549473,0.035920177078164306,0.01570410692520774,0.015697297946250854,0.022293306247423095,0.03676393044735127
2014-06-30,-0.18966993105292318,-0.09227249867192355,-0.09120183537491922,-0.0752463921433072,-0.02303943317477042,-0.07106881458269443,-0.06677727412757772,-0.06523346247552941,-0.10983613484640342,-0.09150305150335758,-0.09172817925724686,-0.049205558395123083,-0.07386516574279423,-0.05022930772205447,-0.03344692965500573,-0.035819971250116045,-0.0315943384380033,-0.03675690984055768,-0.04255419973735852,-0.036732390402429704,-0.024269639017596045,-0.0358943710672085,-0.01654498104651292,-0.0394799568063986
2014-07-31,0.1836201185659816,0.11392210317851315,0.10584465233251406,0.11950143613601605,0.15204452139441593,0.09767105009396881,0.08484581984462047,0.07506099963105317,0.11702358261568668,0.11217588058331929,0.1269022918583098,0.11346001618988799,0.1019750888605131,0.13702403913795358,0.09907269796928553,0.0835535952378923,0.08517409855392932,0.09700677877819364,0.06720494544930644,0.06459826050640394,0.031092648633209263,0.029833796295068105,0.03611739379288781,0.036854604803204793
2014-08-29,-0.15064784893311478,-0.09192801623002866,-0.06718588869683262,-0.06561793474782229,-0.10707118585300734,-0.10373045865412944,-0.08249570523743488,-0.07611129026216734,-0.12247645608373714,-0.07629444376236905,-0.07509195100267019,-0.06737124753430834,-0.16691794098105817,-0.10977145864182358,-0.08814125320345712,-0.07412142692456125,-0.04325674245604916,-0.05674144922116031,-0.0791330244594689,-0.016699642484855226,-0.008327024857474385,-0.006683632808954787,-0.02531687116046888,-0.03550645996265811
2014-09-30,-0.03845581678539933,-0.050237430607096734,-0.024574909136184542,-0.044357986322452136,-0.08098339839148827,-0.05363134337606512,-0.050981655271434057,-0.03061761276475472,0.03660765775294239,-0.06620624245855367,-0.063015431501794,-0.04302748217509933,-0.06265159609812554,-0.033331768260841055,-0.033630781418292455,-0.0569103750229466,-0.01242627987510836,0.016789768435454322,0.007509978822386909,0.04032389851645091,0.016586864746897634,0.03579842501829944,0.0037629790981423827,0.01094286805680289
2014-10-31,0.02293700644807517,0.006886925843260894,0.006540224081063251,-0.021945985044718452,0.03218879773547112,-0.01263033519772816,0.004650893515682375,-0.0015281836187938103,-0.023130674923020123,-0.03551084021606288,-0.01025989486277612,-0.021906966037351094,0.010044628249439524,0.025572698072026112,0.015516320064320022,0.018031083645462465,0.020977724006123077,-0.017139018240124315,-0.028256920304107536,0.03777072333558684,0.02863725658823313,0.03691177659837952,0.024327188702599978,0.028404324320473906
2014-11-28,0.003277664699611993,0.029968996489877275,0.016454682627119688,0.007724288771901122,0.04125247436181878,0.004538632550514343,0.009577676627049891,0.028739896456470904,-0.03286993270252658,0.03523979801780097,0.010088490153457252,0.0013876938481049983,0.022802231976595477,0.0016359810500026217,-0.014079497899743387,-0.031086765347782874,0.024868200830934217,0.012070939384693391,0.023344498202287678,0.012449758726188476,0.008175064995557424,0.01887318746893385,0.013501366574405482,0.00817473575144656
2014-12-31,-0.027842802208806527,-0.012860492600401563,-0.019968479718668775,-0.006675611475717491,-0.045171804527591286,0.011139762150018884,0.02271366218439952,0.004881273329482516,-0.017978335225339093,0.008944593937566525,0.005595030406202239,-0.004022699026210885,-0.02977349638148097,-0.013335196892273138,-0.02649324178253276,-0.011102480815111004,-0.0034024060562752867,-0.00940159581262845,-0.023355261558457796,-0.014867918844402639,-0.004806104404215694,0.011679357361360942,-0.007237793891978206,-0.014102923540079582
2015-01-30,0.006896992697778437,0.014115230015836255,0.045472442539804536,0.045225482449764876,0.0557395830875389,0.06849574624519916,0.07501818422941064,0.0693114278657152,0.051693476737307176,0.0435472757020523,0.055197521608278954,0.05430375173772428,-0.015125914385580974,-0.008665938352613645,0.007245033430407499,0.014936092903323983,0.04669535029949867,0.06609766365365011,0.029573338868615906,0.03421183547327522,0.005376075211498632,-0.010072611557447209,0.02498919343294248,0.005376075211498632
2015-02-27,-0.03985565372703448,0.02553464357496993,0.0316228954998945,0.026143136186740135,-0.01098120830704219,0.027614792619298445,0.030995579797478134,0.03756702933527012,0.03565624513588306,0.02771945426147071,0.04764120574336972,0.0365912573192364,-0.04130848574417301,-0.039685431247498903,-0.02990301458032052,-0.018105469663306173,-0.01331037527617629,0.007413886903829603,-0.0027889649940991967,0.017710253821067834,-0.009819831047059524,-0.00439384152303357,-0.016574534744930647,-0.009819831047059524
2015-03-31,-0.06409947965350682,-0.09529623753753236,-0.10054657264351274,-0.07672746040516942,-0.14390054042266054,-0.10914893857110008,-0.14746774922972872,-0.11638259469269785,-0.15606210522715802,-0.13161627962097922,-0.10282785725252663,-0.08298106541892569,-0.14532232046181215,-0.08529178484337985,-0.059910777542567684,-0.0506718167156569,-0.06361301303318101,-0.04242665062730411,-0.044189057819121635,-0.056187999965539914,0.008955922659883875,0.012074681958923916,0.006842411286361427,-0.0017755620103169223
2015-04-30,0.22166862820394084,0.14233025361891039,0.13225910081706016,0.10596221842940245,0.172164335635824,0.14197209469251604,0.1067961643439328,0.09144402930947493,0.24889035008565097,0.1689665807336811,0.14582469683155108,0.12154147177691543,0.10132816361185304,0.07127459930824087,0.07930653735001947,0.0644586577465951,0.08201722836649483,0.059326112271063325,0.02701563673479046,0.03084709770355043,0.023669399236403876,0.024337099703012566,0.019499124688948877,0.019953672475800266
2015-05-29,-0.07302740162195243,-0.0333742613337924,0.0028799284590892427,-0.0006366002247057967,-0.018954533570119114,0.01823432549721482,-0.002978650427743035,-0.006595736249170758,0.007158851214012829,0.014863759682330224,-0.013286671654003213,-0.00040329056767673954,-0.033114168854858406,-0.010489365256906358,-0.018689587401848118,-0.016448675550527203,-0.0003961747592260423,0.041916958785466196,0.005317276726431119,0.017093417913199183,-0.008122411975961197,0.006871720016331073,-0.009537952193425792,-0.008534410823921479
2015-06-30,-0.0017845644789821202,0.000139344178272216,-0.005903817456808125,0.012480086043358485,-0.029656678728591013,-0.021428770800658303,0.005063919948592899,-0.02449607038072077,0.01526501756189047,0.02263806395507917,0.03478269028725989,0.02178727187056273,0.0426766331581967,0.009349979242408768,0.011341872622644633,0.010146815217733973,0.02747717765966251,-0.01418550527587259,-0.0172394835275147,-0.005072843510077751,0.025620761114028445,0.029026376801206233,0.03162927404894411,0.024284632662370464
2015-07-31,-0.20315647289973116,-0.20113232635111378,-0.18949508496072986,-0.16256845406142173,-0.16559559466375928,-0.1677466427715012,-0.1304816330994577,-0.13582051812843132,-0.21250661892272782,-0.19759288372137795,-0.16662920461449648,-0.14079756989472236,-0.13791378526371534,-0.1450416377478615,-0.12048558504853246,-0.11045377220328734,-0.0989437460210868,-0.09403018706210364,-0.06806395210706429,-0.09902089573202433,-0.09016530094919262,-0.09435211297677104,-0.09023926884456923,-0.09426295495856674
2015-08-31,-0.2235922778810071,-0.18177026269918795,-0.184375047556262,-0.14037614531100895,-0.11599071479767675,-0.13306497725879474,-0.10534717092310975,-0.08447630427213038,-0.07378093603651126,-0.13777208690768739,-0.15522799497491013,-0.13006042918166416,-0.14630062432206392,-0.07363885248512958,-0.04626267792329153,-0.0850879000568967,-0.11329531456849262,-0.03408260160120935,-0.01312284291873933,0.00312565697857492,0.004154913515619141,-0.0062056471593116,0.0012703234498252503,-0.006599074180364428
2015-09-30,-0.06342068992143213,-0.03934712761250758,-0.06651231722910289,-0.04236891677305976,-0.1354798611056064,-0.05831529190357698,-0.05459757203774929,-0.01868354764744451,-0.07523442693915505,-0.016186453715338778,-0.05620535348468292,-0.02648689589333464,-0.026237930129978326,0.007848075052426795,0.014793016059067687,0.03527670511406478,0.0032551248185366255,0.024156051874365092,0.05374839484005611,0.04584465723792319,0.07707741351315334,0.08715291255832369,0.05864490235510078,0.0707004053822573
2015-10-30,0.10414400690085213,0.16474995558547056,0.11930965010961381,0.07086492862961546,0.08903614932461479,0.06171901558801696,0.032479094924162455,0.024707780887399222,0.13966950734193828,0.049046601172372695,-0.01715404274554755,-0.0035453823108057003,0.09823860393052342,0.09050523182406756,0.056606725030234895,0.035512130722097135,0.04275718354728708,0.025251429176116558,0.05785947770898825,0.017316981358983963,-0.004048714343504067,-0.006160621583765846,-0.0016841843647545929,-0.010218698294641393
2015-11-30,-0.06889335432624577,-0.047909124965341054,-0.027020889069167775,-0.06334127428488734,0.08403978085863573,0.00824677684918318,-0.012676355940832607,-0.027544590139826908,0.1477663510753533,0.048025667286664575,0.023423052104105002,-0.012074426759336676,-0.07156269954266992,-0.014767012088027442,-0.041636327013800156,-0.078873849840422,-0.024243572425673876,-0.07071058327917068,-0.0768957198075082,-0.07234116581608996,-0.03424193895881056,-0.0484660937771878,-0.021299203844164505,-0.027780316398661742
2015-12-31,-0.22058500348428267,-0.17647996328620752,-0.17202635888583995,-0.14269869777841915,-0.16268770409642896,-0.10908498872767358,-0.11274281215536075,-0.08481423962735679,-0.17879330804521842,-0.1610216028424275,-0.1589628445398481,-0.11084037768506472,-0.03516006985223774,-0.037326618285909774,-0.03531906902190707,-0.06818400567214167,-0.06058489279794965,-0.09366863791963242,-0.04021545562306772,-0.07396605820067204,-0.043713630138533244,-0.03196543382297301,-0.02869505042828502,-0.01587429740544588
2016-01-29,-0.019475685096986828,-0.007812540008048763,-0.01758921770348043,-0.0085854762144143,-0.017537308656463857,-0.016128422118009578,-0.025442827960857395,-0.0017905668401728692,-0.06672803086315138,-0.037809190916812674,-0.03565430280553117,-0.03515446778961451,0.005059072635495321,0.02887303264091301,0.015431897090448787,0.024521756946695117,-0.014465942536812326,0.034966524727915616,0.036425922441015945,0.021386912785653633,0.010735328990198578,0.012595393041645142,0.0036523321170403023,0.014147184647987698
2016-02-29,0.006759196548255408,0.03906846824876564,0.044255622986761,0.05385190863061973,-0.005887876713524087,-0.0051061972364163655,0.0196125562493652,0.029489747759346985,0.06154905085325857,0.05591376961141603,0.06065568124193432,0.053388954341135664,0.07002537266242315,0.07087867281354554,0.0670650141679785,0.06492907293460326,0.052260693646760226,0.05076338957607329,0.06326502671829681,0.07620539756291089,0.05126978680854544,0.04925565680567967,0.05631257381418098,0.05946653744286978
2016-03-31,-0.04121844948396847,-0.03778296055966823,-0.02949488278760526,-0.0029777637091388254,0.0835371442098598,0.04623627184298229,0.04621634422325149,0.031526754050418715,-0.08705866143307983,-0.05079321832588579,-0.032451566475680815,0.00672955922507934,0.030796193170281372,0.02093806924706132,0.004191262480379709,0.003117140474069524,-0.028003586127947067,-0.0245982466500434,0.03384626705166793,-0.008686040071389067,-0.024182739261840114,-0.0135356844166854,-0.014554551096760071,0.010585617714288231
2016-04-29,0.023006624799104536,0.024884979737562096,-0.003672055767927951,0.0034956718974237244,-0.07343309334038728,-0.06754348362754081,-0.07193481462267337,-0.07762624286550412,-0.05175902158759016,-0.05499059400646822,-0.047320355951081305,-0.04295401400418275,-0.0032741401556573013,-0.0017361931532628994,0.012731379916590901,-0.0014501610874727566,0.02977080412540767,0.0344423707036845,0.015938636279022367,0.05824300409779615,0.0026772564341832616,0.00948994719349594,0.01376300466500946,0.0011293998355974555
2016-05-31,0.15934447803930318,0.1299079921097095,0.10347709797490046,0.09498834224335084,0.20918557230251245,0.21228979080838295,0.16976890996421345,0.12671380503681173,0.1669534877719414,0.2100045907552197,0.1640195287995354,0.11092427591237786,0.02742422772886499,0.02063796014425634,0.01227486097339292,0.021552555989936106,0.07904777073526992,0.06755597057522178,0.03869472102754212,0.040736089010033893,0.04378646457408486,0.06856230088009596,0.034962620419873636,0.042336482769708805
2016-06-30,0.0992511010060988,0.06230703742378729,0.05562493821204528,0.054347729430158864,0.15793795632159724,0.13385101261212173,0.10051009988341919,0.06383929977970326,0.1034194807441049,0.0724821540850944,0.08810424622577817,0.06407438715735925,0.0715168737540921,0.06653528998759395,0.04470351789353422,0.03651855529231551,-0.004780341493822116,0.07271841891228381,0.05062371534134158,0.07579509514414284,0.013637366638390658,-0.01266163456882341,0.01867786224950585,0.003997133441671075
2016-07-29,-0.19580592489217918,-0.14595732637863013,-0.09774845837658475,-0.06933365085881504,-0.14478417776403696,-0.16223506784397124,-0.11611167087691587,-0.030736541627235048,-0.12971142312873818,-0.11966408147327201,-0.10482764269443656,-0.08440642451404712,0.005797393867569944,-0.006241017562298223,7.638655739938827e-05,-0.016390788522513633,-0.06689736088940224,-0.03831527395745371,0.008659322955668847,-0.013135100543041789,-0.01859754245631251,-0.032371536844455595,-0.010114457340362204,-0.01138578725838546
2016-08-31,-0.012280010119674611,0.008067810556993793,0.028908076430419483,0.015424979668445582,0.01710747968526527,0.02807733685756353,0.017518597985293427,0.05691348399019103,0.015058851149932106,0.030310961131831293,0.03412234750152732,0.03131735742044617,0.004220340074304607,-0.016680897591363597,-0.007076511874195779,-0.000139244140401229,0.025831049921493543,0.023146881008506925,0.02423537234111106,0.00898891730646656,0.0026001039860186204,-0.0032730694761832213,0.0022220556482162035,0.014461343229387413
2016-09-30,-0.029841968232425575,-0.03255291177431241,-0.027949933305364105,-0.0252950075166245,-0.017930490501537832,-0.040528782449572365,-0.0653783153069657,-0.08108394164463151,-0.009802755372760985,-0.035681477083051694,-0.03691070401088381,-0.04008036932903125,0.0036646593028841767,-0.011457236394987746,-0.004500913958339736,-0.02167813013461861,-0.03872300534282824,-0.05893809677149775,-0.032782020760632635,-0.046374367351288526,-0.015432523494223194,-0.015080096072427884,-0.01210808458927537,-0.005529522231503159
2016-10-31,0.10680324763545657,0.03656456936879926,0.053612329551426585,0.05043722894383529,0.13839156413206677,0.154545183162627,0.1398524787186617,0.1218235930593532,0.10653983086459728,0.15564260232421723,0.18692000058238767,0.18529295097130127,0.040654048082589433,-0.012867738648265625,0.010768023743424893,0.01678956195309933,0.021214714942360935,0.0928497886652897,0.05362003100734736,0.13627874222945113,0.008941051350731977,-0.032517326296458426,-0.004692732129263244,0.05944589798053057
2016-11-30,-0.031470617313615,-0.00810914565623777,-0.03208176456235923,-0.02903056764352996,-0.07622444505341541,-0.04862600558300734,-0.008216757789030416,-0.021100849462175386,-0.016284514481626156,-0.04142601943391089,-0.019701847686456553,-0.02851178205511573,0.0009901925176143411,0.0017188607566192005,-0.0029143638080325607,7.552258000442791e-05,-0.018846607161993822,0.010328158110316732,0.012115046885644576,0.002670350109086561,0.03895408568016312,0.04330969907892257,0.03238109997147287,0.016005854009757847
2016-12-30,0.08958626394161051,0.08634151500095011,0.051027343468086794,0.048712972996451276,0.15122898491103776,0.13844362831469503,0.1077851598398254,0.06395640629663601,0.12018335709280947,0.0920011071508644,0.06381465198234526,0.055969682341849625,0.07622908625026614,0.07033519151224032,0.07394441999713264,0.05701037947231491,0.024331790095765138,0.0035762483322396843,0.019394930274056144,0.028518370843343632,-0.013781372375614831,-0.016125978091443893,0.00018718268221884493,0.013993126312472626
2017-01-31,0.08347696185359377,0.044612800753391246,0.011558759013631237,-0.0005012096630706564,0.05394787971394943,0.012613321160054314,0.03827400972502759,0.031952793954550085,0.06811885757069036,0.047569896148231594,0.025884009950229103,0.02867883779753022,-0.005267266461563058,0.0033874563744751285,0.022528025581406652,0.02183926994919294,0.03022295086865512,0.01000567498231919,0.02362334090797913,0.019569758371991597,0.01954381769292013,0.02171004841248858,0.027282259045778634,0.02995661877157363
2017-02-28,-0.10483659437164561,-0.051236892277895296,-0.04550242264312421,-0.033376503325959095,-0.05674710687262896,-0.050884621143407416,-0.057359465029411805,-0.04707238517825518,-0.002970804570122776,-0.0629922320994265,-0.04804221314318724,-0.04034297818885513,-0.010024056092097333,0.0004909907373820133,-0.00011251028508318939,-0.0019245512712191548,-0.027328054046501515,-0.058864046316902674,-0.02380248670726426,-0.018997908394749574,-0.023756894731906453,-0.034348347300005355,-0.014573440377346203,-0.02280484808244576
2017-03-31,-0.011395093605437001,-0.023183976078841928,-0.013214148843455176,-0.02476804396607868,0.00503370273647108,-0.022244462905410267,-0.024183514370056614,-0.018333970261346977,-0.009386056858142311,0.0018010150654310664,-0.010607766184831724,-0.0037581711037493193,-0.02653119840678575,-0.0013704819250871525,-0.01213275001757086,-0.01240999689523814,0.005049341434759436,-0.013774342433379272,0.021050675772497307,0.025616613902315732,0.010302700394437814,0.006096373019752077,0.012980247535559153,0.011059463499506261
2017-04-28,0.048352085724841176,-0.01301662883623489,-0.00021815149988024807,-0.002547219628976638,-0.17541294168690758,-0.15750756750467287,-0.10421185022954549,-0.040770680368674594,-0.07840120103201675,-0.09638166564019224,-0.07361572166128083,-0.03793305312499573,0.03760014141300316,0.02417783920903749,0.008466958640447553,-0.0015858011801193062,0.03509968595906621,0.013369267883204028,-0.03827467231935089,-0.01018288420414526,0.014930815394961217,0.011188674318221903,0.009931562156506146,0.004705769868836862
2017-05-31,0.15249427408236205,0.08666062470790559,0.06538062552928658,0.03779346208924683,-0.0424375135194599,0.05778409035457144,0.06193006762545816,0.0418642024268947,0.1531234754988815,0.09097768781672966,0.05986023578936761,0.030171125801501386,-0.05039221334422195,0.04700059211206109,0.023645932915060452,0.01981068469506231,-0.0169165841791441,0.014328212106043958,-0.0015312752698718457,0.025194670273973818,0.018143900224005804,0.019510166671685703,0.009511459431125857,-0.02312694490901457
2017-06-30,0.0972964218903023,0.11724360733839956,0.09107595858794304,0.06941731996672784,0.13634678677329104,0.1055344686342834,0.08405923003919558,0.0642155390449306,0.16803383814515582,0.11638447093006499,0.08950502010977424,0.07735173434485643,0.09384605294618353,0.05872443195344701,0.03910729548057357,0.04921346193341658,0.10565042949522963,0.08926689605947269,0.031510747278881146,0.021624473725380122,0.020904680009350418,0.031723847398159366,0.020532938056020855,0.029713695229218517
2017-07-31,-0.05886473240986878,-0.021991350050990288,0.01582618290819693,0.028574361438499007,0.008328014027971342,0.006987720371456785,0.015652944088675014,0.02109121899015598,0.02282254796591565,0.021462375135804956,0.031055305462077687,0.029287025269071565,-0.022837198435008754,-0.004420491951376726,-0.017902921148409967,0.0017967123153819209,-0.0055865754088032515,0.00859762897350591,-0.036584935728608325,-0.011118317670156697,0.003021634078059776,-0.010759845259325163,0.0030315301735999167,0.012433590329547828
2017-08-31,-0.03570509128055854,-0.028682129489451702,-0.00503380018828925,0.004995373814121962,0.08073339570490567,-0.016255124093387918,-0.006859524594056365,0.012132457822328302,-0.038960931832721424,-0.005797008015717253,0.005525000802713009,0.011891002159879926,0.05449859779859789,0.061602299565805874,0.04716324539120409,0.030808833754234932,0.020044904288419207,0.03824333833039395,0.06840989252235508,0.04651149962938894,0.031737855727484554,0.02599511562080603,0.02449066462512639,0.00719137653213564
2017-09-29,-0.04676958738306136,-0.004713797930745778,0.011306907176574343,0.021511716385232083,-0.01079490513089354,-0.0073087803869459345,0.016632614966089587,0.030991926694392102,0.03109345129463481,-0.02144663025979021,0.002773535449508646,0.024836832809767673,-0.05301159466926886,-0.0031627502285633824,-0.001848751169231777,0.013729993427864073,0.061552738838139165,0.017828858084907973,0.00253746148066325,0.025287500815178277,0.03775953565950285,0.05115081184303327,0.0386035577660806,0.03195487413886178
2017-10-31,0.05276804546521108,0.009211410503688011,0.0039978697384668305,-0.007498591141190114,-0.019069620724221803,-0.040868967629323016,-0.013571392492352063,0.0023708566767770556,0.013662703069907467,0.006246716797045027,0.01779809927727083,-0.002255468009758399,0.027146029279251804,0.015094031137276032,0.011094478210964098,0.01583483724574597,0.04730352351242595,-3.529883150577007e-05,0.030178927199054684,0.004846733460161845,0.023840821409063517,0.017461361497853156,0.019437529932864406,0.019178900748999528
