day,side,fill_delay,ret
2023-06-04,1,5,-0.00027200817624267726
2023-06-04,-1,5,0.0009816371354744446
2023-06-04,-1,5,7.42020687107271e-05
2023-06-04,-1,5,-0.001276901579026879
2023-06-04,-1,6,-0.0002117862182806073
2023-06-04,-1,5,-0.0011811006474829466
2023-06-04,-1,5,-0.0010335048778418732
2023-06-04,-1,5,-0.0017777124676683909
2023-06-04,-1,5,-0.002074189594852671
2023-06-04,-1,5,0.00012091231757321863
2023-06-04,-1,5,-0.0015072678471630963
2023-06-04,-1,5,-0.0008490926828191302
2023-06-04,-1,5,0.0006501013059166394
2023-06-04,-1,6,-0.0003893020689249015
2023-06-04,-1,5,-0.0018319321230993446
2023-06-04,-1,5,-0.0012940407080428984
2023-06-04,-1,5,-0.002010425886520839
2023-06-04,-1,5,0.0013759690258337565
2023-06-04,-1,5,-0.0030869789910708545
2023-06-04,-1,5,0.0006929678304066766
2023-06-04,-1,5,-0.00048502942258182846
2023-06-04,-1,5,-0.001066224369658253
2023-06-04,-1,5,-0.001268630743869903
2023-06-04,-1,5,-0.0005291399603497003
2023-06-04,-1,5,-0.001272006196105846
2023-06-04,-1,5,-0.000635919650077199
2023-06-04,-1,5,-0.0017828009770657904
2023-06-04,-1,5,-0.001796466047796097
2023-06-04,-1,5,0.0012385642401940289
2023-06-04,-1,5,-0.0034641641997164574
2023-06-04,-1,5,-7.962430668012599e-05
2023-06-04,1,5,-0.0045667485695794485
2023-06-07,-1,5,-0.0009555089773097268
2023-06-07,-1,5,0.0042110785852311206
2023-06-07,1,6,-0.0014242406929598217
2023-06-07,1,5,-0.00393590040122721
2023-06-07,1,7,-0.0018636123295023288
2023-06-07,1,5,-0.0038064562621123454
2023-06-07,1,5,-0.0026906906946557174
2023-06-07,1,5,0.0024039866534479315
2023-06-07,1,5,0.0008419136169643404
2023-06-07,1,5,-3.5554781154189976e-05
2023-06-07,1,5,-0.003717852217334505
2023-06-07,1,5,-0.0034097489156194594
2023-06-07,1,5,0.0017722329482425248
2023-06-07,1,5,-0.003126075965873054
2023-06-07,1,5,-5.8388682119103644e-05
2023-06-07,1,5,-0.002825879940343057
2023-06-07,1,5,-0.004654952857720052
2023-06-07,1,5,-0.003947018483788145
2023-06-07,1,5,0.0021056531415044044
2023-06-07,1,5,0.001341831269552729
2023-06-07,1,5,-0.0077602184849899225
2023-06-07,1,9,0.0022495041635126056
2023-06-07,-1,5,0.00889213819830853
2023-06-07,1,5,0.0006897116041215123
2023-06-07,1,5,-0.0003382351735757293
2023-06-07,1,5,0.0037290547349570495
2023-06-07,-1,5,-0.0021539973208988816
2023-06-07,-1,5,0.001130739486444099
2023-06-07,-1,5,0.0008738524948879722
2023-06-07,1,5,-0.0012186073007381393
2023-06-07,1,5,0.0016244602422627596
2023-06-07,1,5,-0.0015208575708566818
2023-06-07,1,5,-0.0006342641283934579
2023-06-07,1,5,-0.0018441963548188611
2023-06-07,1,5,0.0007407421656379642
2023-06-10,1,5,-0.0015512488683155357
2023-06-10,1,5,-0.0005769671632714356
2023-06-10,1,5,-0.0014659535964990922
2023-06-10,1,5,-0.017194703981877113
2023-06-10,1,5,-0.007906473458728025
2023-06-10,1,5,-1.8608870178848827e-05
2023-06-10,1,208,-0.00137706668887011
2023-06-10,1,5,0.0008014949415000028
2023-06-10,-1,5,0.0010592194408120537
2023-06-10,-1,5,0.0011712000163388026
2023-06-10,-1,5,-0.0006727032506090301
2023-06-10,-1,5,0.0004283814494761562
2023-06-10,-1,5,0.00033634795920761695
2023-06-10,-1,6,0.0007183509044652037
2023-06-10,1,5,0.016115340919351684
2023-06-10,-1,5,-0.0005348517658046447
2023-06-10,-1,5,0.008693943276306182
2023-06-10,-1,5,-0.0013107775356962503
2023-06-10,-1,5,0.00225345960623774
2023-06-10,-1,5,-0.0012785675551879039
2023-06-10,-1,5,-0.0044978853770272775
2023-06-10,-1,5,-0.0007740438416592997
2023-06-13,-1,5,0.0010549600281882232
2023-06-13,-1,5,0.0008141373574601096
2023-06-13,-1,5,-0.0017219292885706783
2023-06-13,-1,5,-0.005453120358613284
2023-06-13,-1,5,-0.001368395396254718
2023-06-13,-1,5,0.0013177436269795062
2023-06-13,-1,5,0.00027858181426948525
2023-06-13,-1,5,-0.002189029833531919
2023-06-13,-1,5,-0.0007282263364375984
2023-06-13,-1,5,-0.0022448433450439897
2023-06-13,-1,5,-0.000881675062586018
2023-06-13,-1,5,-0.0010542340844866271
2023-06-13,-1,13,-0.0012844305132591605
2023-06-13,-1,5,0.0008431789539046775
2023-06-13,-1,5,-0.004897444717444632
2023-06-13,-1,5,-0.0003118241770844742
2023-06-13,-1,5,0.00012057532921033742
2023-06-13,-1,5,-0.0010424532753230964
2023-06-13,-1,5,-0.001804479198578568
2023-06-13,-1,5,-0.0015321947886924314
2023-06-13,-1,5,0.0010278754333467588
2023-06-13,-1,5,-0.004532026882091256
2023-06-13,-1,5,0.003865614811649099
2023-06-13,-1,5,0.0014920727636082431
2023-06-13,1,5,-0.0003960304489403764
2023-06-13,1,5,-0.0037935484082984305
2023-06-13,1,5,0.0022960041346724025
2023-06-13,1,5,0.0016918401789660087
2023-06-13,1,5,-0.0019122139245700276
2023-06-13,1,5,0.0026295744577752855
2023-06-13,-1,5,0.002380757427327407
2023-06-16,1,5,0.013828837484467893
2023-06-16,-1,5,-0.0028279816957184623
2023-06-16,-1,5,-0.001173279861681753
2023-06-16,-1,5,-0.008533076494858849
2023-06-16,-1,5,-0.005499817746334845
2023-06-19,1,5,-0.0005623110059458923
2023-06-19,1,5,-0.0011460990210458433
2023-06-19,1,5,0.0009775920405369898
2023-06-19,1,6,0.0006983550947454176
2023-06-19,1,5,7.686425346203906e-05
2023-06-19,1,5,-0.0017964628239281466
2023-06-19,1,5,-0.0006648458304133186
2023-06-19,1,5,-0.0013465805061316227
2023-06-19,1,5,0.000244154994659629
2023-06-19,1,6,-0.0004110904476933296
2023-06-19,1,5,-0.0006684920996052334
2023-06-19,1,5,0.0005370020092120842
2023-06-19,1,5,-0.001407272727272757
2023-06-19,1,5,-5.4516734260767643e-05
2023-06-19,1,5,-0.000615681357793385
2023-06-19,1,5,-0.001709884863813016
2023-06-19,1,5,0.0010595545154811759
2023-06-19,1,6,-0.000948762413695181
2023-06-19,1,6,0.0013971347842702264
2023-06-19,-1,5,-0.0018404773362251103
2023-06-19,-1,5,-0.01221982911628211
2023-06-19,-1,5,-0.0019617315452967188
2023-06-19,1,5,0.0011372445722545588
2023-06-19,1,5,0.0008979448943535195
2023-06-19,-1,52,-0.0022075822474230677
2023-06-19,-1,5,0.00010974228536225772
2023-06-22,1,5,0.006073405812586807
2023-06-22,-1,5,-0.0011295645701339674
2023-06-22,-1,5,-0.009143300549705302
2023-06-22,-1,5,0.0030487101405470285
2023-06-22,1,5,-0.0006354673450189029
2023-06-22,1,5,0.0009165994256902787
2023-06-22,1,5,-0.0001300791286538704
2023-06-22,1,5,-0.0009944631876350196
2023-06-22,1,5,0.0013802579901613377
2023-06-22,1,5,-0.0030900794622245598
2023-06-22,1,5,0.001419720075513664
2023-06-22,1,5,0.000978225042334857
2023-06-22,1,5,-0.001241942856480882
2023-06-22,1,5,-0.008110081245294831
2023-06-22,1,5,0.002706604439959681
2023-06-22,-1,5,-1.7525169290488643e-05
2023-06-22,-1,5,-0.0015880931515848684
2023-06-22,1,5,-0.0004587084824772546
2023-06-22,1,5,-0.001744345589239471
2023-06-22,1,5,-0.002498135800823198
2023-06-22,1,5,0.00032051307699226827
2023-06-25,1,5,-0.0002636241178033959
2023-06-25,1,5,0.0015855950253324536
2023-06-25,1,5,0.00032056605502178714
2023-06-25,-1,5,-0.003047247461990976
2023-06-25,-1,5,-0.00489413467794414
2023-06-25,-1,41,0.00044862274355977894
2023-06-25,-1,5,0.0022854663794718566
2023-06-25,1,5,0.0009153276130535182
2023-06-25,1,5,0.0006880102942569688
2023-06-25,1,5,-0.0006416706954562311
2023-06-25,1,5,0.0023118118347371097
2023-06-25,1,10,-0.002831071831086829
2023-06-25,1,5,0.0005396957952145676
2023-06-25,1,5,-0.004748248532289667
2023-06-25,1,5,0.00433711226180894
2023-06-25,1,5,-5.623268679949545e-05
2023-06-25,1,5,-0.0007722974979316731
2023-06-25,1,5,-0.002463884849833342
2023-06-25,1,5,0.0009671319959904667
2023-06-25,1,5,-0.0010273595619516018
2023-06-25,1,5,-0.007289430492862514
2023-06-25,1,5,0.0023919941663096966
2023-06-25,1,5,-0.001626608973284538
2023-06-25,1,5,-0.003129358089226486
2023-06-25,1,5,0.0032274174738091133
2023-06-25,1,5,-0.0024806845384489074
2023-06-25,1,5,0.0003835125814428131
2023-06-25,-1,5,-0.000713242449664475
2023-06-28,1,5,0.001061510085386963
2023-06-28,-1,5,0.002644536254397589
2023-06-28,1,5,-0.000513260808281457
2023-06-28,1,5,-0.005598637356904634
2023-06-28,1,5,-0.00018690832516893286
2023-06-28,1,70,0.0013638832719530813
2023-06-28,1,9,0.0003340609002530638
2023-06-28,1,5,-0.0016714169540997248
2023-06-28,1,5,-0.005593870822518221
2023-06-28,1,5,0.001785166652848058
2023-06-28,1,5,0.0013516266654315934
2023-06-28,1,5,-0.00039543466772357083
2023-06-28,1,8,-0.00013819909288687027
2023-06-28,1,5,-0.0038388004946414145
2023-06-28,1,5,-0.006574065371714399
2023-06-28,1,5,0.0033239730136178096
2023-06-28,1,5,0.0033512621570667704
2023-06-28,-1,5,0.0011686408566721762
2023-06-28,-1,5,-0.002214053497942292
2023-06-28,-1,5,-0.0005520101195952142
2023-06-28,-1,5,0.0030892857518435846
2023-06-28,1,5,-0.0035236526092434217
2023-06-28,1,12,0.0005508420842749717
2023-06-28,1,5,0.001440260742096633
2023-06-28,1,5,-0.00042452026468159365
2023-06-28,1,5,-0.00654335864410599
2023-06-28,-1,5,-0.001324575679861495
2023-06-28,-1,5,0.0010687603779415134
2023-06-28,-1,5,-0.002730052614780043
2023-06-28,-1,5,-0.0006921725099138797
2023-06-28,-1,5,0.0006186552431331482
2023-06-28,-1,5,-0.0025960070842803717
2023-06-28,-1,5,0.0017950815841925594
2023-07-01,-1,5,-0.0005192397298744987
2023-07-01,-1,6,-0.0010612409453321647
2023-07-01,-1,5,-0.00016467800951341916
2023-07-01,-1,5,-0.0007036129598801398
2023-07-01,-1,193,0.0005679259012278393
2023-07-01,-1,63,0.0004800234279716542
2023-07-01,-1,5,-0.0007559770278351973
2023-07-01,-1,5,-0.0006709968689025402
2023-07-01,-1,5,-0.000854030984313303
2023-07-01,-1,5,-0.000210234589203384
2023-07-01,-1,5,-0.0006055434373886669
2023-07-01,-1,5,0.00017240526687417612
2023-07-01,-1,5,3.514109139873833e-05
2023-07-04,-1,5,0.0007029278504649406
2023-07-04,-1,5,-0.0033185455740439296
2023-07-04,-1,5,-0.0007122676575171404
2023-07-04,-1,5,-0.000593747271318834
2023-07-04,-1,5,0.0009302606893019649
2023-07-04,-1,5,0.0018765999999999505
2023-07-04,1,5,-0.0042621309344204605
2023-07-04,1,5,-0.00032174012216806813
2023-07-04,1,5,-0.0028074338263227028
2023-07-04,1,5,-0.0005146380799979088
2023-07-04,1,5,-0.0009049664628641428
2023-07-04,1,5,-0.0006856694123452133
2023-07-04,1,5,-0.0036777479075045805
2023-07-04,1,5,-0.00023584067419496469
2023-07-04,1,5,-0.0019232753995572227
2023-07-04,1,5,0.001413614368600491
2023-07-04,1,5,-0.0006274924639982359
2023-07-04,1,5,-0.0008727559238035919
2023-07-04,1,5,0.00017917256901317524
2023-07-04,1,5,6.958852384947322e-05
2023-07-04,1,5,0.0007138550863909354
2023-07-04,1,5,-0.0009886476285291823
2023-07-04,1,5,-0.0011658979915382672
2023-07-04,1,5,-0.001617379110251449
2023-07-04,1,5,0.00024046143892925153
2023-07-04,1,5,-0.002462930812031361
2023-07-04,1,5,-0.0024278570689648116
2023-07-04,1,5,0.0005050097684679566
2023-07-04,1,5,0.0017011442518545805
2023-07-04,1,5,-0.004002813108454906
2023-07-04,1,5,-0.001021858656706287
2023-07-04,1,5,-0.0023811997080631087
2023-07-04,1,5,-0.0005071574162803237
2023-07-04,1,5,-0.004322252983355368
2023-07-04,1,5,-0.003428615133843349
2023-07-04,1,5,-0.0003949104963386073
2023-07-04,1,5,0.0003046142707458511
2023-07-04,1,5,-0.00032410735928195533
2023-07-04,1,5,-0.0005062016888600084
2023-07-04,1,5,-0.0013504651713995286
2023-07-04,1,5,-0.0006913101135275767
2023-07-04,1,5,-0.0008277331036206647
2023-07-04,1,5,-0.002240064935064956
2023-07-07,1,5,-0.00011630397571510398
2023-07-07,-1,5,-0.00038237948659941557
2023-07-07,-1,46,-0.0015174356643961606
2023-07-07,-1,5,-0.0014439095942924696
2023-07-07,-1,7,-0.0016661746555300394
2023-07-07,-1,5,-0.0007419020221240412
2023-07-07,-1,5,-0.0008913291198083261
2023-07-07,-1,5,5.138686446415461e-06
2023-07-07,-1,5,0.00033245705603629505
2023-07-07,-1,5,0.001320236689132892
2023-07-07,1,5,-0.0009515552846502405
2023-07-07,1,18,-0.000591878367488141
2023-07-07,-1,5,0.0017386516490623394
2023-07-07,-1,5,-0.0021610583902789693
2023-07-07,-1,5,-8.539422458325719e-05
2023-07-07,-1,5,0.0014303631801855787
2023-07-07,-1,5,0.004586333612688509
2023-07-07,-1,5,-0.0015160070505442769
2023-07-07,-1,5,-0.001882618265298952
2023-07-07,-1,5,-0.0032327536837447046
2023-07-07,-1,5,2.8715040812421597e-05
2023-07-07,-1,5,-0.0018339932027083283
2023-07-07,-1,5,-0.0008412451357380778
2023-07-07,-1,5,0.000340920457314431
2023-07-07,-1,5,0.0020012747115407126
2023-07-07,-1,5,-0.0004515882555001237
2023-07-07,-1,5,-0.0013402523119925847
2023-07-07,-1,5,-0.0014159179289552903
2023-07-07,-1,5,-0.00051126481052427
2023-07-07,-1,5,-0.001300123038074974
2023-07-07,-1,5,-0.00042891008151907373
2023-07-10,1,5,-0.0018067248242006895
2023-07-10,1,12,-0.002103334744566754
2023-07-10,1,5,0.00015320177466943152
2023-07-10,1,5,-0.0027976802213203755
2023-07-10,1,5,0.0003363587826394344
2023-07-10,1,5,0.003992638085865419
2023-07-10,-1,5,0.0009921682189169556
2023-07-10,1,5,-0.0010140370360539053
2023-07-10,1,6,-0.00186685645691681
2023-07-10,1,5,-0.0016220097443356285
2023-07-10,1,5,-0.0013431541313295159
2023-07-10,1,44,-0.0020481361599724024
2023-07-10,1,5,0.000908490996686051
2023-07-10,1,5,-0.00117363727088865
2023-07-10,1,6,-0.0014329111489112534
2023-07-10,1,5,-0.0005589721855581707
2023-07-10,1,5,-0.003087809151173848
2023-07-10,1,5,0.0022811731452997974
2023-07-10,1,5,-0.001215936205468171
2023-07-10,1,5,0.00279338569658244
2023-07-10,1,6,0.0007356690338750638
2023-07-10,1,5,-0.0007422398758010761
2023-07-10,-1,5,-0.005199272293355428
2023-07-10,-1,5,-0.0036835092076231146
2023-07-10,-1,5,-0.012721551455904534
2023-07-10,1,5,-0.002505129533678707
2023-07-10,1,5,-0.003474278646095119
2023-07-10,1,5,-0.001010182987399133
2023-07-10,1,5,-0.015465207450237328
2023-07-10,1,5,0.0010294135991195108
2023-07-10,1,5,0.0009509146599070983
2023-07-13,1,5,-0.0015200247457872185
2023-07-13,1,5,-5.607472426688565e-05
2023-07-13,1,5,-0.002023347657150343
2023-07-13,1,5,-0.0011115280588533394
2023-07-13,1,5,-0.001593097420712175
2023-07-13,1,5,-0.001616862432221089
2023-07-13,1,6,-0.001135245537557228
2023-07-13,1,5,-0.000986662042541997
2023-07-13,1,5,0.00029179188374012243
2023-07-13,1,5,-0.0004980915907096261
2023-07-13,1,5,0.0005253096023264958
2023-07-13,-1,5,-0.0030974045651318005
2023-07-13,-1,5,-0.00020247792116795383
2023-07-13,-1,5,-0.0025898779896705304
2023-07-13,-1,5,0.0001300897326493301
2023-07-13,-1,5,-0.001168221083838683
2023-07-13,-1,5,0.00017688102220364554
2023-07-13,-1,5,6.60259441300216e-05
2023-07-13,-1,5,-0.0015578173370559
2023-07-13,-1,5,-0.001799709063959043
2023-07-13,-1,5,-0.000854054234361412
2023-07-13,-1,7,-0.009177305981620087
2023-07-13,-1,5,-0.0022351141172692324
2023-07-13,-1,5,0.0020729633472429954
2023-07-13,-1,5,-0.0001854675361744883
2023-07-13,-1,5,-0.008316618164281364
2023-07-13,-1,5,-0.013969684331381071
2023-07-13,-1,5,0.005241706914429989
2023-07-13,-1,5,-0.005308106087034414
2023-07-13,-1,5,-0.01135636293754022
2023-07-13,-1,5,0.0019337653759404216
2023-07-13,-1,66,-0.003914805998170678
2023-07-13,-1,5,-0.0029920206886394074
2023-07-13,-1,5,-0.0018433950566004165
2023-07-13,-1,5,-0.001414139646061019
2023-07-16,1,5,0.0007334666285083169
2023-07-19,-1,5,-0.004414431397365581
2023-07-19,-1,19,-0.002416939700773224
2023-07-19,-1,5,0.0007145238825168598
2023-07-19,-1,5,-0.0006116602220073707
2023-07-19,-1,6,-0.0010883512789144345
2023-07-19,-1,5,-0.0020579240448120317
2023-07-19,-1,5,-0.0012576483255340443
2023-07-19,-1,5,-0.0031005695507669295
2023-07-19,-1,5,7.16570145843921e-05
2023-07-19,-1,5,-0.001180799821744405
2023-07-19,-1,5,0.0009960234598259121
2023-07-19,-1,5,6.686569275055076e-05
2023-07-19,1,5,0.0024692539187262663
2023-07-19,-1,18,-0.00013161279569046103
2023-07-19,-1,5,0.0018380954547423944
2023-07-19,-1,5,-0.0022644396019103064
2023-07-19,1,5,-0.0020337315606565043
2023-07-19,1,5,-0.00047314715494844995
2023-07-19,-1,5,-0.001473759885106951
2023-07-19,-1,5,-0.0003604292781575479
2023-07-19,-1,69,-0.0014256061253157815
2023-07-19,-1,5,0.0006058182745992124
2023-07-19,-1,5,-0.002204216438794371
2023-07-19,-1,5,-0.0015605157643190926
2023-07-19,-1,5,-0.00021294747363193023
2023-07-19,-1,5,0.0007836443568153828
2023-07-19,1,5,5.823425099377177e-05
2023-07-19,1,5,-0.0019599431567107195
2023-07-19,1,5,-0.0013711907091119024
2023-07-19,1,5,0.0007333274794220634
2023-07-22,1,5,-0.0009420595707694822
2023-07-22,1,5,-0.0011799054367983008
2023-07-22,-1,5,0.00044000163552487814
2023-07-22,-1,5,0.0007126637338539799
2023-07-22,-1,5,-0.0017433000683618194
2023-07-22,1,5,0.00034563538018222994
2023-07-25,-1,6,-0.0010827901621127123
2023-07-25,-1,5,0.001742425660084923
2023-07-25,1,5,0.0021440302955224033
2023-07-25,-1,5,0.0002242160118565707
2023-07-25,-1,5,-0.00010771220906274903
2023-07-25,1,5,-0.0004920174135255028
2023-07-25,-1,5,-0.0004891516209544754
2023-07-25,-1,5,-0.0006813973961052321
2023-07-25,-1,5,-0.0009903606294022205
2023-07-25,-1,5,-0.0011482297923460227
2023-07-25,-1,5,-0.0008084329341975781
2023-07-25,-1,5,-0.002500863671784981
2023-07-25,-1,5,-0.0008392668772936872
2023-07-25,-1,5,3.0845437106130744e-05
2023-07-25,-1,5,0.0003944105753744265
2023-07-25,-1,5,0.00025897218570775104
2023-07-25,1,5,0.004537023575030774
2023-07-25,-1,5,-0.0014926661432193566
2023-07-25,-1,5,0.0009211947489497496
2023-07-25,-1,5,1.6687060483022817e-05
2023-07-25,-1,5,-0.0006953846812591257
2023-07-25,-1,5,-0.0016267911623209508
2023-07-25,-1,5,-0.0009384423682941566
2023-07-25,-1,5,0.0006525314344367206
2023-07-25,-1,5,-0.0018423728105612658
2023-07-25,-1,5,-0.0014925602898015478
2023-07-25,-1,26,-0.000801582762085029
2023-07-25,-1,5,-0.0006304548441415369
2023-07-25,-1,5,-0.0011473485107840742
2023-07-25,-1,5,-0.000805
2023-07-25,-1,5,-0.001041103269517063
2023-07-25,-1,5,0.0002313722183838186
2023-07-25,-1,5,-9.63773980200976e-05
2023-07-28,1,7,0.0002330409460903905
2023-07-28,-1,5,0.0003398294716697171
2023-07-28,1,5,-0.0008221368445585074
2023-07-28,1,5,-0.0013189556079409859
2023-07-28,1,5,-0.0013980669445740612
2023-07-28,1,5,-0.0005099975473633055
2023-07-28,1,5,-0.002053486553045214
2023-07-28,1,6,0.0005823102320998141
2023-07-28,1,5,-0.0015524840988187516
2023-07-28,1,5,-0.0003519739921887254
2023-07-28,1,5,0.0013900659034239982
2023-07-28,1,5,-0.0005070303038606226
2023-07-28,-1,5,-0.001269590357700523
2023-07-28,-1,57,-0.0002657214045817534
2023-07-28,-1,5,-0.0005183321047565469
2023-07-28,-1,5,-0.0063392364733836915
2023-07-28,-1,5,-0.0020924472197594857
2023-07-28,-1,5,0.0018916520810013382
2023-07-28,-1,5,-0.0006176396686106699
2023-07-28,-1,5,-0.00026672635939645184
2023-07-28,1,5,-0.0027715884811176372
2023-07-28,1,5,-0.00033969435235264845
2023-07-28,1,6,0.0004671428082895779
2023-07-28,1,5,-0.0010915925847580499
2023-07-28,1,5,-0.0007230736381447777
2023-07-28,1,5,0.0001617975088736291
2023-07-28,-1,5,0.00039458832309818836
2023-07-28,1,6,-0.001091754991755678
2023-07-28,1,5,-0.0006718210176924199
2023-07-28,1,6,-8.114664176434017e-05
2023-07-31,-1,5,-0.005985604472110773
2023-07-31,-1,5,7.118607747108607e-05
2023-07-31,-1,5,-0.0010156729642026296
2023-07-31,-1,5,-0.000869504520408848
2023-07-31,-1,5,-0.0008016054055522414
2023-07-31,-1,5,-0.0002649496632327052
2023-07-31,-1,5,-0.00033602538919780256
2023-07-31,-1,5,0.0001876739304109144
2023-07-31,-1,5,-0.0010126369552932446
2023-07-31,-1,5,-0.0009138505719757383
2023-07-31,-1,5,8.970085353782198e-05
2023-07-31,-1,5,-0.0017481424689902991
2023-07-31,-1,5,-0.0003763906672017979
2023-07-31,-1,5,-0.0009411502826819905
2023-07-31,-1,5,-3.933187799670657e-05
2023-07-31,-1,5,-0.0009071673091854414
2023-07-31,-1,5,-0.0008730966973101161
2023-07-31,-1,5,-1.8220618388131607e-05
2023-07-31,-1,5,-0.0004103294138461665
2023-07-31,-1,5,-0.0014109347564857377
2023-07-31,-1,5,-0.0020503257751812165
2023-07-31,-1,5,-0.00020407110652392857
2023-07-31,-1,5,9.530100629867599e-05
2023-07-31,-1,5,0.002007217333052258
2023-07-31,1,5,-0.0017821063303507523
2023-07-31,1,5,-0.00072635972455376
2023-07-31,1,5,-0.002490331801835166
2023-07-31,1,5,-0.002195277644609417
2023-07-31,1,5,5.572389966207469e-05
2023-07-31,1,5,-0.0007399092154847796
2023-07-31,1,5,-0.0008735330500633797
2023-07-31,1,5,0.00036341643595311235
2023-07-31,1,5,0.000528177967263399
2023-07-31,1,5,0.0008687205298287259
2023-07-31,1,5,0.0004973778678018514
2023-07-31,1,5,0.00026372373149013983
2023-08-03,1,5,-0.00047899547711610635
2023-08-03,1,5,-0.000780980345059412
2023-08-03,1,5,-0.0007363349515397409
2023-08-03,1,5,-0.0002413815696774012
2023-08-03,1,5,-0.0016703251837099642
2023-08-03,1,5,-0.0014715864930335276
2023-08-03,1,5,-0.001145498710232229
2023-08-03,1,5,-0.0014312861232889662
2023-08-03,1,5,-0.0006156517024132334
2023-08-03,1,5,0.0014351927047488444
2023-08-03,1,5,-0.0003246596445481419
2023-08-03,1,5,-5.924940374307786e-05
2023-08-03,-1,5,0.0006127870933660406
2023-08-03,-1,5,-0.001792406298900595
2023-08-03,-1,5,0.0016701209434098474
2023-08-03,1,5,0.0009062013387836632
2023-08-03,-1,5,-0.000869860805298217
2023-08-03,-1,6,-0.0005661003037438771
2023-08-03,1,5,-0.000472596482691101
2023-08-03,1,5,0.000517366144686171
2023-08-03,1,5,-0.0002294190229513159
2023-08-06,1,5,8.131692210050512e-05
2023-08-06,1,5,0.0023869179398183227
2023-08-06,1,5,-0.00022710052698921002
2023-08-09,1,5,0.0006192717402987991
2023-08-09,1,5,-0.0009896003067721426
2023-08-09,1,5,0.0007792062690263335
2023-08-09,1,5,-0.001817060951538274
2023-08-09,1,5,-0.004965780616131121
2023-08-09,1,5,0.00016829009096402958
2023-08-09,1,5,-0.0019421894598014577
2023-08-09,1,5,0.0005522725221355773
2023-08-09,1,5,-0.00018945392990860055
2023-08-09,1,5,-0.0009192703502050591
2023-08-09,1,5,-0.0008117232540550411
2023-08-09,1,5,-0.002785264595625947
2023-08-09,1,5,0.0002294467394711731
2023-08-09,1,6,0.0007665598151819775
2023-08-09,1,6,-0.00083858533529918
2023-08-09,1,5,0.0019863163525454808
2023-08-09,-1,5,-0.00246786360503487
2023-08-09,-1,5,-0.0034956039170653264
2023-08-09,-1,5,0.0044659213623816085
2023-08-09,1,5,-0.002043377658328238
2023-08-09,1,5,0.0014722931402832429
2023-08-09,1,5,-0.003930868994930947
2023-08-09,1,5,-0.001070486428266626
2023-08-09,1,137,-0.0014706871875388994
2023-08-09,1,5,-0.005898509980117039
2023-08-09,1,5,-0.0019229543468097243
2023-08-09,1,5,-0.00019116184978923412
2023-08-09,1,5,0.0010663577174860328
2023-08-09,1,5,-0.002627898171352394
2023-08-09,1,5,-0.0010014909427839558
2023-08-09,1,5,-0.0031061176857331563
2023-08-09,1,5,0.0007312601581805356
2023-08-09,1,5,-0.00017378970516374037
2023-08-09,1,5,-9.628277817147468e-05
2023-08-09,1,5,6.621892680741548e-05
2023-08-09,-1,5,-0.0010484850831569692
2023-08-09,-1,5,-0.0016567398137664058
2023-08-12,-1,5,0.0001901296385608543
2023-08-12,1,5,-0.0002574554482384638
2023-08-15,-1,5,-0.0013116269525537683
2023-08-15,-1,5,-0.0007710141381185863
2023-08-15,-1,5,0.0001602312816504915
2023-08-15,-1,5,-0.0008730517465481146
2023-08-15,-1,6,-0.0007505623073415512
2023-08-15,-1,5,-0.00025038581412600836
2023-08-15,-1,5,-0.00016852342540113463
2023-08-15,-1,5,-0.0004442410448396993
2023-08-15,-1,5,-0.000702852867270065
2023-08-15,-1,5,0.0002363901537581482
2023-08-15,-1,5,-0.0004784938201902177
2023-08-15,-1,5,-0.001525887371549406
2023-08-15,-1,5,-0.0008185927278905879
2023-08-15,-1,5,1.3950723633138315e-05
2023-08-15,-1,5,-0.0003084351404666895
2023-08-15,-1,5,-0.0010568274505531883
2023-08-15,-1,5,-0.000839023210634393
2023-08-15,-1,5,-6.66963292357824e-05
2023-08-15,-1,5,-0.0006347495616050857
2023-08-15,-1,5,-0.0012238873942139183
2023-08-15,-1,5,-0.0016084288710123684
2023-08-15,-1,5,0.0001814750864015947
2023-08-15,-1,5,-0.0025419034077363567
2023-08-15,-1,5,-0.0020902159366776307
2023-08-15,-1,5,0.002376717855990751
2023-08-15,-1,5,0.0011081849763914797
2023-08-15,-1,5,0.00181131174989696
2023-08-15,1,5,-0.0002590814237555804
2023-08-15,1,5,0.0005877433972698021
2023-08-15,1,5,-0.006088876161497614
2023-08-15,1,5,-0.00036962417124325453
2023-08-15,1,5,0.0010439931734761987
2023-08-15,1,5,0.0008748828881643411
2023-08-15,-1,5,-0.000534766709995138
2023-08-15,1,5,-0.0008324064583318801
2023-08-18,-1,5,-0.0042349124469718835
2023-08-18,-1,5,7.917329796630634e-05
2023-08-18,-1,5,0.0014165050696845483
2023-08-18,-1,5,-0.0017482792294423732
2023-08-18,-1,5,0.0019024117744249058
2023-08-18,-1,5,-0.0017688208124820304
2023-08-18,-1,5,0.0018665840944387946
2023-08-18,-1,5,0.006592194898852044
2023-08-18,-1,5,-0.004233332255241307
2023-08-18,-1,5,-0.004462236510146378
2023-08-18,-1,5,-0.0031086253776436146
2023-08-18,-1,5,0.0006456350767329311
2023-08-18,-1,5,0.003058632943584161
2023-08-18,-1,5,0.004447604589515153
2023-08-18,1,5,-0.002931824285436535
2023-08-18,1,5,-0.006272696269663369
2023-08-18,1,5,0.0006082375813666885
2023-08-18,-1,5,0.002458867606497106
2023-08-18,1,5,-0.0027751779701779555
2023-08-18,1,5,-0.0005922027609473467
2023-08-18,-1,5,-0.004223618739123858
2023-08-18,1,5,0.002943637121909759
2023-08-18,-1,5,-0.00015665577141449327
2023-08-18,-1,5,0.0038425659617476464
2023-08-18,1,5,0.001772131229830165
2023-08-18,-1,5,-0.0037915604778496204
2023-08-18,-1,5,0.0015515448545588284
2023-08-18,-1,5,0.0012318860147865762
2023-08-18,1,5,-0.001488191193742272
2023-08-18,1,5,0.00044278757664301116
2023-08-18,1,5,-0.002220952295070744
2023-08-18,1,5,-0.0002401216025638696
2023-08-21,1,5,0.0006356737448704464
2023-08-21,1,5,-0.001529135156570216
2023-08-21,1,5,-0.0011852573458806526
2023-08-21,1,5,-0.0010591530925810333
2023-08-21,-1,28,-0.00017928263231242736
2023-08-21,-1,5,-0.00013647375458164513
2023-08-21,-1,5,-0.004383889161956367
2023-08-21,-1,5,0.0004383052792655273
2023-08-21,-1,5,0.004223474262101068
2023-08-21,1,5,0.0019834737933672186
2023-08-21,-1,5,-0.0018942114186307202
2023-08-21,-1,5,-0.0001056159959112456
2023-08-21,-1,5,-0.0006782606950690994
2023-08-21,-1,6,-0.0009663913471181228
2023-08-21,-1,6,-0.0004938672077559602
2023-08-21,-1,5,-0.0013775968226641955
2023-08-21,-1,5,-0.004117872602198036
2023-08-21,-1,5,-0.0008854459001320091
2023-08-21,-1,5,-0.0009084728556208453
2023-08-21,-1,5,-0.005158491224036166
2023-08-21,-1,5,-0.00017106136984218468
2023-08-21,-1,5,0.00039471420820774705
2023-08-21,-1,177,-0.0006174983258780408
2023-08-24,1,5,-0.0029826838533263955
2023-08-24,1,6,0.0001287316242754578
2023-08-24,1,5,-0.0006494967002959594
2023-08-24,1,5,0.00092468380166294
2023-08-24,1,5,5.035353879578983e-06
2023-08-24,1,5,-0.001955121065375376
2023-08-24,1,5,0.0006873281455359037
2023-08-24,1,6,-0.0011945082363973847
2023-08-24,-1,5,0.0003307719098324947
2023-08-24,-1,5,0.0002963382013488337
2023-08-24,1,5,-0.0015239779917052831
2023-08-24,1,5,-0.001740202223282361
2023-08-24,1,5,-0.0026846778777829816
2023-08-24,1,5,-0.0007138384883902947
2023-08-24,1,6,-0.00850344284086596
2023-08-24,1,5,-0.001485688336520019
2023-08-24,1,5,-0.0025016484490794633
2023-08-24,1,5,-0.0005286116282730567
2023-08-24,1,5,-0.0005133205403747286
2023-08-24,1,5,-0.004087007238819662
2023-08-24,1,5,-0.0003164933686186643
2023-08-24,-1,5,0.0019274184394172944
2023-08-24,-1,5,0.0033584369651806227
2023-08-24,-1,5,-0.001380276899947852
2023-08-24,-1,6,-0.0016062175439806592
2023-08-24,-1,5,-0.00010366516435383877
2023-08-24,-1,5,-0.0023915473051688285
2023-08-27,-1,5,-0.0002660895164710574
2023-08-27,-1,5,-0.0005487358720056011
2023-08-27,-1,5,-0.0003000190515540234
2023-08-27,-1,5,0.0007695323218619987
2023-08-27,-1,5,0.00041866725428191254
2023-08-27,-1,5,0.0010465684774292883
2023-08-30,1,5,-0.00031024190781608885
2023-08-30,1,33,-0.005684528733597871
2023-08-30,1,5,-0.0020095176668638026
2023-08-30,1,5,-0.002482919379968751
2023-08-30,1,5,-0.003070756478533665
2023-08-30,1,5,-0.0013234260293675804
2023-08-30,1,5,-0.000823260904499079
2023-08-30,1,5,0.00025387722501130094
2023-08-30,1,5,-0.0006080893099374428
2023-08-30,1,5,0.0002708178038730026
2023-08-30,1,5,-0.0010017227447922106
2023-08-30,1,5,-0.001511883735844155
2023-08-30,1,5,-0.002322201638286059
2023-08-30,1,5,0.0017196712629567457
2023-08-30,1,5,-0.0009508044761973865
2023-08-30,1,5,-0.0013883880259608072
2023-08-30,1,5,0.0007773188627721583
2023-08-30,1,5,-0.004344642539802768
2023-08-30,1,5,0.0016091601466054484
2023-08-30,1,5,-0.00022120114789442303
2023-08-30,1,6,-0.0014247548687213452
2023-08-30,1,5,-0.002147801053807019
2023-08-30,1,5,-0.001872056458980531
2023-08-30,1,5,0.0008150224535842798
2023-08-30,1,16,-0.0015205269344782946
2023-08-30,1,5,-0.0013165089514066142
2023-08-30,1,5,0.0018035554757682148
2023-08-30,-1,5,0.0007562488528294886
2023-08-30,1,5,-0.007004891538540503
2023-08-30,1,5,0.0033331699192266644
2023-08-30,1,5,-0.0025665604704358524
2023-08-30,1,5,-0.0007054872439389847
2023-08-30,1,5,0.002432833233149745
2023-08-30,1,5,-0.0020451103955842487
2023-08-30,1,5,0.004029766061491136
2023-08-30,-1,5,0.00026941713787004284
2023-08-30,-1,5,-0.0012014626719381583
2023-08-30,-1,5,-0.00046749307560517417
2023-08-30,-1,5,0.0007931467362617961
2023-08-30,1,5,9.431358514117038e-05
2023-08-30,1,5,-0.0008123377800280384
2023-09-02,-1,5,-0.0015609399434788895
2023-09-02,-1,5,0.0012868881227240947
2023-09-02,-1,5,-0.0007933625304514246
2023-09-02,-1,5,-0.0008127584033206791
2023-09-02,-1,5,-0.0003705125594025137
2023-09-02,-1,5,-0.0015347825015237793
2023-09-02,-1,5,-0.0013213564645500608
2023-09-02,-1,5,-0.0012046089264097781
2023-09-02,-1,7,-4.0826916736180665e-05
2023-09-02,-1,6,-0.0024978225875336713
2023-09-02,-1,5,-0.00095228796347252
2023-09-02,-1,5,-0.0015569234123369857
2023-09-02,-1,6,-5.7433464641654e-05
2023-09-02,-1,5,-0.00022743360893712195
2023-09-02,-1,5,-0.0013130867238103083
2023-09-02,-1,5,0.0001873980756780803
2023-09-02,-1,5,-0.0009679675616949822
2023-09-02,-1,5,-0.0009679056155894038
2023-09-02,-1,5,-0.001274166821763123
2023-09-02,-1,5,-0.0015374474207386357
2023-09-02,-1,5,-0.0014209185902825383
2023-09-02,-1,5,-0.002219098367007011
2023-09-02,-1,5,0.0005455721549946779
2023-09-02,-1,5,-0.0013475094939162102
2023-09-02,-1,5,-0.00016950365410411939
2023-09-02,-1,5,-0.0007662920706806297
2023-09-02,-1,5,-0.0005029717642320296
2023-09-02,-1,5,-0.001530697808624304
2023-09-02,-1,5,6.250332542939729e-05
2023-09-02,-1,5,0.0020338599817171787
2023-09-02,-1,5,-0.0006812715993056994
2023-09-05,1,5,-0.0019459190219142664
2023-09-05,1,5,-0.0014457766990291776
2023-09-05,1,5,-0.0004980107485095807
2023-09-05,1,6,-0.0009876086618669233
2023-09-05,1,6,-0.0033817586474931827
2023-09-05,1,5,-0.0023519682150635046
2023-09-05,1,5,0.0015097244580110636
2023-09-05,1,5,-0.0007076763990268574
2023-09-05,1,5,-0.003940697605290644
2023-09-05,1,5,0.001416962343585515
2023-09-05,-1,5,-0.00057192149916091
2023-09-05,1,5,-0.002775454836941804
2023-09-05,1,237,0.0007293874133499911
2023-09-05,1,5,-0.0006105979999922461
2023-09-05,1,5,-0.0004123781803340719
2023-09-05,1,5,0.0005852858629677438
2023-09-05,1,5,-0.001049802797746191
2023-09-05,1,5,-0.0019507734553420586
2023-09-05,1,7,-0.001489225872290778
2023-09-05,1,5,0.0012724249267647703
2023-09-05,1,5,-0.0024014264905806715
2023-09-05,1,5,-0.0011707431004897573
2023-09-05,1,5,-0.0011006979834176644
2023-09-05,1,5,0.0006969513694605189
2023-09-05,1,7,-0.002396985710957533
2023-09-08,-1,5,-0.0018800269709780548
2023-09-08,-1,5,-0.0029018588977599014
2023-09-08,-1,5,0.0005818571537131167
2023-09-08,-1,15,0.0007586770379163776
2023-09-08,1,5,-0.0006065630724141901
2023-09-08,-1,5,-0.0006720505739616355
2023-09-08,-1,5,0.0024777324478178486
2023-09-08,-1,5,0.00016683581691373528
2023-09-08,-1,5,0.0011785896105679927
2023-09-08,1,5,0.0033235813789695427
2023-09-08,-1,5,-0.0013430464655377894
2023-09-08,-1,5,0.0007098763173047362
2023-09-08,-1,5,0.0003556564456919654
2023-09-08,-1,5,-0.0010288500667690603
2023-09-08,-1,5,0.0014643415050211162
2023-09-08,-1,5,-0.0003483118406080731
2023-09-08,1,5,0.0004387859288942919
2023-09-08,1,5,0.0020813448308011906
2023-09-08,-1,5,-0.0013194013026341378
2023-09-08,-1,5,-0.0008359376027225472
2023-09-08,-1,5,-0.0016866944000804573
2023-09-08,-1,5,-0.0008281820447336162
2023-09-08,-1,5,-0.0007161310314983126
2023-09-08,-1,5,-0.001504422300365127
2023-09-08,-1,5,-0.0008474718623910359
2023-09-08,-1,6,-0.0007200598827827308
2023-09-11,1,5,-0.006228442744161289
2023-09-11,1,5,-0.000400390564819164
2023-09-11,1,7,-0.0019057604193001842
2023-09-11,1,5,-0.00016660191208012199
2023-09-11,1,7,-0.0011819098058719057
2023-09-11,1,7,-0.0011703706374161515
2023-09-11,-1,5,-0.0016720676854711791
2023-09-11,-1,5,-0.00011256227104100558
2023-09-11,-1,5,0.0009589549727282987
2023-09-11,1,5,0.0007561771741916856
2023-09-11,1,6,0.0005419324198067677
2023-09-11,1,5,-0.0023539394823895443
2023-09-11,-1,5,-0.0016316138465617969
2023-09-11,1,5,-0.0021037012987012438
2023-09-11,1,5,0.0003866576152781742
2023-09-11,1,5,0.0021501150425894955
2023-09-11,1,47,-0.01596295217586191
2023-09-11,1,5,-0.0024550474833808233
2023-09-11,1,5,-0.008652520302486255
2023-09-11,1,5,0.0026648625646600865
2023-09-11,1,5,0.0015624204682231357
2023-09-11,1,5,0.0007870207917914374
2023-09-11,-1,5,0.0008879686164950384
2023-09-11,1,5,0.0033192453826382255
2023-09-11,-1,5,-0.001249728576590503
2023-09-11,1,6,-0.0030943681741990026
2023-09-11,1,5,0.000872088574235208
2023-09-11,1,5,0.00010025165597243879
2023-09-11,1,5,0.0022371313259787473
2023-09-11,-1,5,0.0005982883857015842
2023-09-11,-1,5,-0.0024086801076018127
2023-09-11,-1,5,0.0005456642089874397
2023-09-11,-1,6,-0.0010277711940934187
2023-09-14,-1,5,-0.0051144423231395675
2023-09-14,1,5,-0.005041965815216598
2023-09-14,1,5,-0.0003579505265248194
2023-09-14,1,5,0.00117699780796382
2023-09-14,1,5,0.0007962749198408559
2023-09-14,1,5,-0.0002828943517317327
2023-09-14,1,5,-0.0027863448759373743
2023-09-14,1,5,-0.0011219027528540093
2023-09-14,1,5,-0.0011144094862657883
2023-09-14,1,5,0.002253326101666342
2023-09-14,1,5,-0.0004276774654597414
2023-09-14,1,5,-0.001216127860764693
2023-09-14,1,5,0.002848110667540371
2023-09-14,-1,5,-0.0003829644197391179
2023-09-14,-1,5,-0.0006376684439307055
2023-09-14,-1,5,-0.0029639323927280192
2023-09-14,-1,5,-0.004670529642049559
2023-09-14,-1,5,0.0014270668560771305
2023-09-14,-1,5,-0.004915420142575455
2023-09-14,-1,5,-0.004497028917118062
2023-09-14,-1,5,0.0034193006081341686
2023-09-14,-1,5,-0.0024559904062038673
2023-09-14,-1,5,0.0002754402794137857
2023-09-14,1,5,0.002658343461388213
2023-09-14,-1,8,8.7194423409931e-05
2023-09-14,-1,5,-6.669113954421702e-05
2023-09-14,1,5,-0.0009854457008811601
2023-09-14,1,5,-0.001297436772622118
2023-09-14,1,5,0.0007048971688487504
2023-09-14,1,5,0.0009104922143045591
2023-09-17,1,5,-0.0005744642121532916
2023-09-17,1,5,-4.680984892774232e-05
2023-09-17,1,5,0.0006161148948715112
2023-09-17,1,5,-0.003112480239131965
2023-09-17,1,5,0.0017474888659982368
2023-09-20,-1,5,-0.0002458619554381313
2023-09-20,-1,5,-0.0017532121790136412
2023-09-20,-1,5,-0.0056266397247295985
2023-09-20,-1,5,0.004072067909697552
2023-09-20,-1,5,0.0009330312845630684
2023-09-20,-1,5,0.0013545808867894693
2023-09-20,-1,5,0.00045917590841909606
2023-09-20,-1,5,-0.0021231652026541536
2023-09-20,-1,5,0.00037884221337919355
2023-09-20,1,5,0.0011304528330515207
2023-09-20,1,5,0.0008538046239178754
2023-09-20,-1,5,-0.0005462429211456342
2023-09-20,-1,5,-0.0015518094231080082
2023-09-20,-1,5,-0.0010930790666237589
2023-09-20,-1,5,-0.0021600435681584096
2023-09-20,-1,5,-0.002826260115521617
2023-09-20,-1,5,0.00326273421682316
2023-09-20,-1,5,0.002220098343398591
2023-09-20,1,5,-6.812125543392822e-05
2023-09-20,-1,5,-0.0021371442712246336
2023-09-20,-1,5,-0.0015584459070159817
2023-09-20,-1,5,-0.00028832429150843486
2023-09-20,-1,63,0.0011447280350950773
2023-09-20,1,5,0.002895178156726075
2023-09-20,-1,5,-0.002967760656947649
2023-09-20,-1,5,0.000635890330188571
2023-09-20,-1,5,0.0002633209678251648
2023-09-20,-1,5,0.0006026462459696735
2023-09-20,-1,5,-0.0014014697825462386
2023-09-20,-1,5,-0.0006247223724536454
2023-09-20,-1,5,-0.0027846733906873866
2023-09-20,-1,5,0.0018735353915248498
2023-09-20,-1,5,-0.0013681086542072785
2023-09-20,-1,5,0.0014873627158059066
2023-09-20,-1,5,0.007755351397822519
2023-09-20,1,5,0.004967097182888736
2023-09-20,-1,5,-0.0025766695947398444
2023-09-20,-1,5,-0.005899999352487362
2023-09-20,-1,5,0.0028175361426970302
2023-09-20,-1,5,0.0006494917584953241
2023-09-20,-1,6,-0.003109326437615023
2023-09-20,-1,5,-0.00155776752767528
2023-09-20,-1,5,-0.00023347239890408867
2023-09-23,1,5,-0.0005150019207665334
2023-09-26,1,5,-0.000469864041434953
2023-09-26,1,5,-0.000801191042092919
2023-09-26,1,6,0.0005207142857141522
2023-09-26,-1,5,-0.0008240150218672969
2023-09-26,-1,6,-0.0031141437527580362
2023-09-26,-1,5,-0.0017424810226514542
2023-09-26,-1,5,0.0010906196022231751
2023-09-26,-1,5,-0.00020875822206029005
2023-09-26,-1,5,-0.001450948194954782
2023-09-26,-1,6,-1.1394410586451523e-05
2023-09-26,-1,5,-0.0009114116840028274
2023-09-26,-1,5,0.00109883541133865
2023-09-26,1,5,-0.00035946901846101154
2023-09-26,1,5,-0.001486595771821586
2023-09-26,1,5,-0.000420194117422945
2023-09-26,1,5,-0.00027558106584618647
2023-09-26,1,5,-0.0016694753929174522
2023-09-26,1,5,0.00012510844912044805
2023-09-26,1,5,-0.0012659014623147002
2023-09-26,1,5,-0.0014491285207913207
2023-09-26,1,5,-0.0005838243369496453
2023-09-26,1,14,-5.0492963650283665e-05
2023-09-26,1,5,-0.0030049687893701216
2023-09-26,1,5,-0.0010836302080947102
2023-09-26,1,5,7.701603665516432e-05
2023-09-26,1,5,-0.0030129348373220677
2023-09-26,1,5,-0.0006444789946798423
2023-09-26,1,5,-0.0005258733223721389
2023-09-26,1,5,-0.0015619414975974188
2023-09-26,1,5,0.0001935652797703803
2023-09-26,1,5,0.0030320844273227787
2023-09-26,-1,10,7.094354353437426e-05
2023-09-26,1,5,-0.0030780133062810466
2023-09-26,1,5,-0.0009425431732737465
2023-09-26,1,5,-0.0016609517304363997
2023-09-26,1,5,0.0007318323667601656
2023-09-26,1,5,0.0013591221374046891
2023-09-26,-1,5,-1.0649091857771768e-06
2023-09-26,1,5,-0.0026243954419758464
2023-09-26,1,5,-0.0005489562203354058
2023-09-26,1,5,-0.0013208539101726147
2023-09-26,1,5,0.00031529181116390925
2023-09-26,1,7,-0.0019963125820935956
2023-09-26,1,5,0.0010873175729401718
2023-09-29,-1,5,0.0003850714042842873
2023-09-29,1,5,-0.0036139053803339594
2023-09-29,1,5,-0.0010728073275060868
2023-09-29,1,5,0.001669381776643275
2023-09-29,1,5,0.001880882007194662
2023-09-29,1,5,-0.0005452587764703253
2023-09-29,1,5,-0.0006718447002341253
2023-09-29,-1,5,-0.002535882787127408
2023-09-29,-1,5,0.0025043180519983
2023-09-29,-1,5,0.0007744106985655974
2023-09-29,1,5,0.0018417712736100156
2023-09-29,1,5,-0.00702718590034096
2023-09-29,1,5,0.007923272728631525
2023-09-29,-1,5,0.003354746114604346
2023-09-29,1,5,0.0016755750457881358
2023-09-29,1,5,-0.0010099737819899146
2023-09-29,1,5,0.00037814485126713704
2023-09-29,-1,5,0.0019312472943823766
2023-10-02,-1,5,0.0007776006809113167
2023-10-02,-1,5,-0.003461866260308366
2023-10-02,-1,5,-0.0008550318059337702
2023-10-02,-1,5,-0.004539207266353318
2023-10-02,-1,5,0.0027113819309879106
2023-10-02,1,5,0.0013253670236341164
2023-10-02,-1,5,-0.008857188133243377
2023-10-02,-1,5,-0.0031377216261999075
2023-10-02,-1,5,0.0017916613347613297
2023-10-02,-1,5,0.003873156256063715
2023-10-02,-1,5,-0.0022907001361892054
2023-10-02,-1,5,-0.0030451956107713785
2023-10-02,-1,5,-0.0006499120580874539
2023-10-02,1,61,-0.0031309092190583976
2023-10-02,1,5,-0.0011265661330788768
2023-10-02,1,5,0.0004080557333682733
2023-10-02,1,13,-0.012827390907934333
2023-10-02,-1,5,0.002091766226694991
2023-10-02,1,5,0.003323576697353559
2023-10-02,-1,5,0.0003945870857509637
2023-10-02,1,5,-0.00854415749042442
2023-10-02,1,5,0.0009168585986664701
2023-10-02,-1,5,0.0015468614122640667
2023-10-02,1,5,-0.006976528155346828
2023-10-02,1,5,-0.006348458175876204
2023-10-02,1,5,0.0030117799659190037
2023-10-02,-1,5,0.0005169202707758225
2023-10-05,-1,5,0.0006250895156788006
2023-10-05,-1,5,-0.0020451804029864573
2023-10-05,-1,5,0.001653559061211951
2023-10-05,-1,5,-0.0010143061860806157
2023-10-05,-1,5,-0.0003682368122785439
2023-10-05,-1,5,-0.0018374574291808998
2023-10-05,-1,7,0.0008389956304326041
2023-10-05,-1,5,-0.00024906740502211855
2023-10-05,-1,5,-0.00945428867181436
2023-10-05,-1,5,-0.0012267343288168697
2023-10-05,-1,5,-0.0027919064295718887
2023-10-05,-1,28,0.0032249161592154407
2023-10-05,-1,5,0.011187081646387542
2023-10-05,1,6,-0.00072881367000438
2023-10-05,1,5,0.00021524456719762563
2023-10-05,1,5,-0.000684679290618384
2023-10-05,1,5,0.0022803391684901864
2023-10-05,-1,5,-0.0008741253460816111
2023-10-05,1,5,0.0017771322285113356
2023-10-05,1,5,-0.0005535706789683846
2023-10-05,1,5,-0.0006519716788300766
2023-10-05,1,5,-0.0013917624923922012
2023-10-05,1,5,0.0012880190158434668
2023-10-05,1,5,-0.0011402122221291777
2023-10-05,1,5,0.0008556081840611074
2023-10-08,1,5,-0.0016218880863321794
2023-10-08,1,5,0.000758693616471795
2023-10-08,1,5,-0.002094255132846945
2023-10-08,1,5,-8.415133518374629e-05
2023-10-08,1,5,-0.0011239769798973565
2023-10-08,1,5,-6.64104908394968e-05
2023-10-08,1,5,-0.0008912598794518777
2023-10-08,1,5,-0.00044876572018709416
2023-10-08,1,5,0.0006191223306696858
2023-10-08,1,5,0.003501821414553186
2023-10-08,-1,5,0.00211952020707612
2023-10-08,-1,5,-0.0018612119584676123
2023-10-08,-1,5,0.0005773581023731933
2023-10-11,1,5,-0.00040687011469048285
2023-10-11,1,5,0.00134218437667738
2023-10-11,1,5,-0.0023956197214956565
2023-10-11,1,5,-0.009499222124767115
2023-10-11,1,5,-0.003564967573144673
2023-10-11,1,5,-0.001403786902091031
2023-10-11,1,5,0.002240779208763477
2023-10-11,1,5,-0.0005494945992082222
2023-10-11,-1,5,-0.0027630347514362996
2023-10-11,-1,5,-0.0013596067250656874
2023-10-11,-1,5,-0.002030904012449819
2023-10-11,-1,5,0.0031027535549192353
2023-10-11,-1,5,0.004044838706121767
2023-10-11,1,5,0.003351820106583137
2023-10-11,1,82,-0.0017118622933293692
2023-10-11,1,5,-0.0007237847241448602
2023-10-11,1,5,-0.0022810692276467592
2023-10-11,1,5,-0.0012520883830919316
2023-10-11,1,5,-0.009827467422976188
2023-10-11,1,5,-0.0028384624183251383
2023-10-11,1,5,0.0012514317906344163
2023-10-11,1,5,-0.0015488547454551305
2023-10-11,1,5,0.00024057660917237167
2023-10-11,1,61,0.0033390148478211206
2023-10-11,-1,5,-0.0018305066714075502
2023-10-11,-1,5,0.0005590831305894439
2023-10-11,-1,5,0.00035898314282928345
2023-10-11,-1,5,0.0007177533775568068
2023-10-11,-1,5,-0.0025827944121115665
2023-10-11,-1,5,-0.000954423226346368
2023-10-11,-1,5,-0.0023548317592270718
2023-10-14,-1,5,0.0012157937826293153
2023-10-14,-1,5,0.0008099451104288113
2023-10-17,1,5,0.0008817043847241801
2023-10-17,1,5,0.0006117008182242034
2023-10-17,1,5,-0.0012613431700639333
2023-10-17,1,5,-0.0022214305949008195
2023-10-17,1,5,-0.002028183041364817
2023-10-17,1,5,-0.00027924698313680485
2023-10-17,1,5,-0.0022569301085575977
2023-10-17,1,5,0.000969910098491622
2023-10-17,1,5,0.0021687161859693105
2023-10-17,1,5,0.002658442619467516
2023-10-17,-1,5,0.0008864523632859389
2023-10-17,-1,5,0.0005184124330375739
2023-10-17,-1,5,-0.005131111423747836
2023-10-17,-1,5,-0.0003596203752411208
2023-10-17,-1,5,0.0015244404080731466
2023-10-17,1,5,-0.000850758696792464
2023-10-17,1,5,-0.006170169726774366
2023-10-17,1,5,0.0009062831072925159
2023-10-17,1,5,0.0006032862430249142
2023-10-17,-1,5,-0.001965473360258152
2023-10-17,-1,5,-0.005093870749830975
2023-10-17,-1,5,-0.0007418037440270474
2023-10-17,-1,5,-0.0013310038784018485
2023-10-17,-1,5,0.004975933773118613
2023-10-17,1,5,-0.0009106207861707126
2023-10-17,1,5,0.00046599250079210064
2023-10-17,1,5,0.0017814046153032392
2023-10-17,-1,5,-0.0014337761697345575
2023-10-17,-1,5,0.00021660107004822804
2023-10-17,-1,5,0.0012757163559042328
2023-10-17,1,5,0.00036446292767305943
2023-10-20,-1,5,0.001210742987547031
2023-10-20,1,5,0.0002967414510110512
2023-10-20,-1,5,-0.01015437543106762
2023-10-20,-1,7,-0.005576903693053581
2023-10-20,-1,5,-0.0032069215372297344
2023-10-20,-1,5,-0.0030386470016794953
2023-10-20,-1,27,-0.0022872151261078
2023-10-20,-1,5,0.004528196847169597
2023-10-20,-1,5,-0.000356262288904896
2023-10-20,-1,5,-0.0022290040529345245
2023-10-20,-1,5,-0.0013307013333697104
2023-10-20,-1,5,-0.0022040738813380867
2023-10-20,-1,5,-0.015154726850494182
2023-10-20,-1,5,0.003336155291644161
2023-10-20,-1,5,-0.0026703261458791983
2023-10-20,-1,5,-0.006859581904758827
2023-10-20,-1,5,0.0021619431141222667
2023-10-20,1,31,0.000979094446545925
2023-10-20,-1,5,0.003828364222428105
2023-10-20,1,5,-0.01229578726968178
2023-10-20,1,5,-0.0008287507931069026
2023-10-20,1,5,0.0057370687595856285
2023-10-20,1,5,0.0006264789687923655
2023-10-20,1,5,-0.0021110366029479244
2023-10-20,1,5,0.0037635400061912243
2023-10-20,-1,5,-0.0006191088038070557
2023-10-20,-1,5,-0.0011529741485612477
2023-10-20,-1,5,-0.0014163894077628414
2023-10-20,-1,5,-0.00039645499420953845
2023-10-20,-1,6,-0.0034694423582171674
2023-10-20,-1,5,0.0009655906905975953
2023-10-23,-1,5,-0.003074178378019099
2023-10-23,-1,5,-0.003532672970548323
2023-10-23,1,5,-0.0021154083390822476
2023-10-23,-1,5,-0.003373243537624415
2023-10-23,1,5,0.002076429660082979
2023-10-23,-1,5,-0.0032305565757000942
2023-10-23,-1,5,-0.0018796648571604568
2023-10-23,1,6,-0.0017694992587041214
2023-10-23,1,31,0.001151181533646406
2023-10-23,1,5,-0.006121253524340287
2023-10-23,1,5,0.002643660202067799
2023-10-23,1,5,-0.003978410026799051
2023-10-23,1,5,-0.004389710913052791
2023-10-23,1,5,0.0018098514363615315
2023-10-23,-1,5,0.0006619974474244006
2023-10-23,-1,5,0.0018151783023197532
2023-10-23,1,5,0.002397827142402942
2023-10-23,-1,5,-0.0014049054496845792
2023-10-23,-1,5,-0.007693484109889737
2023-10-23,-1,8,-0.0021070114615971414
2023-10-23,-1,6,-0.003446806671615399
2023-10-23,-1,5,-0.0038218835657367056
2023-10-23,-1,5,-0.00029049415071163976
2023-10-23,1,5,0.0022211152124591016
2023-10-23,-1,5,0.007936292476313611
2023-10-23,-1,5,-0.0007535652931455749
2023-10-23,-1,5,-0.008645787475247302
2023-10-23,-1,5,-0.011451080639210132
2023-10-23,-1,5,0.0053790130176469275
2023-10-23,1,5,0.003695049293826081
2023-10-23,-1,5,-0.028418013957949573
2023-10-23,1,5,-0.05032578525279524
2023-10-23,1,5,0.0011131992563570559
2023-10-26,1,5,0.0066620630519735324
2023-10-26,1,5,-0.002885710740692604
2023-10-26,1,5,-0.00012195175248180801
2023-10-26,1,5,-0.0031612785850750336
2023-10-26,1,5,0.00021436799184509925
2023-10-26,1,5,-0.0009821345438494888
2023-10-26,1,5,-0.003178086408263836
2023-10-26,1,5,-0.007633390684416319
2023-10-26,1,5,0.003698723724605946
2023-10-26,1,5,0.0009616705730694508
2023-10-26,1,5,0.0004634305011918527
2023-10-26,1,6,-0.0030728134987779154
2023-10-26,1,5,-0.005278542569242817
2023-10-26,1,10,0.004137548782542744
2023-10-29,1,5,-0.00010719822281385339
2023-10-29,1,5,-0.00011961718575342884
2023-10-29,1,5,0.0009795994369385386
2023-10-29,-1,5,-0.0020076159090576806
2023-10-29,-1,5,-0.0011234545895440484
2023-10-29,-1,6,-0.00520060439560438
2023-10-29,1,5,-0.001526261509646798
2023-10-29,-1,5,-0.002274761185549201
2023-10-29,-1,5,0.0009143071828833782
2023-10-29,-1,5,-0.00042719094642612576
2023-10-29,-1,5,-0.001286840109870957
2023-10-29,-1,5,0.0009654728950403979
2023-10-29,-1,5,0.0011648742111114996
2023-10-29,-1,5,8.412752917802424e-05
2023-10-29,-1,5,-0.003155413776774252
2023-10-29,-1,5,0.001982177255250017
2023-11-01,-1,5,0.0027653367883117563
2023-11-01,-1,5,0.001969526379676567
2023-11-01,1,5,-0.0015219353481053521
2023-11-01,1,6,-0.0011824286079271107
2023-11-01,1,5,0.0006271944530790718
2023-11-01,1,6,-0.002794795770378722
2023-11-01,1,5,-0.0009939029678109335
2023-11-01,1,6,-0.0012642168898810424
2023-11-01,1,5,-9.27285809809163e-05
2023-11-01,1,5,0.0008247195778416372
2023-11-01,1,5,-0.00040140305107688723
2023-11-01,1,6,-0.0007904588179182269
2023-11-01,1,5,0.00039094252492283266
2023-11-01,1,6,-0.0012235389502811
2023-11-01,-1,5,-0.01064193597767732
2023-11-01,1,5,-0.01130929799426933
2023-11-01,-1,5,0.012568686384022032
2023-11-01,1,5,0.0020032910336322263
2023-11-01,1,5,-0.0010237137299730636
2023-11-01,1,5,0.0032536758570015922
2023-11-01,1,5,0.003789607947131513
2023-11-01,-1,5,0.0009536994880102179
2023-11-01,1,5,-0.00027512120615452707
2023-11-01,-1,6,0.002497900494713934
2023-11-01,-1,5,-0.010008081720944528
2023-11-01,-1,5,-0.010995518387239722
2023-11-01,-1,5,0.0026211762122252957
2023-11-01,-1,5,0.002516565929418013
2023-11-01,1,5,0.001203938071930366
2023-11-01,-1,5,-0.0003197219808372397
2023-11-04,-1,5,-0.0006723323123690171
2023-11-04,-1,5,-0.0006550524816312796
2023-11-04,-1,5,0.0003311997866020656
2023-11-04,-1,5,-0.0038947797593436584
2023-11-04,-1,5,-0.00010258501668231046
2023-11-04,-1,5,0.0009153619387931022
2023-11-04,-1,6,-0.0015929401858152947
2023-11-04,-1,5,-0.0005571878070638746
2023-11-04,-1,5,0.0007133075624392027
2023-11-04,-1,5,0.0012612886166543658
2023-11-04,-1,5,-0.0089815511186076
2023-11-04,-1,5,1.7564733831465615e-05
2023-11-04,-1,5,2.1875759046163898e-05
2023-11-04,-1,5,-0.0031969671204903904
2023-11-04,-1,5,-0.008777449961068051
2023-11-04,-1,5,0.005528334279171709
2023-11-07,1,5,-0.005012609689213965
2023-11-07,1,5,0.0019143634165303403
2023-11-07,1,5,-0.00022088283296822764
2023-11-07,1,5,-0.0026163142759036417
2023-11-07,1,5,-0.0013177925997439055
2023-11-07,1,5,0.0006146845719005589
2023-11-07,1,5,-0.0009596365182729659
2023-11-07,1,5,-0.0018646618246804247
2023-11-07,1,5,0.00025298260779810244
2023-11-07,1,5,-0.0021454096268905265
2023-11-07,1,5,0.0007781724826267378
2023-11-07,1,5,-0.0013690723157888107
2023-11-07,1,5,0.0012811332317012591
2023-11-07,1,5,-0.00316154800036611
2023-11-07,1,5,0.0010444676687244026
2023-11-07,1,5,-0.0016031713579499063
2023-11-07,1,5,-0.000793534509692828
2023-11-07,1,5,-0.0018226381049571416
2023-11-07,1,5,-0.004183698411696135
2023-11-07,1,5,-0.002022669156699408
2023-11-07,1,5,-0.0013265552142554538
2023-11-07,1,5,-0.0010615625234222104
2023-11-07,1,33,-0.004027065814372011
2023-11-07,1,5,0.0032443441508668847
2023-11-07,1,5,0.00017415268734216627
2023-11-07,1,5,0.0006388123562672265
2023-11-07,1,5,0.0007402303601797278
2023-11-07,1,5,-0.0032580738194041836
2023-11-07,1,5,-0.0005369637545827309
2023-11-07,1,5,-0.00032408401343114724
2023-11-07,1,5,-0.0024804421065661164
2023-11-07,1,5,0.0027490208283493245
2023-11-07,-1,5,-0.012729749235868948
2023-11-07,-1,5,-0.0038774660642447167
2023-11-07,-1,5,0.0016717540152156318
2023-11-07,-1,5,-0.000639176037594169
2023-11-07,1,5,0.0003843314438990997
2023-11-07,1,5,-0.008822119685951535
2023-11-07,1,5,0.0024402256919841547
2023-11-07,1,71,-0.0017588887901134886
2023-11-10,-1,5,0.0012395437941281062
2023-11-10,-1,5,-0.001573053353741749
2023-11-10,-1,5,-0.003133406283694351
2023-11-10,-1,5,-0.0009166645922472071
2023-11-10,-1,5,-0.0047668033148449696
2023-11-10,-1,5,0.00127588596365108
2023-11-10,1,5,-0.0027907768052515824
2023-11-10,1,5,-0.0013258347610602406
2023-11-10,-1,5,0.00035257172030450656
2023-11-10,-1,5,-0.0061316493384644954
2023-11-10,-1,5,-0.0019334579271471086
2023-11-10,-1,5,0.0015828298745244607
2023-11-10,-1,5,-0.00391139399430479
2023-11-10,-1,5,0.0007852393686318959
2023-11-10,-1,5,0.006232589450615722
2023-11-10,-1,5,-0.000732328319884512
2023-11-10,-1,5,0.005260023507009104
2023-11-10,-1,5,0.0007213420984397145
2023-11-10,-1,5,-0.0015298625168509994
2023-11-10,-1,20,0.005020330966486297
2023-11-10,-1,5,0.0004693159606062314
2023-11-10,-1,5,-0.0017305582860270285
2023-11-10,-1,5,-8.442890052634533e-05
2023-11-10,-1,5,0.002627659842435237
2023-11-10,-1,5,-0.0030552685284639947
2023-11-10,-1,5,-0.0008532286681922073
2023-11-10,-1,5,-0.00023453864942618574
2023-11-10,-1,5,-0.004949219924937964
2023-11-10,-1,5,-0.0014116923241392354
2023-11-10,-1,5,0.0011375413892243391
2023-11-13,1,5,-0.0012797902560090502
2023-11-13,1,12,0.0015504106994463362
2023-11-13,-1,5,0.0032387862891038455
2023-11-13,1,5,-0.00399264571902419
2023-11-13,1,5,0.0002825962495557889
2023-11-13,1,5,0.0013523831349626092
2023-11-13,1,5,-0.0026609611575779124
2023-11-13,1,5,-0.0021218076239088446
2023-11-13,1,5,0.0018739963962738915
2023-11-13,1,5,-0.0019677245155992895
2023-11-13,1,5,-0.000753453468403331
2023-11-13,1,5,0.0011644544665382894
2023-11-13,1,5,-0.0019795717424623827
2023-11-13,1,5,-0.00023946295732352174
2023-11-13,1,5,0.003696243693088242
2023-11-13,1,5,-0.002046955822245511
2023-11-13,1,5,-0.0021114992895910345
2023-11-13,1,5,0.0020676234083378264
2023-11-13,1,5,0.0012639955571042694
2023-11-13,1,5,-0.00997282092135382
2023-11-13,1,5,0.0027083948177425987
2023-11-13,1,5,0.0008505883632662914
2023-11-13,1,5,0.00025976159194168746
2023-11-16,-1,5,0.00012996450304264562
2023-11-16,-1,5,0.004137139198744755
2023-11-16,-1,5,0.006462226213942157
2023-11-16,1,5,-0.00044719436322609985
2023-11-16,1,5,0.0014619016340917113
2023-11-16,1,5,-0.001649423066645228
2023-11-16,1,5,0.001160839854929152
2023-11-16,1,5,0.0008131619285280389
2023-11-16,1,5,-0.0012356943274079435
2023-11-16,1,5,0.002415301293746841
2023-11-16,1,5,0.0008182722597235847
2023-11-16,1,5,0.004843869690116243
2023-11-16,-1,12,0.007701900544324458
2023-11-16,1,5,-0.005350722888009918
2023-11-16,1,5,-0.0010177436116324823
2023-11-16,1,5,-0.008401415525544242
2023-11-16,1,5,-0.00637826355205201
2023-11-16,1,6,0.0025580571856320122
2023-11-16,-1,5,-0.004098702017800104
2023-11-16,-1,5,0.007889142036882346
2023-11-16,-1,5,0.0008235932888839836
2023-11-16,-1,5,0.006399941781009055
2023-11-16,1,5,-0.0018698250055028676
2023-11-16,1,5,-0.006955481408393582
2023-11-16,-1,5,-0.00020480179501142215
2023-11-16,-1,5,-0.006116358887738926
2023-11-16,-1,5,-0.00016920855070084995
2023-11-16,-1,5,-0.0014687487641498742
2023-11-16,-1,5,-0.006844287269781646
2023-11-16,-1,5,-0.002655823616509345
2023-11-16,-1,5,0.002186450632785719
2023-11-16,-1,5,-6.987048178624933e-05
2023-11-19,-1,5,-0.0006520083298498512
2023-11-19,-1,5,-0.0021103261676936325
2023-11-19,-1,5,0.00027293320634641527
2023-11-19,-1,5,-0.0019906303783637225
2023-11-19,-1,5,-0.0009578029796580289
2023-11-19,-1,5,0.0004854070647739017
2023-11-19,-1,5,-0.0022828230928296223
2023-11-19,-1,5,0.0013903866880478621
2023-11-19,-1,5,4.205470880441775e-05
2023-11-19,-1,5,-0.001485792891319282
2023-11-19,-1,5,0.0013775114998413884
2023-11-19,-1,5,-0.0009663542820417813
2023-11-19,-1,5,-0.0018055084551165668
2023-11-19,-1,5,-0.004543955878135775
2023-11-19,-1,5,-0.003239678527223566
2023-11-19,-1,5,-0.0011933959248305315
2023-11-19,-1,6,-0.005056266969798939
2023-11-19,-1,5,0.003312594611462883
2023-11-19,-1,5,-0.0012253914250997533
2023-11-19,-1,5,-0.0037828532336015575
2023-11-19,-1,5,-0.0011486639994371939
2023-11-19,-1,6,3.023446031419363e-05
2023-11-19,-1,5,-0.014578575720861464
2023-11-19,-1,5,-0.0013823934428419116
2023-11-22,1,5,0.009193601594182643
2023-11-22,1,6,-0.00031102512136699223
2023-11-22,1,5,0.002318584711452798
2023-11-22,-1,6,-0.000976759939584293
2023-11-22,-1,5,6.75337288819634e-05
2023-11-22,-1,5,0.0009181648430746647
2023-11-22,1,5,-0.0022558821637306825
2023-11-22,1,5,0.001449915138929725
2023-11-22,1,5,0.0009078778265909082
2023-11-22,1,6,-0.002522484705361039
2023-11-22,1,6,0.0032578883542421777
2023-11-22,1,5,-0.0007475425732171302
2023-11-22,1,5,-0.007818893641776625
2023-11-22,1,5,0.006004772989187168
2023-11-22,1,5,-0.0005828503040160026
2023-11-22,1,5,-0.0025964951989026486
2023-11-22,1,5,0.0032189072276515573
2023-11-22,-1,9,-0.0018488841233970654
2023-11-22,-1,5,-0.015250500322224803
2023-11-22,-1,5,-0.005180297307902093
2023-11-22,-1,5,0.002596633855631414
2023-11-22,-1,5,-0.002759067355012912
2023-11-22,-1,5,-0.0043129744923196545
2023-11-22,-1,5,-0.003841582449988057
2023-11-22,-1,5,0.002894903204819721
2023-11-22,-1,5,0.006626603004456888
2023-11-22,1,5,-0.003628138518079249
2023-11-22,1,7,0.001663421094949713
2023-11-25,1,5,0.001657629791723625
2023-11-25,1,5,0.001077145858351336
2023-11-25,1,5,3.1855541784586825e-05
2023-11-25,1,5,-0.001035220244033519
2023-11-25,1,5,-0.0011281188918609852
2023-11-25,1,5,-0.0006062086513994313
2023-11-25,1,5,-0.0008262616108328235
2023-11-25,1,5,0.0004360343902056196
2023-11-25,1,5,0.000886166905164465
2023-11-25,1,5,-0.0006218639139630721
2023-11-25,1,5,-0.0008103100822531294
2023-11-25,1,5,-0.0005641381911543618
2023-11-25,1,5,-0.0023968766692227805
2023-11-25,1,5,-0.00011278044174761737
2023-11-25,1,5,-0.000200581381785636
2023-11-28,-1,5,-0.0013339243772383935
2023-11-28,-1,5,-0.00017448635944111713
2023-11-28,-1,5,0.0007148384567465249
2023-11-28,-1,5,3.158372562200873e-05
2023-11-28,-1,5,0.000244402647723574
2023-11-28,-1,5,-0.0017204698244990824
2023-11-28,-1,5,0.0006743138135634763
2023-11-28,-1,5,-0.0005545590353983053
2023-11-28,-1,5,0.0009184925499342023
2023-11-28,1,5,-0.0031217296535989703
2023-11-28,1,5,-0.0009458523190521427
2023-11-28,1,5,0.0020344774061049065
2023-11-28,-1,5,-0.001977313942432224
2023-11-28,-1,5,0.0009943374553536555
2023-11-28,-1,5,-0.0007645010529725992
2023-11-28,1,5,-0.0023081048848205277
2023-11-28,1,5,0.0008864063028563574
2023-11-28,-1,5,-0.00021942511117839503
2023-11-28,-1,5,0.0007535396106347902
2023-11-28,-1,5,-0.004333894000880412
2023-11-28,-1,5,-0.0022956658486839587
2023-11-28,-1,5,0.0005544549284272615
2023-11-28,-1,5,-0.0019243296937179744
2023-11-28,-1,5,-0.001388297269254768
2023-11-28,-1,5,-0.005447819740979354
2023-11-28,-1,5,-0.0007328341146848881
2023-11-28,-1,5,-0.00023026431158695837
2023-11-28,-1,6,-0.0005801515719314198
2023-11-28,-1,5,-0.005992883332886889
2023-11-28,-1,5,-0.003283614957416303
2023-11-28,-1,5,-0.007825226962556997
2023-11-28,-1,5,-0.005702875213639047
2023-11-28,-1,5,0.0008341335933217953
2023-11-28,-1,5,-0.0018558202965939796
2023-11-28,-1,5,0.0004211659078615093
2023-11-28,-1,104,-0.0029868947479241847
2023-11-28,-1,45,-0.0028414458108339535
2023-11-28,-1,5,-0.00167287119847509
2023-11-28,-1,5,-0.0009334942570933812
2023-11-28,-1,5,0.002379796923286881
2023-11-28,1,5,-0.0006102031809796514
2023-11-28,-1,5,0.0017221185326407595
2023-11-28,1,5,-0.0024453040100423373
2023-11-28,1,5,-0.0027775792992721926
2023-12-01,1,5,0.0009843511009958728
2023-12-01,-1,5,-0.0008630263650702407
2023-12-01,-1,5,0.00016508254902997132
2023-12-01,-1,5,-0.003516245752995195
2023-12-01,-1,5,-0.0011037053481358083
2023-12-01,-1,5,-0.0003492640125720147
2023-12-01,-1,5,0.0004532540152720199
2023-12-01,-1,5,-0.0042015876752390935
2023-12-01,-1,5,-0.0007788665258943727
2023-12-01,-1,5,-0.0009591963625339982
2023-12-01,-1,5,0.0009108527030555202
2023-12-01,-1,5,-0.004571606240759751
2023-12-01,-1,5,-0.005212372331900694
2023-12-01,-1,5,-2.8868694917905374e-07
2023-12-01,1,5,-0.004523583817659327
2023-12-01,1,5,0.0013309775292033588
2023-12-01,1,5,-0.0027802302483481145
2023-12-01,1,5,-0.0016941137022591923
2023-12-01,1,5,0.00310569192583271
2023-12-01,-1,5,-0.007280622406638904
2023-12-01,-1,5,0.0008293112563832472
2023-12-01,-1,5,-0.000570326016318956
2023-12-01,-1,5,4.008638947133891e-05
2023-12-01,-1,5,-0.0014004651846200589
2023-12-01,-1,5,0.0004804265091525317
2023-12-01,-1,5,0.0016527937050596075
2023-12-04,-1,5,0.00042563772088838325
2023-12-04,1,9,0.0033141670841775888
2023-12-04,-1,5,0.00033579812455669666
2023-12-04,-1,5,0.004588479381752386
2023-12-04,1,5,0.002164938428105667
2023-12-04,1,5,0.0014823501797722183
2023-12-04,1,5,0.004729093104114346
2023-12-04,-1,5,1.2240172746980191e-05
2023-12-04,-1,6,-2.9308500862856748e-05
2023-12-04,1,5,-0.001635790139049298
2023-12-04,1,5,-0.0016849494149299704
2023-12-04,1,5,8.272343445531194e-05
2023-12-04,1,5,-0.007198203673326076
2023-12-04,1,5,0.0006734952741386802
2023-12-04,1,5,0.0017197517569273457
2023-12-04,-1,5,0.0037598708354423254
2023-12-04,1,5,-0.004056858204688429
2023-12-04,1,5,0.0002715778668957448
2023-12-07,1,5,0.0010720766016236172
2023-12-07,1,5,0.0013284124331169322
2023-12-07,1,5,-0.0016901067702704275
2023-12-07,1,5,0.0012920811821154898
2023-12-07,1,5,-0.0014315178819594432
2023-12-07,1,5,-0.0026489405557379997
2023-12-07,1,5,-0.007988011332331901
2023-12-07,1,5,-0.002361524161813955
2023-12-07,1,5,-0.0011858354375453017
2023-12-07,1,5,-0.0019134909480953977
2023-12-07,1,5,-0.0006060272546389299
2023-12-07,1,5,-0.0034020839515490064
2023-12-07,1,5,0.006094325177190496
2023-12-07,1,5,-0.0011514115230329414
2023-12-07,1,5,0.0024412659860128527
2023-12-07,1,5,0.00403095981937146
2023-12-07,-1,5,0.001720771547845723
2023-12-07,1,5,-0.0007752295757713078
2023-12-07,1,5,-0.002054079867501002
2023-12-07,1,5,-0.002305127891087666
2023-12-07,1,5,-0.002047679946511727
2023-12-07,1,5,-0.004229435961661088
2023-12-07,1,5,0.00297336670774756
2023-12-07,1,5,-0.0012463715331537117
2023-12-07,1,5,0.002101344941757677
2023-12-07,1,5,-0.002911109101993825
2023-12-07,1,5,0.0008724951873241849
2023-12-10,-1,5,0.00011558580247056371
2023-12-10,-1,5,-0.00036162571707259994
2023-12-10,1,5,-0.001132497915922459
2023-12-10,1,5,0.0009292536867208656
2023-12-10,1,5,0.0011805992524802078
2023-12-10,-1,5,0.0011286852989810803
2023-12-10,-1,5,0.000770767788300486
2023-12-10,-1,5,-0.0017884542921405289
2023-12-10,-1,5,-0.001826745660425566
2023-12-10,-1,5,0.000704636436803352
2023-12-10,-1,5,-0.001826146139885687
2023-12-10,-1,5,0.002370707316629528
2023-12-10,1,5,0.0005265183198159273
2023-12-13,-1,5,0.002342245798450937
2023-12-13,-1,5,0.00027866156935435493
2023-12-13,1,5,-0.0012979026869265886
2023-12-13,1,5,0.0014749806458233539
2023-12-13,-1,5,0.0005258341600266614
2023-12-13,-1,5,0.0010787268962483831
2023-12-13,1,6,0.0029762239289394254
2023-12-13,-1,5,-0.0009247566739903345
2023-12-13,-1,8,-0.0038098458946811964
2023-12-13,-1,5,-0.0017653455293965004
2023-12-13,-1,6,0.0015567637749263619
2023-12-13,-1,5,-0.006527565527285006
2023-12-13,-1,38,0.0005778406458108454
2023-12-13,-1,5,-0.0017426897850115197
2023-12-13,-1,5,-0.0017268736353844294
2023-12-13,-1,5,0.000947731521773465
2023-12-13,-1,5,-0.002560591546936053
2023-12-13,-1,5,0.0010690620598197698
2023-12-13,-1,5,-0.0002588384235591711
2023-12-13,-1,5,-0.000732144324664341
2023-12-13,-1,8,0.0021840974431197036
2023-12-13,-1,5,-0.003007198304915637
2023-12-13,-1,5,-0.0046245910562359716
2023-12-13,-1,5,-0.003689429400386912
2023-12-13,-1,5,0.0010128311393992617
2023-12-13,-1,5,-0.0008581282903317721
2023-12-13,-1,5,-0.012113164378799335
2023-12-13,-1,5,-0.001053127117431052
2023-12-13,-1,5,-0.005061303934456529
2023-12-13,-1,5,0.0036220802408293844
2023-12-13,-1,5,-0.00017558369455500367
2023-12-13,-1,5,-0.002003291008775554
2023-12-13,-1,5,-0.0009736500867004171
2023-12-13,-1,5,-0.006812039462285757
2023-12-13,-1,5,-0.010846422046730864
2023-12-13,-1,5,0.002367272885599625
2023-12-13,-1,5,-0.005634025751676985
2023-12-13,-1,5,0.00030062703514682776
2023-12-13,-1,11,-0.00573818477720095
2023-12-13,-1,5,-0.0043658432671492275
2023-12-13,-1,5,0.00441321741800188
2023-12-13,-1,5,0.000927348646210191
2023-12-16,1,5,-0.003123620932881377
2023-12-16,1,5,0.0011634663162924386
2023-12-16,-1,5,-0.00027828586579231585
2023-12-16,-1,9,-0.0006554749201345688
2023-12-16,-1,5,-0.0039809489953484545
2023-12-16,-1,5,2.8358908559400595e-05
2023-12-16,-1,5,-0.0027739500821575835
2023-12-16,-1,5,0.0012494717745735184
2023-12-16,1,5,0.0014239877133849776
2023-12-16,1,5,-0.0003127326022336895
2023-12-16,1,5,-0.001163166189111886
2023-12-16,1,5,-0.0015851911586191592
2023-12-16,1,5,-0.0008899345060586205
2023-12-16,1,6,-0.0015128326400505876
2023-12-16,1,5,-0.00034917380912441443
2023-12-16,1,5,-0.003494371669275742
2023-12-16,1,5,0.00031226818460478045
2023-12-16,1,5,0.0011796626783945885
2023-12-16,1,5,-0.0008499787179643835
2023-12-19,-1,5,-0.0007699393450669166
2023-12-19,-1,5,-0.012571628534074286
2023-12-19,-1,5,0.006126706103035506
2023-12-19,1,5,-0.0011670951381764216
2023-12-19,1,5,-0.0019884951163421927
2023-12-19,1,5,0.0012344889663182257
2023-12-19,1,5,-0.004648941095140524
2023-12-19,1,6,-0.0004579516577963293
2023-12-19,1,6,-0.0010680145658863993
2023-12-19,1,5,-0.002240969046372221
2023-12-19,1,5,0.000651788166684486
2023-12-19,1,5,0.001138754495659755
2023-12-19,1,5,0.0014086871508380283
2023-12-19,1,5,-0.0010674793849156372
2023-12-19,-1,5,0.002501022046312029
2023-12-19,1,5,-0.0014221135326501488
2023-12-19,1,5,-0.0034797901032767586
2023-12-19,1,5,-0.002245281820571876
2023-12-19,1,5,-0.0003603444799858412
2023-12-19,1,5,-0.0012960402606469468
2023-12-19,1,5,-0.0052389185453765585
2023-12-19,1,5,-0.008112004104927129
2023-12-19,1,5,0.007868762164638665
2023-12-19,1,5,0.0006585681933508059
2023-12-19,1,99,-0.0038343044603977305
2023-12-19,1,5,-0.008981149630857443
2023-12-19,1,5,0.00035994193194172086
2023-12-19,1,5,0.005412117574561337
2023-12-19,1,5,0.0010123923977953253
2023-12-19,1,5,0.0008591377139057221
2023-12-19,1,31,-0.00038160493929378914
2023-12-22,-1,5,-0.0015658200455582194
2023-12-22,-1,5,0.0006061756003186702
2023-12-22,-1,5,-0.005000628888534309
2023-12-22,-1,13,-0.0024852721088435836
2023-12-22,-1,5,0.0014111204084543139
2023-12-22,-1,8,-0.001508987064805345
2023-12-22,-1,5,0.0013827567323448364
2023-12-22,-1,5,-0.0019263307063020485
2023-12-22,-1,5,-0.002054659802231573
2023-12-22,-1,5,-0.0016996914220611115
2023-12-22,-1,5,-0.00014412130292690273
2023-12-22,-1,5,-0.0035516488391327816
2023-12-22,-1,5,0.011321899258299128
2023-12-22,1,5,-0.005534275216910467
2023-12-22,1,9,0.0023446857191324333
2023-12-22,1,5,-0.0037847949791369184
2023-12-22,1,5,-0.0018270450066456
2023-12-22,1,5,0.0035633242603658193
2023-12-22,1,5,-0.00045906643757170895
2023-12-22,1,5,-0.0005344533582175014
2023-12-22,1,5,-0.0032543308977370233
2023-12-22,1,5,0.0006621374976467087
2023-12-22,1,5,0.0018749492945326351
2023-12-22,1,5,0.002013734731853567
2023-12-22,-1,5,-0.005196608263980107
2023-12-22,-1,5,0.006562679476399269
2023-12-22,1,5,0.0009230328120243825
2023-12-22,1,38,0.0005388706221182704
2023-12-22,1,5,0.0008094523210610549
2023-12-22,-1,5,-0.00213403672146667
2023-12-25,-1,54,-0.002486756984959204
2023-12-25,-1,5,0.0004483931638136762
2023-12-25,-1,5,-0.001240550053870637
2023-12-25,-1,5,0.0010219303231611687
2023-12-25,1,5,0.0016877027394390232
2023-12-25,1,5,-0.0013785278875056428
2023-12-25,1,5,-0.0009178772172310777
2023-12-25,1,5,0.001585911771209536
2023-12-25,-1,5,-0.0028361271380133446
2023-12-25,-1,5,0.0017707645015311857
2023-12-28,-1,5,-0.008193312990369794
2023-12-28,-1,5,0.0032423815290563707
2023-12-28,-1,5,0.0012698264305893159
2023-12-28,1,5,0.00010240339838690782
2023-12-28,1,5,-0.0021960768408736953
2023-12-28,1,5,0.00011992002094335385
2023-12-28,1,5,0.00152438574259256
2023-12-28,-1,5,0.005659811221556066
2023-12-28,1,5,-0.003749316224634869
2023-12-28,1,5,-0.0009322662061944097
2023-12-28,1,5,-0.002924879657486612
2023-12-28,1,5,-0.0015887444900212766
2023-12-28,1,5,-0.003511532850106913
2023-12-28,1,5,0.0014767176211464839
2023-12-28,1,5,-0.0002613765405568568
2023-12-28,1,6,-0.002819044885092492
2023-12-28,1,5,0.002933352564356173
2023-12-28,1,5,0.0005843269997959921
2023-12-28,1,5,-0.0012938400821065899
2023-12-28,1,5,-0.0003690246094192883
2023-12-28,1,5,-0.0014011480024402334
2023-12-28,1,5,-0.00591837547713242
2023-12-28,1,5,-0.00419167225677225
2023-12-28,1,12,1.3407145863453371e-05
2023-12-28,1,5,-0.002405523382828789
2023-12-28,1,5,-0.0023538713360537478
2023-12-28,1,5,-0.0015836262406423995
2023-12-28,1,5,-0.0028664393448472603
2023-12-28,1,5,-0.0013820517132547283
2023-12-28,1,5,0.0030909937023017586
2023-12-28,1,6,0.0026207695040633694
2023-12-28,1,5,-0.0005980536578940597
2023-12-28,1,5,-0.00190301745542093
2023-12-28,1,5,0.00020762135009916316
2023-12-28,1,5,-0.003441571095855578
2023-12-28,1,5,0.0018873448368458834
2023-12-28,1,5,3.366602768312143e-05
2023-12-28,1,5,0.002938604187203653
2023-12-31,-1,5,-0.0013029104280378179
2023-12-31,-1,5,0.003341734976931188
2023-12-31,1,5,0.0010190537275382439
2023-12-31,-1,5,-5.0424052758735074e-05
2023-12-31,-1,5,0.0006558167809553317
2023-12-31,-1,5,0.0005338176846719223
2023-12-31,-1,5,-0.0014856193636208492
2023-12-31,-1,5,-0.0024044648035297933
2023-12-31,-1,5,0.0009765466551345248
2023-12-31,-1,5,-0.00041429409327992095
2023-12-31,-1,5,-0.007499379451738897
2023-12-31,-1,10,-0.0017991753023463564
2023-12-31,-1,6,0.0017845715988502042
2023-12-31,-1,5,-0.000287915141929329
2023-12-31,-1,5,0.0010177055697946913
2023-12-31,-1,5,-0.00042944664560434765
2023-12-31,1,9,0.0011941654427280457
2023-12-31,-1,5,-0.00128248864494368
2023-12-31,-1,5,-0.0007321845800429271
2023-12-31,-1,5,0.0018236734478141448
2023-12-31,-1,5,-0.0026187776618716296
2023-12-31,-1,5,-0.0007112860944963882
2023-12-31,-1,5,0.0019061892208552256
2023-12-31,-1,5,-0.0023902810762062576
2023-12-31,-1,6,-0.0026849988748137155
2023-12-31,-1,5,0.00044766923912636924
2023-12-31,-1,5,-0.002394787840702295
2023-12-31,-1,5,0.00018801144773578093
2023-12-31,-1,5,-0.0005071240664991649
2023-12-31,-1,5,-0.002161384039724601
2023-12-31,-1,5,0.0006670705093645979
2023-12-31,-1,5,-7.491191992042834e-05
2023-12-31,-1,78,0.006353784180260502
2023-12-31,1,5,0.001412899755675212
2024-01-03,1,5,-5.1673362903514766e-05
2024-01-03,1,5,0.0034205178646368743
2024-01-03,-1,5,-0.0003641217705669385
2024-01-03,-1,5,0.0001583083137695619
2024-01-03,-1,5,-0.000582509516424634
2024-01-03,-1,5,0.0064972938104576605
2024-01-03,1,5,0.0017272074146405525
2024-01-03,1,5,0.00356306126815692
2024-01-03,-1,5,-0.001930258975043453
2024-01-03,-1,5,0.0008250995682438922
2024-01-03,1,5,-0.005791057628469043
2024-01-03,1,5,-0.011711818318294764
2024-01-03,1,5,-0.06890745386495528
2024-01-03,-1,5,-0.010834840451773797
2024-01-03,-1,5,0.0021239155719501857
2024-01-03,1,5,-0.001882185769858491
2024-01-03,1,5,-0.0076939774004773365
2024-01-03,1,6,0.0009806422976687545
2024-01-03,1,5,0.004610714099572311
2024-01-03,-1,5,-0.009742356892700255
2024-01-03,-1,5,-0.0001996590300575306
2024-01-03,1,5,0.0003722458544294649
2024-01-03,1,5,0.0030359954287239588
2024-01-03,1,5,-0.012542951461921248
2024-01-03,1,5,0.009780078187119068
2024-01-03,-1,5,0.007606810983302126
2024-01-03,-1,5,0.0007285128665469043
2024-01-03,1,5,0.000629361603962042
2024-01-03,-1,5,-0.0006139517743021793
2024-01-03,-1,5,0.0023344391459605984
2024-01-06,1,5,0.0004913219418948844
2024-01-06,1,5,-0.0020381296284942008
2024-01-06,1,5,-0.002334701901330838
2024-01-06,1,6,-0.0014150128603457879
2024-01-06,1,5,-0.002089381105933985
2024-01-06,1,5,0.0012335035468593047
2024-01-06,1,5,-0.0010397819149542964
2024-01-06,1,5,-0.003042085449366849
2024-01-06,1,5,-0.0026204837441036744
2024-01-06,1,5,-0.0033311481503515705
2024-01-06,1,5,-0.0032072411740007856
2024-01-06,1,5,0.0025996547151016514
2024-01-06,1,5,-0.00015752194996504476
2024-01-06,1,5,0.0003435583414909683
2024-01-06,-1,5,0.00031711431881736873
2024-01-06,-1,5,0.0011912308609087208
2024-01-06,-1,5,0.00019414878895890342
2024-01-06,-1,5,0.0011508790084148735
2024-01-06,-1,5,-0.004010929833337118
2024-01-06,-1,5,0.0046992420506871135
2024-01-06,1,5,0.0007676854173314651
2024-01-06,1,5,0.0003438949594804509
2024-01-06,1,5,0.0008123504236405288
2024-01-06,1,5,-0.0010401023836641987
2024-01-06,1,5,0.0016445802351780503
2024-01-09,-1,5,0.006049987704343673
2024-01-09,1,5,0.005514071107312224
2024-01-09,1,8,0.0007868360322841883
2024-01-09,-1,5,-0.00022743099009386858
2024-01-09,-1,10,0.0017093991970969502
2024-01-09,-1,6,0.0017293536223964012
2024-01-09,1,5,0.0038386706661576735
2024-01-09,-1,5,0.0018649360924097302
2024-01-09,-1,5,-0.0026931102451338007
2024-01-09,-1,5,0.00020330734401624595
2024-01-09,-1,5,-0.0013601415717766074
2024-01-09,-1,5,0.00566085308061931
2024-01-09,1,5,0.0013941770821239152
2024-01-09,1,5,0.0007459412126595288
2024-01-09,1,6,-0.0007727983748913591
2024-01-09,1,5,0.0012386069662954635
2024-01-09,1,5,-0.001822012429436748
2024-01-09,-1,5,0.0009545858993959544
2024-01-09,-1,5,0.0015188757984325174
2024-01-09,1,5,-0.005837943094789189
2024-01-09,-1,5,-0.002967349453638024
2024-01-09,-1,5,0.0009622514869214727
2024-01-09,-1,5,0.0008444044647010762
2024-01-09,1,5,-0.00021578793722204493
2024-01-09,1,5,-0.0029007794819541632
2024-01-09,1,5,0.0021454547095533516
2024-01-09,-1,5,-0.0031929881627684176
2024-01-09,-1,5,0.001638453784579108
2024-01-09,1,5,-0.021065777614049985
2024-01-09,-1,5,0.005778736144951335
2024-01-09,-1,5,-0.011514360407699098
2024-01-09,-1,5,-0.004410716921844859
2024-01-09,1,5,-0.002204353910706003
2024-01-12,1,5,-0.0013122493486703024
2024-01-12,1,5,-0.0008482303442432503
2024-01-12,1,5,-0.004332916367629613
2024-01-12,1,5,0.0008840353635004017
2024-01-12,1,5,-0.0020997422207211236
2024-01-12,1,5,-0.005549470200827578
2024-01-12,1,5,0.00284612091807096
2024-01-12,1,5,-0.0023371646056954964
2024-01-12,1,5,-0.0030960179068565963
2024-01-12,1,7,0.0029368147801684397
2024-01-12,1,5,0.003587854116834322
2024-01-12,1,5,-0.004789288168679018
2024-01-12,1,5,-0.0012511992529971594
2024-01-12,1,5,-0.002900477080447217
2024-01-12,1,5,0.0006552395753300355
2024-01-12,1,5,-0.0013176090930309692
2024-01-12,-1,5,-0.0017309259259257748
2024-01-12,1,5,-0.0019106505708900712
2024-01-12,1,5,-0.005103256709075132
2024-01-12,1,6,0.002292905632018616
2024-01-12,1,5,-0.006989485227409442
2024-01-12,1,5,-0.011594905409886891
2024-01-12,1,5,-0.008893724518292567
2024-01-12,1,5,-0.010549206177983661
2024-01-12,1,5,-0.01640033496067267
2024-01-12,1,5,-0.0005680642463946061
2024-01-12,1,7,0.005820318790287382
2024-01-12,-1,5,0.004632920309251831
2024-01-12,1,5,-0.0019367187172933398
2024-01-12,1,5,0.004703455052296801
2024-01-12,-1,5,-0.0023336559973966
2024-01-12,-1,5,-0.006099479692673049
2024-01-12,-1,5,0.0030678236736890185
2024-01-12,-1,5,0.010258521169161872
2024-01-12,1,5,-0.017118469087058108
2024-01-12,1,5,0.02009203892401551
2024-01-12,-1,5,-0.00021715303615948967
2024-01-15,1,6,0.008568145471600619
2024-01-15,-1,5,0.002774983244640039
2024-01-15,-1,13,-0.004713036223583045
2024-01-15,-1,5,0.0005852086249104604
2024-01-15,-1,5,0.004923480296686711
2024-01-15,-1,5,-0.0007815606504887883
2024-01-15,-1,5,-0.0034836530335805027
2024-01-15,-1,5,-0.009031712399181269
2024-01-18,-1,5,0.0019426703263297207
2024-01-18,1,5,-0.001493100326436736
2024-01-18,1,5,0.0014805022115111366
2024-01-18,-1,5,-0.0026564968604037564
2024-01-18,-1,5,0.00031058433980984967
2024-01-18,-1,5,-0.0010870979695941085
2024-01-18,-1,5,-0.0013201695280720682
2024-01-18,-1,6,0.0006658864713411927
2024-01-18,-1,5,0.0023524009899256737
2024-01-18,1,5,-0.005142464586745776
2024-01-18,1,5,-0.0022841994920396735
2024-01-18,1,5,-0.0007767407686512516
2024-01-18,1,5,-0.00011452897150460151
2024-01-18,1,5,-0.0005504229161806261
2024-01-18,1,5,0.0042517558966017055
2024-01-18,1,5,-0.00021746974219177806
2024-01-18,-1,5,-0.00302472200735987
2024-01-18,1,5,-0.007960100157275496
2024-01-18,1,5,-0.011799095982990393
2024-01-18,1,5,-6.148602384975488e-05
2024-01-18,1,5,-0.008673990393234299
2024-01-18,1,5,0.00021449820443003597
2024-01-18,1,5,-0.0007905622076347928
2024-01-18,1,5,-0.013982053875497946
2024-01-18,1,5,-0.002229953274220542
2024-01-18,1,5,0.00294346570153875
2024-01-18,1,5,0.00041635614500917795
2024-01-18,-1,5,-0.00496374784944803
2024-01-18,-1,5,-0.0021852170506531654
2024-01-18,-1,5,0.0005891633930451001
2024-01-18,-1,5,0.00018237706187557168
2024-01-21,-1,5,6.247727065761277e-05
2024-01-21,-1,5,-0.001428011156692055
2024-01-21,-1,5,-0.0010610997209231088
2024-01-21,-1,5,-0.00017092404009272355
2024-01-21,-1,5,0.0005336528219472281
2024-01-21,-1,5,-0.0006852188640915079
2024-01-21,-1,5,-0.0005272647870058765
2024-01-21,-1,6,-0.0022774825337233406
2024-01-21,-1,5,-0.0006018062727098371
2024-01-21,-1,5,-0.000419961496149701
2024-01-21,-1,6,-0.00017820724113110076
2024-01-21,-1,5,0.0007029057343501122
2024-01-21,1,5,-0.0005643840230991625
2024-01-24,-1,5,-0.001780382254562174
2024-01-24,-1,5,-0.004593865293693267
2024-01-24,-1,5,0.0016746050610910168
2024-01-24,1,5,-0.0022747251664099744
2024-01-24,1,5,0.0009940130554075277
2024-01-24,1,5,-0.0021616816571615183
2024-01-24,1,6,-0.0036996144076854587
2024-01-24,1,5,0.0021139738353800896
2024-01-24,1,5,0.0033443775933612034
2024-01-24,-1,5,-0.0027814628079297354
2024-01-24,-1,5,-0.0029215662590316716
2024-01-24,-1,5,0.00063577441624868
2024-01-24,-1,5,-0.004429540670251975
2024-01-24,-1,5,0.0027134889226282932
2024-01-24,-1,5,-0.003687507206267926
2024-01-24,-1,5,-0.008138865495908976
2024-01-24,1,5,-0.002624392939164555
2024-01-24,1,5,-0.001002178598883685
2024-01-24,1,5,-0.0042597189512441624
2024-01-24,1,5,-6.297054945286751e-05
2024-01-24,1,5,-0.0012480837628576213
2024-01-24,1,5,0.0027745574183068444
2024-01-24,-1,5,0.00206298061743887
2024-01-24,1,5,0.003047315394242911
2024-01-24,-1,5,-2.3297503995433093e-06
2024-01-24,-1,5,0.008649079827808659
2024-01-24,1,5,-0.0002919357236091379
2024-01-24,1,5,-0.0003522837022132407
2024-01-24,1,5,0.0029028309691929155
2024-01-24,-1,5,0.003958180092260066
2024-01-24,1,5,-0.0034176813208388057
2024-01-24,1,5,0.00032736002491690075
2024-01-24,1,5,0.0029713589857202627
2024-01-24,-1,6,0.001012885485751569
2024-01-24,-1,5,-0.0066217388637919705
2024-01-27,1,5,-0.0006924874021796977
2024-01-27,1,5,-0.000888753897547445
2024-01-27,1,5,0.0017501950848383685
2024-01-27,1,5,-0.0016818618381127526
2024-01-27,1,6,-0.0001475440913838998
2024-01-27,1,5,-0.000783481254781837
2024-01-27,1,5,-0.0011182802112130186
2024-01-27,1,5,0.00010394086861270646
2024-01-27,1,6,-0.0013858894541073918
2024-01-27,1,5,-0.0017977042219830541
2024-01-27,1,5,-0.0003117911978989806
2024-01-27,1,5,-0.0022837696062597
2024-01-27,1,5,-0.003718928867545601
2024-01-27,1,5,0.00036778090866501645
2024-01-27,1,6,-0.0029628727551162526
2024-01-27,1,5,-0.0013916202499386077
2024-01-27,1,5,0.0009228399109330598
2024-01-27,-1,5,0.0001574293440398945
2024-01-27,-1,5,-5.343343848879234e-05
2024-01-27,-1,5,7.463992131057095e-05
2024-01-27,-1,5,0.0009553699404291627
2024-01-27,-1,5,-0.0014227020529649637
2024-01-27,-1,5,-0.003121618880443988
2024-01-27,-1,5,-0.0020312619685305955
2024-01-27,-1,5,-0.001092043428959022
2024-01-27,-1,5,0.0006443166151935409
2024-01-27,-1,5,0.00023935667628743895
2024-01-30,-1,5,-0.0009345067181610321
2024-01-30,-1,20,0.001121706511481635
2024-01-30,-1,5,-0.007612448121871396
2024-01-30,-1,5,-0.002644742113746379
2024-01-30,-1,5,-0.0027547300727471247
2024-01-30,-1,5,0.007801214226561604
2024-01-30,-1,5,-0.0011089625665492986
2024-01-30,-1,5,0.0036593779840025657
2024-01-30,1,5,0.0027477061900408883
2024-01-30,-1,5,-0.0023365729047071793
2024-01-30,1,5,-0.010411502863476862
2024-02-02,-1,5,-0.0018572387886737762
2024-02-02,-1,6,0.00143135005469458
2024-02-02,1,5,-0.0007422587657637813
2024-02-02,1,5,-0.00019298353373181632
2024-02-02,1,5,-0.0008701559787592238
2024-02-02,1,5,0.0006130367758174216
2024-02-02,1,5,0.002777743197912741
2024-02-02,-1,5,0.000366822531414568
2024-02-02,1,5,-0.007250689357854612
2024-02-02,-1,5,-0.0029813976080575455
2024-02-02,-1,5,-0.007655872836474897
2024-02-02,-1,5,0.0038819491279371014
2024-02-02,-1,13,2.3147771172238427e-05
2024-02-02,-1,5,0.00957323091505996
2024-02-02,1,5,-0.0020351183289959995
2024-02-02,1,5,0.0028226909851995496
2024-02-02,-1,5,-3.161736836249085e-05
2024-02-05,1,5,-0.004188787958706863
2024-02-05,1,5,0.0019806864389759204
2024-02-05,1,5,0.00045798625559906325
2024-02-05,1,5,0.00028461750180425194
2024-02-05,1,5,0.0027281108345590943
2024-02-05,-1,6,-0.003377983438915655
2024-02-05,-1,5,-0.0023611247805842006
2024-02-05,-1,7,-0.00048453216374272346
2024-02-05,-1,5,0.0018945351840198854
2024-02-05,-1,5,-0.0034572464433655914
2024-02-05,-1,5,0.0011391977847360901
2024-02-05,-1,5,-0.002516030175924666
2024-02-05,-1,5,-0.00745164571088025
2024-02-05,-1,5,-0.0019990381720529915
2024-02-05,-1,5,0.0003997521553225636
2024-02-05,-1,5,-0.0003612174859604632
2024-02-05,-1,6,-0.0014286538697839135
2024-02-05,-1,5,-0.0002977702388149982
2024-02-05,-1,5,-0.001611005895357398
2024-02-05,-1,5,0.00035571798698336165
2024-02-05,1,5,-0.00778243915010518
2024-02-05,1,5,-0.00555345995893225
2024-02-05,1,5,-0.00433094439081988
2024-02-05,1,5,0.0024142771536989627
2024-02-05,-1,5,0.00304781274021676
2024-02-05,-1,5,-0.0011788614749770887
2024-02-05,-1,6,0.00395545876059894
2024-02-05,1,5,-0.00475123171258468
2024-02-05,1,5,-0.0022662991420759337
2024-02-05,1,6,0.0016744519255266765
2024-02-05,1,5,-0.0016896080551091486
2024-02-05,1,5,-0.0018411230160599312
2024-02-05,1,5,0.0013162456897465868
2024-02-08,1,5,0.0014138666677167566
2024-02-08,-1,5,-0.0018079842708729754
2024-02-08,-1,5,-0.0023146896051254306
2024-02-08,-1,5,0.0019504504153337598
2024-02-08,-1,5,-0.0034646401293685902
2024-02-08,-1,5,0.0002562621407045663
2024-02-08,-1,5,0.0003226762694766295
2024-02-08,-1,5,0.0008756647264598905
2024-02-08,-1,5,0.00010827479698155573
2024-02-08,-1,5,-0.0026921777380344847
2024-02-08,-1,5,-0.0021961944782347698
2024-02-08,-1,5,-0.00029947049139261706
2024-02-08,-1,5,-0.00047161072886942035
2024-02-08,-1,5,-0.002279909748504505
2024-02-08,-1,5,-0.000898766534723816
2024-02-08,-1,5,0.00032198309971681615
2024-02-08,-1,5,0.0028081456907826374
2024-02-08,-1,5,-0.0012114423343188574
2024-02-08,-1,5,-0.0075052870595687105
2024-02-08,-1,218,-0.0003905726079008186
2024-02-08,-1,5,-0.004881240549173216
2024-02-08,-1,5,-0.0026036286284297216
2024-02-08,-1,5,0.0026264427707191618
2024-02-08,-1,5,0.005065923583051857
2024-02-08,1,5,0.0043151716069684265
2024-02-08,1,6,0.002053450084842756
2024-02-08,-1,5,-0.0007851331520299375
2024-02-08,-1,5,-0.003079176079902768
2024-02-08,-1,5,0.0010976209978971752
2024-02-08,1,5,0.0017554684020952283
2024-02-11,1,5,-0.0010188387194833282
2024-02-11,1,5,-0.0012202371045809124
2024-02-11,1,5,0.0004150781606008791
2024-02-11,1,5,-0.0006161441725385796
2024-02-11,1,6,0.0004494550986888224
2024-02-11,-1,5,-0.0003956756745581712
2024-02-11,1,5,-0.0030404262226474965
2024-02-11,1,5,0.0003738903901752688
2024-02-11,1,5,8.456901310294304e-06
2024-02-11,1,10,-0.0009234073587058299
2024-02-11,1,5,-0.0011457664752279606
2024-02-11,1,5,0.0005670557969356671
2024-02-11,1,5,-0.004500397795647426
2024-02-11,1,5,0.005180763476831662
2024-02-11,1,5,-0.0020891184879817115
2024-02-11,1,5,0.0008293407256889096
2024-02-11,1,5,0.0025300820655024814
2024-02-11,1,5,0.00013639259604086862
2024-02-11,1,5,0.0017031661222585703
2024-02-11,1,5,0.0021997627359548466
2024-02-11,1,5,0.0011024146333364349
2024-02-11,1,5,1.36562431347077e-05
2024-02-11,1,5,-0.001577746157041926
2024-02-11,1,5,-0.0008466204506246132
2024-02-11,1,5,0.00013369743762664543
2024-02-11,1,198,0.0006416275495250701
2024-02-11,1,5,-0.0010894389079206257
2024-02-11,1,5,0.001003528530524045
2024-02-14,-1,5,0.0018990413639805026
2024-02-14,-1,5,0.001732912208831705
2024-02-14,-1,5,9.803030303029436e-05
2024-02-14,-1,5,-0.0017835942614748412
2024-02-14,-1,5,-0.0005261946606756606
2024-02-14,-1,5,-0.0015747265147550427
2024-02-14,-1,6,-0.0011663832701754306
2024-02-14,-1,5,-0.002414662011370583
2024-02-14,-1,5,0.004383713489445162
2024-02-14,-1,5,-0.0020964352339157277
2024-02-14,-1,5,-0.0015607570907796853
2024-02-14,-1,5,-0.0019046438767996166
2024-02-14,-1,5,0.00021483231215729825
2024-02-14,-1,5,-0.002862090306264442
2024-02-14,-1,5,-0.004415624171055843
2024-02-14,-1,5,0.0004588775764044484
2024-02-14,-1,5,-0.019256191969887093
2024-02-14,-1,5,-0.012193025312859984
2024-02-14,-1,5,-0.0017914077669903272
2024-02-14,-1,5,0.0006854836114728591
2024-02-14,1,5,-0.003049282238442863
2024-02-14,-1,5,-0.007749498493964169
2024-02-14,-1,5,-0.003711566091481544
2024-02-14,-1,5,0.0018890071376705397
2024-02-14,-1,5,-0.0030002003968024327
2024-02-14,-1,5,-0.0009152188327244403
2024-02-14,-1,5,-0.0055870233065603014
2024-02-14,-1,5,6.366581790367986e-05
2024-02-14,-1,7,-0.0012344688837276352
2024-02-14,-1,5,0.004771344135695521
2024-02-14,-1,5,-0.0009985370246004543
2024-02-14,-1,5,0.0003579594512224672
2024-02-14,-1,5,-0.001853018662495265
2024-02-14,-1,5,-0.00011152409731901558
2024-02-14,-1,5,-0.0016421858125169053
2024-02-14,1,5,0.006600295967793934
2024-02-14,-1,5,-0.0043069960215156855
2024-02-14,-1,5,0.0017929536534325163
2024-02-14,-1,5,0.0014671510535310683
2024-02-14,-1,5,-0.0042878002800204595
2024-02-14,-1,5,-0.0008436870392614647
2024-02-14,-1,5,-0.002903646034816243
2024-02-14,-1,5,-0.0013107915057915531
2024-02-17,1,5,-0.002033732370570307
2024-02-17,1,6,-0.0023390578136023854
2024-02-17,1,5,-0.0005644090315924387
2024-02-17,1,5,-0.0015961118297203591
2024-02-17,1,5,-0.000423674180197564
2024-02-17,1,5,1.1375255358048284e-05
2024-02-17,1,5,-0.0009300622906409094
2024-02-17,1,47,0.00029552910052904624
2024-02-17,1,5,-0.002888613647284932
2024-02-17,1,5,-0.0007356545440536099
2024-02-17,1,5,-0.00011357292533348262
2024-02-17,1,5,-0.0006509995495487807
2024-02-17,1,6,-0.0009243230151002034
2024-02-17,1,5,-0.0007260954264214913
2024-02-17,1,6,-0.0035625987915059443
2024-02-17,1,6,-0.0020682326025869835
2024-02-17,1,5,-0.002313065543888382
2024-02-17,1,5,-0.0002691876155767602
2024-02-17,1,5,-0.003570048243324242
2024-02-17,1,5,0.002033184724172965
2024-02-17,1,5,-0.0015293283544612346
2024-02-17,1,5,-0.002056448435689473
2024-02-17,1,5,-0.002046914017766077
2024-02-17,1,5,0.0006732639020742837
2024-02-17,1,5,-0.009600399984511843
2024-02-17,1,5,-0.0015942429114294554
2024-02-17,1,5,-0.009369278901759481
2024-02-17,1,5,-0.003751850602532747
2024-02-17,1,5,0.007373196734243137
2024-02-17,1,5,-0.00293750180163016
2024-02-17,1,5,0.005281299033989606
2024-02-17,-1,5,-0.0014930953637620203
2024-02-17,-1,15,-0.0015967671814454687
2024-02-17,-1,5,-0.0034086079960993776
2024-02-17,-1,5,-0.0031322633948880907
2024-02-17,-1,5,0.0008374033063968667
2024-02-17,1,5,5.479040435257831e-05
2024-02-17,1,5,-0.0015285372070303338
2024-02-17,1,5,0.0008361495013655129
2024-02-20,1,5,0.0019002869703116931
2024-02-20,1,5,-0.0022233710985120614
2024-02-20,-1,5,-0.0023473581155538104
2024-02-20,-1,5,-0.0038428931137253763
2024-02-20,-1,5,-0.0013365985627716293
2024-02-20,-1,5,0.002754886602540363
2024-02-20,-1,5,-0.011714444925915057
2024-02-20,-1,5,0.010379114855307126
2024-02-20,1,5,-0.0039376361625496625
2024-02-20,-1,5,0.0013636235130542462
2024-02-20,-1,5,0.006945256178800208
2024-02-20,1,5,-0.0005151562805998932
2024-02-20,-1,5,-0.0033064977863886402
2024-02-20,-1,97,-0.007906453496839438
2024-02-20,-1,5,-0.005646335359879073
2024-02-20,-1,5,0.0029714393845092224
2024-02-20,-1,5,-0.003759325553290671
2024-02-20,-1,5,0.004060178920097968
2024-02-23,1,5,0.0010344065575624284
2024-02-23,1,5,0.00039713349517395136
2024-02-23,-1,6,-0.0007816941416841082
2024-02-23,-1,5,0.0008804990766649312
2024-02-23,1,5,-0.00032650597242250823
2024-02-23,1,5,-0.008675401882517642
2024-02-23,1,5,-0.0004917658574783989
2024-02-23,1,5,0.0011069710523278764
2024-02-23,1,5,0.0009735804191976505
2024-02-23,1,5,-0.0007952451015778571
2024-02-23,1,5,-0.0006703033018258807
2024-02-23,1,5,0.00023167202898782835
2024-02-23,1,5,0.0009335535468639189
2024-02-23,-1,5,0.003964596162501277
2024-02-23,1,5,-0.003128584579065452
2024-02-23,1,5,-0.0035688702802654793
2024-02-23,1,5,-0.0025864657013958126
2024-02-23,1,5,0.0009980921362424122
2024-02-23,1,5,-0.0013221218252834066
2024-02-23,1,5,0.0023105030096268186
2024-02-23,-1,5,0.0037257228668821645
2024-02-23,-1,5,-0.0010539805520702328
2024-02-23,1,5,-0.0011342187521434233
2024-02-23,-1,5,-0.0019924715869009124
2024-02-23,1,5,0.0037828116549606943
2024-02-23,1,5,-0.0012833891617407
2024-02-23,1,5,-0.0008245931290815077
2024-02-23,1,5,-0.005432350209397974
2024-02-23,1,12,0.0039899673536233915
2024-02-23,-1,63,-0.0022084332243730853
2024-02-23,-1,5,-0.0011215719556330606
2024-02-23,-1,5,0.0005497910337466938
2024-02-23,-1,5,0.00021235955165882514
2024-02-23,-1,5,0.0011331588468834197
2024-02-23,-1,5,0.0004668065914800734
2024-02-23,-1,5,-0.00022076073637672378
2024-02-23,1,5,-0.003616012415959158
2024-02-23,1,5,0.0008534041897356182
2024-02-26,-1,5,-0.00011338229072294082
2024-02-26,-1,5,-0.000596175623234496
2024-02-26,-1,5,-0.0007933683736078278
2024-02-26,-1,5,-0.0003472648579663783
2024-02-26,-1,5,-0.0012245144120680007
2024-02-26,-1,5,-0.0008845173105305747
2024-02-26,-1,5,-0.002080114119802412
2024-02-26,-1,6,-0.000750715498806842
2024-02-26,-1,5,0.0002835291878837133
2024-02-26,-1,5,0.0007895927573246531
2024-02-26,-1,5,-0.0017670871448408065
2024-02-26,1,5,0.004931190180992029
2024-02-26,-1,5,0.0009109791037084647
2024-02-26,-1,5,-0.0011257027300797806
2024-02-26,-1,5,0.0011801436931104248
2024-02-26,1,5,0.003310678204552609
2024-02-26,-1,5,-0.0029436308473616557
2024-02-26,-1,5,-0.0008809811800461475
2024-02-26,-1,5,-0.007288931211578975
2024-02-26,-1,5,-0.014556270939083904
2024-02-26,-1,5,-0.006937712119016892
2024-02-26,-1,5,-0.009570190536924594
2024-02-26,1,5,-0.0009248827396952096
2024-02-26,1,5,0.0020842431829579122
2024-02-26,-1,5,0.002078075878078567
2024-02-26,1,5,0.000803270249244592
2024-02-26,-1,5,-0.014468425707799881
2024-02-26,-1,5,-0.0034706483840883373
2024-02-26,-1,5,0.0003669164863014386
2024-02-26,-1,5,-0.003553613766555108
2024-02-26,-1,5,-0.002084707495429605
2024-02-26,1,5,0.00021615083882869934
2024-02-26,-1,5,-0.0004238786971513807
2024-02-29,1,5,-0.007733866552103341
2024-02-29,1,16,0.005450170406798571
2024-02-29,1,5,0.000752589300972939
2024-02-29,-1,5,-0.00024069313281954708
2024-02-29,-1,5,-0.013331713372110532
2024-02-29,-1,5,-0.0003428335472699938
2024-02-29,-1,5,0.005478891698823596
2024-02-29,-1,5,0.005208895539284442
2024-02-29,-1,7,0.004008108689814327
2024-02-29,1,5,-0.004732793817201653
2024-02-29,-1,5,-0.005727954091816312
2024-02-29,-1,5,-0.0031944976343021847
2024-02-29,-1,5,0.006405898159540235
2024-02-29,-1,5,0.004844186026117414
2024-02-29,1,5,0.010620554144993244
2024-02-29,-1,5,-0.004463420551855279
2024-02-29,-1,5,0.007697714303749603
2024-02-29,1,7,0.007134428992060682
2024-02-29,-1,5,0.00811571788960036
2024-02-29,1,5,-0.01237777748255392
2024-02-29,1,5,-0.019868362479397106
2024-02-29,1,5,0.01029041530927216
2024-02-29,1,5,-0.0021965828927201225
2024-02-29,1,6,0.009226763141938432
2024-02-29,-1,5,-0.008810940414272717
2024-02-29,-1,5,0.005523483797411466
2024-02-29,1,5,0.009022160493827147
2024-02-29,1,5,-6.6668824907412e-05
2024-03-03,1,5,-0.001737929171630015
2024-03-03,1,11,0.00038542805269575764
2024-03-03,1,26,-0.0006012717734543148
2024-03-03,1,5,-0.0022506101315601934
2024-03-03,1,5,0.0005423684210525415
2024-03-03,1,5,0.001753003786880425
2024-03-03,1,5,-0.0008130592516178424
2024-03-03,1,5,-0.001648543591402929
2024-03-03,1,5,-0.002019700779245126
2024-03-03,1,5,-0.0022148889026901153
2024-03-03,1,5,0.001411384431960483
2024-03-03,1,42,-0.00127453659481086
2024-03-03,1,5,-0.005601856596768318
2024-03-03,-1,5,-0.0032351843665628377
2024-03-03,-1,5,0.00484860820161942
2024-03-03,-1,5,-0.0018317412945192957
2024-03-03,-1,6,0.002410357688743925
2024-03-03,-1,5,-0.00219279943281242
2024-03-06,1,42,-0.0011890439991149582
2024-03-06,-1,5,-0.0051768569839423795
2024-03-06,-1,5,-0.004010832465218883
2024-03-06,-1,5,-0.019513272341033228
2024-03-06,1,5,0.0044552751365138366
2024-03-06,1,5,-0.004740883193143863
2024-03-06,1,5,0.005200508972579676
2024-03-06,-1,5,0.003459487369985193
2024-03-06,-1,5,0.005883988095238102
2024-03-06,1,5,-0.004120492966183054
2024-03-06,1,5,0.0014541799868540983
2024-03-06,-1,5,-0.0035909930767775156
2024-03-06,1,5,0.009476227646603774
2024-03-06,-1,5,0.016676997704744567
2024-03-06,-1,5,-0.0010604700649195498
2024-03-06,-1,9,0.001786149744247345
2024-03-06,-1,25,-0.006540539332925255
2024-03-06,-1,5,0.00768425874602624
2024-03-06,-1,5,0.006810231652255527
2024-03-06,-1,5,0.002833688763485165
2024-03-06,-1,5,0.005597786149621531
2024-03-06,1,6,0.0003842054423814356
2024-03-06,1,5,0.00023045687276951343
2024-03-06,1,5,-0.0007233409296432679
2024-03-09,1,5,-0.0016913036734645392
2024-03-09,1,5,-0.0005214554284092564
2024-03-09,1,5,-0.0004344651653143682
2024-03-09,1,5,0.0011246542629352319
2024-03-09,1,5,-8.22373754772453e-05
2024-03-09,1,5,-0.0005762781009047145
2024-03-09,1,5,0.0009455714281524918
2024-03-09,1,5,-0.0006204454575414186
2024-03-09,1,5,-0.00046960154957026423
2024-03-09,1,5,-0.001529754388790494
2024-03-09,1,6,0.0027831663737551415
2024-03-09,1,5,-0.0008370935497801767
2024-03-09,1,5,-0.00028852005882612486
2024-03-09,1,5,-0.004346177671190887
2024-03-09,1,5,-0.000591549707602168
2024-03-09,1,5,-0.0016732357274618637
2024-03-09,1,5,-0.000796217014399636
2024-03-09,1,5,-0.002303139407510091
2024-03-09,1,5,-0.00016145596341049495
2024-03-09,1,5,0.00029282355381171643
2024-03-09,1,5,0.0007166843683909518
2024-03-09,1,5,-0.001460379733439876
2024-03-09,1,6,-0.0009351348430925442
2024-03-09,1,5,-0.0022665947329919
2024-03-09,1,5,0.0008729261126336207
2024-03-09,1,5,-0.0002946612406509729
2024-03-09,1,5,0.0002968337976880232
2024-03-09,1,5,0.0016012000390512315
2024-03-09,-1,5,0.0004026518691588321
2024-03-12,-1,5,-0.0009239019542782166
2024-03-12,-1,27,0.001857545205206812
2024-03-12,-1,5,-0.003235636253970331
2024-03-12,-1,5,0.0007271101297324223
2024-03-12,-1,5,-1.16344160333014e-05
2024-03-12,-1,5,0.0006506685282249847
2024-03-12,1,5,-0.005372890092954441
2024-03-12,-1,5,-0.006233448195239799
2024-03-12,-1,5,0.0015077036282792888
2024-03-12,-1,5,-0.0024194071924624194
2024-03-12,-1,5,-0.0011466837508543049
2024-03-12,-1,5,0.003229145765466568
2024-03-12,-1,5,-0.006595974202072086
2024-03-12,-1,5,0.002429733853286875
2024-03-12,-1,5,0.0022091873484581526
2024-03-12,1,6,-0.0010099934736773064
2024-03-12,-1,5,-0.0024383935768955145
2024-03-12,-1,5,0.00034579910434778826
2024-03-12,-1,5,0.0007691380100837697
2024-03-12,-1,5,-0.004419459508171741
2024-03-12,-1,5,-0.0022740820593203925
2024-03-12,-1,5,0.0015535623842518054
2024-03-12,1,5,0.003481296792653133
2024-03-12,-1,88,-0.0013941779788838038
2024-03-12,-1,5,3.752535890472208e-05
2024-03-12,-1,5,0.00436077686667663
2024-03-12,-1,37,0.00044684094256269846
2024-03-12,1,5,0.011814399746347959
2024-03-12,-1,5,0.003118668081812992
2024-03-12,-1,5,0.016611529556039895
2024-03-12,1,5,-0.008450452933877084
2024-03-12,1,5,0.005951369882622293
2024-03-12,-1,5,-0.008979607917630583
2024-03-12,-1,5,-0.0072721841919548
2024-03-12,-1,5,-0.0026745258865522037
2024-03-12,-1,5,-0.0012132471517070642
2024-03-12,-1,5,0.002645518556852411
2024-03-12,-1,5,0.002693007766477129
2024-03-12,-1,5,0.0005160318398217956
2024-03-12,-1,5,-0.002515800252473055
2024-03-12,-1,5,0.0003953909684603629
2024-03-12,-1,5,-0.004728456797055414
2024-03-15,-1,5,-0.008421340970632685
2024-03-15,-1,5,0.0026558973968514032
2024-03-15,1,5,0.00037831018161255114
2024-03-15,1,5,-0.003646809197178469
2024-03-15,1,6,-0.017680666557461644
2024-03-15,1,5,-0.021609369414101243
2024-03-15,-1,5,0.00992715677525352
2024-03-15,-1,5,0.004090377740498197
2024-03-15,-1,5,0.005642569914870943
2024-03-15,1,5,0.012145987798524993
2024-03-15,-1,17,0.007952761693059418
2024-03-15,1,5,0.006343231194898713
2024-03-15,-1,5,-0.007501283996632024
2024-03-15,-1,5,-0.0002353484076777489
2024-03-15,-1,5,0.008417577240717622
2024-03-15,1,5,-0.015558032706419811
2024-03-15,1,5,-0.0056165882553235735
2024-03-15,1,5,0.010603062552073383
2024-03-15,1,5,0.0007783011164265718
2024-03-15,1,5,-0.00676500379448125
2024-03-15,1,5,0.010689783904619998
2024-03-15,-1,5,-0.0018486271579241653
2024-03-15,-1,5,-0.002222573485918089
2024-03-15,-1,5,-0.009313079137518054
2024-03-15,-1,5,0.0054760919885459836
2024-03-15,-1,7,-0.003234209043681935
2024-03-15,-1,5,0.0015429624968077982
2024-03-15,-1,5,0.0038422673046871196
2024-03-15,1,5,-0.0019167140636229818
2024-03-15,-1,5,0.0004969149611483981
2024-03-15,1,5,0.0050838680778517165
2024-03-15,-1,5,-0.004260160605598584
2024-03-15,-1,5,-0.003180709646520008
2024-03-15,-1,5,-0.02808854239927211
2024-03-15,1,5,-0.01860146613029695
2024-03-15,1,5,0.0025354521687900866
2024-03-15,1,5,0.002363450299626757
2024-03-15,-1,5,-0.0029855349074690563
2024-03-18,1,5,-0.013040607403656923
2024-03-18,1,5,0.004768203286951989
2024-03-18,-1,5,-0.0012012255844327524
2024-03-18,-1,10,-0.0018160319705891603
2024-03-18,-1,5,-0.0023786935504768736
2024-03-18,1,5,-0.0040167380574056
2024-03-18,-1,5,0.0011322964633380672
2024-03-18,-1,5,0.0001865549889528696
2024-03-18,-1,5,0.004517620919871568
2024-03-18,-1,5,0.016208924861488228
2024-03-18,1,5,-3.4353148546994896e-05
2024-03-18,1,5,0.001370148702295626
2024-03-18,-1,5,0.003445613707234008
2024-03-18,1,5,-0.005423844887139484
2024-03-18,1,5,0.006491611434542521
2024-03-18,1,5,-0.003568305561542584
2024-03-18,1,5,0.004207740591419762
2024-03-18,1,5,0.0014579355294288
2024-03-18,-1,5,0.0029874401765777603
2024-03-18,1,5,0.005356680722614582
2024-03-18,-1,5,-0.002186219541676915
2024-03-21,-1,5,-0.005536137758992032
2024-03-21,-1,5,0.003389986243904242
2024-03-21,1,5,-0.009292522330692166
2024-03-21,1,5,0.003826193883940954
2024-03-21,1,5,-0.001231402097177814
2024-03-21,1,5,-3.167112007790285e-05
2024-03-21,-1,5,0.001509075021010109
2024-03-21,-1,66,0.004312978509523779
2024-03-21,-1,5,-1.3965258288395235e-05
2024-03-21,-1,5,0.003726887227377407
2024-03-21,1,5,0.00023049899131971651
2024-03-21,-1,5,0.0057351777099579615
2024-03-21,1,5,-0.009543922808678496
2024-03-21,1,5,0.0010623797760957454
2024-03-21,1,5,0.002279595715939553
2024-03-21,1,5,0.0005632358778510649
2024-03-21,1,5,-0.007937650397524088
2024-03-21,1,5,-0.006053550382285888
2024-03-21,1,5,-0.0051695672198272535
2024-03-21,1,5,0.0019676617091576865
2024-03-21,1,5,-0.004645269277845754
2024-03-21,1,5,0.009010415949627315
2024-03-21,1,5,0.004534572557851779
2024-03-21,-1,5,0.004367107649043189
2024-03-24,1,5,-0.0013618380334414204
2024-03-24,1,5,-0.002449254469439388
2024-03-24,-1,5,-0.0011034225570150658
2024-03-24,-1,5,-0.003182841489618504
2024-03-24,-1,5,-0.0012780810744604243
2024-03-24,-1,5,-0.004056707794494463
2024-03-24,-1,5,0.002236033434650564
2024-03-24,-1,5,-0.0012421408248406984
2024-03-24,-1,5,0.0010047510603772847
2024-03-24,-1,5,-0.0006498626730466194
2024-03-24,-1,5,0.010784590534634708
2024-03-24,-1,5,-0.0039185419212906525
2024-03-24,-1,5,-0.004458108492297053
2024-03-24,-1,5,-0.0013914576892049557
2024-03-24,-1,5,-0.0017797713386858427
2024-03-24,-1,5,-0.007231045123364199
2024-03-24,-1,5,0.0029697208091267746
2024-03-24,-1,5,-0.0044506902355885836
2024-03-24,-1,5,-0.008018030768767004
2024-03-24,-1,5,-0.0014534841495795203
2024-03-24,-1,5,-0.006834403626018448
2024-03-24,-1,5,-0.0008733392956892793
2024-03-27,-1,5,-0.004631947973424755
2024-03-27,-1,5,-0.00044228896168291276
2024-03-27,-1,9,0.002181149199749044
2024-03-27,-1,15,-0.004329706357409979
2024-03-27,-1,5,0.001582658339820242
2024-03-27,1,5,0.0032815295560956748
2024-03-27,1,5,-0.0012341314918570823
2024-03-27,1,5,-0.0037755370639742103
2024-03-27,1,5,0.00030078800627703084
2024-03-27,1,99,-0.003835865961703433
2024-03-27,1,5,-0.0009755555237057066
2024-03-27,1,5,0.0020313267563022985
2024-03-27,-1,5,-0.0024528789443872268
2024-03-27,-1,5,-0.00013003823359386535
2024-03-27,1,5,0.01786175035914067
2024-03-27,-1,14,0.017308556449014467
2024-03-27,-1,5,0.010976688556842917
2024-03-27,-1,5,-0.0044756243655844075
2024-03-27,1,5,-0.006047790804334208
2024-03-27,1,5,-0.004503407361605538
2024-03-27,1,5,0.0019909844503258056
2024-03-27,-1,5,-0.002833045718481808
2024-03-27,-1,5,0.0007129258092119506
2024-03-27,1,6,-0.005972007656328826
2024-03-27,1,5,0.001537203330615966
2024-03-27,1,5,0.00358650092260876
2024-03-27,1,5,-0.001291648401614165
2024-03-27,1,5,0.0031555026042159873
2024-03-27,-1,5,-0.0017783774752063164
2024-03-27,-1,5,-0.002201414572284899
2024-03-27,-1,5,0.0023291553832753276
2024-03-30,-1,5,0.004829267260984149
2024-04-02,1,5,-0.0016169336978398285
2024-04-02,-1,10,-0.0026194583070915933
2024-04-02,1,5,-0.002890077502345101
2024-04-02,1,5,-0.03345018852892784
2024-04-02,-1,5,0.0015534835249477186
2024-04-02,-1,5,-0.0015945722526032324
2024-04-02,1,5,-0.002645696619049065
2024-04-02,1,5,-0.000671520689293159
2024-04-02,1,10,-0.0014369006249960736
2024-04-02,1,5,0.005172523429998577
2024-04-02,-1,5,-0.0027084840930587384
2024-04-02,-1,5,0.00206496264871886
2024-04-02,1,36,-0.0034980371740923055
2024-04-02,1,5,-0.0028622053241074696
2024-04-02,1,5,-0.004762529828020889
2024-04-02,1,5,-0.002060752387363529
2024-04-02,1,5,-0.0021629292939222
2024-04-02,1,5,0.0012185066036593528
2024-04-02,1,5,-0.0052044640707911705
2024-04-02,1,5,-0.008608519186438957
2024-04-02,1,5,0.0072809930178969196
2024-04-02,-1,5,0.0033967062026054044
2024-04-02,1,5,-0.0055293156386609366
2024-04-02,1,5,-0.000591617051293236
2024-04-02,-1,5,-0.009438867883881985
2024-04-02,-1,5,-0.0016536137028300701
2024-04-02,-1,5,-0.0015998595040319086
2024-04-02,-1,5,0.012577303211904367
2024-04-02,1,5,-0.0005516476882752585
2024-04-02,-1,5,-0.005231926616532656
2024-04-02,-1,5,0.0022370834234635706
2024-04-02,-1,5,-0.0033147150259065783
2024-04-02,-1,5,-0.0030208246685006768
2024-04-02,-1,5,-0.002251393880524477
2024-04-02,-1,5,-0.003214802999742139
2024-04-02,-1,5,-0.00035423134869066997
2024-04-02,-1,5,0.0030005793971925043
2024-04-02,-1,5,0.0010068693388575745
2024-04-02,1,5,0.0020357226212192603
2024-04-02,-1,5,-0.0011214932547374823
2024-04-02,-1,5,-0.0018452883606333015
2024-04-02,-1,5,0.0021561150444092125
2024-04-05,-1,5,0.0015206833796229113
2024-04-05,-1,5,0.0033818745062131343
2024-04-05,1,5,-0.0005369105936559592
2024-04-05,1,5,-0.0053006597439594905
2024-04-05,1,5,-0.007693550288790985
2024-04-05,-1,5,-0.0019250379410987173
2024-04-05,1,5,0.0020591159463822506
2024-04-05,1,18,-0.004985713554416071
2024-04-05,1,5,-0.00255241546990842
2024-04-05,1,5,0.007202658843230514
2024-04-05,-1,5,-0.007629622650426049
2024-04-05,-1,11,-0.0050866946747819
2024-04-05,1,5,0.0026057079331200383
2024-04-05,1,5,-0.0031682475786700137
2024-04-08,1,5,0.0015451575690259012
2024-04-08,-1,5,0.001222224782356729
2024-04-08,1,5,0.00020926032681728446
2024-04-08,1,5,0.0032897235447323925
2024-04-08,-1,5,7.729396430727908e-05
2024-04-08,-1,5,-0.005610536252856513
2024-04-08,-1,5,-0.009560900932746474
2024-04-08,-1,5,-0.007624594327363232
2024-04-08,-1,5,-0.00225960293777111
2024-04-08,-1,5,-0.0025818743604635874
2024-04-08,-1,5,0.002240321878958007
2024-04-08,-1,5,0.0051364733259191
2024-04-08,1,5,-0.003205702914743924
2024-04-08,1,5,-0.001989903168159002
2024-04-08,1,5,-0.0047028734965394725
2024-04-08,1,14,-0.0017816359697397366
2024-04-08,1,5,0.00024154403567461246
2024-04-08,1,5,0.00011809966269232819
2024-04-08,1,5,0.001248488281315241
2024-04-08,1,5,-0.002005111638291923
2024-04-08,1,5,0.003158584220574301
2024-04-08,-1,5,0.0022368725185179517
2024-04-08,1,5,0.0003076234600216111
2024-04-08,-1,5,0.0011169472769869127
2024-04-11,-1,5,0.0018508136183906232
2024-04-11,-1,5,0.0001716120440363179
2024-04-11,-1,5,0.00031922075863771726
2024-04-11,1,5,-0.0009391864768281687
2024-04-11,-1,5,-0.001334867025924169
2024-04-11,-1,5,0.003951195884600522
2024-04-11,1,5,0.00048169686533289235
2024-04-11,-1,5,-0.005490605502611878
2024-04-11,-1,5,0.009460787387021219
2024-04-11,1,5,0.00446729676400931
2024-04-11,1,5,0.0003307338333815025
2024-04-11,1,5,0.006929403816538782
2024-04-11,-1,5,-0.0007310337144020295
2024-04-11,-1,5,0.0028700656667609015
2024-04-11,-1,5,-0.0013694223414571494
2024-04-11,-1,5,-0.004126938559036397
2024-04-11,-1,5,0.0018848637955928838
2024-04-11,1,5,0.0018411610639569864
2024-04-14,-1,8,0.008935103112195641
2024-04-14,-1,8,0.01115012775562424
2024-04-14,-1,5,0.0003591571220406543
2024-04-14,1,5,-0.0024837100438611093
2024-04-14,1,6,-0.00741555504284358
2024-04-14,-1,5,-0.004434381968099255
2024-04-14,-1,5,-0.007214734784704302
2024-04-14,-1,5,-0.0012571652656277466
2024-04-14,-1,5,0.0013348624018711397
2024-04-14,-1,5,-0.011014982713174304
2024-04-14,-1,5,-0.0004361808078219841
2024-04-14,-1,5,0.0011478864217956963
2024-04-14,-1,5,0.0028277241724433133
2024-04-14,-1,5,0.007443181503290652
2024-04-14,1,5,0.0014233253230135356
2024-04-14,1,5,-0.003933897480668469
2024-04-14,-1,5,-0.005833478160020722
2024-04-14,-1,10,0.0027360075256069316
2024-04-14,1,5,-0.0018062386618702964
2024-04-14,1,5,0.006882842448782955
2024-04-14,-1,6,0.0020472452868670055
2024-04-14,-1,5,0.0011267719857374625
2024-04-14,-1,8,0.012209269161145786
2024-04-14,-1,5,-0.00033102557584757653
2024-04-14,-1,6,-0.00836199349649075
2024-04-14,1,5,-0.0004619366627110487
2024-04-14,1,5,0.00038452222676060854
2024-04-14,1,5,0.0002006984372632804
2024-04-14,1,5,-0.0069863336828079325
2024-04-14,1,5,-0.001787471142857544
2024-04-14,-1,5,-0.012239288572857776
2024-04-14,-1,5,-0.002986462640722831
2024-04-14,-1,5,-0.004315346485901206
2024-04-17,-1,5,-0.000646593723974742
2024-04-17,-1,5,-0.00050072923038319
2024-04-17,-1,5,0.004451020575169495
2024-04-17,-1,5,-0.0029374726371734217
2024-04-17,-1,5,-0.0006865664396690784
2024-04-17,1,5,0.0005071827971573906
2024-04-17,1,5,0.0027980450317361405
2024-04-17,1,5,-0.006905875391081728
2024-04-17,1,5,-0.002211285456771128
2024-04-17,1,5,-0.00247183244082666
2024-04-17,1,5,-5.525807497736002e-05
2024-04-17,1,5,0.0018315735462716698
2024-04-17,1,5,-0.020083298762307578
2024-04-17,1,5,0.0023327419429030605
2024-04-17,1,5,-0.012137020997375403
2024-04-17,1,5,-0.010580535171233307
2024-04-17,1,5,0.004540458356833088
2024-04-17,1,13,0.0011998354840955794
2024-04-17,1,5,0.005672145875940726
2024-04-17,-1,5,-0.009081616233331646
2024-04-17,-1,5,0.004647421134622853
2024-04-20,1,5,-0.00042503802772936295
2024-04-20,1,23,0.003928058055051531
2024-04-20,-1,10,0.0014794671931669945
2024-04-20,-1,5,-0.0029548939939295082
2024-04-20,-1,5,-0.0018918016242515656
2024-04-20,-1,5,0.0007156365397070208
2024-04-20,-1,5,-0.003957015457872137
2024-04-20,-1,5,0.00019138401481949574
2024-04-20,-1,6,0.0006046300812564964
2024-04-20,1,5,-0.0034583552740356516
2024-04-20,1,5,0.0006765704014456975
2024-04-20,1,5,0.0023415636213083846
2024-04-20,1,5,0.0019591639819055984
2024-04-20,1,5,0.003046083067971883
2024-04-20,-1,5,-0.0008895374704510072
2024-04-20,-1,5,-0.015617148340598075
2024-04-20,-1,5,0.0006602951545107705
2024-04-20,-1,5,-0.003977140785572264
2024-04-20,-1,5,-0.0017970756803243337
2024-04-20,-1,5,0.002301717587422425
2024-04-20,1,5,1.3339467012041359e-05
2024-04-20,1,5,-0.00026566985113568576
2024-04-20,1,6,-0.00027761136251852603
2024-04-20,1,5,-0.002591431772523578
2024-04-20,1,5,0.002575422019001461
2024-04-23,-1,5,-0.0023021830500911666
2024-04-23,-1,5,-0.0034199126269330304
2024-04-23,-1,5,0.00137508744192133
2024-04-23,-1,5,-0.00014898988638628586
2024-04-23,-1,5,0.00011641359204722656
2024-04-23,1,5,0.0006385064739990454
2024-04-23,1,5,-0.003688342146056345
2024-04-23,1,5,-0.0005484035854066981
2024-04-23,1,5,-0.0023756837911473316
2024-04-23,1,36,-0.0017459828278199585
2024-04-23,1,5,0.002193378150000702
2024-04-23,1,5,-0.000600755960143584
2024-04-23,1,5,0.0017056806078301068
2024-04-23,1,5,-0.0021603661001156627
2024-04-23,1,18,0.000303682712274156
2024-04-23,1,5,-0.0008793286905711127
2024-04-23,1,5,0.0023974332421676237
2024-04-23,-1,5,-0.005421559082470051
2024-04-23,-1,5,0.0017605217807563078
2024-04-23,-1,5,0.0015524026036268235
2024-04-23,-1,5,0.003218053113594188
2024-04-23,-1,5,0.0004943131344655183
2024-04-23,-1,5,-0.0011126064318254802
2024-04-23,-1,5,-0.002241095979831631
2024-04-23,-1,5,0.00040403042352016305
2024-04-23,-1,5,0.0005977137115266706
2024-04-23,-1,5,6.33667057105548e-05
2024-04-23,1,5,-0.00042886422858195983
2024-04-23,1,5,-0.000555891882547732
2024-04-23,-1,5,0.0011294108182378637
2024-04-23,-1,83,-0.0007236526468019088
2024-04-23,-1,5,0.0019912698332627543
2024-04-23,1,5,0.0018762162298928131
2024-04-26,1,5,-0.0030637536392753018
2024-04-26,1,7,-0.0014209407328139023
2024-04-26,1,5,0.0005984715648862937
2024-04-26,1,5,0.00014202427216986069
2024-04-26,1,5,-0.0006029085085182405
2024-04-26,-1,5,0.0017700207475315755
2024-04-26,1,5,-0.004089087569448646
2024-04-26,1,5,-0.0001995956741676629
2024-04-26,1,5,-0.007678622473756891
2024-04-26,1,5,0.009092341157946604
2024-04-26,-1,5,0.009741229081172531
2024-04-26,1,5,-0.0051485303475607425
2024-04-26,1,5,0.00012164822825816446
2024-04-26,1,6,0.002268885047407465
2024-04-26,1,5,-0.0013718738399500219
2024-04-26,1,5,0.001298364912605876
2024-04-26,1,5,0.00064902471213929
2024-04-29,-1,5,-0.0006594306100781709
2024-04-29,1,5,-0.006557017421486344
2024-04-29,1,5,0.0012823251024853266
2024-04-29,1,155,-0.002074648368166121
2024-04-29,1,7,0.0040362926009582245
2024-04-29,1,5,-0.0026969149168730167
2024-04-29,1,5,0.0018629254463057854
2024-04-29,-1,5,-0.0003833757885490229
2024-04-29,-1,5,0.002396789423230572
2024-04-29,1,5,0.006943893360161046
2024-04-29,-1,5,0.0033702885602530657
2024-04-29,1,5,5.1529670220096355e-05
2024-04-29,-1,5,-0.009132779874264252
2024-04-29,-1,35,-0.0027413585612888203
2024-04-29,-1,5,-0.004128248407643309
2024-04-29,-1,5,-0.002766385812854655
2024-04-29,-1,5,0.003123628072957907
2024-04-29,-1,5,-0.005653496424910254
2024-04-29,-1,5,0.00037163662701727995
2024-04-29,-1,5,0.0028099843085846454
2024-04-29,1,5,0.002691425201132469
2024-04-29,-1,5,-0.004343907284768245
2024-04-29,-1,5,0.000778272519592671
2024-04-29,-1,8,-0.0014519734518337324
2024-04-29,-1,5,-0.0015467313630067037
2024-04-29,-1,5,-0.006583669351961252
2024-04-29,-1,5,-0.008184043768027671
2024-04-29,-1,5,-0.0020292565615925295
2024-05-02,1,5,-0.009782989500492001
2024-05-02,1,5,-0.002804255688358459
2024-05-02,1,5,-0.008650333370320562
2024-05-02,1,5,0.0015576770477553903
2024-05-02,1,5,0.003431865977651716
2024-05-02,-1,5,0.0021150499687696
2024-05-02,1,5,0.00071187985998028
2024-05-02,1,5,-0.0005419658752417454
2024-05-02,1,5,0.0005446451739301028
2024-05-02,1,5,0.0009711278672896451
2024-05-02,1,5,0.0023392550861671135
2024-05-02,-1,5,-7.062575597344123e-05
2024-05-02,1,5,0.004860269954664209
2024-05-02,-1,5,-0.00449822498962732
2024-05-02,-1,5,0.0004365695892090682
2024-05-02,-1,5,0.004289944260730205
2024-05-02,1,5,-0.0007947337271019815
2024-05-02,1,5,0.012545338386851401
2024-05-02,-1,5,-0.0022658325899392318
2024-05-02,-1,5,-0.0038318717255366175
2024-05-02,-1,5,0.00506839825989619
2024-05-02,-1,5,0.003427895209293153
2024-05-02,-1,5,-0.0012087155342642153
2024-05-02,-1,14,0.00030323229358536496
2024-05-02,1,5,0.0029878743035322564
2024-05-02,-1,5,-0.0013215332851686523
2024-05-02,-1,5,0.0010596965400268554
2024-05-02,-1,5,0.000231812753302585
2024-05-05,-1,5,0.001310566535583979
2024-05-05,-1,5,0.004188857570857352
2024-05-05,-1,5,0.004053344225893374
2024-05-05,-1,5,-0.0030135539908334175
2024-05-05,-1,5,0.0022316928457790097
2024-05-05,-1,5,0.0025387515817178463
2024-05-05,-1,5,-0.0011937041929491188
2024-05-05,-1,5,-0.001027636266026699
2024-05-05,-1,5,0.00024944603698778833
2024-05-05,-1,5,0.0013108586688578838
2024-05-05,-1,5,-0.0028917519705578543
2024-05-05,-1,5,-0.0012480785920508386
2024-05-05,-1,5,-0.007911838953671702
2024-05-05,-1,5,0.0016387621404850283
2024-05-05,-1,5,0.0016728544695416292
2024-05-05,-1,5,0.0009466900827029279
2024-05-05,-1,5,-0.0034409624402827466
2024-05-05,-1,5,0.0011839097514568242
2024-05-05,-1,5,-0.002302473989595877
2024-05-05,-1,5,0.00363990209202153
2024-05-05,-1,5,-0.0018673140950334344
2024-05-05,-1,5,-0.005195042995588095
2024-05-05,-1,5,-0.0016357814625481137
2024-05-05,-1,5,0.0025484613398024103
2024-05-05,-1,5,0.0015548682575193262
2024-05-05,1,5,-0.0022814194718636105
2024-05-05,-1,5,0.002548262808856283
2024-05-08,1,5,-0.0014447747479783835
2024-05-08,1,5,0.002774000415677713
2024-05-08,1,6,-0.0028855036672472134
2024-05-08,1,5,0.002938074831065174
2024-05-08,1,226,0.001402505518763808
2024-05-08,1,17,0.003951633811073163
2024-05-08,1,5,-0.0047912707535121
2024-05-08,1,5,0.0035332974905799013
2024-05-08,1,5,-0.003071925256966146
2024-05-08,1,5,-0.0013319345223795076
2024-05-08,1,5,-0.002337374411749138
2024-05-08,1,5,-0.002340075759277027
2024-05-08,1,5,0.0030903301127213623
2024-05-08,1,5,-0.003299161576759191
2024-05-08,1,5,-0.0022181832797428247
2024-05-08,1,5,0.001174464465472036
2024-05-08,1,5,0.0028321406034376717
2024-05-08,1,5,-0.000776173848915873
2024-05-08,1,5,-0.006252641489801147
2024-05-08,1,5,0.000786557183410419
2024-05-08,1,5,0.0005094363028667614
2024-05-08,1,5,-0.0022058995925676173
2024-05-08,1,5,-0.004833252420005596
2024-05-08,1,5,0.005832282527208299
2024-05-08,1,5,0.00446814234268994
2024-05-08,1,5,-0.004931399999999975
2024-05-08,1,5,1.7541492559336566e-05
2024-05-08,1,6,0.003080007628683823
2024-05-08,-1,5,0.002423466653799611
2024-05-08,1,5,-2.111840467261528e-05
2024-05-08,1,5,-0.00766622875741424
2024-05-08,1,5,-0.006126726992497111
2024-05-08,1,5,-0.00016927209154476975
2024-05-08,1,5,-0.0008667930388514543
2024-05-08,1,5,-0.005107190265055295
2024-05-08,1,5,-0.001278408327742231
2024-05-08,1,5,-0.006279991876503133
2024-05-08,1,5,0.0037864421167927436
2024-05-11,-1,5,0.0018365652259622611
2024-05-11,-1,5,0.0007506259343190158
2024-05-11,-1,5,-0.0016207677901392548
2024-05-11,-1,5,0.00033926417092494676
2024-05-11,-1,5,-0.0011151497744439909
2024-05-11,-1,5,-0.00023718090125696134
2024-05-11,-1,5,0.0019065604108919332
2024-05-11,-1,5,0.0026231483269430478
2024-05-11,-1,6,0.0005456773826946759
2024-05-14,-1,5,0.0034699074827536096
2024-05-14,-1,6,0.0037362423325804643
2024-05-14,1,5,-0.0015887478470877903
2024-05-14,1,5,-0.0004565723994194858
2024-05-14,1,5,-0.001147045367363153
2024-05-14,1,5,-0.002389213496347964
2024-05-14,1,5,0.0019452186399792626
2024-05-14,1,5,-0.0010977484762682566
2024-05-14,1,5,0.0012693901580821954
2024-05-14,1,5,-0.009851173745445696
2024-05-14,1,5,-0.0018140882524367297
2024-05-14,1,5,-6.750572613950501e-05
2024-05-14,-1,5,0.002275292418126351
2024-05-14,1,5,0.0075309242360363515
2024-05-14,-1,5,-0.00998912912339961
2024-05-14,1,12,-0.0008147039486984807
2024-05-14,-1,5,0.003312121440540106
2024-05-14,1,5,-0.003921161123573491
2024-05-14,1,10,0.0016523873371123154
2024-05-14,1,5,-0.003137342522089581
2024-05-14,1,5,0.00041898221798625235
2024-05-14,1,5,0.000535535039824564
2024-05-14,1,5,0.001545193487863139
2024-05-14,-1,6,0.0017572521872390445
2024-05-14,1,5,0.0029460353996845767
2024-05-14,-1,5,0.0001179012511881018
2024-05-14,-1,5,0.0007494007857909435
2024-05-17,-1,5,0.00030759388945694754
2024-05-17,-1,5,0.0029529570156932583
2024-05-17,-1,5,0.0023935633234464793
2024-05-17,-1,5,-0.00018089676598270754
2024-05-17,-1,5,-0.0023596114540350155
2024-05-17,-1,9,0.00032652188168119667
2024-05-17,-1,5,0.00033881355686299363
2024-05-17,-1,16,-0.0008584900745345901
2024-05-17,-1,5,-0.0038280873394081483
2024-05-17,-1,5,-0.001953924369081872
2024-05-17,-1,5,-0.007018401346465197
2024-05-17,-1,5,-0.0025031783178044997
2024-05-17,-1,5,-0.000752105779373624
2024-05-17,-1,5,0.0006597751063813218
2024-05-17,-1,5,-0.0018616414221575561
2024-05-17,-1,5,-0.002766554736142235
2024-05-17,-1,5,0.00031280216862678023
2024-05-17,-1,5,-0.00315538735349713
2024-05-17,-1,5,0.000829678691473601
2024-05-17,-1,6,-0.0008728999305911976
2024-05-17,-1,5,-0.0007386249811435762
2024-05-17,-1,5,-0.003528475909686135
2024-05-17,-1,5,0.002293618269200437
2024-05-17,-1,5,-0.004317585760610421
2024-05-17,-1,5,-0.006472269195286817
2024-05-17,-1,5,-0.000848197316403898
2024-05-17,-1,5,-0.0004760438181543035
2024-05-17,-1,5,0.003233897275344788
2024-05-17,-1,5,0.0007860863309996913
2024-05-17,-1,5,0.007504001468143284
2024-05-17,-1,5,-0.003442676798074029
2024-05-17,-1,5,-0.0018400212179348618
2024-05-17,-1,5,-0.0014139632811601133
2024-05-17,-1,5,-0.0011176018947565702
2024-05-17,-1,5,0.0003466274589863373
2024-05-20,1,5,-0.00045748870966028077
2024-05-20,1,5,-0.000151368723516898
2024-05-20,1,5,-0.0006413363363365064
2024-05-20,1,5,0.0015105304110329398
2024-05-20,1,5,0.0015629600024579804
2024-05-20,-1,5,-0.00043886057410663637
2024-05-20,1,5,-0.0010128535753804457
2024-05-20,1,5,0.0007643753587142643
2024-05-20,1,5,0.0013777266879104189
2024-05-20,1,5,-0.0006493113772454983
2024-05-20,1,5,0.0035281836551414596
2024-05-20,-1,5,-0.0012560705947520234
2024-05-20,-1,5,0.0034598686373738534
2024-05-20,-1,5,-0.0010763490424006705
2024-05-20,-1,5,-0.01601568170596185
2024-05-20,1,5,-0.004078768144401168
2024-05-20,1,6,-0.007586419571415315
2024-05-20,1,5,0.0007173849926413456
2024-05-20,1,5,0.005677177988658799
2024-05-20,1,5,0.0054424944644728135
2024-05-20,1,6,0.018535866907957776
2024-05-23,1,5,0.0028671084311261974
2024-05-23,1,5,-0.00350881380051854
2024-05-23,1,5,0.003338104443162127
2024-05-23,1,5,-3.3574964954985356e-05
2024-05-23,1,5,-0.0016164804338256178
2024-05-23,1,5,-0.0007718871311873098
2024-05-23,-1,5,-0.0029754814522494066
2024-05-23,1,5,-0.0013163994676272384
2024-05-23,1,12,-0.003662523260325068
2024-05-23,-1,6,-0.0025202855627500242
2024-05-23,-1,5,0.00034183666608850205
2024-05-23,1,5,0.0021074724626590213
2024-05-23,-1,5,-0.00016617669252455547
2024-05-23,-1,5,0.007776819637399235
2024-05-23,1,5,-0.004026386781076863
2024-05-23,1,5,-0.016736528386298744
2024-05-23,1,33,0.0010047508610674938
2024-05-23,-1,5,-0.002437136923054306
2024-05-23,-1,5,-0.0032770752498530453
2024-05-23,-1,5,0.0006801652081355747
2024-05-23,-1,5,-0.0033896369298572204
2024-05-23,-1,5,0.0006145120519068237
2024-05-23,-1,5,0.0003109450760946931
2024-05-23,-1,5,0.010186888865839017
2024-05-23,1,5,-0.0015013218435269704
2024-05-23,1,5,0.0024212096798194582
2024-05-23,1,6,0.0003103205841250013
2024-05-23,1,5,0.0006234780917197535
2024-05-23,1,5,0.006074625098248576
2024-05-23,-1,5,0.008675681749614028
2024-05-23,1,5,0.00815914638126175
2024-05-23,-1,5,0.003608539367181696
2024-05-23,1,5,-0.0020666301916672514
2024-05-23,-1,5,-0.005516402569909984
2024-05-26,1,5,-0.0017860499408036135
2024-05-26,1,5,-0.0005772987672226225
2024-05-26,1,5,0.0011863875750758868
2024-05-26,1,5,-0.0008586309610088548
2024-05-26,1,5,-0.0005295574435451588
2024-05-26,1,5,0.000610993333091725
2024-05-26,1,5,-0.0026696707623085625
2024-05-26,1,5,0.00041628601562310186
2024-05-26,1,5,-0.0003205683323404539
2024-05-26,1,5,-9.446953329300667e-05
2024-05-26,1,5,-0.0013552923790298155
2024-05-26,1,5,-1.3226310712266434e-05
2024-05-26,1,5,0.0007749072966160564
2024-05-26,1,5,0.00025394451741672663
2024-05-26,1,5,-0.001865493209352198
2024-05-26,1,5,-0.004740895306932835
2024-05-26,1,157,0.0029513696712261672
2024-05-26,1,5,-0.003294271763983281
2024-05-29,-1,6,-0.0009379612366856026
2024-05-29,-1,5,-0.0024874739377192534
2024-05-29,-1,5,0.00027865906306517873
2024-05-29,-1,125,-0.0019993994638343726
2024-05-29,-1,5,-0.004053146105289118
2024-05-29,-1,5,-0.0026115282486574576
2024-05-29,-1,7,-0.0020246664306802775
2024-05-29,-1,5,-0.0005813103998235091
2024-05-29,-1,5,-0.002326326910921772
2024-05-29,-1,5,0.0019053455980824752
2024-05-29,-1,5,-0.0019812428067949583
2024-05-29,-1,5,0.0004297366767696542
2024-05-29,-1,5,0.0002906333474659851
2024-05-29,-1,5,0.0017673895875986445
2024-05-29,1,5,-0.006970298637152317
2024-05-29,1,6,0.0006610267132802217
2024-05-29,1,5,0.0012613686336743757
2024-05-29,1,5,0.0002721860540510491
2024-05-29,1,5,0.0008253195249540712
2024-05-29,1,5,-0.0013847092919749282
2024-05-29,1,5,-0.0012292268906821113
2024-05-29,1,5,0.00019404663249095188
2024-05-29,1,5,0.0005031994231560755
2024-05-29,1,5,-0.002830344734838619
2024-05-29,1,5,0.000379298325337174
2024-05-29,1,5,-0.0020577431390205736
2024-05-29,1,5,-0.0011919466072758955
2024-05-29,1,6,-8.817637112851207e-05
2024-05-29,1,5,-0.0051415160069761545
2024-05-29,1,5,0.0008059227989375972
2024-05-29,1,5,-0.0006731645543368024
2024-05-29,1,5,0.001239393388067389
2024-05-29,1,5,-0.002277294695452403
2024-05-29,1,5,-0.002502021032102786
2024-05-29,1,5,-0.00025057931032451675
2024-05-29,1,5,-0.0021229327706204226
2024-05-29,1,5,-0.0017441412717724147
2024-05-29,1,5,0.0007367085636117987
2024-05-29,1,5,8.731717873605726e-05
2024-05-29,1,22,0.0028801124714694093
2024-05-29,1,5,0.0006109511777669385
2024-06-01,1,5,-0.0008079595649438941
2024-06-01,1,5,0.0007319822485207239
2024-06-01,-1,5,-0.001832954149700028
2024-06-01,-1,5,-0.0014399459483803168
2024-06-04,1,5,-0.001059154334130119
2024-06-04,1,5,0.0013823828965830454
2024-06-04,1,5,0.0015409339078792939
2024-06-04,1,5,-0.0001153468218120789
2024-06-04,-1,5,-0.0003904302569465722
2024-06-04,1,5,0.0027233344496506162
2024-06-04,-1,11,0.0003554406503080699
2024-06-04,1,5,0.0011874812030076565
2024-06-04,-1,5,0.002093479632734152
2024-06-04,1,5,-0.0008976046504896583
2024-06-04,1,5,-0.0041596163980946455
2024-06-04,1,5,0.0026957411282585997
2024-06-04,1,5,-0.0017838022703579592
2024-06-04,-1,5,-0.0009397742097232985
2024-06-04,1,6,-0.0007296484924624312
2024-06-04,1,5,-8.707191728768427e-05
2024-06-04,1,5,-0.006577348309402542
2024-06-04,1,5,-0.0013056848029062151
2024-06-04,1,5,0.0024665725688983176
2024-06-04,1,5,0.0002344150241925803
2024-06-04,1,5,-0.0008833029715977213
2024-06-04,1,5,6.822689248714442e-05
2024-06-04,1,6,0.0011355797101448295
2024-06-04,1,5,-0.0007137501375989451
2024-06-04,1,5,0.006121421981391373
2024-06-04,-1,5,-0.006953602002071124
2024-06-04,-1,8,0.0042809086880700176
2024-06-04,1,5,0.006189967649173178
2024-06-04,-1,5,-0.001916746168395378
2024-06-04,-1,5,-0.008552421552383171
2024-06-04,-1,5,0.0017329888024101847
2024-06-04,-1,5,0.000955150199483723
2024-06-04,1,5,0.00018654635904175054
2024-06-04,-1,5,-0.004940828418321719
2024-06-04,-1,5,0.002314063745777306
2024-06-04,-1,5,0.002336961861329978
2024-06-04,1,5,-0.0014232678290859169
2024-06-04,1,5,-0.0024625762740752566
2024-06-04,1,5,0.00037409433039109485
2024-06-04,1,5,1.0059574607035435e-05
2024-06-04,1,8,0.0012061991739617528
2024-06-04,-1,5,-0.0008347181446256012
2024-06-04,-1,5,0.0004865290968913416
2024-06-04,-1,5,-0.0001675845637812422
2024-06-07,-1,5,0.0009633964705400566
2024-06-07,-1,5,-0.0008892980780038083
2024-06-07,-1,5,-0.0020566717051953565
2024-06-07,-1,5,-0.0022674540877836713
2024-06-07,-1,5,0.00035819972419554047
2024-06-07,-1,5,-0.00078676203950917
2024-06-07,-1,5,-0.0003811706881330922
2024-06-07,-1,5,0.00016382898062344841
2024-06-07,-1,5,-3.0471991183500416e-05
2024-06-07,-1,5,-0.0029230403985676667
2024-06-07,-1,5,-0.0006032543396333189
2024-06-07,-1,5,-0.0008148070669725115
2024-06-07,-1,5,-0.0035020529967411673
2024-06-07,-1,5,-0.005877440485087926
2024-06-07,-1,5,0.013056958632346072
2024-06-07,-1,5,-0.0027652226453458995
2024-06-07,-1,5,0.0016341266082729455
2024-06-07,1,5,-0.0015216081670849646
2024-06-07,1,5,-0.005275396837592539
2024-06-07,1,5,-0.004935868402537291
2024-06-07,1,5,-0.02015305467928502
2024-06-07,-1,5,0.0011651546824009151
2024-06-07,1,5,0.005736204224974617
2024-06-07,-1,5,0.002199824140002249
2024-06-07,1,5,0.0032698037199060948
2024-06-07,-1,30,-0.002337825855394826
2024-06-07,-1,5,0.0012947292113117403
2024-06-07,-1,5,-0.0018549717315304304
2024-06-07,-1,5,-0.00043479928495088183
2024-06-07,-1,5,0.00011520564219974505
2024-06-10,-1,5,-0.00019467169781578464
2024-06-10,-1,5,0.0013932399750084534
2024-06-10,1,5,-0.0015522840759378265
2024-06-10,1,5,-0.0030179018798155988
2024-06-10,1,5,0.0011753265447413397
2024-06-10,1,79,-0.0006724347764691107
2024-06-10,1,5,0.0011189055715440932
2024-06-10,1,5,-0.00025489588343546854
2024-06-10,1,12,-0.0029898831418560534
2024-06-10,1,5,0.0001633080833553514
2024-06-10,1,5,0.0005158344328270448
2024-06-10,-1,5,-0.0016805863557807776
2024-06-10,-1,5,-0.003291876012079975
2024-06-10,-1,5,0.0048591028748209975
2024-06-10,1,5,-0.0012847612364377814
2024-06-10,1,5,-0.001373930110447119
2024-06-10,1,5,-0.002957077256704077
2024-06-10,1,5,0.0020141239694648205
2024-06-10,1,5,-0.00079638549892308
2024-06-10,1,5,-0.001982009276842611
2024-06-10,1,5,-0.001273533518830583
2024-06-10,1,5,-0.0021334221967271305
2024-06-10,1,5,-0.00021196044195842523
2024-06-10,1,5,-7.40994528317106e-05
2024-06-13,1,5,-0.001986851941361445
2024-06-13,1,5,-0.009797781895927893
2024-06-13,1,5,0.0051112093427922445
2024-06-13,1,5,-0.0010889004653887313
2024-06-13,-1,5,0.006583206694052046
2024-06-13,1,10,0.0042200885478158034
2024-06-13,-1,5,0.00813492202311733
2024-06-13,1,5,0.001181128251376451
2024-06-13,1,5,-0.0072698773825782825
2024-06-13,1,5,-0.00841209517679714
2024-06-13,1,5,0.0023714882742033594
2024-06-13,1,5,0.0011073326708911924
2024-06-13,1,5,-0.0005126676526013284
2024-06-13,1,5,0.000965073458048582
2024-06-16,-1,5,-0.0018672656933512166
2024-06-16,-1,5,0.0006277945381690242
2024-06-16,-1,5,-4.173184087463591e-06
2024-06-16,-1,5,-0.0011889200962520996
2024-06-16,-1,5,-0.0016462664609565025
2024-06-16,-1,6,-9.403299430316137e-05
2024-06-16,-1,5,-0.0006270042025108834
2024-06-16,-1,5,-0.000566586086284626
2024-06-16,-1,5,0.0003709739476541186
2024-06-16,-1,5,-0.001438579725448863
2024-06-16,-1,5,-0.0014078645107227783
2024-06-16,-1,6,-0.004475355102335821
2024-06-16,-1,5,-0.0010603089237977703
2024-06-16,-1,5,0.0014723845357032528
2024-06-16,-1,5,0.00020093350629385453
2024-06-16,-1,21,-0.0007570053514031615
2024-06-16,-1,5,0.00046490314552155576
2024-06-16,-1,5,0.0005771005226769543
2024-06-16,-1,5,-0.00032638034508630776
2024-06-16,-1,5,-0.0006233785860846884
2024-06-16,-1,5,-0.00031998370014879585
2024-06-16,-1,8,-0.0015876924319198626
2024-06-16,-1,6,0.00032993405072384585
2024-06-16,-1,7,-0.0016670611973337857
2024-06-16,-1,7,-0.0011023084575246256
2024-06-16,-1,5,0.0003330390296340525
2024-06-16,-1,5,0.00043125548278560855
2024-06-16,-1,5,0.0026228982782771637
2024-06-19,-1,5,0.0026567274849489952
2024-06-19,-1,5,-0.007520594126857294
2024-06-19,-1,5,0.005535918139221441
2024-06-19,1,5,0.004766356996955323
2024-06-19,-1,5,-0.0007422685822699447
2024-06-19,-1,208,-0.004137496509833805
2024-06-19,-1,5,0.0021118269318826655
2024-06-19,-1,5,-0.003087224955181489
2024-06-19,-1,5,0.00043301862065486807
2024-06-19,-1,5,-0.0007087608135419309
2024-06-19,-1,5,-3.85854460623335e-05
2024-06-19,-1,5,-0.0023527960331804487
2024-06-19,-1,5,0.0034223138479234087
2024-06-19,1,5,0.0006490345624627358
2024-06-19,1,5,-0.0015562307152176547
2024-06-19,1,5,0.0004218506789137044
2024-06-19,1,5,-0.001959879634855499
2024-06-19,-1,5,0.00023776246177814608
2024-06-19,-1,5,-0.005059261167435658
2024-06-19,-1,5,-1.453330356976357e-05
2024-06-19,-1,5,0.0003222489458843404
2024-06-19,-1,5,0.0009752134109410338
2024-06-19,-1,5,-0.0007327999413181961
2024-06-19,1,5,-0.0012550422394593252
2024-06-19,1,5,-0.0014967213254610257
2024-06-19,1,5,-0.002155881457844122
2024-06-19,1,5,0.0010654605893644642
2024-06-19,1,5,-0.0046687323808426995
2024-06-19,1,5,-0.0005860399062481146
2024-06-19,1,5,0.0022032491712279945
2024-06-19,1,6,-0.00029131585423064477
2024-06-19,1,5,-0.0014967032500830535
2024-06-19,1,5,6.675833889413616e-06
2024-06-19,1,5,-0.002231599242320692
2024-06-19,1,5,-0.0033735589922636033
2024-06-19,1,5,-0.0005505129302565969
2024-06-19,1,5,-0.003285788918628907
2024-06-19,1,5,-0.0007493891768979853
2024-06-19,1,5,0.0030815065928497254
2024-06-19,1,5,-8.631732840874695e-05
2024-06-19,1,5,-0.002049178964916909
2024-06-19,1,5,-0.003072737773768097
2024-06-19,1,5,0.0005468226458069103
2024-06-22,-1,5,-0.001928170175080457
2024-06-22,-1,5,-0.00028086653104525394
2024-06-22,-1,5,-0.0007380701798077037
2024-06-22,-1,5,-0.0006898963834132686
2024-06-22,-1,5,-0.0013849580191245825
2024-06-22,-1,5,-0.0008034460805489972
2024-06-22,-1,5,-0.0006916681363585141
2024-06-22,-1,5,8.147527494700723e-05
2024-06-22,-1,5,-0.0025523719525833433
2024-06-22,-1,5,0.0013500654122086675
2024-06-22,-1,5,-0.00023906288432024015
2024-06-22,-1,5,-0.001798149138933447
2024-06-22,-1,5,0.00021225918644157693
2024-06-22,-1,7,-0.0008812348094363042
2024-06-22,-1,5,0.0005082435561703513
2024-06-25,-1,5,-0.0021429169993477104
2024-06-25,-1,5,-0.0014301046677245854
2024-06-25,-1,5,-0.0028832756439341467
2024-06-25,-1,5,-0.0012332697735793485
2024-06-25,-1,5,-0.012618328570294601
2024-06-25,-1,5,-0.007079358504878341
2024-06-25,-1,6,0.004754707554833371
2024-06-25,1,5,0.0006519021556272153
2024-06-25,1,5,-0.005759522407842443
2024-06-25,1,5,-0.0007066673932352717
2024-06-25,1,5,-0.00011371801592235931
2024-06-25,1,5,-0.0037914724586331494
2024-06-25,1,5,-0.004199222432411054
2024-06-25,1,5,0.0017950105517232084
2024-06-25,1,5,2.9339916993886936e-05
2024-06-25,-1,5,0.0036565574655102466
2024-06-25,1,42,0.0021332829837789613
2024-06-25,-1,5,0.0032008622374206097
2024-06-25,-1,5,-0.001513797086419466
2024-06-25,-1,5,-0.010863910883010475
2024-06-25,1,5,-0.00560138814495964
2024-06-25,1,5,0.003324662305955462
2024-06-25,1,5,-0.002489215294810443
2024-06-25,1,5,-0.004839252228324431
2024-06-25,1,5,0.001561773429023583
2024-06-25,1,14,-0.0021161242728371943
2024-06-25,1,5,-0.0005988304994498094
2024-06-25,1,17,0.006208446223216979
2024-06-25,1,5,-0.005323481700068744
2024-06-25,1,5,0.0009135238784369615
2024-06-25,1,5,-0.0017494864395279364
2024-06-25,1,5,-0.0027314434208084992
2024-06-25,1,5,-0.0012671475317120318
2024-06-25,1,6,-0.0006821719156818172
2024-06-25,1,5,0.0028050849783313736
2024-06-25,1,5,-0.004727799562165902
2024-06-25,1,5,-0.004079073571309599
2024-06-28,-1,5,0.0017479585989311208
2024-06-28,-1,5,0.001470912905603583
2024-06-28,1,5,-0.0025028038922884632
2024-06-28,1,20,-0.001731157039450426
2024-06-28,1,5,-0.001878057467451677
2024-06-28,1,5,0.0004120681774030799
2024-06-28,1,5,-0.0012330750890164333
2024-06-28,1,5,0.0008022125322730278
2024-07-01,-1,5,0.0006096907992526046
2024-07-01,-1,5,-0.004513057089725436
2024-07-01,-1,5,-0.009949315837325445
2024-07-01,-1,5,-0.004461085389520447
2024-07-01,-1,5,0.004526296388082052
2024-07-01,-1,5,-0.0009736199794188604
2024-07-01,-1,5,0.0011910079840318777
2024-07-01,-1,5,-0.001815636953940214
2024-07-01,-1,6,0.00187913192303385
2024-07-01,-1,5,-0.0026586326138118843
2024-07-01,-1,5,-0.0018075339637982357
2024-07-01,-1,5,5.489271063424683e-05
2024-07-01,-1,5,-0.0013608196049575416
2024-07-01,-1,5,-0.0003489777448515973
2024-07-01,-1,5,0.0004804627428995345
2024-07-01,-1,6,0.0021695487995118667
2024-07-01,-1,5,-0.001593615947213689
2024-07-01,-1,5,-0.005992387627778817
2024-07-01,-1,5,0.0012100010904711467
2024-07-01,-1,5,-0.001052194109174176
2024-07-01,-1,5,-0.006992993360617261
2024-07-01,-1,5,-0.004328031820526601
2024-07-01,-1,5,0.0012211789211576396
2024-07-01,-1,5,0.0027555010447590234
2024-07-01,-1,5,0.0037834719174800195
2024-07-01,-1,6,-0.0012077984222938487
2024-07-01,-1,6,0.00028638579145207077
2024-07-01,-1,6,0.0015723130987737588
2024-07-04,1,5,-0.009859704813956982
2024-07-04,1,5,-0.010600894989353404
2024-07-04,-1,6,-0.006594646809388316
2024-07-04,-1,5,-0.00034363115935892574
2024-07-04,1,5,-0.0029224623679975914
2024-07-04,1,5,0.00027064704502927095
2024-07-04,1,5,-0.006228533107494327
2024-07-04,1,5,-0.004227175077585799
2024-07-04,1,5,-0.008562100207349321
2024-07-04,1,5,0.007052144103477598
2024-07-04,1,5,-0.003942856495362912
2024-07-04,1,5,-0.001479398602856341
2024-07-04,1,5,0.001538140717840475
2024-07-04,1,11,0.00557392832601783
2024-07-04,1,5,6.12898218789738e-05
2024-07-07,-1,5,-5.609935872169503e-05
2024-07-07,-1,11,0.0040206663627012085
2024-07-07,-1,5,0.0021427308164644887
2024-07-07,-1,5,0.00177955150938508
2024-07-07,1,5,0.0013682375859009333
2024-07-07,1,6,-0.0037479636336252287
2024-07-07,1,20,0.0016975208703599587
2024-07-07,1,5,0.0010035323037986266
2024-07-07,1,5,0.00048636176180621993
2024-07-07,-1,5,-0.0005537711443734382
2024-07-07,1,5,-0.004076732784743242
2024-07-07,1,5,0.001927192798309496
2024-07-07,1,5,-0.0035495845023391648
2024-07-07,1,5,-0.006443643785416564
2024-07-07,1,5,-0.0029208060569788086
2024-07-07,1,5,-0.00010347073671140839
2024-07-07,1,5,0.0029565388818676985
2024-07-07,1,5,0.006777375775850636
2024-07-07,-1,5,0.0027391315045544595
2024-07-07,1,5,-0.006774277228228154
2024-07-07,1,5,-0.0007057287572836412
2024-07-10,-1,9,0.0057815061155485625
2024-07-10,-1,5,0.0011813649004140392
2024-07-10,-1,5,0.001256869924179116
2024-07-10,-1,5,-0.0020639231365172095
2024-07-10,-1,5,-0.0027937379721093003
2024-07-10,-1,5,-0.013004137079550226
2024-07-10,-1,5,-0.0009551699113490851
2024-07-10,-1,5,0.001268264336985625
2024-07-10,1,5,0.0011008836307845882
2024-07-10,-1,5,-0.003471987269580812
2024-07-10,-1,5,0.0007834254479274771
2024-07-10,-1,5,0.00289731615135419
2024-07-10,-1,5,0.003803334185151164
2024-07-10,-1,5,-0.0031736454869706887
2024-07-10,-1,6,0.006498195514317573
2024-07-10,-1,5,-0.003339384068397344
2024-07-10,-1,5,0.0035546937496650504
2024-07-10,-1,5,-0.004286524869767716
2024-07-10,-1,5,-0.00236964490340702
2024-07-10,-1,5,0.0020083305931136164
2024-07-10,1,5,-0.00028962195198128915
2024-07-10,1,5,0.0008671043337541984
2024-07-10,1,5,-0.0011609330568051468
2024-07-10,1,5,-0.0026239873087848253
2024-07-10,1,5,-0.0016004521719151232
2024-07-10,1,5,-0.0039037401358223422
2024-07-10,1,5,0.002518949572485052
2024-07-10,1,6,0.0029061206610074275
2024-07-13,1,5,-0.001631720720596086
2024-07-13,1,5,-0.0006395993945649824
2024-07-13,1,5,-0.00015097776324385348
2024-07-13,-1,5,-0.0018374390647638017
2024-07-13,-1,5,0.0034889744577558117
2024-07-13,-1,5,-0.004055259764855157
2024-07-13,-1,5,0.0011629213511811787
2024-07-13,-1,5,0.0014738936635513844
2024-07-13,-1,5,-0.0031605779950465984
2024-07-13,-1,5,-0.0008152084219479882
2024-07-13,-1,5,-0.0016660831268549559
2024-07-13,-1,5,0.0020760361531793614
2024-07-13,-1,5,0.00032621401069882216
2024-07-13,-1,5,-0.0009363287226150095
2024-07-13,-1,5,7.816178739678003e-05
2024-07-13,-1,6,0.0011402303530882452
2024-07-13,-1,10,0.004742675227430715
2024-07-13,-1,5,-0.011462607558480775
2024-07-13,-1,5,0.001605996702335355
2024-07-16,-1,5,0.00563815588180866
2024-07-16,-1,5,-0.0002860081416848347
2024-07-16,-1,5,-0.003032016493840939
2024-07-16,-1,5,0.0022602132999712254
2024-07-16,-1,5,0.0061034149915378255
2024-07-16,1,5,-0.00238065794575143
2024-07-16,1,5,-0.011498085303882133
2024-07-16,1,5,0.0004652405282187799
2024-07-16,1,5,-0.00044510743343156845
2024-07-16,1,5,-0.004930085053300115
2024-07-16,1,5,-0.004826122777331465
2024-07-16,1,5,-0.004753491577663971
2024-07-16,1,5,0.00019583003447837266
2024-07-16,1,5,0.00390727983447231
2024-07-16,1,5,0.001992167232457376
2024-07-16,-1,5,-0.004063112446812511
2024-07-16,-1,5,-0.0018708509858332278
2024-07-16,-1,5,0.0006051739580555382
2024-07-16,1,5,0.0035280821401657008
2024-07-16,1,5,1.6577586356037008e-05
2024-07-16,1,5,0.001751008979042623
2024-07-16,-1,5,-0.0038385491282815765
2024-07-16,-1,5,0.005166577144444295
2024-07-16,1,20,-0.002664888406695598
2024-07-16,1,5,-0.0003217227900167984
2024-07-16,1,5,0.003530341127811532
2024-07-16,-1,5,0.003405568480667254
2024-07-16,-1,252,0.0037264830545575283
2024-07-16,1,5,0.0012062337788107391
2024-07-16,1,5,-0.005108920626903768
2024-07-16,1,7,0.0030257445232323987
2024-07-19,1,5,0.0007231014873416153
2024-07-19,-1,5,-0.0008783651665312252
2024-07-19,-1,5,-0.0012226464996392683
2024-07-19,-1,5,0.0004142520363688562
2024-07-19,-1,5,0.0014430277396383917
2024-07-19,1,5,-0.0025134586779326784
2024-07-19,1,5,0.004342192046824012
2024-07-19,-1,5,0.00013211973219812167
2024-07-19,-1,5,-0.011695214029751988
2024-07-19,-1,5,0.0012299469438534216
2024-07-19,-1,5,-0.002500411411704484
2024-07-19,-1,5,-0.0042483075288773375
2024-07-19,-1,5,-0.008689364679628275
2024-07-19,-1,5,-0.0010942646651158072
2024-07-19,-1,5,-0.0021764751278683936
2024-07-19,-1,5,-0.0024299896653064423
2024-07-19,-1,5,0.000781003556129034
2024-07-19,-1,5,-0.005866332411907316
2024-07-19,-1,5,-0.0025133908272552685
2024-07-19,-1,5,0.004593212984850548
2024-07-19,1,5,-0.00014868977905219116
2024-07-19,1,5,0.0017541389812773533
2024-07-19,1,5,-0.0009053734792294209
2024-07-19,1,5,-0.0016354178770680572
2024-07-22,-1,5,0.004812139514477953
2024-07-22,1,6,-0.00015175797309191486
2024-07-22,1,5,-0.0012979268673099509
2024-07-22,1,5,0.0004477112566951269
2024-07-22,1,5,-0.002484442035637302
2024-07-22,1,5,0.0009853804780463604
2024-07-22,1,5,-0.004462538362707658
2024-07-22,1,5,-0.003549276202717444
2024-07-22,1,5,-0.000339007756612164
2024-07-22,1,5,-0.0009671736626995496
2024-07-22,1,5,-0.004300203391090995
2024-07-22,1,5,0.0037665156194694465
2024-07-22,1,5,0.001998157381300769
2024-07-22,1,5,-8.253720460410497e-05
2024-07-22,1,5,0.0014630789059750238
2024-07-22,1,5,0.0020459774355747196
2024-07-22,1,5,-0.008147176544153811
2024-07-22,1,10,-0.004408308248267712
2024-07-22,1,5,-0.0023292330642015746
2024-07-22,1,5,0.002530671000341822
2024-07-22,1,5,0.0010341973324163312
2024-07-22,-1,5,0.0011254169113328882
2024-07-22,-1,5,0.005762401779013937
2024-07-22,1,5,-0.0014272968518579954
2024-07-22,1,5,-0.0025621648507815897
2024-07-22,1,5,0.00022157828994612283
2024-07-25,1,5,-0.0003571767572095318
2024-07-25,1,5,-0.014780483542845502
2024-07-25,1,5,-0.0028664681008394033
2024-07-25,1,5,-0.0019606450070069337
2024-07-25,1,5,-0.0016443899706136134
2024-07-25,1,5,-0.0016865306861454932
2024-07-25,1,5,-0.0026454755003257335
2024-07-25,1,5,0.00038894692320651236
2024-07-25,1,5,0.00010321852080336102
2024-07-25,1,5,-0.00035665258056633
2024-07-25,1,5,-0.0028959175767759304
2024-07-25,1,5,0.0017288206585125976
2024-07-25,1,5,-0.001108303676973843
2024-07-25,1,5,-0.002347722196363089
2024-07-25,1,5,-0.002613772233475087
2024-07-25,1,5,0.00414080856002913
2024-07-25,-1,5,-0.0002317239839109696
2024-07-25,1,5,-0.0035949295052928876
2024-07-25,1,5,-0.002556589376290608
2024-07-25,1,5,0.001974877435516109
2024-07-25,1,5,-0.0018562757815651643
2024-07-25,1,5,0.0008723632348792143
2024-07-25,1,5,-0.004607825890348416
2024-07-25,1,5,0.002617334876248989
2024-07-25,1,5,-0.004624795353646294
2024-07-25,1,5,-0.0012020896766064548
2024-07-25,-1,5,-0.00930003975672361
2024-07-25,-1,5,0.0023228967362218245
2024-07-25,-1,5,-0.0004748539643750215
2024-07-25,-1,5,-0.0013356029901945843
2024-07-25,-1,5,-0.0038636461482486895
2024-07-25,-1,5,0.00584069212901811
2024-07-25,-1,10,0.0002511765482482998
2024-07-25,-1,36,-0.0066496388721618005
2024-07-25,-1,5,-0.0054920624528501105
2024-07-25,-1,5,-0.0019715221821721696
2024-07-28,-1,5,-0.0008534938258542567
2024-07-28,-1,5,-0.0014069982219711563
2024-07-28,-1,69,0.0005587767937269006
2024-07-28,-1,5,0.0009311111111111603
2024-07-28,-1,5,0.003367715681106665
2024-07-28,-1,5,-0.004181906318082629
2024-07-28,-1,5,-0.000844621046699967
2024-07-28,-1,5,-0.001948852671775969
2024-07-28,-1,5,0.0008827340412440043
2024-07-28,-1,5,-0.0011266902989076066
2024-07-31,-1,5,0.0014034091750186328
2024-07-31,-1,5,-0.0022466269401580363
2024-07-31,-1,5,-0.00025371459879258696
2024-07-31,-1,5,0.0032831152327122415
2024-07-31,-1,5,-0.0006945313556923626
2024-07-31,1,5,-0.0033459948177078647
2024-07-31,1,5,-0.0012497097811783875
2024-07-31,1,5,0.0032566703295364152
2024-07-31,-1,5,-0.006869433275294823
2024-07-31,-1,5,-0.002887594490179446
2024-07-31,-1,6,-0.0018211591892403622
2024-07-31,-1,5,0.0018540944640301205
2024-07-31,-1,5,-0.0014535964674118884
2024-07-31,-1,5,-4.49840758569019e-05
2024-07-31,-1,5,-0.00018651670206598625
2024-07-31,-1,5,0.001416645345713341
2024-07-31,-1,5,-0.0013815881077948178
2024-07-31,-1,5,-0.005172003057504926
2024-07-31,-1,5,0.0030655089719297535
2024-07-31,-1,5,-0.0016986550491511765
2024-07-31,-1,5,0.001077219122804729
2024-07-31,-1,5,0.0015845078064769536
2024-07-31,-1,5,-0.002640948533344567
2024-07-31,-1,5,0.007625550287190308
2024-07-31,1,5,0.0033010221153947916
2024-07-31,-1,5,0.011826389137245819
2024-07-31,1,5,-0.009646351255210461
2024-07-31,1,5,-0.011477415745294206
2024-07-31,1,5,-0.00047241999904096266
2024-07-31,1,5,0.0014505576196667813
2024-07-31,1,5,0.001232486667582522
2024-07-31,1,5,-0.0006229751119531389
2024-07-31,1,5,-0.0026133879601137333
2024-07-31,1,5,-0.0018169706080475856
2024-08-03,1,5,-0.0064333740488258795
2024-08-03,1,5,0.0003739563687485403
2024-08-03,-1,5,-0.004056855828444672
2024-08-03,-1,5,0.001885668419531028
2024-08-03,-1,5,0.003160999245650775
2024-08-03,-1,5,-0.0017797015483321244
2024-08-03,-1,5,0.00016279570771277074
2024-08-03,-1,5,-0.0005586965768686335
2024-08-03,-1,5,-0.0014373463770272488
2024-08-03,-1,5,-0.0005239482202476496
2024-08-03,-1,5,-0.002973167809407873
2024-08-03,-1,5,-0.0012240446105221126
2024-08-03,-1,5,0.0013684472097223455
2024-08-03,-1,5,0.005651275751699492
2024-08-03,1,5,-0.004026381695126868
2024-08-03,1,5,0.003362243847255087
2024-08-03,1,7,-0.0014037905420785646
2024-08-03,1,5,-0.0018658512877875455
2024-08-03,1,5,-0.007892655392398196
2024-08-03,1,5,-0.004086654604607831
2024-08-03,1,5,0.003473310067523439
2024-08-03,-1,5,0.00454482822410146
2024-08-03,1,5,0.006771198788274091
2024-08-03,-1,5,-0.002902336217858681
2024-08-03,-1,5,0.0008390026027295661
2024-08-03,-1,6,3.113829200657181e-05
2024-08-06,-1,5,-0.011169916738607732
2024-08-06,-1,5,-0.0018284900832593043
2024-08-06,-1,5,-0.001764833819816236
2024-08-06,-1,230,0.00980562809855473
2024-08-06,-1,5,-0.00343691377210692
2024-08-06,-1,5,-0.005460993696500938
2024-08-06,-1,5,-0.00101283336382757
2024-08-06,-1,5,0.008300707238362015
2024-08-06,-1,5,-0.00682094652491988
2024-08-06,-1,5,-0.005506656285390765
2024-08-06,-1,5,0.001998943815580023
2024-08-06,-1,5,0.0016682970301044597
2024-08-06,-1,25,-0.003364630565872606
2024-08-06,-1,29,0.0015886076595445497
2024-08-06,-1,25,0.0006225391692074589
2024-08-06,-1,5,-0.0015924669166785255
2024-08-06,-1,5,0.0034254930694361256
2024-08-06,-1,5,-0.0001533900098272255
2024-08-06,-1,5,0.0017783209475479844
2024-08-06,-1,5,-0.001718275952700854
2024-08-06,-1,5,0.009700992057738722
2024-08-09,-1,25,-0.0014206385178544
2024-08-09,-1,5,0.009204740259740218
2024-08-09,1,5,0.0056532922500493465
2024-08-09,-1,5,-0.0010108699065581317
2024-08-09,-1,5,0.0010281700946784267
2024-08-09,-1,5,-0.0013140071424143085
2024-08-09,-1,5,0.0018022111645379923
2024-08-09,-1,5,0.0005577580263999571
2024-08-09,1,5,-0.003023465569512662
2024-08-09,1,5,0.0015969399778232307
2024-08-09,-1,5,0.002949535363952205
2024-08-09,-1,5,-0.00031149831865123756
2024-08-09,-1,5,0.003009981580024579
2024-08-09,1,5,0.004284713204721624
2024-08-09,-1,5,-0.0013933905142927139
2024-08-09,1,5,0.003880232717601018
2024-08-09,1,5,0.003478896788899622
2024-08-09,1,5,0.0013524633661727292
2024-08-09,1,5,-0.004930322213043736
2024-08-09,1,5,0.010132033198310297
2024-08-09,1,5,-0.0009059768266458933
2024-08-09,1,5,-0.002172576104776336
2024-08-09,1,5,0.006386301647303971
2024-08-09,1,5,0.0017347195483463085
2024-08-09,-1,5,-0.0007786050256031739
2024-08-09,-1,5,-0.0007292214578474286
2024-08-09,-1,5,0.007832147482714158
2024-08-12,1,5,-0.004524473651030536
2024-08-12,1,5,0.001035206185566906
2024-08-12,1,5,-0.0002112430285037824
2024-08-12,1,5,-0.0018794556718598199
2024-08-12,1,5,0.0030135577456304463
2024-08-12,1,5,-0.001163820403553395
2024-08-12,1,5,-0.0007228362167686629
2024-08-12,1,5,-0.0025399663368575465
2024-08-12,1,5,-0.007895968417798771
2024-08-12,1,5,5.660289031722565e-05
2024-08-12,1,5,-0.019208320829266545
2024-08-12,1,5,0.017385443894101182
2024-08-12,1,5,-0.010633916359478468
2024-08-12,1,5,0.002614381631122098
2024-08-12,1,5,-0.0005620106613666852
2024-08-12,1,5,0.0006971250799625017
2024-08-12,1,5,-0.0056168250685005305
2024-08-12,1,5,-0.0008303687774617318
2024-08-12,1,5,-0.00816776409730896
2024-08-12,1,5,0.0040589958493901235
2024-08-15,-1,5,-0.0007337299680301722
2024-08-15,-1,5,0.001245678386121274
2024-08-15,-1,5,0.009782977533242476
2024-08-15,1,25,0.002643441592771578
2024-08-15,1,5,-0.0023201697144514255
2024-08-15,1,5,0.00035103759097582243
2024-08-15,1,161,7.849679453636471e-05
2024-08-15,-1,6,0.0025993500980870388
2024-08-15,1,5,-0.0009582714851317785
2024-08-15,1,5,-0.0018439386629910959
2024-08-15,1,5,0.0002387584967117885
2024-08-15,1,5,0.003347203789058229
2024-08-15,-1,5,-0.0020180987208414103
2024-08-15,-1,5,-0.0025262470391982927
2024-08-15,-1,5,0.0019221577032373927
2024-08-15,-1,5,0.00034002052992715426
2024-08-15,-1,5,-0.0033542725517499705
2024-08-15,-1,5,-0.0014613089186415462
2024-08-15,-1,5,-0.00275664023003791
2024-08-15,-1,5,-0.0029583248623464287
2024-08-15,-1,5,0.0012608511104371112
2024-08-15,-1,5,-0.0010592310101221192
2024-08-15,-1,5,-0.0009073488215623481
2024-08-15,-1,8,-0.0029634471255924333
2024-08-15,-1,5,0.003931561199683464
2024-08-15,1,5,0.001439987659330011
2024-08-15,1,5,-0.02372771355731179
2024-08-15,1,5,0.005457696121959177
2024-08-15,1,5,-0.01395798394110398
2024-08-15,1,5,0.00421091486691777
2024-08-15,-1,5,-2.09978624516326e-05
2024-08-15,-1,5,-0.0008912427045711379
2024-08-15,-1,5,-0.007707594763318337
2024-08-15,-1,5,-0.006039695857876393
2024-08-15,-1,5,-0.001149218519651829
2024-08-15,-1,5,-0.002358051294122643
2024-08-15,-1,11,0.0004621213259990431
2024-08-18,-1,5,0.0007090768909613909
2024-08-18,-1,5,0.0013359395973154276
2024-08-18,-1,5,-0.001426924949919084
2024-08-18,1,5,-0.00034633854948312715
2024-08-18,-1,5,0.002678769331839137
2024-08-18,-1,5,0.0003821580468669761
2024-08-18,1,5,-0.0021188220123989354
2024-08-18,1,5,-0.00017139933312254596
2024-08-18,1,5,0.0009763145663334583
2024-08-18,1,6,-0.0013085119537779577
2024-08-18,1,5,-0.009327746416706584
2024-08-21,1,5,0.0012739351514556296
2024-08-21,1,5,-0.001703411675961608
2024-08-21,1,5,0.0027841318034411144
2024-08-21,-1,5,-0.0008286065794909646
2024-08-21,-1,5,0.0012228953511678742
2024-08-21,-1,6,-0.004647590252859601
2024-08-21,-1,5,-0.0023065619599829668
2024-08-21,-1,5,5.459309242389365e-05
2024-08-21,-1,5,0.0017442234931070444
2024-08-21,1,5,-0.0038337537564139823
2024-08-21,1,5,0.0016101935788638833
2024-08-21,1,5,0.0022275031658926525
2024-08-21,1,5,-0.0002960203861504528
2024-08-21,-1,5,-0.002942033029631974
2024-08-21,1,5,0.008422387506447693
2024-08-21,-1,5,0.003525043700595088
2024-08-21,-1,5,0.007677183077677785
2024-08-21,-1,5,0.00548544545462154
2024-08-21,1,5,0.004547066688770529
2024-08-21,-1,5,0.0007085947876205867
2024-08-21,-1,5,-0.0024676145658402704
2024-08-21,-1,5,-0.005140421561385333
2024-08-21,-1,5,-0.008485971361258227
2024-08-21,-1,5,-0.0025357271521807
2024-08-21,-1,5,-0.007996445135676933
2024-08-21,-1,5,-0.00020260703464741725
2024-08-21,1,5,-0.002574365493129005
2024-08-21,1,5,0.004198691247641662
2024-08-21,-1,5,0.003424056238142848
2024-08-21,1,5,0.0003415241482553345
2024-08-24,1,5,8.328835591581163e-05
2024-08-24,1,5,-0.002417399225048411
2024-08-24,1,5,-0.004295376800973416
2024-08-24,1,5,0.0027665913144178655
2024-08-24,1,5,-3.696520319423902e-05
2024-08-24,1,5,-0.0019827957459139234
2024-08-24,1,5,0.0014255529522024246
2024-08-24,-1,5,-0.0002497071413460338
2024-08-24,1,5,0.004439919277658688
2024-08-24,1,5,-0.003014911916320473
2024-08-24,1,73,-0.003484384729231682
2024-08-24,1,5,0.004252198057608403
2024-08-24,1,5,-0.00036189513445800115
2024-08-24,1,5,0.0011894737109891529
2024-08-27,1,5,0.0008717489223743491
2024-08-27,1,5,-0.0016956971454747394
2024-08-27,-1,5,0.001202316327387376
2024-08-27,-1,5,0.002822468055797389
2024-08-27,-1,5,-0.00039685229182079274
2024-08-27,-1,5,-0.001303196022682196
2024-08-27,-1,5,-0.001879876737955144
2024-08-27,1,5,-0.0023793523686847506
2024-08-27,1,5,0.0007565539054782966
2024-08-27,1,5,-5.890823230331177e-05
2024-08-27,1,5,-0.004273193392312746
2024-08-27,1,5,0.00174587390164066
2024-08-27,1,5,-0.001179326014065063
2024-08-27,1,5,-0.0057039589712186145
2024-08-27,1,5,-0.0011045556324468797
2024-08-27,1,5,-9.582565863369686e-05
2024-08-27,1,5,0.00026084348288807357
2024-08-27,1,5,-0.0010773089072244058
2024-08-27,1,6,-9.860390444377243e-05
2024-08-27,1,11,0.00177836945876092
2024-08-27,1,5,-0.0021949812208079122
2024-08-27,1,5,-0.003347792952279216
2024-08-27,1,5,-0.0024977545586574723
2024-08-27,1,5,-0.005107996908887247
2024-08-27,1,5,0.00037199390885350736
2024-08-27,1,5,-0.001618071462652193
2024-08-27,1,5,0.00145803151998386
2024-08-27,-1,5,-0.001376537435702041
2024-08-27,-1,5,-0.00027242668644184
2024-08-27,-1,5,-0.0013421244967482537
2024-08-27,-1,5,0.0006881558316121361
2024-08-27,-1,5,-0.0016225531571124052
2024-08-27,-1,5,0.002978865841526679
2024-08-27,1,5,-0.012777432241162734
2024-08-27,1,5,-0.02835974210972264
2024-08-27,-1,5,-0.008087922684791915
2024-08-27,-1,5,-0.000977036336772985
2024-08-27,-1,5,-0.004328167649536641
2024-08-30,-1,5,-0.0010547190660506467
2024-08-30,-1,5,-0.004756096121416642
2024-08-30,-1,5,0.0034153517351641076
2024-08-30,-1,5,-0.0034197142623385024
2024-08-30,-1,5,-0.0008386628363968306
2024-08-30,-1,5,-0.002666949727357315
2024-08-30,-1,5,-0.00021770536434922983
2024-08-30,-1,5,0.001475101874750473
2024-08-30,-1,5,-0.00048591841755690746
2024-08-30,-1,6,0.0017109790721633877
2024-08-30,-1,5,-0.005983853044785381
2024-08-30,-1,5,0.00013932038337388663
2024-08-30,-1,36,0.0046273572538242935
2024-08-30,1,8,-0.00721779066782352
2024-08-30,1,5,0.006053360544944819
2024-08-30,-1,5,-0.0007896211418289555
2024-08-30,-1,27,-0.00122659451483359
2024-08-30,-1,5,-0.006006760070948636
2024-08-30,-1,5,9.095186514096573e-06
2024-08-30,-1,5,0.002063227560736014
2024-08-30,-1,5,0.0002529685651512793
2024-08-30,-1,5,0.0006405308441831958
2024-08-30,-1,5,1.9860762489221193e-05
2024-09-02,1,5,0.0014811394283080204
2024-09-02,1,226,-0.0016688857441435334
2024-09-02,1,5,0.0025605472589100287
2024-09-02,-1,5,0.000539344818374643
2024-09-02,-1,73,-0.002455875432682053
2024-09-02,-1,5,0.001470328639311791
2024-09-02,1,5,0.0022414982678481965
2024-09-02,-1,5,-0.004711988686734669
2024-09-02,1,5,0.0011521959163560136
2024-09-02,1,5,0.00956670493160322
2024-09-02,-1,61,-0.003606758344892269
2024-09-02,-1,5,-0.0032131352120788326
2024-09-02,-1,5,0.000301735864742081
2024-09-02,1,5,0.0023752290039633084
2024-09-02,1,5,-0.001006226276367872
2024-09-02,1,5,0.007953898173939933
2024-09-02,-1,5,-0.00048466576189293276
2024-09-02,-1,5,-0.0010061153379417598
2024-09-02,-1,5,0.0009000298380221206
2024-09-02,-1,5,0.0032067144791850244
2024-09-02,-1,5,-0.002203860023251736
2024-09-02,-1,5,-0.0008494493832647553
2024-09-02,-1,5,0.001031881504910015
2024-09-02,1,5,0.009124496817884686
2024-09-02,-1,5,0.0015426557221997483
2024-09-02,-1,61,-0.002958895129690886
2024-09-02,-1,5,-0.0014045629101940293
2024-09-02,-1,11,0.0017283333333332762
2024-09-05,-1,5,0.0022847733651236157
2024-09-05,1,5,0.0009879218413772484
2024-09-05,1,5,-0.004122024057044593
2024-09-05,1,83,-0.002549620752679116
2024-09-05,1,5,-0.011088431555622724
2024-09-05,1,5,-0.0003686180097826618
2024-09-05,1,5,0.0037759078783489723
2024-09-05,1,5,-0.0020977362624816087
2024-09-05,1,5,-0.001932447272931903
2024-09-05,1,5,-0.0024090031410994306
2024-09-05,1,5,-0.0008913647659955503
2024-09-05,1,5,-0.0019256179608981294
2024-09-05,1,5,-0.0011824516720757017
2024-09-05,1,5,-0.002781758962483949
2024-09-05,1,5,0.0016232962839816678
2024-09-05,1,10,0.00455410598042344
2024-09-05,1,5,0.002038593540653
2024-09-05,1,5,-0.004299858170090209
2024-09-05,1,5,-0.009304115044247718
2024-09-05,1,5,-0.0027293081675200948
2024-09-05,1,5,0.0021963559697505963
2024-09-05,1,5,0.002840070793358851
2024-09-05,1,5,0.005996632391774115
2024-09-05,1,5,-0.0075995061463109415
2024-09-05,1,5,-0.0005639797882235896
2024-09-05,1,5,0.0023999223038324025
2024-09-05,1,5,0.00010702681928881363
2024-09-05,1,5,-0.001088130245254948
2024-09-05,1,5,-0.00024405031575752678
2024-09-05,1,5,-0.0019295260925752955
2024-09-05,1,5,0.001590245945854274
2024-09-08,-1,5,0.0007284681261646164
2024-09-08,-1,5,-0.0026162537266130603
2024-09-08,-1,5,-0.0002679391208387226
2024-09-08,-1,5,0.0004893494191077763
2024-09-08,-1,5,-0.00281877770326161
2024-09-08,-1,5,-5.855983931318798e-05
2024-09-08,-1,6,-0.0027880684949651013
2024-09-08,-1,5,-0.00020261359483281216
2024-09-08,-1,5,-0.0017679963152526512
2024-09-08,-1,5,0.0017466760289312488
2024-09-08,-1,6,-0.002069396755940034
2024-09-08,-1,5,-0.001698704248123184
2024-09-08,-1,5,-0.00018165004400122464
2024-09-08,-1,5,-0.0010323039732367811
2024-09-08,-1,6,-0.00027549134372434325
2024-09-08,-1,5,0.0008310105525429212
2024-09-08,-1,5,0.002077346681540082
2024-09-08,-1,5,-0.00285616612592704
2024-09-08,-1,5,-0.0039645226349310225
2024-09-08,-1,5,-0.0015304702667669479
2024-09-08,-1,5,-0.0005345940047128405
2024-09-08,-1,5,-0.00015042820211558217
2024-09-08,-1,5,-0.00023817230273742707
2024-09-08,1,5,-0.0020941795477190106
2024-09-08,-1,5,-0.0026626728325463422
2024-09-08,-1,5,0.0010272045753710324
2024-09-08,-1,5,-0.00965732511506917
2024-09-08,-1,5,-0.0008104770511557223
2024-09-11,1,5,-0.003558965224030819
2024-09-11,1,31,0.0007595666550643254
2024-09-11,1,5,-0.015659040413695646
2024-09-11,1,5,-0.0003237198651009908
2024-09-11,1,5,-0.002274841899801483
2024-09-11,1,5,-0.001872613154682623
2024-09-11,1,5,0.0002661749979299689
2024-09-11,1,5,-0.0023214991941946095
2024-09-11,1,5,-0.004229095104727187
2024-09-11,1,5,-0.0023304177161303508
2024-09-11,1,5,-0.0007854602499311468
2024-09-11,1,5,0.0017691627304611823
2024-09-11,-1,5,-0.0019846478035028814
2024-09-11,-1,5,-0.0008403411213385169
2024-09-11,1,5,0.0023320167982189832
2024-09-11,-1,5,-0.004006405218573816
2024-09-11,-1,5,0.0040037528124586275
2024-09-11,-1,5,-0.0025735543614034406
2024-09-11,-1,5,-0.000383587297669019
2024-09-11,-1,5,0.0038610710730024316
2024-09-11,1,5,0.01071273774178566
2024-09-11,1,6,-0.01766959634341686
2024-09-11,1,5,-0.0018280958054863183
2024-09-11,1,23,0.000969915601866711
2024-09-11,1,5,0.005297536810360215
2024-09-11,1,5,0.002581817113636198
2024-09-11,-1,5,-0.007136897544731735
2024-09-11,-1,8,0.00041565402087601067
2024-09-11,-1,5,-0.004306430906541314
2024-09-11,-1,5,0.00822845487331575
2024-09-11,1,5,0.0025266489222672273
2024-09-11,-1,5,0.0010731052467289337
2024-09-11,-1,6,0.0022768566103741894
2024-09-11,1,6,-0.002654465361708047
2024-09-11,1,6,0.0001004067963076839
2024-09-11,1,5,-0.0018175920439196802
2024-09-11,1,5,0.0012224313909889317
2024-09-11,1,5,-0.001759135340964002
2024-09-14,-1,5,-7.91138070498908e-05
2024-09-14,-1,5,-0.0006147333785561647
2024-09-14,-1,13,-0.0006496732851269392
2024-09-14,-1,5,0.00016552706067524136
2024-09-14,1,5,-0.0019193451143451612
2024-09-14,1,5,-0.002932549771846038
2024-09-14,1,5,0.00020523066933603184
2024-09-14,1,5,-0.0012330066216122426
2024-09-14,1,5,0.000959729408157528
2024-09-14,1,5,-0.001978591689971998
2024-09-14,1,5,-0.0010350310541923924
2024-09-14,1,5,-0.001146776034997854
2024-09-14,1,5,0.0002092969154030012
2024-09-14,1,5,-0.0025996547668534764
2024-09-14,1,5,-0.0014121137677680085
2024-09-14,1,5,-0.0022440656113518753
2024-09-14,1,5,0.0012824236497554486
2024-09-14,1,5,-0.0003642136908562076
2024-09-14,1,5,0.003240710134789715
2024-09-14,-1,5,-0.0002732899103426444
2024-09-14,-1,5,-0.0008549993333422655
2024-09-14,-1,5,0.00037145882560746257
2024-09-14,-1,5,-0.0004485614540027937
2024-09-17,-1,5,0.0013127859697537603
2024-09-17,1,5,0.0007254380380580794
2024-09-17,-1,5,-0.00023327621835717005
2024-09-17,-1,5,-0.0008118720257013766
2024-09-17,-1,5,-0.0023353400202788532
2024-09-17,-1,5,-0.001984330058367345
2024-09-17,-1,5,-0.0005050211348744392
2024-09-17,-1,5,-0.00015847760990878024
2024-09-17,-1,5,-0.0034769936673920143
2024-09-17,-1,5,-0.003371542176955844
2024-09-17,-1,5,-3.960594878454893e-05
2024-09-17,-1,5,0.0002896907498632363
2024-09-17,-1,5,-0.0027355899700530206
2024-09-17,-1,5,-0.01514659941405011
2024-09-17,-1,5,-0.01653756953692903
2024-09-17,-1,5,0.004781856451228805
2024-09-17,-1,5,0.003959276906241482
2024-09-17,1,5,-0.0038269349946007947
2024-09-17,1,5,-0.005346845481112361
2024-09-20,1,5,-0.0033448754077398113
2024-09-20,1,23,-0.0017998963729331519
2024-09-20,1,5,0.004195000000000115
2024-09-20,1,5,-0.00034963964437323403
2024-09-20,1,5,0.004522108302497052
2024-09-20,-1,5,-0.009856033025834432
2024-09-20,-1,5,-0.00042399027719625104
2024-09-20,-1,5,0.000779711677901529
2024-09-20,-1,5,0.0021492721214613764
2024-09-20,1,5,-0.004806135521314647
2024-09-20,1,5,0.0032194350891431855
2024-09-20,1,5,0.004058303447405043
2024-09-20,1,5,-0.0037039790688680463
2024-09-20,1,5,-0.0005716321870979367
2024-09-20,1,5,0.0013942144084064245
2024-09-20,1,5,-0.009266029133560283
2024-09-20,1,5,-0.002585407889700464
2024-09-20,1,5,-5.061934015554426e-05
2024-09-20,1,5,-0.0010016081915851793
2024-09-20,1,5,0.0002967634583909696
2024-09-20,1,5,0.0019578915088722115
2024-09-20,1,5,-0.003898919149172231
2024-09-20,1,5,-0.0018869067014573582
2024-09-20,1,5,-0.0015852672017069858
2024-09-20,1,5,-0.003988312238775549
2024-09-20,1,5,0.0012878340848536118
2024-09-20,-1,12,0.0016147417882891868
2024-09-20,-1,5,-0.004541830570545413
2024-09-20,-1,5,-0.0006340790367021508
2024-09-20,-1,5,0.0009351676572439405
2024-09-23,-1,5,0.006422292118929918
2024-09-23,-1,5,-0.005097332598240467
2024-09-23,-1,5,-0.0025156775443387347
2024-09-23,-1,5,0.002030177504041275
2024-09-23,-1,5,-0.0030193768021258838
2024-09-23,-1,6,-0.01172377496671101
2024-09-23,-1,5,0.0029016409747242844
2024-09-23,-1,5,0.007352815059506745
2024-09-23,1,5,-0.00019536812988768515
2024-09-23,1,5,-0.002567447777871823
2024-09-23,1,5,0.0007051635905245823
2024-09-23,-1,5,0.005523219462022777
2024-09-23,1,5,0.004792650095405582
2024-09-23,-1,5,0.005223605276991006
2024-09-23,1,5,-0.0014569441226920943
2024-09-23,1,5,0.0003363844470933298
2024-09-23,1,5,0.0021072466218887143
2024-09-23,1,5,0.0011501426271793291
2024-09-23,1,5,0.0013792458891068171
2024-09-26,1,5,0.0010699712731578326
2024-09-26,1,5,-0.00458403428554216
2024-09-26,1,5,-0.0031535578262704145
2024-09-26,1,5,0.005503359093661453
2024-09-26,-1,103,-0.0002632616675117271
2024-09-26,1,5,0.0022132421227196164
2024-09-26,-1,5,-0.0015522457088315567
2024-09-26,-1,5,0.00019432334218832958
2024-09-26,-1,5,0.001155876369327069
2024-09-26,1,5,0.006993576771505194
2024-09-26,-1,5,0.002617680986635673
2024-09-26,1,5,0.0029409883855692764
2024-09-26,-1,5,0.0006961818142545151
2024-09-26,-1,5,0.0019982604074893495
2024-09-26,-1,7,-0.009606295896328387
2024-09-26,-1,5,0.00047497256326750614
2024-09-26,-1,5,-0.00011998261462570204
2024-09-26,-1,5,0.0006475315440669926
2024-09-26,1,5,-0.0003030898250374058
2024-09-26,1,5,-0.004539723685913433
2024-09-26,1,5,-0.0002807758980623575
2024-09-26,1,5,0.0011455771358974132
2024-09-26,1,5,0.002324970119506664
2024-09-26,1,5,-0.0009370018541655089
2024-09-26,1,5,0.0028046518482311433
2024-09-29,-1,5,0.0032459355840554482
2024-09-29,-1,5,-3.097917428668262e-05
2024-09-29,-1,5,0.001656016197768062
2024-09-29,1,5,-0.000977335960567094
2024-09-29,1,5,-0.001892344409097746
2024-09-29,1,5,-0.0006569224134507777
2024-09-29,1,5,-0.0014062981324656776
2024-09-29,1,5,-0.0006171563836286363
2024-09-29,1,5,0.000548353597995932
2024-09-29,1,5,-0.0012506654456653776
2024-09-29,-1,5,-0.00014948119935670457
2024-09-29,-1,70,-6.996160031841326e-05
2024-09-29,-1,6,-0.00117683861293566
2024-09-29,1,5,-0.000270407607660783
2024-09-29,1,5,-0.0013965833545521167
2024-10-02,-1,5,-0.0038387454937059418
2024-10-02,-1,5,-0.0031238291877711544
2024-10-02,-1,5,-0.0029944985705399607
2024-10-02,-1,5,-0.0031026892741908285
2024-10-02,-1,5,-0.0036127031689717204
2024-10-02,-1,5,0.0005916503049811506
2024-10-02,-1,5,-0.0012864519423423926
2024-10-02,-1,5,0.0019073631261199986
2024-10-02,-1,5,0.0010928868788107615
2024-10-02,-1,5,0.0010649123812484507
2024-10-02,-1,5,-0.0021578445379105138
2024-10-02,-1,5,0.0009377297264059892
2024-10-02,1,5,0.0017944833731157739
2024-10-02,1,5,-0.00015646183123602098
2024-10-02,-1,5,0.005698067484662561
2024-10-02,-1,5,0.002671108533476685
2024-10-02,1,5,0.013871460878177533
2024-10-02,-1,5,-0.0005866476477423553
2024-10-02,-1,5,-0.0033785791155683254
2024-10-02,-1,5,-0.005283445351279614
2024-10-02,-1,62,-0.004103857764437946
2024-10-02,-1,5,0.0027667733371947167
2024-10-02,-1,5,0.004210496868341129
2024-10-02,-1,5,0.002222179373426003
2024-10-02,-1,10,0.004897930786340432
2024-10-02,1,5,-0.009238772698856812
2024-10-02,-1,5,-0.003416300018770857
2024-10-02,-1,5,-0.007727789485693137
2024-10-02,-1,5,-0.00021038862452599217
2024-10-02,-1,5,0.0034719321805450347
2024-10-02,1,5,-0.0016640980457988674
2024-10-05,-1,44,-5.024050918095424e-05
2024-10-05,-1,5,0.0010263780395565747
2024-10-05,1,5,-0.00022457284441640402
2024-10-05,1,5,-0.0007985344235373336
2024-10-05,1,5,0.0007832411927010674
2024-10-05,-1,5,-0.00039327351505052943
2024-10-05,-1,5,0.0014875086732709097
2024-10-05,-1,5,-0.0022245799136678124
2024-10-05,-1,5,0.0004476075917655975
2024-10-05,-1,5,-0.0011922518615406497
2024-10-05,-1,8,0.0001652904766953901
2024-10-05,1,5,-0.001246159360335175
2024-10-05,1,6,-0.001159041815733397
2024-10-05,1,5,-0.000751614208385709
2024-10-05,1,5,-0.0021752220180281667
2024-10-05,1,5,-0.000756413935455058
2024-10-05,1,5,0.0005721806034643673
2024-10-05,1,5,0.0021482637122169357
2024-10-08,1,5,0.004536484997184453
2024-10-08,-1,5,-0.0023007906915793463
2024-10-08,-1,5,0.0017003298099141362
2024-10-08,-1,5,-0.003798624156244046
2024-10-08,-1,5,0.0004974761412229189
2024-10-08,-1,5,-0.002003816826854854
2024-10-08,-1,5,0.003512659818808162
2024-10-08,1,6,0.0014052251827531559
2024-10-08,1,5,-0.0028288986831829788
2024-10-08,1,5,-0.0007503855618700704
2024-10-08,-1,5,-0.0008610220502789921
2024-10-08,-1,5,-0.0011169331215386546
2024-10-08,-1,5,0.00018374681532479242
2024-10-08,-1,5,-0.003975129201939265
2024-10-08,-1,5,0.004673736450479582
2024-10-08,1,5,0.008122050489661914
2024-10-08,1,9,-0.0013888479428984524
2024-10-08,1,5,0.0027037662797739226
2024-10-08,-1,5,0.0033225046994360134
2024-10-08,1,7,-0.000796964644435516
2024-10-08,1,5,-0.0023260407966591568
2024-10-08,1,6,-0.0020900824286289033
2024-10-08,1,5,-0.0008114438906278719
2024-10-08,1,5,0.00038822339168115283
2024-10-08,1,5,-0.0022680825168882035
2024-10-08,1,5,0.0013831732220487836
2024-10-11,-1,5,-0.0005758802018909769
2024-10-11,-1,5,-0.0009986287854840126
2024-10-11,-1,5,-0.0029984685586297855
2024-10-11,-1,5,-0.0006284847734996933
2024-10-11,-1,5,0.0003183601169218232
2024-10-11,-1,5,0.001393127886586465
2024-10-11,-1,5,0.0004861587616687424
2024-10-11,-1,5,-0.00510202199122195
2024-10-11,-1,5,0.0013744792140140683
2024-10-11,-1,5,-0.0009770299037124563
2024-10-11,-1,5,-0.002722380704043792
2024-10-11,-1,5,-0.00012227012583126962
2024-10-11,-1,5,-0.001692150531310166
2024-10-11,-1,5,-0.00112806065708565
2024-10-11,-1,5,-0.007725759343432614
2024-10-11,-1,5,-0.001843579754337743
2024-10-11,-1,5,0.00021435314761691926
2024-10-11,-1,5,-0.006848479386782735
2024-10-11,-1,5,-0.0026026580555036927
2024-10-11,-1,5,-0.001428082976024092
2024-10-11,-1,5,-0.0008226767027484371
2024-10-11,-1,5,-0.0024627114907354586
2024-10-11,-1,5,-0.008289586554640682
2024-10-11,-1,5,0.0003439807967434151
2024-10-11,-1,5,-0.0037636930128959745
2024-10-11,-1,5,0.0038942451431631113
2024-10-11,1,5,-0.0031071339071893633
2024-10-11,1,5,0.0005735771354737351
2024-10-11,1,5,-0.0030130282627617855
2024-10-14,1,5,-0.00106724265440733
2024-10-14,1,5,0.0014713156000402683
2024-10-14,1,5,-0.00023583438719559913
2024-10-14,1,5,-3.7383194309292714e-05
2024-10-14,1,10,0.010477318558830662
2024-10-14,-1,5,-0.011993097033685285
2024-10-14,1,89,-0.006081285345743759
2024-10-14,1,5,1.9204666001193635e-05
2024-10-14,1,5,0.004360310302568615
2024-10-14,1,5,0.0024837801998566778
2024-10-14,1,5,-0.0014646499231693588
2024-10-14,1,5,0.0002284227423953734
2024-10-14,1,5,-0.0011175962426856478
2024-10-14,1,5,-0.0034793240245494794
2024-10-14,1,5,-0.0001645125504672883
2024-10-14,1,5,0.005465755071229761
2024-10-14,-1,5,-0.012987772271151166
2024-10-14,-1,5,0.00039663713589116467
2024-10-14,1,5,0.0002869773928697029
2024-10-14,1,5,-0.0008552539346547426
2024-10-14,1,5,0.000972059773828915
2024-10-14,1,5,0.0029117979762575685
2024-10-14,-1,5,-0.0005058195730483493
2024-10-14,-1,5,0.00024705800356544805
2024-10-17,1,5,0.00157875497601484
2024-10-17,1,5,0.002707643297358897
2024-10-17,-1,5,0.002961392215237668
2024-10-17,1,5,-0.001686459281766195
2024-10-17,1,5,0.0010262601293892781
2024-10-17,1,5,-0.0028226354083893956
2024-10-17,1,5,-0.0002970087932981368
2024-10-17,1,5,-0.000883747176988081
2024-10-17,1,5,-0.0003771689991874382
2024-10-17,1,5,-0.0028046553342961356
2024-10-17,1,5,-0.0005625213024230135
2024-10-17,1,5,-0.0011335029037574107
2024-10-17,1,5,0.0017281133211434763
2024-10-17,1,5,-0.0026748695546917056
2024-10-17,1,5,-0.0018933936441383747
2024-10-17,1,5,0.0010078068242635463
2024-10-17,1,5,-0.003856532854339678
2024-10-17,1,5,0.0015060970076980484
2024-10-17,1,5,0.00046590610677083033
2024-10-17,1,5,-0.0005721659166722514
2024-10-17,1,7,0.0020607871287349755
2024-10-17,1,5,-0.0035006189475444427
2024-10-17,1,5,0.005371298715893313
2024-10-17,1,5,0.0021071115195496204
2024-10-17,-1,5,0.003767647041402589
2024-10-17,1,5,0.002766455178013938
2024-10-17,1,5,0.0013084564172222701
2024-10-17,1,5,-0.004308013336791594
2024-10-17,1,5,0.00018864902640375336
2024-10-17,1,5,-0.001941945962945335
2024-10-17,1,5,0.0006209294726004511
2024-10-17,1,5,-0.0008020150501173994
2024-10-17,-1,5,-0.0032707738095237304
2024-10-17,-1,5,-0.00028540302910190485
2024-10-17,-1,10,-0.0013986294653920983
2024-10-20,-1,5,-0.0010032209668225378
2024-10-20,-1,5,0.0020192788989970567
2024-10-20,-1,5,0.0017660448952928065
2024-10-20,-1,5,-0.002991126427356605
2024-10-20,-1,5,5.374386301743039e-05
2024-10-20,-1,5,0.0007217374228499218
2024-10-23,1,5,-0.0023410001901431055
2024-10-23,1,6,-0.0008868189391504909
2024-10-23,1,5,0.0013272881698926375
2024-10-23,1,5,-0.001681437208473191
2024-10-23,1,5,-0.001605483265733454
2024-10-23,1,5,-0.0033476872047867867
2024-10-23,1,5,0.0004655474850327468
2024-10-23,1,5,-0.0007304543557019038
2024-10-23,1,5,0.001257572145283825
2024-10-23,1,5,-0.002123931278619151
2024-10-23,1,12,-0.0013040280126022652
2024-10-23,1,5,0.0014532111688291827
2024-10-23,1,5,-0.004541638393959435
2024-10-23,1,5,-0.0019279243817942882
2024-10-23,1,5,0.0009464208794495721
2024-10-23,1,5,-0.004427950330038011
2024-10-23,1,5,-0.006983798417076359
2024-10-23,1,5,0.0017525100468224752
2024-10-23,1,5,-0.00021068347153080358
2024-10-23,1,5,-0.0007628929639141301
2024-10-23,1,5,-0.00037018468366817314
2024-10-23,1,5,-0.0020108699705298494
2024-10-23,1,5,-0.0007538134506206994
2024-10-23,1,5,-0.0015662639991333438
2024-10-23,1,5,-0.000384902157857525
2024-10-23,1,5,0.0030649655451142066
2024-10-23,1,5,-0.002248633098324515
2024-10-23,-1,5,0.0027915670767252876
2024-10-23,1,5,-0.005990986699434042
2024-10-23,1,5,0.002114526945872164
2024-10-23,1,5,-0.00628637885654687
2024-10-23,1,5,-0.001657921179155919
2024-10-23,1,5,-0.0011074320705653506
2024-10-23,1,5,-0.005657618268304743
2024-10-23,1,5,0.0017735046200754723
2024-10-23,1,5,0.004749903809969369
2024-10-23,-1,5,-0.006682858553154258
2024-10-23,-1,5,-0.0006456029419282249
2024-10-23,-1,5,-0.0029458894846670636
2024-10-23,-1,5,0.0006208869016527951
2024-10-23,-1,5,0.0017727767089231183
2024-10-23,-1,5,-0.0001544024894391537
2024-10-23,-1,5,-0.0021593230864738744
2024-10-23,-1,5,-0.002907310439172639
2024-10-26,-1,5,0.002403484058687344
2024-10-26,-1,5,0.00029913256772168284
2024-10-26,-1,5,-0.0006992051228560946
2024-10-26,-1,5,0.001753343621246184
2024-10-26,-1,5,0.0005553430871872433
2024-10-26,-1,5,-0.002976074086041891
2024-10-26,-1,5,0.0007186703525824956
2024-10-26,-1,5,0.00031339688514592245
2024-10-26,-1,5,-0.0002992733898557475
2024-10-29,-1,5,0.0016710861826672585
2024-10-29,1,5,0.0007704217012546866
2024-10-29,-1,5,-0.0017261672505016201
2024-10-29,-1,5,-0.015030660237070503
2024-10-29,-1,5,-0.0037900662364274695
2024-10-29,-1,5,-9.885655200231314e-05
2024-10-29,-1,5,0.004416716171339596
2024-10-29,1,5,0.0021939110257235828
2024-10-29,-1,5,0.000796658187299959
2024-10-29,-1,5,0.0008198280484181253
2024-10-29,1,5,0.00024698587010946193
2024-10-29,-1,5,-0.0020265476502095425
2024-10-29,-1,5,-0.0007557904460354091
2024-10-29,-1,5,0.0012645754136690335
2024-10-29,1,5,0.0017323189090940327
2024-10-29,-1,5,-0.0023099512756188934
2024-10-29,-1,5,-0.0023764827881871953
2024-10-29,-1,5,0.0008895134516030967
2024-10-29,-1,16,-0.0004032316573785998
2024-10-29,-1,5,-0.0007530156009397103
2024-10-29,-1,5,-0.0037715417374573623
2024-10-29,-1,5,-0.0022321134737455783
2024-10-29,-1,5,0.002058271438132364
2024-10-29,-1,5,0.0015968934552614278
2024-10-29,1,5,0.0029698856841364196
2024-10-29,-1,5,-0.0033835318326894126
2024-10-29,-1,5,-0.0026674338033828016
2024-10-29,-1,5,-0.0018984792420029817
2024-10-29,-1,5,-0.004843396040842773
2024-10-29,-1,5,-0.005493668014064534
2024-10-29,-1,5,-0.0026436530317116014
2024-10-29,-1,5,-0.00039981361426261175
2024-10-29,-1,5,0.0031403446855259864
2024-10-29,-1,5,-0.005992681324209326
2024-10-29,-1,5,-0.0029292981861868683
2024-10-29,-1,5,0.0007508696791516667
2024-10-29,1,5,-0.0018702474335350883
2024-10-29,1,5,-0.008168465627507893
2024-10-29,1,5,0.003955633935744662
2024-10-29,1,5,0.0013492593695054178
2024-10-29,1,5,-0.0025983130699088197
2024-10-29,1,5,0.0037645907711427178
2024-10-29,-1,5,-0.0014235424989666456
2024-10-29,-1,5,-0.00199500287526716
2024-11-01,1,5,0.0005072893121639832
2024-11-01,1,5,-0.003398790527976925
2024-11-01,1,30,-0.009655868000182088
2024-11-01,1,5,-0.007892743452944384
2024-11-01,1,5,0.0028465079455714526
2024-11-01,1,5,0.0030608102262221215
2024-11-01,1,5,-0.0007113256150444446
2024-11-01,1,5,0.0018882232795939813
2024-11-01,1,5,-0.000443766278904134
2024-11-01,1,5,-0.0053363871975356525
2024-11-01,1,12,0.001703208814892887
2024-11-01,1,5,0.0022096910266399816
2024-11-01,1,5,-0.0004104942839867064
2024-11-01,1,5,1.4965068623584818e-05
2024-11-01,1,5,0.0032949570385220617
2024-11-01,-1,5,-0.01027350502276253
2024-11-01,-1,5,-0.0029596490589026136
2024-11-01,1,5,-0.006636494288764283
2024-11-01,1,13,-0.020592924972844318
2024-11-01,1,100,0.008120205540159853
2024-11-01,1,5,-0.00558967534801208
2024-11-01,1,122,0.001246223038140426
2024-11-01,1,5,-0.0027627117036113646
2024-11-01,1,5,-0.002760760636788595
2024-11-01,1,5,-0.006042377760844098
2024-11-01,1,5,0.004134375768601373
2024-11-01,1,5,0.0003491222676263451
2024-11-01,1,6,0.0001807591716737612
2024-11-01,1,5,-0.0014946113938804628
2024-11-01,1,5,-0.0033650780874354136
2024-11-01,1,5,0.0028565723051984793
2024-11-01,1,5,0.001540591514876899
2024-11-04,-1,5,-0.0013891002676398867
2024-11-04,-1,5,-0.0017031422407341457
2024-11-04,-1,5,-0.003872546948697375
2024-11-04,-1,6,-0.0006531638673385464
2024-11-04,-1,5,-0.00013571981589727267
2024-11-04,-1,5,0.0012286497590364154
2024-11-04,-1,5,0.0021973081328420796
2024-11-04,1,5,-0.0036110964048711724
2024-11-04,1,5,-0.00034965659640345803
2024-11-04,1,28,0.004133867791996815
2024-11-04,1,5,-0.009272048689567602
2024-11-04,1,5,0.0023526796901831015
2024-11-04,-1,5,0.0028866180979112976
2024-11-04,-1,5,-0.0013882664393499167
2024-11-04,1,5,-0.0013574853695061395
2024-11-04,1,5,-0.004699090267899109
2024-11-04,1,5,0.01175616602045454
2024-11-04,-1,5,-0.004829130023521977
2024-11-04,-1,5,0.00393719021925093
2024-11-07,1,5,-0.0003755078511964992
2024-11-07,-1,5,0.005985714962639166
2024-11-07,1,5,-0.002748505408448454
2024-11-07,1,5,-0.0024029593033482732
2024-11-07,1,5,-0.002079361817234504
2024-11-07,1,5,0.0007537547608193473
2024-11-07,1,5,-0.0046224415792475715
2024-11-07,1,25,-0.0005622144855764176
2024-11-07,1,5,0.004720484738146735
2024-11-07,1,5,0.0029128945567137854
2024-11-07,-1,5,-0.007227329741709199
2024-11-07,-1,5,-0.0019048002646394058
2024-11-07,-1,5,-0.005565673249977421
2024-11-07,-1,5,-0.002466129568106379
2024-11-07,-1,5,0.00209191083486554
2024-11-07,-1,5,-0.0057074555534729066
2024-11-07,-1,5,0.0046113836790136475
2024-11-07,-1,17,-0.0032827610788415673
2024-11-07,-1,5,0.00015268545846741654
2024-11-07,-1,5,0.00020476190258483806
2024-11-07,-1,5,0.002112290242906878
2024-11-07,1,5,0.0020546446210376046
2024-11-10,-1,16,-0.003694541421966735
2024-11-10,-1,5,0.003250136354609079
2024-11-10,-1,5,0.0006581168293582906
2024-11-10,-1,5,-0.00484195688363559
2024-11-10,-1,5,0.0023852792140641177
2024-11-10,-1,5,-0.002676487722651999
2024-11-10,-1,5,-0.0010657801736518313
2024-11-10,-1,5,0.0030956472585475514
2024-11-10,1,5,-0.004610785045726262
2024-11-10,-1,5,-0.00220268015206343
2024-11-10,-1,5,0.0074558223636184695
2024-11-10,1,5,0.00020351763017240076
2024-11-10,-1,5,-0.0083791160002889
2024-11-10,1,5,-0.013353152198225582
2024-11-10,1,5,-0.00323111713208063
2024-11-10,1,5,-0.0041673547045303905
2024-11-10,1,5,0.001525737452400422
2024-11-10,-1,5,0.006812492440561979
2024-11-13,-1,5,0.00036778240079976554
2024-11-13,1,5,0.004269784805229493
2024-11-13,1,5,-0.0005952428736726855
2024-11-13,-1,5,0.006965425434194594
2024-11-13,1,5,0.00021247912393790324
2024-11-13,1,5,-0.003545428826150554
2024-11-13,1,5,-0.003901936171386733
2024-11-13,1,5,-0.005740187459848889
2024-11-13,1,5,0.005271121652057065
2024-11-13,1,5,0.0011550714296366116
2024-11-13,1,5,0.00201203371733899
2024-11-13,-1,5,-0.002590060886990486
2024-11-13,1,5,0.01331130437125555
2024-11-13,-1,5,-0.009119364845318112
2024-11-13,-1,5,-0.0016146756237032656
2024-11-13,1,5,0.003610731745120999
2024-11-13,1,5,0.016748491083541095
2024-11-13,-1,5,0.010981605827028174
2024-11-13,-1,5,0.005925886450948992
2024-11-13,-1,5,-0.003372335788920433
2024-11-13,-1,5,0.006253409471958016
2024-11-13,1,5,-0.012181124339924854
2024-11-13,1,5,0.001907915093179724
2024-11-13,1,5,-0.014475288185656854
2024-11-13,1,5,0.013735850929149362
2024-11-13,1,5,-0.004055513855691972
2024-11-13,1,26,0.0030428485010926543
2024-11-16,1,5,-0.0006599082239556185
2024-11-16,1,5,0.00026707625801430945
2024-11-16,-1,5,0.0004274164868482422
2024-11-16,-1,5,0.00014335695230466305
2024-11-16,-1,5,-0.0010502433242676745
2024-11-16,-1,5,-0.0039498715542252705
2024-11-16,-1,5,0.0006014266919224798
2024-11-16,-1,5,0.0019893722896340837
2024-11-16,-1,19,4.10478577408947e-05
2024-11-16,1,9,-0.0015154807512754442
2024-11-19,1,5,0.0004468078292678146
2024-11-19,1,5,0.007418189815224074
2024-11-19,-1,5,0.0013492533072995694
2024-11-19,1,5,0.001679027318792714
2024-11-19,-1,5,-0.002045308377290722
2024-11-19,-1,21,-0.0007962355660728336
2024-11-19,-1,5,-0.002967674752332672
2024-11-19,-1,5,-0.001474892642327641
2024-11-19,-1,5,0.0009865903339280613
2024-11-19,-1,5,-0.0008323224342322021
2024-11-19,-1,5,-0.004783502739664602
2024-11-19,-1,5,-0.0008115330085701199
2024-11-19,-1,5,-0.0024614976719786186
2024-11-19,-1,5,0.00045314863103002034
2024-11-19,-1,5,0.001597070480316265
2024-11-19,-1,5,-0.0009205992457693156
2024-11-19,-1,5,-0.002027659076445476
2024-11-19,-1,5,0.006101777540625852
2024-11-19,-1,5,-0.0041119729293466745
2024-11-19,-1,5,-0.0013419674301480833
2024-11-19,-1,5,0.0011226631084900185
2024-11-19,-1,5,-0.0011484189482223184
2024-11-19,-1,5,-0.007521515521451028
2024-11-19,-1,5,-0.001039707507936305
2024-11-19,-1,9,0.0012134285663319422
2024-11-19,-1,5,0.010555836268704544
2024-11-19,1,5,0.002885283604925959
2024-11-19,1,5,0.00850470723853286
2024-11-19,-1,5,-0.0016673105143237277
2024-11-19,-1,5,-0.00218631880165715
2024-11-19,-1,5,-0.0005345112918216376
2024-11-19,-1,5,-0.006658447108221666
2024-11-19,-1,5,-0.004172771641619166
2024-11-19,-1,5,-0.001985348433702294
2024-11-19,-1,5,-0.004727817651178079
2024-11-19,-1,5,-0.004257412518924586
2024-11-19,-1,5,0.0025356469868704212
2024-11-19,-1,5,-0.0001908805938267143
2024-11-19,-1,6,0.006334610129154761
2024-11-19,1,5,-0.0062075049348769284
2024-11-19,1,5,-0.001996845994844343
2024-11-19,1,5,-0.0008645915917347423
2024-11-19,1,5,-0.0047358883872835045
2024-11-19,1,5,0.0024448897281048043
2024-11-22,1,5,-0.0006491078895672352
2024-11-22,1,5,0.002900370950504161
2024-11-22,-1,5,0.0016050835959900422
2024-11-22,-1,5,0.002588179930380352
2024-11-22,-1,5,0.0008093126291172648
2024-11-22,-1,5,0.00029740004199635417
2024-11-22,-1,5,-0.0035445102405982643
2024-11-22,-1,5,0.0004077611433743189
2024-11-22,-1,5,0.0006242160362269211
2024-11-22,1,5,-0.0011537637642560772
2024-11-22,1,5,-0.0010049782764714466
2024-11-22,1,5,0.0003344923470191553
2024-11-22,1,5,0.0025450107001553923
2024-11-22,1,5,-0.006471712382345618
2024-11-22,1,5,0.005553158132917513
2024-11-22,1,136,-0.0029698319622048497
2024-11-22,1,5,0.0069349507709206
2024-11-22,-1,5,-0.0017142103003425224
2024-11-22,-1,5,-0.0008070201367227913
2024-11-22,-1,5,0.0017018552344105209
2024-11-22,-1,5,-0.004593498393523243
2024-11-22,-1,5,0.003173101822500024
2024-11-22,-1,5,-0.0011591065770000797
2024-11-22,-1,5,0.000853670764440484
2024-11-22,-1,5,-0.0009221630778740163
2024-11-22,-1,5,0.0001949687194447437
2024-11-22,-1,75,0.0015909800778694527
2024-11-22,1,5,-0.0006074041837620946
2024-11-25,1,5,-0.005696684850167333
2024-11-25,1,5,0.0023928062802615613
2024-11-25,1,5,-0.002710786819893285
2024-11-25,1,5,-0.013918765144388001
2024-11-25,1,5,-0.007919345114345056
2024-11-25,1,5,0.00882586576049954
2024-11-25,1,5,-0.005522275916374386
2024-11-25,1,6,-0.004931579125558805
2024-11-25,1,5,0.002674293422864016
2024-11-25,1,8,-0.005115164368191427
2024-11-25,1,5,0.0009261282307470586
2024-11-25,1,5,-0.003667407642628351
2024-11-25,1,19,0.006599903146740471
2024-11-25,1,5,-0.0052774531106169476
2024-11-25,1,5,-0.006407878349689977
2024-11-25,1,5,-0.0019549430327760464
2024-11-25,1,5,-0.0010438760030925809
2024-11-25,1,5,-0.010944968038210046
2024-11-28,-1,5,-0.002550703024742307
2024-11-28,-1,20,-0.0021585663964066026
2024-11-28,-1,5,0.002648595504797624
2024-11-28,1,5,-0.002167795780271431
2024-11-28,1,5,0.0009217526855051505
2024-11-28,1,5,0.0024962095657130035
2024-11-28,1,5,0.0024211701188371904
2024-11-28,1,5,-0.0016959567885958537
2024-11-28,-1,5,-0.003397381678831135
2024-12-01,1,5,-0.001421165352596121
2024-12-01,1,304,-0.00429027336833171
2024-12-01,1,5,0.0015980488682516003
2024-12-01,-1,5,-0.0007873890041084074
2024-12-01,-1,5,-0.003890141006235359
2024-12-01,-1,5,-0.00045988644733924156
2024-12-01,-1,5,-0.00017241724910993506
2024-12-01,-1,5,0.0007434504155661714
2024-12-01,-1,5,-0.001235526274491916
2024-12-01,-1,5,-0.0025076294215189976
2024-12-01,-1,6,-0.0012998076126152225
2024-12-01,-1,5,-0.00025997012638728767
2024-12-01,-1,5,0.00038350541063741916
2024-12-01,-1,5,-0.006134058801307518
2024-12-01,-1,5,0.0005518688274537831
2024-12-01,-1,5,-0.001051867863975764
2024-12-01,-1,6,-0.001232858526932612
2024-12-01,-1,5,-0.00017207495127208306
2024-12-01,-1,5,0.0010983203737541802
2024-12-01,-1,5,-0.0015560214816799367
2024-12-01,-1,5,-0.0008111570099096909
2024-12-01,-1,5,-3.375560589918825e-05
2024-12-01,-1,5,-0.0029214924873262604
2024-12-01,-1,6,-0.005087784970515374
2024-12-01,-1,5,0.0013332736662901579
2024-12-01,-1,6,-0.0031187972199593905
2024-12-01,-1,5,0.0017965621644506213
2024-12-04,-1,5,0.008294290288468342
2024-12-04,1,6,0.0016370241876681457
2024-12-04,-1,5,-0.0023865938905761053
2024-12-04,-1,5,0.001116156085142983
2024-12-04,-1,5,-0.001012880211355205
2024-12-04,-1,5,-0.00029803045947335283
2024-12-04,-1,5,-0.0025822634276385092
2024-12-04,-1,5,0.002151878426845777
2024-12-04,1,5,-0.002869587186467404
2024-12-04,1,5,-0.0008841975207008467
2024-12-04,1,5,-0.002430846795205832
2024-12-04,1,5,-0.0010349715671516546
2024-12-04,1,5,0.007857569934112518
2024-12-04,1,5,0.003139668062713319
2024-12-04,1,135,-0.006575554014887686
2024-12-04,1,5,-0.006060926410742018
2024-12-04,1,5,-0.0008987689974409573
2024-12-04,1,143,0.001073233153871811
2024-12-04,-1,5,-0.0029019839456825847
2024-12-04,-1,5,-0.004478027925174655
2024-12-04,-1,5,-0.017499347787041375
2024-12-04,-1,5,-0.005643970164762646
2024-12-04,-1,5,0.005655776524768508
2024-12-04,-1,5,0.0070060491283226445
2024-12-04,-1,5,0.0017168006366912736
2024-12-04,-1,5,-0.00695789314946077
2024-12-07,1,5,-0.0025698325562527047
2024-12-07,1,5,-0.0022463155718288053
2024-12-07,1,5,0.002764158361632185
2024-12-07,1,5,-0.0018020019446573499
2024-12-07,1,5,0.00043776269059619954
2024-12-07,1,5,-3.8593931512231785e-05
2024-12-07,1,5,-0.0005535268704069395
2024-12-07,1,5,0.001181105319982556
2024-12-07,1,5,0.00011920326437836481
2024-12-07,1,5,0.0009661971001796998
2024-12-07,1,5,0.0032620312578394706
2024-12-10,1,9,0.0042159187808278875
2024-12-10,-1,5,-0.00097471246006392
2024-12-10,-1,5,0.0015265591434072134
2024-12-10,-1,5,-0.0012037163378620375
2024-12-10,-1,5,0.0005612877440820951
2024-12-10,-1,5,0.013148335981750414
2024-12-10,1,5,0.010253074449286748
2024-12-10,-1,5,0.004002731980030594
2024-12-10,-1,5,-0.006859946410303908
2024-12-10,-1,5,0.004322988536710259
2024-12-10,-1,5,-0.004088147681613308
2024-12-10,-1,5,-0.003715363285091977
2024-12-10,-1,5,-0.0026362381884622033
2024-12-10,-1,5,0.0021610284837463856
2024-12-10,-1,5,-0.00027871619192992847
2024-12-10,-1,5,-0.004169383098510171
2024-12-10,-1,17,-0.0019444888314695263
2024-12-10,-1,5,0.0024883061042975663
2024-12-10,-1,5,-0.005911268363341826
2024-12-10,-1,5,-0.0016911456348627785
2024-12-10,-1,5,0.001666538466256029
2024-12-10,-1,5,-0.003343203705961806
2024-12-10,-1,5,0.0028155707278440523
2024-12-10,-1,5,0.004296690063093911
2024-12-10,-1,5,-0.004003223049602822
2024-12-10,-1,5,-0.00196228423965078
2024-12-10,-1,5,-0.0007109286427853799
2024-12-10,-1,5,-0.00019455307513921427
2024-12-10,-1,7,0.006011043524502935
2024-12-10,1,5,-0.010241483090541681
2024-12-10,1,5,0.003142340838102553
2024-12-10,-1,5,0.0075925956665937044
2024-12-10,1,11,-0.002035546202374283
2024-12-10,1,28,0.0006946785650300824
2024-12-10,-1,5,-0.0024689739650619047
2024-12-10,-1,157,-0.006465302148523089
2024-12-10,-1,5,-0.0010500865364058698
2024-12-10,-1,5,-0.004962735927583062
2024-12-10,-1,5,-0.0007677128088752759
2024-12-10,-1,5,-0.003240115293144552
2024-12-10,-1,5,0.0011620577082592232
2024-12-10,-1,5,-0.0007874868651489008
2024-12-10,-1,5,-0.0002426896252706866
2024-12-13,1,5,-0.004639846095110534
2024-12-13,1,5,-0.00033326004564188094
2024-12-13,1,5,8.583676246759497e-05
2024-12-13,1,5,0.0008547493677863449
2024-12-13,1,5,0.0009577702914446706
2024-12-13,1,5,0.0020744368389826184
2024-12-13,1,5,-0.0014237562998373199
2024-12-13,1,5,-0.0029350137207634908
2024-12-13,1,7,0.00028843518720450556
2024-12-13,1,5,0.0007948848802385444
2024-12-13,1,5,0.0031168313612514598
2024-12-13,-1,5,-0.001076148058758719
2024-12-13,-1,5,-0.005833829708290106
2024-12-13,-1,5,0.010622257448343386
2024-12-13,1,5,0.008341810914581138
2024-12-13,-1,5,-0.0004318989064278632
2024-12-13,-1,5,-0.003747802794624111
2024-12-13,-1,5,-0.0007409235972690164
2024-12-13,-1,5,-0.0005223488702817413
2024-12-13,-1,5,0.001719825484219839
2024-12-13,1,5,0.00015280706661940935
2024-12-16,-1,5,0.008820140486353767
2024-12-16,-1,5,-0.001459242400613292
2024-12-16,-1,5,4.133101242104209e-05
2024-12-16,-1,5,0.0029585171085833584
2024-12-16,-1,5,-0.003992355451851559
2024-12-16,1,5,2.881278366156936e-05
2024-12-16,1,5,-0.00790648673616895
2024-12-16,1,5,-0.0035322176319670384
2024-12-16,1,5,0.0010774455204644595
2024-12-16,1,5,0.002628823012107595
2024-12-16,-1,5,-0.008873512313843757
2024-12-16,-1,5,-0.0034354977166147216
2024-12-16,-1,5,-0.0018462283104894728
2024-12-16,-1,5,-0.005702323429084555
2024-12-16,-1,5,0.0005169122605260257
2024-12-16,-1,5,-0.002126725595548218
2024-12-16,-1,5,-0.0003173983462643747
2024-12-16,-1,5,-0.004937818163474106
2024-12-16,-1,5,0.01067709052592597
2024-12-16,1,5,-0.00036307574090771444
2024-12-16,-1,5,0.00023051202674601045
2024-12-16,-1,5,-0.00045191965722884964
2024-12-16,-1,5,-0.002874510193851043
2024-12-19,1,5,0.004082980866448593
2024-12-19,1,5,-0.003735241382358756
2024-12-19,1,5,-0.0009394483583854972
2024-12-19,1,5,-0.006975573566084858
2024-12-19,1,5,0.00022177999574374285
2024-12-19,1,5,0.017289064945092913
2024-12-19,1,7,-0.011014126415187675
2024-12-19,1,5,0.004373118042655333
2024-12-19,1,5,0.008240668032377385
2024-12-19,1,5,-0.011411574076573283
2024-12-19,1,5,-0.016215165692658517
2024-12-19,1,5,0.01059421923155951
2024-12-19,1,5,-0.01819729375096507
2024-12-19,1,5,0.003963903183382855
2024-12-19,1,5,0.0034986517247281306
2024-12-19,1,5,0.010476540711241211
2024-12-22,1,5,-0.0046800057430697595
2024-12-22,1,5,0.0010671650520814313
2024-12-22,1,5,-4.2269046010068203e-05
2024-12-22,1,5,0.007096595415669815
2024-12-22,1,5,-0.004530782414306989
2024-12-22,1,5,-0.0078104525352242216
2024-12-22,1,5,0.008117133816125832
2024-12-25,-1,5,0.0009504172663328814
2024-12-25,-1,5,0.001212990450816409
2024-12-25,-1,5,0.0046402394514350465
2024-12-25,-1,5,0.004475197685078591
2024-12-25,-1,5,-0.004470170630334336
2024-12-25,-1,5,0.00220305856361408
2024-12-25,-1,5,0.0022620434632876774
2024-12-25,-1,5,-0.0028257887496179745
2024-12-25,-1,5,-0.0005701259880467878
2024-12-25,-1,5,-0.0015705185244299646
2024-12-25,-1,5,-0.004607188621485625
2024-12-25,-1,5,0.0031099740925299435
2024-12-25,-1,5,-0.000689365506433448
2024-12-25,-1,180,0.003063381710080304
2024-12-25,-1,5,0.0010389112851229565
2024-12-25,-1,5,-0.0021460047188757714
2024-12-25,-1,5,-0.0017186480996221332
2024-12-25,-1,5,-0.0028756719214054205
2024-12-25,-1,5,-0.0011189280065167506
2024-12-25,-1,5,-0.00018175162543793133
2024-12-25,-1,5,0.0011462933753943472
2024-12-25,-1,5,0.0015448483316480854
2024-12-25,1,5,-0.0014801598047417541
2024-12-25,-1,5,-0.00244466390425907
2024-12-25,-1,5,-0.001075431176274677
2024-12-28,-1,5,0.0004768314418114872
2024-12-28,1,5,0.001213112132415206
2024-12-28,1,5,-0.0005021378467558456
2024-12-28,1,5,-0.0011143466112243927
2024-12-28,1,5,1.1011631874946579e-05
2024-12-28,1,5,-0.00012849382092589001
2024-12-28,-1,5,0.000880190386390034
2024-12-28,1,13,-0.001479319523875311
2024-12-31,1,5,-0.001109607677193758
2024-12-31,1,5,-0.004176454514008887
2024-12-31,1,5,0.001421094424137681
2024-12-31,1,5,0.0009946102107047383
2024-12-31,1,5,-0.0033441652737274397
2024-12-31,1,6,0.0009129673824503359
2024-12-31,1,5,0.0021066566818359056
2024-12-31,1,5,-0.002663886633838264
2024-12-31,1,6,-0.0007054059539919887
2024-12-31,1,5,0.0014505073322918505
2024-12-31,-1,5,0.0012067863973946324
2024-12-31,-1,5,-0.002151900186925515
2024-12-31,-1,5,-0.0006099768612048416
2024-12-31,-1,5,-0.0036172272624422352
2024-12-31,-1,5,-0.005117613781358277
2024-12-31,-1,5,-0.00020601254368951538
2024-12-31,-1,5,4.087624702991965e-05
2024-12-31,-1,5,-0.0012573586512261703
2024-12-31,-1,5,-0.0022330910402717508
2024-12-31,-1,5,-4.5373460029807136e-05
2024-12-31,-1,5,-0.002731557052335909
2024-12-31,-1,5,-0.006212896758334641
2024-12-31,-1,5,0.0030300830021535163
2024-12-31,-1,5,-0.01204710927008762
2024-12-31,-1,5,-0.00020251411814803378
2024-12-31,-1,5,0.001031590485269629
2024-12-31,-1,7,0.0019272718516421539
2024-12-31,-1,5,-0.003910749567364757
2024-12-31,1,5,-0.0025907142857142795
2024-12-31,1,5,-0.0015941711806063963
2024-12-31,1,5,-0.006967853401124768
2024-12-31,1,5,-0.0014637216337996528
2024-12-31,1,5,-0.0011086699310295933
2024-12-31,1,5,6.503470554591894e-05
2024-12-31,1,5,0.0012952295129106672
2024-12-31,1,5,-0.0028227038615190048
2024-12-31,1,5,-0.0024427560927727243
2024-12-31,1,5,0.003159325348375208
2024-12-31,1,5,-0.00154330379763018
2024-12-31,1,5,-0.0013784391104658122
2024-12-31,1,5,-0.0022874215729666303
2024-12-31,1,5,-0.00225658189314476
