day,side,fill_delay,ret
2023-06-04,-1,5,-0.0016070478266613005
2023-06-04,-1,5,-0.0020347804450267844
2023-06-04,-1,5,-0.00023928597068176803
2023-06-04,-1,5,-6.795142555504163e-06
2023-06-04,-1,5,-0.002581481754904002
2023-06-04,-1,5,-0.0006257751856337585
2023-06-04,-1,5,-0.002126913190054624
2023-06-04,-1,5,-0.00016802967774540666
2023-06-04,-1,6,-0.0035704806370212335
2023-06-04,-1,5,-0.0030761010307543742
2023-06-04,-1,5,0.0006679287419024908
2023-06-04,-1,5,-0.0019508592301103796
2023-06-04,-1,5,-0.0007007304939963039
2023-06-04,-1,5,-0.0002225543649543078
2023-06-04,-1,5,-0.0009735352194147668
2023-06-04,-1,5,-0.0021305655073392323
2023-06-04,-1,6,-0.001073476467683165
2023-06-04,-1,5,-0.0033956979798775763
2023-06-04,-1,5,0.0003481376231494696
2023-06-04,-1,5,-0.0005634790094898085
2023-06-04,-1,5,-0.0019937860444815044
2023-06-04,-1,5,-0.0012047637175110811
2023-06-04,-1,5,0.000964023462936137
2023-06-04,-1,5,-0.0015146337454178035
2023-06-04,1,5,-0.001988336154366865
2023-06-07,1,5,0.002865954092155976
2023-06-07,1,5,-0.004361776109902826
2023-06-07,1,5,-0.0014614891669859405
2023-06-07,1,5,-0.002637885177319643
2023-06-07,1,5,-0.0009717100303368915
2023-06-07,1,6,-0.002058898460439806
2023-06-07,1,5,-0.0006091851042276715
2023-06-07,1,5,0.0012071140927084837
2023-06-07,1,5,-0.004308936112557537
2023-06-07,1,5,-0.0015261132314843048
2023-06-07,1,5,3.138182429309789e-05
2023-06-07,1,5,-0.002352673941209948
2023-06-07,1,5,-0.0008434560365947248
2023-06-07,1,5,-0.005047573929930027
2023-06-07,1,5,-0.009413290613399327
2023-06-07,1,5,0.0026579757785466732
2023-06-07,1,5,0.00015120690212913103
2023-06-07,1,5,0.00355967597449749
2023-06-07,-1,5,-0.0023721889346485
2023-06-07,-1,5,0.0004130448869244189
2023-06-07,1,32,-0.001980299373865657
2023-06-07,-1,5,0.0018626297600137457
2023-06-07,1,5,-0.007870316298751989
2023-06-07,1,5,0.002035672799491595
2023-06-07,1,5,-0.00529816741247977
2023-06-07,1,5,-0.001360669609587117
2023-06-07,1,5,0.0018258100039766582
2023-06-07,1,5,-0.001170197548572149
2023-06-07,-1,5,-0.0013159590523069472
2023-06-07,-1,6,0.00018224491727560944
2023-06-07,1,5,-0.0015774742990273035
2023-06-07,1,6,-0.001468762718121774
2023-06-07,1,5,-0.008458741052585794
2023-06-07,1,5,0.0005615752974069913
2023-06-07,1,5,0.000542870360232062
2023-06-07,1,5,0.00028963148913820937
2023-06-10,1,5,0.0019899799207729
2023-06-10,1,6,0.0012809051425265675
2023-06-10,1,5,-0.003574028140380303
2023-06-10,1,5,-0.004361367947723327
2023-06-10,1,5,-0.00025661466885615835
2023-06-10,1,5,-0.02155514388410482
2023-06-10,1,5,-0.0041754236400208585
2023-06-10,-1,5,0.010357869779091611
2023-06-10,1,5,-0.012771666666666714
2023-06-10,-1,5,0.003407884111891991
2023-06-10,-1,5,-0.009041277217360788
2023-06-10,-1,5,-0.00375784113518538
2023-06-10,-1,5,-0.001934392757788483
2023-06-10,-1,5,-0.0004492660669192845
2023-06-10,-1,5,-0.00326687623258568
2023-06-10,-1,5,-0.0016790462222019183
2023-06-10,-1,5,-0.0007434214513648336
2023-06-10,-1,7,-0.012360978660779986
2023-06-10,-1,5,0.0045264225438376385
2023-06-10,-1,6,0.0010265278038994689
2023-06-13,-1,5,0.0004554472517196654
2023-06-13,1,5,0.0014250077402061748
2023-06-13,-1,5,0.0014007626807647448
2023-06-13,-1,5,-0.0004090224081966016
2023-06-13,-1,5,0.0008814260883959427
2023-06-13,1,5,0.0009836529909627249
2023-06-13,-1,5,0.0010868558854756575
2023-06-13,-1,5,-0.0013048743646851598
2023-06-13,-1,5,7.169235207107362e-05
2023-06-13,-1,5,0.0038812763037511474
2023-06-13,1,5,-0.002174912451249988
2023-06-13,1,5,0.00030077288701959616
2023-06-13,1,5,-0.004372936185909259
2023-06-13,1,5,0.0024812404053608187
2023-06-13,-1,5,1.4531519118144332e-05
2023-06-13,1,5,0.0020558583256086397
2023-06-16,-1,5,-0.0013207807667411139
2023-06-16,-1,5,-0.0008293412655132388
2023-06-16,-1,5,-0.0014101827206739245
2023-06-16,-1,5,-2.882472692053949e-05
2023-06-16,-1,5,-0.001296520432836212
2023-06-16,-1,5,-0.0012127044589645749
2023-06-16,-1,6,-0.00204422552779091
2023-06-16,-1,5,0.00019824316245711272
2023-06-16,-1,6,-0.009179549165972167
2023-06-16,-1,5,0.00120762356958839
2023-06-16,-1,5,-0.007864909548821108
2023-06-16,-1,5,-0.0038115933804459875
2023-06-16,-1,5,-0.008650602847397248
2023-06-16,-1,5,-0.003700487391240381
2023-06-16,-1,5,-0.007743503319251532
2023-06-16,-1,5,0.0006295750873107856
2023-06-16,-1,9,-0.004156110475868146
2023-06-16,-1,5,-0.0006863588394337756
2023-06-16,-1,5,-0.0023228148921362376
2023-06-16,-1,6,0.003462901949318776
2023-06-16,-1,5,-0.00040135617171241876
2023-06-19,1,5,-0.0013603552048933928
2023-06-19,1,5,-0.0010121392504976786
2023-06-19,1,5,0.0004164071273859097
2023-06-19,1,5,-0.0009368840579709654
2023-06-19,1,5,-0.0006415032647551828
2023-06-19,1,5,-0.0019389993745003494
2023-06-19,1,5,-0.001331083024642998
2023-06-19,1,5,0.000275846842038208
2023-06-19,1,5,-0.001876618367998217
2023-06-19,1,5,0.0002243009270276545
2023-06-19,1,5,-0.00029341050196816053
2023-06-19,1,5,-0.0013309219352821474
2023-06-19,1,5,-0.0019632297272221596
2023-06-19,1,7,-6.615654036110595e-05
2023-06-19,1,5,-0.0021833358842354485
2023-06-19,1,5,-0.002201994004260332
2023-06-19,1,5,-0.0008493554853180369
2023-06-19,1,5,-0.0004196348688222158
2023-06-19,1,5,0.0007116094986040714
2023-06-19,1,5,-0.003030396678110758
2023-06-19,1,5,-5.8920184110000206e-05
2023-06-19,1,5,0.0002650777344951564
2023-06-19,1,5,-0.0011627827599357318
2023-06-19,1,5,-0.0011454301770842164
2023-06-19,1,5,-0.0034213792854460353
2023-06-19,1,5,-0.006645118096561408
2023-06-19,1,5,-0.0004649255186056407
2023-06-19,1,5,-0.0024948096135283034
2023-06-19,1,5,0.0010964886256420673
2023-06-19,1,5,-0.0023610622448624104
2023-06-19,1,5,-0.0018153347889374501
2023-06-19,1,5,0.0037460613516581373
2023-06-19,-1,5,-0.007631321868953744
2023-06-19,-1,5,0.0024467761749838116
2023-06-19,1,5,-0.010965104014882243
2023-06-19,1,6,-0.002208268215478126
2023-06-22,-1,5,-0.015709883839240303
2023-06-22,-1,5,0.0005619453618159968
2023-06-22,-1,5,-0.002519227862898132
2023-06-22,-1,5,-0.005354838349706936
2023-06-22,-1,5,0.002340216389682981
2023-06-22,-1,5,-0.003250798903491647
2023-06-22,1,5,-0.001105
2023-06-22,1,5,-4.406843784642944e-06
2023-06-22,-1,5,0.0023873781207230053
2023-06-22,1,5,-0.000619467274560614
2023-06-22,-1,5,-0.0034598215237081394
2023-06-22,-1,5,0.002447058868748764
2023-06-22,-1,5,-0.001831539919921443
2023-06-22,-1,6,-0.0003051567904569281
2023-06-22,-1,5,-0.000712980250680761
2023-06-22,-1,5,0.0021034712111184465
2023-06-22,-1,5,0.0005853707157845948
2023-06-22,-1,5,0.0015646955061009663
2023-06-22,1,5,0.0019404190261079982
2023-06-25,1,5,-0.0014463406152664723
2023-06-25,1,6,-0.003943938279774217
2023-06-25,1,5,0.0033239443279559308
2023-06-25,1,5,-0.0019196878095014466
2023-06-25,1,5,0.0017672922384163407
2023-06-25,-1,5,-0.0018324812686848265
2023-06-25,-1,5,-0.005801826726322323
2023-06-25,-1,5,-0.0067893371967825186
2023-06-25,-1,5,0.002526233835784675
2023-06-25,-1,5,-0.004898416013035955
2023-06-25,-1,5,0.0011440555010540313
2023-06-25,-1,5,-0.0021799097284548093
2023-06-25,-1,5,0.0038474027745954106
2023-06-25,1,5,-8.04580382113058e-05
2023-06-25,-1,5,0.0020006385286452048
2023-06-25,1,5,0.002750812493460231
2023-06-25,1,5,-0.0036687143051081558
2023-06-25,1,5,-0.0018677118644067955
2023-06-25,1,5,-0.0029279125266944202
2023-06-25,1,5,0.00010389492158093851
2023-06-25,1,5,-0.000575619375330882
2023-06-25,1,5,-0.0004910939699608092
2023-06-25,1,5,0.0025334303227314784
2023-06-25,1,5,-0.0006816434173343206
2023-06-25,1,5,0.0003247742545315017
2023-06-25,1,5,0.0032781125915352324
2023-06-25,1,5,-0.007442242352148609
2023-06-25,1,5,0.0010472320814781892
2023-06-25,1,5,-0.002607190034945672
2023-06-25,1,5,0.003787853372743478
2023-06-25,1,5,-0.0027284960332054405
2023-06-25,1,5,-0.0014418952992578445
2023-06-28,1,5,-0.002589808850961583
2023-06-28,-1,6,0.00532476368739967
2023-06-28,1,5,0.0006559913408922483
2023-06-28,1,5,-0.0010081190290372796
2023-06-28,-1,5,0.001454740698803825
2023-06-28,-1,5,0.006419127152915394
2023-06-28,1,5,0.003575507983918503
2023-06-28,1,5,-2.5692483702410385e-05
2023-06-28,-1,26,0.0021646028772506435
2023-06-28,1,6,0.0003541937281591693
2023-06-28,1,5,-0.002601401638505951
2023-06-28,1,5,-0.0022493191570902345
2023-06-28,1,5,0.0006024003609931498
2023-06-28,1,5,-5.485844741435163e-05
2023-06-28,1,193,-0.001105
2023-06-28,1,5,-0.007912001176987404
2023-06-28,-1,5,-0.0007117292986672292
2023-06-28,-1,5,-0.001449155099231358
2023-06-28,-1,5,-0.0009248208035992129
2023-06-28,-1,5,0.002634397771624131
2023-07-01,-1,5,0.0018701469526657636
2023-07-01,1,5,0.0009255359368508746
2023-07-01,1,5,-0.0006945336270679276
2023-07-01,1,5,-0.002471837304784041
2023-07-01,1,5,-0.0022088906939931926
2023-07-01,-1,7,0.0003484353690111023
2023-07-01,-1,6,0.000291211473940867
2023-07-01,-1,5,-0.0009124911940227904
2023-07-01,-1,5,-0.0016302565176014912
2023-07-01,-1,5,-0.0005491298554217478
2023-07-01,-1,5,0.00018772749927311629
2023-07-01,-1,5,1.1297423170209442e-05
2023-07-04,1,5,-0.0005819874476987503
2023-07-04,-1,5,-0.002221879672790061
2023-07-04,-1,5,0.0016062424829273118
2023-07-04,-1,5,0.0005562484409822547
2023-07-04,-1,5,-0.0013097984271480453
2023-07-04,-1,7,-0.001647810323637788
2023-07-04,-1,5,-0.001115233895685996
2023-07-04,-1,5,-0.001033356131435825
2023-07-04,-1,5,0.0009111496658513966
2023-07-04,-1,5,-0.0016179467766424867
2023-07-04,-1,5,-0.0004077500358878656
2023-07-04,-1,5,-0.002155974843251007
2023-07-04,-1,6,-0.0016427693328074696
2023-07-04,-1,5,-0.0019904449232784668
2023-07-04,-1,5,-0.002030357873210686
2023-07-04,-1,5,-0.0008650020425359002
2023-07-04,-1,5,-0.001242872575102227
2023-07-04,-1,5,0.0013484932949751286
2023-07-04,-1,6,-0.0010436656716875433
2023-07-04,-1,5,-0.0013298592074736156
2023-07-04,-1,5,-0.0014118394513709994
2023-07-04,-1,5,-0.002520996155851529
2023-07-04,-1,5,0.0006353908478917928
2023-07-04,-1,5,0.00013222513918789182
2023-07-04,-1,5,-0.00116127519593987
2023-07-04,-1,5,-0.005889419678036667
2023-07-04,-1,5,0.0019422424494122351
2023-07-04,1,5,-0.0029673784209692574
2023-07-04,-1,5,0.0012426584925777865
2023-07-04,-1,5,-0.0025582644530489414
2023-07-04,-1,65,0.002921198499279321
2023-07-04,-1,5,0.0040922377453249895
2023-07-04,1,5,0.000906021847245109
2023-07-04,-1,5,-0.002322568062570784
2023-07-04,-1,5,-0.0013214613719528586
2023-07-04,-1,5,-0.0007959510466457371
2023-07-04,-1,5,-0.0009143766099949153
2023-07-04,-1,5,-0.0007341221527398018
2023-07-04,-1,5,0.0008580270804996685
2023-07-04,-1,5,-5.219458321290514e-05
2023-07-07,1,5,-0.006873054931795108
2023-07-07,1,16,0.0038086836829748457
2023-07-07,-1,62,-0.003596725845155557
2023-07-07,-1,5,-0.001817742980561565
2023-07-07,1,5,-0.0011480885901414602
2023-07-07,1,5,-0.0036036537425956135
2023-07-07,1,5,-0.0006839587325578651
2023-07-07,1,5,0.0008374076142380286
2023-07-07,1,5,-0.0029118207483248334
2023-07-07,1,5,-0.0004900436133542292
2023-07-07,1,5,-0.001784267253927307
2023-07-07,1,5,-5.3123614355143445e-05
2023-07-07,1,5,-0.0011696583077843489
2023-07-07,1,5,0.0011209351083324662
2023-07-07,1,5,-0.0012609055964732715
2023-07-07,1,5,0.0010629604495155046
2023-07-07,1,5,0.003366332295409525
2023-07-07,-1,5,0.0003328029942648806
2023-07-07,-1,5,-0.0035899510507487516
2023-07-07,-1,5,-0.0006671950047518522
2023-07-07,-1,5,-0.001121021789633891
2023-07-07,-1,5,0.00040655027373472964
2023-07-07,-1,5,-0.0014739425251709456
2023-07-07,-1,6,0.00011905563306127166
2023-07-07,-1,5,3.2972378234634838e-06
2023-07-07,-1,5,0.000798117896813411
2023-07-07,-1,5,-0.00015944972734847028
2023-07-07,-1,5,-0.0026052177735476963
2023-07-07,-1,5,-0.0022705387259641437
2023-07-07,-1,5,-0.0010191695366227101
2023-07-07,-1,6,-0.00370361586122101
2023-07-07,-1,7,-0.0013512104992722037
2023-07-07,-1,5,-0.0014154925053531994
2023-07-07,-1,5,-0.0002381289229929968
2023-07-07,-1,5,-0.0017316973052015957
2023-07-10,1,5,0.0012834016621547043
2023-07-10,1,168,-0.0012993466712733822
2023-07-10,1,5,-0.0009160844830192523
2023-07-10,1,5,0.0017296813818127536
2023-07-10,-1,5,-0.004622036654620442
2023-07-10,-1,15,0.001198493274335322
2023-07-10,1,5,-0.0014218550790794145
2023-07-10,-1,5,-0.000438942095933847
2023-07-10,1,5,0.0008549373683927278
2023-07-10,1,5,-0.0009325629799273645
2023-07-10,1,5,-0.0013477014287024188
2023-07-10,-1,5,0.0011533656084712577
2023-07-10,-1,5,-0.0007414025237942652
2023-07-10,-1,5,0.000436021675968146
2023-07-10,-1,5,-0.0032478188782344205
2023-07-10,-1,5,0.00032228847264095285
2023-07-10,-1,6,-0.009611272841907414
2023-07-10,-1,5,-0.0015919347983720297
2023-07-10,-1,5,-0.005819759684836034
2023-07-10,-1,5,0.001135615773935084
2023-07-10,1,5,-0.002716565226121048
2023-07-10,1,5,-0.011940118905906938
2023-07-10,1,5,0.0008035805934242472
2023-07-10,1,5,0.0004207971756745813
2023-07-13,1,5,-0.0022097188037015544
2023-07-13,1,5,-0.0024302535616189443
2023-07-13,1,5,0.0008215657360285625
2023-07-13,1,5,-0.0003568609957730113
2023-07-13,1,5,-0.002963477970627548
2023-07-13,1,5,-0.002859761395249327
2023-07-13,1,5,-0.0010621151351409615
2023-07-13,1,6,-1.1324553549884697e-05
2023-07-13,1,5,-0.002262283384411012
2023-07-13,1,5,-0.0011639777546632365
2023-07-13,1,5,0.001114886753603184
2023-07-13,1,5,-0.0012652435702268146
2023-07-13,1,5,-0.0018106182177793691
2023-07-13,1,5,-0.0003828624729199421
2023-07-13,1,5,0.002171480429309725
2023-07-13,1,5,0.000492869507323546
2023-07-13,1,5,0.0020932545299735764
2023-07-13,1,5,0.0012373941397557878
2023-07-13,-1,5,-0.018343198160204553
2023-07-13,-1,5,-0.010464102681842035
2023-07-13,-1,7,-0.0021895986984815426
2023-07-13,-1,5,-0.016538184917708285
2023-07-13,1,5,0.009574162560585542
2023-07-13,1,5,-0.00905529563284455
2023-07-13,1,5,0.0020031285634995125
2023-07-13,1,30,-0.0008340516808832183
2023-07-13,1,5,-0.004870086737745893
2023-07-13,1,5,0.0006514906632649978
2023-07-16,-1,6,-0.0027936904361068656
2023-07-16,1,5,0.004621355315653686
2023-07-16,1,5,0.0025863433053402666
2023-07-16,-1,5,0.00024672928125282247
2023-07-16,-1,5,-0.001006633403225354
2023-07-16,-1,5,-0.003490350532693842
2023-07-16,-1,5,-0.00016663317075180605
2023-07-16,1,5,0.0008602375915208963
2023-07-16,1,18,0.00040021895745403525
2023-07-16,1,5,-0.00045627280276092595
2023-07-16,1,18,-0.0004567337233304154
2023-07-16,1,5,-0.004042482484092868
2023-07-19,1,5,0.0023774269349893466
2023-07-19,-1,5,-0.004605749034140105
2023-07-19,-1,5,0.00228630298256729
2023-07-19,-1,5,-0.0019069330254889213
2023-07-19,-1,5,-0.0013511261317874276
2023-07-19,-1,5,0.0012117957254075499
2023-07-19,1,5,-0.0001579609359466434
2023-07-19,1,5,-0.0006865899581590447
2023-07-19,1,5,-0.0032070377216420805
2023-07-19,-1,5,-0.002649068989422609
2023-07-19,-1,5,-0.0013354606069494231
2023-07-19,-1,6,5.737669382368572e-05
2023-07-19,-1,5,0.0002690081706287154
2023-07-19,-1,5,-0.0033130728401794315
2023-07-19,1,5,-0.0053236804846771065
2023-07-19,1,5,-0.004906861492348957
2023-07-19,1,219,0.0007450753734411734
2023-07-19,1,5,0.001020756379899979
2023-07-19,1,5,-0.0018457679820115033
2023-07-19,1,5,0.001324660794109889
2023-07-19,-1,5,0.0005659531766442297
2023-07-19,1,5,0.0019078544959242553
2023-07-19,-1,5,-0.0021148895923813523
2023-07-19,-1,6,0.0003011830233458305
2023-07-19,1,5,-0.004311992501296857
2023-07-19,1,5,-0.007532539088161849
2023-07-19,1,5,-1.4371988860650375e-05
2023-07-19,1,5,-0.001353505004467825
2023-07-19,1,5,-0.002765339047578785
2023-07-19,1,5,-0.002175317757207451
2023-07-19,1,5,0.00132249321573954
2023-07-22,1,5,-0.0016723382820784446
2023-07-22,-1,5,-0.0034906558394594885
2023-07-25,-1,5,-0.002229944564029784
2023-07-25,-1,5,0.00033229399686609574
2023-07-25,-1,5,0.0006373771001866538
2023-07-25,-1,7,-0.0020145584851519512
2023-07-25,-1,6,-0.004442281819116189
2023-07-25,-1,5,-1.5616634128944973e-05
2023-07-25,-1,5,-0.0005541786281307632
2023-07-25,-1,6,-0.0013373407520277155
2023-07-25,-1,5,0.0012987033235925208
2023-07-25,-1,5,-0.0021382087352118436
2023-07-25,-1,5,-0.0010509637632996945
2023-07-25,-1,6,-0.001218474257554147
2023-07-25,-1,5,-0.001612822629440824
2023-07-25,-1,5,-0.00029508228763961374
2023-07-25,-1,5,-0.0007051080788975423
2023-07-25,-1,6,-0.002765392869504923
2023-07-25,-1,5,-0.0016015913323220495
2023-07-25,-1,5,-0.0062438071705791295
2023-07-25,-1,5,0.001169083512088132
2023-07-25,-1,5,-0.00031287170754832293
2023-07-25,-1,5,-5.367371145135146e-05
2023-07-25,-1,5,-0.0006840291765163093
2023-07-25,-1,5,-0.0013101813695316263
2023-07-25,-1,5,-0.0003389521058224427
2023-07-25,-1,5,-0.0017794616447151853
2023-07-25,-1,5,-0.0057152804946357435
2023-07-25,-1,5,0.0011421187004251546
2023-07-25,-1,5,-0.0011966619937021413
2023-07-25,-1,5,-0.0022248992090712957
2023-07-25,-1,5,-0.0005404140565768762
2023-07-25,-1,5,-0.00026464575836591074
2023-07-25,-1,5,-0.002819193304943157
2023-07-25,-1,5,-0.0022241219197246306
2023-07-25,-1,5,-0.0011211272981400452
2023-07-25,-1,5,-0.0012179499846710403
2023-07-25,-1,9,-0.001627151046993713
2023-07-25,-1,5,-0.002487709141482863
2023-07-25,-1,5,-0.00172803957375498
2023-07-25,-1,5,-0.0009814709357594872
2023-07-25,-1,5,-0.0005462327265693729
2023-07-25,-1,5,0.0003568861556154882
2023-07-28,-1,5,-0.0019813111065712704
2023-07-28,-1,5,-0.0008632542735271582
2023-07-28,-1,5,-0.0014487884411880977
2023-07-28,-1,5,-0.0005735505386965429
2023-07-28,-1,5,-7.376762360031773e-05
2023-07-28,-1,5,-0.0016260515572457997
2023-07-28,-1,5,0.0007139915596645844
2023-07-28,-1,5,-0.0012338763592428578
2023-07-28,-1,5,-0.00019832331875855268
2023-07-28,-1,9,0.00010887252190074949
2023-07-28,-1,5,-0.0002028412630221461
2023-07-28,-1,5,-0.0016313836369886477
2023-07-28,-1,5,-0.003337825759080237
2023-07-28,-1,5,-0.0005211412830964153
2023-07-28,-1,5,-0.0014374307659313686
2023-07-28,-1,5,-0.001410569404461359
2023-07-28,-1,5,-0.0017854835183675807
2023-07-28,-1,5,-0.0028499858420626186
2023-07-28,-1,5,-0.0012118741450067635
2023-07-28,-1,5,0.0009094161666247883
2023-07-28,-1,5,-0.003550040099727791
2023-07-28,-1,5,-0.0030100871697448014
2023-07-28,-1,5,-0.002555109824494117
2023-07-28,-1,5,0.00034840325285492336
2023-07-28,-1,5,-0.001014412567141276
2023-07-28,-1,5,0.001495558480591708
2023-07-28,1,5,0.0007527807283357561
2023-07-28,-1,5,-0.0031623602731748243
2023-07-28,-1,5,-0.0019798906386701894
2023-07-28,-1,6,0.00037164816858306117
2023-07-28,-1,5,-0.0009344133953130602
2023-07-28,-1,5,-0.00027913057262061124
2023-07-28,-1,5,-0.0007158493080581025
2023-07-28,-1,5,-0.0012916527299294597
2023-07-28,-1,5,-0.0005664769394828402
2023-07-31,1,5,9.90486134627936e-05
2023-07-31,1,5,0.003569753112924091
2023-07-31,1,5,-0.0007841134975557824
2023-07-31,1,5,-0.0008589462212023942
2023-07-31,1,5,-0.0005222556483431613
2023-07-31,1,5,-0.001864419204748979
2023-07-31,1,5,-0.0013350941780821742
2023-07-31,1,5,-0.0014047008343457176
2023-07-31,1,5,-0.003380489497946759
2023-07-31,1,5,-0.0006702663950924665
2023-07-31,1,6,-0.0018345511114926435
2023-07-31,1,5,0.00043570797410321695
2023-07-31,1,6,-0.0009334614601147257
2023-07-31,1,5,-0.0007673522791221461
2023-07-31,1,6,-0.0023266161767700796
2023-07-31,1,5,0.0011640698422915822
2023-07-31,1,5,-0.0008801184643803856
2023-07-31,1,5,-0.0022079785775861224
2023-07-31,1,5,-0.0004136446218983898
2023-07-31,1,5,-0.000730159307294453
2023-07-31,1,5,-0.000997926740475918
2023-07-31,1,5,-0.001265595273145825
2023-07-31,1,5,-0.0016296982984783433
2023-07-31,1,6,0.0008556372606790767
2023-07-31,1,5,-0.00012612340798820963
2023-07-31,1,5,-0.003584268188424366
2023-07-31,1,5,-0.0029156043561639807
2023-07-31,1,5,-0.0026120983797351723
2023-07-31,1,5,-0.0020393285184986173
2023-07-31,1,5,-0.002846710747000358
2023-07-31,1,5,-0.0008302081144427649
2023-07-31,1,5,0.0016165797018658171
2023-07-31,1,5,-0.002395322580645209
2023-07-31,1,5,0.0011399770657020362
2023-07-31,1,5,-0.0030602652499946755
2023-07-31,1,5,0.0007796081361225674
2023-07-31,1,5,-0.0017176891140193492
2023-07-31,1,5,-0.0017933533834182166
2023-07-31,1,5,-0.0002808152964371753
2023-07-31,1,5,-0.003123266658773027
2023-07-31,1,5,-0.001196657545842283
2023-07-31,1,5,-0.0008569346401704254
2023-07-31,1,5,-0.0011804680365911976
2023-08-03,-1,5,-0.002339319520192262
2023-08-03,-1,7,0.001603614915294727
2023-08-03,-1,5,-0.0022624703024637146
2023-08-03,-1,5,-0.0011158567023850981
2023-08-03,1,5,-5.548637115637234e-06
2023-08-03,1,5,-0.001273706564862231
2023-08-03,1,5,0.000557750571059357
2023-08-03,1,5,-0.002052016082945562
2023-08-03,1,5,-0.0014320111183779623
2023-08-03,1,5,-0.002305303349391807
2023-08-03,1,5,-0.0010612612080654667
2023-08-03,1,5,0.0008568880029730334
2023-08-03,1,5,-0.0012302143615428914
2023-08-03,1,5,-0.00045688362226257116
2023-08-03,1,5,-0.0026887596603897054
2023-08-03,1,5,-0.00038538335941016254
2023-08-03,1,5,-0.00036460203609442975
2023-08-03,-1,10,-0.0011647995085567239
2023-08-03,-1,5,0.002720095221606567
2023-08-03,1,5,-0.0009746403159048618
2023-08-03,-1,5,-0.004369912746154369
2023-08-03,-1,5,0.0024529887375349894
2023-08-03,1,6,0.00022450580369994845
2023-08-03,-1,5,-0.002138997401472364
2023-08-03,-1,5,0.0013433707254852049
2023-08-03,1,6,-0.005994696903915497
2023-08-03,1,5,-0.000663219570327644
2023-08-03,1,5,-0.0007399987197716835
2023-08-03,1,5,-0.00046772774313028574
2023-08-06,-1,5,-0.00174239376770533
2023-08-06,-1,5,-0.0009525725935522806
2023-08-06,-1,5,-0.0001194457210065054
2023-08-06,-1,5,-0.0009360451763398054
2023-08-06,-1,5,-0.0026804899555702196
2023-08-06,-1,5,-0.00013071248176619265
2023-08-06,-1,5,0.0002025456278943686
2023-08-06,-1,5,-0.0016340716701209509
2023-08-06,-1,6,-0.0012031257972720862
2023-08-06,-1,5,-0.0015574368905047816
2023-08-06,-1,5,-0.0009197482210381076
2023-08-06,-1,5,-0.0007399131965256429
2023-08-06,-1,5,-3.649579685347469e-05
2023-08-06,-1,7,-0.0010068287129198824
2023-08-06,-1,5,-0.0009577390536029457
2023-08-06,-1,5,-0.0014645770066848748
2023-08-06,-1,6,0.0027345555918635526
2023-08-06,-1,5,-0.0017934343036979158
2023-08-06,-1,5,-0.0013070102752253728
2023-08-06,-1,5,-0.00045526999284748414
2023-08-06,1,5,7.807544844586935e-05
2023-08-06,-1,5,-0.0011487380745406114
2023-08-06,-1,5,-0.00019226710281081648
2023-08-06,-1,5,-0.0016998645182416446
2023-08-06,-1,5,-0.0008213785909470856
2023-08-06,-1,5,-0.0008104427631650863
2023-08-06,-1,5,-0.0015905984591798369
2023-08-06,-1,5,-0.0006632629371696503
2023-08-06,-1,5,-0.0004556316335161177
2023-08-06,-1,5,-0.0026822009867056625
2023-08-06,-1,5,0.0011674671800153916
2023-08-06,-1,5,-0.0017660721388142783
2023-08-06,-1,5,0.001078525301599487
2023-08-06,1,5,-1.591384726515831e-05
2023-08-09,1,5,2.1132193910223152e-05
2023-08-09,1,5,-0.004113627602947178
2023-08-09,1,6,0.001932857204523986
2023-08-09,1,5,-0.0013794163272333512
2023-08-09,1,5,-0.003511071697707013
2023-08-09,1,5,-0.001261461594073898
2023-08-09,1,12,-0.001283059795716834
2023-08-09,1,5,-0.0006625173485575781
2023-08-09,1,5,-0.0006897579192596033
2023-08-09,1,5,-0.00042043399867406305
2023-08-09,1,5,-0.0017891013762827198
2023-08-09,1,5,-0.001105
2023-08-09,1,5,-0.001557756966528245
2023-08-09,1,5,0.000809303894395175
2023-08-09,1,5,-0.00017929832351124507
2023-08-09,1,5,-0.00020180818463808546
2023-08-09,1,5,-0.0009008328408249606
2023-08-09,1,6,-0.0020934767251336913
2023-08-09,1,5,-0.0015620875457087232
2023-08-09,1,5,-0.0003248135085255117
2023-08-09,1,5,-0.0004006913515198547
2023-08-09,1,5,-0.001985759171441814
2023-08-09,1,5,-0.0006158552507807609
2023-08-09,1,5,0.0016625078457503054
2023-08-09,-1,5,0.0003835175329161226
2023-08-09,1,5,-0.003598364433362899
2023-08-09,1,5,-0.0013846014603799747
2023-08-09,1,5,-0.004815814604475643
2023-08-09,1,5,-0.0015044666580295903
2023-08-09,1,5,-0.0010509844867444326
2023-08-09,1,5,-0.0010510113160281161
2023-08-09,1,5,-0.004072823398319691
2023-08-09,1,5,-0.0022681303896216806
2023-08-09,1,5,-0.0010725423031981759
2023-08-09,1,5,0.0004847391530044213
2023-08-09,1,5,-0.0009322352785562145
2023-08-09,1,5,-0.0027348071215016253
2023-08-09,1,5,-0.0008562908545320709
2023-08-09,1,5,-0.00015366407571768502
2023-08-09,1,5,-0.002244622682272079
2023-08-09,1,5,0.0012003195519238122
2023-08-09,1,5,-0.00048433453868366126
2023-08-09,1,6,-0.0013099732995307308
2023-08-09,1,5,0.001026022837011942
2023-08-09,1,5,-0.001944815886517159
2023-08-12,-1,5,-0.0021655831042618253
2023-08-12,-1,5,-0.0015860836815334341
2023-08-12,-1,5,-0.0006295761704609766
2023-08-12,-1,5,-9.964893789535755e-05
2023-08-12,-1,5,-0.0011158188225875772
2023-08-12,-1,5,-0.0007696201282015642
2023-08-12,-1,5,-0.0010292469333535777
2023-08-12,-1,5,-0.0005747400102805495
2023-08-12,-1,5,-0.0015543773687059833
2023-08-12,-1,6,-0.0007478126877262565
2023-08-12,-1,5,-0.0007584940254789836
2023-08-12,-1,5,-0.0013162126857587438
2023-08-12,-1,5,-0.0018413810121991944
2023-08-12,-1,5,-0.0012673069223903873
2023-08-12,-1,5,-0.001819030703320212
2023-08-12,-1,5,-0.00022391415629272559
2023-08-12,-1,5,-0.0009210750413831454
2023-08-12,-1,5,-0.0016945397263238068
2023-08-12,-1,5,-0.0007915237647415414
2023-08-12,-1,5,-0.0010130902229622315
2023-08-12,-1,5,-0.0015862189438054838
2023-08-12,-1,5,-0.0005267341490304607
2023-08-12,-1,5,-0.0016457480708812252
2023-08-12,-1,5,-0.0006510171108313529
2023-08-12,-1,5,-0.002380868780139744
2023-08-12,-1,5,-0.0011806151835288322
2023-08-12,-1,5,-0.001023967538395931
2023-08-12,-1,7,-0.0017371010064993527
2023-08-12,-1,5,-0.0013317769594610503
2023-08-12,-1,6,-0.0002844650327944227
2023-08-12,-1,6,-0.0015372735426978142
2023-08-12,-1,5,-0.0010617913236978579
2023-08-12,-1,5,-0.0006080733830979619
2023-08-12,-1,5,-2.505877266445011e-06
2023-08-12,-1,6,-0.0006288790869299672
2023-08-12,-1,5,-0.0011320426679214176
2023-08-12,-1,5,-0.0011590838732705496
2023-08-12,-1,8,-0.0009535733445822143
2023-08-12,-1,5,-0.0012564495889225476
2023-08-15,-1,5,-0.001958474238124763
2023-08-15,1,5,-0.0006594640528557511
2023-08-15,1,5,0.000791873148646394
2023-08-15,-1,5,-0.0008609070494044242
2023-08-15,1,5,-0.0017350375850007978
2023-08-15,1,5,-0.0009962925317968715
2023-08-15,1,6,-0.0020503541818339462
2023-08-15,1,5,-0.0007295980751130577
2023-08-15,1,5,-0.00038705462911590115
2023-08-15,1,5,-0.0014690967954048336
2023-08-15,1,5,-0.00140929325175374
2023-08-15,1,5,-0.010368840035663717
2023-08-15,1,5,0.0007118644542271294
2023-08-15,-1,5,-0.0010339353420943716
2023-08-15,-1,5,-0.0014221686681102682
2023-08-15,-1,5,-0.0010831303648949128
2023-08-15,-1,5,-0.0003779817042838025
2023-08-15,-1,5,-0.0017558280282646607
2023-08-15,-1,5,-0.0005308906895872041
2023-08-18,1,5,0.0033294843574455343
2023-08-18,-1,5,0.002653643106199333
2023-08-18,-1,5,-0.0026030342001800207
2023-08-18,-1,5,0.00558655080971906
2023-08-18,-1,5,0.002369963515873508
2023-08-18,-1,5,-0.004133818581533033
2023-08-18,-1,5,-0.0074320777479891294
2023-08-18,-1,5,-9.362648379138648e-05
2023-08-18,-1,5,0.0005759707013909491
2023-08-18,-1,5,-0.003802783074524063
2023-08-18,-1,5,0.002780297961549128
2023-08-18,-1,5,-0.00531466382064103
2023-08-18,-1,5,0.0019930436209271377
2023-08-18,-1,5,-0.0013900136272138926
2023-08-18,-1,5,-0.0004930957897426364
2023-08-18,-1,5,0.00031572474795518203
2023-08-18,-1,5,-0.0019798593975969055
2023-08-18,-1,5,-0.0005877463197697437
2023-08-18,-1,5,0.0020043935790725834
2023-08-18,-1,5,-0.00385122171123573
2023-08-18,-1,5,0.0076819912130087434
2023-08-18,-1,5,0.0017209411821055513
2023-08-18,-1,5,0.0020476869627120923
2023-08-18,-1,5,0.006992263269179922
2023-08-18,-1,5,-0.008010476006191957
2023-08-18,-1,5,0.0007397191159769449
2023-08-18,-1,5,-0.005916600835857632
2023-08-18,-1,5,0.006445917837397919
2023-08-18,-1,5,0.001447356414902368
2023-08-18,-1,5,-0.004733232713158708
2023-08-18,-1,5,0.0007872442016231499
2023-08-18,-1,5,-0.002098024753398908
2023-08-18,-1,5,0.000706724617858057
2023-08-18,1,8,-0.0020626063454972417
2023-08-21,-1,8,0.001223579150900234
2023-08-21,1,7,0.0003364800783879577
2023-08-21,1,10,0.0004912167281131644
2023-08-21,-1,7,0.0029709335729775303
2023-08-21,1,5,-0.0005384345199400449
2023-08-21,1,5,-0.0019217304551037758
2023-08-21,1,5,-0.0016121387233229752
2023-08-21,1,6,-0.0007587768173732185
2023-08-21,1,5,0.0015199850853119482
2023-08-21,1,5,-0.0015043681638005953
2023-08-21,1,5,-0.004529126370545344
2023-08-21,1,5,-0.0013264547783356836
2023-08-21,1,5,-0.00011683403602900054
2023-08-21,1,6,-0.0009494687711238732
2023-08-21,1,5,-0.0014519750357443236
2023-08-21,1,5,-0.0004886505837367934
2023-08-21,1,5,-0.004005648309849041
2023-08-21,1,5,-0.0019504758050009393
2023-08-21,1,5,0.0004396475258593661
2023-08-21,-1,59,-0.0035299754508658406
2023-08-21,-1,5,0.0002927910123231795
2023-08-21,-1,5,0.0003828373775820685
2023-08-21,1,5,0.002876054020025132
2023-08-21,-1,5,0.002692649756377308
2023-08-21,1,5,-0.007653332933557166
2023-08-21,-1,5,-0.0006776470004032693
2023-08-21,-1,5,-0.0019948669408419214
2023-08-21,-1,5,-0.000546870513959163
2023-08-21,-1,5,-0.0018313733559048636
2023-08-21,-1,8,-0.0061863862694454316
2023-08-21,-1,5,-0.0003640777908567645
2023-08-21,-1,5,-0.0002323109821338094
2023-08-21,-1,5,0.00048615651955454843
2023-08-21,-1,5,-0.0024755598946645026
2023-08-21,-1,5,0.00020430744212742748
2023-08-21,-1,5,0.0012781764508635
2023-08-21,1,6,-2.430186900723673e-05
2023-08-24,1,26,-0.0021562923130223673
2023-08-24,1,6,-7.64702593448514e-05
2023-08-24,1,5,-0.0015472768892394791
2023-08-24,1,84,7.870079869922754e-05
2023-08-24,1,6,-0.0014215880174421654
2023-08-24,1,5,0.0003833442916915345
2023-08-24,1,5,-0.002078541181389148
2023-08-24,1,6,0.0009090204509733194
2023-08-24,1,5,-0.002137959159302571
2023-08-24,1,5,-0.001625235361653243
2023-08-24,1,5,0.001006938735828156
2023-08-24,1,6,-0.004829739925863974
2023-08-24,1,5,-0.001878436937909322
2023-08-24,1,44,0.0005990886126078458
2023-08-24,1,6,0.0003928221665697954
2023-08-24,1,5,-0.0030315171322416786
2023-08-24,1,5,-0.0006551763308782816
2023-08-24,1,5,-0.0015306696803280891
2023-08-24,1,5,-0.000768281442598306
2023-08-24,1,5,-0.009018088513375133
2023-08-24,1,5,-0.0033057469201669184
2023-08-24,1,5,-0.0008923090338966761
2023-08-24,1,5,-0.001821375866632757
2023-08-24,1,22,0.0017884342699082904
2023-08-24,1,5,-6.722750886054517e-05
2023-08-24,-1,5,0.003681138373924498
2023-08-24,-1,5,0.001382592301174235
2023-08-27,-1,5,-0.0010023572511064002
2023-08-27,-1,5,-0.0008454948702474092
2023-08-27,-1,5,0.0004400726666990099
2023-08-27,-1,5,0.001472459602696952
2023-08-27,-1,5,-0.0002063648398439084
2023-08-30,1,5,-0.0013073624369061895
2023-08-30,1,5,-0.006011044617235983
2023-08-30,1,5,-0.002407575494135483
2023-08-30,1,5,-0.0013435954294427118
2023-08-30,1,5,-0.0002255642366671746
2023-08-30,1,5,-0.0020248828604862764
2023-08-30,1,5,-0.00014362961020806207
2023-08-30,1,5,-0.0006568252933506264
2023-08-30,1,8,-0.0012446347387957465
2023-08-30,1,5,-0.0014134892756322067
2023-08-30,1,5,-0.0004353558430819411
2023-08-30,1,5,-0.0018957390502992496
2023-08-30,1,5,-0.0022047323402769377
2023-08-30,1,5,-0.0006274701107054965
2023-08-30,1,5,-0.0023509753250306794
2023-08-30,1,6,0.0006260214192043371
2023-08-30,1,5,-0.0027349918500407574
2023-08-30,1,5,1.5304349348177937e-05
2023-08-30,1,5,0.0003527429474396108
2023-08-30,-1,37,9.925853743677528e-05
2023-08-30,1,5,0.0009473823961564602
2023-08-30,1,211,-0.0012446509889035614
2023-08-30,1,6,-0.004090665314484298
2023-08-30,-1,5,-0.002119364331685558
2023-08-30,1,27,-0.0060736467298013515
2023-08-30,-1,5,-0.00017145764712087573
2023-08-30,-1,5,-0.0017334949015553654
2023-08-30,-1,5,0.0004855436020237084
2023-08-30,-1,5,0.00018746025684714986
2023-08-30,-1,5,-0.003028597303434166
2023-08-30,-1,6,0.0005506874625708317
2023-08-30,1,5,-4.5359924412435404e-05
2023-08-30,-1,5,-0.0026047265204579336
2023-08-30,-1,5,-0.0009464041023472309
2023-08-30,-1,5,-0.0016218626437523916
2023-08-30,-1,5,-0.0009289157613002525
2023-08-30,-1,5,-0.002919029670245798
2023-08-30,-1,5,0.0007880291983636493
2023-08-30,-1,5,-0.0003122952326148671
2023-08-30,-1,5,-0.0021863924102708317
2023-08-30,-1,6,-0.0010521716276420175
2023-08-30,-1,5,-0.0014160839809357114
2023-09-02,1,5,0.001149175137738068
2023-09-02,1,7,-0.001546449671671812
2023-09-02,1,5,-0.0012031799884639535
2023-09-02,1,5,-0.0008288789485309862
2023-09-02,1,5,-0.002062131550369028
2023-09-02,1,5,-0.00036819344242164885
2023-09-02,1,5,0.00028155410628607526
2023-09-02,1,5,-0.0004119738060629259
2023-09-02,1,6,-0.0012949498164839032
2023-09-02,1,5,-0.0015588123302036957
2023-09-02,1,5,0.0002918695482438064
2023-09-02,1,5,-0.0013246059293599895
2023-09-02,1,9,-0.0035272382213328065
2023-09-02,1,5,-0.0031370849068728997
2023-09-02,1,5,1.1982429007151752e-05
2023-09-02,1,5,-0.00040617512919069964
2023-09-05,-1,5,0.0008653768268953813
2023-09-05,-1,6,0.0006520589536284319
2023-09-05,1,5,-0.0021832501540357315
2023-09-05,1,5,-0.0050027939226486625
2023-09-05,1,5,-0.0033569735702442035
2023-09-05,1,5,0.002042401225503721
2023-09-05,-1,5,7.795072270890858e-05
2023-09-05,-1,12,-0.0030172228047989687
2023-09-05,1,7,-0.0018444581004553925
2023-09-05,-1,5,-0.0016039159357444707
2023-09-05,-1,5,0.000722399923704509
2023-09-05,1,5,0.0004931143484753434
2023-09-05,-1,6,-0.00358501526163244
2023-09-05,-1,5,-0.002399327655058547
2023-09-05,-1,5,-0.0004926638764550568
2023-09-05,-1,5,-0.0004313972663977146
2023-09-05,-1,5,-0.002747026064100133
2023-09-05,-1,5,0.0010729428228830832
2023-09-05,-1,5,-0.004758595051708258
2023-09-05,-1,5,0.001020619208756535
2023-09-05,-1,5,0.0008662274257729367
2023-09-05,-1,5,-0.0010681838598042056
2023-09-05,-1,5,-0.011414594673376
2023-09-05,-1,16,0.0034836056716383242
2023-09-05,-1,5,-0.000946239795077219
2023-09-05,-1,5,0.0005244994324216327
2023-09-05,-1,5,0.0002819456036268434
2023-09-05,-1,6,-0.0017410856269111982
2023-09-05,-1,7,0.0006248711459937665
2023-09-05,-1,5,-0.002873081539760491
2023-09-05,-1,5,0.00035522862659089806
2023-09-05,-1,7,0.0005102518936382031
2023-09-05,-1,5,-0.0035271410743485717
2023-09-05,-1,5,0.00037731633365580865
2023-09-05,-1,5,-0.001288743591942287
2023-09-08,-1,5,-0.0008985013665351089
2023-09-08,-1,5,-0.004406852436330188
2023-09-08,1,5,-0.0028353654943339187
2023-09-08,1,5,-0.0030565979465796197
2023-09-08,1,5,-0.0021129849409477815
2023-09-08,1,5,-0.0016461781874786748
2023-09-08,1,5,-0.0009773249027237082
2023-09-08,1,5,-0.00025284831700043097
2023-09-08,1,5,-0.0014517005662775025
2023-09-08,1,5,-0.0017982619800535945
2023-09-08,1,6,-0.0014825331254871617
2023-09-08,1,5,-0.012638983186719943
2023-09-08,-1,5,-0.0003303590399370333
2023-09-08,1,7,-0.0003813266833071256
2023-09-08,1,5,1.2984188509391104e-05
2023-09-08,1,5,-0.00299465170283395
2023-09-08,1,5,-0.0011971579710501109
2023-09-08,1,5,0.0009554480090538057
2023-09-08,1,5,-0.0015225339706865567
2023-09-08,1,5,-0.0010435594652214771
2023-09-08,1,5,0.0010026693355617237
2023-09-11,-1,5,0.00031116781279374485
2023-09-11,-1,5,0.00218288497975252
2023-09-11,-1,5,-0.0016137542964921089
2023-09-11,-1,14,-0.0010677858511807022
2023-09-11,-1,5,-0.0016458900438927945
2023-09-11,-1,5,-0.0019995210585167286
2023-09-11,-1,5,-0.0023525715801951726
2023-09-11,-1,5,-0.0026416598714905423
2023-09-11,-1,5,-0.00036246250185643046
2023-09-11,-1,5,-0.0010121011853888359
2023-09-11,-1,6,0.0008833055424791961
2023-09-11,-1,5,0.0013153908620934466
2023-09-11,1,5,-0.0005816126871577061
2023-09-11,-1,5,0.007234042162296861
2023-09-11,-1,5,0.0014517754549555843
2023-09-11,-1,5,-0.000696102387962005
2023-09-11,-1,5,-0.000758626218605873
2023-09-11,-1,5,-0.0005251948649431566
2023-09-11,-1,5,-0.0013508256906756607
2023-09-11,-1,5,-0.005177754783595478
2023-09-11,-1,5,-0.0009355520864059215
2023-09-11,-1,5,0.0030654033062204275
2023-09-11,-1,5,0.0019282836247104477
2023-09-11,1,5,-0.003666600390338925
2023-09-11,1,5,0.004614517935557139
2023-09-11,-1,6,-0.0018287187616082608
2023-09-11,1,5,-0.003542647541824961
2023-09-11,1,5,0.001062063211369058
2023-09-11,-1,6,-0.0007208549468278087
2023-09-11,-1,5,0.005264754272748773
2023-09-11,-1,5,-0.0004248997337892075
2023-09-11,1,6,0.0005113793103447509
2023-09-11,-1,5,-0.001332235838337947
2023-09-11,1,5,0.0020013569841043303
2023-09-11,-1,5,-0.0038313484415778195
2023-09-11,-1,6,-0.002326356287076869
2023-09-14,-1,5,-0.010121347570871552
2023-09-14,-1,5,-0.001068010227672089
2023-09-14,1,5,-0.002030115022634482
2023-09-14,1,5,-0.002573138918018558
2023-09-14,1,5,-0.00018446843935935274
2023-09-14,1,10,-0.002307953714042554
2023-09-14,1,5,-0.001024703024725326
2023-09-14,1,5,-0.002519086524805125
2023-09-14,1,11,-0.002508521788593709
2023-09-14,1,5,-0.0018729730466233493
2023-09-14,1,5,-0.00142107521350574
2023-09-14,1,5,0.0015241475733091207
2023-09-14,-1,5,-0.0018968097182271212
2023-09-14,-1,5,-0.0015560572039395645
2023-09-14,-1,5,-0.001537416404642977
2023-09-14,-1,5,-0.00198809763478045
2023-09-14,-1,5,-0.000876641588387161
2023-09-14,-1,5,3.0893621093009316e-05
2023-09-14,-1,5,-0.0019207010085030337
2023-09-14,-1,5,-0.001160424521039793
2023-09-14,1,5,-0.0018875883338878904
2023-09-14,-1,5,-0.0027070802395726453
2023-09-14,-1,5,0.00265740301975872
2023-09-14,1,5,0.0015338803255441572
2023-09-14,-1,5,-0.005359796623177404
2023-09-14,-1,5,0.0032605573422681785
2023-09-14,1,5,0.0020687651782097752
2023-09-14,1,5,-0.002354770262819361
2023-09-14,1,5,0.004764626679450679
2023-09-14,1,5,0.00035977492109209343
2023-09-14,1,5,3.9774136675019734e-05
2023-09-14,1,11,-0.002615795767325268
2023-09-14,1,5,-0.00020998084291177176
2023-09-14,1,5,-0.0003449632240269724
2023-09-14,1,6,-0.0021471967054323745
2023-09-14,1,5,-0.001608611261239101
2023-09-14,1,5,-0.0035248352792330625
2023-09-14,1,6,0.0003888493978495781
2023-09-14,1,5,-0.000957665827680509
2023-09-14,1,5,-0.001252321510782117
2023-09-14,1,5,-0.0027638944390171224
2023-09-17,-1,57,-0.0007988431864801355
2023-09-17,-1,6,-0.0012580746575719722
2023-09-17,-1,5,0.0008232093974193336
2023-09-17,1,5,0.0002898120398199481
2023-09-17,1,5,0.001751700232377829
2023-09-17,1,7,0.0006904099416181978
2023-09-20,1,6,-0.0021220833460215745
2023-09-20,1,5,0.0011218317979379226
2023-09-20,1,5,-0.0006729188904644796
2023-09-20,1,5,0.0009136174902261377
2023-09-20,1,5,-0.004295034938477915
2023-09-20,1,5,-0.0009952653140850917
2023-09-20,1,6,-0.0026166420821650323
2023-09-20,1,5,-0.0027104499838235038
2023-09-20,1,6,-2.2927556166818064e-05
2023-09-20,1,5,-0.0037189479775493247
2023-09-20,1,5,0.0004136772810777959
2023-09-20,1,5,-0.002004000091734714
2023-09-20,1,5,-0.002732777471804648
2023-09-20,1,5,-0.00024755616257130474
2023-09-20,1,5,-0.0004986795688387331
2023-09-20,1,5,-0.0004621454810388221
2023-09-20,1,5,0.00023477731555123817
2023-09-20,1,6,-0.0026450975395107875
2023-09-20,1,5,-0.00755613904836514
2023-09-20,1,5,0.0006559969952219195
2023-09-20,-1,5,-0.002709416140057463
2023-09-20,-1,5,-0.0011111378311360106
2023-09-20,-1,5,-0.0010068085635206222
2023-09-20,-1,5,0.002901208703227654
2023-09-20,-1,5,-0.0016403879100793436
2023-09-20,-1,5,-0.006259639175257714
2023-09-20,-1,5,0.00042744492392945456
2023-09-20,-1,5,0.0008703631723596898
2023-09-20,-1,5,0.00036328444171409603
2023-09-20,-1,5,-0.002846227719360916
2023-09-20,-1,5,0.00014770959858025935
2023-09-20,-1,5,-0.0016460091049373734
2023-09-20,-1,5,-0.0035137353524924194
2023-09-20,-1,5,0.0004832262762532128
2023-09-20,-1,5,-0.005473366157432968
2023-09-20,-1,5,0.003714571119177635
2023-09-20,-1,6,0.008749272127626906
2023-09-20,1,5,-0.0006281400915323139
2023-09-20,-1,5,-0.003257679405415192
2023-09-20,-1,5,-0.004665673380726742
2023-09-20,-1,5,0.00042996653772944295
2023-09-20,-1,6,0.0009369836764316023
2023-09-20,1,5,-0.0007100942837397812
2023-09-26,1,5,-0.0019931554082994515
2023-09-26,1,5,-0.0006823937176739565
2023-09-26,1,6,-0.00046195777986532914
2023-09-26,1,6,0.001541736322044818
2023-09-26,-1,5,0.0008863686419116282
2023-09-26,1,5,0.0019226517130465307
2023-09-26,-1,5,-0.0009732080054223098
2023-09-26,-1,5,-0.0002449280552956119
2023-09-26,-1,5,-0.0005395170775843501
2023-09-26,-1,5,-0.0006149240382259164
2023-09-26,1,5,1.387056930393139e-05
2023-09-26,-1,5,0.002340484156421208
2023-09-26,1,5,-0.0017344494205918434
2023-09-26,1,7,-0.0011238982330151522
2023-09-26,1,5,-0.0010042652660341208
2023-09-26,1,5,-0.0018537431810887513
2023-09-26,-1,12,-0.004423765192639406
2023-09-26,-1,5,0.0013597224835372405
2023-09-26,1,5,-0.0012183408474117693
2023-09-26,1,5,-0.0009916206010368352
2023-09-26,1,5,-0.0006074468279412044
2023-09-26,1,5,0.00012832494336780832
2023-09-26,-1,5,0.0016234786531124316
2023-09-26,1,5,-0.002025520030768035
2023-09-26,1,5,-0.0008712370482687244
2023-09-26,1,266,-0.0009913492865259773
2023-09-26,1,5,-0.0005432731633426608
2023-09-26,1,5,-0.002694133354774064
2023-09-26,1,5,-0.00035943390682966435
2023-09-26,1,5,0.004008700930567289
2023-09-26,-1,5,-0.0007467032296996963
2023-09-26,-1,5,0.0022534271994867575
2023-09-26,1,5,-0.0011681121882257447
2023-09-26,1,6,-0.0009093102251064073
2023-09-26,1,5,-0.0005559170316701052
2023-09-26,1,5,0.0008442685511697249
2023-09-26,1,5,-0.0019667761394945634
2023-09-26,1,5,-0.0011616804169158664
2023-09-26,1,5,-0.0003990968852024319
2023-09-26,-1,5,-0.002630053093273998
2023-09-26,-1,5,-0.00149500824049662
2023-09-26,-1,5,-0.0009602758253996808
2023-09-26,-1,5,-0.0034119863340918762
2023-09-29,1,5,3.969141784279141e-05
2023-09-29,1,5,-0.0012382017461538327
2023-09-29,1,5,5.7692116705166285e-05
2023-09-29,-1,5,0.0007309261764421263
2023-09-29,1,5,-0.0028782535268377703
2023-09-29,1,5,-0.002456310407514017
2023-09-29,1,5,0.000527271648837058
2023-09-29,1,5,-0.0004264424195424605
2023-09-29,1,5,-0.0008511100431612735
2023-09-29,-1,5,-0.002463039594398841
2023-09-29,-1,5,-0.012138111385616579
2023-09-29,-1,5,-0.0019862303881582385
2023-09-29,1,5,-0.002404274075310164
2023-09-29,1,5,-0.00028514147047906623
2023-09-29,1,5,-0.0008058495871724243
2023-09-29,1,7,-0.0015416733862525286
2023-09-29,1,5,0.000565658682634718
2023-09-29,1,5,-0.001781262006642947
2023-09-29,1,5,-0.0029732634730537996
2023-09-29,1,5,0.0034866989286036717
2023-09-29,-1,5,-0.0003760629933021504
2023-09-29,-1,5,0.003172435928072171
2023-09-29,-1,5,-0.010576519291831099
2023-09-29,-1,5,0.0033907602896341657
2023-09-29,1,5,-0.0009434085033036328
2023-09-29,-1,5,0.0015096215380196124
2023-09-29,1,5,-0.0017168262413475906
2023-09-29,1,5,-0.001957335820313299
2023-09-29,1,5,-0.0038689745954681772
2023-09-29,1,5,0.00013617320993888384
2023-09-29,1,6,0.00031497593261122815
2023-09-29,-1,5,0.00033578378637979557
2023-09-29,-1,5,-0.0009668386275168745
2023-09-29,1,5,-0.0006787220667875178
2023-09-29,1,5,-0.00091890434683437
2023-09-29,1,5,0.0006731301999795217
2023-10-02,1,5,-0.0018058682657275723
2023-10-02,1,5,6.046737561096239e-05
2023-10-02,1,5,-0.006307539859102684
2023-10-02,1,5,0.001771759394599304
2023-10-02,-1,5,-0.003046635030573652
2023-10-02,1,6,0.0031803337348420787
2023-10-02,1,5,-0.0027064839649979296
2023-10-02,1,15,-0.0007353932269559045
2023-10-02,1,6,-0.001953832710663494
2023-10-02,1,6,-0.00023232400552495268
2023-10-02,1,7,-0.0006716768738336038
2023-10-02,1,5,-0.0038883759694174676
2023-10-02,1,61,-0.0020893488532336187
2023-10-02,1,5,0.0011027101815420885
2023-10-02,1,5,-0.009151244117817847
2023-10-02,1,5,0.00313417371243876
2023-10-02,-1,6,-0.00024225764517968827
2023-10-02,1,5,-0.01321179231385281
2023-10-02,1,6,-0.001312304215975368
2023-10-02,-1,5,0.0031400903191810777
2023-10-02,-1,5,-0.00199436848908161
2023-10-02,-1,5,-0.0012412204164792048
2023-10-02,-1,5,-0.004806639383989042
2023-10-02,-1,5,-0.005743118214716602
2023-10-02,-1,5,-0.0016452582434403947
2023-10-02,-1,5,-0.0011109993760648248
2023-10-02,-1,5,0.0036104530074511317
2023-10-02,-1,5,0.008540354224580904
2023-10-02,-1,5,-0.0031225459855076295
2023-10-02,-1,5,-0.004671281984523911
2023-10-05,-1,5,-0.0004426718862981844
2023-10-05,-1,6,-0.0031347041736552225
2023-10-05,-1,6,0.0014700552879517662
2023-10-05,1,126,-0.0011599873529087642
2023-10-05,1,6,-0.0029372624777075137
2023-10-05,1,5,0.001374813342128656
2023-10-05,-1,5,-0.004395315504697716
2023-10-05,-1,5,0.002666888799130263
2023-10-05,1,5,-0.0042780775155109915
2023-10-05,1,26,0.001210531395881587
2023-10-05,1,5,0.0030238960635788023
2023-10-05,-1,5,0.0008970638559502534
2023-10-05,-1,5,-0.0007403748223225643
2023-10-05,-1,5,0.00022340690030155964
2023-10-05,-1,5,-0.0004988006841391885
2023-10-08,-1,5,-0.0024706768061534042
2023-10-08,-1,5,-0.0020468729817007866
2023-10-08,-1,5,-0.00017014074825403246
2023-10-08,-1,5,-0.0030986764984680445
2023-10-08,-1,5,-0.0013857445834605017
2023-10-08,-1,6,0.0006951525553013042
2023-10-08,-1,5,-0.0014230389230712511
2023-10-08,-1,5,0.0013789186104702592
2023-10-08,-1,7,-0.002063248616375057
2023-10-08,1,5,-0.0014864609956130922
2023-10-08,1,5,0.0001955744717573541
2023-10-08,1,5,-0.003483223848779393
2023-10-08,1,5,-0.0016482735938164513
2023-10-08,1,5,-0.0014510122092878715
2023-10-08,1,5,0.0015151628950328625
2023-10-08,1,251,-0.002819028521927813
2023-10-08,1,5,0.004928732082532994
2023-10-08,-1,5,1.156441717788993e-05
2023-10-08,-1,5,-0.0028919533979748554
2023-10-08,-1,5,-0.0008232581000796375
2023-10-08,-1,5,-0.001098883043797438
2023-10-08,-1,5,-0.0005792151438265054
2023-10-08,-1,5,-0.0005300975499370248
2023-10-08,-1,5,-0.0025248460201471087
2023-10-08,-1,5,-0.00040871049015109805
2023-10-08,-1,6,0.002109785568913192
2023-10-08,1,5,0.0006341731860054715
2023-10-08,1,5,-0.0007676098051726305
2023-10-11,-1,5,-0.0008435704265766559
2023-10-11,-1,5,-0.003827606561035512
2023-10-11,-1,5,-9.393552079359723e-05
2023-10-11,-1,5,-0.0019579598981539267
2023-10-11,-1,5,0.009069992045816067
2023-10-11,-1,5,0.0007074179448590904
2023-10-11,-1,5,0.0024320557855211037
2023-10-11,-1,5,-0.0011563597493643215
2023-10-11,-1,5,-0.0035805173895476546
2023-10-11,-1,5,-0.007267647826754686
2023-10-11,-1,5,-0.002084089446814463
2023-10-11,-1,5,-0.0014671484935893982
2023-10-11,-1,5,-0.0020705023470600544
2023-10-11,-1,5,0.0005138112212184302
2023-10-11,-1,5,-0.0034723157693775427
2023-10-11,-1,5,0.001904829569988076
2023-10-11,-1,5,0.00034464394710067604
2023-10-11,-1,5,0.0019656243602866
2023-10-11,1,5,-0.005481199616122789
2023-10-11,1,5,0.0022371340717365577
2023-10-11,1,5,-0.0011114420122268816
2023-10-11,-1,5,-0.0011946757580803876
2023-10-11,-1,16,-0.0006636683296555641
2023-10-11,-1,5,-0.001072998361515953
2023-10-11,-1,5,-0.00298946624889016
2023-10-11,-1,5,0.0011589584196931794
2023-10-11,-1,6,-5.751842673371542e-05
2023-10-14,1,34,-0.0014849832549753469
2023-10-14,1,5,-0.0021229625286703687
2023-10-14,1,5,1.0747518590337635e-05
2023-10-14,1,13,-0.0008344825387419425
2023-10-14,-1,5,-0.0005898248726552198
2023-10-14,-1,6,-0.0018585600883661343
2023-10-14,1,5,-0.00045177299391405644
2023-10-14,1,6,-0.0008658985046464447
2023-10-14,1,5,0.0004990817115359206
2023-10-14,-1,5,0.0025730961046783966
2023-10-17,-1,5,0.0009187080848077848
2023-10-17,1,5,0.0004961452898074818
2023-10-17,1,5,0.0024244561743461904
2023-10-17,-1,5,0.001628011138900787
2023-10-17,1,12,-0.0011870349721397663
2023-10-17,1,5,0.003994622741663312
2023-10-17,-1,5,0.0019694275529064335
2023-10-17,1,5,0.0007687815688030234
2023-10-17,1,5,-0.0011112932266001737
2023-10-17,-1,5,0.003389777018883123
2023-10-17,1,5,-0.0023049418975502386
2023-10-17,1,5,-0.0026475172110782316
2023-10-17,1,5,-0.0029729279929588733
2023-10-17,1,5,-0.00430132676099213
2023-10-17,1,5,0.0020665503021889634
2023-10-17,-1,5,-0.0017848312493645487
2023-10-17,-1,5,-0.0009526393623707547
2023-10-17,-1,5,-0.0010732350101013474
2023-10-17,-1,5,-0.0022722904903889948
2023-10-17,1,6,-0.005408204554542139
2023-10-17,1,5,-0.000517845910344183
2023-10-17,1,5,-0.0004792017879949646
2023-10-17,1,5,-0.007241965328059629
2023-10-17,1,5,0.0024115399300542965
2023-10-17,1,5,0.0009084787654939589
2023-10-17,1,5,0.0008245613933869581
2023-10-20,-1,5,0.00013992453842017784
2023-10-20,-1,5,5.819943757403624e-05
2023-10-20,-1,5,-0.0018605336436571026
2023-10-20,-1,5,-0.010190092770313441
2023-10-20,-1,5,-0.007451891544875222
2023-10-20,-1,5,-0.0026886861399070035
2023-10-20,-1,5,0.0010213879714383815
2023-10-20,-1,5,0.00018832643559232344
2023-10-20,-1,7,0.0001894534249342831
2023-10-20,1,5,0.0013134103067328432
2023-10-20,-1,5,-0.0027277820925680537
2023-10-20,-1,5,-0.0026371563682220153
2023-10-20,-1,5,-0.014886472415030027
2023-10-20,-1,5,-0.0015028120338141712
2023-10-20,-1,5,-0.003587945269678849
2023-10-20,-1,15,-0.0049097983766191785
2023-10-20,1,5,-0.004460912091172031
2023-10-20,1,5,-0.005914034780180577
2023-10-20,1,5,9.179110385284552e-05
2023-10-20,1,5,-0.0015468747938436108
2023-10-20,-1,5,0.0001023611690244234
2023-10-20,-1,5,-0.0005070256381507261
2023-10-20,-1,6,0.00022771057138417684
2023-10-20,1,5,8.113594366490097e-05
2023-10-20,-1,8,-0.0006192698791279478
2023-10-20,-1,5,-0.001684554802203397
2023-10-20,-1,6,-0.0021449735958799284
2023-10-20,-1,5,-0.0010365639503777443
2023-10-20,-1,5,-0.001304180868677651
2023-10-20,1,5,0.0002977431421446134
2023-10-20,1,5,0.0014611037055535462
2023-10-20,-1,6,-0.0014657974868589104
2023-10-20,-1,5,-0.0005203501679312601
2023-10-20,-1,9,-0.0006261829889373289
2023-10-20,-1,5,0.001091885774386703
2023-10-23,-1,5,-0.000755995565236844
2023-10-23,-1,5,-0.008376916665160472
2023-10-23,-1,5,0.004928504955669233
2023-10-23,1,5,0.001190648431007935
2023-10-23,-1,5,-0.007371132621272735
2023-10-23,1,5,-0.0013650980096590933
2023-10-23,1,5,-0.0017790815638692777
2023-10-23,1,5,0.006534776546892074
2023-10-23,-1,5,0.004121378530741704
2023-10-23,1,5,-0.004486089501510615
2023-10-23,1,5,-0.002923828129628636
2023-10-23,1,6,-0.0015795324372579241
2023-10-23,1,5,-0.006813893886973376
2023-10-23,1,5,0.0023627250887820143
2023-10-23,1,5,-0.00976602775939881
2023-10-23,1,5,0.00524607745788499
2023-10-23,1,5,0.0004142387058957645
2023-10-23,1,5,0.0016257873869890641
2023-10-23,1,5,-0.002055712436394996
2023-10-23,1,5,0.004004506560798227
2023-10-23,-1,5,0.0030327342338058124
2023-10-23,1,5,0.009437159679375107
2023-10-23,-1,16,0.004165646825161651
2023-10-23,1,5,0.0037267802611066444
2023-10-23,-1,5,0.004153813819125185
2023-10-23,-1,8,-0.007459305691709916
2023-10-23,-1,5,-0.005328057422993781
2023-10-23,-1,5,-0.004984103235711279
2023-10-23,-1,5,0.0016715625455712372
2023-10-23,1,5,-0.0010347185226834196
2023-10-23,1,6,0.0025751703760911408
2023-10-23,-1,5,-0.0372011478051447
2023-10-23,1,5,0.0032032021541009933
2023-10-23,1,5,-0.0008891277055046216
2023-10-26,-1,5,0.0011933877732482005
2023-10-26,-1,5,-0.0033073599908327363
2023-10-26,-1,5,-0.000697436059917433
2023-10-26,-1,5,-0.0027801634680349793
2023-10-26,-1,5,-0.007029540068599882
2023-10-26,-1,6,-0.0016410626474864017
2023-10-26,-1,5,-2.2330446214668498e-05
2023-10-26,-1,5,0.0010031404098977074
2023-10-26,1,5,-0.0005983833640458065
2023-10-26,-1,5,-0.015741491220315408
2023-10-26,-1,5,-0.005695495230230918
2023-10-26,1,5,0.004968712536360576
2023-10-26,1,10,-0.001593376636061605
2023-10-26,1,5,-0.001349155195893714
2023-10-26,1,5,-0.0014212279458268636
2023-10-26,1,5,-0.0002074575043911948
2023-10-26,1,5,-0.00041903408808017194
2023-10-26,1,5,-0.012325994475138135
2023-10-26,1,5,-0.00038441317210211555
2023-10-26,1,5,-0.004158469518825125
2023-10-26,1,5,0.0009289672531271002
2023-10-26,-1,6,-0.00391651596941065
2023-10-26,-1,5,0.0009023472263382185
2023-10-26,-1,5,-0.0018890721346363822
2023-10-26,-1,5,-0.003258513127503448
2023-10-29,1,5,0.0003583954150695682
2023-10-29,1,5,-0.003664616563813205
2023-10-29,1,5,0.0002827527994810012
2023-10-29,-1,25,-0.0015431973236256
2023-10-29,-1,5,-0.003344748519464513
2023-10-29,-1,5,0.002377075917029981
2023-10-29,1,5,-0.0016132833428287082
2023-10-29,1,5,0.0028632317894489393
2023-10-29,-1,5,-0.0003178690369286303
2023-10-29,1,5,-0.002125197684206914
2023-10-29,1,6,-0.0003797437892963713
2023-10-29,1,6,0.0009582698924312186
2023-10-29,-1,5,0.0014614619409768718
2023-10-29,-1,5,0.0028457564455347754
2023-10-29,1,9,-0.0039319139985004355
2023-11-01,-1,5,-0.0035437827006078223
2023-11-01,-1,5,0.0019035818564429267
2023-11-01,1,5,-0.0019151851851851639
2023-11-01,1,5,-0.0013975542191287712
2023-11-01,1,5,-0.0007349712261207393
2023-11-01,1,34,-1.70289831061594e-05
2023-11-01,1,5,-0.0015421983884534637
2023-11-01,1,5,-0.00467753633463317
2023-11-01,1,5,0.0006674093098716586
2023-11-01,1,5,0.0012588431873040932
2023-11-01,-1,5,-0.0012819373254816298
2023-11-01,-1,5,-0.001243305699854513
2023-11-01,-1,5,0.0007857981158362563
2023-11-01,-1,5,0.0001232293580012648
2023-11-01,1,10,-0.002393903210035608
2023-11-01,1,6,-0.0005821678068858911
2023-11-01,1,5,-0.0018833745315852465
2023-11-01,1,5,0.0011197683459959421
2023-11-01,-1,6,-0.00929381398030702
2023-11-01,-1,5,0.011802194525152543
2023-11-01,1,5,0.0024668458431390764
2023-11-01,-1,5,0.006035208228398115
2023-11-01,1,5,-0.0009153641565945221
2023-11-01,1,6,0.00046767779066661
2023-11-01,1,6,-0.0011940992621467302
2023-11-01,1,5,0.0015721153942484193
2023-11-01,-1,5,-0.0025046967323746113
2023-11-01,-1,5,-0.010266947967678108
2023-11-01,-1,5,0.0006598223082336045
2023-11-01,-1,5,-0.007342874615972361
2023-11-01,-1,5,-0.001661926638565436
2023-11-01,-1,5,-0.008355761875166933
2023-11-01,-1,5,-3.512876278575171e-05
2023-11-01,-1,5,0.005941128945238705
2023-11-01,1,5,0.00759925106493955
2023-11-01,-1,5,0.005922248073694592
2023-11-01,1,5,0.00030490184914047126
2023-11-01,1,8,-0.0007475670186839252
2023-11-04,-1,5,0.0014327801791180986
2023-11-04,-1,5,-0.00047054470175142925
2023-11-04,-1,5,-0.00038266620517555204
2023-11-04,-1,5,-0.0055697253865597315
2023-11-04,-1,5,3.237782711853533e-05
2023-11-04,-1,5,3.731806471974253e-06
2023-11-04,-1,5,-0.004310668055789479
2023-11-04,-1,5,0.0034751526717556
2023-11-04,-1,5,-0.0008933747178328839
2023-11-04,-1,5,0.00048316195999789126
2023-11-04,-1,5,-0.0016260481752457864
2023-11-04,-1,5,-0.0017285191420376208
2023-11-04,-1,6,-0.006088549970336121
2023-11-04,-1,5,0.0029891822903810542
2023-11-07,1,5,-0.005441864930868045
2023-11-07,1,6,-0.0004604488347888842
2023-11-07,1,5,-0.002493016613978249
2023-11-07,1,5,0.0006452670346987158
2023-11-07,1,6,-0.006155105276489303
2023-11-07,1,5,9.919292549911453e-05
2023-11-07,1,5,-0.0003844091154746372
2023-11-07,1,5,-0.0018038231183394645
2023-11-07,1,5,-0.0016718483760059574
2023-11-07,1,5,0.0007323592858127451
2023-11-07,1,6,-0.0007298507328620025
2023-11-07,1,5,0.00034837314694926604
2023-11-07,1,5,-0.002610403606630207
2023-11-07,1,5,0.002050910448393362
2023-11-07,1,5,-0.00309069874415111
2023-11-07,1,5,-0.00278319876861508
2023-11-07,1,5,-0.003900904292004825
2023-11-07,1,5,-0.003560317995567752
2023-11-07,1,6,-0.0027620493864653813
2023-11-07,1,5,0.0004167205587116921
2023-11-07,1,5,-0.0012062836368289306
2023-11-07,1,5,-0.00029496839810914065
2023-11-07,1,5,-0.0002788136230137179
2023-11-07,1,5,-0.002516473951647757
2023-11-07,1,5,-0.00043210280373826525
2023-11-07,1,5,-0.002252437744831281
2023-11-07,1,5,-0.00032103763019373187
2023-11-07,1,5,-0.00861902885173913
2023-11-07,1,5,0.0011030154722250444
2023-11-07,1,5,-0.0013460890797361898
2023-11-07,1,6,-0.008268730931124213
2023-11-07,1,5,0.006921427295250382
2023-11-07,-1,5,-0.013241661696567463
2023-11-07,1,5,5.755720309865754e-05
2023-11-07,-1,5,-0.0006998626479146392
2023-11-07,-1,5,0.003305154934321398
2023-11-07,1,5,0.0017888974673116124
2023-11-07,-1,5,0.00042669987104240227
2023-11-07,1,5,-0.0005773846105142417
2023-11-07,1,5,-0.010609018902554812
2023-11-07,1,5,0.001497074209666627
2023-11-07,1,5,-0.0009246085505546282
2023-11-07,1,5,0.00023242344312226527
2023-11-10,-1,5,0.010015820882900229
2023-11-10,1,5,-0.002091965413505292
2023-11-10,1,5,0.0017646378090196094
2023-11-10,-1,5,-0.000523373716166375
2023-11-10,-1,5,0.003156523988711158
2023-11-10,-1,5,-0.0016132520365378152
2023-11-10,-1,5,-0.004584045801167979
2023-11-10,-1,5,0.0007377864055817755
2023-11-10,-1,5,0.0033977279300599025
2023-11-10,-1,5,-0.0010009604271298041
2023-11-10,1,5,0.00011381817319557931
2023-11-10,1,5,-0.001728809523809471
2023-11-10,1,5,0.0008665412309273538
2023-11-10,-1,5,-0.004066811235804968
2023-11-10,1,11,0.0026152059090710725
2023-11-10,1,5,0.003998386749421013
2023-11-10,-1,5,0.005443957274258971
2023-11-10,1,5,0.000464178636066093
2023-11-10,1,5,0.0045516804192201835
2023-11-10,-1,5,-7.093297148927878e-05
2023-11-10,-1,5,0.0008686465742452579
2023-11-10,-1,5,0.0002468337815644487
2023-11-10,-1,5,0.0004079744697454094
2023-11-10,1,6,-0.00016519093467857137
2023-11-10,-1,5,-0.0023711675259086903
2023-11-10,1,5,-0.0004526748926781727
2023-11-10,-1,5,0.0020153566121843495
2023-11-13,1,5,0.006010554248750433
2023-11-13,-1,5,-0.00920236300419961
2023-11-13,-1,5,0.0021788819347857927
2023-11-13,-1,5,0.006636424827579557
2023-11-13,1,5,-0.003933040509242347
2023-11-13,1,5,-0.0007233318164468811
2023-11-13,1,5,-0.0026984073990800935
2023-11-13,1,17,-0.0008158353427825999
2023-11-13,1,5,-0.0017376940997597453
2023-11-13,1,5,-0.001330636195969936
2023-11-13,1,5,0.005819487774257804
2023-11-13,-1,8,0.001531314995865585
2023-11-13,-1,5,-0.004632749354382825
2023-11-13,-1,5,0.0012345219026818292
2023-11-13,-1,6,-0.0018733666373261567
2023-11-13,-1,6,0.0008240292172612355
2023-11-13,-1,5,0.003405650281369433
2023-11-13,1,5,0.0006393224015947222
2023-11-13,1,5,0.0025278254874733456
2023-11-13,-1,5,-0.0005404159670203463
2023-11-13,-1,6,0.00046764091690323396
2023-11-13,-1,5,-0.01004330284157282
2023-11-13,-1,5,-0.016056801067227823
2023-11-13,-1,5,-0.0045798422383175105
2023-11-13,-1,5,-0.00916316014100591
2023-11-13,-1,5,0.006274497398952051
2023-11-13,1,5,0.0012427114624126382
2023-11-13,-1,5,-0.0009227440550988226
2023-11-13,-1,5,-0.006597105098920286
2023-11-13,-1,6,-0.000589053429133823
2023-11-13,-1,5,-0.002360429853453727
2023-11-13,-1,5,-0.0013432336404957997
2023-11-13,-1,5,0.0015070114394662108
2023-11-13,1,5,-0.017061348196144775
2023-11-13,1,5,0.0035916179483809437
2023-11-13,1,5,-0.00140569499342833
2023-11-13,1,5,0.002288100372756308
2023-11-13,-1,5,0.005805706524363763
2023-11-16,-1,57,0.003037793757354824
2023-11-16,1,5,-0.006096631962013021
2023-11-16,1,5,0.0011030362706757838
2023-11-16,1,5,0.0005603605015675143
2023-11-16,-1,5,0.006749941244461511
2023-11-16,1,5,-0.0073963648698776915
2023-11-16,1,5,0.0011282788189314278
2023-11-16,1,5,-0.008349866565437103
2023-11-16,1,5,-0.0023098800161321705
2023-11-16,1,5,-0.006624779208831732
2023-11-16,-1,5,0.006698145611364859
2023-11-19,-1,9,0.0003271682313486183
2023-11-19,-1,41,0.0022786370781299418
2023-11-19,1,5,0.00018778502831819956
2023-11-19,1,5,0.0005232796737276949
2023-11-19,1,6,0.0041808412398353315
2023-11-19,-1,5,-7.760799116749383e-05
2023-11-19,-1,5,-0.002214656568962336
2023-11-19,-1,5,-0.0016310281808106005
2023-11-19,-1,8,-0.0014878972559030142
2023-11-19,-1,5,-0.0009673137410886929
2023-11-19,-1,5,-0.0026089510578638283
2023-11-19,-1,5,3.475769972474164e-05
2023-11-19,-1,5,-0.0010286166984082353
2023-11-19,-1,7,0.0002952393136280932
2023-11-19,-1,5,0.00039457919971444023
2023-11-19,-1,5,-0.00449112556754625
2023-11-19,-1,5,0.0009365332372811789
2023-11-19,-1,20,-0.001916630304948352
2023-11-19,-1,7,0.003913846175424918
2023-11-19,1,7,0.00013643308573065872
2023-11-19,1,5,0.00044407542766280485
2023-11-19,-1,6,-0.0011817400813443953
2023-11-19,-1,5,0.0005563418530351253
2023-11-19,-1,5,-0.00562817745558517
2023-11-19,-1,5,-0.0050356017430922325
2023-11-19,-1,5,0.002723255156244409
2023-11-19,-1,5,-0.004637221996340734
2023-11-19,-1,5,-3.595271872400784e-05
2023-11-19,-1,6,-0.0036410242241034837
2023-11-19,-1,5,-0.0026216835187057082
2023-11-19,-1,5,-0.00021600784434558883
2023-11-19,-1,5,-0.0051411330001921215
2023-11-19,-1,10,0.0021248211757355587
2023-11-19,-1,5,-0.005119460146118282
2023-11-19,-1,5,-0.0015079414727511061
2023-11-19,-1,5,-0.0004502464895138387
2023-11-19,-1,19,0.0005889923770343811
2023-11-19,-1,6,-0.00801814103211993
2023-11-19,-1,5,-0.0049134575746824
2023-11-22,1,5,0.0073336225690573634
2023-11-22,1,13,0.0017656501119151184
2023-11-22,1,5,0.00012936593744896675
2023-11-22,1,5,0.002682465128515688
2023-11-22,1,5,0.0049508084306352455
2023-11-22,1,5,0.00013831471650451767
2023-11-22,1,5,-0.007050959260080236
2023-11-22,1,10,0.0051472294003408695
2023-11-22,1,5,-0.0003965791389733737
2023-11-22,1,5,0.002153113341064961
2023-11-22,-1,5,0.002992134418824533
2023-11-22,1,5,0.008115948676034624
2023-11-22,1,5,0.004362639762025245
2023-11-22,1,5,-0.0029756767789555823
2023-11-22,1,5,0.000446011307841632
2023-11-25,-1,5,0.0009252180924589574
2023-11-25,-1,21,8.602504994594841e-05
2023-11-25,1,6,0.001794944694255474
2023-11-25,1,5,-0.0012927003340104989
2023-11-25,1,5,-0.004257600293600982
2023-11-25,1,5,0.0006834245429848899
2023-11-25,1,5,0.0006852899690680484
2023-11-25,1,5,0.0014647397475579197
2023-11-25,1,6,-0.0012640675747978888
2023-11-25,1,5,-0.0016112583171010494
2023-11-25,1,5,0.0003325370841153145
2023-11-25,1,6,-0.0013554684241201317
2023-11-25,1,5,-0.0010471926334146616
2023-11-25,-1,6,-0.0017393561525339326
2023-11-25,-1,189,-0.0014796559649553395
2023-11-25,-1,5,-0.0009081798456162855
2023-11-25,-1,7,-0.0014791581441756293
2023-11-25,-1,6,0.000990039024296641
2023-11-25,-1,5,-0.001340228603798321
2023-11-25,-1,221,-0.0006202318007939351
2023-11-28,-1,5,-0.0014393889533626854
2023-11-28,1,20,-0.005426460932599108
2023-11-28,1,5,0.004765851273434674
2023-11-28,-1,5,0.002035317107534707
2023-11-28,-1,12,-0.003350801488956367
2023-11-28,-1,5,-0.00499587788857001
2023-11-28,-1,5,-0.0011836159659198483
2023-11-28,-1,5,0.0009540995985000359
2023-11-28,-1,6,0.003152390209968959
2023-11-28,-1,5,-0.001905699506808389
2023-11-28,-1,5,-0.010391999671473506
2023-11-28,-1,5,-0.002828326067855524
2023-11-28,-1,5,-0.0045006762045932455
2023-11-28,-1,5,0.0018286851822316933
2023-11-28,-1,5,0.002228849459035698
2023-11-28,-1,5,-9.20841107908461e-05
2023-11-28,1,5,-0.0034270153340635098
2023-12-01,-1,5,-0.012661929297642071
2023-12-01,-1,5,-0.000405649055157697
2023-12-01,-1,5,-0.0008658433619683543
2023-12-01,-1,5,0.0004391025322325829
2023-12-01,-1,5,-0.004217137335608889
2023-12-01,-1,5,0.0018214433228002317
2023-12-01,-1,6,0.0014357620375765826
2023-12-01,-1,5,0.004184571986654695
2023-12-01,1,5,0.0006160963383675892
2023-12-01,-1,5,0.0005573129897886945
2023-12-01,-1,5,0.001198928102210695
2023-12-01,1,6,-0.0004161695766563329
2023-12-01,1,5,-0.0015591912288503759
2023-12-01,1,5,-0.002177298788397985
2023-12-01,1,5,-0.001569773075743552
2023-12-01,1,5,-0.0028362353325894537
2023-12-01,1,6,-0.00034493881026373917
2023-12-01,-1,5,-0.004772825680503389
2023-12-01,-1,10,0.0017754608737397207
2023-12-01,1,5,0.0009654428739468649
2023-12-01,1,5,-0.0033147390789731498
2023-12-01,1,5,-0.001325220028532836
2023-12-01,1,5,-0.0036255542349615585
2023-12-01,1,34,0.0004673345812939104
2023-12-01,1,5,-0.0010523875528517298
2023-12-01,1,5,-0.00022443184211016164
2023-12-01,1,5,-0.0021494364594561773
2023-12-01,1,5,-0.00211194311250904
2023-12-04,-1,5,-0.006961714175149325
2023-12-04,1,5,-0.0032815733871003113
2023-12-04,-1,21,0.00017581972462379393
2023-12-04,-1,5,0.004121403738582408
2023-12-04,1,5,-0.007568898486307906
2023-12-04,-1,5,0.022285706210089542
2023-12-04,1,5,-0.003435186010802371
2023-12-04,1,5,0.0016569056243264327
2023-12-04,-1,5,0.002180339844170676
2023-12-04,-1,5,-0.0007724456228654692
2023-12-04,-1,5,-0.0011364476710752133
2023-12-04,-1,6,-0.002016163776077917
2023-12-04,-1,6,-0.0027247638106179025
2023-12-04,-1,5,0.0021387275985661706
2023-12-04,-1,5,-0.002602657108266104
2023-12-04,-1,5,-0.00902782301515157
2023-12-04,-1,5,0.010046079136690667
2023-12-07,1,7,-0.0015143546435055551
2023-12-07,1,5,-0.00036137314928184016
2023-12-07,1,5,0.0012655219150973455
2023-12-07,-1,6,-0.0030350831795021623
2023-12-07,-1,5,-0.0032964515715713013
2023-12-07,-1,5,-0.00044303767889528566
2023-12-07,1,8,-0.000571896493511614
2023-12-07,1,5,-0.009495893947806677
2023-12-07,1,5,0.004959137328283481
2023-12-07,1,5,-0.0005282136389853416
2023-12-07,1,5,-0.0018068484990722885
2023-12-07,1,5,-0.0018776974286594857
2023-12-07,1,5,0.001171987219346882
2023-12-07,1,5,0.014792672602034564
2023-12-07,1,6,0.011630968221058602
2023-12-07,-1,7,-0.007758105284208261
2023-12-07,1,5,0.0014089078633495958
2023-12-07,1,5,0.0026644860533310503
2023-12-07,1,5,-0.0030224224364104654
2023-12-07,1,5,0.0019382005897809144
2023-12-07,-1,5,-0.015223848535137563
2023-12-07,1,5,-0.004277731475786672
2023-12-10,1,192,0.0007117938280189143
2023-12-10,1,5,0.0025732726183930413
2023-12-10,1,18,-0.001671878926595571
2023-12-10,1,6,-0.004626502052788561
2023-12-10,1,5,-0.0040872647241298795
2023-12-10,1,5,0.0010058269979921434
2023-12-10,1,27,-0.0008525287774404417
2023-12-10,1,5,0.001668611915879881
2023-12-10,1,5,-0.0006535731077333735
2023-12-10,1,5,-0.0024043375508550954
2023-12-10,1,5,0.0020502870245217245
2023-12-10,-1,5,-0.005169851315360496
2023-12-10,1,5,-0.0023660233395463633
2023-12-13,1,5,-0.002512161809812374
2023-12-13,1,87,0.004587731676084861
2023-12-13,-1,5,-0.0007272173079757356
2023-12-13,-1,5,-0.0023665972557958877
2023-12-13,1,5,0.00581525516127992
2023-12-13,-1,5,-0.0034673961577805553
2023-12-13,-1,6,0.002732621497998822
2023-12-13,-1,7,-0.0016500764481169657
2023-12-13,-1,5,-0.0068623398067145566
2023-12-13,-1,5,0.0010963581878673748
2023-12-13,-1,5,-0.007568485386902779
2023-12-13,-1,5,-5.2008423932802905e-05
2023-12-13,-1,5,0.008114880451428408
2023-12-13,-1,5,0.0009003023083559384
2023-12-13,-1,5,-0.0010869527161162292
2023-12-13,-1,6,-0.008842580214867812
2023-12-13,-1,5,-0.010640497220866107
2023-12-13,-1,5,0.0014046773335342436
2023-12-13,-1,5,-0.00765480368255309
2023-12-13,-1,5,0.005701245938208111
2023-12-16,1,5,-4.093139675851408e-05
2023-12-16,-1,5,-0.005180216859754205
2023-12-16,-1,5,-0.001920431710936121
2023-12-16,-1,5,-0.0019451120149355013
2023-12-16,-1,5,-0.0022597087691248238
2023-12-16,1,6,-0.0007661907362416005
2023-12-16,1,5,-0.0033446466434241314
2023-12-16,1,5,0.000772452729218687
2023-12-16,-1,5,-0.0026986431837351162
2023-12-16,-1,6,0.006444674735584322
2023-12-16,1,5,0.001057379062820463
2023-12-16,1,5,0.003201655253584424
2023-12-16,-1,5,0.004139446016697379
2023-12-16,1,5,-0.00331769411059033
2023-12-16,1,5,-0.0018395870285285772
2023-12-16,1,5,-0.0021646191604076433
2023-12-16,1,5,-0.004115516738473079
2023-12-16,1,5,0.0015894164708515571
2023-12-16,1,5,-0.001756541386265886
2023-12-16,1,7,-0.0031367579394849573
2023-12-16,1,9,-0.0008365808545570448
2023-12-16,1,5,-0.00275548977948723
2023-12-16,1,5,-0.0040107793219551265
2023-12-16,1,5,-0.00338046092670039
2023-12-16,1,5,0.0005871616014329287
2023-12-19,-1,5,-0.0009121956381376912
2023-12-19,-1,5,0.003894177181691517
2023-12-19,1,5,-0.0024377012691967122
2023-12-19,1,5,-0.00020021314001348277
2023-12-19,1,5,0.0008032093220716966
2023-12-19,1,5,-0.003086116921594195
2023-12-19,-1,5,-0.002210958853000688
2023-12-19,-1,5,0.001986992316598846
2023-12-19,1,5,-0.0008906520865429086
2023-12-19,1,5,-0.003469710825816019
2023-12-19,1,5,-0.0002042202204895811
2023-12-19,1,5,-0.002359665788400722
2023-12-19,1,5,-0.008299406046352908
2023-12-19,1,73,-0.009793293881540465
2023-12-19,1,105,0.0035018235723408794
2023-12-19,1,5,-0.012845394638187546
2023-12-19,1,5,-0.003090660660313138
2023-12-19,-1,5,0.0006115470496266488
2023-12-19,-1,5,-0.009685462732097338
2023-12-19,1,6,0.0018249034421759184
2023-12-19,-1,5,0.002544418059588849
2023-12-19,1,5,-0.0004961761743892175
2023-12-22,-1,5,-0.0022333812412192785
2023-12-22,-1,5,-9.948962596781862e-05
2023-12-22,1,5,-0.003035287274781173
2023-12-22,1,5,-0.00015564983687208443
2023-12-22,1,5,0.0010797300743698116
2023-12-22,-1,5,-0.004587527472040031
2023-12-22,-1,5,-0.0003935361520852383
2023-12-22,-1,5,0.0017862322829257597
2023-12-22,-1,5,-0.0063324030614494205
2023-12-22,1,5,0.014852564862285613
2023-12-22,-1,5,0.001551442199481912
2023-12-22,-1,5,-0.003284791281708532
2023-12-22,1,5,0.011530552565121832
2023-12-22,-1,5,-0.0007125319365496092
2023-12-22,1,5,-0.004655168233974693
2023-12-22,1,5,0.0021724519111966604
2023-12-22,-1,5,0.004037706882950487
2023-12-22,1,5,-0.005103646878713652
2023-12-22,1,5,0.0006744678129514629
2023-12-22,-1,5,0.0045648811778888024
2023-12-22,-1,5,-0.007910040131181439
2023-12-22,-1,7,0.001982624201827621
2023-12-22,-1,20,0.007339120421991608
2023-12-22,1,5,0.005361896062801597
2023-12-22,-1,5,-0.0006928059252898406
2023-12-22,-1,5,-0.006255343642611688
2023-12-22,-1,5,0.0046813742425148245
2023-12-22,-1,98,0.004051499767957512
2023-12-22,1,5,0.0015511918687650898
2023-12-22,-1,5,-0.0005614045040769118
2023-12-22,-1,7,-0.00197292436535732
2023-12-22,-1,5,0.0004348749983823733
2023-12-22,-1,5,0.0007457254067068323
2023-12-22,1,5,0.003914520356943641
2023-12-22,-1,5,-0.002494659726972692
2023-12-25,-1,5,0.0024838222498172694
2023-12-25,-1,5,-0.002665308555399681
2023-12-25,-1,5,-0.001818388507880053
2023-12-25,-1,5,0.00024596141234491976
2023-12-25,-1,6,0.003316102345676942
2023-12-25,-1,5,0.0002857778703988737
2023-12-25,-1,7,-0.0040398317963542315
2023-12-25,-1,5,0.0018312599662174914
2023-12-25,-1,6,-0.002873490157013636
2023-12-25,-1,5,-0.007846888254736317
2023-12-25,1,6,0.001716201438156562
2023-12-25,1,5,-0.0009216115045716839
2023-12-25,1,6,-0.004069332109819834
2023-12-25,1,5,-0.00414316974350668
2023-12-25,1,5,0.0008652660956257833
2023-12-25,1,5,-0.0002456147235497581
2023-12-25,1,5,-0.002885693944325007
2023-12-25,1,5,-0.0006611707643971782
2023-12-25,1,5,-0.00013835793876779644
2023-12-25,1,5,-0.005746440998370938
2023-12-25,1,5,0.0011421215653034892
2023-12-25,1,6,-0.002078002483137586
2023-12-25,1,5,0.0011610841272710285
2023-12-25,1,5,0.005399594585079237
2023-12-25,-1,5,-0.0008776785893830126
2023-12-25,-1,5,0.002322520847468779
2023-12-28,-1,5,-0.019381555115889213
2023-12-28,1,5,-0.006960364674416275
2023-12-28,1,5,-0.0015439778922372357
2023-12-28,1,5,-0.004135252367776543
2023-12-28,1,5,-0.0016177235285464771
2023-12-28,1,6,0.0020419194312794268
2023-12-28,1,5,-0.0020454127829559795
2023-12-28,1,5,0.014042166817195634
2023-12-28,1,5,-0.004902187485608866
2023-12-28,1,5,-0.00031747904857368735
2023-12-28,1,5,-0.00623966382484018
2023-12-28,1,5,0.002346397054469396
2023-12-28,1,5,0.0011948109513199249
2023-12-28,1,5,-0.001989560626100428
2023-12-28,1,5,-0.003615722436035784
2023-12-28,1,5,-0.0002858775220907268
2023-12-28,1,5,0.0025170986142823096
2023-12-28,1,6,-0.008568698131110475
2023-12-28,1,5,0.0007151271105164895
2023-12-28,1,5,-0.0005530884756626881
2023-12-28,1,5,-0.006276820795135673
2023-12-28,1,7,0.002121177640074601
2023-12-28,1,5,0.001317892508586516
2023-12-31,-1,6,-0.0026828423983203727
2023-12-31,-1,6,-0.0005583053333101158
2023-12-31,-1,65,0.002821849398375398
2023-12-31,-1,24,-0.0019513204792015234
2023-12-31,-1,5,-0.005823072268122597
2023-12-31,-1,5,0.0010576785946932125
2023-12-31,-1,5,0.0014398945500103903
2023-12-31,-1,5,-0.006992608131958988
2023-12-31,-1,5,-0.003315327865300066
2023-12-31,-1,5,0.0025820064360523535
2023-12-31,-1,5,-0.0036771436409931187
2023-12-31,-1,5,-0.0015419154633467876
2023-12-31,-1,5,-0.0003006165426214564
2023-12-31,-1,5,-0.005680876429690817
2023-12-31,-1,5,0.007399814086313428
2023-12-31,-1,5,-0.0015131118747532032
2023-12-31,-1,5,0.0007985643049171157
2023-12-31,-1,5,-0.0015522116570277685
2023-12-31,-1,5,-0.002098781272647487
2023-12-31,-1,5,0.00022626921559201242
2023-12-31,-1,9,-0.0032294612818016596
2023-12-31,-1,6,-0.002405142148874972
2023-12-31,-1,5,0.00022039252842445158
2023-12-31,1,5,-0.0005133020444033405
2023-12-31,-1,5,0.0004468661407082356
2023-12-31,1,5,0.004148268406288258
2024-01-03,1,5,-0.0029330839395209415
2024-01-03,-1,5,-0.004107635740642967
2024-01-03,-1,5,0.0014059353970389491
2024-01-03,1,5,-0.002107544272018069
2024-01-03,-1,5,-0.0018538619822122456
2024-01-03,-1,5,-0.0012856904897971862
2024-01-03,-1,5,-0.0006009867948540743
2024-01-03,-1,123,-0.0012184720774635945
2024-01-03,-1,5,0.0019506293121251076
2024-01-03,1,5,0.0021389866022087037
2024-01-03,1,5,-0.0008863545923945888
2024-01-03,1,5,-0.011807426024238987
2024-01-03,1,186,-0.07727674136161476
2024-01-03,-1,5,-0.0360262776375758
2024-01-03,1,5,-3.691640226364211e-05
2024-01-03,1,5,-0.0035002149829492565
2024-01-03,1,5,-0.0019468734186431687
2024-01-03,1,5,0.008159235677783228
2024-01-03,-1,8,0.00018838894756625403
2024-01-03,-1,5,0.0015689644546365237
2024-01-03,1,5,-0.002145314446349
2024-01-03,-1,8,0.000522861758361937
2024-01-03,1,5,-0.00041967680884478175
2024-01-06,-1,5,0.0007996023481278373
2024-01-06,1,5,0.00024373733340423732
2024-01-06,1,5,-0.0025097869111084577
2024-01-06,1,5,-5.128546335160132e-07
2024-01-06,1,5,-0.0022924800609692483
2024-01-06,1,5,-0.001309281926822647
2024-01-06,1,5,-0.001651445659755368
2024-01-06,1,5,-0.003958029010238761
2024-01-06,1,9,-0.007174356434319939
2024-01-06,1,5,-0.0022026554974621023
2024-01-06,1,5,-0.004441547301387993
2024-01-06,1,5,0.002627267228532704
2024-01-06,1,5,0.00013009465316296022
2024-01-06,1,5,0.0009900347228452237
2024-01-06,1,5,0.0008839799758094905
2024-01-06,1,5,0.00017648831874086425
2024-01-06,1,5,0.0007816233475240967
2024-01-06,1,5,0.001131715300656833
2024-01-06,-1,5,0.001193840333064711
2024-01-06,-1,5,-0.002746391614629617
2024-01-06,-1,5,-0.0022810984715174506
2024-01-06,-1,5,0.0001008646850735543
2024-01-06,-1,5,-6.781260293973145e-05
2024-01-06,-1,6,-0.003234745143468087
2024-01-06,-1,5,0.0008908660236037983
2024-01-06,-1,16,-0.003238734837787227
2024-01-06,-1,5,0.0022376679112770196
2024-01-06,-1,5,-0.002215308478476263
2024-01-06,-1,6,-7.068942149932543e-05
2024-01-06,1,6,-0.0010960440810331203
2024-01-06,1,6,0.0020905182072829213
2024-01-09,1,5,-0.0032487894937026415
2024-01-09,1,5,0.004139945483035668
2024-01-09,1,5,-0.004362343156100379
2024-01-09,1,5,-0.0007300910026198699
2024-01-09,1,10,0.002699706303756289
2024-01-09,1,5,0.0022340949088623056
2024-01-09,1,5,0.0015284376825747351
2024-01-09,1,10,-0.0114405237390661
2024-01-09,1,10,-0.006657106586357075
2024-01-09,-1,5,-0.004903119111142473
2024-01-09,-1,5,0.0006993516716786944
2024-01-09,1,7,0.0008996568355693849
2024-01-09,1,5,0.03347374360815172
2024-01-09,1,5,-0.003475206546570608
2024-01-12,-1,5,0.004147697872600298
2024-01-12,1,5,-0.0019245648995360517
2024-01-12,1,5,-0.0004382845179416779
2024-01-12,1,5,-0.0008160272019726906
2024-01-12,1,7,0.001764633880939082
2024-01-12,-1,5,-0.00025499999999998256
2024-01-12,-1,5,0.002464672005164337
2024-01-12,1,5,-0.0008233457248353111
2024-01-12,-1,191,-0.0031034380024808957
2024-01-12,-1,5,-0.0019382982940320034
2024-01-12,-1,5,0.0022706211947629788
2024-01-12,-1,5,0.0008027069823614234
2024-01-12,1,5,0.0025941701965811696
2024-01-12,1,304,0.0087727717351477
2024-01-12,-1,5,-0.002901745978347225
2024-01-12,-1,5,-0.0018032387595007023
2024-01-12,-1,5,-0.005103048616880912
2024-01-12,-1,5,-0.00604462053698449
2024-01-12,-1,5,0.0026147744863257664
2024-01-12,1,5,0.0025822683675355233
2024-01-12,-1,5,-0.01097970481175623
2024-01-12,-1,5,0.0023624991637863028
2024-01-12,-1,5,-0.002415371346546546
2024-01-12,-1,5,-0.0017497164924441307
2024-01-12,1,5,-0.01280792741492096
2024-01-12,1,5,0.014747487161451824
2024-01-12,-1,5,0.02232457704468185
2024-01-12,-1,5,0.015369809730232189
2024-01-12,-1,5,-0.008925386378139865
2024-01-12,-1,5,0.0062487578851817775
2024-01-12,-1,5,-0.005685082040526623
2024-01-12,-1,5,0.00458619419137476
2024-01-12,1,5,0.0011656384819159985
2024-01-12,1,5,-0.005524991963650838
2024-01-12,1,5,-0.01408191524184963
2024-01-12,1,5,-0.005843924737976991
2024-01-12,1,5,-0.005855414118246837
2024-01-12,-1,5,-0.0046584131152521465
2024-01-12,-1,5,-0.004451621780069059
2024-01-15,1,20,0.005285730213548634
2024-01-15,-1,5,0.00038376224627003665
2024-01-15,1,5,0.0019961784478101045
2024-01-15,1,5,-0.0031073853115864743
2024-01-15,1,5,0.002546430376861331
2024-01-15,1,5,-0.0014317492040469611
2024-01-15,-1,59,-0.0006122971673559792
2024-01-15,-1,5,-0.0006287320357676092
2024-01-15,-1,5,0.0003887884620733754
2024-01-15,-1,5,0.00014848848209649858
2024-01-15,-1,5,-0.0025637604478788486
2024-01-15,-1,5,-0.0017465782036595098
2024-01-15,-1,5,0.0004213571990559165
2024-01-15,-1,36,-0.0009670037061860532
2024-01-15,-1,5,-0.0006565095245213199
2024-01-15,-1,5,-0.0014364917127072992
2024-01-15,-1,5,-0.006381826168637561
2024-01-15,-1,5,0.0014737763176485789
2024-01-15,1,5,0.00270931164841306
2024-01-18,1,6,-0.00016309347037144438
2024-01-18,1,5,-0.004839919717049201
2024-01-18,1,5,0.0028062340658948862
2024-01-18,1,5,-0.002266307142038992
2024-01-18,1,5,-0.001571890351987992
2024-01-18,1,5,-0.00019909898452050666
2024-01-18,1,5,-0.003188751856272298
2024-01-18,1,5,0.0007081361316859883
2024-01-18,1,5,0.00038161845700059906
2024-01-18,1,5,0.0019622906653173015
2024-01-18,1,5,-0.0004073530802884746
2024-01-18,1,5,0.0003802869913286603
2024-01-18,1,5,-0.0013333464566928962
2024-01-18,1,5,0.0006826267876266726
2024-01-18,1,5,-0.0011995250314099423
2024-01-18,1,5,-0.008819036947006342
2024-01-18,1,5,-0.0017043014764247296
2024-01-18,1,5,0.001009013685457161
2024-01-18,1,5,-0.005787568632737527
2024-01-18,1,6,-0.000834076109692194
2024-01-18,1,5,0.0011473959114031377
2024-01-18,1,5,0.00015544238744493767
2024-01-18,1,5,0.00146225125282653
2024-01-18,1,5,0.0013523919936583532
2024-01-18,1,5,-0.008085051352952876
2024-01-18,1,5,-0.010895733031386001
2024-01-18,1,5,0.0024080170546127103
2024-01-18,1,5,-0.0067577957501872895
2024-01-18,1,7,-0.00752755837956407
2024-01-18,1,5,-0.0018355194805196092
2024-01-18,1,5,-0.0009954527547074484
2024-01-18,1,5,-0.0108509483136223
2024-01-18,1,5,-0.007293164368770233
2024-01-18,1,5,0.008389933704134789
2024-01-18,1,5,0.0038521401177472833
2024-01-18,1,5,3.3123478267916184e-05
2024-01-18,1,5,0.0014335968261446567
2024-01-18,1,5,-0.0019639116131332287
2024-01-18,1,5,-0.0008619315032976966
2024-01-21,-1,5,0.00043744142973392054
2024-01-21,-1,21,-0.0018736426175923523
2024-01-21,-1,5,-0.003643604575955894
2024-01-21,-1,6,0.0008261089967908312
2024-01-21,-1,5,-0.00033746278454436184
2024-01-21,-1,6,-0.0024304185372713057
2024-01-21,-1,135,0.00037968514992083903
2024-01-21,-1,6,-0.0014565662884299165
2024-01-21,-1,5,-0.001266561328680282
2024-01-21,-1,5,-0.002348585240096712
2024-01-21,-1,5,-0.0010525929016600207
2024-01-21,-1,5,-0.0004074474819564018
2024-01-21,-1,5,0.0007835512632714762
2024-01-21,-1,6,-0.0001353382907287366
2024-01-21,-1,6,-0.0023085103732093156
2024-01-21,-1,5,0.0002658792981096395
2024-01-21,-1,5,-0.0019368358941228344
2024-01-21,-1,5,0.0011344654335484709
2024-01-21,-1,5,-0.0011454043669040011
2024-01-21,-1,5,-0.0004585745308365081
2024-01-21,-1,5,-0.0026739826684028852
2024-01-21,-1,5,0.0009056426789189279
2024-01-21,-1,5,-0.0015379126932427486
2024-01-21,-1,7,-0.0006926688738509763
2024-01-21,-1,5,-0.002327998857994373
2024-01-21,-1,5,0.0007762962738194993
2024-01-21,-1,5,0.0005162776478503609
2024-01-24,-1,5,-2.5197220177108448e-05
2024-01-24,-1,19,-0.00030142857142854095
2024-01-24,1,5,-0.003943975461221471
2024-01-24,1,34,0.0005483678384011984
2024-01-24,1,5,-0.003770290646804097
2024-01-24,1,10,-0.00352179605751699
2024-01-24,1,5,-0.0019578957842579566
2024-01-24,1,5,0.0007060214883797492
2024-01-24,1,5,-0.003178005858494792
2024-01-24,1,6,0.0032788857209934638
2024-01-24,1,5,-0.0018511478990993254
2024-01-24,1,5,0.0011130331040315692
2024-01-24,1,5,0.0012207066915698398
2024-01-24,-1,5,0.003162634651231256
2024-01-24,1,5,-7.005840027605136e-05
2024-01-24,1,5,0.00048535216220693157
2024-01-24,1,5,-0.0007475299939675213
2024-01-24,1,5,-0.0022388826364770683
2024-01-24,1,5,-0.0004098221280464993
2024-01-24,1,5,0.00010462702422833238
2024-01-24,1,5,-0.004111901597583878
2024-01-24,1,5,-0.003679146614437556
2024-01-24,1,5,-0.003351221854840136
2024-01-24,1,5,0.005400814712596036
2024-01-24,1,5,-0.0007692222043141679
2024-01-24,1,5,0.002064721315591234
2024-01-24,1,5,-0.003413177479166118
2024-01-24,1,5,0.003215525634073036
2024-01-24,1,5,-0.0041802064271367675
2024-01-24,1,5,-0.0025012792737559627
2024-01-24,1,5,-0.005606737473377454
2024-01-24,1,5,-0.00034195486294539233
2024-01-24,1,5,0.003374116289791252
2024-01-24,1,6,-0.007742248001155061
2024-01-24,1,5,0.005244957242408166
2024-01-24,1,5,0.00019796106951388594
2024-01-24,-1,5,0.00018219243526898
2024-01-24,-1,5,-0.006733805072228849
2024-01-27,-1,18,-0.004495324332198658
2024-01-27,-1,5,-0.004359177660510171
2024-01-27,-1,5,0.0004439181706092036
2024-01-27,-1,5,0.0009646291804532806
2024-01-27,-1,6,-0.0017168253964761956
2024-01-27,-1,5,-0.0006565576775964028
2024-01-27,-1,6,-0.0007885095276820348
2024-01-27,-1,8,-0.0023589543560614597
2024-01-27,-1,5,-0.00045894838618929467
2024-01-27,-1,5,0.001956332207326073
2024-01-27,1,6,-0.0021858998380857916
2024-01-27,1,5,-0.0007472972465719425
2024-01-27,1,5,-0.0031601032855133934
2024-01-27,1,5,-0.0013975531914892422
2024-01-27,1,5,-0.0012158819550705854
2024-01-27,1,5,0.0025895539702040175
2024-01-27,-1,5,-0.0011711728700055431
2024-01-27,-1,5,-0.0012239511154970902
2024-01-27,-1,5,-0.0010345160395063054
2024-01-27,-1,6,-0.0015586185992431997
2024-01-27,-1,5,0.0005104022219483365
2024-01-27,-1,6,-0.0029504897815363137
2024-01-27,-1,5,0.00048639066442748326
2024-01-27,-1,5,-2.2377412796070295e-05
2024-01-27,-1,5,-0.0009377015615989799
2024-01-27,-1,5,-0.00038742513889253826
2024-01-30,1,5,0.003185858605579429
2024-01-30,1,5,-0.00033640363831053354
2024-01-30,-1,5,0.0042947816011900345
2024-01-30,1,5,-0.0013955413609477493
2024-01-30,1,5,-0.0019508255257132175
2024-01-30,1,5,-1.0299739357044302e-05
2024-01-30,-1,5,0.0007117897325425119
2024-01-30,-1,6,0.0018362273568747426
2024-01-30,-1,5,-0.0016282839745363816
2024-01-30,1,5,-0.0034626233426341187
2024-01-30,1,5,-0.001738394648249075
2024-01-30,1,5,-0.0016695816233025292
2024-01-30,1,283,0.0032483284914696328
2024-01-30,-1,15,-0.0014507711336596337
2024-01-30,-1,5,-0.009177020694424476
2024-01-30,-1,5,-0.006838910959223154
2024-01-30,-1,5,0.0035252142526413185
2024-01-30,-1,5,0.0003792989006911277
2024-01-30,-1,5,-0.0016359734513274656
2024-01-30,-1,5,-0.00031323436262862224
2024-01-30,-1,5,-0.002381504316101157
2024-01-30,-1,5,-0.0023039197102399985
2024-01-30,-1,5,0.0034993068753728326
2024-01-30,-1,5,-0.003007380922317981
2024-01-30,1,5,-0.003954519249008226
2024-01-30,1,5,-0.010184309820357318
2024-02-02,-1,5,-0.003547187818558095
2024-02-02,-1,5,0.002286514732567158
2024-02-02,1,5,-0.011411424756179267
2024-02-02,1,5,-0.004069392365052415
2024-02-02,1,5,0.0008725296629449545
2024-02-02,-1,5,-0.004297189746876961
2024-02-02,1,5,-0.001269795371851878
2024-02-02,1,5,-0.005287045028713444
2024-02-02,-1,5,-0.001065985928925017
2024-02-02,-1,5,3.456904358514247e-05
2024-02-05,1,5,-0.003315568707101901
2024-02-05,1,5,-0.0020396163465715485
2024-02-05,1,5,0.000744013347153372
2024-02-05,1,5,-0.00012663803239552028
2024-02-05,1,5,0.0009553281620557023
2024-02-05,1,7,0.0003219768663410786
2024-02-05,-1,5,-0.005362383763369926
2024-02-05,-1,5,0.0005223463811122823
2024-02-05,-1,5,0.0006076197853341018
2024-02-05,-1,5,-0.002500807343691491
2024-02-05,-1,5,-0.0009045974522736473
2024-02-05,-1,5,-0.002529911106463034
2024-02-05,-1,5,-0.005452220650821271
2024-02-05,-1,5,-0.004009799629432464
2024-02-05,-1,5,0.0006203352542065946
2024-02-05,-1,12,-0.0021585542342948735
2024-02-05,-1,5,0.0009518235228168862
2024-02-05,-1,5,-0.005603573149303464
2024-02-05,-1,5,0.0006430415063222398
2024-02-05,-1,5,-0.0020519085587623383
2024-02-05,-1,5,-0.00202521242286755
2024-02-05,-1,5,-0.001870235933416042
2024-02-05,-1,5,-0.0004475688798749373
2024-02-05,-1,5,-0.0020943111383529885
2024-02-05,-1,5,-0.002102266115304374
2024-02-05,-1,6,0.00035504208356576007
2024-02-05,-1,6,0.004788605588393358
2024-02-05,1,5,-0.005720491093443169
2024-02-05,1,8,-0.0038362438666423634
2024-02-05,1,91,0.0022925628265630053
2024-02-05,1,5,0.0009190712124839354
2024-02-05,-1,5,-0.0003869780851007749
2024-02-05,-1,5,-0.004209129842312009
2024-02-05,-1,5,-0.0003328997137155061
2024-02-05,1,5,-0.00476747787071694
2024-02-05,1,5,0.00016137554585151682
2024-02-05,1,5,-7.760573417168136e-05
2024-02-05,1,6,0.0013699552890146464
2024-02-05,1,5,0.0014185075442815446
2024-02-05,1,5,0.0022101870463428156
2024-02-08,1,5,0.001972176917048341
2024-02-08,-1,5,-0.0027019719113577697
2024-02-08,1,5,-0.0015831218056516546
2024-02-08,1,5,-0.0018100645072176343
2024-02-08,1,5,-0.0020332829241324953
2024-02-08,1,5,-0.0011586753138972169
2024-02-08,1,5,-0.0019062621944671895
2024-02-08,1,6,-0.00010948600910429772
2024-02-08,1,5,-0.00012647793990137
2024-02-08,1,5,-0.0032113826279081877
2024-02-08,1,5,-0.00010545021044237001
2024-02-08,1,5,0.00047974027179944513
2024-02-08,1,5,0.000708727312915514
2024-02-08,1,5,-0.0017653983853260554
2024-02-08,1,5,-0.0002458473393115219
2024-02-08,1,5,-0.0025005063045507644
2024-02-08,1,5,-0.0003070770801810503
2024-02-08,1,123,-6.326443547863779e-05
2024-02-08,1,5,0.007264616805266045
2024-02-08,-1,5,0.004408469900040202
2024-02-08,1,5,-0.002554681234864775
2024-02-08,1,5,0.0009536233214381355
2024-02-11,-1,5,-0.001916337948234403
2024-02-11,-1,5,-0.0014283287694746068
2024-02-11,-1,5,-0.0018509709589914266
2024-02-11,-1,13,0.0001307145419684689
2024-02-11,-1,5,6.300542145867328e-05
2024-02-11,-1,5,-0.003039636360017672
2024-02-11,-1,5,-0.005019142917822661
2024-02-11,1,5,0.00010041166394394486
2024-02-11,1,5,-0.003319664241081965
2024-02-11,1,5,0.003972792091963129
2024-02-11,1,6,-0.001729678764875819
2024-02-11,1,5,-0.001421957210776625
2024-02-11,1,5,-0.0020963042788657345
2024-02-11,1,5,-0.0016707122596220977
2024-02-11,1,5,0.0004402186065081363
2024-02-11,1,5,0.001759802879986028
2024-02-11,-1,5,0.001333588478265169
2024-02-11,1,5,-7.777247509874695e-05
2024-02-11,1,5,-0.002117388757282712
2024-02-11,1,5,0.00011234882249535651
2024-02-11,1,5,4.296326517541128e-05
2024-02-11,1,5,-0.0010570276320839064
2024-02-14,-1,5,0.0019471294589406222
2024-02-14,1,5,0.0014875897684206944
2024-02-14,-1,5,-0.011321910005896418
2024-02-14,-1,5,-0.006989442296214099
2024-02-14,-1,5,-0.00022075591952272998
2024-02-14,1,5,-0.005465502149312606
2024-02-14,1,5,0.005686680374310216
2024-02-14,-1,5,-0.004666091005256367
2024-02-14,-1,12,0.002129773818549419
2024-02-14,1,5,0.0024546793370826773
2024-02-14,1,5,0.0007190519489995943
2024-02-14,1,5,-9.471478590703474e-05
2024-02-14,1,6,-0.0011451101205125266
2024-02-14,1,5,0.0015502809776694274
2024-02-14,-1,5,0.0016489501745742489
2024-02-14,-1,5,-0.003368625282953319
2024-02-14,-1,5,0.00045857450504907006
2024-02-14,-1,5,-0.00010608577632995563
2024-02-14,-1,5,-0.00261913067889572
2024-02-14,-1,5,-0.004565270168638591
2024-02-17,1,5,-0.0036622136082606668
2024-02-17,1,5,0.001581298792970776
2024-02-17,1,6,-0.00020841673838143347
2024-02-17,1,5,-0.010793860693791712
2024-02-17,1,5,-0.0011885843893433053
2024-02-17,-1,5,0.0019840138077824813
2024-02-17,1,5,0.006076892571161308
2024-02-17,-1,6,-0.00391192568918739
2024-02-17,-1,5,-0.0019331947885209196
2024-02-17,-1,5,-0.0016797292627562573
2024-02-17,-1,5,-0.00159960447887828
2024-02-17,-1,5,-0.002072058662211473
2024-02-17,-1,5,-0.0010365717254368963
2024-02-17,-1,5,-0.0017711529487170804
2024-02-17,-1,5,0.000843026369974598
2024-02-20,1,5,0.00011239071459825424
2024-02-20,1,6,-0.007181865231794848
2024-02-20,1,5,-0.006738121253531215
2024-02-20,1,5,0.0027152362785273446
2024-02-20,1,57,-0.00196064572160024
2024-02-20,1,14,-0.0007213989450970177
2024-02-20,1,271,-0.0009337577401501202
2024-02-20,1,5,-0.0008480081072375962
2024-02-20,1,17,0.0012633281522584031
2024-02-20,1,5,0.001159006402144858
2024-02-20,-1,5,0.0006556414740253261
2024-02-20,-1,5,-0.0016705896612937195
2024-02-20,-1,5,2.2603110958164152e-05
2024-02-20,-1,5,0.0034469329519030375
2024-02-20,1,5,-0.00036136289490715744
2024-02-20,1,5,-0.007824941881583647
2024-02-20,1,5,-0.009720047570494472
2024-02-20,1,9,0.007356362549635254
2024-02-20,1,5,0.001680228330339784
2024-02-20,1,5,-0.0027010469761886476
2024-02-20,-1,5,-0.002002916425748546
2024-02-20,1,10,0.011518595390769404
2024-02-20,-1,5,-0.01144001086120614
2024-02-20,-1,5,0.01199341312174953
2024-02-20,1,5,-0.008041604318595552
2024-02-20,1,5,-0.003782074476621799
2024-02-20,1,5,-0.0003660306569642553
2024-02-20,-1,5,-2.762387260277731e-05
2024-02-20,1,5,-0.004090586234082294
2024-02-20,1,5,-0.0030150162488792095
2024-02-20,-1,5,-0.0017528571012336066
2024-02-20,-1,5,-0.005495640156020309
2024-02-20,-1,5,-0.0082602752684505
2024-02-20,-1,5,-0.010307733793019613
2024-02-20,-1,5,0.0022443143795888524
2024-02-20,-1,33,-0.002578700502336639
2024-02-20,-1,5,-0.0050262266160384424
2024-02-20,-1,5,-0.0009178805041534006
2024-02-20,-1,5,-0.0010515097619685273
2024-02-20,-1,5,-0.00987857166253323
2024-02-20,1,5,-0.0029089965972321826
2024-02-23,1,5,0.004196328023035179
2024-02-23,1,5,0.0009109062369191626
2024-02-23,1,5,-0.0016504953130908936
2024-02-23,1,5,-0.0009407027896995763
2024-02-23,1,5,-0.011997938741499214
2024-02-23,1,5,0.002944794449979549
2024-02-23,1,5,-0.0012878617869660266
2024-02-23,1,9,-0.0008106445200822594
2024-02-23,1,5,-0.0010271484324756216
2024-02-23,1,5,-0.0010205425378454255
2024-02-23,1,9,-0.009951513165217007
2024-02-23,1,14,-0.0019546985269625946
2024-02-23,1,5,-0.00843423891282955
2024-02-23,1,6,0.0026216231324148968
2024-02-23,1,5,-0.003925912820199029
2024-02-23,1,7,-0.0011766496129214984
2024-02-23,1,5,0.001640612987943291
2024-02-23,1,6,4.623400023153802e-05
2024-02-23,-1,5,0.002278791604410713
2024-02-23,1,5,-0.001732301240965439
2024-02-23,1,5,-0.0030528136820194614
2024-02-23,1,5,0.00889616892314673
2024-02-23,1,5,0.0014693707093821565
2024-02-23,1,5,-0.00012692185563176704
2024-02-23,-1,6,-0.0003797164107272928
2024-02-23,-1,6,0.00018404447881905685
2024-02-23,1,5,0.003316122080784157
2024-02-23,1,5,-0.0035562127408891083
2024-02-23,1,5,-0.0025245910355204734
2024-02-23,1,5,-0.006725223237316813
2024-02-23,1,5,0.00594548435555633
2024-02-26,1,5,0.005679574493728046
2024-02-26,1,5,-0.000963541823395841
2024-02-26,1,5,-0.0022026135756451955
2024-02-26,1,5,-0.0016665348619560923
2024-02-26,1,5,0.0008555756611300595
2024-02-26,1,5,0.0008452540165563519
2024-02-26,1,5,-0.001021374513524664
2024-02-26,1,5,-0.002454245867934501
2024-02-26,1,39,-0.005286946857106045
2024-02-26,1,5,0.002981426463736581
2024-02-26,1,5,-0.014576505939224748
2024-02-26,1,6,0.001426362963303474
2024-02-26,1,5,0.0004861964686547985
2024-02-26,1,5,-0.004709593730885397
2024-02-26,1,5,0.006483011730513822
2024-02-26,1,5,0.0016486794573554956
2024-02-26,1,5,0.000805661884577891
2024-02-26,1,5,0.007687386644147054
2024-02-26,-1,5,-0.0070467036748390385
2024-02-26,-1,57,-0.009825753278292026
2024-02-26,-1,5,-0.006172755413284303
2024-02-26,-1,5,0.0005293543825085848
2024-02-26,-1,5,-0.004377267926061501
2024-02-26,-1,5,0.001442847306403228
2024-02-26,1,5,-0.005239291438968374
2024-02-26,1,5,-0.0020700050320395565
2024-02-26,-1,5,-0.005237596685082923
2024-02-26,-1,5,-0.000620711087071379
2024-02-26,-1,5,-0.0022075462221301297
2024-02-26,1,5,-0.0008037337402520879
2024-02-26,1,5,-0.0015234311035884126
2024-02-29,1,5,0.011624677388880978
2024-02-29,1,5,0.0034558738226243787
2024-02-29,1,5,-0.008304976821000154
2024-02-29,1,5,-0.0055894881060404075
2024-02-29,1,6,-0.0051674450823032455
2024-02-29,1,5,0.004577336228422846
2024-02-29,1,5,-0.002392788545120905
2024-02-29,1,5,0.005355426582055367
2024-02-29,-1,5,-0.006870705330241344
2024-02-29,-1,5,-0.002133607979347118
2024-02-29,-1,5,0.003666648669096962
2024-02-29,-1,5,0.005350992415497769
2024-02-29,1,5,0.006623710718395204
2024-02-29,1,5,0.0007794021712469682
2024-02-29,-1,5,-0.008117161090806046
2024-02-29,1,5,0.004982488881958203
2024-02-29,-1,5,0.0077697157831513545
2024-02-29,-1,6,0.004799618583465915
2024-02-29,1,38,-0.012167291788153655
2024-02-29,1,5,0.007634833822951626
2024-02-29,1,5,-0.010958495992366956
2024-02-29,1,60,-0.0012413177032244201
2024-02-29,-1,5,0.015186568693315496
2024-02-29,1,5,0.005597493447786839
2024-02-29,-1,5,0.011253974053015559
2024-02-29,1,5,0.009972475799208258
2024-02-29,-1,5,-0.00470033623273367
2024-03-03,1,5,0.001408649702454046
2024-03-03,-1,5,-0.002109963646532353
2024-03-03,-1,5,0.00029231075900184623
2024-03-03,1,121,-0.005091024166545366
2024-03-03,1,5,-0.0002824751120361397
2024-03-03,1,5,0.0003186744219968677
2024-03-03,1,5,0.0015310323780505456
2024-03-03,1,5,-0.0021580652030124044
2024-03-03,-1,5,0.001873497339383268
2024-03-03,1,5,-0.005504352779114074
2024-03-03,1,5,0.00030182014683690674
2024-03-03,1,6,-0.0013217037601031874
2024-03-03,1,5,-0.006527157907533198
2024-03-03,-1,5,-0.002162785565475866
2024-03-03,-1,6,0.0027058572817836527
2024-03-03,-1,18,-0.001360452591522598
2024-03-03,-1,5,-0.0031676614208858474
2024-03-03,-1,6,-0.006679273306532263
2024-03-03,-1,5,-0.0030182875930434335
2024-03-03,-1,5,0.0017108197875335355
2024-03-03,-1,6,-0.001002947282481936
2024-03-03,-1,5,-0.010753762915695386
2024-03-03,-1,5,-0.0003361767890256213
2024-03-03,-1,5,-0.00022080123672616424
2024-03-03,-1,5,-0.00211444261462943
2024-03-03,-1,5,-0.002168510911794907
2024-03-03,-1,15,0.0004547616039644268
2024-03-03,-1,5,-0.0005000602347166922
2024-03-03,-1,5,-0.0028279010426720316
2024-03-03,-1,5,0.0009428836618001982
2024-03-03,-1,5,-0.0011424278434365217
2024-03-03,-1,5,-0.0019456869448802646
2024-03-03,-1,16,-0.0063567985611511
2024-03-03,-1,5,0.004100886060717257
2024-03-03,-1,5,-0.0039264835821325225
2024-03-06,-1,68,-0.009699555563984363
2024-03-06,-1,5,0.010778013491996941
2024-03-06,1,5,0.0005715978657362623
2024-03-06,-1,5,-9.990677478008924e-05
2024-03-06,-1,5,0.0070650039295175
2024-03-06,-1,5,-0.005999056569286098
2024-03-06,-1,5,-0.00553451658532742
2024-03-06,-1,5,-0.019705250436579422
2024-03-06,-1,5,-0.02149148929764064
2024-03-06,1,5,0.004578864067363542
2024-03-06,1,5,-0.001737082712537896
2024-03-06,1,5,-0.006769707677204506
2024-03-06,1,5,0.0005405777096113788
2024-03-06,-1,5,-0.02166257074371045
2024-03-06,-1,5,0.0021244605787567265
2024-03-06,1,5,-0.004668652312849497
2024-03-06,-1,5,-0.00032408222832178656
2024-03-06,-1,5,0.005020574272587975
2024-03-06,1,5,0.003884618120524453
2024-03-06,-1,5,-0.003169117628708395
2024-03-06,1,5,-0.015605738030394311
2024-03-06,1,5,0.0016791186483170687
2024-03-06,-1,5,0.004845000000000011
2024-03-06,-1,5,0.004890934693493132
2024-03-06,-1,5,-0.011924678994384852
2024-03-06,-1,5,0.003541320238687274
2024-03-06,-1,5,-0.00585973984891539
2024-03-06,-1,5,0.005472506063316196
2024-03-06,-1,5,-0.005617787092135762
2024-03-06,1,5,-0.0029840271858696307
2024-03-06,1,5,0.001714277992338831
2024-03-09,1,5,0.004368503093495147
2024-03-09,1,5,0.0010862837865383227
2024-03-09,-1,5,-0.001105
2024-03-09,1,5,-0.0011964831709083464
2024-03-09,1,5,-0.0001087309260220155
2024-03-09,1,5,-0.0009259164472893206
2024-03-09,1,5,0.001594252140852426
2024-03-09,-1,5,-0.0006079250946354526
2024-03-09,1,5,0.0003082776541124769
2024-03-09,1,5,-0.004496567190942246
2024-03-09,1,5,-0.0029998061230260605
2024-03-09,1,5,0.002323468394209627
2024-03-09,1,5,0.001050466567091091
2024-03-09,1,5,0.0006316739221043036
2024-03-09,1,41,-0.0005625612364520189
2024-03-09,1,5,0.002320062612818719
2024-03-12,-1,5,-0.002675016607831848
2024-03-12,1,5,-0.0009993361731511548
2024-03-12,1,5,-0.001997082643324632
2024-03-12,1,5,-0.002730879655254181
2024-03-12,1,5,0.002655162601625927
2024-03-12,1,5,-4.3000519859814445e-05
2024-03-12,1,5,-0.0005505047515786727
2024-03-12,1,5,-0.0070198596922985464
2024-03-12,1,5,0.0030881283581195803
2024-03-12,1,5,-0.008381974885986665
2024-03-12,1,5,-0.006233064155781265
2024-03-12,1,5,0.004402456654508802
2024-03-12,-1,5,-0.00033576350444295365
2024-03-12,1,302,0.00901270962951064
2024-03-12,1,5,-0.0014469383662335297
2024-03-12,1,25,-0.0038532187701846073
2024-03-12,1,5,-0.0019203832301180942
2024-03-12,1,5,-0.015430175210804453
2024-03-12,1,5,-0.008788849884308591
2024-03-12,1,5,0.00865290513833985
2024-03-12,-1,5,-0.006341202415532798
2024-03-12,-1,9,-0.0032168606524366258
2024-03-12,-1,5,0.008406853968765083
2024-03-15,-1,5,-0.00831498139027973
2024-03-15,-1,5,0.003358455458434074
2024-03-15,1,5,-0.027499727309212883
2024-03-15,-1,5,0.020337115622074766
2024-03-15,-1,5,-0.01493386776145198
2024-03-15,-1,5,0.00705529124307982
2024-03-15,-1,5,-0.012202723208444155
2024-03-15,-1,18,0.008850406671765088
2024-03-15,1,5,0.007562126225072819
2024-03-15,-1,5,-0.01348882560459339
2024-03-15,-1,5,0.0006975812964164167
2024-03-15,-1,5,-0.002858189312472703
2024-03-15,1,5,-0.01318374559345945
2024-03-15,1,5,0.010179920192231151
2024-03-15,-1,5,-0.002972297060364148
2024-03-15,-1,5,0.0036190131926049592
2024-03-15,1,5,0.013497858385017958
2024-03-15,-1,5,-0.002709715102182075
2024-03-15,1,5,-0.0007780242286344658
2024-03-15,-1,5,0.0041077344654053775
2024-03-15,-1,5,-0.0001590154483857904
2024-03-15,-1,5,-0.0017103822518066188
2024-03-15,-1,5,0.004625966825382766
2024-03-15,1,8,0.008735135230406277
2024-03-15,-1,5,-0.00246958152833141
2024-03-15,-1,5,-0.004174453809845024
2024-03-15,-1,5,-0.021919579638743112
2024-03-15,-1,5,0.012519042675696835
2024-03-15,-1,5,0.0038213759362557783
2024-03-15,-1,5,0.007482250061376506
2024-03-15,-1,5,-0.004360897020236098
2024-03-15,-1,5,-0.006848995225201193
2024-03-15,-1,5,-0.0019763671478248753
2024-03-15,-1,5,-0.012944711038157397
2024-03-15,-1,5,-0.0054312043997391864
2024-03-18,1,5,-0.005453424005720997
2024-03-18,1,5,-0.01138066418585546
2024-03-18,1,7,0.008936817518453122
2024-03-18,-1,5,-0.004519773976472274
2024-03-18,1,5,0.00930966196974894
2024-03-18,-1,5,-0.001449812366902536
2024-03-18,-1,5,-0.0037503276899676138
2024-03-18,1,5,-0.00941196750013149
2024-03-18,1,5,-0.003386662258062811
2024-03-18,1,5,0.005808924171494612
2024-03-18,1,7,-0.003702656249999969
2024-03-18,1,5,0.0012487682789651625
2024-03-18,1,5,-0.014316932484881395
2024-03-18,1,5,0.0010034251180087942
2024-03-18,1,17,0.003411969270359939
2024-03-18,1,5,-0.007142975689203168
2024-03-18,1,5,0.00795378168278762
2024-03-18,1,5,-6.948261420811573e-05
2024-03-18,1,5,0.0013498162178090748
2024-03-18,1,6,0.002856112211420037
2024-03-18,-1,5,-0.0009081400587156225
2024-03-18,-1,5,0.0011854778332645258
2024-03-18,-1,5,0.0032943049551707134
2024-03-21,-1,5,-0.007345417920617691
2024-03-21,1,5,0.0007684033494181012
2024-03-21,1,5,0.004883449022937159
2024-03-21,1,5,0.004066171425745635
2024-03-21,1,5,-0.0021729082276962016
2024-03-21,1,5,-0.00481266306930026
2024-03-21,1,5,-0.005988970010710392
2024-03-21,1,5,-0.0035849278148474047
2024-03-21,1,5,0.008265770927865646
2024-03-21,-1,5,-0.008599073994831485
2024-03-21,1,5,0.004639212592514897
2024-03-21,1,5,0.0032138353295446905
2024-03-21,1,7,-0.006423294425514236
2024-03-21,1,5,-0.0011840016449271348
2024-03-21,1,8,-0.002033151483349682
2024-03-21,1,5,-0.002440633748330456
2024-03-21,1,5,0.007306928921756573
2024-03-21,1,5,-0.004149170089829823
2024-03-21,1,5,-0.011631584157434238
2024-03-21,1,5,-0.0013713459060056051
2024-03-21,1,5,0.003466667100293553
2024-03-21,1,5,-0.013055745007288433
2024-03-21,1,5,-0.011729108908614316
2024-03-21,1,5,-0.00624411401208822
2024-03-21,1,5,-0.0008892144092285998
2024-03-21,1,5,0.004379663688136715
2024-03-21,1,5,0.014865067796907019
2024-03-21,1,5,0.0006583543940263063
2024-03-21,-1,5,-0.0031379439712647447
2024-03-24,-1,5,-0.0035083509579071134
2024-03-24,-1,5,0.0013771345762832125
2024-03-24,-1,5,-0.00758693696233812
2024-03-24,-1,5,-0.002267225871147893
2024-03-24,-1,5,-0.0023264584392080675
2024-03-24,-1,5,0.0008565651224872409
2024-03-24,-1,5,-0.0036629602482344033
2024-03-24,-1,5,-0.003409506885560498
2024-03-24,-1,5,0.0012508302392254759
2024-03-24,-1,5,-0.0011256391046166932
2024-03-24,-1,25,-0.002434097510373467
2024-03-24,-1,5,0.001909156242096999
2024-03-24,-1,5,-0.0017260247791829105
2024-03-24,-1,5,0.0020302383750826717
2024-03-24,-1,5,0.006901490468604799
2024-03-24,-1,5,-0.005206598465093392
2024-03-24,-1,75,-0.002042342913746697
2024-03-24,-1,5,-0.001040055925703864
2024-03-24,-1,6,-0.006844084226374924
2024-03-24,-1,5,-0.0063582303841204
2024-03-24,-1,5,-0.003657960029945428
2024-03-24,-1,5,0.0011002260356686392
2024-03-24,-1,5,-0.0055636210727588505
2024-03-24,-1,5,-0.002875751724881059
2024-03-24,-1,6,-0.008240169725704493
2024-03-27,1,6,0.007835363142920127
2024-03-27,-1,16,-0.005012882464622814
2024-03-27,-1,5,0.0018985579336403772
2024-03-27,1,5,-0.00023546377117575855
2024-03-27,1,5,0.0028388111430085686
2024-03-27,-1,5,0.0018322312032414082
2024-03-27,1,5,-0.005464469737039823
2024-03-27,1,5,-0.0012028098966847308
2024-03-27,1,5,-0.005341093863803081
2024-03-27,1,243,-0.002713618157767916
2024-03-27,1,5,0.0028396512607992367
2024-03-27,1,5,-0.0022668002318015686
2024-03-27,1,5,0.01897706114337785
2024-03-27,-1,5,0.0248696286706396
2024-03-27,1,8,-0.007475301062557315
2024-03-27,1,5,0.005394924946400393
2024-03-27,1,10,0.00223532779447635
2024-03-27,1,8,-0.013842142695580905
2024-03-27,1,5,0.00693991409692254
2024-03-27,1,5,-0.003048739232931452
2024-03-27,1,5,-0.012686399312558638
2024-03-27,1,5,0.0022281226186852358
2024-03-27,1,5,0.0015344676357133217
2024-03-27,1,5,0.0014725336439739504
2024-03-27,-1,30,-0.0003576285876669467
2024-03-27,-1,6,-0.001423543799772364
2024-03-27,-1,5,-0.0012357286130831643
2024-03-27,-1,5,0.00044301404595095163
2024-03-30,-1,5,0.0005442312591881441
2024-03-30,-1,5,-0.004949536553132771
2024-03-30,-1,5,-0.005928310215748444
2024-03-30,-1,5,0.0018864601802165652
2024-03-30,-1,5,0.0026541228525341024
2024-03-30,1,5,-0.003446867127461206
2024-03-30,1,5,0.0011563840127001516
2024-03-30,1,5,0.001363035512288802
2024-04-02,-1,5,0.006314844020797206
2024-04-02,1,5,0.005780716669879693
2024-04-02,-1,6,0.00019418337045276103
2024-04-02,-1,5,0.002983419572987223
2024-04-02,1,7,-0.03236372656243256
2024-04-02,-1,5,0.00027270084295096843
2024-04-02,-1,5,-0.00269646617167627
2024-04-02,-1,38,-0.0006001099917731563
2024-04-02,-1,80,0.00031196496205090386
2024-04-02,-1,5,0.0002835213585507205
2024-04-02,-1,5,-0.005687831482059735
2024-04-02,-1,5,-0.003002926493099833
2024-04-02,-1,5,-0.00219241903456111
2024-04-02,-1,5,0.004405690799182982
2024-04-02,1,5,-0.0032940949757890078
2024-04-02,1,7,-0.005301321066247122
2024-04-02,-1,5,-0.003804548080088654
2024-04-02,-1,5,-0.00035311581403394364
2024-04-02,-1,5,0.008007979418060885
2024-04-02,1,34,-0.01015031991234614
2024-04-02,1,5,0.00015946784703881924
2024-04-02,-1,5,-0.006226801519608837
2024-04-02,-1,5,0.005657689439499536
2024-04-02,1,5,-0.013102604109315496
2024-04-02,1,5,5.086432965986144e-05
2024-04-02,-1,5,-0.010630288605891191
2024-04-02,-1,6,0.004290379697207381
2024-04-02,-1,5,0.0012436073729279688
2024-04-02,1,5,-0.014531925078914853
2024-04-02,-1,5,-0.004230366013031483
2024-04-02,-1,5,0.0030789852459468755
2024-04-02,1,5,-0.0004931685949093096
2024-04-02,1,5,0.005612183822218864
2024-04-02,1,5,-0.000628951931351462
2024-04-02,-1,11,0.0001720923844964698
2024-04-02,-1,5,-0.0029676750456507413
2024-04-02,-1,5,-0.0019059794486338873
2024-04-02,-1,5,0.003084995131450797
2024-04-02,-1,5,0.006124298196338885
2024-04-02,-1,5,-0.0056872028221229606
2024-04-02,-1,5,-0.003971071319793884
2024-04-02,-1,5,0.0024336349070387623
2024-04-05,1,7,0.0007007924732388652
2024-04-05,1,5,-0.008150465602802392
2024-04-05,1,6,0.006289815651234676
2024-04-05,1,5,-0.00264487357790375
2024-04-05,-1,9,0.00031407035665567164
2024-04-05,-1,5,0.00636740921718062
2024-04-05,1,5,-0.0025178440366971696
2024-04-05,1,5,0.0025970238547629258
2024-04-05,1,5,-0.0067788674464533735
2024-04-05,1,5,-0.0025447760485392875
2024-04-05,1,5,0.007687161354735928
2024-04-05,-1,5,-0.00704449162134888
2024-04-05,-1,5,-0.004584892089737868
2024-04-05,-1,5,-0.0024224195497809294
2024-04-05,-1,5,0.0036942441566570013
2024-04-05,-1,6,0.0023310955372844114
2024-04-05,-1,5,-0.0012043012800838412
2024-04-05,1,5,-0.0009308242566748777
2024-04-05,1,87,0.0017031864347158091
2024-04-05,1,5,-0.00042369682008489516
2024-04-05,1,5,-0.0005907189258443686
2024-04-05,1,5,-0.00429124504027909
2024-04-05,1,5,0.0008149816742723196
2024-04-08,-1,5,0.0028477180732527033
2024-04-08,-1,6,0.0017425609578743066
2024-04-08,-1,5,0.0015934196216979227
2024-04-08,-1,5,-0.010930102132794417
2024-04-08,-1,5,-0.0290281156864157
2024-04-08,1,5,0.005458230889456761
2024-04-08,-1,5,0.0024041585181104
2024-04-08,-1,5,-0.0019784948058748416
2024-04-08,-1,5,0.003134258266553581
2024-04-08,1,5,0.001465186386515516
2024-04-08,1,5,-0.003701911647477329
2024-04-08,1,5,0.001232293210259883
2024-04-08,1,14,-0.0007176331058583503
2024-04-08,-1,5,0.0017103662030075965
2024-04-08,1,5,0.001025063378341207
2024-04-08,-1,68,-0.005527290318421229
2024-04-08,-1,5,0.00020669044105594593
2024-04-08,-1,5,-0.0038843294559634863
2024-04-08,-1,5,-0.007815529191894965
2024-04-08,-1,5,-0.005358899181504206
2024-04-08,1,5,-0.0017464107789487478
2024-04-08,1,5,0.003950803601684117
2024-04-08,-1,5,0.002972873888374217
2024-04-08,1,12,8.03740573970483e-05
2024-04-08,1,5,-0.002285691896283337
2024-04-08,1,5,-0.00015879026136009732
2024-04-08,1,5,0.0011995097900997734
2024-04-11,-1,5,-0.00557231238272613
2024-04-11,-1,5,0.0011126549978439874
2024-04-11,-1,5,-0.006241558309345007
2024-04-11,-1,5,0.0029587908964376023
2024-04-11,-1,5,-0.0006703039647082183
2024-04-11,-1,5,0.0005081249456446949
2024-04-11,-1,5,-0.002700419547674837
2024-04-11,-1,5,-0.0027897785020024376
2024-04-11,-1,5,-0.0026556908257776343
2024-04-11,-1,5,0.0020127210375374908
2024-04-11,-1,6,-0.006564044625390819
2024-04-11,-1,5,0.0025878766789577904
2024-04-11,-1,5,0.0031907306490801765
2024-04-11,1,5,-0.007519348343264598
2024-04-11,-1,5,-0.0012622843729549246
2024-04-11,1,94,-0.0036352420787786107
2024-04-11,1,5,-0.0001812282742575717
2024-04-11,1,5,-0.002400059049546632
2024-04-11,1,5,0.004545041257907912
2024-04-11,-1,5,0.0037291205258065626
2024-04-11,1,5,0.0038778892166268183
2024-04-11,-1,61,-9.41281443809001e-05
2024-04-11,-1,5,-0.0042680316046467045
2024-04-11,-1,5,0.001874736088641438
2024-04-11,-1,5,0.002169873102223741
2024-04-11,-1,5,-0.005142216574557245
2024-04-11,-1,5,-0.00179260939240331
2024-04-11,-1,5,-0.00012054139549131325
2024-04-11,1,5,-0.0001769986294134269
2024-04-11,1,5,0.0017074455713260942
2024-04-11,1,5,0.0027416492079165525
2024-04-14,1,5,-0.01422633169744989
2024-04-14,-1,5,0.014445767501304796
2024-04-14,1,5,0.01201811727033677
2024-04-14,1,5,0.0022859810999310785
2024-04-14,1,5,0.0034525142015397144
2024-04-14,1,5,0.0038349534440799368
2024-04-14,-1,5,-0.0003047848601918974
2024-04-14,1,5,0.0012347627096175543
2024-04-14,-1,5,-0.007427101283973147
2024-04-14,-1,5,0.012201168192816381
2024-04-14,-1,5,0.004991528365791665
2024-04-14,-1,5,-0.0016890079165517765
2024-04-14,-1,5,0.001924555210640078
2024-04-14,-1,5,0.0006157113140834673
2024-04-14,-1,5,-0.001802281903905278
2024-04-14,-1,5,0.00206324211354938
2024-04-14,-1,5,0.002958516082848828
2024-04-14,-1,5,-0.021846158509903766
2024-04-14,-1,5,-0.0004677160345084359
2024-04-17,1,5,0.00013182023580728987
2024-04-17,-1,5,-0.003958313031539351
2024-04-17,-1,7,0.004550450561667052
2024-04-17,-1,5,-0.002289140285034996
2024-04-17,-1,5,-0.0015676229752155987
2024-04-17,-1,5,-0.010184856170939316
2024-04-17,-1,5,-3.593539271795165e-06
2024-04-17,1,5,-0.009582924948358195
2024-04-17,1,5,0.0022438941808075267
2024-04-17,-1,5,-0.0016992831905538793
2024-04-17,-1,5,-0.0006246068566383207
2024-04-17,-1,5,-0.0006987258266867076
2024-04-17,-1,5,-0.002541903051305949
2024-04-17,-1,5,0.004221473874295301
2024-04-17,-1,5,0.003122469766594272
2024-04-17,-1,6,0.0004931213919963321
2024-04-17,1,5,-0.003127780122156176
2024-04-17,1,5,-0.004357809544211255
2024-04-17,1,5,0.0016333685401423107
2024-04-17,1,5,-0.0034178166944513807
2024-04-17,1,5,-0.02251446468082294
2024-04-17,1,5,0.00360968053974955
2024-04-17,1,5,-0.005561418255109673
2024-04-17,1,5,0.0014260864986070047
2024-04-17,-1,5,-0.0025601607445008053
2024-04-17,1,5,0.0019754748670487658
2024-04-17,-1,5,-0.003678279602806844
2024-04-17,-1,5,-0.013724151142178708
2024-04-17,-1,5,0.002296539921949248
2024-04-17,-1,10,-0.001653678487788612
2024-04-17,1,5,0.009675385743023757
2024-04-17,1,5,-0.0018637786004378262
2024-04-17,1,5,0.0034202503614845455
2024-04-17,1,5,-0.002765334410095943
2024-04-20,1,6,-0.003622600194571701
2024-04-20,1,18,1.8695475230945846e-05
2024-04-20,1,5,-0.001370518055227787
2024-04-20,1,5,-0.0010852040957725958
2024-04-20,1,5,0.0014512034935879829
2024-04-20,-1,5,-0.001422033870329775
2024-04-20,-1,5,-0.015664714748445753
2024-04-20,-1,5,0.0017057141593746165
2024-04-20,-1,5,-0.00041165290722042734
2024-04-20,-1,8,-0.009519749041725234
2024-04-20,-1,5,-0.00906718044199537
2024-04-20,-1,5,0.0032370152524766834
2024-04-20,1,5,0.00106355405280425
2024-04-20,1,16,0.004203901788495968
2024-04-20,-1,5,0.0016892221169784397
2024-04-20,-1,5,-0.0009625246007521677
2024-04-20,-1,5,0.000651962954990171
2024-04-20,-1,5,0.002751428066684181
2024-04-20,-1,5,0.003332386886253947
2024-04-20,-1,5,0.0008437247735200385
2024-04-23,-1,6,-0.004042228829166472
2024-04-23,-1,5,-0.0013446655886902633
2024-04-23,-1,5,0.0003757487113442929
2024-04-23,1,5,0.0018506158261210274
2024-04-23,-1,5,0.0018166748446595497
2024-04-23,1,5,-0.003239048223865648
2024-04-23,1,17,-0.0042057363465809235
2024-04-23,1,5,0.0005854364656680214
2024-04-23,1,5,-0.005487041164819328
2024-04-23,1,5,0.0006154707661766515
2024-04-23,1,5,0.000398376306411841
2024-04-23,1,6,-0.003612265729322139
2024-04-23,1,140,-0.006179894863677071
2024-04-23,1,5,-0.0018811712265406118
2024-04-23,1,5,0.0019241784423994716
2024-04-23,1,5,-0.00022008340338928133
2024-04-23,1,5,-0.002563043381524443
2024-04-23,1,21,0.0010980887493915684
2024-04-23,-1,5,0.0010465793976836228
2024-04-23,1,5,-0.0016192977941988703
2024-04-23,1,5,0.005046103468767127
2024-04-23,-1,5,-0.0005989827954150146
2024-04-23,-1,5,-0.0005331494980596925
2024-04-23,-1,5,-0.008598967120808298
2024-04-23,-1,5,-0.016002608156448474
2024-04-23,-1,5,0.004488366549703216
2024-04-23,1,5,-0.002344735852789803
2024-04-23,1,5,0.0024230476689463213
2024-04-23,1,5,-0.0016095658566785739
2024-04-23,1,5,-0.0006159358459262072
2024-04-23,1,5,-0.000789508436306185
2024-04-23,1,5,-0.0032171577407643422
2024-04-23,1,5,-0.003136606209581205
2024-04-23,1,5,-0.005268197335553592
2024-04-23,1,5,-0.0020778779100586228
2024-04-23,1,5,0.0001639244771155738
2024-04-23,1,5,0.0028186740822128357
2024-04-23,1,6,-0.0008591598334509505
2024-04-26,1,5,-0.00242000564026521
2024-04-26,1,5,-0.0007231226271889652
2024-04-26,1,5,-0.0004005142427255577
2024-04-26,-1,5,-0.002197913485602143
2024-04-26,1,5,-0.0029693160350300115
2024-04-26,1,11,-0.0028734790124559147
2024-04-26,1,5,-9.231103926818872e-05
2024-04-26,1,5,0.0019380367782767752
2024-04-26,-1,12,-0.003420374340054799
2024-04-26,1,5,-0.006888752623549687
2024-04-26,1,5,0.0015101080174212637
2024-04-26,1,5,-0.0007244106942395407
2024-04-26,1,5,0.0025435030265627216
2024-04-26,-1,41,0.002254676249379606
2024-04-26,1,5,-0.00318724716369787
2024-04-26,1,5,0.004573413376957403
2024-04-26,-1,5,0.0057820173208327445
2024-04-26,1,5,-0.005175781756251529
2024-04-26,1,5,-0.0019480919354889267
2024-04-26,1,5,-0.002423533252061216
2024-04-26,1,5,0.00046728659987396205
2024-04-26,-1,5,-0.004635647359835548
2024-04-26,-1,5,-0.00219590793436728
2024-04-26,-1,5,-0.002642889596049835
2024-04-26,-1,5,0.0019957801143828616
2024-04-26,-1,5,-0.0026769718063353928
2024-04-26,-1,5,0.001020003573436479
2024-04-26,-1,61,-0.00024268690079585163
2024-04-26,-1,5,-0.0038008381605917126
2024-04-26,-1,5,0.006487559101711083
2024-04-26,1,5,0.0012732012092656845
2024-04-29,1,5,0.000633491674828646
2024-04-29,1,35,-0.00029891282045033617
2024-04-29,1,5,-0.001290993755488223
2024-04-29,1,5,-0.0029750427089689554
2024-04-29,1,5,-0.01217894269119788
2024-04-29,1,5,-0.009841274112209452
2024-04-29,1,5,-0.0024717767161161804
2024-04-29,-1,5,-0.0037415537327142086
2024-04-29,-1,5,0.001911685455891066
2024-04-29,-1,5,-0.0005387645273809745
2024-04-29,1,5,0.0070063058443160745
2024-04-29,-1,5,-6.333333333339252e-05
2024-04-29,-1,6,0.0028679488004268675
2024-04-29,1,5,-0.0020587976622482348
2024-04-29,1,5,0.0010703475346586448
2024-04-29,1,10,0.0007973923929628594
2024-04-29,-1,5,0.0006335532076307219
2024-04-29,1,5,-0.003925560164521924
2024-04-29,-1,5,-0.01065545985464209
2024-04-29,-1,9,0.00045241186464664053
2024-04-29,-1,5,-0.001678228346456789
2024-04-29,-1,5,0.0017962808477661966
2024-04-29,-1,5,0.0030329440653253056
2024-04-29,-1,5,-0.0028358769566777294
2024-04-29,-1,5,0.0015909259468732898
2024-04-29,-1,5,-0.011260844564311511
2024-04-29,-1,188,-0.00834798919784827
2024-04-29,-1,5,0.0021944625617682737
2024-05-02,1,5,-0.006600283495944192
2024-05-02,1,5,0.004179985882571869
2024-05-02,1,5,0.000477739235146624
2024-05-02,1,5,0.00020536936678019514
2024-05-02,1,5,-0.0008864483825471221
2024-05-02,1,5,-0.006806916116961026
2024-05-02,1,5,-0.0010226923683676944
2024-05-02,-1,5,0.0029387240448151223
2024-05-02,-1,5,0.003947219581843875
2024-05-02,1,5,-0.005069603908877873
2024-05-02,1,5,-0.005444856596042968
2024-05-02,1,5,0.008054691953448679
2024-05-02,1,5,0.0025553344000913917
2024-05-02,-1,5,-0.0025316816256134352
2024-05-02,-1,5,0.0007938566813725737
2024-05-02,-1,5,-0.0014604770036278133
2024-05-02,-1,5,0.005459224478547542
2024-05-05,1,5,-0.0015230118072258932
2024-05-05,-1,5,0.009749755784061809
2024-05-05,1,5,0.0030178070175438617
2024-05-05,1,5,-0.00022411393224950292
2024-05-05,1,5,-0.0036612124050723113
2024-05-05,1,5,-0.0024671592169531516
2024-05-05,1,5,0.0011349252059757124
2024-05-05,1,6,0.0003628292652103852
2024-05-05,1,5,-0.0005124582549483665
2024-05-05,-1,5,-0.00022004143070428704
2024-05-05,1,5,0.001976020974520232
2024-05-05,1,5,-0.0018606000484604254
2024-05-05,1,5,-0.00140196615543795
2024-05-05,-1,5,-6.399123711839881e-05
2024-05-05,1,5,0.0008193063546861005
2024-05-05,-1,5,-0.0028770512208700968
2024-05-05,-1,5,0.0008796168455037726
2024-05-05,-1,5,0.0005759489289094647
2024-05-05,-1,5,-0.0010732609206237417
2024-05-05,-1,5,0.0029368397033024077
2024-05-05,1,5,-0.0005270539118328084
2024-05-05,1,5,5.464067112206418e-05
2024-05-05,1,5,-0.0010186999699547169
2024-05-05,1,5,0.003115770921731898
2024-05-08,-1,5,-0.0009492486322046685
2024-05-08,-1,5,-0.0026226970769419374
2024-05-08,-1,5,-0.0022697298620853786
2024-05-08,-1,5,-0.0014586348373280874
2024-05-08,-1,5,-0.002578264867257518
2024-05-08,-1,5,-0.0004845870954117477
2024-05-08,-1,5,-0.002997113222998537
2024-05-08,-1,6,-0.001052237208320794
2024-05-08,-1,5,0.004088888689194348
2024-05-08,-1,5,-0.0017351155432921758
2024-05-08,-1,5,-0.00311616578036209
2024-05-08,-1,5,0.007129928527035334
2024-05-08,1,5,0.005472893472166529
2024-05-08,-1,5,0.004077395108720872
2024-05-08,1,5,-0.0028551108403532584
2024-05-08,1,5,0.0030506706196759222
2024-05-08,1,18,0.0008850397673493497
2024-05-08,1,5,-0.00047870219036769644
2024-05-08,-1,5,-0.0003070321581039921
2024-05-08,1,5,0.002011663762248839
2024-05-08,1,13,0.000722817579127533
2024-05-08,1,5,9.225634328471378e-05
2024-05-08,1,5,0.0008635302085974409
2024-05-08,-1,5,-0.0030452031389357256
2024-05-08,-1,5,-0.0012869601408041827
2024-05-08,-1,5,0.0013927029756830803
2024-05-08,-1,5,-0.0003636879774481012
2024-05-08,-1,6,-0.001105
2024-05-08,-1,5,-0.0014205936482626132
2024-05-08,-1,6,-0.003204047125600828
2024-05-08,-1,18,0.001971882269465786
2024-05-08,-1,5,0.004358337518017308
2024-05-08,1,5,-0.0013188901607183775
2024-05-08,1,5,-0.012483909300540752
2024-05-08,1,5,2.4205610655326126e-05
2024-05-08,1,5,0.0053406659504814605
2024-05-08,-1,5,-0.0004351986179876639
2024-05-08,-1,5,-0.0002393332850535219
2024-05-08,-1,5,0.0006810746720483877
2024-05-11,-1,5,-0.0039179201756526
2024-05-11,-1,5,-0.0015510961440133638
2024-05-11,-1,5,-0.002215973953832861
2024-05-11,-1,5,-0.00164972015430318
2024-05-11,-1,5,0.0026463305928540407
2024-05-11,1,5,-0.0013184839198402184
2024-05-11,1,5,-0.0003538431150270411
2024-05-11,1,5,-0.0010016949263434768
2024-05-11,1,5,0.0010932565551457166
2024-05-11,1,5,0.0018437347309968825
2024-05-11,1,5,-0.0014422576820761531
2024-05-11,1,5,0.0073686706024304275
2024-05-11,-1,5,0.0009117138143191154
2024-05-11,-1,5,0.0023525502931920576
2024-05-11,-1,5,-0.0005117001960618146
2024-05-14,1,5,0.0053426616593796
2024-05-14,1,5,0.0018915403579503835
2024-05-14,1,5,0.00038632044705657655
2024-05-14,1,6,-0.002385431474839694
2024-05-14,1,46,-0.00265935490877498
2024-05-14,1,5,-0.002210743059335862
2024-05-14,1,5,0.0021814601248514535
2024-05-14,1,5,-0.017819928558804852
2024-05-14,-1,5,0.0011019608367260018
2024-05-14,-1,5,0.003991021947873841
2024-05-14,1,5,0.005202095309141308
2024-05-14,1,5,-0.007752377863505777
2024-05-14,1,5,0.003976972919349864
2024-05-14,1,5,0.005205666168182655
2024-05-14,-1,5,0.0010468978639146757
2024-05-14,1,5,-0.000970199763581236
2024-05-14,1,6,-0.0034127668290520937
2024-05-14,1,5,-0.006094926520817867
2024-05-14,1,5,0.0041036055221669535
2024-05-14,-1,5,-0.0006094632956308072
2024-05-14,-1,6,-0.0036158920766636623
2024-05-14,-1,5,-0.0015370087369447113
2024-05-14,-1,5,-0.0018130832015031736
2024-05-14,-1,5,0.0008175193632559367
2024-05-14,-1,5,-0.001706501680056238
2024-05-14,-1,5,0.0015712990410216236
2024-05-14,1,5,-0.0005216808445628103
2024-05-17,-1,5,0.0024038195110705155
2024-05-17,1,5,0.0020819013931216105
2024-05-17,1,5,-0.00132886389075435
2024-05-17,1,5,-0.0018048067038764822
2024-05-17,1,5,0.0008391102296906542
2024-05-17,-1,5,-0.020436527258128032
2024-05-17,1,5,-0.0003633567304127445
2024-05-17,-1,5,0.0031894805418662083
2024-05-17,-1,5,5.662799523467089e-05
2024-05-17,-1,5,-0.0015542852730233477
2024-05-17,-1,5,-0.00225397747607956
2024-05-17,-1,5,-0.001916201171295295
2024-05-17,-1,5,0.00044674629112875265
2024-05-17,-1,5,-0.0011974281536154315
2024-05-17,-1,5,-0.01484872099619725
2024-05-17,-1,5,-0.004095526195639776
2024-05-17,-1,5,0.0038730237668891617
2024-05-17,-1,5,-0.007147798536423089
2024-05-17,-1,5,-0.0029498988061656736
2024-05-17,-1,5,-0.004584977987115968
2024-05-17,-1,5,-0.001523885956687154
2024-05-17,-1,5,0.0008180893125198322
2024-05-17,1,5,-0.004224367583816812
2024-05-17,1,5,-0.0008222561496785459
2024-05-17,1,5,-0.00015374144922461984
2024-05-17,1,5,0.000615282126268735
2024-05-17,-1,5,-0.0008719902912621475
2024-05-20,1,5,0.0020288148733917048
2024-05-20,1,5,0.00025300816763564916
2024-05-20,-1,5,-0.0035363975334966376
2024-05-20,-1,5,-0.002463083514032993
2024-05-20,-1,5,0.0009296110302441599
2024-05-20,-1,5,-0.007776601441812669
2024-05-20,-1,5,0.002129583890241005
2024-05-20,1,5,-0.001040549361133047
2024-05-20,1,5,0.005345203321626269
2024-05-20,1,5,-0.002429850832809532
2024-05-20,1,5,-0.0015913797458504183
2024-05-20,1,5,0.00020388780174887024
2024-05-20,1,6,-0.003682936486372723
2024-05-20,1,5,0.00028751353562097605
2024-05-20,1,6,0.007644084925401274
2024-05-20,-1,5,-0.002418069050095539
2024-05-20,-1,9,-0.002552196536974005
2024-05-20,-1,6,-0.0028573383164121943
2024-05-20,-1,5,-0.0027094657097289417
2024-05-20,-1,5,-0.004146418650004513
2024-05-20,-1,5,-0.0208201272025593
2024-05-20,1,5,0.034736096747791344
2024-05-20,-1,5,-0.0015227024624141269
2024-05-20,-1,5,0.009523674807779292
2024-05-20,1,5,0.02524267241700309
2024-05-20,-1,5,-0.010775801992771372
2024-05-20,1,5,-0.0003560250218222811
2024-05-20,1,5,-0.0022766848332823383
2024-05-23,-1,5,0.0011112166471353383
2024-05-23,-1,5,0.001033816061818649
2024-05-23,-1,5,0.00019122931907036324
2024-05-23,-1,5,0.0010572046624995005
2024-05-23,-1,5,0.003946269340151765
2024-05-23,-1,5,-0.003114503275908875
2024-05-23,-1,5,-0.0030841216964792913
2024-05-23,-1,5,-0.008816588161192662
2024-05-23,-1,5,-8.114727259831377e-05
2024-05-23,1,5,-0.012529792662622307
2024-05-23,-1,5,0.010638637879590318
2024-05-23,1,11,0.013951211981273382
2024-05-23,1,5,-0.0036152837253454525
2024-05-23,1,5,-0.015106964076408857
2024-05-23,1,5,0.013365765777135686
2024-05-23,1,5,0.015598953496630454
2024-05-23,-1,5,0.008699556128300668
2024-05-26,-1,5,-0.0016669758110695373
2024-05-26,-1,5,-0.0007347894327522693
2024-05-26,-1,5,0.003615610670763348
2024-05-26,1,5,0.0019567870773315125
2024-05-26,-1,5,-0.002181658053402291
2024-05-26,-1,5,0.0028983790963573956
2024-05-26,-1,5,-0.0019617247572168758
2024-05-26,-1,5,-0.0012646576939042472
2024-05-26,-1,5,-0.007862726342643045
2024-05-26,-1,5,0.0011011149182920347
2024-05-26,-1,5,-0.0009047138015637386
2024-05-26,1,5,0.004692154987479569
2024-05-26,-1,5,0.0016413511075986879
2024-05-26,1,5,0.002439182293328646
2024-05-26,1,5,0.0028429887380922118
2024-05-26,1,5,0.0008424758927680024
2024-05-26,1,5,-3.874512831822895e-05
2024-05-26,1,5,0.00020802176202274793
2024-05-26,1,5,-0.003596550280430799
2024-05-26,1,5,0.0023161219383724067
2024-05-26,1,5,0.01227008011389299
2024-05-26,-1,50,-0.0005137667752744597
2024-05-26,-1,5,0.006009928695759914
2024-05-26,1,5,0.0004828345840785179
2024-05-26,1,5,0.0007773785995623065
2024-05-26,1,5,-0.003555032571937322
2024-05-26,1,5,-0.0009254223977513738
2024-05-26,1,5,0.002793894401687558
2024-05-26,-1,54,-0.0018738285331164391
2024-05-26,-1,5,-0.002225009104923936
2024-05-26,-1,5,0.0016256452279585169
2024-05-26,-1,5,0.0015132886947881955
2024-05-26,1,5,-0.0011673746010623983
2024-05-26,1,5,-0.0035553435158141907
2024-05-26,1,5,-0.005004442825103461
2024-05-29,1,5,0.0009028702270818204
2024-05-29,1,5,-0.0006971664792017935
2024-05-29,1,5,0.00026482028581678065
2024-05-29,1,5,-0.0007593335655103668
2024-05-29,1,5,0.0012741941422419693
2024-05-29,1,5,-0.0011750789036545136
2024-05-29,1,5,-0.0015488618577305987
2024-05-29,1,5,0.006289368025589459
2024-05-29,1,5,-0.0025470559228770503
2024-05-29,-1,5,-0.0018925215277401982
2024-05-29,1,5,-0.003577414148705804
2024-05-29,-1,5,0.003334402670360138
2024-05-29,1,5,-0.003085120834145338
2024-05-29,1,5,-0.012022428802209583
2024-05-29,1,5,0.002446359027117229
2024-05-29,1,5,-0.0014252797459814778
2024-05-29,1,5,0.002310594644263553
2024-05-29,-1,5,-0.002091598485819945
2024-05-29,1,5,0.0014674939817801661
2024-05-29,1,5,0.004520849463835486
2024-05-29,1,5,-0.005345080443383754
2024-05-29,1,5,0.0012928474768524548
2024-05-29,1,5,-0.002570166715417743
2024-05-29,1,5,-0.004541971654905752
2024-05-29,1,5,-0.0015333874538353328
2024-05-29,1,5,-0.0010783774912011875
2024-05-29,1,5,-0.00020589405180224628
2024-05-29,1,5,-0.0005173559474366036
2024-05-29,1,5,-0.0003223815823799376
2024-05-29,1,5,-0.0018683750219436798
2024-05-29,1,5,0.002121837060702925
2024-05-29,1,5,-0.001752097514666184
2024-05-29,1,17,-0.0017119431097316392
2024-05-29,1,5,-0.0008812243723626873
2024-05-29,1,5,0.009509620328315949
2024-05-29,-1,5,0.00023981612935555265
2024-05-29,-1,5,0.0014302120107318132
2024-05-29,-1,5,-0.002594024067707012
2024-06-01,1,5,-0.0001907045656298396
2024-06-01,1,5,-0.0024023540874612333
2024-06-01,-1,7,-0.0019201322532166106
2024-06-01,1,5,-0.00036138358962953764
2024-06-01,-1,5,-0.002157639931022892
2024-06-01,-1,5,-0.0018735948448679093
2024-06-01,-1,5,-0.0015644993569648765
2024-06-01,1,5,7.566567307195661e-05
2024-06-01,1,6,0.0055544405964151
2024-06-01,-1,5,0.0028653053697527357
2024-06-01,-1,5,-0.0008731086094948321
2024-06-01,-1,5,-0.003074434170474793
2024-06-01,-1,5,-0.001842966533217671
2024-06-01,-1,5,-0.002777760608199875
2024-06-01,-1,5,-0.002375343913395644
2024-06-01,-1,5,5.527697558372247e-06
2024-06-01,-1,5,-0.0009055123682330852
2024-06-01,-1,5,-0.0011915628262500807
2024-06-01,-1,5,0.0007516449795847095
2024-06-01,-1,5,-0.00124704395997508
2024-06-01,-1,5,0.0007325066609616075
2024-06-01,-1,7,-0.0031459394617482147
2024-06-01,-1,5,-0.0026524161292603484
2024-06-01,-1,5,-0.0017691304205723398
2024-06-01,-1,5,0.0012379908787914177
2024-06-04,1,5,-0.005421008249786951
2024-06-04,-1,5,-0.002360039476454112
2024-06-04,-1,5,-0.005895932647316559
2024-06-04,1,5,-0.0012532862348006765
2024-06-04,-1,5,-0.0009646528393820515
2024-06-04,-1,5,-0.004821072943172222
2024-06-04,-1,5,-0.0004752437527123283
2024-06-04,-1,5,-0.001120890040917066
2024-06-04,-1,5,-0.0010943983848437974
2024-06-04,1,5,0.0007416974981772299
2024-06-04,-1,5,-0.0025416178516997952
2024-06-04,1,5,-0.004062848005979535
2024-06-04,1,5,0.0030131057781671807
2024-06-04,1,5,9.553771312189631e-05
2024-06-04,1,5,0.004056712380131744
2024-06-04,-1,5,-0.0021949182561308064
2024-06-04,-1,5,-0.0026390871520201916
2024-06-04,1,61,0.0003785461247977299
2024-06-04,-1,5,-0.002508325855949822
2024-06-04,-1,5,-0.004568328308317415
2024-06-04,-1,5,0.0025830321788642644
2024-06-04,-1,5,-0.0031219010538242383
2024-06-04,-1,5,-0.0005424054710355448
2024-06-04,-1,5,-0.003204306077255614
2024-06-04,-1,5,0.0004980292807811541
2024-06-04,-1,5,0.0013375080259451447
2024-06-04,1,5,-0.0019313614568173595
2024-06-04,1,5,0.0012079000816628497
2024-06-04,-1,5,8.104040934133784e-05
2024-06-04,-1,5,-0.0032554642271983344
2024-06-04,-1,5,-0.0011364349257743985
2024-06-04,-1,13,0.00011187292444661025
2024-06-04,-1,5,-0.0007487197751243397
2024-06-07,1,5,-0.001823547171048245
2024-06-07,1,5,-0.00017956580836151436
2024-06-07,1,5,-0.0003593762580754496
2024-06-07,1,5,-0.0023604648102911515
2024-06-07,1,5,-0.0004268200457376632
2024-06-07,1,5,-0.0016200724386314699
2024-06-07,1,21,-0.00033202773761007397
2024-06-07,1,5,-0.0062110828185577335
2024-06-07,1,5,-0.0031498491229370092
2024-06-07,1,5,-0.033917591050437325
2024-06-07,1,5,-0.0003906052178087367
2024-06-07,1,5,0.006139500530118714
2024-06-07,-1,55,-0.0029760923009019887
2024-06-07,1,5,-0.001387508128899739
2024-06-10,-1,5,3.711656069018733e-05
2024-06-10,1,5,-0.0016514924383843384
2024-06-10,1,5,-0.0006109637236218819
2024-06-10,1,5,1.808648037173778e-05
2024-06-10,1,5,-0.002232009947560098
2024-06-10,1,5,-0.004082315304488193
2024-06-10,1,5,-0.0015651857625604611
2024-06-10,1,5,-0.0032391953701861095
2024-06-10,1,5,0.0017627320063472677
2024-06-10,1,7,-0.0003285326811007567
2024-06-10,1,5,-0.0001620845380939424
2024-06-10,-1,6,-0.0014941728308376142
2024-06-10,-1,5,-0.0009771422431146034
2024-06-10,-1,5,-0.001529264675886299
2024-06-10,-1,5,0.00013176256333316018
2024-06-10,-1,5,-0.0017112665669814838
2024-06-10,-1,5,0.0017179016385871163
2024-06-10,-1,5,-0.001143101458741613
2024-06-10,-1,5,-0.00036746462007406454
2024-06-10,-1,5,-0.0026008741072350624
2024-06-10,-1,5,-0.004657826926574104
2024-06-10,-1,5,-0.0016274052294658944
2024-06-10,1,6,-0.000855522682098186
2024-06-10,1,5,-0.003829209815864187
2024-06-13,-1,5,-0.0045019306405960965
2024-06-13,1,5,-0.0036283909838390246
2024-06-13,1,5,-0.004318068181818213
2024-06-13,1,5,-0.007390567949009807
2024-06-13,-1,6,-0.0026193175732132975
2024-06-13,1,5,-0.0016293838489774611
2024-06-13,1,5,-0.007294838847303064
2024-06-13,1,5,0.0009045597628719818
2024-06-13,1,5,0.0018805287974347443
2024-06-13,-1,5,0.0010403113692956326
2024-06-13,-1,5,0.004195097011974314
2024-06-13,1,5,0.008350119013478619
2024-06-13,-1,5,0.004146396012691978
2024-06-13,1,5,0.007708489367922367
2024-06-13,-1,5,0.004040051194539341
2024-06-13,1,5,-0.01374178140489588
2024-06-13,1,5,0.002113037258429618
2024-06-13,-1,5,-0.00337025139082967
2024-06-13,-1,5,-0.0014484799425032776
2024-06-13,-1,5,-0.0024692564802183178
2024-06-13,-1,5,-0.0010906042196911821
2024-06-13,-1,5,-0.0032759937975713523
2024-06-13,-1,6,-0.0023249672761719072
2024-06-13,-1,5,0.00109383550588984
2024-06-13,-1,5,-0.0003723866388560588
2024-06-13,-1,5,0.0020012063729000443
2024-06-13,-1,5,-0.0033879998560529586
2024-06-13,-1,5,-0.0017285435086823227
2024-06-13,-1,6,0.0015362570086616904
2024-06-13,-1,6,-0.0010416012506845092
2024-06-16,1,5,-0.002766092280410337
2024-06-16,1,5,0.002921531055961957
2024-06-16,-1,15,-0.0020131865331306283
2024-06-16,-1,5,-0.004206155682477375
2024-06-16,-1,5,-0.004690638486224729
2024-06-16,-1,5,0.00043509529687137984
2024-06-16,-1,5,0.0002838117326815718
2024-06-16,-1,5,0.0024108407077190423
2024-06-16,-1,5,-0.0004414170965610693
2024-06-16,-1,6,0.0006018303743648094
2024-06-16,-1,5,0.0010718587817836415
2024-06-19,-1,5,-0.01091414107760289
2024-06-19,-1,5,0.00501896509791846
2024-06-19,-1,5,-0.0024802622922929004
2024-06-19,-1,10,-0.0025785913202359453
2024-06-19,-1,7,-0.006700948736809353
2024-06-19,-1,5,-0.00804087339430457
2024-06-19,-1,5,0.003107980564936464
2024-06-19,-1,5,0.0019730281539967146
2024-06-19,-1,5,0.005399712970420212
2024-06-19,1,5,-0.001785637144148344
2024-06-19,1,5,-0.002534471406334315
2024-06-19,1,5,-0.0007909767396464313
2024-06-19,-1,5,0.0033341748753940256
2024-06-19,1,5,0.004357820734868812
2024-06-19,1,5,-0.0021476258304884196
2024-06-19,1,5,0.0012259295326785494
2024-06-19,1,5,0.0019052775419096338
2024-06-19,1,5,0.00456680086054897
2024-06-19,1,5,-0.0058018295701884656
2024-06-19,1,5,0.00010591225802816275
2024-06-19,1,5,-0.0018177864880474012
2024-06-19,1,5,2.9210154150716605e-05
2024-06-19,1,5,0.0011835946051325322
2024-06-19,1,5,0.005280260009593496
2024-06-19,-1,5,0.0017873157827014378
2024-06-22,1,5,0.0014445604798095871
2024-06-22,1,5,-0.0004975012406663644
2024-06-22,1,5,-0.0015604986420982622
2024-06-22,1,5,-0.0013746291451895761
2024-06-22,1,5,0.0003965834096565594
2024-06-22,-1,8,-0.0013140815876452102
2024-06-22,1,5,0.000758804627396881
2024-06-22,1,5,0.0019727151683305525
2024-06-22,-1,6,-0.0005825369435625611
2024-06-22,-1,5,0.0004715527759610264
2024-06-22,1,5,-0.0023867505049753653
2024-06-22,1,5,-0.0006036046884759556
2024-06-22,1,5,-0.0005403893377432296
2024-06-22,1,5,-0.0001081538150851986
2024-06-25,-1,5,-0.0005795939297687842
2024-06-25,-1,78,0.0010580729977384355
2024-06-25,-1,5,0.0003798453161645513
2024-06-25,-1,6,-0.0010750634654532517
2024-06-25,-1,5,-0.0034227746967280034
2024-06-25,1,5,0.005852923970495994
2024-06-25,-1,5,-0.0018163239813989481
2024-06-25,-1,5,-0.004028249160343255
2024-06-25,-1,5,-0.0002836763098339241
2024-06-25,-1,5,-0.00015596215343180962
2024-06-25,1,5,-0.006977683757455199
2024-06-25,1,5,0.00013879217093673048
2024-06-25,1,5,-0.00286792639856368
2024-06-25,1,5,-0.002008777432915365
2024-06-25,1,5,-0.0008284505050744957
2024-06-25,1,5,-0.005611005032449023
2024-06-25,1,5,0.0032702501209539666
2024-06-25,1,5,0.001779706889988653
2024-06-25,-1,5,0.0006602328954254059
2024-06-25,-1,5,-0.0012263538352251576
2024-06-25,-1,5,0.0005545416221352188
2024-06-25,-1,5,-0.00033531151661201307
2024-06-25,-1,42,-0.008760539234268316
2024-06-25,-1,5,-0.004084807765701947
2024-06-25,-1,5,-0.00023571220134685998
2024-06-25,-1,5,0.0004091220435083146
2024-06-25,-1,5,0.005141369242866145
2024-06-25,1,5,0.00532505028098198
2024-06-25,-1,5,0.002691165608092261
2024-06-25,-1,5,-0.0037368036097512377
2024-06-25,-1,5,-0.0012839444040269928
2024-06-25,-1,5,-0.001447766742837064
2024-06-25,-1,5,-0.0014068235416500926
2024-06-25,-1,5,-0.00010043994165940217
2024-06-25,-1,5,0.00017037183685788583
2024-06-25,-1,5,-0.0026118291966515713
2024-06-25,-1,5,0.0014279295499653125
2024-06-25,1,5,-0.002466293877418679
2024-06-28,1,5,-0.002833189235268962
2024-06-28,1,5,0.00920778529519497
2024-06-28,-1,5,0.002723097200381131
2024-06-28,-1,5,0.002323495697093692
2024-06-28,1,5,-0.0003487566461040976
2024-06-28,-1,5,-0.0022833712419510818
2024-06-28,1,7,0.00037410974994336356
2024-06-28,1,5,-0.003165531378783259
2024-06-28,1,5,-0.0001672142228899882
2024-06-28,1,5,-0.0006768267850017824
2024-06-28,1,5,-0.004150284343552668
2024-06-28,1,5,-0.0040913644246399535
2024-06-28,1,5,-0.0007461933730491306
2024-07-01,-1,5,-0.014799117511074522
2024-07-01,-1,5,-0.004298793936072664
2024-07-01,-1,5,-0.00035473541049177947
2024-07-01,1,5,0.0009390251572326761
2024-07-01,1,43,-0.0037064404906224976
2024-07-01,1,5,-0.0030779731275341945
2024-07-01,1,5,-0.0008754572777954546
2024-07-01,1,5,-0.0016638401344654993
2024-07-01,1,5,-0.0011193188932067995
2024-07-01,1,5,-0.0003815294082182059
2024-07-01,-1,5,0.00035085904298095584
2024-07-01,1,5,-0.003107808536108125
2024-07-01,1,5,0.00013184589880346244
2024-07-01,1,5,9.04693736957455e-05
2024-07-01,1,5,0.0026834922379287644
2024-07-01,-1,5,0.004127005678500795
2024-07-01,1,5,7.699767082503428e-06
2024-07-01,1,5,-0.0006028108594072541
2024-07-01,1,5,-0.003340890807747998
2024-07-01,1,5,-0.0021517147037391823
2024-07-01,1,5,-0.006498965013057889
2024-07-01,1,5,0.0007552024389320348
2024-07-01,1,6,0.00017772624411374095
2024-07-04,-1,5,-0.0019928088393036166
2024-07-04,-1,5,0.0013006260218622282
2024-07-04,-1,5,0.0109131742680735
2024-07-04,1,5,-0.0190208352370381
2024-07-04,-1,5,-0.006820621347876843
2024-07-04,-1,5,-0.0019211365399534937
2024-07-04,1,5,0.002381489080724908
2024-07-04,1,5,-0.004637053773590671
2024-07-04,-1,5,-0.0004121322078355134
2024-07-04,1,5,-4.161273625178329e-05
2024-07-04,1,5,-0.0050074390243902474
2024-07-04,1,12,0.0004086099282762049
2024-07-04,1,5,-0.0021102373179386676
2024-07-04,1,5,0.0045754463026267626
2024-07-04,-1,5,0.006212103967272032
2024-07-04,1,5,0.005118385789404956
2024-07-04,-1,11,-0.0012188426315354658
2024-07-04,1,5,-0.0020440478373250134
2024-07-04,1,7,-0.012065452338155347
2024-07-04,1,5,0.00592838198384551
2024-07-04,-1,17,0.009257396016234454
2024-07-04,1,5,0.005619632438438238
2024-07-04,1,5,-0.0019870944450502744
2024-07-04,-1,5,-1.6778811098068112e-06
2024-07-04,-1,5,0.0001607543482478272
2024-07-04,-1,5,-0.003547368395880523
2024-07-04,-1,5,-0.00036994453672409787
2024-07-04,-1,5,-0.000776714193739569
2024-07-04,-1,5,-0.0037579591800985575
2024-07-04,-1,5,0.00526388047469597
2024-07-04,-1,5,-0.010646625900702178
2024-07-04,-1,5,0.0008413244168925752
2024-07-04,-1,5,0.003064397194442093
2024-07-04,1,5,-0.013296163094170454
2024-07-07,-1,5,0.0015832246625037353
2024-07-07,-1,8,0.0014506439309974976
2024-07-07,-1,5,0.0035237064792083225
2024-07-07,-1,8,-0.0028658467833336584
2024-07-07,-1,5,-0.0003963920537492833
2024-07-07,1,5,-0.005251630656741923
2024-07-07,-1,5,0.0024977222036759675
2024-07-07,-1,40,0.004241686185786487
2024-07-07,1,5,-0.007242815126050494
2024-07-07,1,5,-0.001496312854627346
2024-07-07,-1,5,-0.0018920149263768945
2024-07-07,-1,5,-0.003427716638639699
2024-07-07,-1,6,-0.0013831650490641941
2024-07-07,-1,5,-0.005951765077799908
2024-07-07,-1,5,0.003850242966751983
2024-07-07,-1,5,-0.0010715139703713957
2024-07-07,-1,5,-0.0038289283536484305
2024-07-07,-1,5,-0.00264628538520415
2024-07-07,-1,5,0.010616619059065547
2024-07-07,1,5,-0.002119335948065992
2024-07-07,1,5,-0.006172361722293606
2024-07-07,1,5,-0.00495435815693277
2024-07-10,1,10,-0.00457474415981216
2024-07-10,1,5,0.0030880173559907583
2024-07-10,1,6,-0.0005905663684918401
2024-07-10,-1,5,-0.005614254286575004
2024-07-10,-1,5,-0.002622425923508675
2024-07-10,1,5,0.0012828710484481757
2024-07-10,-1,5,-0.01058467479674805
2024-07-10,-1,5,-0.00031961017416424163
2024-07-10,-1,5,-0.0015448073836275885
2024-07-10,1,5,-0.00479713382861433
2024-07-10,-1,6,-0.0029574255802545576
2024-07-10,-1,5,-0.001369159088200211
2024-07-10,1,17,-0.0060174140730194555
2024-07-10,1,5,0.00048186890321058086
2024-07-10,1,5,-0.0010434541629279256
2024-07-10,-1,5,-0.0007954304306886146
2024-07-10,-1,5,0.0015852593281117325
2024-07-10,-1,5,-0.00344626331472595
2024-07-10,-1,5,0.0035869217905838643
2024-07-10,-1,5,-0.0018307569870167125
2024-07-10,1,5,0.001180872726217608
2024-07-10,-1,5,-0.003764284048792232
2024-07-10,-1,5,-0.004753677194487249
2024-07-10,-1,5,0.004471652669236459
2024-07-10,1,5,-0.007393421228069052
2024-07-10,1,5,-0.00017229664484994477
2024-07-10,1,5,-0.0028897708148091002
2024-07-10,1,5,-0.0019382525918032242
2024-07-10,1,5,0.002939682261271637
2024-07-10,1,5,-0.00035995887760029664
2024-07-10,1,5,-0.002060630958568876
2024-07-10,1,5,-0.0026660910183937455
2024-07-10,1,5,-0.00103395479587407
2024-07-13,1,5,-0.0012270295439948727
2024-07-13,-1,5,9.379228054287071e-05
2024-07-13,-1,5,0.001719233377188623
2024-07-13,-1,5,5.4946143100110157e-05
2024-07-13,-1,5,0.0003642407343044333
2024-07-13,-1,5,-0.0032915889212828727
2024-07-13,-1,5,0.0032945340564644273
2024-07-16,-1,5,0.0028388560234220653
2024-07-16,1,5,0.004372489137468705
2024-07-16,-1,5,-0.00011659934144934113
2024-07-16,-1,5,0.00417875002515391
2024-07-16,1,6,0.001328843446854711
2024-07-16,-1,5,0.0006156098509957578
2024-07-16,1,13,0.0008859769388148923
2024-07-16,1,5,-0.008256015687124951
2024-07-16,1,5,-0.0020851319094194794
2024-07-16,1,6,0.0007856533029185989
2024-07-16,1,5,-0.008951359248228296
2024-07-16,1,5,-0.006998932890277065
2024-07-16,1,5,-0.00020288941851074281
2024-07-16,1,5,0.0050210522185759835
2024-07-16,-1,5,-0.0001440255837330313
2024-07-16,-1,5,-0.0035276293052571624
2024-07-16,-1,5,-0.0038062791351199717
2024-07-16,-1,5,-0.0013919675726642208
2024-07-16,-1,6,0.003852303975792971
2024-07-16,1,5,-0.008949493757530047
2024-07-16,-1,5,3.385161381455105e-05
2024-07-16,-1,5,-0.008022329406277206
2024-07-16,1,5,0.011875135533448456
2024-07-16,-1,5,0.004724521686165462
2024-07-16,1,6,0.0005844432937200054
2024-07-16,-1,5,0.000761501782711416
2024-07-16,-1,6,2.175730803235566e-05
2024-07-16,-1,5,0.0024433191640967026
2024-07-16,-1,5,-0.004390433998029275
2024-07-16,1,5,0.0009991861164181607
2024-07-16,1,5,-0.004565567440624396
2024-07-16,1,5,-0.004461045083451886
2024-07-16,1,5,-0.0007267675674416991
2024-07-16,1,6,-0.00579511238242012
2024-07-16,1,40,0.0020321080078195223
2024-07-16,1,5,0.004921170798898001
2024-07-19,1,5,-0.002255663539523311
2024-07-19,1,5,-0.0033165771511478367
2024-07-19,-1,5,-0.0025341667400325726
2024-07-19,1,5,0.0033981055900621734
2024-07-19,-1,5,-0.0004946259779856406
2024-07-19,-1,5,-0.0027435829324501167
2024-07-19,1,6,-0.004218020508450304
2024-07-19,1,5,-0.005612274305300069
2024-07-19,1,5,0.0018623590504450952
2024-07-19,1,5,-0.002475008308437476
2024-07-19,1,5,0.0026968885468107388
2024-07-19,-1,5,0.004027619509809921
2024-07-19,1,5,0.009421315789473717
2024-07-19,-1,5,-0.010415862381905372
2024-07-19,-1,9,-0.00021712070546051575
2024-07-19,-1,12,0.005129834867758665
2024-07-19,-1,5,-0.010183167802764936
2024-07-19,-1,5,-0.00017618080440326932
2024-07-19,-1,5,0.00016647402212479658
2024-07-19,-1,5,-0.00207634670487109
2024-07-19,-1,5,0.0006954805085858332
2024-07-19,-1,5,-0.0072887027487243735
2024-07-19,1,5,-0.0019494644782864553
2024-07-22,-1,5,-0.002257285224483851
2024-07-22,-1,5,0.0021897256181841133
2024-07-22,1,5,0.0008971609726077471
2024-07-22,-1,5,0.0010431366327957829
2024-07-22,1,5,-0.003428189682771343
2024-07-22,1,5,-0.003694709878664137
2024-07-22,1,5,-0.0019525757343049396
2024-07-22,1,5,-0.0029965636262269998
2024-07-22,1,5,-0.004321524216524186
2024-07-22,1,5,-0.0006355486855363686
2024-07-22,1,5,-0.008130412345594173
2024-07-22,1,5,-0.0014103224031753788
2024-07-22,1,6,0.002015291111924134
2024-07-22,1,5,-3.463809107282455e-05
2024-07-22,1,7,-0.0035058914314597175
2024-07-22,-1,5,-0.004482211166390337
2024-07-22,1,5,9.988840438337511e-05
2024-07-22,-1,5,-0.0011679704897388007
2024-07-22,-1,5,-4.815909740083456e-05
2024-07-22,-1,5,0.003270849194478532
2024-07-22,1,5,-0.0032685506365664804
2024-07-22,1,5,-0.006189178773914094
2024-07-22,1,5,-0.0006146062050774499
2024-07-22,1,5,0.002654856215213464
2024-07-22,-1,5,0.0007092581042157601
2024-07-22,1,5,-0.0003984499333989695
2024-07-22,1,5,0.0010036108367533995
2024-07-22,-1,5,-0.00374280663780655
2024-07-22,-1,5,0.0011435949880229893
2024-07-22,-1,5,-0.0013010405573318003
2024-07-22,-1,9,-0.004736804228457769
2024-07-22,-1,5,-0.001790993111366301
2024-07-22,-1,5,-0.00038518147456698636
2024-07-22,-1,88,0.0030362799223975453
2024-07-22,1,5,-0.002578883987159086
2024-07-22,-1,5,0.002693689668719546
2024-07-22,1,5,-0.0017083812557292296
2024-07-22,1,5,-0.007288425170689816
2024-07-22,1,5,0.0028378634754359314
2024-07-25,1,6,-0.022714308812736592
2024-07-25,-1,5,0.003410915849763186
2024-07-25,-1,5,-0.005565554641002812
2024-07-25,-1,5,-0.0021055614435686373
2024-07-25,-1,5,0.00492283524543915
2024-07-25,-1,5,-0.0011867828664894105
2024-07-25,-1,5,0.0005892427238888501
2024-07-25,1,19,0.0023463939301314966
2024-07-25,1,5,0.007904124011884584
2024-07-25,-1,5,0.004525428271937715
2024-07-25,-1,5,0.008659408745926323
2024-07-25,-1,8,0.0019270048461597303
2024-07-25,-1,5,-0.0012693354212359505
2024-07-25,1,5,-0.005192842264901109
2024-07-25,1,5,-0.0017449742723910418
2024-07-25,1,7,0.013337184673613134
2024-07-25,-1,5,-0.00556939879429561
2024-07-25,-1,5,0.004403455935494871
2024-07-28,1,5,-2.9864063272410746e-05
2024-07-28,1,5,-0.00019603234076135355
2024-07-28,1,5,-0.0023272486288283597
2024-07-28,1,5,-0.008734311412088113
2024-07-28,1,5,0.0014997434405696012
2024-07-28,1,5,0.0024434151863460766
2024-07-28,-1,5,-0.0036941066193488577
2024-07-28,1,5,-0.000719413587330608
2024-07-28,1,5,-0.0024904693927485285
2024-07-28,1,5,0.0011459279335563014
2024-07-28,1,36,-0.0027255922028456055
2024-07-28,1,5,-0.001285348163658195
2024-07-28,1,5,-0.001768775013917789
2024-07-28,1,6,-0.003991524648836875
2024-07-28,1,5,0.0028584586942416394
2024-07-28,1,5,-0.0009390554992164453
2024-07-28,1,5,0.002133254414963615
2024-07-31,-1,5,0.001995987925356735
2024-07-31,-1,5,-0.004495648530260831
2024-07-31,-1,5,0.003402220689361047
2024-07-31,-1,5,-0.0074312016278693434
2024-07-31,1,5,0.0009637557042897708
2024-07-31,1,5,-0.0012934194947319174
2024-07-31,1,5,-0.003480868486541366
2024-07-31,1,5,-0.0026298048158165162
2024-07-31,1,5,0.005371592749032006
2024-07-31,-1,6,-0.006180741716650484
2024-07-31,-1,5,-0.0026734855065905
2024-07-31,-1,5,-0.002906378446115276
2024-07-31,1,5,-0.003138981940888219
2024-07-31,-1,266,-0.0022983605757061817
2024-07-31,-1,6,2.7530120481978238e-05
2024-07-31,-1,7,-0.0017680200563566558
2024-07-31,-1,5,0.0014923947799287077
2024-07-31,-1,5,-0.001346365161352647
2024-07-31,-1,11,0.0002555483220909819
2024-07-31,-1,5,-0.00337305306821376
2024-07-31,-1,5,-0.002111809529120689
2024-07-31,-1,5,-0.0011351017136905558
2024-07-31,-1,5,-0.0007137495636053477
2024-07-31,-1,5,-0.007564046576133609
2024-07-31,-1,5,0.004959303143390237
2024-07-31,1,5,-0.0013698209449293005
2024-07-31,1,5,-0.003565180352927277
2024-07-31,1,7,-0.000179838323462
2024-07-31,1,5,-0.0008842741445361564
2024-07-31,1,5,-0.004351468103148104
2024-07-31,1,5,0.0035855256246181363
2024-07-31,-1,5,0.0051874764786264075
2024-07-31,1,5,0.0033481268959155938
2024-07-31,-1,5,0.001530026229528048
2024-07-31,1,57,-0.01248824604159724
2024-07-31,1,5,-0.006229594379477099
2024-07-31,1,6,-0.005740843132426265
2024-07-31,1,10,0.002229447912022531
2024-07-31,1,5,-0.0048046890161236085
2024-07-31,1,5,-0.0038783755942946915
2024-07-31,1,5,0.004687164600473937
2024-07-31,-1,5,0.0014327423651882224
2024-08-03,1,22,-0.0012053680160589494
2024-08-03,1,6,-0.009285041234905122
2024-08-03,1,5,0.0002767031273339885
2024-08-03,1,5,0.007015776106387728
2024-08-03,1,5,-0.0020765386405880767
2024-08-03,1,5,0.0029449641954792053
2024-08-03,1,5,-0.002476290290054894
2024-08-03,1,5,-0.0014525878081046214
2024-08-03,1,5,0.0011690692005331908
2024-08-03,1,5,0.0005195669503212045
2024-08-03,1,5,0.0025685941115038084
2024-08-03,1,5,-6.702361340015883e-06
2024-08-03,1,5,-0.002707762921856793
2024-08-03,1,5,-0.0008162563036778532
2024-08-03,1,5,-0.00022561355664838477
2024-08-03,1,5,-0.00042125077508345886
2024-08-03,1,7,0.0003208221069367582
2024-08-03,-1,5,-0.0011651073918735651
2024-08-03,-1,5,-0.005074510427047407
2024-08-03,-1,5,0.002334243897499944
2024-08-03,-1,5,-0.0021293448184115157
2024-08-03,-1,5,-0.0006896223885209713
2024-08-03,1,5,-0.009854263642692573
2024-08-03,1,5,-0.011089711755712805
2024-08-03,1,5,0.0011491397156157216
2024-08-03,1,5,-0.007207659844976044
2024-08-03,1,5,-0.000781889338035668
2024-08-03,1,5,0.000998559870550109
2024-08-03,1,5,-0.0033770866761536397
2024-08-03,1,5,-0.007357454475930702
2024-08-03,1,5,0.0034280947128925384
2024-08-03,1,5,0.0038744365156377033
2024-08-03,1,53,-0.006797991020475491
2024-08-03,1,5,0.00857089733626606
2024-08-03,1,5,-0.002032213722763054
2024-08-03,1,5,-0.0012528044169458404
2024-08-03,1,5,-7.984638345925432e-06
2024-08-06,-1,47,-0.025542406370090507
2024-08-06,-1,5,-0.005015590226292143
2024-08-06,1,5,-0.007215685927484871
2024-08-06,-1,7,-0.004460438507424591
2024-08-06,-1,5,0.004977710607914654
2024-08-06,-1,5,0.008742764034253137
2024-08-06,-1,5,-0.004087973726098237
2024-08-06,-1,5,-0.041902705410370535
2024-08-06,-1,5,0.004764425912748749
2024-08-06,-1,5,0.003657074553010809
2024-08-06,-1,5,-0.005271221557525995
2024-08-06,-1,5,0.011400815282958022
2024-08-06,-1,5,-0.003005000000000013
2024-08-06,-1,5,-0.005942278759729724
2024-08-09,-1,5,-0.0019217975541033546
2024-08-09,-1,6,0.001125797734767198
2024-08-09,1,5,0.008724796805878255
2024-08-09,-1,5,0.0006823233534932974
2024-08-09,-1,5,0.0018586185149929383
2024-08-09,1,5,0.0059815280538259245
2024-08-09,-1,5,-0.0034834581775343484
2024-08-09,-1,5,0.0007438268488268122
2024-08-09,-1,5,0.003097587008427572
2024-08-09,1,5,0.0003594642126251383
2024-08-09,1,5,-0.0018215742498480566
2024-08-09,1,6,-0.00232919244605676
2024-08-09,1,5,-0.004776428030159518
2024-08-09,1,5,-0.0007707792091880878
2024-08-09,1,5,-0.0018864663495279151
2024-08-09,1,5,-0.004703612235281684
2024-08-09,-1,23,0.005679891140783622
2024-08-09,1,5,0.0002339602915787612
2024-08-09,-1,5,0.007055532557961786
2024-08-09,1,5,0.0020284622823984137
2024-08-09,-1,5,0.005457614268393663
2024-08-09,1,5,-0.002569720440426226
2024-08-09,1,5,0.0017870807453416408
2024-08-09,1,5,0.006927268428733502
2024-08-09,1,5,0.0007757467261074961
2024-08-09,1,5,0.00026358307066622934
2024-08-09,1,5,0.001229594194874917
2024-08-09,-1,5,-0.00029836163643379664
2024-08-09,-1,5,0.0004984906758559674
2024-08-09,1,5,-0.005386362138977785
2024-08-09,-1,5,6.20768768561324e-05
2024-08-09,-1,5,-2.8163898300492362e-05
2024-08-09,-1,5,0.00417151642075011
2024-08-12,1,5,-0.0062757240581755355
2024-08-12,1,5,0.0015522815419318995
2024-08-12,1,5,-0.0015573569765244596
2024-08-12,1,6,0.001467810943705539
2024-08-12,1,6,0.002570992577095277
2024-08-12,1,5,0.0009995426651771225
2024-08-12,1,9,-0.0007829337486154659
2024-08-12,1,5,-0.0031624350904799533
2024-08-12,-1,5,-0.010535363568436961
2024-08-12,-1,5,-0.006734034950483947
2024-08-12,-1,5,0.007128423143137242
2024-08-12,-1,5,-0.006782232087420769
2024-08-12,-1,5,-0.005167639343575203
2024-08-12,-1,5,-0.014163179292862127
2024-08-12,-1,5,0.0002571072247813614
2024-08-12,1,30,-0.0024066693535414792
2024-08-12,1,5,0.0026468740629685076
2024-08-12,1,5,-0.019714042195919188
2024-08-12,1,5,0.023615306513410064
2024-08-12,-1,5,-0.011309500580395015
2024-08-12,-1,5,0.01800509065942182
2024-08-12,-1,5,0.002646080251512384
2024-08-12,-1,5,-0.00046153787448008864
2024-08-12,1,5,0.0030955904142301546
2024-08-12,1,5,-0.007129141691422513
2024-08-12,-1,6,0.0008203811199614334
2024-08-12,1,5,0.008046439374538661
2024-08-12,1,5,-0.00012616085838943424
2024-08-12,1,5,0.0015129186984562896
2024-08-12,1,6,0.003004538002980751
2024-08-12,-1,10,-0.019687115873693626
2024-08-12,-1,5,0.004896998235135364
2024-08-15,-1,5,-0.0019083485368921235
2024-08-15,-1,5,0.0029642446043165686
2024-08-15,1,5,-0.0012105532308713581
2024-08-15,1,5,0.001534929501022875
2024-08-15,1,5,-0.002976946786993428
2024-08-15,-1,5,0.0002700287249150172
2024-08-15,-1,11,0.0017567751300805682
2024-08-15,-1,5,0.0019086065468523431
2024-08-15,1,5,-0.006668862975642042
2024-08-15,1,5,-0.002118406684674312
2024-08-15,1,5,-0.009303159705797181
2024-08-15,-1,5,-0.001453795314643935
2024-08-15,-1,5,-0.001579779265930092
2024-08-15,-1,5,-0.002206308995293593
2024-08-15,-1,5,-0.00407215560617189
2024-08-15,-1,5,0.0009520051822894619
2024-08-15,-1,5,0.003534087984649182
2024-08-15,1,5,-0.0004684795447183805
2024-08-15,-1,5,-7.911704800320728e-05
2024-08-15,-1,5,-0.0010787952359738503
2024-08-15,-1,5,0.003177422584814927
2024-08-15,1,5,-0.0035463584200493333
2024-08-15,1,5,-0.03461467351874257
2024-08-15,1,5,-0.0030241677861812862
2024-08-15,1,5,-0.004129668110347406
2024-08-15,1,5,0.004822116954155709
2024-08-15,1,5,-0.003105691791267606
2024-08-15,1,5,-0.0012470516199803768
2024-08-15,-1,5,-0.004479999999999906
2024-08-15,-1,5,-0.002987309017582573
2024-08-15,-1,5,-0.0008643167701863681
2024-08-15,-1,5,0.0019069897374988324
2024-08-18,-1,5,-0.0007988724749261373
2024-08-18,-1,37,-0.0017401538526290224
2024-08-18,-1,5,0.00036027714014621494
2024-08-18,-1,5,-0.0022144533073185976
2024-08-18,-1,5,-0.002438690003057164
2024-08-18,-1,5,-0.010622923833720632
2024-08-18,-1,5,-0.005156150972389506
2024-08-18,-1,5,0.004212268713852852
2024-08-18,-1,5,-0.0034957993881366885
2024-08-18,-1,5,-0.006385490788309944
2024-08-18,-1,5,1.9649247680520354e-05
2024-08-18,-1,5,0.002211699921013133
2024-08-18,-1,5,0.0009772507747690898
2024-08-18,-1,5,0.003975586025769551
2024-08-18,-1,5,-0.00018602025506384522
2024-08-18,-1,5,0.001921627563339601
2024-08-18,1,5,0.0038630732137105114
2024-08-18,1,5,-0.006121469162912207
2024-08-21,1,5,3.758620890672627e-05
2024-08-21,1,5,-0.0021288987271078415
2024-08-21,1,241,0.00010240125321239225
2024-08-21,-1,5,-0.0009931729386224216
2024-08-21,-1,5,-0.0007013494614147349
2024-08-21,-1,5,-0.002081697685149519
2024-08-21,-1,5,-0.0017964221401053134
2024-08-21,1,5,-0.0005371188918979803
2024-08-21,1,5,-0.007481199645809599
2024-08-21,1,5,0.0019043312597199161
2024-08-21,-1,5,-0.002468886456452468
2024-08-21,1,5,-0.00170182288699503
2024-08-21,1,5,-0.0023339918002598155
2024-08-21,1,5,-0.0007671739687570063
2024-08-21,1,5,-0.0006082155152006048
2024-08-21,1,8,0.0011806034148233117
2024-08-21,-1,5,-0.0019995436675524832
2024-08-21,-1,5,0.004421324878823874
2024-08-21,-1,5,-0.0023196091341682653
2024-08-21,-1,5,0.0034516299349107945
2024-08-21,-1,5,-0.002524012459621616
2024-08-21,-1,5,-0.008699013814274714
2024-08-21,-1,5,-0.0014137066714941856
2024-08-21,-1,5,-0.0032641034579926394
2024-08-21,-1,5,-0.0013060629782358554
2024-08-21,-1,5,0.0013749029273471217
2024-08-21,-1,5,-0.006565921464223834
2024-08-21,-1,12,0.004597411078970182
2024-08-21,1,5,-0.0022956799809795477
2024-08-21,1,5,-0.0014652537703402132
2024-08-21,1,6,-0.00140930399969561
2024-08-24,1,7,-0.0013152660590702633
2024-08-24,1,5,-0.003151221383739222
2024-08-24,1,5,-0.0015125454122030032
2024-08-24,1,5,0.002293340852859727
2024-08-24,1,5,-0.0010358482373578944
2024-08-24,1,5,-0.0009884897725865645
2024-08-24,1,5,0.000505153438151185
2024-08-24,1,5,0.0015819486385032725
2024-08-24,1,5,-0.0010107024622539647
2024-08-24,-1,214,-0.0004809716626207101
2024-08-24,1,5,-0.000577728126342913
2024-08-24,1,5,-8.266394404974297e-05
2024-08-24,1,5,-0.001650644420514746
2024-08-24,1,5,-0.0032677486437613142
2024-08-24,1,5,0.0002297502965104229
2024-08-24,1,5,0.0010414449278889574
2024-08-24,1,5,-0.0009525438220764122
2024-08-24,1,22,-0.0015111679504474559
2024-08-24,1,7,-0.0003613491458898994
2024-08-24,1,5,-0.0005213769697277377
2024-08-24,-1,5,0.0018263530415008281
2024-08-24,1,5,-0.0042680929454419255
2024-08-24,-1,5,-0.003229920899729599
2024-08-24,1,5,0.0025059765071161703
2024-08-24,1,5,-0.003110419279193066
2024-08-24,1,5,-0.0021975242683668125
2024-08-24,1,5,-0.006873808870442732
2024-08-24,1,5,-0.002764061123877814
2024-08-27,1,5,0.001510476456981014
2024-08-27,1,5,0.0011738048768662693
2024-08-27,1,5,0.001221656624259682
2024-08-27,1,5,-0.0033223363545944237
2024-08-27,1,5,0.003444934974158232
2024-08-27,-1,5,-0.0018841326650439246
2024-08-27,-1,5,-0.0019505289398110467
2024-08-27,-1,5,-0.003416205064553734
2024-08-27,-1,5,-0.0024494604145542716
2024-08-27,-1,5,0.001059782984212743
2024-08-27,1,5,0.0007631183191417982
2024-08-27,1,5,-0.0009931932021466135
2024-08-27,1,5,0.0018331639839409778
2024-08-27,-1,5,0.0018723091823936947
2024-08-27,1,6,-0.008615930084824952
2024-08-27,1,6,-0.008082339649212544
2024-08-27,1,5,0.001065750470329219
2024-08-27,1,5,-0.002574121800092954
2024-08-27,1,5,-0.00044801996913710295
2024-08-27,1,5,0.0019978657455114405
2024-08-27,1,5,-0.004777448222305502
2024-08-27,1,5,-0.00018928431817641876
2024-08-27,-1,5,-0.00033547474681059296
2024-08-27,-1,5,0.0021376499290790777
2024-08-27,-1,5,0.004200810812382017
2024-08-27,1,5,0.0005150323227604229
2024-08-27,-1,82,-0.00271866025469456
2024-08-27,-1,5,-0.0005244192644428875
2024-08-27,-1,5,-0.0028185408406794284
2024-08-27,-1,5,0.00030836752189558093
2024-08-27,-1,9,0.0036802623197313097
2024-08-27,-1,6,0.00033385448617031556
2024-08-27,-1,5,0.008203201447770226
2024-08-27,1,5,-0.02784566400664865
2024-08-27,-1,5,0.012418566178551438
2024-08-27,-1,5,-0.006799812075292655
2024-08-27,-1,5,-0.004908256793129872
2024-08-30,-1,5,0.0002109980973521667
2024-08-30,1,5,0.0008806300986436092
2024-08-30,-1,5,-0.001769822575475288
2024-08-30,-1,5,0.0005404459514513297
2024-08-30,1,5,0.004521737170361329
2024-08-30,-1,5,0.0016556282208977317
2024-08-30,1,5,-0.004654542379626014
2024-08-30,1,6,-0.012180341149336837
2024-08-30,1,5,-0.00808626976404756
2024-08-30,1,5,-0.004345916262061799
2024-08-30,1,5,-0.00031648212760924065
2024-08-30,1,5,0.0076452198804667585
2024-08-30,-1,5,0.0014852738869536534
2024-08-30,-1,5,-0.0075157521542162705
2024-08-30,-1,5,-0.01971546170655478
2024-08-30,-1,5,0.007626887340141742
2024-08-30,1,5,0.0030031971934653353
2024-08-30,-1,5,-0.0005765364778899991
2024-08-30,-1,5,-0.00032322604775578644
2024-08-30,-1,5,-0.0020392279753776773
2024-08-30,-1,5,0.00031485342682993113
2024-09-02,-1,13,-0.005968949214285235
2024-09-02,-1,5,0.003769563677560118
2024-09-02,-1,7,0.00327046302549563
2024-09-02,-1,5,0.004372234732208069
2024-09-02,-1,5,0.0008809918108484641
2024-09-02,-1,5,-0.0002676945714018326
2024-09-02,-1,6,0.0020792317172369183
2024-09-02,-1,5,-0.003625764645560947
2024-09-02,-1,5,0.002460802488734837
2024-09-02,-1,6,-0.0008152880389764356
2024-09-02,-1,6,0.0051211670490826314
2024-09-02,-1,5,-0.01350844349064837
2024-09-02,-1,5,0.0022570780228393875
2024-09-02,-1,5,-0.019672219421920187
2024-09-02,-1,5,-0.0057107860435542165
2024-09-02,-1,5,0.0018262074836650436
2024-09-02,1,5,-0.001001766406200177
2024-09-02,-1,5,-0.0026815542163890257
2024-09-02,-1,5,0.0029586868939160075
2024-09-02,1,5,0.0063942200811114795
2024-09-02,1,5,0.0010495812678636088
2024-09-02,1,5,-0.0025949576852017705
2024-09-02,1,5,-0.002040304770054435
2024-09-02,1,5,-0.0008779092712779319
2024-09-02,-1,5,-0.003605387579950747
2024-09-02,-1,5,-0.0014104125449193369
2024-09-02,-1,5,-0.0013904899721647098
2024-09-02,-1,20,-0.0002648636759927432
2024-09-02,-1,5,-0.002967869056159733
2024-09-02,-1,5,-0.002902395948550884
2024-09-02,-1,5,0.003763271451065276
2024-09-02,-1,46,-0.0011128571877553114
2024-09-02,-1,5,-0.00022464565737720886
2024-09-02,-1,5,-0.0006171241093313235
2024-09-02,-1,5,-0.0006834729690868619
2024-09-05,-1,5,0.0011236388222375607
2024-09-05,-1,5,0.005610467080009474
2024-09-05,1,5,-9.89144091086742e-05
2024-09-05,1,5,-0.008538536527641338
2024-09-05,1,5,0.0011530497602640025
2024-09-05,1,5,0.0014086362693656266
2024-09-05,1,6,-0.0008184884647966846
2024-09-05,1,5,0.0017644764669467964
2024-09-05,1,5,-0.000325813853679779
2024-09-05,1,5,-0.00168193513660384
2024-09-05,1,5,-0.00244364888494728
2024-09-05,1,5,0.0005672828547000023
2024-09-05,1,5,0.0008554229151657381
2024-09-05,1,6,-0.0014227935094855756
2024-09-05,1,5,-0.0016621123984735583
2024-09-05,1,5,0.0024342737779231797
2024-09-05,1,9,-0.001075738966500461
2024-09-05,1,5,-0.00036522210055132075
2024-09-05,-1,5,0.014900020530979188
2024-09-05,1,5,0.002041130133076186
2024-09-05,1,5,0.0006425285556296515
2024-09-05,1,5,-0.0008307511254751261
2024-09-05,1,5,0.004255856049837936
2024-09-05,-1,5,-0.00044875796790697596
2024-09-05,-1,5,0.012257591431556825
2024-09-05,1,5,-0.003780627694648908
2024-09-05,1,5,0.0036782091986748097
2024-09-05,1,5,0.004532509816823316
2024-09-08,-1,40,-0.005222937018247142
2024-09-08,-1,5,0.00243072034322136
2024-09-08,-1,100,0.002333420421075672
2024-09-08,-1,5,-0.002587831859950906
2024-09-08,-1,5,0.0022724079264629053
2024-09-08,-1,5,-0.004029219080747692
2024-09-08,-1,5,-0.0024672970155682258
2024-09-08,-1,93,-0.0017962682816548888
2024-09-08,-1,5,-0.00161340166338606
2024-09-08,-1,5,-0.0010355555555556558
2024-09-08,-1,5,0.0030858348264448895
2024-09-08,-1,5,-0.0009569524854564411
2024-09-08,-1,5,0.003261146908001745
2024-09-08,1,7,-0.0026184632425839457
2024-09-08,-1,5,0.0023473548740417186
2024-09-08,1,5,-0.00029449872257933894
2024-09-08,1,5,-0.006533470878057201
2024-09-08,1,5,-0.001312977485331079
2024-09-08,1,5,0.0010826378412337693
2024-09-08,1,5,-0.0009184154305438059
2024-09-08,1,5,0.006401181169295134
2024-09-08,-1,5,-0.005693591553641441
2024-09-08,-1,5,-0.002107664977967749
2024-09-08,-1,6,0.00033269757350065134
2024-09-08,-1,5,-0.0006211070371234579
2024-09-08,-1,5,-0.000977371513321756
2024-09-08,-1,5,-0.008267730906721704
2024-09-08,-1,5,-0.004095375550829594
2024-09-08,-1,5,-0.012084209024726044
2024-09-08,-1,5,-0.00026868395053178905
2024-09-11,1,5,-0.0061167443131145745
2024-09-11,1,5,-0.001753134508953957
2024-09-11,1,85,-0.014246540159855802
2024-09-11,1,5,0.001687487527456533
2024-09-11,1,5,-0.00032289324242760163
2024-09-11,1,5,-0.007459757177150061
2024-09-11,1,40,-0.0007769677250323066
2024-09-11,1,6,-0.008189127207396263
2024-09-11,1,5,-0.00572658369700949
2024-09-11,1,5,-0.0009373518032927737
2024-09-11,1,5,-0.0013328815188089257
2024-09-11,1,44,0.0025705686586755764
2024-09-11,1,5,0.00011315786981649402
2024-09-11,1,5,-0.00017524793388421455
2024-09-11,1,5,-0.005503744937354371
2024-09-11,1,5,0.004941729052866517
2024-09-11,1,5,-0.00016608139304516943
2024-09-11,1,5,0.00459727574207105
2024-09-11,1,6,-0.01787565071671657
2024-09-11,1,6,-0.002597478692902699
2024-09-11,1,5,0.004825762607787132
2024-09-11,1,6,0.004509419103675106
2024-09-11,1,6,-0.001455650627964022
2024-09-11,1,5,0.0005572468607954132
2024-09-14,-1,5,0.0026290073695354414
2024-09-14,1,5,0.0010824806896127196
2024-09-14,1,5,-0.003669820380235644
2024-09-14,1,5,0.0011822052746090165
2024-09-14,1,5,-0.0006189512468385057
2024-09-14,1,5,-0.00047932338425180586
2024-09-14,1,5,-0.0019320890169985724
2024-09-14,1,5,-0.0023986717205009885
2024-09-14,1,5,-0.0018105299520156711
2024-09-14,1,5,-0.0023971816815701926
2024-09-14,1,5,-0.002249524051532536
2024-09-14,1,5,-0.002245840005456112
2024-09-14,1,5,-7.873081952567372e-05
2024-09-14,1,5,-0.001179388772254519
2024-09-14,1,5,-0.0037387006181134105
2024-09-14,1,5,0.0007145533597493706
2024-09-14,1,5,-0.0008732617979575248
2024-09-14,1,5,-0.002866954197462834
2024-09-14,1,5,-0.0017555749507925707
2024-09-14,1,5,-0.002369647101262839
2024-09-14,1,5,0.000404684376425735
2024-09-14,1,5,0.0017720843337584394
2024-09-14,1,5,-0.0016880879677108936
2024-09-14,1,6,-0.0011753849227214893
2024-09-14,1,6,-0.0017093746791845051
2024-09-14,1,5,0.0012595067249717932
2024-09-14,1,5,-0.0005346247923089016
2024-09-14,1,5,-0.0012663343592544726
2024-09-14,1,5,-0.0014362464805060867
2024-09-14,1,5,-0.0013865385252350478
2024-09-14,1,5,-0.001974658845258692
2024-09-14,1,5,-0.0018180036106169913
2024-09-14,1,6,-0.0056898339501766145
2024-09-14,-1,5,-0.0017822900089335732
2024-09-14,-1,5,-0.001357623557768006
2024-09-14,-1,5,-0.0019746876578899727
2024-09-14,-1,5,-0.00028185600357397654
2024-09-14,-1,5,-0.00041345138661705815
2024-09-14,-1,5,-0.0020949841768221674
2024-09-14,-1,7,-0.00013667338426013264
2024-09-17,-1,5,-0.00019818405747815636
2024-09-17,1,27,-0.009606682396747978
2024-09-17,1,5,0.0025666681376876003
2024-09-17,1,5,0.000596981687204812
2024-09-17,1,5,0.002573506447274632
2024-09-17,1,6,-0.001599691912006129
2024-09-17,-1,5,-0.0008510039413181842
2024-09-17,-1,5,-0.0028487515569209695
2024-09-17,-1,5,-0.003714917687211194
2024-09-17,-1,5,-0.0027238834926105234
2024-09-17,-1,6,-0.0009529061015727032
2024-09-17,-1,5,-0.0004183539616869676
2024-09-17,-1,5,-0.0050355202287005515
2024-09-17,-1,5,-0.0006065668138850229
2024-09-17,-1,5,0.00021389040236976554
2024-09-17,-1,5,-0.00011609815606514705
2024-09-17,-1,5,-0.002968662897541696
2024-09-17,-1,13,0.0003476149230243978
2024-09-17,-1,6,-0.003940910582355883
2024-09-17,-1,5,-0.0019410663509152656
2024-09-17,-1,5,0.005930245156537417
2024-09-17,-1,5,-0.014263915898488388
2024-09-17,-1,5,-0.00578740522386143
2024-09-17,-1,5,-0.00964777735465847
2024-09-17,-1,5,-0.0014751475963540091
2024-09-17,-1,5,0.0021847092335103516
2024-09-17,-1,5,0.0016401526938394587
2024-09-17,1,5,-0.0016744857628559814
2024-09-17,1,5,0.005431646717345551
2024-09-17,-1,5,0.002061719728324274
2024-09-20,1,5,-0.003078277349217373
2024-09-20,1,5,-0.004125593846304265
2024-09-20,1,5,0.0013320198028302869
2024-09-20,1,5,-0.00221035095912645
2024-09-20,1,5,0.000125716391424913
2024-09-20,1,5,0.0035319996652868565
2024-09-20,-1,5,-0.018671083268526265
2024-09-20,-1,5,9.796259022212296e-05
2024-09-20,-1,5,-0.0050160039818983645
2024-09-20,1,5,-0.00262541958866167
2024-09-20,1,5,0.006450228682338155
2024-09-20,-1,5,0.0012059563533733057
2024-09-20,-1,5,0.003618752164890405
2024-09-20,1,5,0.0005321174170448643
2024-09-20,-1,19,-0.0002566636817796559
2024-09-20,1,5,0.002937554863244563
2024-09-20,1,5,-0.008639246575342518
2024-09-20,1,5,-0.005289727519414899
2024-09-20,1,5,0.0036469001665736752
2024-09-20,-1,5,0.00013488181885970042
2024-09-20,1,5,0.00270871673371933
2024-09-20,-1,5,-0.007998214197188469
2024-09-20,-1,5,0.0022661464241629185
2024-09-20,-1,5,0.001932881401110054
2024-09-20,1,5,-0.003656933217205371
2024-09-20,1,5,-0.0010103164796667393
2024-09-20,1,5,0.002329879423887649
2024-09-20,1,5,0.0005453665074070194
2024-09-20,-1,5,0.0005243614866058625
2024-09-20,1,8,-0.00023123193425464937
2024-09-20,1,5,-0.0010459281371098857
2024-09-20,-1,170,-0.0006731380073887512
2024-09-20,-1,5,-0.00237546866177305
2024-09-20,-1,5,0.0014484981357896446
2024-09-23,-1,5,-0.01203621023558763
2024-09-23,-1,5,-0.0032615286795290906
2024-09-23,-1,5,-0.008302269394978223
2024-09-23,-1,5,-0.011960513307984843
2024-09-23,-1,5,-0.005380286365292841
2024-09-23,-1,5,-0.002335435514333328
2024-09-23,-1,5,0.005238481410127305
2024-09-23,1,5,-0.00029108200223824053
2024-09-23,-1,5,0.004848362825223074
2024-09-23,-1,5,-0.0030189799502139177
2024-09-23,-1,5,-0.0032380020319649813
2024-09-23,-1,5,-0.00020755789618718222
2024-09-23,-1,5,0.0011916307383145423
2024-09-26,1,5,0.003856383249276308
2024-09-26,1,5,0.003394564432829173
2024-09-26,1,11,-0.0011551131400508782
2024-09-26,-1,5,-0.0011471310659159958
2024-09-26,-1,5,-0.002065401608577133
2024-09-26,-1,5,0.00019801374469343748
2024-09-26,-1,5,-0.0041958417099346775
2024-09-26,-1,5,-0.0006786565422784769
2024-09-26,-1,5,0.0004142996751974829
2024-09-26,-1,5,0.0015706209765634863
2024-09-26,-1,5,-0.007713963908413701
2024-09-26,-1,5,0.003367627896310866
2024-09-26,-1,5,0.0005610073639047645
2024-09-26,-1,5,-0.0016034760331963046
2024-09-26,-1,5,0.00326423844476278
2024-09-26,1,5,0.008376028385740275
2024-09-26,-1,5,-0.0015432584515874034
2024-09-26,-1,5,-0.002114868830097016
2024-09-26,1,5,0.002145163649926252
2024-09-26,-1,5,0.001536997982748001
2024-09-29,1,5,-0.0022131120540878953
2024-09-29,1,5,-0.0010187523718097943
2024-09-29,1,8,0.0046275819864202376
2024-09-29,1,5,0.0014974089156877483
2024-09-29,1,5,-0.0008349243788262401
2024-09-29,1,5,0.0006043504468301823
2024-09-29,1,5,-0.002278277755703195
2024-09-29,1,5,-0.0033390705140240225
2024-09-29,1,5,-0.0020766416224156977
2024-09-29,1,5,-0.003506509736514651
2024-09-29,1,5,-0.002109377570164139
2024-09-29,1,5,0.003042488170362035
2024-09-29,1,5,-0.0018684337891260224
2024-09-29,1,6,0.0022862274201719494
2024-09-29,1,5,0.0022299321871942727
2024-09-29,-1,5,-0.0009923789323522444
2024-09-29,1,68,0.004999923179087729
2024-09-29,-1,6,-0.0004713719733950623
2024-09-29,-1,5,-0.0015925176725154252
2024-09-29,1,5,0.0008972205077057097
2024-09-29,1,5,0.0013604887944286496
2024-09-29,1,5,0.00011069335922799829
2024-09-29,1,5,-0.004215648045407172
2024-09-29,1,5,-0.000912759722269207
2024-10-02,-1,5,-0.004645961187809222
2024-10-02,-1,8,-0.00399783526256634
2024-10-02,1,5,0.0017536467992064434
2024-10-02,-1,5,-0.003950190302241063
2024-10-02,-1,5,0.0007130066941172467
2024-10-02,-1,5,-0.0017171725682251
2024-10-02,-1,5,-0.003934504232164437
2024-10-02,-1,5,0.002160831439660527
2024-10-02,-1,5,0.0010333956797158542
2024-10-02,-1,5,0.007479090495173724
2024-10-02,1,5,0.000530873356477635
2024-10-02,1,5,0.004918357377692662
2024-10-02,1,5,-0.0035357619644790002
2024-10-02,1,8,-0.0031644256445389814
2024-10-02,1,5,-0.005630832913136019
2024-10-02,1,5,0.009055597672509208
2024-10-02,-1,5,0.006148197722984939
2024-10-02,-1,5,-9.4923774004529e-05
2024-10-02,-1,5,-0.004825550739418682
2024-10-02,-1,5,-0.00316744279467116
2024-10-02,1,5,-0.0011377245208925354
2024-10-02,1,5,-0.012163945412387722
2024-10-02,1,5,-0.013145478625655715
2024-10-02,1,5,-8.99684216735207e-06
2024-10-02,1,5,-0.00359624271279888
2024-10-02,1,85,0.005330871739250087
2024-10-02,-1,5,0.0025835813439194725
2024-10-02,1,5,0.0020672966836618126
2024-10-02,1,6,0.003956757679470036
2024-10-02,-1,5,-0.0014923586351503811
2024-10-05,1,5,0.0013262257188061625
2024-10-05,-1,5,0.002173012576023004
2024-10-05,1,7,-0.0014571462276853128
2024-10-05,1,5,-0.007832516912057308
2024-10-05,1,5,-0.000275107177113298
2024-10-05,-1,5,-0.0007242446973616308
2024-10-05,-1,5,-0.004436953642384145
2024-10-05,-1,5,-0.0007996300277722574
2024-10-05,-1,5,0.0005074430993637028
2024-10-05,1,5,0.0003481814737992476
2024-10-05,-1,5,-0.0008404606704417223
2024-10-05,-1,5,0.0017345920259620676
2024-10-05,1,5,-0.0026216729861373352
2024-10-05,1,5,-0.0011759563242954348
2024-10-05,1,6,-0.00034490260730111143
2024-10-05,1,5,-0.0028118763328451642
2024-10-05,1,5,0.004092444345949931
2024-10-05,-1,5,-0.002683829594145459
2024-10-05,-1,5,9.920104777896323e-05
2024-10-05,-1,5,-0.0022865381553907934
2024-10-08,1,5,0.0034799241755795415
2024-10-08,1,5,-0.0027734200144650997
2024-10-08,1,5,0.0017099190710766713
2024-10-08,1,6,0.0017701256322805396
2024-10-08,1,5,-0.004219996306328388
2024-10-08,1,295,-0.001240919930804418
2024-10-08,1,5,-0.004708863341502089
2024-10-08,1,6,0.0036088798953023645
2024-10-08,1,5,-0.008011685655250322
2024-10-08,1,5,0.004187539093559645
2024-10-08,1,5,0.002091775139497454
2024-10-08,1,5,0.004228849556611092
2024-10-08,-1,5,-0.002689701472622907
2024-10-08,1,5,0.002049873351423948
2024-10-08,-1,5,0.011834092787562667
2024-10-08,1,5,0.001621029845040223
2024-10-08,-1,6,-0.00783673597692922
2024-10-08,-1,5,0.0012351447529118879
2024-10-08,-1,5,-0.0026407567822396057
2024-10-08,-1,5,-0.007168494150124971
2024-10-08,-1,5,0.0008082626876825486
2024-10-08,1,5,0.004136319065298233
2024-10-08,-1,5,-0.0002001745371469128
2024-10-08,-1,6,-0.003135419373892478
2024-10-08,-1,6,-0.0019933030546162907
2024-10-08,-1,5,-0.0029694918341783613
2024-10-08,-1,5,0.0014296373268132493
2024-10-08,1,5,0.0008330004105933323
2024-10-11,-1,5,-0.00010662759870458903
2024-10-11,-1,5,0.00010934433780553955
2024-10-11,-1,5,-0.00353801870199919
2024-10-11,-1,9,0.0003578230400879349
2024-10-11,-1,5,-0.0033457796913721524
2024-10-11,-1,5,-0.0022550408949560726
2024-10-11,-1,5,-0.0005202531829302299
2024-10-11,-1,5,-3.849932565611568e-05
2024-10-11,-1,5,0.0018510530679934026
2024-10-11,-1,5,-0.00022449528805388262
2024-10-11,-1,5,-0.0031031389475085543
2024-10-11,-1,5,-0.00018104214573675347
2024-10-11,-1,9,-0.0011174303383124414
2024-10-11,-1,5,-0.004420100281783501
2024-10-11,-1,5,-0.0014571593583244443
2024-10-11,-1,8,-0.0014566538071695053
2024-10-11,-1,5,-0.0017207024793387312
2024-10-11,-1,5,-0.0035391239422907003
2024-10-11,-1,5,-0.0008213738603572769
2024-10-11,-1,5,-0.003170248693791988
2024-10-11,-1,5,-0.00023041111836528082
2024-10-11,-1,5,-0.00581639615194871
2024-10-11,-1,5,-0.0021866480382838113
2024-10-11,-1,5,0.002156874943725651
2024-10-11,-1,8,-0.0064053461031575495
2024-10-11,-1,5,-0.001964465167104556
2024-10-11,-1,5,-0.0007286710885313403
2024-10-11,-1,5,-0.009106767261480941
2024-10-11,-1,5,0.00017069157515405865
2024-10-11,-1,5,0.0008662882877025439
2024-10-11,-1,5,-0.0011619705502948548
2024-10-11,1,5,-0.0015723050436151405
2024-10-14,1,5,-0.0010111963432887002
2024-10-14,1,5,0.0014199126070232552
2024-10-14,1,5,-0.003480703440491428
2024-10-14,1,5,-0.0009046819439847193
2024-10-14,1,5,0.0066832256745707145
2024-10-14,-1,5,-0.017827286269037044
2024-10-14,1,5,0.005627205619549125
2024-10-14,1,5,-0.005194219330854932
2024-10-14,1,7,0.0026694095035658897
2024-10-14,1,5,0.0018137194069097976
2024-10-14,1,5,0.004237376108037561
2024-10-14,1,5,0.0005084658991802108
2024-10-14,1,6,0.002346049380514881
2024-10-14,1,5,0.004779875162758485
2024-10-14,1,5,0.0004636059747850311
2024-10-14,1,5,0.0018927214190517464
2024-10-14,1,5,0.006066460625136516
2024-10-14,1,5,0.010590387441059912
2024-10-14,1,5,0.0023394703267664244
2024-10-14,1,5,0.0010157940435332694
2024-10-14,1,5,-0.005528401120847936
2024-10-14,1,5,-0.0020809184498144836
2024-10-14,1,5,0.0006311044867809649
2024-10-14,1,5,0.0008540505084385867
2024-10-14,1,5,-0.001105
2024-10-14,1,6,-0.001868634291358839
2024-10-14,1,5,-0.003937398071688336
2024-10-14,1,6,-0.0017453927742347771
2024-10-14,1,5,0.0003983806987283515
2024-10-14,1,5,-0.0018097592199650455
2024-10-14,1,5,-0.001936426392067014
2024-10-14,1,5,-0.0006929168049817131
2024-10-14,1,5,0.0037829697182455665
2024-10-14,1,5,-0.0012378600983164786
2024-10-14,1,11,-0.0026207328511351543
2024-10-17,-1,5,0.0005126661350750798
2024-10-17,-1,6,0.0009318778064392411
2024-10-17,-1,5,0.0018532881372645086
2024-10-17,-1,5,0.0012186187902800908
2024-10-17,-1,5,-0.0018835706961180861
2024-10-17,-1,5,0.005382569286101724
2024-10-17,-1,5,-0.0027024866210495265
2024-10-17,-1,5,0.0023228054385292744
2024-10-17,1,5,0.0037531684704867016
2024-10-17,-1,10,-0.0076786265336864275
2024-10-17,-1,5,0.003235509134106552
2024-10-17,-1,6,0.008442929302410996
2024-10-17,1,5,0.0007705341405221059
2024-10-17,1,5,-0.0013172945567674118
2024-10-17,1,5,0.0011415577871018105
2024-10-20,1,5,-0.0028544407835076942
2024-10-20,1,5,-0.0006090302276538835
2024-10-20,1,5,-0.0013964171958855461
2024-10-20,1,5,-0.0011542161383501833
2024-10-20,1,5,-0.003258785590455204
2024-10-20,1,5,-0.0003197133134545722
2024-10-20,1,6,-0.0008510197119030223
2024-10-20,1,5,-0.0012147686531007503
2024-10-20,1,6,-0.0014913138838179348
2024-10-20,1,5,0.000501961478404667
2024-10-20,1,5,0.0009522863485435188
2024-10-20,1,5,-0.002333125200751218
2024-10-20,1,5,0.0007673404255318598
2024-10-20,1,8,-4.8151235723987605e-06
2024-10-20,1,5,-0.0006552509524096801
2024-10-20,1,5,0.004339028581150118
2024-10-20,-1,5,-0.011453729860924832
2024-10-20,-1,5,0.0026429321753514094
2024-10-20,-1,142,0.0015565112208573376
2024-10-20,-1,27,-0.002804825583114212
2024-10-20,-1,5,0.0028197161391985363
2024-10-20,-1,5,-0.0067766967243282124
2024-10-20,-1,5,-0.008482667719223657
2024-10-20,-1,5,-0.000995949142314911
2024-10-23,1,5,-0.002711410378708345
2024-10-23,1,7,0.0039197984527296285
2024-10-23,1,5,-0.0010432034188957214
2024-10-23,1,5,-0.007618174902669006
2024-10-23,1,5,0.0004268162909052634
2024-10-23,1,5,0.0016311649973847157
2024-10-23,1,5,-0.00675684479194869
2024-10-23,1,5,-0.00292300256334419
2024-10-23,1,5,-0.00815867373884358
2024-10-23,-1,5,-0.0063313890071482245
2024-10-23,-1,5,-0.004082641707767376
2024-10-23,-1,5,-0.0006436665075861598
2024-10-23,-1,5,-0.0034395747341840806
2024-10-26,-1,5,-0.0063918724408412505
2024-10-26,-1,5,0.0023469427402863733
2024-10-26,-1,5,-0.001650889331122762
2024-10-26,-1,9,7.845120398866125e-05
2024-10-26,-1,5,-0.003039543203440553
2024-10-26,-1,5,-0.005255708910215517
2024-10-26,-1,5,0.0012783513399775796
2024-10-26,-1,5,-0.005352447272019089
2024-10-26,-1,5,0.00033386636730694565
2024-10-26,-1,5,0.0004975381614517275
2024-10-26,-1,5,-0.0010401638733100512
2024-10-26,-1,5,-0.001327608076221098
2024-10-26,-1,5,0.0014822279873387915
2024-10-26,-1,5,0.0006718315733660555
2024-10-26,-1,5,-0.0009432583660859746
2024-10-26,-1,5,-9.817461344383503e-05
2024-10-26,-1,5,-0.0023395179308670407
2024-10-26,-1,5,0.0014348982422932813
2024-10-26,-1,5,0.0013127125842751445
2024-10-26,-1,5,0.00029394265961770784
2024-10-26,-1,5,-0.004969380580470561
2024-10-26,-1,5,-0.00271347263975894
2024-10-26,-1,5,-0.003280988092734338
2024-10-26,-1,5,0.00018059568620179024
2024-10-26,-1,5,-0.002009144533961926
2024-10-26,-1,5,-0.0013548599575240235
2024-10-26,-1,5,-0.001076803526976122
2024-10-26,-1,5,-0.0029257305479915893
2024-10-26,-1,5,-0.0033764024402501477
2024-10-29,1,5,0.000590959328166241
2024-10-29,1,5,0.00025477777346107934
2024-10-29,-1,9,0.0033507606619988203
2024-10-29,-1,5,-0.014031305379135528
2024-10-29,1,6,-0.0006427904089599585
2024-10-29,1,5,-0.0044784092827972796
2024-10-29,1,5,0.004556883814305657
2024-10-29,1,5,-0.0007574462437459402
2024-10-29,1,5,0.0007243544555665341
2024-10-29,1,5,-0.0012309984422010697
2024-10-29,1,5,0.0001443886783224716
2024-10-29,1,5,-0.0023337356234115255
2024-10-29,1,5,-0.002033398684195364
2024-10-29,1,5,0.0015347842263328196
2024-10-29,-1,5,0.0009768030621916338
2024-10-29,-1,5,0.00016627675771143692
2024-10-29,1,26,0.0012481206498730305
2024-10-29,1,5,-0.002966730421435004
2024-10-29,1,5,-0.00034402580083012734
2024-10-29,1,5,-0.0033175828292927086
2024-10-29,1,5,-0.0035766465202722083
2024-10-29,1,7,-0.0037174120125121664
2024-10-29,1,90,0.004345413459885839
2024-10-29,1,5,-0.000793524403353318
2024-10-29,1,5,0.0005445992197738118
2024-10-29,-1,5,-0.003014999319208211
2024-10-29,1,5,0.008704371466603212
2024-10-29,-1,5,0.0011181671926172813
2024-10-29,-1,5,0.006456916930997614
2024-10-29,1,5,0.0005532872907353607
2024-10-29,-1,5,0.004700564323398071
2024-10-29,1,5,-0.006006719762326895
2024-10-29,1,5,-0.009375399495262426
2024-10-29,1,5,0.004979819391671381
2024-10-29,1,5,0.0022650360666373274
2024-10-29,1,5,0.00331027128628505
2024-11-01,-1,5,-0.00013890058678653848
2024-11-01,-1,5,-0.0012394442115835954
2024-11-01,-1,5,0.0032656950037344376
2024-11-01,-1,10,0.012342626912723387
2024-11-01,-1,5,-0.004521071957773825
2024-11-01,-1,42,-0.00535690757485705
2024-11-01,-1,5,0.00462133518519261
2024-11-01,-1,5,-0.001990199229637479
2024-11-01,-1,5,-0.001551209806257203
2024-11-01,-1,5,-0.001260382200371257
2024-11-01,-1,5,0.0018705147401502312
2024-11-01,-1,6,-0.004623412760536327
2024-11-01,-1,5,0.006852549122639351
2024-11-01,-1,5,-0.0006738657176390323
2024-11-01,-1,5,-0.0012766964406928146
2024-11-01,-1,5,-0.002171658175855162
2024-11-01,-1,5,-0.00036631557313579987
2024-11-01,-1,9,-0.006936435802635676
2024-11-01,-1,5,0.0008625743743113871
2024-11-01,-1,5,-0.01238513585018639
2024-11-01,-1,5,-0.004981059586138014
2024-11-01,1,5,-0.004619704616083053
2024-11-01,1,5,0.002834474976151658
2024-11-01,1,5,-0.001964318433175993
2024-11-01,1,5,1.1979686926367095e-05
2024-11-01,1,5,-0.0013169321817019016
2024-11-04,1,5,-0.0011825909243119211
2024-11-04,-1,5,-0.0011618133397720328
2024-11-04,-1,5,-0.0019691955272810088
2024-11-04,-1,5,-0.0070089244686671655
2024-11-04,-1,5,0.00036632923511039674
2024-11-04,1,5,-0.0028480288977975384
2024-11-04,1,5,0.003217608663887895
2024-11-04,1,5,0.0012334284457192982
2024-11-04,1,5,-0.0034442097856941297
2024-11-04,1,5,-0.0020447310985903574
2024-11-04,1,5,-0.003420824665978905
2024-11-04,1,13,-0.005585861371053857
2024-11-04,1,5,0.00046302863499416737
2024-11-04,1,5,-0.008729404664148377
2024-11-04,1,5,-0.0036681803280042887
2024-11-04,1,5,0.003541666639008146
2024-11-04,1,5,0.0016243184961909577
2024-11-04,1,5,-0.004487835909851334
2024-11-04,1,19,0.000646212457095308
2024-11-04,1,5,-0.0013108977347131342
2024-11-04,1,5,-0.0012658134687465235
2024-11-04,1,5,-0.0011833492231055672
2024-11-04,1,5,-0.022807341937774093
2024-11-04,1,5,0.0023575489205117876
2024-11-07,-1,5,-0.03182544359749948
2024-11-07,-1,5,0.0053657249889042195
2024-11-07,-1,5,-0.010556822498933726
2024-11-07,-1,5,0.00016863710390226973
2024-11-07,-1,5,0.007465900763678169
2024-11-07,1,5,-0.0035973697578388416
2024-11-07,1,5,0.003911480707877191
2024-11-07,-1,5,0.006281379586222458
2024-11-07,1,5,-0.006562816802581728
2024-11-07,1,6,0.0005619634906498753
2024-11-07,-1,24,0.004143499671306028
2024-11-07,-1,5,-0.0017381486944402
2024-11-07,1,5,-0.006055495049504955
2024-11-07,1,5,0.002778488233849208
2024-11-07,-1,5,0.001037598264602058
2024-11-07,-1,5,0.003940294190643368
2024-11-07,1,5,0.0016278732224742857
2024-11-07,1,5,-0.006274295313386391
2024-11-07,-1,5,-0.007770218738094669
2024-11-07,-1,5,-0.0023070080605246176
2024-11-07,-1,5,-0.009176518718119064
2024-11-07,-1,5,-0.0005459503843466602
2024-11-07,-1,5,-0.0007941144652594318
2024-11-07,-1,5,-0.004459568461471308
2024-11-07,-1,5,0.0037027089844493774
2024-11-07,-1,5,-0.005589039740628498
2024-11-07,-1,5,-0.004528600295532792
2024-11-07,-1,6,-0.006364312861599419
2024-11-07,-1,5,-0.0020921566449055625
2024-11-07,-1,5,0.0028399768671513396
2024-11-07,1,5,-0.005282225282439467
2024-11-07,-1,5,-0.001136246419681219
2024-11-07,-1,5,-0.00839998487159086
2024-11-10,-1,5,-0.0019686770810925843
2024-11-10,1,5,0.0012615333016511524
2024-11-10,1,5,-0.0012268624429571991
2024-11-10,1,5,0.0017191788218681395
2024-11-10,-1,16,-0.002313800321496284
2024-11-10,-1,5,0.004126826787461369
2024-11-10,-1,5,-0.0010061668685838795
2024-11-10,-1,5,-0.012795530193378956
2024-11-10,-1,8,-0.00838142569915532
2024-11-10,-1,5,0.00967472290504181
2024-11-10,1,5,0.001799074208230467
2024-11-10,1,5,0.00047289070832548
2024-11-10,1,5,-0.0014723527056938798
2024-11-10,1,5,0.0008148449017101548
2024-11-10,1,5,0.003379487621435163
2024-11-10,1,5,0.002154682853505197
2024-11-10,1,5,0.006846907958771098
2024-11-10,-1,5,0.007077494421026587
2024-11-10,1,5,-0.0023638360608113414
2024-11-10,1,5,0.002315124601428709
2024-11-10,1,5,-0.0016453328825354104
2024-11-10,1,5,-0.009218704290144463
2024-11-10,1,5,0.0010975395092291066
2024-11-10,1,5,0.00339980042795598
2024-11-10,1,5,0.004429265913357039
2024-11-10,-1,5,0.0010238564156273226
2024-11-10,1,5,0.003420056095736613
2024-11-10,-1,5,0.004329480715462819
2024-11-10,-1,5,0.0010193042671613698
2024-11-10,-1,7,0.004509032917100831
2024-11-10,1,5,-0.017775187516309774
2024-11-10,1,5,0.0012798007849835983
2024-11-10,1,5,-0.01562128246187009
2024-11-10,1,5,0.014945577382104471
2024-11-10,-1,5,0.005889146475977847
2024-11-10,1,5,0.007622275031123582
2024-11-13,1,5,0.001599800867507906
2024-11-13,-1,5,2.141567187021788e-05
2024-11-13,-1,5,-0.00153553435114504
2024-11-13,1,5,-0.004727026563564029
2024-11-13,1,6,-0.0023501068536489807
2024-11-13,1,5,0.00380521107731271
2024-11-13,-1,5,0.005649366808869316
2024-11-13,1,5,-0.0020241546253283223
2024-11-13,1,5,-0.01771488602576807
2024-11-13,-1,5,0.0010648435643130453
2024-11-13,-1,5,0.011018212321232146
2024-11-13,1,17,-0.004842192231228037
2024-11-13,1,5,-0.0011241719629214494
2024-11-13,1,5,0.002023185301043862
2024-11-13,1,5,0.006117578616954411
2024-11-13,-1,5,-0.006890176276979387
2024-11-13,-1,5,0.0035023219232259936
2024-11-13,-1,5,-0.002002734169532649
2024-11-13,-1,5,0.002458271765809728
2024-11-13,1,5,-0.0034135973051565346
2024-11-13,-1,5,-0.00908284914152766
2024-11-13,-1,5,0.0014252609783465212
2024-11-13,1,7,0.001631941128933079
2024-11-13,-1,5,0.00503072217449998
2024-11-13,1,5,0.017215847358963334
2024-11-13,-1,6,-0.00028431248064417723
2024-11-13,-1,5,-0.022592240792396055
2024-11-13,-1,5,0.00814164639922057
2024-11-13,-1,5,-3.891806312292755e-05
2024-11-13,-1,5,0.0016777968165530236
2024-11-13,1,5,0.002720512758816263
2024-11-13,-1,5,0.0051089881485167025
2024-11-13,1,5,0.002681152712237145
2024-11-13,-1,9,0.0006410447827025715
2024-11-13,1,8,-0.022227436448483327
2024-11-13,1,5,-0.012947904485700578
2024-11-13,-1,16,-0.008558545564177544
2024-11-13,1,5,0.010710975991316119
2024-11-13,1,10,0.005256266812597188
2024-11-13,-1,5,0.0034137953644690863
2024-11-13,1,5,0.004037011461678919
2024-11-16,-1,5,-6.9446206557350785e-06
2024-11-16,-1,5,-0.001691157032113066
2024-11-16,-1,5,-0.0014229190751443351
2024-11-16,-1,5,-0.00842978561211991
2024-11-16,-1,5,-0.005401753068881998
2024-11-16,-1,5,-0.0019420633771994652
2024-11-16,-1,5,-0.010981519587208144
2024-11-16,-1,5,-0.006215962512282935
2024-11-16,-1,5,0.005357237471602794
2024-11-16,-1,5,0.00602272226331837
2024-11-16,-1,5,0.0003881537312957709
2024-11-16,-1,5,-0.003913349146110167
2024-11-16,-1,5,-0.0034631336696090195
2024-11-16,-1,5,-2.431627905516941e-05
2024-11-16,-1,5,0.0013962506253125898
2024-11-19,-1,5,0.01291266107264768
2024-11-19,1,5,-0.006616102694001235
2024-11-19,1,5,-0.004275615168957114
2024-11-19,1,6,-0.0010033491262791735
2024-11-19,1,7,0.0015465866339562599
2024-11-19,1,5,0.0018024695419375462
2024-11-19,1,5,-0.0018714279030851207
2024-11-19,1,7,0.0002221294031114155
2024-11-19,1,5,-0.0009063278986899177
2024-11-19,1,5,-0.0009350633895620404
2024-11-19,1,5,-0.0023743731668617093
2024-11-19,1,5,-0.004382521398494687
2024-11-19,1,5,0.0015661980484164232
2024-11-19,1,5,0.0021146847861050148
2024-11-19,1,5,0.00016250014403387282
2024-11-19,-1,5,-0.0008947754419493576
2024-11-19,-1,5,0.004905350805629283
2024-11-19,1,5,-0.004649211228574401
2024-11-19,1,5,-0.00442879995362142
2024-11-19,1,5,0.0044942706723648754
2024-11-19,1,5,-0.0021892172177566446
2024-11-19,1,7,0.0031993648393867876
2024-11-19,-1,5,-0.0007711316211877812
2024-11-19,-1,5,-0.005097592521270932
2024-11-19,-1,5,0.0006328859129011381
2024-11-19,-1,5,-0.0012904249588388868
2024-11-19,-1,5,0.0005137932979407903
2024-11-19,-1,5,0.0006350077262729185
2024-11-19,-1,5,-0.00043593665666805624
2024-11-19,1,5,-0.00292645851604143
2024-11-19,1,5,-0.0010370386150116758
2024-11-19,1,5,0.0015010129297087452
2024-11-19,1,5,0.00045097624542913585
2024-11-19,-1,5,-0.003985327556533002
2024-11-22,-1,5,0.0041955683420142
2024-11-22,1,5,-0.0063238849421404005
2024-11-22,1,5,-0.0006532036577432172
2024-11-22,1,5,0.0009758364299953474
2024-11-22,1,5,-0.00046893639363929606
2024-11-22,1,5,0.00873086845427764
2024-11-22,-1,5,5.352403289605079e-06
2024-11-22,-1,5,-0.01497608642502799
2024-11-22,1,5,0.004131036004037103
2024-11-22,1,5,-0.005309413747427638
2024-11-22,1,5,0.002924799699623915
2024-11-22,1,5,-0.00044119008671015213
2024-11-22,1,5,-8.894454647787552e-05
2024-11-22,1,5,-0.0006514207259048272
2024-11-22,1,5,-0.0009179109277835713
2024-11-22,1,5,-0.0063823752661050556
2024-11-22,1,5,0.0002769084155217708
2024-11-22,-1,5,-0.0007351697938196895
2024-11-22,1,5,-0.016999938479922625
2024-11-22,1,5,0.0066150660762071215
2024-11-22,1,5,0.0031865715601321573
2024-11-22,-1,6,0.004503575693156648
2024-11-22,1,5,0.0017174437330228724
2024-11-22,-1,5,-0.005119631639408517
2024-11-22,1,5,-0.0005837878787878554
2024-11-22,-1,5,0.005363539923586647
2024-11-22,1,5,-0.0005862882359223049
2024-11-22,-1,11,0.002116647529918492
2024-11-22,1,5,0.0010705647161849633
2024-11-22,-1,8,0.0005651740321340974
2024-11-22,-1,5,-0.002118756831510504
2024-11-22,-1,5,-0.0012317664298347793
2024-11-22,-1,5,-0.0013371976756107792
2024-11-25,-1,5,0.0006739994764149108
2024-11-25,-1,45,-0.0002430030304115589
2024-11-25,-1,5,0.00823942547925296
2024-11-25,1,5,0.005055813492362305
2024-11-25,-1,5,-0.0031805276422546044
2024-11-25,-1,5,-0.0008718203260928754
2024-11-25,-1,5,-0.0037492853557384628
2024-11-25,-1,5,-0.006246984151988854
2024-11-25,1,5,0.0031741857083506194
2024-11-25,-1,5,0.000681656681830645
2024-11-25,-1,5,-0.0008366188397676883
2024-11-25,-1,5,0.0006329706758021695
2024-11-25,-1,5,-0.006827511193337887
2024-11-25,-1,5,0.0019429503192881729
2024-11-25,-1,5,-0.008489149045846833
2024-11-25,-1,5,-0.015567285058558733
2024-11-25,-1,5,-0.0029424411759622956
2024-11-25,-1,5,-0.013144179125950872
2024-11-25,-1,5,0.0022893925659103424
2024-11-25,-1,5,0.00938839839183172
2024-11-25,-1,5,-0.0032129185168546567
2024-11-25,-1,9,-0.0010935181198421292
2024-11-25,-1,5,0.021754558231325907
2024-11-25,1,5,0.00868929640018692
2024-11-25,-1,6,-0.018892560261931955
2024-11-25,-1,5,0.014006400873065506
2024-11-25,-1,5,-0.005591318033318781
2024-11-25,-1,5,-0.0002603323608604042
2024-11-25,-1,5,0.005357511370035062
2024-11-25,1,5,0.007722638395715764
2024-11-25,-1,5,-0.0027382680601203187
2024-11-25,-1,5,-0.001004540757749783
2024-11-25,-1,5,0.0026510728426200284
2024-11-25,1,5,-0.009109225815576693
2024-11-25,1,5,-0.0006085626679127372
2024-11-25,-1,5,-0.005719475954390462
2024-11-28,1,5,0.0011927083310455892
2024-11-28,1,7,-0.0010526501819843933
2024-11-28,1,5,0.00014873364635339427
2024-11-28,1,5,-9.205466876958067e-05
2024-11-28,1,5,-0.005606653724870769
2024-11-28,1,5,-0.0063419049725712325
2024-11-28,1,5,-0.002556524100305246
2024-11-28,1,5,-0.00020964746539928701
2024-11-28,1,20,-0.0008180479599938279
2024-11-28,1,5,0.000664965686042596
2024-11-28,1,5,-0.0022151805504158958
2024-11-28,1,5,0.005736016013436896
2024-11-28,1,5,0.005514202637673016
2024-11-28,1,5,0.001450172279713469
2024-11-28,1,5,-0.0060720159099728385
2024-11-28,1,5,0.0015507097760184777
2024-11-28,1,5,-0.010870261863863506
2024-11-28,1,5,-0.0013347195460517765
2024-11-28,1,5,-0.003992124379226114
2024-11-28,1,5,-0.00011112654008158483
2024-11-28,1,5,-0.0018283853307586636
2024-11-28,1,5,0.0021259402741643733
2024-11-28,1,5,-0.0011415665680306383
2024-11-28,1,5,0.005400304368369602
2024-11-28,1,5,-0.0013943616064906236
2024-11-28,-1,5,-0.0006179323421274581
2024-11-28,-1,5,-0.00017484256946240738
2024-11-28,-1,5,0.0025343584935059397
2024-12-01,-1,5,-0.003631475526281935
2024-12-01,-1,5,0.00944921725574246
2024-12-01,-1,5,0.00624379524865617
2024-12-01,1,5,-0.0033986839444841484
2024-12-01,1,5,-0.0006660243848243037
2024-12-01,1,5,0.0006285857867635251
2024-12-01,-1,5,0.001503850167461818
2024-12-01,-1,5,0.0005862362721706042
2024-12-01,1,9,0.001355392033326597
2024-12-01,1,5,0.003446956635623578
2024-12-01,-1,5,-0.0016308885493835131
2024-12-01,1,5,-0.002191167495631174
2024-12-01,1,5,0.002443046689925588
2024-12-01,1,5,-0.001532398674257562
2024-12-01,1,5,-0.0029314298952630487
2024-12-01,1,5,-0.00023082931547566642
2024-12-01,1,5,-0.007585949568341221
2024-12-01,1,5,0.000440662112838908
2024-12-01,1,5,0.00019999172873488326
2024-12-01,1,5,0.007448665257732268
2024-12-01,-1,5,-0.0003667893050388389
2024-12-01,-1,5,0.001200351901245145
2024-12-04,-1,5,-0.0039649428563542696
2024-12-04,-1,5,-0.01905442275975808
2024-12-04,-1,5,0.0053367583544505996
2024-12-04,-1,5,0.003156105336152316
2024-12-04,-1,21,0.0031489267015706542
2024-12-04,-1,5,-0.002140667855867617
2024-12-04,-1,5,-0.0025220095648147197
2024-12-04,-1,5,-0.005183216707058102
2024-12-04,-1,5,-0.0004615517690753408
2024-12-04,-1,5,0.0008164514976179097
2024-12-04,-1,5,-0.007011364114140805
2024-12-04,-1,5,-0.005376316632674882
2024-12-04,-1,5,-0.0020993197128599036
2024-12-04,-1,5,0.00039093058451602526
2024-12-04,-1,5,0.0008942024744845959
2024-12-04,-1,5,-0.003344327446330375
2024-12-04,-1,5,-0.005021681023343971
2024-12-04,-1,5,-0.0010540257205482236
2024-12-04,-1,5,-0.00047494447468119326
2024-12-04,-1,5,-0.007393278080437415
2024-12-04,-1,5,-0.001465953880788939
2024-12-04,-1,5,0.006477938388625671
2024-12-04,-1,5,-0.005207757128070067
2024-12-04,-1,6,0.007102645125723917
2024-12-04,-1,5,-0.001013304633582712
2024-12-04,-1,5,-0.01674162035589952
2024-12-04,-1,5,-0.009711107525969353
2024-12-04,-1,5,-0.00819946872819064
2024-12-04,-1,5,0.010660411150815641
2024-12-04,1,5,-0.0009961964673351528
2024-12-04,-1,5,-0.008078493312435908
2024-12-04,-1,5,-0.00747815505298286
2024-12-04,-1,5,0.00184249593381316
2024-12-04,-1,5,-0.00477661187163223
2024-12-04,-1,5,0.001591778963041546
2024-12-04,-1,5,-0.011390431145766744
2024-12-04,-1,5,0.0013107893514277217
2024-12-04,-1,5,-0.003429315920398057
2024-12-04,-1,5,0.005201122290681393
2024-12-04,-1,5,0.0035347047978118392
2024-12-04,-1,5,0.005051531829036416
2024-12-07,1,5,0.0027590802889442493
2024-12-07,1,5,0.003013994283076827
2024-12-07,1,5,-0.00516617774154513
2024-12-07,1,5,0.0024309560014567303
2024-12-07,1,5,-0.0010198725216011614
2024-12-07,1,5,-0.00024120863190466534
2024-12-07,1,5,-0.0009648742371278547
2024-12-07,1,5,-0.0024059627124070945
2024-12-07,1,5,-0.003467561788632145
2024-12-07,1,5,-0.0014763358808312695
2024-12-07,1,5,-0.0011200630010016251
2024-12-07,1,5,0.0005520424303288255
2024-12-07,1,6,-0.0013105539679435282
2024-12-07,1,5,-0.0023889738992180828
2024-12-07,1,5,0.0010415692551028147
2024-12-07,1,5,-0.001405960062599609
2024-12-07,1,5,-0.001167749901482695
2024-12-07,1,5,0.0003508306015592936
2024-12-07,1,5,0.002654398496240518
2024-12-07,1,5,0.00014704709700366116
2024-12-07,1,5,0.001590613980046474
2024-12-07,1,5,0.0006419128695921653
2024-12-07,1,5,0.00027768320552481497
2024-12-07,1,5,-0.002213844030098588
2024-12-07,1,5,0.0009269252491736161
2024-12-07,1,5,-0.0012475185274086528
2024-12-07,1,5,-0.0028577497668416992
2024-12-07,1,5,0.001989641962944511
2024-12-07,1,5,0.001463677131277397
2024-12-07,1,5,0.001400302557704203
2024-12-07,1,5,-0.001857312364079355
2024-12-07,1,5,-0.0017660654878911327
2024-12-07,1,5,-0.000910312959417769
2024-12-07,1,5,-0.002307471803034011
2024-12-07,1,5,-0.0020838376303140334
2024-12-10,-1,5,-0.018107054718697977
2024-12-10,-1,5,0.0013588446054003892
2024-12-10,-1,9,0.005783006608222974
2024-12-10,-1,5,0.0005920000987248656
2024-12-10,-1,5,0.00015124775670041259
2024-12-10,-1,5,0.02094094290803652
2024-12-10,1,6,0.011215232736853676
2024-12-10,-1,5,0.005809663201212923
2024-12-10,-1,5,-0.011804225021739256
2024-12-10,-1,5,0.004543635969004001
2024-12-10,-1,5,-0.004833277698391791
2024-12-10,-1,5,-0.009047788159007064
2024-12-10,-1,5,-0.0027500717508493807
2024-12-10,-1,5,-0.0004358673564977873
2024-12-10,-1,5,-0.00028443327264002737
2024-12-10,-1,5,-0.0032245490115488714
2024-12-10,-1,5,-0.00330105406577994
2024-12-10,-1,5,-0.0027473031702315073
2024-12-10,-1,5,-0.0010251343872045068
2024-12-10,-1,5,-0.0034647454560932985
2024-12-10,-1,5,0.00021701392096586981
2024-12-10,-1,5,0.0027425753893442154
2024-12-10,-1,5,7.979302146223811e-05
2024-12-10,-1,5,0.009553616228205298
2024-12-10,-1,5,-0.004126131605496219
2024-12-10,-1,5,-0.0011374921477310448
2024-12-10,-1,12,-0.008460348864900302
2024-12-10,-1,5,0.013191544419293733
2024-12-10,-1,5,0.022331227177443094
2024-12-10,-1,5,0.006212448116833214
2024-12-10,1,5,-0.006560899085532789
2024-12-10,1,5,0.00805795125626565
2024-12-10,1,5,0.003328255038748918
2024-12-10,-1,5,0.0005721993291202491
2024-12-10,-1,5,-0.008134611186883944
2024-12-10,1,5,0.00589129853473227
2024-12-10,-1,5,-0.0021082141544398244
2024-12-10,-1,5,-0.008091336116104441
2024-12-10,-1,5,0.0005920632594015544
2024-12-10,-1,13,-0.005014329919423277
2024-12-10,-1,5,0.0019350205584123484
2024-12-10,-1,5,-0.00026514359897686867
2024-12-10,-1,5,0.0007177586793783112
2024-12-10,-1,5,0.0017988998360215728
2024-12-13,1,5,0.0012825024816102374
2024-12-13,1,5,-0.007998820760660252
2024-12-13,1,5,0.0030172805118670273
2024-12-13,1,5,0.002324823995873882
2024-12-13,-1,5,-0.00017085588075713652
2024-12-13,1,5,0.004854554862960958
2024-12-13,1,5,-0.0034562430731409407
2024-12-13,1,5,0.0006729574211174153
2024-12-13,1,5,-0.0072627678475454035
2024-12-13,-1,5,-0.00030595371697836836
2024-12-13,-1,5,-0.0023028449073597464
2024-12-13,-1,5,0.0008094207722351369
2024-12-13,-1,5,-0.0017043754148037046
2024-12-13,-1,5,0.0028554877057716203
2024-12-13,-1,5,-0.006383871644403216
2024-12-13,-1,5,-0.0019752752373419554
2024-12-13,1,5,0.002716545113186442
2024-12-13,1,5,0.00401566297494651
2024-12-13,-1,5,-0.0032403378119635114
2024-12-13,-1,5,0.0055278629586910325
2024-12-13,1,5,-0.004007300322762508
2024-12-13,-1,5,0.0020603399105747714
2024-12-13,1,5,0.005014106687072273
2024-12-13,1,5,0.0003538618833368815
2024-12-13,1,6,-0.0010616184876693687
2024-12-13,1,5,0.002271574947448585
2024-12-13,1,6,-0.003297887173654623
2024-12-13,1,5,-0.00010784790739046767
2024-12-13,1,5,-0.0025122051982005896
2024-12-13,1,5,-0.0007481780259273925
2024-12-13,1,5,0.0004573396613648754
2024-12-13,1,5,0.0008251159607516548
2024-12-16,-1,5,-0.0076869084753133695
2024-12-16,-1,5,-0.005386654467469309
2024-12-16,-1,5,0.0021428304143602753
2024-12-16,1,5,-0.0054630364568455155
2024-12-16,1,5,-0.0017027922216087173
2024-12-16,1,5,-0.0018145782858834721
2024-12-16,1,5,-0.0008179831556990087
2024-12-16,1,5,-0.0016076633463529607
2024-12-16,1,5,0.0022751051531192616
2024-12-16,-1,5,0.0005373283436381996
2024-12-16,-1,5,-0.0029774212922500706
2024-12-16,-1,5,-0.0056108187473518974
2024-12-16,-1,5,0.0018643952979108484
2024-12-16,-1,5,-0.012773774056552422
2024-12-16,-1,5,-0.013917739581193222
2024-12-16,-1,5,-0.0034768683538787034
2024-12-16,-1,5,-0.0018030776962943747
2024-12-16,1,5,0.0004631285273645428
2024-12-19,1,5,0.004609505714505602
2024-12-19,1,5,-0.007999591721571142
2024-12-19,1,5,-0.004422875570045037
2024-12-19,1,5,-0.011648419190567782
2024-12-19,1,5,0.0015144368350285212
2024-12-19,1,5,0.017068675015856318
2024-12-19,-1,5,-0.0015359865797826885
2024-12-19,-1,5,0.0014552817664589494
2024-12-19,-1,5,0.0027487895597337
2024-12-19,-1,9,-0.009880072605379464
2024-12-19,-1,5,-0.0006328526468580615
2024-12-19,-1,5,0.0017061809930679853
2024-12-19,-1,5,0.0027123109225484446
2024-12-19,-1,5,-0.0032073182540436115
2024-12-19,-1,5,-0.0011538158098137515
2024-12-19,-1,5,-0.001370489123073115
2024-12-19,-1,5,0.01789149650328772
2024-12-19,1,5,-0.009155111737877064
2024-12-19,1,5,0.004272831816974821
2024-12-19,1,5,-0.02136388979840995
2024-12-19,1,5,-0.021945487820107055
2024-12-19,1,5,0.005095562107032015
2024-12-19,1,5,-0.026397917466575913
2024-12-19,1,5,-0.005360669085750591
2024-12-19,1,5,0.007343164688462656
2024-12-19,1,5,0.0217692511405875
2024-12-19,-1,5,0.003754390620245985
2024-12-19,1,5,0.002490663023333806
2024-12-22,1,5,0.0007168892146573128
2024-12-25,1,5,-0.0031264375751936854
2024-12-25,1,5,-0.0014676410630563904
2024-12-25,1,5,0.001467482806806775
2024-12-25,1,5,0.0019398496569508431
2024-12-25,-1,6,-0.0037005958229015864
2024-12-25,1,41,-0.0009417688245637374
2024-12-25,1,5,-0.0008815100613451583
2024-12-25,1,5,-0.002191324068527267
2024-12-25,1,5,0.001344412743256163
2024-12-25,-1,5,0.003003759257566042
2024-12-25,1,5,-0.0004505065291465544
2024-12-25,1,52,0.00385749477104338
2024-12-25,-1,5,-0.009238025730817423
2024-12-25,1,5,0.00011025747197925852
2024-12-25,1,5,-0.010936640993891666
2024-12-25,1,5,0.000247665903034067
2024-12-25,1,5,0.0019657775369889222
2024-12-25,1,5,-0.00150373437692739
2024-12-25,1,5,0.003015942192019861
2024-12-25,1,5,-0.00042147497202447103
2024-12-25,1,5,-0.005295307636250168
2024-12-25,-1,5,-0.0002118238656661826
2024-12-25,-1,5,-0.0013985268692194627
2024-12-25,-1,5,-0.0032081553083812327
2024-12-25,-1,5,-0.001288797661749141
2024-12-25,1,5,-0.004495611721664438
2024-12-25,1,6,-0.0005498091097571929
2024-12-25,1,5,-0.0005967055588927734
2024-12-25,1,5,0.004019901416425631
2024-12-25,-1,5,-0.001394664705932946
2024-12-28,1,6,0.0013218131353883947
2024-12-28,1,5,0.00023122549254575055
2024-12-28,-1,5,0.004435133058919205
2024-12-28,1,5,0.0013331382472429269
2024-12-28,1,5,-0.0019825082359987475
2024-12-28,1,5,0.0003799613910037362
2024-12-28,1,5,0.0004077460084474186
2024-12-28,-1,5,0.0005853595747222998
2024-12-28,-1,5,-0.0019756162527001294
2024-12-28,1,5,0.000833233754580132
2024-12-28,1,5,-0.0019298088146960431
2024-12-28,1,5,-0.0021219227916325686
2024-12-28,1,5,0.00038300148800143353
2024-12-28,1,5,0.00027604582016440594
2024-12-28,1,5,0.000232262351726931
2024-12-28,-1,5,-0.0007591876091843415
2024-12-28,1,5,-0.0030108316057378733
2024-12-28,-1,5,-0.002987553709466217
2024-12-28,-1,5,-0.0018757278170250299
2024-12-28,-1,5,-0.008661322728490272
2024-12-28,-1,5,0.0032952126277241652
2024-12-28,1,5,0.003432814127807183
2024-12-28,-1,5,0.004795140563909306
2024-12-28,-1,5,-0.0020642439736385573
2024-12-28,-1,30,-0.004070870357527489
2024-12-28,-1,5,-0.0014966568261661536
2024-12-28,-1,5,-0.00026883528732855
2024-12-28,-1,6,-0.0018148214548690863
2024-12-28,-1,5,0.00048816323886271586
2024-12-28,-1,5,-0.0029271960553430617
2024-12-28,-1,5,-0.003027246029856467
2024-12-28,-1,5,-0.003100223200924823
2024-12-28,-1,5,0.002265190518335314
2024-12-31,1,5,0.0025644377940060806
2024-12-31,1,5,0.0021538929366645924
2024-12-31,1,5,-0.0004304384649976618
2024-12-31,1,5,-0.00028375554489876674
2024-12-31,1,5,0.0025722535175357834
2024-12-31,-1,5,-6.51334842977964e-05
2024-12-31,-1,5,-0.0009778852390201816
2024-12-31,-1,7,-0.0027718095079068746
2024-12-31,-1,5,0.0002839708050722759
2024-12-31,-1,5,-0.002037747709454951
2024-12-31,-1,5,-0.0020015383004699846
2024-12-31,-1,5,-0.001107945516776265
2024-12-31,-1,5,-0.0008960480265810307
2024-12-31,-1,5,0.001132169305567499
2024-12-31,-1,5,-0.0076318271141532
2024-12-31,-1,5,-0.0031314935520659667
2024-12-31,-1,5,0.0006504585152839141
2024-12-31,1,5,0.007316896932023332
2024-12-31,1,5,0.002633512949039263
2024-12-31,1,6,-0.0010901171872673473
2024-12-31,1,5,-0.002153505284228285
2024-12-31,1,5,-0.0025693646417078494
2024-12-31,1,5,-0.0037005949557643355
2024-12-31,1,5,0.002020561881929917
2024-12-31,1,6,-0.0019085871653088168
2024-12-31,1,5,-0.001191748429554251
2024-12-31,1,5,-0.002178564593301435
2024-12-31,1,5,-0.0013894345441261887
