day,side,fill_delay,ret
2023-06-04,1,5,-0.00027200817624267726
2023-06-04,-1,5,0.0009816371354744446
2023-06-04,-1,5,7.42020687107271e-05
2023-06-04,-1,43,-0.0011331190666672986
2023-06-04,-1,75,-7.177302756428128e-05
2023-06-04,-1,12,-0.00016014538707859172
2023-06-04,-1,76,-0.001313731378772609
2023-06-04,-1,218,-0.0024667416231272665
2023-06-04,-1,5,-0.0014229764948226475
2023-06-04,-1,5,-0.0009115784638001333
2023-06-04,-1,5,-0.0008601387474683196
2023-06-04,-1,75,-0.0013785273032085876
2023-06-04,-1,5,0.0004075398668411112
2023-06-04,-1,5,-0.0008418078739403366
2023-06-04,-1,22,-0.0015334553802684447
2023-06-04,-1,6,-0.0013858823529411812
2023-06-04,-1,7,7.671434659456422e-05
2023-06-04,-1,7,-0.0027910242736300384
2023-06-04,-1,5,7.262461167861789e-05
2023-06-04,-1,5,-0.00035663542815139715
2023-06-04,-1,8,-0.00017620100607834688
2023-06-04,-1,5,-0.001066224369658253
2023-06-04,-1,5,-0.001268630743869903
2023-06-04,-1,8,-0.0005328180942116288
2023-06-04,-1,5,-0.0005219606722368096
2023-06-04,-1,111,-0.002297811707173525
2023-06-04,-1,6,-0.0006875153464330207
2023-06-04,-1,7,-0.0011134674309803416
2023-06-04,-1,5,0.00037460496095537144
2023-06-04,-1,14,-0.003791050406587726
2023-06-04,-1,12,-0.0001052689018983809
2023-06-04,1,58,-0.004989623530969156
2023-06-07,-1,175,-0.0023321154770950536
2023-06-07,-1,9,0.004383414618495729
2023-06-07,1,6,-0.0014242406929598217
2023-06-07,1,5,-0.00393590040122721
2023-06-07,1,7,-0.0018636123295023288
2023-06-07,1,5,-0.0038064562621123454
2023-06-07,1,5,-0.0026906906946557174
2023-06-07,1,75,0.002225088442802947
2023-06-07,1,5,0.0008419136169643404
2023-06-07,1,6,-3.5554781154189976e-05
2023-06-07,1,5,-0.003717852217334505
2023-06-07,1,5,-0.0034097489156194594
2023-06-07,1,5,0.0017722329482425248
2023-06-07,1,6,-0.003126075965873054
2023-06-07,1,5,-5.8388682119103644e-05
2023-06-07,1,5,-0.002825879940343057
2023-06-07,1,5,-0.004654952857720052
2023-06-07,1,5,-0.003947018483788145
2023-06-07,1,5,0.0021056531415044044
2023-06-07,1,5,0.001341831269552729
2023-06-07,1,6,-0.007794109641657443
2023-06-07,1,9,0.0022495041635126056
2023-06-07,-1,5,0.00889213819830853
2023-06-07,1,5,0.0006897116041215123
2023-06-07,1,5,-0.0003382351735757293
2023-06-07,1,5,0.0037290547349570495
2023-06-07,-1,6,-0.0021237676890580315
2023-06-07,-1,5,0.001130739486444099
2023-06-07,-1,5,0.0008738524948879722
2023-06-07,1,5,-0.0012186073007381393
2023-06-07,1,5,0.0016244602422627596
2023-06-07,1,6,-0.0015246451770516978
2023-06-07,1,5,-0.001703530504541917
2023-06-07,1,17,-0.0018441963548188611
2023-06-07,1,39,0.0007369349189247365
2023-06-10,1,5,-0.0015512488683155357
2023-06-10,1,9,-0.0005009562176952475
2023-06-10,1,5,-0.0014659535964990922
2023-06-10,1,13,-0.016533338375929352
2023-06-10,1,5,-0.007906473458728025
2023-06-10,1,5,-1.8608870178848827e-05
2023-06-10,1,208,-0.00137706668887011
2023-06-10,1,5,0.0008014949415000028
2023-06-10,-1,5,0.0010592194408120537
2023-06-10,-1,5,0.0011712000163388026
2023-06-10,-1,5,-0.0006727032506090301
2023-06-10,-1,13,0.0004283814494761562
2023-06-10,-1,5,0.00033634795920761695
2023-06-10,-1,5,0.00033675268779492795
2023-06-10,1,8,0.015985788425073533
2023-06-10,-1,5,-0.0005348517658046447
2023-06-10,-1,5,0.008693943276306182
2023-06-10,-1,5,-0.0013107775356962503
2023-06-10,-1,5,0.00225345960623774
2023-06-10,-1,5,-0.0012785675551879039
2023-06-10,-1,8,-0.0044978853770272775
2023-06-10,-1,5,-0.0007740438416592997
2023-06-13,-1,7,0.001058810877107741
2023-06-13,-1,5,0.0008141373574601096
2023-06-13,-1,5,-0.0025703951709888373
2023-06-13,-1,5,-0.004783682878965856
2023-06-13,-1,5,-0.0007436973180076633
2023-06-13,-1,5,0.002038020805394891
2023-06-13,-1,5,-0.00047452819385623835
2023-06-13,-1,5,-0.002189029833531919
2023-06-13,-1,14,-0.000778129217753276
2023-06-13,-1,5,-0.0022448433450439897
2023-06-13,-1,9,-0.0008778413094568392
2023-06-13,-1,5,-0.0010542340844866271
2023-06-13,-1,13,-0.0012844305132591605
2023-06-13,-1,22,0.0009006735685757605
2023-06-13,-1,33,-0.004440595823095805
2023-06-13,-1,7,-0.0005029775968191096
2023-06-13,-1,5,0.00012057532921033742
2023-06-13,-1,61,-0.0009275565291989029
2023-06-13,-1,124,-0.0015861183777242105
2023-06-13,-1,8,-0.0002196677378630273
2023-06-13,-1,11,-0.0005943688725489892
2023-06-13,-1,5,-0.004598277851855237
2023-06-13,-1,5,0.004420437582720205
2023-06-13,-1,6,0.0014959012182143572
2023-06-13,1,5,-0.0003960304489403764
2023-06-13,1,5,-0.0037935484082984305
2023-06-13,1,5,0.0022960041346724025
2023-06-13,1,84,0.001435952831432441
2023-06-13,1,5,-0.0019122139245700276
2023-06-13,-1,5,0.002380757427327407
2023-06-16,1,5,0.013828837484467893
2023-06-16,-1,5,-0.0028279816957184623
2023-06-16,-1,5,-0.001173279861681753
2023-06-16,-1,15,-0.009488491734502447
2023-06-16,-1,5,-0.005499817746334845
2023-06-19,1,5,-0.0005623110059458923
2023-06-19,1,5,-0.0011460990210458433
2023-06-19,1,5,0.0009775920405369898
2023-06-19,1,97,-8.966805191251692e-05
2023-06-19,1,5,-0.0017964628239281466
2023-06-19,1,7,-0.0006648458304133186
2023-06-19,1,5,-0.0013465805061316227
2023-06-19,1,5,0.000244154994659629
2023-06-19,1,6,-0.0004110904476933296
2023-06-19,1,5,-0.0006684920996052334
2023-06-19,1,5,0.0005370020092120842
2023-06-19,1,26,-0.0013996969696970507
2023-06-19,1,50,-0.00026677462760110726
2023-06-19,1,5,-0.000615681357793385
2023-06-19,1,197,-0.0020998561649540615
2023-06-19,1,5,0.0010252595330754732
2023-06-19,1,14,-0.0008125658703588833
2023-06-19,1,10,0.0018134349931890337
2023-06-19,-1,16,-0.0017576391493270838
2023-06-19,-1,7,-0.013002646279548558
2023-06-19,-1,5,-0.0019617315452967188
2023-06-19,1,5,0.0011372445722545588
2023-06-19,1,5,0.0008979448943535195
2023-06-19,-1,52,-0.0022075822474230677
2023-06-19,-1,5,0.00010974228536225772
2023-06-22,1,5,0.006073405812586807
2023-06-22,-1,5,-0.0011295645701339674
2023-06-22,-1,5,-0.009143300549705302
2023-06-22,-1,7,0.0030125713412751387
2023-06-22,1,5,-0.0006354673450189029
2023-06-22,1,5,0.0009165994256902787
2023-06-22,1,7,-0.0001300791286538704
2023-06-22,1,6,-0.0009944631876350196
2023-06-22,1,5,0.0013802579901613377
2023-06-22,1,5,-0.0030900794622245598
2023-06-22,1,6,0.001419720075513664
2023-06-22,1,5,0.000978225042334857
2023-06-22,1,5,-0.001241942856480882
2023-06-22,1,5,-0.008110081245294831
2023-06-22,1,5,0.002706604439959681
2023-06-22,-1,5,-1.7525169290488643e-05
2023-06-22,-1,5,-0.0015880931515848684
2023-06-22,1,5,-0.0004587084824772546
2023-06-22,1,5,-0.001744345589239471
2023-06-22,1,14,-0.0025647946906193764
2023-06-22,1,5,0.00032051307699226827
2023-06-25,1,5,-0.0002636241178033959
2023-06-25,1,6,0.0015855950253324536
2023-06-25,1,5,0.00032056605502178714
2023-06-25,-1,5,-0.003047247461990976
2023-06-25,-1,5,-0.00489413467794414
2023-06-25,-1,41,0.00044862274355977894
2023-06-25,-1,5,0.0013026314360340963
2023-06-25,1,35,0.0010524315214943125
2023-06-25,1,5,0.0006880102942569688
2023-06-25,1,5,-0.0006416706954562311
2023-06-25,1,6,0.0023118118347371097
2023-06-25,1,10,-0.002831071831086829
2023-06-25,1,6,0.00046789165081001505
2023-06-25,1,17,-0.004927635355512161
2023-06-25,1,5,0.00433711226180894
2023-06-25,1,5,-5.623268679949545e-05
2023-06-25,1,126,-0.0015408062965397984
2023-06-25,1,6,-0.0024671568120617215
2023-06-25,1,22,0.0010129912343341263
2023-06-25,1,5,-0.003012036358880421
2023-06-25,1,5,-0.004062072570725717
2023-06-25,1,5,-0.0003184443863646912
2023-06-25,1,5,-0.001363749190635366
2023-06-25,1,189,-0.00256354372857287
2023-06-25,1,26,0.0026094076809357047
2023-06-25,1,5,0.0003835125814428131
2023-06-25,-1,57,-0.0003331040268455542
2023-06-28,1,5,0.001061510085386963
2023-06-28,-1,5,0.002644536254397589
2023-06-28,1,5,-0.000513260808281457
2023-06-28,1,5,-0.0019407444378065075
2023-06-28,1,70,0.0013638832719530813
2023-06-28,1,9,0.0003340609002530638
2023-06-28,1,5,-0.0016714169540997248
2023-06-28,1,5,-0.005593870822518221
2023-06-28,1,5,0.001785166652848058
2023-06-28,1,5,-0.00039543466772357083
2023-06-28,1,59,-0.00021082097385943788
2023-06-28,1,5,-0.0038388004946414145
2023-06-28,1,5,-0.006574065371714399
2023-06-28,1,5,0.0033239730136178096
2023-06-28,1,5,0.0033512621570667704
2023-06-28,-1,5,0.0011686408566721762
2023-06-28,-1,5,-0.002214053497942292
2023-06-28,-1,5,-0.0005520101195952142
2023-06-28,-1,5,0.0030892857518435846
2023-06-28,1,5,-0.0035236526092434217
2023-06-28,1,12,0.0005508420842749717
2023-06-28,1,5,0.001440260742096633
2023-06-28,1,104,-0.0006362655086849521
2023-06-28,1,11,-0.0063414902027619235
2023-06-28,-1,5,-0.001324575679861495
2023-06-28,-1,5,0.0010687603779415134
2023-06-28,-1,116,-0.0026702064195019415
2023-06-28,-1,5,-0.0008680563059624834
2023-06-28,-1,113,0.0008437745325706181
2023-06-28,-1,294,-0.0013167299129395738
2023-07-01,-1,24,-0.0005290935322926348
2023-07-01,-1,43,-0.0017675461151574479
2023-07-01,-1,5,-0.00016467800951341916
2023-07-01,-1,5,-0.0007036129598801398
2023-07-01,-1,193,0.0005679259012278393
2023-07-01,-1,63,0.0004800234279716542
2023-07-01,-1,5,-0.0007559770278351973
2023-07-01,-1,99,-0.0006938754522606837
2023-07-01,-1,5,-0.0010697725081148524
2023-07-01,-1,214,-0.00011554989364176416
2023-07-01,-1,6,-0.0009652868152643656
2023-07-01,-1,6,0.00017567418081015928
2023-07-01,-1,8,-5.30318049852262e-05
2023-07-04,-1,13,0.0007125529218508508
2023-07-04,-1,6,-0.00333778189221251
2023-07-04,-1,5,-0.0007122676575171404
2023-07-04,-1,5,-0.000593747271318834
2023-07-04,-1,5,0.0009302606893019649
2023-07-04,-1,9,0.0018765999999999505
2023-07-04,1,5,-0.0042621309344204605
2023-07-04,1,5,-0.00032174012216806813
2023-07-04,1,5,-0.0028074338263227028
2023-07-04,1,10,-0.0005146380799979088
2023-07-04,1,5,-0.0009049664628641428
2023-07-04,1,7,-0.0006856694123452133
2023-07-04,1,5,-0.0036777479075045805
2023-07-04,1,69,-0.00023584067419496469
2023-07-04,1,5,-0.001819483857106452
2023-07-04,1,5,0.0007012382830175468
2023-07-04,1,5,-0.0015755501534651661
2023-07-04,1,7,-0.0008695294512415795
2023-07-04,1,8,0.00017917256901317524
2023-07-04,1,5,6.958852384947322e-05
2023-07-04,1,19,0.0011556452070608514
2023-07-04,1,37,-0.001014422734287701
2023-07-04,1,197,-0.0013495692908032653
2023-07-04,1,5,-0.001056548798854584
2023-07-04,1,5,-0.0013952426122912365
2023-07-04,1,5,8.961375594640606e-06
2023-07-04,1,7,-0.0018410453407007865
2023-07-04,1,5,0.0022322352112493227
2023-07-04,-1,6,0.004658532527301584
2023-07-04,1,10,-0.0016355298909968563
2023-07-04,1,5,-0.0027202377871238803
2023-07-04,1,5,0.0011067608937968543
2023-07-04,1,5,-0.0021803155135589614
2023-07-04,1,5,-0.0066615248691524465
2023-07-04,1,5,0.0002415912425416945
2023-07-04,1,80,0.0005102411709553833
2023-07-04,1,5,3.729285774672919e-05
2023-07-04,1,19,-0.0004931628569478373
2023-07-04,1,6,-0.0010842552327884891
2023-07-04,1,14,-0.0006945583959981349
2023-07-04,1,5,-0.0008277331036206647
2023-07-04,1,7,-0.002240064935064956
2023-07-07,1,5,-0.00011630397571510398
2023-07-07,-1,5,-0.00038237948659941557
2023-07-07,-1,46,-0.0015174356643961606
2023-07-07,-1,5,-0.0014439095942924696
2023-07-07,-1,5,-0.002248370969619329
2023-07-07,-1,5,-0.000682162112811635
2023-07-07,-1,35,-0.000805
2023-07-07,-1,5,-0.00037310631229231495
2023-07-07,-1,5,0.00033245705603629505
2023-07-07,-1,5,0.001320236689132892
2023-07-07,1,5,-0.0009515552846502405
2023-07-07,1,18,-0.000591878367488141
2023-07-07,-1,5,0.0017386516490623394
2023-07-07,-1,5,-0.0021610583902789693
2023-07-07,-1,16,-2.9019578582867192e-05
2023-07-07,-1,10,0.0013905644292029895
2023-07-07,-1,5,0.004586333612688509
2023-07-07,-1,5,-0.0015160070505442769
2023-07-07,-1,5,-0.001882618265298952
2023-07-07,-1,5,-0.0032327536837447046
2023-07-07,-1,5,2.8715040812421597e-05
2023-07-07,-1,73,-0.0016855807215483964
2023-07-07,-1,6,-0.0009729653793711378
2023-07-07,-1,5,6.481447252665317e-05
2023-07-07,-1,5,0.0014540336612504645
2023-07-07,-1,5,-0.0004515882555001237
2023-07-07,-1,5,-0.0013402523119925847
2023-07-07,-1,5,-0.0014159179289552903
2023-07-07,-1,5,-0.00051126481052427
2023-07-07,-1,5,-0.001300123038074974
2023-07-07,-1,5,-0.00042891008151907373
2023-07-10,1,7,-0.0021981272389544615
2023-07-10,1,12,-0.002103334744566754
2023-07-10,1,6,0.00014987468517418956
2023-07-10,1,5,-0.0027976802213203755
2023-07-10,1,5,0.0003363587826394344
2023-07-10,1,5,0.003673132947688618
2023-07-10,1,5,-0.0010140370360539053
2023-07-10,1,132,-0.0016677583712449429
2023-07-10,1,6,-0.001734846409298496
2023-07-10,1,5,3.612957384996351e-05
2023-07-10,1,24,-0.0025526476529689757
2023-07-10,1,31,0.0018912791347939772
2023-07-10,1,63,-0.0009611648569264885
2023-07-10,1,250,-0.0019147967809247102
2023-07-10,1,5,-0.0011741632300119043
2023-07-10,1,5,0.0018694994461389558
2023-07-10,1,5,-0.001215936205468171
2023-07-10,1,5,0.00279338569658244
2023-07-10,1,6,-0.0007455430402326101
2023-07-10,-1,6,-0.005278329665949599
2023-07-10,-1,5,-0.0036835092076231146
2023-07-10,-1,5,-0.012721551455904534
2023-07-10,1,5,-0.002505129533678707
2023-07-10,1,5,-0.003474278646095119
2023-07-10,1,6,-0.0010134398602149042
2023-07-10,1,48,-0.015579155320714355
2023-07-10,1,77,0.0005931206350046625
2023-07-10,1,5,0.0023796186881618886
2023-07-13,1,5,-0.0015200247457872185
2023-07-13,1,5,-5.607472426688565e-05
2023-07-13,1,5,-0.002023347657150343
2023-07-13,1,6,-0.0011115280588533394
2023-07-13,1,5,-0.001593097420712175
2023-07-13,1,10,-0.001616862432221089
2023-07-13,1,60,-0.0007950926338733954
2023-07-13,1,5,-0.000986662042541997
2023-07-13,1,5,0.00029179188374012243
2023-07-13,1,5,-0.0004980915907096261
2023-07-13,1,8,0.000528610618709402
2023-07-13,-1,5,-0.0034405088041747356
2023-07-13,-1,6,-0.0004219786490149978
2023-07-13,-1,14,-0.002144468470091365
2023-07-13,-1,261,-0.0006185603753650625
2023-07-13,-1,5,-0.00033717522164428127
2023-07-13,-1,59,0.0010487805988432242
2023-07-13,-1,77,0.00012086231151503546
2023-07-13,-1,6,-0.0015643635747693563
2023-07-13,-1,5,-0.001799709063959043
2023-07-13,-1,25,-0.000854054234361412
2023-07-13,-1,5,-0.009347141230068357
2023-07-13,-1,5,-0.0036522084695523316
2023-07-13,-1,5,0.0029435014073037613
2023-07-13,-1,5,-0.0009511613166211518
2023-07-13,-1,5,-0.007528982311803045
2023-07-13,-1,6,-0.013028585048401597
2023-07-13,-1,5,0.005052591483106494
2023-07-13,-1,8,-0.003328185161496633
2023-07-13,-1,5,-0.011245672339719237
2023-07-13,-1,66,-0.003914805998170678
2023-07-13,-1,18,-0.003056062290063555
2023-07-13,-1,19,-0.002166096289574926
2023-07-13,-1,5,-0.001414139646061019
2023-07-16,1,5,0.0007334666285083169
2023-07-19,-1,5,-0.004414431397365581
2023-07-19,-1,19,-0.002416939700773224
2023-07-19,-1,5,0.0007145238825168598
2023-07-19,-1,75,-0.0009516881809333299
2023-07-19,-1,5,-0.0021331010157637498
2023-07-19,-1,88,-0.0020549625011248573
2023-07-19,-1,25,-0.0015141466601856224
2023-07-19,-1,5,-0.004105901092757824
2023-07-19,-1,6,0.002225001657550185
2023-07-19,-1,5,-0.001180799821744405
2023-07-19,-1,5,0.0009960234598259121
2023-07-19,1,5,0.0024692539187262663
2023-07-19,-1,185,-0.0001349463957117102
2023-07-19,-1,48,0.0019414194889127434
2023-07-19,-1,10,-0.0023078554253080363
2023-07-19,1,5,-0.0020337315606565043
2023-07-19,1,5,-0.00047314715494844995
2023-07-19,-1,5,-0.001473759885106951
2023-07-19,-1,8,-0.00035708664115113853
2023-07-19,-1,69,-0.0014256061253157815
2023-07-19,-1,5,0.0006058182745992124
2023-07-19,-1,125,-0.0021575758908345954
2023-07-19,-1,26,-0.0004589976578303622
2023-07-19,-1,5,-3.294313401852589e-05
2023-07-19,-1,6,0.0007669238416220803
2023-07-19,1,54,1.1392082335193285e-05
2023-07-19,1,44,-0.0017323021866922361
2023-07-19,1,5,-0.001421291532690272
2023-07-19,1,5,0.0005788766640865695
2023-07-22,1,5,-0.0009420595707694822
2023-07-22,1,5,-0.0011799054367983008
2023-07-22,-1,31,0.00042998821754486327
2023-07-22,-1,6,0.0007126637338539799
2023-07-22,-1,69,-0.0010998943071994227
2023-07-22,1,5,0.00034563538018222994
2023-07-25,-1,90,-0.0011136557356808408
2023-07-25,-1,5,0.0014921244801469613
2023-07-25,-1,15,-0.0005783773301790139
2023-07-25,-1,5,0.0007432852140478174
2023-07-25,1,5,-0.0004920174135255028
2023-07-25,-1,5,-0.0004891516209544754
2023-07-25,-1,5,-0.0006813973961052321
2023-07-25,-1,39,-0.0009731976081613357
2023-07-25,-1,5,-0.0011482297923460227
2023-07-25,-1,115,-0.0008084329341975781
2023-07-25,-1,6,-0.002497430749372642
2023-07-25,-1,136,-0.0009557742600923568
2023-07-25,-1,46,0.00044533399332696844
2023-07-25,-1,5,0.0003944105753744265
2023-07-25,-1,5,0.00023165359979676625
2023-07-25,1,5,0.004537023575030774
2023-07-25,-1,5,-0.0014926661432193566
2023-07-25,-1,5,0.0009211947489497496
2023-07-25,-1,5,1.6687060483022817e-05
2023-07-25,-1,5,-0.0006953846812591257
2023-07-25,-1,5,-0.0016267911623209508
2023-07-25,-1,5,-0.0009384423682941566
2023-07-25,-1,5,-3.143537312505485e-05
2023-07-25,-1,7,-0.0019279646266142092
2023-07-25,-1,5,-0.0014925602898015478
2023-07-25,-1,26,-0.000801582762085029
2023-07-25,-1,5,-0.0006304548441415369
2023-07-25,-1,5,-0.0011473485107840742
2023-07-25,-1,5,-0.000805
2023-07-25,-1,5,-0.001041103269517063
2023-07-25,-1,5,0.0002313722183838186
2023-07-25,-1,5,-9.63773980200976e-05
2023-07-28,1,44,2.7488283498244945e-05
2023-07-28,1,30,-0.000619922078767765
2023-07-28,1,5,-0.0013189556079409859
2023-07-28,1,55,-0.00150433905602948
2023-07-28,1,112,-0.0011582599375792868
2023-07-28,1,5,-0.0018717892388065427
2023-07-28,1,8,0.0002041129073779292
2023-07-28,1,8,-0.0019022431765190473
2023-07-28,1,5,0.000506479912384783
2023-07-28,1,5,0.0008196842319938002
2023-07-28,1,5,-0.0005070303038606226
2023-07-28,-1,5,-0.001269590357700523
2023-07-28,-1,58,-0.00026913456024896243
2023-07-28,-1,6,-0.0005149193917180493
2023-07-28,-1,23,-0.006018312211509447
2023-07-28,-1,5,-0.0020924472197594857
2023-07-28,-1,9,0.001732227366778527
2023-07-28,-1,5,-0.0006176396686106699
2023-07-28,-1,96,-0.00034848944404514126
2023-07-28,1,15,-0.0028910860450744313
2023-07-28,1,5,-0.00033969435235264845
2023-07-28,1,7,0.0004671428082895779
2023-07-28,1,5,-0.0010915925847580499
2023-07-28,1,39,-0.0004192633795987998
2023-07-28,1,198,0.00041118343872453833
2023-07-28,-1,95,0.00039458832309818836
2023-07-28,1,285,-0.0008732749980370768
2023-07-28,1,18,-0.0006684411465481265
2023-07-28,1,5,-0.000521649085254483
2023-07-31,-1,5,-0.005985604472110773
2023-07-31,-1,5,7.118607747108607e-05
2023-07-31,-1,23,-0.0010156729642026296
2023-07-31,-1,22,-0.0008830844194423481
2023-07-31,-1,5,-0.0008016054055522414
2023-07-31,-1,10,-0.0004924479787737356
2023-07-31,-1,5,-0.00045156985852595744
2023-07-31,-1,5,0.00033739862912157703
2023-07-31,-1,68,-0.001189513301437961
2023-07-31,-1,5,-0.0008152056090027781
2023-07-31,-1,5,9.299278204294447e-05
2023-07-31,-1,14,-0.0014075860131955165
2023-07-31,-1,5,-0.0005293482196637166
2023-07-31,-1,71,-0.0015233198804390224
2023-07-31,-1,6,-0.0001483162867768616
2023-07-31,-1,5,-0.0008356469572679547
2023-07-31,-1,5,-8.657984337762093e-05
2023-07-31,-1,5,-0.0004103294138461665
2023-07-31,-1,158,-0.0013394480717317525
2023-07-31,-1,82,-0.0030307995351004924
2023-07-31,-1,7,-0.001127751610360772
2023-07-31,-1,5,0.0003741571235362229
2023-07-31,-1,5,-0.0008629905918793867
2023-07-31,1,41,-0.0020246746850881014
2023-07-31,1,5,-0.00072635972455376
2023-07-31,1,5,-0.002490331801835166
2023-07-31,1,5,-0.002195277644609417
2023-07-31,1,5,-0.00028743359040289674
2023-07-31,1,260,-0.0014901661527920163
2023-07-31,1,5,-0.0002941434409789444
2023-07-31,1,85,-0.0003048955261202856
2023-07-31,1,18,0.0005727314725960109
2023-07-31,1,5,0.0008687205298287259
2023-07-31,1,5,0.0004973778678018514
2023-07-31,1,5,0.00026372373149013983
2023-08-03,1,5,-0.00047899547711610635
2023-08-03,1,5,-0.000780980345059412
2023-08-03,1,5,-0.0007363349515397409
2023-08-03,1,5,-0.0002413815696774012
2023-08-03,1,5,-0.0016703251837099642
2023-08-03,1,5,-0.0014715864930335276
2023-08-03,1,8,-0.001145498710232229
2023-08-03,1,7,-0.0014312861232889662
2023-08-03,1,5,-0.0006156517024132334
2023-08-03,1,5,0.0014351927047488444
2023-08-03,1,5,-0.0003246596445481419
2023-08-03,1,5,-5.924940374307786e-05
2023-08-03,-1,5,0.0006127870933660406
2023-08-03,-1,5,-0.001792406298900595
2023-08-03,-1,236,0.0014178358885718612
2023-08-03,1,23,0.0008101820251846248
2023-08-03,-1,5,-0.000869860805298217
2023-08-03,-1,8,-0.0005661003037438771
2023-08-03,1,5,-0.000472596482691101
2023-08-03,1,8,0.0005139403256583797
2023-08-03,1,5,-0.0002294190229513159
2023-08-06,1,5,8.131692210050512e-05
2023-08-06,1,10,0.0023869179398183227
2023-08-06,1,5,-0.00022710052698921002
2023-08-09,1,5,0.0006192717402987991
2023-08-09,1,5,-0.0009896003067721426
2023-08-09,1,7,0.0006986534078896045
2023-08-09,1,159,-0.0021622340575266352
2023-08-09,1,193,-0.005735820818872084
2023-08-09,1,23,0.0013660328924968712
2023-08-09,1,5,-0.0016022335658879006
2023-08-09,1,5,8.725589225594421e-05
2023-08-09,1,94,-0.00015926370928404088
2023-08-09,1,38,-0.0008251663047935119
2023-08-09,1,106,-0.001930861199798406
2023-08-09,1,5,-0.0027698546714082783
2023-08-09,1,6,0.0008772303880255072
2023-08-09,1,29,0.00030151464702526953
2023-08-09,1,45,-0.00083858533529918
2023-08-09,1,5,0.0019863163525454808
2023-08-09,-1,8,-0.002534779645478935
2023-08-09,-1,8,-0.0034588835162119858
2023-08-09,-1,5,0.0044659213623816085
2023-08-09,1,5,-0.002043377658328238
2023-08-09,1,10,9.37136322784472e-05
2023-08-09,1,5,-0.00327228997026513
2023-08-09,1,5,-0.0007142165387291065
2023-08-09,1,17,-0.0019040155912334877
2023-08-09,1,101,-0.0068453136251977464
2023-08-09,1,5,-0.0019229543468097243
2023-08-09,1,5,-0.00019116184978923412
2023-08-09,1,17,0.0007137830750611474
2023-08-09,1,5,-0.002627898171352394
2023-08-09,1,6,-0.001837571712951791
2023-08-09,1,99,-0.0049934816753926525
2023-08-09,1,46,0.002087907951072443
2023-08-09,1,268,-0.000709979095401103
2023-08-09,1,6,0.0006474426828110835
2023-08-09,1,51,0.0018474659114035563
2023-08-09,-1,39,-0.001220953683726489
2023-08-09,-1,5,-0.0016567398137664058
2023-08-12,-1,117,0.0001901296385608543
2023-08-12,1,9,-0.0002574554482384638
2023-08-15,-1,6,-0.0013150271334435026
2023-08-15,-1,6,-0.0012877140768943751
2023-08-15,-1,22,0.001274228103553765
2023-08-15,-1,5,-0.001472377173657613
2023-08-15,-1,40,-0.0020715123246629052
2023-08-15,-1,9,-0.00021312300156467446
2023-08-15,-1,7,-0.0004748434309053694
2023-08-15,-1,8,-0.0004442410448396993
2023-08-15,-1,9,-0.0006994479628456561
2023-08-15,-1,7,0.000164948609740312
2023-08-15,-1,30,-0.0004920982443490928
2023-08-15,-1,33,-0.0015088853108995992
2023-08-15,-1,6,-0.0008185927278905879
2023-08-15,-1,24,1.7348859415789006e-05
2023-08-15,-1,5,-0.0003084351404666895
2023-08-15,-1,12,-0.0010602305242093935
2023-08-15,-1,5,-0.000839023210634393
2023-08-15,-1,6,-8.856871157425397e-06
2023-08-15,-1,5,-0.0008390570455512613
2023-08-15,-1,5,-0.0009548464074323192
2023-08-15,-1,123,-0.0021030995277780407
2023-08-15,-1,5,0.00034128579592035424
2023-08-15,-1,5,-0.002878911622078262
2023-08-15,-1,144,-0.0005603516819571718
2023-08-15,-1,5,0.001612282036636714
2023-08-15,-1,5,-9.267403418472531e-05
2023-08-15,-1,21,0.0020327443849793014
2023-08-15,1,5,-0.0002590814237555804
2023-08-15,1,6,0.0005877433972698021
2023-08-15,1,66,-0.005764816616408985
2023-08-15,1,13,-0.0007569837567907299
2023-08-15,1,21,0.0009891065486604123
2023-08-15,1,10,0.0008748828881643411
2023-08-15,1,5,-0.0008324064583318801
2023-08-18,-1,5,-0.0042349124469718835
2023-08-18,-1,21,0.0004613159945450751
2023-08-18,-1,5,0.0014165050696845483
2023-08-18,-1,5,-0.0017482792294423732
2023-08-18,-1,15,0.0020075539792568375
2023-08-18,-1,5,-0.0017688208124820304
2023-08-18,-1,5,0.0012813885823141358
2023-08-18,-1,7,0.005099184813482316
2023-08-18,-1,36,-0.004621445340740327
2023-08-18,-1,120,-0.003589659334489126
2023-08-18,-1,5,-0.0031086253776436146
2023-08-18,-1,60,0.0014557299897137166
2023-08-18,-1,5,0.003058632943584161
2023-08-18,-1,7,0.004447604589515153
2023-08-18,1,5,-0.002931824285436535
2023-08-18,1,5,-0.006272696269663369
2023-08-18,1,9,0.0009500260181646847
2023-08-18,-1,6,0.0025086684033098217
2023-08-18,1,5,-0.0027751779701779555
2023-08-18,1,5,-0.0005922027609473467
2023-08-18,-1,5,-0.004223618739123858
2023-08-18,1,5,0.002943637121909759
2023-08-18,-1,9,-0.00015665577141449327
2023-08-18,-1,7,0.0035784127069199982
2023-08-18,1,5,0.001772131229830165
2023-08-18,-1,5,-0.0037915604778496204
2023-08-18,-1,5,0.0015515448545588284
2023-08-18,-1,5,0.0012318860147865762
2023-08-18,1,5,-0.001488191193742272
2023-08-18,1,5,0.00044278757664301116
2023-08-18,1,18,-0.002224789564162999
2023-08-18,1,5,-0.0002401216025638696
2023-08-21,1,5,0.0006356737448704464
2023-08-21,1,5,-0.001529135156570216
2023-08-21,1,5,-0.0011852573458806526
2023-08-21,1,5,-0.0010591530925810333
2023-08-21,-1,28,-0.00017928263231242736
2023-08-21,-1,59,-0.00029015794893066927
2023-08-21,-1,36,-0.004737170066355489
2023-08-21,-1,5,0.0004383052792655273
2023-08-21,-1,8,0.004116240995277909
2023-08-21,1,5,0.0019834737933672186
2023-08-21,-1,5,-0.0018942114186307202
2023-08-21,-1,6,-0.002869971621060341
2023-08-21,-1,6,-0.0004517407999016786
2023-08-21,-1,5,-0.0014159345762073117
2023-08-21,-1,7,-0.0013386650503142694
2023-08-21,-1,11,-0.0012080772065597434
2023-08-21,-1,21,-0.002243710915020236
2023-08-21,-1,57,-0.0007360223257737996
2023-08-21,-1,5,-0.0009506468829650337
2023-08-21,-1,67,-0.005486568958245341
2023-08-21,-1,7,0.0005163116882619945
2023-08-21,-1,159,0.00021227065518353305
2023-08-24,1,19,-0.0029864711295931046
2023-08-24,1,54,0.0001287316242754578
2023-08-24,1,11,-0.000911197375407735
2023-08-24,1,17,0.00092468380166294
2023-08-24,1,6,1.2501419454636871e-06
2023-08-24,1,90,-0.001955121065375376
2023-08-24,1,5,0.0009032686261884471
2023-08-24,1,8,-0.0012435401150790448
2023-08-24,-1,5,0.0003307719098324947
2023-08-24,-1,5,0.0002963382013488337
2023-08-24,1,5,-0.0015239779917052831
2023-08-24,1,112,-0.0012934254526454914
2023-08-24,1,7,-0.003268054187192171
2023-08-24,1,9,-0.0007632208143902307
2023-08-24,1,30,-0.008628680584289616
2023-08-24,1,5,-0.0022429739864387455
2023-08-24,1,7,-0.0022961584652950173
2023-08-24,1,5,-0.00030198382284624115
2023-08-24,1,5,0.00050070362063942
2023-08-24,1,5,-0.004087007238819662
2023-08-24,1,5,-0.0003164933686186643
2023-08-24,-1,5,0.0019274184394172944
2023-08-24,-1,5,0.0033584369651806227
2023-08-24,-1,6,-0.001380276899947852
2023-08-24,-1,6,-0.0016062175439806592
2023-08-24,-1,108,0.0006168318252717797
2023-08-24,-1,5,-0.0023915473051688285
2023-08-27,-1,5,-0.0002660895164710574
2023-08-27,-1,5,-0.0005487358720056011
2023-08-27,-1,7,-0.00029236782506242276
2023-08-27,-1,5,0.0007695323218619987
2023-08-27,-1,5,0.00041866725428191254
2023-08-27,-1,5,0.0010465684774292883
2023-08-30,1,6,-0.0004655309440489418
2023-08-30,1,118,-0.006374380686312298
2023-08-30,1,5,-0.001022864923747313
2023-08-30,1,11,-0.0039361865453422795
2023-08-30,1,6,-0.0024854578427440654
2023-08-30,1,5,-0.0017427337492930683
2023-08-30,1,5,-0.0006370119490631264
2023-08-30,1,50,0.0004766346501429708
2023-08-30,1,40,-0.0009472215739188549
2023-08-30,1,9,-7.573571827063075e-05
2023-08-30,1,17,-0.000914255786004292
2023-08-30,1,5,-0.0022946453260102584
2023-08-30,1,72,-0.0025517790342755586
2023-08-30,1,5,0.0016858783450632298
2023-08-30,1,5,-0.0020728473191222174
2023-08-30,1,6,0.0002966228874922706
2023-08-30,1,5,-0.0009179251998046588
2023-08-30,1,5,-0.0047582604378828
2023-08-30,1,6,0.0026779806403409157
2023-08-30,1,5,0.0009036465547770933
2023-08-30,1,198,-0.002900786557807289
2023-08-30,1,5,-0.0016595541528045543
2023-08-30,1,5,0.0001852871467306617
2023-08-30,1,5,-0.003247042555055424
2023-08-30,1,13,0.0020110875400926598
2023-08-30,1,6,-0.0019289153122514224
2023-08-30,-1,6,0.0014259999268524948
2023-08-30,1,5,-0.00650001960640606
2023-08-30,1,5,0.003137690701821183
2023-08-30,-1,5,0.002498358414388002
2023-08-30,1,5,-0.004158752816268818
2023-08-30,1,5,8.752784539350922e-05
2023-08-30,1,5,0.00013343153129946616
2023-08-30,1,14,-0.0019457543698251922
2023-08-30,1,42,0.0037089234624449467
2023-08-30,-1,62,-0.00049305164396779
2023-08-30,-1,5,-0.0012014626719381583
2023-08-30,-1,5,-0.00046749307560517417
2023-08-30,-1,5,0.0007931467362617961
2023-08-30,1,10,9.064291744670394e-05
2023-08-30,1,5,-0.0008123377800280384
2023-09-02,-1,5,-0.001545456446816973
2023-09-02,-1,6,0.0007094472848399591
2023-09-02,-1,5,-0.0010610928763497562
2023-09-02,-1,5,-0.0008360357803752215
2023-09-02,-1,10,-0.0002345891878047789
2023-09-02,-1,6,-0.000855472108336308
2023-09-02,-1,5,-0.0013755370033999292
2023-09-02,-1,6,-0.0014489799512747426
2023-09-02,-1,5,0.0006992374524110168
2023-09-02,-1,207,-0.0022449658444759213
2023-09-02,-1,5,-0.0004988103174295432
2023-09-02,-1,36,-0.0014526332301774691
2023-09-02,-1,5,-0.0001654750313949126
2023-09-02,-1,195,-0.0005491116603664746
2023-09-02,-1,247,-0.0007894876463492849
2023-09-02,-1,5,-0.0002891502247631127
2023-09-02,-1,5,-0.0006303824125166168
2023-09-02,-1,5,-0.0015850554188626131
2023-09-02,-1,7,-0.001724010725669578
2023-09-02,-1,283,-0.0017620935355500689
2023-09-02,-1,18,-0.0009637037388279811
2023-09-02,-1,208,0.001025608706421599
2023-09-02,-1,68,-0.0013440020319211432
2023-09-02,-1,79,0.00022533683492914635
2023-09-02,-1,6,-0.0007662920706806297
2023-09-02,-1,28,-0.0005029717642320296
2023-09-02,-1,5,-0.001530697808624304
2023-09-02,-1,7,6.250332542939729e-05
2023-09-02,-1,66,0.0020377171284314266
2023-09-02,-1,6,-0.0006812715993056994
2023-09-05,1,7,-0.0019497996988595
2023-09-05,1,5,-0.0014457766990291776
2023-09-05,1,5,-0.0004980107485095807
2023-09-05,1,24,-0.00111582325424181
2023-09-05,1,49,-0.0036421550719005213
2023-09-05,1,5,-0.0023519682150635046
2023-09-05,1,5,0.0010944722821359387
2023-09-05,1,5,-0.0005675063753412534
2023-09-05,1,5,-0.003940697605290644
2023-09-05,1,5,0.001416962343585515
2023-09-05,-1,6,-0.0005680368574801363
2023-09-05,1,5,-0.002775454836941804
2023-09-05,1,238,0.0006670772645844258
2023-09-05,1,5,-0.0006105979999922461
2023-09-05,1,6,-0.0003268565958521318
2023-09-05,1,5,0.0005852858629677438
2023-09-05,1,5,-0.001049802797746191
2023-09-05,1,17,-0.0020245690338215883
2023-09-05,1,101,-0.001407585285256141
2023-09-05,1,290,-0.0004822638193298644
2023-09-05,1,5,-0.0024014264905806715
2023-09-05,1,5,-0.0011707431004897573
2023-09-05,1,5,-0.0011006979834176644
2023-09-05,1,8,0.0007008424351843678
2023-09-05,1,145,-0.0024047514949134263
2023-09-08,-1,17,-0.00234129740887995
2023-09-08,-1,5,-0.0029018588977599014
2023-09-08,-1,5,0.0005818571537131167
2023-09-08,-1,15,0.0007586770379163776
2023-09-08,1,30,-0.0006103791671754898
2023-09-08,-1,5,-0.0006720505739616355
2023-09-08,-1,5,0.0024777324478178486
2023-09-08,-1,5,0.00016683581691373528
2023-09-08,-1,5,0.0011785896105679927
2023-09-08,1,5,0.0033235813789695427
2023-09-08,-1,5,-0.0013430464655377894
2023-09-08,-1,6,0.0007098763173047362
2023-09-08,-1,5,0.0003556564456919654
2023-09-08,-1,7,-0.0010018336794002658
2023-09-08,-1,5,0.0014643415050211162
2023-09-08,-1,5,-0.0003483118406080731
2023-09-08,1,5,0.0004387859288942919
2023-09-08,1,6,0.0021618174669437162
2023-09-08,-1,5,-0.0013194013026341378
2023-09-08,-1,5,-0.0008359376027225472
2023-09-08,-1,6,-0.0016866944000804573
2023-09-08,-1,6,-0.0007740906070218822
2023-09-08,-1,5,-0.0007161310314983126
2023-09-08,-1,5,-0.001504422300365127
2023-09-08,-1,115,-0.0008513329407904834
2023-09-08,-1,6,-0.0006544342201272867
2023-09-11,1,44,-0.005941979672735298
2023-09-11,1,5,-5.377585495530679e-05
2023-09-11,1,39,-0.0017041720610501687
2023-09-11,1,38,0.0010767644171205126
2023-09-11,1,293,-0.0010653397628186956
2023-09-11,1,5,0.00010836624042903653
2023-09-11,-1,26,-0.001501750818682146
2023-09-11,-1,5,-0.00011256227104100558
2023-09-11,-1,5,0.0009589549727282987
2023-09-11,1,5,0.0007561771741916856
2023-09-11,1,6,0.0005419324198067677
2023-09-11,1,5,-0.0023539394823895443
2023-09-11,-1,5,-0.0016316138465617969
2023-09-11,1,5,-0.0021037012987012438
2023-09-11,1,5,0.0003866576152781742
2023-09-11,1,14,0.0022125745415084164
2023-09-11,1,47,-0.01596295217586191
2023-09-11,1,5,-0.0024550474833808233
2023-09-11,1,5,-0.008652520302486255
2023-09-11,1,5,0.0026648625646600865
2023-09-11,1,5,0.0015624204682231357
2023-09-11,1,17,0.0017342731629074737
2023-09-11,-1,38,0.001241663937781412
2023-09-11,1,5,0.0033192453826382255
2023-09-11,-1,5,-0.001249728576590503
2023-09-11,1,11,-0.0030903866643307576
2023-09-11,1,5,0.000872088574235208
2023-09-11,1,5,0.00010025165597243879
2023-09-11,1,13,0.00223314426002047
2023-09-11,-1,25,0.00015350584449930215
2023-09-11,-1,28,-0.0024086801076018127
2023-09-11,-1,5,0.0005456642089874397
2023-09-11,-1,6,-0.0010277711940934187
2023-09-14,-1,5,-0.0051144423231395675
2023-09-14,1,5,-0.005041965815216598
2023-09-14,1,5,-0.0003579505265248194
2023-09-14,1,7,0.0011731789297210748
2023-09-14,1,5,0.0007962749198408559
2023-09-14,1,18,-0.0002828943517317327
2023-09-14,1,5,-0.0027863448759373743
2023-09-14,1,5,-0.0011219027528540093
2023-09-14,1,17,-0.0011144094862657883
2023-09-14,1,5,0.002253326101666342
2023-09-14,1,13,-0.00014182706050497307
2023-09-14,1,5,-0.001216127860764693
2023-09-14,1,7,0.002848110667540371
2023-09-14,-1,40,-0.00018145193547042238
2023-09-14,-1,20,-0.0006414714338413562
2023-09-14,-1,5,-0.0029639323927280192
2023-09-14,-1,6,-0.004765365992443427
2023-09-14,-1,27,0.00168053885498759
2023-09-14,-1,5,-0.004915420142575455
2023-09-14,-1,5,-0.004497028917118062
2023-09-14,-1,5,0.0012612166071220288
2023-09-14,-1,5,-0.0024559904062038673
2023-09-14,-1,8,0.0004517621305682451
2023-09-14,1,5,0.002658343461388213
2023-09-14,-1,8,8.7194423409931e-05
2023-09-14,-1,8,1.575959614125166e-05
2023-09-14,1,5,-0.0009854457008811601
2023-09-14,1,18,-0.001297436772622118
2023-09-14,1,5,0.0007048971688487504
2023-09-14,1,6,0.0009670469026882844
2023-09-17,1,6,-0.0005744642121532916
2023-09-17,1,5,-4.680984892774232e-05
2023-09-17,1,5,0.0006161148948715112
2023-09-17,1,6,-0.001716294378334704
2023-09-20,-1,5,-0.0002458619554381313
2023-09-20,-1,5,-0.0017532121790136412
2023-09-20,-1,5,-0.0056266397247295985
2023-09-20,-1,6,0.004075723882643267
2023-09-20,-1,5,0.0009330312845630684
2023-09-20,-1,5,0.0013545808867894693
2023-09-20,-1,5,0.00045917590841909606
2023-09-20,-1,19,-0.002152703918679999
2023-09-20,-1,11,0.00037515423140616067
2023-09-20,1,7,0.0011304528330515207
2023-09-20,1,6,0.0008538046239178754
2023-09-20,-1,13,-0.000620173515104072
2023-09-20,-1,19,-0.001418714674435384
2023-09-20,-1,61,-0.0011004657093576786
2023-09-20,-1,22,-0.001923935866141202
2023-09-20,-1,6,-0.0026637771901485974
2023-09-20,-1,5,0.002578677346666669
2023-09-20,-1,6,0.0022164046946275273
2023-09-20,1,5,-6.812125543392822e-05
2023-09-20,-1,5,-0.0021371442712246336
2023-09-20,-1,5,-0.0015584459070159817
2023-09-20,-1,6,-0.00041749321863132616
2023-09-20,-1,63,0.0011447280350950773
2023-09-20,-1,9,0.0005433361900821221
2023-09-20,-1,5,-0.005171763829009024
2023-09-20,-1,5,0.0002693233050894973
2023-09-20,-1,47,-0.0012215222968439687
2023-09-20,-1,63,-0.0010555730014961129
2023-09-20,-1,5,-0.0014014697825462386
2023-09-20,-1,5,-0.0006247223724536454
2023-09-20,-1,54,-0.0032667128222488295
2023-09-20,-1,5,0.0018735353915248498
2023-09-20,-1,5,-0.0013681086542072785
2023-09-20,-1,138,0.00144320805675352
2023-09-20,-1,20,0.007913671875287631
2023-09-20,1,5,0.004967097182888736
2023-09-20,-1,5,-0.0025766695947398444
2023-09-20,-1,5,-0.005899999352487362
2023-09-20,-1,5,0.0028175361426970302
2023-09-20,-1,22,0.0008894459826125911
2023-09-20,-1,19,-0.0032905655956295132
2023-09-20,-1,6,-0.0015540774907747967
2023-09-20,-1,5,-0.00023347239890408867
2023-09-26,1,5,-0.000469864041434953
2023-09-26,1,5,-0.000801191042092919
2023-09-26,1,23,0.0005207142857141522
2023-09-26,-1,5,-0.0008240150218672969
2023-09-26,-1,7,-0.003117947943454491
2023-09-26,-1,5,-0.0017424810226514542
2023-09-26,-1,5,0.0010906196022231751
2023-09-26,-1,13,-0.00033408292697750797
2023-09-26,-1,6,-0.001450948194954782
2023-09-26,-1,183,0.00010252026731988339
2023-09-26,-1,8,-0.0008544014820444644
2023-09-26,-1,5,0.0015694486530227203
2023-09-26,1,6,-0.0008544960917124532
2023-09-26,1,6,-0.001486595771821586
2023-09-26,1,30,-0.0004887733836247964
2023-09-26,1,5,-0.00027558106584618647
2023-09-26,1,36,-0.0015856936367755758
2023-09-26,1,5,0.00012510844912044805
2023-09-26,1,7,-0.0012735196683034133
2023-09-26,1,5,-0.0014491285207913207
2023-09-26,1,107,0.0001712236162220716
2023-09-26,1,8,0.00020466227749332832
2023-09-26,1,5,-0.003070889790167175
2023-09-26,1,5,-0.0007324645817186614
2023-09-26,1,14,0.00019521760459334525
2023-09-26,1,6,-0.004383669756238773
2023-09-26,1,5,-0.0004111260778952296
2023-09-26,1,6,-0.001248240392955624
2023-09-26,1,132,-0.0019212378198193991
2023-09-26,1,5,0.0021370440310599093
2023-09-26,1,5,0.0017845356786835853
2023-09-26,1,36,-0.00278816597192294
2023-09-26,1,5,-0.0009425431732737465
2023-09-26,1,104,-0.0015004607809795956
2023-09-26,1,5,0.001049578131273543
2023-09-26,1,19,0.0015846322027752158
2023-09-26,-1,7,-1.0649091857771768e-06
2023-09-26,1,5,-0.0026243954419758464
2023-09-26,1,36,-0.000323484832272236
2023-09-26,1,6,-0.0013246750502480809
2023-09-26,1,7,0.00031529181116390925
2023-09-26,1,58,-0.0019963125820935956
2023-09-26,1,5,0.0005276358314844631
2023-09-29,-1,5,0.0003850714042842873
2023-09-29,1,5,-0.0036139053803339594
2023-09-29,1,5,-0.0010728073275060868
2023-09-29,1,5,0.001669381776643275
2023-09-29,1,5,0.001880882007194662
2023-09-29,1,16,-0.0006194705546216927
2023-09-29,1,5,-0.0006718447002341253
2023-09-29,-1,5,-0.002535882787127408
2023-09-29,-1,5,0.0025043180519983
2023-09-29,-1,44,0.0010555236097858356
2023-09-29,1,11,0.001845488648994198
2023-09-29,1,5,-0.00702718590034096
2023-09-29,1,5,0.007923272728631525
2023-09-29,-1,5,0.003354746114604346
2023-09-29,1,5,0.0016755750457881358
2023-09-29,1,6,-0.000939164657302538
2023-09-29,1,17,0.0004415942596946443
2023-09-29,-1,5,0.0019312472943823766
2023-10-02,-1,16,0.001213441049017716
2023-10-02,-1,5,-0.003461866260308366
2023-10-02,-1,5,-0.0008550318059337702
2023-10-02,-1,6,-0.004753406535933868
2023-10-02,-1,5,0.0027113819309879106
2023-10-02,1,207,0.0022868917373214948
2023-10-02,-1,5,-0.008857188133243377
2023-10-02,-1,5,-0.0031377216261999075
2023-10-02,-1,5,0.0017916613347613297
2023-10-02,-1,5,0.003873156256063715
2023-10-02,-1,5,-0.0022907001361892054
2023-10-02,-1,63,-0.0032289340520333387
2023-10-02,-1,5,-0.0005935998971186572
2023-10-02,1,5,-0.0024701320640228563
2023-10-02,1,11,-0.0006988992042440966
2023-10-02,1,5,0.0004080557333682733
2023-10-02,1,13,-0.012827390907934333
2023-10-02,-1,5,0.002091766226694991
2023-10-02,1,5,0.003323576697353559
2023-10-02,-1,5,0.0003945870857509637
2023-10-02,1,9,-0.008658599745366036
2023-10-02,1,5,0.0009168585986664701
2023-10-02,-1,5,0.0015468614122640667
2023-10-02,1,5,-0.006976528155346828
2023-10-02,1,5,-0.006348458175876204
2023-10-02,1,5,0.0030117799659190037
2023-10-02,-1,12,0.0004588138852471002
2023-10-05,-1,5,0.0006250895156788006
2023-10-05,-1,5,-0.002814024378807345
2023-10-05,-1,5,0.0014589743728180005
2023-10-05,-1,5,0.0011575881631402107
2023-10-05,-1,38,-0.0005054021109018313
2023-10-05,-1,5,-0.0018374574291808998
2023-10-05,-1,5,0.00021196748949675614
2023-10-05,-1,12,-0.00048020164564505075
2023-10-05,-1,5,-0.00945428867181436
2023-10-05,-1,5,-0.0012267343288168697
2023-10-05,-1,5,-0.0027919064295718887
2023-10-05,-1,28,0.0032249161592154407
2023-10-05,-1,5,0.011187081646387542
2023-10-05,1,6,-0.00072881367000438
2023-10-05,1,12,0.00020066964480908178
2023-10-05,1,30,-0.000866983395742149
2023-10-05,1,18,0.0021125784099197964
2023-10-05,-1,7,-0.0008741253460816111
2023-10-05,1,10,0.0018901916904942584
2023-10-05,1,5,-0.0005535706789683846
2023-10-05,1,5,-0.0006519716788300766
2023-10-05,1,17,-0.0012678499163590318
2023-10-05,1,65,0.0013791783806451074
2023-10-05,1,5,-0.0011402122221291777
2023-10-05,1,5,0.0008556081840611074
2023-10-08,1,5,-0.0016218880863321794
2023-10-08,1,5,0.000758693616471795
2023-10-08,1,8,-0.002094255132846945
2023-10-08,1,5,-8.415133518374629e-05
2023-10-08,1,164,-0.0011849051670687616
2023-10-08,1,7,-0.0003389165352072897
2023-10-08,1,27,-0.000704363473973013
2023-10-08,1,8,-0.00044876572018709416
2023-10-08,1,16,0.0006191223306696858
2023-10-08,1,17,0.0034874173295546544
2023-10-08,-1,5,0.00211952020707612
2023-10-08,-1,5,-0.0018612119584676123
2023-10-08,-1,65,0.00039471493340687003
2023-10-11,1,5,-0.00040687011469048285
2023-10-11,1,6,0.00134218437667738
2023-10-11,1,95,-0.012905909027876639
2023-10-11,1,5,-0.001517461054589997
2023-10-11,1,6,-0.002494787485241956
2023-10-11,1,7,9.149722734470541e-07
2023-10-11,1,5,-0.0008420188018494755
2023-10-11,-1,5,-0.0027630347514362996
2023-10-11,-1,212,-0.0016681296714598504
2023-10-11,-1,6,-0.001384729288437525
2023-10-11,-1,5,0.0021844214827530517
2023-10-11,-1,10,0.00431304948305139
2023-10-11,1,5,0.003351820106583137
2023-10-11,1,82,-0.0017118622933293692
2023-10-11,1,7,-0.0007865419827602359
2023-10-11,1,5,-0.0022810692276467592
2023-10-11,1,5,-0.0012520883830919316
2023-10-11,1,5,-0.009827467422976188
2023-10-11,1,5,-0.0028384624183251383
2023-10-11,1,33,0.0008911809659976622
2023-10-11,1,5,-0.0015488547454551305
2023-10-11,1,7,0.0001277446009883555
2023-10-11,1,61,0.0033390148478211206
2023-10-11,-1,5,-0.0018305066714075502
2023-10-11,-1,5,0.0005590831305894439
2023-10-11,-1,5,0.00035898314282928345
2023-10-11,-1,5,0.000437510319946266
2023-10-11,-1,22,-0.0026464207384396254
2023-10-11,-1,8,-0.000917067419759665
2023-10-11,-1,30,-0.002119556094573316
2023-10-14,-1,5,0.0012157937826293153
2023-10-14,-1,5,0.0008619822423696077
2023-10-17,1,41,0.0011610537482319994
2023-10-17,1,5,0.0006117008182242034
2023-10-17,1,5,-0.0012613431700639333
2023-10-17,1,8,-0.0022355949008499576
2023-10-17,1,5,-0.002028183041364817
2023-10-17,1,5,-0.00027924698313680485
2023-10-17,1,43,-0.002292429622214265
2023-10-17,1,5,0.000969910098491622
2023-10-17,1,7,0.0022610896875644992
2023-10-17,1,200,0.005165720098591231
2023-10-17,-1,5,0.0008864523632859389
2023-10-17,-1,20,0.000666240417578956
2023-10-17,-1,5,-0.005131111423747836
2023-10-17,-1,6,-0.0003596203752411208
2023-10-17,-1,5,0.0015244404080731466
2023-10-17,1,9,-0.0008718780953119175
2023-10-17,1,5,-0.006170169726774366
2023-10-17,1,5,0.0009062831072925159
2023-10-17,1,5,0.0006032862430249142
2023-10-17,-1,7,-0.0020219097546781417
2023-10-17,-1,5,-0.005093870749830975
2023-10-17,-1,7,-0.0007804236782327777
2023-10-17,-1,5,-0.0013310038784018485
2023-10-17,-1,198,0.004828871860053152
2023-10-17,1,5,0.00022027966176335634
2023-10-17,1,5,0.00046599250079210064
2023-10-17,1,5,0.0017814046153032392
2023-10-17,-1,5,-0.0014337761697345575
2023-10-17,-1,60,0.0002762822322158188
2023-10-17,-1,5,0.0012757163559042328
2023-10-17,1,5,0.00036446292767305943
2023-10-20,-1,17,0.0010993375029157426
2023-10-20,1,5,0.0002967414510110512
2023-10-20,-1,5,-0.01015437543106762
2023-10-20,-1,7,-0.005576903693053581
2023-10-20,-1,5,-0.0032069215372297344
2023-10-20,-1,5,-0.0030386470016794953
2023-10-20,-1,27,-0.0022872151261078
2023-10-20,-1,5,0.004528196847169597
2023-10-20,-1,14,-0.00034598585277284533
2023-10-20,-1,10,-0.002095503672971788
2023-10-20,-1,12,-0.0017983707013674022
2023-10-20,-1,5,-0.0022040738813380867
2023-10-20,-1,5,-0.015154726850494182
2023-10-20,-1,5,0.003336155291644161
2023-10-20,-1,5,-0.0026703261458791983
2023-10-20,-1,9,-0.006678246673002264
2023-10-20,-1,5,0.0021619431141222667
2023-10-20,1,31,0.000979094446545925
2023-10-20,-1,5,0.003828364222428105
2023-10-20,1,5,-0.01229578726968178
2023-10-20,1,5,-0.0008287507931069026
2023-10-20,1,5,0.0057370687595856285
2023-10-20,1,12,0.0006705766621439291
2023-10-20,1,13,-0.001876967705276733
2023-10-20,1,5,0.0037635400061912243
2023-10-20,-1,17,-0.0008590774388924082
2023-10-20,-1,60,-0.0009671627100092394
2023-10-20,-1,5,-0.0014163894077628414
2023-10-20,-1,102,-0.0008590224801046652
2023-10-20,-1,237,-0.0044420144737643
2023-10-20,-1,5,0.0015099861706496243
2023-10-23,-1,6,-0.0030941125951027826
2023-10-23,-1,5,-0.003532672970548323
2023-10-23,1,24,-0.002003181932208775
2023-10-23,-1,5,-0.003373243537624415
2023-10-23,1,5,0.002076429660082979
2023-10-23,-1,111,-0.003849154897019702
2023-10-23,-1,5,-0.0018796648571604568
2023-10-23,1,6,-0.0017694992587041214
2023-10-23,1,31,0.001151181533646406
2023-10-23,1,5,-0.006121253524340287
2023-10-23,1,6,0.002643660202067799
2023-10-23,1,9,-0.004082992025622512
2023-10-23,1,5,-0.004389710913052791
2023-10-23,1,15,0.0018131364256032678
2023-10-23,-1,5,0.0006619974474244006
2023-10-23,-1,5,0.0018151783023197532
2023-10-23,1,6,0.0024011053687513217
2023-10-23,-1,6,-0.0014538107852566928
2023-10-23,-1,5,-0.007693484109889737
2023-10-23,-1,8,-0.0021070114615971414
2023-10-23,-1,6,-0.003446806671615399
2023-10-23,-1,6,-0.0039058653352326833
2023-10-23,-1,5,-0.00029049415071163976
2023-10-23,1,5,0.0022211152124591016
2023-10-23,-1,5,0.007936292476313611
2023-10-23,-1,63,-2.705005882847045e-05
2023-10-23,-1,5,-0.008645787475247302
2023-10-23,-1,5,-0.011451080639210132
2023-10-23,-1,5,0.0053790130176469275
2023-10-23,1,5,0.003695049293826081
2023-10-23,-1,5,-0.028418013957949573
2023-10-23,1,5,-0.05032578525279524
2023-10-23,1,5,0.0011131992563570559
2023-10-26,1,60,0.006032065897121741
2023-10-26,1,5,-0.002885710740692604
2023-10-26,1,5,-0.00012195175248180801
2023-10-26,1,43,-0.005231377858280706
2023-10-26,1,20,-0.0016117207382366217
2023-10-26,1,5,-0.0014668748475945015
2023-10-26,1,5,-0.003178086408263836
2023-10-26,1,6,-0.007615867012856714
2023-10-26,1,6,0.0037016615743938335
2023-10-26,1,5,0.0009616705730694508
2023-10-26,1,5,0.0004634305011918527
2023-10-26,1,159,-0.0008666892272983228
2023-10-26,1,12,-0.004952071020797144
2023-10-26,1,10,0.004137548782542744
2023-10-29,1,5,-0.00010719822281385339
2023-10-29,1,6,-0.00011961718575342884
2023-10-29,1,5,0.0009795994369385386
2023-10-29,-1,5,-0.0020076159090576806
2023-10-29,-1,5,-0.0011234545895440484
2023-10-29,-1,30,-0.004995749330562849
2023-10-29,1,5,-0.001526261509646798
2023-10-29,-1,5,-0.002274761185549201
2023-10-29,-1,5,0.0009143071828833782
2023-10-29,-1,5,-0.00042719094642612576
2023-10-29,-1,5,-0.001286840109870957
2023-10-29,-1,23,0.0009798904267590003
2023-10-29,-1,71,-8.907913235017817e-05
2023-10-29,-1,5,-0.003155413776774252
2023-10-29,-1,98,0.002261759668651664
2023-11-01,-1,5,0.0027653367883117563
2023-11-01,-1,5,0.001969526379676567
2023-11-01,1,5,-0.0015219353481053521
2023-11-01,1,7,-0.0011824286079271107
2023-11-01,1,5,0.0006271944530790718
2023-11-01,1,69,-0.0027251819241848607
2023-11-01,1,16,-0.0007555849865562013
2023-11-01,1,6,-0.0008951160171045135
2023-11-01,1,5,-0.00022656543577342914
2023-11-01,1,40,0.00039518017232625935
2023-11-01,1,12,-0.0004072102014210376
2023-11-01,1,14,-0.0008166329456654186
2023-11-01,1,5,0.00039094252492283266
2023-11-01,1,6,-0.0012235389502811
2023-11-01,-1,5,-0.01064193597767732
2023-11-01,1,5,-0.01130929799426933
2023-11-01,1,12,-0.004820761063668633
2023-11-01,1,5,-0.0024995642694852216
2023-11-01,1,5,0.003185565101384291
2023-11-01,1,5,0.003789607947131513
2023-11-01,-1,5,0.0009536994880102179
2023-11-01,1,5,-0.00027512120615452707
2023-11-01,-1,6,0.002497900494713934
2023-11-01,-1,5,-0.010008081720944528
2023-11-01,-1,5,-0.010995518387239722
2023-11-01,-1,5,0.0026211762122252957
2023-11-01,-1,5,0.002516565929418013
2023-11-01,1,5,0.001203938071930366
2023-11-01,-1,5,-0.0003197219808372397
2023-11-04,-1,20,-0.0006752163925348164
2023-11-04,-1,9,-0.001055935962296195
2023-11-04,-1,5,0.0005417139602617582
2023-11-04,-1,11,-0.0036889158901168284
2023-11-04,-1,5,0.0004843236518941585
2023-11-04,-1,5,0.00038271693130859097
2023-11-04,-1,6,-0.0019793049384282946
2023-11-04,-1,6,-0.0010038197598024046
2023-11-04,-1,6,0.0005121167536097926
2023-11-04,-1,20,0.0008980366008543572
2023-11-04,-1,6,-0.008848692993755736
2023-11-04,-1,60,-0.00014637299284131478
2023-11-04,-1,5,2.1875759046163898e-05
2023-11-04,-1,5,-0.0031969671204903904
2023-11-04,-1,5,-0.008777449961068051
2023-11-04,-1,5,0.005528334279171709
2023-11-07,1,5,-0.005012609689213965
2023-11-07,1,5,0.0019143634165303403
2023-11-07,1,5,-0.00022088283296822764
2023-11-07,1,12,-0.002630621655650034
2023-11-07,1,6,-0.0013177925997439055
2023-11-07,1,10,0.0006118165222603333
2023-11-07,1,5,-0.0009596365182729659
2023-11-07,1,5,-0.0018646618246804247
2023-11-07,1,130,0.00025298260779810244
2023-11-07,1,41,-0.001976718329227134
2023-11-07,1,6,0.0008268594019766318
2023-11-07,1,56,-0.0011229103836404852
2023-11-07,1,5,0.0005498815839223847
2023-11-07,1,15,-0.0026331221837906926
2023-11-07,1,32,0.0008513218193177408
2023-11-07,1,5,-0.002952555047183225
2023-11-07,1,5,-0.001346562795495665
2023-11-07,1,5,-0.004665594422630426
2023-11-07,1,5,-0.0035896819478963837
2023-11-07,1,5,-0.000280292625266798
2023-11-07,1,5,0.0002277062095067951
2023-11-07,1,45,-0.0014216009727313073
2023-11-07,1,61,-0.002468226833008458
2023-11-07,1,5,0.0008972651667497611
2023-11-07,1,5,0.0002634499124506974
2023-11-07,1,12,0.0006705128271632943
2023-11-07,1,5,0.0007402303601797278
2023-11-07,1,5,-0.0032580738194041836
2023-11-07,1,5,-0.0005369637545827309
2023-11-07,1,6,-0.00032408401343114724
2023-11-07,1,7,-0.002350897613790315
2023-11-07,1,6,0.002751903245890419
2023-11-07,-1,7,-0.012666609769397541
2023-11-07,-1,5,-0.0038774660642447167
2023-11-07,-1,5,0.0016717540152156318
2023-11-07,-1,5,-0.000639176037594169
2023-11-07,1,13,0.0004265063177961159
2023-11-07,1,17,-0.008996466027771766
2023-11-07,1,5,0.0024402256919841547
2023-11-07,1,71,-0.0017588887901134886
2023-11-10,-1,9,0.0009832943052639487
2023-11-10,-1,5,-0.001573053353741749
2023-11-10,-1,12,-0.003133406283694351
2023-11-10,-1,6,-0.0008894640619039883
2023-11-10,-1,15,-0.004901932608861348
2023-11-10,-1,5,0.0015619569555457846
2023-11-10,1,31,-0.002971301969365292
2023-11-10,1,27,-0.0010736410872837499
2023-11-10,-1,5,0.00035257172030450656
2023-11-10,-1,6,-0.006128921919448527
2023-11-10,-1,5,-0.0019334579271471086
2023-11-10,-1,5,0.0015828298745244607
2023-11-10,-1,36,-0.004429126326688959
2023-11-10,-1,5,0.0007852393686318959
2023-11-10,-1,5,0.006232589450615722
2023-11-10,-1,5,-0.000732328319884512
2023-11-10,-1,5,0.005260023507009104
2023-11-10,-1,5,0.0007213420984397145
2023-11-10,-1,5,-0.0015298625168509994
2023-11-10,-1,20,0.005020330966486297
2023-11-10,-1,7,0.0004693159606062314
2023-11-10,-1,5,-0.0017305582860270285
2023-11-10,-1,5,-8.442890052634533e-05
2023-11-10,-1,20,0.002737526394769152
2023-11-10,-1,27,-0.002770628356605631
2023-11-10,-1,5,-0.0008532286681922073
2023-11-10,-1,24,1.7214247071295594e-05
2023-11-10,-1,5,-0.004949219924937964
2023-11-10,-1,5,-0.0014116923241392354
2023-11-10,-1,5,0.0011375413892243391
2023-11-13,1,8,-0.0012770925840999703
2023-11-13,1,12,0.0015504106994463362
2023-11-13,-1,11,0.003383207228000507
2023-11-13,1,5,-0.00399264571902419
2023-11-13,1,5,0.0002825962495557889
2023-11-13,1,5,0.0013523831349626092
2023-11-13,1,5,-0.0026609611575779124
2023-11-13,1,20,-0.002271136323527434
2023-11-13,1,8,0.0018631172230909043
2023-11-13,1,5,-0.0019677245155992895
2023-11-13,1,38,-0.0008836762850686352
2023-11-13,1,18,0.0010125406233893464
2023-11-13,1,39,-0.0023240766184269845
2023-11-13,1,5,-0.00023946295732352174
2023-11-13,1,6,0.003892186586620328
2023-11-13,1,5,-0.002046955822245511
2023-11-13,1,5,-0.0021114992895910345
2023-11-13,1,5,0.0020676234083378264
2023-11-13,1,5,0.0012639955571042694
2023-11-13,1,5,-0.00997282092135382
2023-11-13,1,5,0.0027083948177425987
2023-11-13,1,36,0.00048663257431663665
2023-11-13,1,5,0.00025976159194168746
2023-11-16,-1,5,0.00012996450304264562
2023-11-16,-1,5,0.004137139198744755
2023-11-16,-1,66,0.004594419257752114
2023-11-16,1,5,-0.00044719436322609985
2023-11-16,1,5,0.0014619016340917113
2023-11-16,1,6,-0.0016467508417508658
2023-11-16,1,5,0.001160839854929152
2023-11-16,1,5,0.0008131619285280389
2023-11-16,1,168,0.00017141881679444426
2023-11-16,1,46,0.0026966088110872977
2023-11-16,1,5,0.0008182722597235847
2023-11-16,1,5,0.005880441279317361
2023-11-16,-1,6,0.006618032976164867
2023-11-16,1,7,-0.003985354267310781
2023-11-16,1,5,-0.001993386080288817
2023-11-16,1,5,-0.008715008851676587
2023-11-16,1,5,-0.00637826355205201
2023-11-16,1,6,0.0025580571856320122
2023-11-16,-1,5,-0.004098702017800104
2023-11-16,-1,5,0.007889142036882346
2023-11-16,-1,5,0.0008235932888839836
2023-11-16,-1,37,0.0071925947083583686
2023-11-16,1,76,-0.004359919656614475
2023-11-16,1,5,-0.006955481408393582
2023-11-16,-1,5,-0.00020480179501142215
2023-11-16,-1,6,-0.005893192547918036
2023-11-16,-1,5,-0.00016920855070084995
2023-11-16,-1,7,-0.0013826558282142298
2023-11-16,-1,5,-0.006844287269781646
2023-11-16,-1,6,-0.0026585860398174455
2023-11-16,-1,5,0.002186450632785719
2023-11-16,-1,7,-0.0001361979571138926
2023-11-19,-1,5,-0.0006520083298498512
2023-11-19,-1,6,-0.0021048645519290976
2023-11-19,-1,5,0.00027293320634641527
2023-11-19,-1,7,-0.0019933622455948208
2023-11-19,-1,8,-0.0009578029796580289
2023-11-19,-1,5,0.00047722616286999253
2023-11-19,-1,61,-0.002619207650273181
2023-11-19,-1,5,0.0007689869334532307
2023-11-19,-1,6,-0.00026113406978428555
2023-11-19,-1,173,-0.001882238550922788
2023-11-19,-1,6,0.0012296407834869183
2023-11-19,-1,6,-0.0009636194637022143
2023-11-19,-1,64,-0.0017481022322818895
2023-11-19,-1,5,-0.004474524381586964
2023-11-19,-1,5,-0.0032172365189738206
2023-11-19,-1,5,-0.0024245696183956
2023-11-19,-1,12,-0.004955964895859533
2023-11-19,-1,5,0.0028027180845314192
2023-11-19,-1,5,-0.000712798110403534
2023-11-19,-1,5,-0.0031228332190230135
2023-11-19,-1,5,-0.0011486639994371939
2023-11-19,-1,26,7.888889489554584e-05
2023-11-19,-1,6,-0.014578575720861464
2023-11-19,-1,5,-0.0013823934428419116
2023-11-22,1,5,0.009193601594182643
2023-11-22,1,8,-0.00031102512136699223
2023-11-22,1,148,0.0025518928841007926
2023-11-22,-1,6,-0.000976759939584293
2023-11-22,-1,5,6.75337288819634e-05
2023-11-22,-1,5,0.0009181648430746647
2023-11-22,1,5,-0.0022558821637306825
2023-11-22,1,112,4.813699295297413e-05
2023-11-22,1,5,0.0015442646554914563
2023-11-22,1,5,-0.00065712650303823
2023-11-22,1,6,-0.00018706287100150865
2023-11-22,1,21,-0.005072012625868705
2023-11-22,1,5,-0.0010249306668573266
2023-11-22,1,5,-0.0010381961591220956
2023-11-22,1,11,-0.0005717520079907
2023-11-22,1,56,-0.0023790215152836303
2023-11-22,1,5,0.0028696834087217904
2023-11-22,-1,9,-0.0018488841233970654
2023-11-22,-1,83,-0.0163591719915675
2023-11-22,-1,5,-0.005180297307902093
2023-11-22,-1,5,0.002596633855631414
2023-11-22,-1,5,-0.002759067355012912
2023-11-22,-1,5,-0.0043129744923196545
2023-11-22,-1,5,-0.003841582449988057
2023-11-22,-1,5,0.002894903204819721
2023-11-22,-1,10,0.006661069946682419
2023-11-22,1,11,-0.00635547546940457
2023-11-22,1,5,0.0009139215240032139
2023-11-25,1,5,0.001657629791723625
2023-11-25,1,5,0.001077145858351336
2023-11-25,1,19,2.9207264753583592e-05
2023-11-25,1,5,-0.001035220244033519
2023-11-25,1,12,-0.0011307674073682272
2023-11-25,1,7,-0.0006062086513994313
2023-11-25,1,5,-0.0008262616108328235
2023-11-25,1,8,0.0004333769289845413
2023-11-25,1,6,0.0008835120120637696
2023-11-25,1,5,-0.0006218639139630721
2023-11-25,1,5,-0.0008103100822531294
2023-11-25,1,6,-0.000566785024218419
2023-11-25,1,6,-0.0023968766692227805
2023-11-25,1,24,-0.00011012825953199401
2023-11-25,1,6,-0.000200581381785636
2023-11-28,-1,5,-0.0013339243772383935
2023-11-28,-1,12,-0.00023083013157626498
2023-11-28,-1,5,0.0007148384567465249
2023-11-28,-1,74,-0.0003503934095493987
2023-11-28,-1,5,-0.0005681109986487852
2023-11-28,-1,5,-0.001685293538860988
2023-11-28,-1,5,0.0005210922777317273
2023-11-28,-1,5,-0.001055507749578466
2023-11-28,-1,7,0.0011260530568272809
2023-11-28,1,9,-0.0031244329554118155
2023-11-28,1,6,-0.0009810653988152063
2023-11-28,1,5,0.0020344774061049065
2023-11-28,-1,5,-0.001977313942432224
2023-11-28,-1,5,0.0009943374553536555
2023-11-28,-1,19,-0.0005944054754575822
2023-11-28,1,6,-0.00230540145876873
2023-11-28,1,5,0.0008864063028563574
2023-11-28,-1,5,-0.00021942511117839503
2023-11-28,-1,6,0.0006996109043844734
2023-11-28,-1,5,-0.004333894000880412
2023-11-28,-1,8,-0.0022929751161052114
2023-11-28,-1,16,0.0006243083437219021
2023-11-28,-1,5,-0.0019243296937179744
2023-11-28,-1,5,-0.001388297269254768
2023-11-28,-1,5,-0.005447819740979354
2023-11-28,-1,30,-0.000620576070861467
2023-11-28,-1,5,-0.00023026431158695837
2023-11-28,-1,6,-0.0005801515719314198
2023-11-28,-1,40,-0.006815124005678019
2023-11-28,-1,5,-0.003283614957416303
2023-11-28,-1,5,-0.007825226962556997
2023-11-28,-1,5,-0.005702875213639047
2023-11-28,-1,5,0.0008341335933217953
2023-11-28,-1,5,-0.0018558202965939796
2023-11-28,-1,5,0.0004211659078615093
2023-11-28,-1,104,-0.0029868947479241847
2023-11-28,-1,45,-0.0028414458108339535
2023-11-28,-1,92,-0.0009754278788545733
2023-11-28,-1,5,-0.00010242695730816587
2023-11-28,-1,5,0.002872049128733567
2023-11-28,1,5,-0.0008497510917951366
2023-11-28,-1,5,0.0017221185326407595
2023-11-28,1,5,-0.0024453040100423373
2023-11-28,1,136,-0.0029333787352254226
2023-12-01,1,6,0.0009843511009958728
2023-12-01,-1,5,-0.0008630263650702407
2023-12-01,-1,6,0.0001677114990273344
2023-12-01,-1,5,-0.003516245752995195
2023-12-01,-1,6,-0.0011037053481358083
2023-12-01,-1,5,-0.0003492640125720147
2023-12-01,-1,8,0.000917885531694973
2023-12-01,-1,5,-0.0042015876752390935
2023-12-01,-1,5,-0.0007788665258943727
2023-12-01,-1,5,-0.0009591963625339982
2023-12-01,-1,5,0.0009108527030555202
2023-12-01,-1,5,-0.004571606240759751
2023-12-01,-1,5,-0.005212372331900694
2023-12-01,-1,51,0.0006362353741779514
2023-12-01,1,5,-0.004523583817659327
2023-12-01,1,5,0.0013309775292033588
2023-12-01,1,29,-0.0029337725206177168
2023-12-01,1,12,-0.001735831647233177
2023-12-01,1,9,0.003092621431428133
2023-12-01,-1,6,-0.007280622406638904
2023-12-01,-1,5,0.0008293112563832472
2023-12-01,-1,22,-0.0003279155276812439
2023-12-01,-1,5,4.008638947133891e-05
2023-12-01,-1,5,-0.0014004651846200589
2023-12-01,-1,81,0.0006890829164498125
2023-12-01,-1,5,0.0016527937050596075
2023-12-04,-1,5,0.00042563772088838325
2023-12-04,1,9,0.0033141670841775888
2023-12-04,-1,5,0.00033579812455669666
2023-12-04,-1,5,0.004588479381752386
2023-12-04,1,19,0.00241364058915855
2023-12-04,1,5,0.0014823501797722183
2023-12-04,1,7,0.00448281147382662
2023-12-04,-1,5,1.2240172746980191e-05
2023-12-04,-1,6,-2.9308500862856748e-05
2023-12-04,1,5,-0.001635790139049298
2023-12-04,1,5,-0.0016849494149299704
2023-12-04,1,5,8.272343445531194e-05
2023-12-04,1,5,-0.007198203673326076
2023-12-04,1,5,0.0006734952741386802
2023-12-04,1,5,0.0017197517569273457
2023-12-04,-1,5,0.0037598708354423254
2023-12-04,1,6,-0.004056858204688429
2023-12-04,1,5,0.0002715778668957448
2023-12-07,1,5,0.0010720766016236172
2023-12-07,1,5,0.0013284124331169322
2023-12-07,1,5,-0.0016901067702704275
2023-12-07,1,5,0.0004596690213056198
2023-12-07,1,7,-0.0020964687895041467
2023-12-07,1,13,-0.0029547425785955705
2023-12-07,1,5,-0.007988011332331901
2023-12-07,1,5,-0.002361524161813955
2023-12-07,1,5,-0.0011858354375453017
2023-12-07,1,5,-0.0019134909480953977
2023-12-07,1,5,-0.0006060272546389299
2023-12-07,1,5,-0.0034020839515490064
2023-12-07,1,5,0.006094325177190496
2023-12-07,1,5,-0.0011514115230329414
2023-12-07,1,15,0.004284392682702032
2023-12-07,-1,8,0.0018098358248493374
2023-12-07,1,34,9.04027594891833e-05
2023-12-07,1,5,-0.002054079867501002
2023-12-07,1,6,-0.002302823547168764
2023-12-07,1,18,-0.002508785678055958
2023-12-07,1,10,-0.004167047452238115
2023-12-07,1,5,0.00297336670774756
2023-12-07,1,5,-0.0012463715331537117
2023-12-07,1,5,0.002101344941757677
2023-12-07,1,53,-0.003010410298688815
2023-12-07,1,5,0.0008724951873241849
2023-12-10,-1,7,-0.0003010642848671473
2023-12-10,-1,6,-0.0003638994313440168
2023-12-10,1,6,-0.001132497915922459
2023-12-10,1,5,0.0009292536867208656
2023-12-10,1,5,0.0011805992524802078
2023-12-10,-1,5,0.0011286852989810803
2023-12-10,-1,6,0.0008459127839854363
2023-12-10,-1,5,-0.0017884542921405289
2023-12-10,-1,5,-0.001826745660425566
2023-12-10,-1,5,0.000704636436803352
2023-12-10,-1,5,-0.001826146139885687
2023-12-10,-1,18,0.002372980550213344
2023-12-10,1,71,0.000505927830334485
2023-12-13,-1,9,0.002342245798450937
2023-12-13,-1,13,0.00020867006487484973
2023-12-13,1,6,-0.0012954745948727253
2023-12-13,1,5,0.0014749806458233539
2023-12-13,-1,7,0.0005258341600266614
2023-12-13,-1,5,0.0010787268962483831
2023-12-13,1,6,0.0029762239289394254
2023-12-13,-1,12,-0.0006974468345147254
2023-12-13,-1,11,-0.0016081363818339356
2023-12-13,-1,6,-0.0026710675735999723
2023-12-13,-1,20,0.0021843800264586544
2023-12-13,1,11,0.007072135275919711
2023-12-13,-1,5,-1.4361579452891763e-06
2023-12-13,-1,5,-0.0032603435902416877
2023-12-13,-1,6,0.0007500818719115565
2023-12-13,-1,5,9.043546312698114e-05
2023-12-13,-1,7,-0.002817135922330183
2023-12-13,-1,71,0.001978369548629011
2023-12-13,-1,6,-0.0025543773917269808
2023-12-13,-1,15,0.0013749224054316334
2023-12-13,-1,13,-0.004084917989875481
2023-12-13,-1,5,-0.001258984870407931
2023-12-13,-1,147,-0.004413382512812591
2023-12-13,-1,16,-0.004762474086527357
2023-12-13,-1,5,0.0021421796960285344
2023-12-13,-1,194,-0.002266384426231449
2023-12-13,-1,6,-0.008854347467518064
2023-12-13,-1,5,-0.004846520702923185
2023-12-13,-1,15,-0.0019466150874326016
2023-12-13,-1,5,0.0015997800067210632
2023-12-13,-1,5,-0.00017558369455500367
2023-12-13,-1,6,-0.002003291008775554
2023-12-13,-1,7,-0.0009760254400342226
2023-12-13,-1,39,-0.005117442000384387
2023-12-13,-1,5,-0.010846422046730864
2023-12-13,-1,5,0.002367272885599625
2023-12-13,-1,5,-0.005634025751676985
2023-12-13,-1,5,0.00030062703514682776
2023-12-13,-1,11,-0.00573818477720095
2023-12-13,-1,5,-0.0043658432671492275
2023-12-13,-1,5,0.00441321741800188
2023-12-13,-1,72,0.0014854206933115344
2023-12-16,1,5,-0.003123620932881377
2023-12-16,1,5,0.0011634663162924386
2023-12-16,-1,13,-0.00027591327960224666
2023-12-16,-1,5,-0.0039809489953484545
2023-12-16,-1,5,2.8358908559400595e-05
2023-12-16,-1,50,-0.0028825492473605885
2023-12-16,-1,6,0.001303660823673558
2023-12-16,1,5,0.0014239877133849776
2023-12-16,1,64,-0.0005388458567099906
2023-12-16,1,9,-0.0010406356507313697
2023-12-16,1,5,-0.0015851911586191592
2023-12-16,1,36,-0.0007601734551357374
2023-12-16,1,6,-0.0015128326400505876
2023-12-16,1,27,-0.0003562591903299438
2023-12-16,1,5,-0.003494371669275742
2023-12-16,1,6,0.0003146352782163465
2023-12-16,1,5,-0.0013513408173355113
2023-12-16,1,32,-0.0008499787179643835
2023-12-19,-1,5,-0.0007699393450669166
2023-12-19,-1,5,-0.012571628534074286
2023-12-19,-1,5,0.006126706103035506
2023-12-19,1,13,-0.001248334431998066
2023-12-19,1,5,-0.0019884951163421927
2023-12-19,1,5,0.0012344889663182257
2023-12-19,1,34,-0.004326486169235533
2023-12-19,1,9,-0.0004090388041971259
2023-12-19,1,6,-0.0010680145658863993
2023-12-19,1,5,-0.002240969046372221
2023-12-19,1,5,0.000651788166684486
2023-12-19,1,5,0.001138754495659755
2023-12-19,1,12,0.001196862197392956
2023-12-19,1,5,-0.0010674793849156372
2023-12-19,-1,5,0.002501022046312029
2023-12-19,1,11,-0.0016610710283757046
2023-12-19,1,33,-0.0030061293558213964
2023-12-19,1,9,-0.0022545889728858293
2023-12-19,1,5,-0.0003603444799858412
2023-12-19,1,5,-0.0012960402606469468
2023-12-19,1,5,-0.0052389185453765585
2023-12-19,1,5,-0.008112004104927129
2023-12-19,1,5,0.007868762164638665
2023-12-19,1,6,0.0006585681933508059
2023-12-19,1,99,-0.0038343044603977305
2023-12-19,1,41,-0.01121229644031746
2023-12-19,1,5,0.00035994193194172086
2023-12-19,1,5,0.005412117574561337
2023-12-19,1,5,0.0010123923977953253
2023-12-19,1,5,0.0008591377139057221
2023-12-19,1,31,-0.00038160493929378914
2023-12-22,-1,6,-0.0015658200455582194
2023-12-22,-1,5,0.0006061756003186702
2023-12-22,-1,5,-0.005000628888534309
2023-12-22,-1,13,-0.0024852721088435836
2023-12-22,-1,15,0.0017800965336617902
2023-12-22,-1,9,-0.0015067161387898875
2023-12-22,-1,6,0.0013827567323448364
2023-12-22,-1,5,-0.0019263307063020485
2023-12-22,-1,12,-0.002054659802231573
2023-12-22,-1,31,-0.0016181499253667408
2023-12-22,-1,6,-0.00014412130292690273
2023-12-22,-1,6,-0.003549382627219544
2023-12-22,-1,5,0.011321899258299128
2023-12-22,1,21,-0.0058922772463487205
2023-12-22,1,9,0.0023446857191324333
2023-12-22,1,5,-0.0037847949791369184
2023-12-22,1,13,-0.0021318252440533647
2023-12-22,1,5,0.0035633242603658193
2023-12-22,1,18,-0.0003788831615119669
2023-12-22,1,5,-0.0005344533582175014
2023-12-22,1,6,-0.0032543308977370233
2023-12-22,1,8,0.0007838249583277945
2023-12-22,1,5,0.0018749492945326351
2023-12-22,1,5,0.002013734731853567
2023-12-22,-1,12,-0.005059726967440448
2023-12-22,-1,58,0.006301333659068653
2023-12-22,1,5,0.0009230328120243825
2023-12-22,1,38,0.0005388706221182704
2023-12-22,1,12,0.0008117390807224623
2023-12-22,-1,5,-0.00213403672146667
2023-12-25,-1,54,-0.002486756984959204
2023-12-25,-1,16,0.0004991752072830979
2023-12-25,-1,5,-0.001240550053870637
2023-12-25,-1,5,0.0010219303231611687
2023-12-25,1,5,-0.0013785278875056428
2023-12-25,1,5,-0.0009178772172310777
2023-12-25,1,52,0.0015283271909780072
2023-12-25,-1,5,-0.0028361271380133446
2023-12-25,-1,5,0.0017707645015311857
2023-12-28,-1,5,-0.008193312990369794
2023-12-28,-1,5,0.0032423815290563707
2023-12-28,-1,24,0.0017662292260005041
2023-12-28,1,8,0.00010470645269750067
2023-12-28,1,5,-0.0021960768408736953
2023-12-28,1,5,0.00011992002094335385
2023-12-28,1,5,0.00152438574259256
2023-12-28,-1,5,0.005659811221556066
2023-12-28,1,5,-0.003749316224634869
2023-12-28,1,5,-0.0009322662061944097
2023-12-28,1,5,-0.002924879657486612
2023-12-28,1,15,-0.0018345341821580097
2023-12-28,1,14,-0.0038669830870737276
2023-12-28,1,5,0.0014767176211464839
2023-12-28,1,10,-0.0002985473753905342
2023-12-28,1,9,-0.0028004608492438465
2023-12-28,1,6,0.002933352564356173
2023-12-28,1,5,0.0005843269997959921
2023-12-28,1,16,-0.0012312870858181557
2023-12-28,1,219,-0.0023498075243938987
2023-12-28,1,7,-0.0014011480024402334
2023-12-28,1,5,-0.00591837547713242
2023-12-28,1,5,-0.00419167225677225
2023-12-28,1,12,1.3407145863453371e-05
2023-12-28,1,5,-0.002405523382828789
2023-12-28,1,5,-0.0023538713360537478
2023-12-28,1,5,-0.0015836262406423995
2023-12-28,1,97,-0.0033547985518271317
2023-12-28,1,5,-0.002421588504102734
2023-12-28,1,5,0.003934638381398237
2023-12-28,1,142,0.0025525364576226006
2023-12-28,1,21,-0.00041462394557317806
2023-12-28,1,11,-0.001667895944624076
2023-12-28,1,204,0.0009805968122397757
2023-12-28,1,19,-0.0037373929641349446
2023-12-28,1,5,0.0018873448368458834
2023-12-28,1,6,8.7177947239503e-05
2023-12-28,1,9,0.002809514387644929
2023-12-31,-1,50,-0.0012863920726052247
2023-12-31,-1,6,0.003341734976931188
2023-12-31,1,17,0.0011760127184347602
2023-12-31,-1,6,-4.805861091788921e-05
2023-12-31,-1,6,0.0006534529997564431
2023-12-31,-1,5,-0.0004032132306019397
2023-12-31,-1,83,-0.0016675905129222568
2023-12-31,-1,5,-0.0024044648035297933
2023-12-31,-1,5,0.0009765466551345248
2023-12-31,-1,7,-0.00041429409327992095
2023-12-31,-1,7,-0.007504087172872265
2023-12-31,-1,10,-0.0017991753023463564
2023-12-31,-1,6,0.0017845715988502042
2023-12-31,-1,5,-0.000287915141929329
2023-12-31,-1,5,0.0010177055697946913
2023-12-31,-1,6,-0.000427099437139311
2023-12-31,1,9,0.0011941654427280457
2023-12-31,-1,5,-0.00128248864494368
2023-12-31,-1,5,-0.0007321845800429271
2023-12-31,-1,5,0.0018236734478141448
2023-12-31,-1,5,-0.0026187776618716296
2023-12-31,-1,5,-0.0007112860944963882
2023-12-31,-1,64,0.0017421587580550013
2023-12-31,-1,32,-0.0024771779648281034
2023-12-31,-1,9,-0.0025289559511663673
2023-12-31,-1,7,0.00027245748141974124
2023-12-31,-1,5,-0.0015667324373796476
2023-12-31,-1,6,0.0002633935905756447
2023-12-31,-1,7,9.765826999091909e-05
2023-12-31,-1,17,-0.0015487072280365166
2023-12-31,-1,5,0.00075368751479582
2023-12-31,-1,6,-0.0015518961532499653
2023-12-31,-1,5,0.006731161134437447
2023-12-31,1,6,0.001412899755675212
2024-01-03,1,5,-5.1673362903514766e-05
2024-01-03,1,5,0.0034205178646368743
2024-01-03,-1,5,-0.0003641217705669385
2024-01-03,-1,13,0.00030379652591788775
2024-01-03,-1,5,-0.0014929550536031955
2024-01-03,-1,115,0.006889189036441701
2024-01-03,1,5,0.001744905127550822
2024-01-03,1,7,0.0035874514579789523
2024-01-03,-1,5,-0.001930258975043453
2024-01-03,-1,37,0.000503485329103881
2024-01-03,1,5,-0.005791057628469043
2024-01-03,1,5,-0.011711818318294764
2024-01-03,1,19,-0.06150066273241778
2024-01-03,-1,5,-0.010834840451773797
2024-01-03,-1,5,0.0021239155719501857
2024-01-03,1,5,-0.001882185769858491
2024-01-03,1,36,-0.006866734476232594
2024-01-03,1,6,0.0009806422976687545
2024-01-03,-1,5,0.0003509223954666908
2024-01-03,-1,5,-0.009742356892700255
2024-01-03,-1,5,-0.0001996590300575306
2024-01-03,1,5,0.0003722458544294649
2024-01-03,1,5,0.0030359954287239588
2024-01-03,1,17,-0.012964085857605057
2024-01-03,1,5,0.009780078187119068
2024-01-03,-1,5,0.007606810983302126
2024-01-03,-1,8,0.0007285128665469043
2024-01-03,1,5,0.000629361603962042
2024-01-03,-1,264,0.000807260636376872
2024-01-06,1,200,-7.170405038175998e-05
2024-01-06,1,5,-0.0020381296284942008
2024-01-06,1,6,-0.0023324289415961874
2024-01-06,1,131,-0.0010917970910580554
2024-01-06,1,87,-0.0022731413330723815
2024-01-06,1,6,0.0009319500797810298
2024-01-06,1,16,-0.0010397819149542964
2024-01-06,1,8,-0.002859652385198308
2024-01-06,1,5,-0.0026204837441036744
2024-01-06,1,5,-0.0033311481503515705
2024-01-06,1,78,-0.003652355584465139
2024-01-06,1,5,0.0030478195319997847
2024-01-06,1,13,-0.00015752194996504476
2024-01-06,1,5,0.0003435583414909683
2024-01-06,-1,5,0.00031711431881736873
2024-01-06,-1,5,0.0011912308609087208
2024-01-06,-1,6,0.00019414878895890342
2024-01-06,-1,5,0.0011508790084148735
2024-01-06,-1,5,-0.004010929833337118
2024-01-06,-1,5,0.0046992420506871135
2024-01-06,1,5,0.0007676854173314651
2024-01-06,1,5,0.0003438949594804509
2024-01-06,1,5,0.00027951697896949634
2024-01-06,1,5,-0.0010401023836641987
2024-01-06,1,5,0.0016445802351780503
2024-01-09,-1,5,0.006049987704343673
2024-01-09,1,5,0.005514071107312224
2024-01-09,1,8,0.0007868360322841883
2024-01-09,-1,5,-0.00022743099009386858
2024-01-09,-1,15,0.0017072683503195907
2024-01-09,-1,6,0.0017293536223964012
2024-01-09,1,5,0.0038386706661576735
2024-01-09,-1,15,0.0012198795324834255
2024-01-09,-1,5,-0.0026931102451338007
2024-01-09,-1,5,0.00020330734401624595
2024-01-09,-1,5,-0.0013601415717766074
2024-01-09,-1,5,0.00566085308061931
2024-01-09,1,16,0.0013941770821239152
2024-01-09,1,8,0.0007459412126595288
2024-01-09,1,40,-0.0006160837993623435
2024-01-09,1,5,-0.000993638799571317
2024-01-09,1,15,-0.0019271466257286263
2024-01-09,-1,5,0.0009545858993959544
2024-01-09,-1,7,0.0016340035902814853
2024-01-09,1,5,-0.005837943094789189
2024-01-09,-1,271,-0.0038570995750160653
2024-01-09,-1,6,0.0007405884641540905
2024-01-09,-1,47,-0.001151100599907695
2024-01-09,1,5,-0.00021578793722204493
2024-01-09,1,5,-0.0029007794819541632
2024-01-09,1,5,0.0021454547095533516
2024-01-09,-1,5,-0.0031929881627684176
2024-01-09,-1,5,0.001638453784579108
2024-01-09,1,5,-0.021065777614049985
2024-01-09,-1,5,0.005778736144951335
2024-01-09,-1,5,-0.011514360407699098
2024-01-09,-1,13,-0.003544648524201943
2024-01-09,1,7,-0.0021522849279820844
2024-01-12,1,69,-0.002637573178813024
2024-01-12,1,5,-0.0002274891797833799
2024-01-12,1,28,-0.0033357146565149987
2024-01-12,1,5,0.001585102978302444
2024-01-12,1,5,0.0005404342979584142
2024-01-12,1,21,-0.005612296518555493
2024-01-12,1,5,0.00284612091807096
2024-01-12,1,5,-0.0023371646056954964
2024-01-12,1,14,-0.0035347385266356057
2024-01-12,1,5,0.0029871913946425965
2024-01-12,1,5,0.003587854116834322
2024-01-12,1,5,-0.004789288168679018
2024-01-12,1,6,-0.0012054910368364813
2024-01-12,1,172,-0.003747816565160156
2024-01-12,1,5,-0.000492534824571511
2024-01-12,1,5,-0.0007067415759778871
2024-01-12,-1,16,-0.0014577018822100052
2024-01-12,1,5,-0.0019106505708900712
2024-01-12,1,12,-0.005074906969238457
2024-01-12,1,6,0.002292905632018616
2024-01-12,1,5,-0.006989485227409442
2024-01-12,1,6,-0.011515842394467402
2024-01-12,1,5,-0.008893724518292567
2024-01-12,1,5,-0.010549206177983661
2024-01-12,1,5,-0.01640033496067267
2024-01-12,1,5,-0.0005680642463946061
2024-01-12,1,7,0.005820318790287382
2024-01-12,-1,5,0.004632920309251831
2024-01-12,1,5,-0.0019367187172933398
2024-01-12,1,5,0.004703455052296801
2024-01-12,-1,5,-0.0023336559973966
2024-01-12,-1,5,-0.006099479692673049
2024-01-12,-1,5,0.0030678236736890185
2024-01-12,-1,43,0.006818705079496612
2024-01-12,1,27,-0.031548986523184
2024-01-12,-1,5,-0.012497161745523455
2024-01-12,-1,81,0.0009492099873334436
2024-01-15,1,6,0.008568145471600619
2024-01-15,-1,5,0.002774983244640039
2024-01-15,-1,13,-0.004713036223583045
2024-01-15,-1,12,0.0005852086249104604
2024-01-15,-1,5,0.004923480296686711
2024-01-15,-1,5,-0.0007815606504887883
2024-01-15,-1,53,-0.003129780235618551
2024-01-15,-1,8,-0.008784046533145073
2024-01-18,-1,51,0.0018023637564745232
2024-01-18,1,5,-0.001493100326436736
2024-01-18,1,5,0.0014805022115111366
2024-01-18,-1,146,-0.0029253379449321604
2024-01-18,-1,14,0.0006180624771085497
2024-01-18,-1,5,-0.0010870979695941085
2024-01-18,-1,5,-0.0013201695280720682
2024-01-18,-1,6,0.0006658864713411927
2024-01-18,-1,5,0.0023524009899256737
2024-01-18,1,6,-0.005191674071522379
2024-01-18,1,5,-0.0022841994920396735
2024-01-18,1,5,-0.0007767407686512516
2024-01-18,1,7,-0.00011452897150460151
2024-01-18,1,5,-0.0005504229161806261
2024-01-18,1,5,0.0042517558966017055
2024-01-18,1,7,-0.00021746974219177806
2024-01-18,-1,5,-0.00302472200735987
2024-01-18,1,5,-0.007960100157275496
2024-01-18,1,5,-0.011799095982990393
2024-01-18,1,5,-6.148602384975488e-05
2024-01-18,1,5,-0.008673990393234299
2024-01-18,1,18,-7.236629630480332e-06
2024-01-18,1,5,-0.0007905622076347928
2024-01-18,1,5,-0.013982053875497946
2024-01-18,1,5,-0.002229953274220542
2024-01-18,1,5,0.00294346570153875
2024-01-18,1,5,0.00041635614500917795
2024-01-18,-1,5,-0.00496374784944803
2024-01-18,-1,5,-0.0021852170506531654
2024-01-18,-1,80,0.0018889303063527874
2024-01-18,-1,8,0.00018237706187557168
2024-01-21,-1,5,6.247727065761277e-05
2024-01-21,-1,76,-0.0013225784994058132
2024-01-21,-1,5,-0.0010610997209231088
2024-01-21,-1,78,2.767333602909938e-05
2024-01-21,-1,5,-2.585570911872617e-06
2024-01-21,-1,15,-0.0006900101095277943
2024-01-21,-1,7,-0.0005272647870058765
2024-01-21,-1,27,-0.002275088253180846
2024-01-21,-1,5,-0.0006018062727098371
2024-01-21,-1,5,-0.000419961496149701
2024-01-21,-1,16,0.0002213133341786856
2024-01-21,-1,5,0.0007029057343501122
2024-01-21,1,5,-0.0005643840230991625
2024-01-24,-1,5,-0.001780382254562174
2024-01-24,-1,5,-0.004593865293693267
2024-01-24,-1,5,0.0016746050610910168
2024-01-24,1,6,-0.0022747251664099744
2024-01-24,1,5,0.0009940130554075277
2024-01-24,1,88,-0.0021114341883777255
2024-01-24,1,5,-0.004770750791013911
2024-01-24,1,5,0.0021139738353800896
2024-01-24,1,13,0.003475384050467712
2024-01-24,-1,5,-0.0027814628079297354
2024-01-24,-1,5,-0.0029215662590316716
2024-01-24,-1,5,-0.0008651139158706854
2024-01-24,-1,11,-0.0037299724531703604
2024-01-24,-1,7,0.0005196125508288296
2024-01-24,-1,5,-0.003687507206267926
2024-01-24,-1,5,-0.008138865495908976
2024-01-24,1,6,-0.002626878448644343
2024-01-24,1,5,-0.001002178598883685
2024-01-24,1,9,-0.004482039982813768
2024-01-24,1,6,-0.00011310767448985393
2024-01-24,1,5,-0.0012480837628576213
2024-01-24,-1,5,0.00206298061743887
2024-01-24,1,12,0.002716902377972452
2024-01-24,-1,5,-2.3297503995433093e-06
2024-01-24,-1,5,0.008649079827808659
2024-01-24,1,100,-0.001114347578411945
2024-01-24,1,5,-0.00017321332742664664
2024-01-24,1,123,0.0029145677449552987
2024-01-24,-1,10,0.003805498018887688
2024-01-24,1,8,-0.003327068095838659
2024-01-24,1,5,0.00032736002491690075
2024-01-24,1,6,0.0029738765583774973
2024-01-24,-1,6,0.001012885485751569
2024-01-24,-1,8,-0.006606689086654127
2024-01-27,1,5,-0.0006924874021796977
2024-01-27,1,5,-0.000888753897547445
2024-01-27,1,5,0.0017501950848383685
2024-01-27,1,5,-0.0016818618381127526
2024-01-27,1,8,-0.00014993484014264025
2024-01-27,1,8,-0.000783481254781837
2024-01-27,1,6,-0.0011158887592190303
2024-01-27,1,50,0.0002713773444095736
2024-01-27,1,17,-0.0013858894541073918
2024-01-27,1,25,-0.001800096280349217
2024-01-27,1,49,-0.00022799358589137275
2024-01-27,1,5,-0.0022837696062597
2024-01-27,1,5,-0.003718928867545601
2024-01-27,1,5,0.00036778090866501645
2024-01-27,1,14,-0.0028404572818004348
2024-01-27,1,5,-0.0013916202499386077
2024-01-27,1,5,0.0009228399109330598
2024-01-27,-1,51,-9.891039603254759e-05
2024-01-27,-1,5,7.463992131057095e-05
2024-01-27,-1,5,0.0009553699404291627
2024-01-27,-1,5,-0.0014227020529649637
2024-01-27,-1,5,-0.0020312619685305955
2024-01-27,-1,5,-0.001092043428959022
2024-01-27,-1,5,3.9692790452072854e-05
2024-01-27,-1,5,0.00023935667628743895
2024-01-30,-1,8,-0.0009206309983580961
2024-01-30,-1,20,0.001121706511481635
2024-01-30,-1,9,-0.00745957586054341
2024-01-30,-1,5,-0.002644742113746379
2024-01-30,-1,5,-0.0027547300727471247
2024-01-30,-1,5,0.007801214226561604
2024-01-30,-1,5,-0.0011089625665492986
2024-01-30,-1,79,0.005839121376978007
2024-01-30,1,7,0.0027477061900408883
2024-01-30,-1,5,-0.0023365729047071793
2024-01-30,1,5,-0.010411502863476862
2024-02-02,-1,17,-0.0018108846570142334
2024-02-02,-1,19,0.001445226063306826
2024-02-02,1,17,-0.0006795175315273404
2024-02-02,1,21,-0.00011153647548317591
2024-02-02,1,6,-0.0008724829780006326
2024-02-02,1,5,0.0006130367758174216
2024-02-02,1,5,0.002777743197912741
2024-02-02,-1,47,0.0009411545230960106
2024-02-02,1,5,-0.007250689357854612
2024-02-02,-1,5,-0.0029813976080575455
2024-02-02,-1,7,-0.007813684270377375
2024-02-02,-1,5,0.0038819491279371014
2024-02-02,-1,13,2.3147771172238427e-05
2024-02-02,-1,12,0.009228754103666692
2024-02-02,1,5,-0.0020351183289959995
2024-02-02,1,5,0.0028226909851995496
2024-02-02,-1,5,-3.161736836249085e-05
2024-02-05,1,22,-0.0041157904453318905
2024-02-05,1,5,0.0019806864389759204
2024-02-05,1,5,0.00045798625559906325
2024-02-05,1,5,0.00028461750180425194
2024-02-05,1,5,0.0027281108345590943
2024-02-05,-1,6,-0.003377983438915655
2024-02-05,-1,10,-0.0023611247805842006
2024-02-05,-1,86,-0.0007605555555554865
2024-02-05,-1,5,0.0017570028076742683
2024-02-05,-1,245,-0.003415072913347361
2024-02-05,-1,5,0.00127190870012156
2024-02-05,-1,6,-0.0024530712416251377
2024-02-05,-1,5,-0.006878082621029347
2024-02-05,-1,5,-0.0015572777297930274
2024-02-05,-1,5,0.0008034521491288582
2024-02-05,-1,5,-0.0003612174859604632
2024-02-05,-1,6,-0.0014286538697839135
2024-02-05,-1,8,-0.0002977702388149982
2024-02-05,-1,16,-0.001587977155490139
2024-02-05,-1,6,0.00039947521268318686
2024-02-05,1,5,-0.00778243915010518
2024-02-05,1,5,-0.00555345995893225
2024-02-05,1,5,-0.00433094439081988
2024-02-05,1,5,0.0024142771536989627
2024-02-05,-1,5,0.00304781274021676
2024-02-05,-1,5,-0.0011788614749770887
2024-02-05,-1,8,0.004100281352923341
2024-02-05,1,15,-0.00475123171258468
2024-02-05,1,5,-0.0022662991420759337
2024-02-05,1,6,0.0016744519255266765
2024-02-05,1,5,-0.0016896080551091486
2024-02-05,1,5,-0.0018411230160599312
2024-02-05,1,5,0.0013162456897465868
2024-02-08,1,5,0.0014138666677167566
2024-02-08,-1,28,-0.0019493444701235707
2024-02-08,-1,5,-0.0023146896051254306
2024-02-08,-1,5,0.0019504504153337598
2024-02-08,-1,5,-0.0034646401293685902
2024-02-08,-1,302,0.0008495838016469581
2024-02-08,-1,5,0.0005606361981047026
2024-02-08,-1,5,0.0008756647264598905
2024-02-08,-1,5,0.00010827479698155573
2024-02-08,-1,5,-0.0026921777380344847
2024-02-08,-1,5,-0.0021961944782347698
2024-02-08,-1,5,-0.00029947049139261706
2024-02-08,-1,5,-0.00047161072886942035
2024-02-08,-1,5,-0.002279909748504505
2024-02-08,-1,5,-0.000898766534723816
2024-02-08,-1,5,0.00032198309971681615
2024-02-08,-1,5,0.0028081456907826374
2024-02-08,-1,5,-0.0012114423343188574
2024-02-08,-1,5,-0.0075052870595687105
2024-02-08,-1,218,-0.0003905726079008186
2024-02-08,-1,5,-0.004881240549173216
2024-02-08,-1,5,-0.0026036286284297216
2024-02-08,-1,15,0.002793937729341389
2024-02-08,-1,5,0.005065923583051857
2024-02-08,1,5,0.0043151716069684265
2024-02-08,-1,5,-0.0007851331520299375
2024-02-08,-1,64,-0.0036416541598010554
2024-02-08,-1,5,0.0014144924174667728
2024-02-08,1,5,0.0017554684020952283
2024-02-11,1,5,-0.0010188387194833282
2024-02-11,1,9,-0.0010881162076688544
2024-02-11,1,5,0.0004150781606008791
2024-02-11,1,11,-0.0006161441725385796
2024-02-11,1,6,0.0004494550986888224
2024-02-11,-1,5,-0.0003956756745581712
2024-02-11,1,5,-0.0030404262226474965
2024-02-11,1,7,0.0003738903901752688
2024-02-11,1,5,8.456901310294304e-06
2024-02-11,1,10,-0.0009234073587058299
2024-02-11,1,119,-0.0007260419142765538
2024-02-11,1,196,-0.0008673661725880354
2024-02-11,1,279,-0.001166641854017214
2024-02-11,1,11,0.0006978541774779745
2024-02-11,1,5,-0.0020891184879817115
2024-02-11,1,5,0.0008293407256889096
2024-02-11,1,5,0.0025300820655024814
2024-02-11,1,5,0.00013639259604086862
2024-02-11,1,5,0.0017031661222585703
2024-02-11,1,6,0.002106253522180246
2024-02-11,1,9,0.0012560040597419664
2024-02-11,1,168,9.511148232721586e-06
2024-02-11,1,5,-0.001577746157041926
2024-02-11,1,13,-0.000844539428093427
2024-02-11,1,6,0.00013369743762664543
2024-02-11,1,198,0.0006416275495250701
2024-02-11,1,6,-0.0012223154780442447
2024-02-11,1,5,0.001003528530524045
2024-02-14,-1,5,0.0018990413639805026
2024-02-14,-1,5,0.001732912208831705
2024-02-14,-1,24,9.601010101006901e-05
2024-02-14,-1,5,-0.0017835942614748412
2024-02-14,-1,5,-0.0005261946606756606
2024-02-14,-1,8,-0.0015767467943215707
2024-02-14,-1,9,-0.001101778439752954
2024-02-14,-1,256,-0.002142009098528519
2024-02-14,-1,6,0.002324697825757893
2024-02-14,-1,5,-0.0024404288952760145
2024-02-14,-1,6,-0.002168801672930043
2024-02-14,-1,8,-0.0013394164172722545
2024-02-14,-1,90,-0.0011679793343764566
2024-02-14,-1,12,-0.003245254109105533
2024-02-14,-1,6,-0.003906779399518057
2024-02-14,-1,8,0.0012501543270522775
2024-02-14,-1,29,-0.020896342534504397
2024-02-14,-1,5,-0.012193025312859984
2024-02-14,-1,5,-0.0017914077669903272
2024-02-14,-1,5,0.0006854836114728591
2024-02-14,1,172,-0.0042444160583941515
2024-02-14,-1,70,-0.006224004848890463
2024-02-14,-1,65,-0.0022983641174237346
2024-02-14,-1,5,0.002740852742821487
2024-02-14,-1,6,-0.0023949267200645274
2024-02-14,-1,40,0.0013469916547541039
2024-02-14,-1,5,-0.0027404151949446676
2024-02-14,-1,5,-0.00045023965603668825
2024-02-14,-1,37,-0.0011210927847967178
2024-02-14,-1,7,0.0010958361749386358
2024-02-14,-1,5,-0.0013507786345082207
2024-02-14,-1,5,-0.0004174436589969298
2024-02-14,-1,6,-0.001382968537564866
2024-02-14,-1,5,0.00015088948133795699
2024-02-14,-1,5,-0.0016421858125169053
2024-02-14,1,5,0.006600295967793934
2024-02-14,-1,5,-0.0043069960215156855
2024-02-14,-1,8,0.0018971032431024937
2024-02-14,-1,5,0.0014671510535310683
2024-02-14,-1,5,-0.0042878002800204595
2024-02-14,-1,5,-0.0008436870392614647
2024-02-14,-1,12,-0.0029752127659573024
2024-02-14,-1,5,-0.0013107915057915531
2024-02-17,1,5,-0.0032479498235006843
2024-02-17,1,6,-0.0007203455440972227
2024-02-17,1,5,-0.0013378050164457034
2024-02-17,1,5,-0.0006009631501749378
2024-02-17,1,100,-0.000822325684364522
2024-02-17,1,5,-0.00019288473754103242
2024-02-17,1,7,-0.0001624600047709922
2024-02-17,1,5,-0.0012470475643178713
2024-02-17,1,5,-0.002927954444935932
2024-02-17,1,5,-3.0491726055237203e-05
2024-02-17,1,6,-0.0005373979454324495
2024-02-17,1,10,-0.00010817613089525435
2024-02-17,1,5,-0.001072361678800593
2024-02-17,1,44,-0.0030234766588547735
2024-02-17,1,11,-0.0020852640737463735
2024-02-17,1,12,-0.0026882210025450104
2024-02-17,1,5,0.00014415542565088268
2024-02-17,1,6,-0.00304909669314396
2024-02-17,1,7,-7.301071260507042e-05
2024-02-17,1,19,0.0006751743703454216
2024-02-17,1,5,-0.0009170156049325694
2024-02-17,1,6,-0.002529574119028488
2024-02-17,1,42,0.0003849993614636893
2024-02-17,1,5,-0.004477200092384781
2024-02-17,1,5,-0.007039994317719012
2024-02-17,1,5,0.0020263897632568084
2024-02-17,1,5,-0.00753613682288784
2024-02-17,1,5,0.001922678562649105
2024-02-17,-1,5,0.0031828098127488214
2024-02-17,1,5,-0.00293750180163016
2024-02-17,1,8,0.004644929145016519
2024-02-17,-1,11,-0.0015673783859862511
2024-02-17,-1,16,-0.0015967671814454687
2024-02-17,-1,67,-0.003244785470502276
2024-02-17,-1,5,-0.0031322633948880907
2024-02-17,-1,5,0.0008374033063968667
2024-02-17,1,13,0.0003484716211203388
2024-02-17,1,5,-0.0015285372070303338
2024-02-17,1,40,0.0008400201369817561
2024-02-20,1,5,0.0019002869703116931
2024-02-20,1,5,-0.0022233710985120614
2024-02-20,-1,22,-0.003322914452367931
2024-02-20,-1,6,-0.0038929914845716174
2024-02-20,-1,12,4.600861693920832e-05
2024-02-20,-1,5,0.002754886602540363
2024-02-20,-1,5,-0.011714444925915057
2024-02-20,-1,5,0.010379114855307126
2024-02-20,1,8,-0.003752341602103193
2024-02-20,-1,6,0.001413832071682386
2024-02-20,-1,10,0.006829031392314777
2024-02-20,1,5,-0.0005151562805998932
2024-02-20,-1,7,-0.0033843048715017088
2024-02-20,-1,97,-0.007906453496839438
2024-02-20,-1,7,-0.0055460367787181775
2024-02-20,-1,5,0.0029714393845092224
2024-02-20,-1,5,-0.003759325553290671
2024-02-20,-1,5,0.004060178920097968
2024-02-23,1,45,0.0007421279732039987
2024-02-23,1,5,0.00039713349517395136
2024-02-23,-1,6,-0.0007816941416841082
2024-02-23,1,5,-0.0021472610202350473
2024-02-23,1,23,0.00012935385537765642
2024-02-23,1,6,-0.008327276164164121
2024-02-23,1,115,-0.0004898081440876666
2024-02-23,1,5,0.0005944143988977912
2024-02-23,1,9,8.71965018868771e-05
2024-02-23,1,39,-0.0006528235846131046
2024-02-23,1,6,-0.0006703033018258807
2024-02-23,1,5,-0.0008167073170731175
2024-02-23,1,5,0.0004961689061599439
2024-02-23,-1,5,0.003964596162501277
2024-02-23,1,31,-0.0024557621083596826
2024-02-23,1,5,-0.0035688702802654793
2024-02-23,1,10,-0.0026354609077047786
2024-02-23,1,10,0.0011609394129649675
2024-02-23,1,54,-0.0018020265495046206
2024-02-23,1,40,0.0019862100405156347
2024-02-23,-1,104,0.004711086797879405
2024-02-23,1,5,0.00034073605694157083
2024-02-23,1,244,4.172843341504484e-05
2024-02-23,1,6,-0.0008187062476992523
2024-02-23,1,6,0.0015878086399793712
2024-02-23,1,7,-0.0012833891617407
2024-02-23,1,5,-0.0008245931290815077
2024-02-23,1,5,-0.005432350209397974
2024-02-23,1,12,0.0039899673536233915
2024-02-23,-1,63,-0.0022084332243730853
2024-02-23,-1,14,-0.0009574235341936465
2024-02-23,-1,5,0.0005497910337466938
2024-02-23,-1,5,0.00021235955165882514
2024-02-23,-1,102,0.0007087587764761927
2024-02-23,-1,5,0.0004668065914800734
2024-02-23,-1,5,-0.00022076073637672378
2024-02-23,1,5,-0.003616012415959158
2024-02-23,1,5,0.0008534041897356182
2024-02-26,-1,5,-0.00011338229072294082
2024-02-26,-1,21,-0.0006677173078671327
2024-02-26,-1,6,-0.0007933683736078278
2024-02-26,-1,5,-0.0003472648579663783
2024-02-26,-1,6,-0.0012245144120680007
2024-02-26,-1,7,-0.000886456757129006
2024-02-26,-1,5,-0.002080114119802412
2024-02-26,-1,17,-0.0005413324227754867
2024-02-26,-1,5,0.0002835291878837133
2024-02-26,-1,5,0.0007895927573246531
2024-02-26,-1,5,-0.0017670871448408065
2024-02-26,1,5,0.004931190180992029
2024-02-26,-1,5,0.0009109791037084647
2024-02-26,-1,5,-0.0011257027300797806
2024-02-26,-1,43,0.0008574356050678467
2024-02-26,1,5,0.003310678204552609
2024-02-26,-1,5,-0.0029436308473616557
2024-02-26,-1,35,-0.0008439647077159161
2024-02-26,-1,104,-0.007434834254143763
2024-02-26,-1,7,-0.014454251726450595
2024-02-26,-1,5,-0.00799794199713727
2024-02-26,-1,5,-0.00766509045940672
2024-02-26,1,5,-0.0009248827396952096
2024-02-26,1,5,0.0020842431829579122
2024-02-26,-1,5,0.002078075878078567
2024-02-26,1,5,0.000803270249244592
2024-02-26,-1,5,-0.014468425707799881
2024-02-26,-1,5,-0.0034706483840883373
2024-02-26,-1,5,0.0003669164863014386
2024-02-26,-1,43,-0.004702233404648093
2024-02-26,-1,5,-0.002084707495429605
2024-02-26,1,5,0.00021615083882869934
2024-02-26,-1,5,-0.0004238786971513807
2024-02-29,1,7,-0.007999489299776286
2024-02-29,1,16,0.005450170406798571
2024-02-29,1,5,0.000752589300972939
2024-02-29,-1,5,-0.00024069313281954708
2024-02-29,-1,5,-0.013331713372110532
2024-02-29,-1,5,-0.0003428335472699938
2024-02-29,-1,5,0.005478891698823596
2024-02-29,-1,5,0.005208895539284442
2024-02-29,-1,7,0.004008108689814327
2024-02-29,1,5,-0.004732793817201653
2024-02-29,-1,5,-0.005727954091816312
2024-02-29,-1,5,-0.0031944976343021847
2024-02-29,-1,5,0.006405898159540235
2024-02-29,-1,7,0.005363981296937104
2024-02-29,1,5,0.010620554144993244
2024-02-29,-1,7,-0.004295326673009747
2024-02-29,-1,5,0.007697714303749603
2024-02-29,1,9,0.007244366901041521
2024-02-29,-1,5,0.00811571788960036
2024-02-29,1,10,-0.01174743452811261
2024-02-29,1,5,-0.019868362479397106
2024-02-29,1,5,0.01029041530927216
2024-02-29,1,5,-0.0021965828927201225
2024-02-29,1,6,0.009226763141938432
2024-02-29,-1,6,-0.008812561706377509
2024-02-29,-1,7,0.005598956707454195
2024-02-29,1,5,0.009022160493827147
2024-02-29,1,5,-6.6668824907412e-05
2024-03-03,1,9,-0.0018783527666676458
2024-03-03,1,11,0.00038542805269575764
2024-03-03,1,26,-0.0006012717734543148
2024-03-03,1,135,-0.002224737914440611
2024-03-03,1,5,0.0007673219519461205
2024-03-03,1,5,0.0014610417003392828
2024-03-03,1,9,-0.0008130592516178424
2024-03-03,1,5,-0.001648543591402929
2024-03-03,1,17,-0.0018296017183022095
2024-03-03,1,5,-0.0022148889026901153
2024-03-03,1,5,0.001411384431960483
2024-03-03,1,42,-0.00127453659481086
2024-03-03,1,11,-0.004761720042265216
2024-03-03,-1,5,-0.0032351843665628377
2024-03-03,-1,16,0.0047692704497021565
2024-03-03,-1,5,-0.0018317412945192957
2024-03-03,-1,22,0.0021410912813120686
2024-03-03,-1,5,-0.00219279943281242
2024-03-06,1,42,-0.0011890439991149582
2024-03-06,-1,5,-0.0051768569839423795
2024-03-06,-1,9,-0.0041531031367521565
2024-03-06,-1,6,-0.019302160074324004
2024-03-06,1,5,0.0044552751365138366
2024-03-06,1,5,-0.004740883193143863
2024-03-06,1,12,0.00520810127216581
2024-03-06,-1,28,0.0033643907875186567
2024-03-06,-1,5,0.005883988095238102
2024-03-06,1,7,-0.003838960591457441
2024-03-06,1,6,0.0014947910784952056
2024-03-06,-1,5,-0.0035909930767775156
2024-03-06,1,5,0.009476227646603774
2024-03-06,-1,5,0.016676997704744567
2024-03-06,-1,20,-0.0018343940851167084
2024-03-06,-1,9,0.001786149744247345
2024-03-06,-1,28,-0.006440700118764131
2024-03-06,-1,5,0.00768425874602624
2024-03-06,-1,6,0.0065709552478814826
2024-03-06,-1,5,0.002833688763485165
2024-03-06,-1,21,0.0045395850914206615
2024-03-06,1,6,0.0003842054423814356
2024-03-06,1,5,0.00023045687276951343
2024-03-06,1,5,-0.0007233409296432679
2024-03-09,1,18,-0.0016898362832767355
2024-03-09,1,8,-0.0005229245712672913
2024-03-09,1,5,-0.0004344651653143682
2024-03-09,1,11,0.0011231857284882962
2024-03-09,1,7,-8.370342542579612e-05
2024-03-09,1,182,-0.000695087666077454
2024-03-09,1,5,0.0009098108358457924
2024-03-09,1,12,-0.000725905196089338
2024-03-09,1,76,-0.0008782311027139554
2024-03-09,1,5,-0.001529754388790494
2024-03-09,1,6,0.0027831663737551415
2024-03-09,1,5,-0.0008370935497801767
2024-03-09,1,108,-0.0002870610759416191
2024-03-09,1,61,-0.002771298690690205
2024-03-09,1,30,-0.0011016106028791106
2024-03-09,1,31,-0.001126553277724096
2024-03-09,1,30,-0.000982123542939195
2024-03-09,1,7,-0.0022533478729494516
2024-03-09,1,5,-0.00016145596341049495
2024-03-09,1,6,0.0002942892728420855
2024-03-09,1,19,0.0007650150557413915
2024-03-09,1,9,-0.0014589200903808996
2024-03-09,1,6,-0.0009351348430925442
2024-03-09,1,5,-0.0022665947329919
2024-03-09,1,24,0.0008025851052916866
2024-03-09,1,5,-0.0002946612406509729
2024-03-09,1,5,0.0002968337976880232
2024-03-09,1,7,0.001551284968076272
2024-03-09,-1,42,0.00021865654205616158
2024-03-12,-1,7,-0.0005409270550335575
2024-03-12,-1,27,0.001857545205206812
2024-03-12,-1,8,-0.0032342528525735603
2024-03-12,-1,17,0.0006553356011324563
2024-03-12,-1,6,-1.0252246026298708e-05
2024-03-12,-1,5,0.0006506685282249847
2024-03-12,1,7,-0.0053715016765127355
2024-03-12,-1,5,-0.006233448195239799
2024-03-12,-1,66,0.001746470149326107
2024-03-12,-1,5,-0.00279516053497747
2024-03-12,-1,15,-0.0015557152648218442
2024-03-12,-1,12,0.0038294776247919664
2024-03-12,-1,6,-0.006597364925943927
2024-03-12,-1,8,0.0024311162181815393
2024-03-12,-1,5,0.0022091873484581526
2024-03-12,1,6,-0.0010099934736773064
2024-03-12,-1,11,-0.0024383935768955145
2024-03-12,-1,5,-0.0004036378685863816
2024-03-12,-1,5,0.0010634474104986302
2024-03-12,-1,9,-0.004089615705524852
2024-03-12,-1,5,-0.002263231104679353
2024-03-12,-1,5,0.0019842786496291898
2024-03-12,1,23,0.0036065457249060966
2024-03-12,-1,88,-0.0013941779788838038
2024-03-12,-1,6,6.385427637040097e-05
2024-03-12,-1,5,0.00436077686667663
2024-03-12,-1,37,0.00044684094256269846
2024-03-12,1,5,0.011814399746347959
2024-03-12,-1,5,0.003118668081812992
2024-03-12,-1,5,0.014295788365392414
2024-03-12,-1,5,0.01323524446543306
2024-03-12,1,5,0.010762062207838763
2024-03-12,-1,5,-0.0063970679886685144
2024-03-12,-1,16,-0.0033676584060827186
2024-03-12,-1,5,-0.0036397605321663584
2024-03-12,-1,5,0.0028865985753195322
2024-03-12,-1,7,0.004018579949854828
2024-03-12,-1,8,0.002693007766477129
2024-03-12,-1,213,-0.0004898656739933948
2024-03-12,-1,7,-0.0023400812454399955
2024-03-12,-1,5,0.0003953909684603629
2024-03-12,-1,5,-0.004728456797055414
2024-03-15,-1,8,-0.008665857512526076
2024-03-15,-1,8,0.0029604563677743667
2024-03-15,1,6,0.00037691968786196517
2024-03-15,1,6,-0.003648198834927563
2024-03-15,1,248,-0.024040583189856413
2024-03-15,-1,5,0.011417362046183765
2024-03-15,-1,5,0.007566566767802485
2024-03-15,-1,5,-0.00331880393501921
2024-03-15,-1,5,0.016336393817450057
2024-03-15,1,5,0.007424488208306046
2024-03-15,1,80,0.0008287668833679152
2024-03-15,-1,5,-0.007501283996632024
2024-03-15,-1,5,-0.0002353484076777489
2024-03-15,-1,5,0.007122335423835502
2024-03-15,1,7,-0.015983572738731577
2024-03-15,1,5,-0.0056165882553235735
2024-03-15,1,5,0.010603062552073383
2024-03-15,1,18,0.00136558335718856
2024-03-15,1,6,-0.006710161680480831
2024-03-15,1,5,0.010689783904619998
2024-03-15,-1,9,-0.001588827469388765
2024-03-15,-1,5,-0.002222573485918089
2024-03-15,-1,5,-0.009313079137518054
2024-03-15,-1,5,0.0054760919885459836
2024-03-15,-1,7,-0.003234209043681935
2024-03-15,-1,10,0.001780823209660276
2024-03-15,-1,9,0.004071347671040504
2024-03-15,1,5,-0.0019167140636229818
2024-03-15,-1,5,0.0004969149611483981
2024-03-15,1,7,0.0050410989382931315
2024-03-15,-1,5,-0.004260160605598584
2024-03-15,-1,5,-0.003180709646520008
2024-03-15,-1,5,-0.02808854239927211
2024-03-15,1,5,-0.01860146613029695
2024-03-15,1,5,0.0025354521687900866
2024-03-15,1,5,0.002363450299626757
2024-03-15,-1,5,-0.0029855349074690563
2024-03-18,1,5,-0.013040607403656923
2024-03-18,1,5,0.004768203286951989
2024-03-18,-1,5,-0.0012012255844327524
2024-03-18,-1,10,-0.0018160319705891603
2024-03-18,-1,5,-0.0023786935504768736
2024-03-18,1,11,-0.00411963126748266
2024-03-18,-1,9,0.0010870052187202384
2024-03-18,-1,10,0.0001880153055786039
2024-03-18,-1,14,0.004627139868840058
2024-03-18,-1,5,0.016208924861488228
2024-03-18,1,5,-3.4353148546994896e-05
2024-03-18,1,5,0.001370148702295626
2024-03-18,-1,5,0.003445613707234008
2024-03-18,1,5,-0.005423844887139484
2024-03-18,1,5,0.006491611434542521
2024-03-18,1,5,-0.003568305561542584
2024-03-18,1,5,0.004207740591419762
2024-03-18,1,5,0.0014579355294288
2024-03-18,-1,7,0.0029874401765777603
2024-03-18,1,10,0.005436760327674095
2024-03-18,-1,6,-0.0020845075370066746
2024-03-21,-1,6,-0.005499267919847839
2024-03-21,-1,11,0.003536561584362164
2024-03-21,1,5,-0.009292522330692166
2024-03-21,1,8,0.0039988875598985785
2024-03-21,1,5,-0.001231402097177814
2024-03-21,1,31,-0.0005988792674136988
2024-03-21,-1,5,0.001509075021010109
2024-03-21,-1,66,0.004312978509523779
2024-03-21,-1,5,-0.0060020852357627885
2024-03-21,-1,5,0.005052904607475817
2024-03-21,1,5,0.006413179695708038
2024-03-21,1,6,-0.00956489382673148
2024-03-21,1,5,0.0010623797760957454
2024-03-21,1,5,0.002279595715939553
2024-03-21,1,5,-0.0005300563784667588
2024-03-21,1,5,-0.007937650397524088
2024-03-21,1,5,-0.006053550382285888
2024-03-21,1,5,-0.0051695672198272535
2024-03-21,1,5,0.0019676617091576865
2024-03-21,1,5,-0.004645269277845754
2024-03-21,1,5,0.009010415949627315
2024-03-21,1,21,0.004726477839545662
2024-03-21,-1,5,0.004367107649043189
2024-03-24,1,5,-0.0013618380334414204
2024-03-24,1,5,-0.002449254469439388
2024-03-24,-1,5,-0.0011034225570150658
2024-03-24,-1,5,-0.003182841489618504
2024-03-24,-1,6,-0.0012780810744604243
2024-03-24,-1,5,-0.00477051724137928
2024-03-24,-1,239,0.0035910520655517146
2024-03-24,-1,5,-0.0012421408248406984
2024-03-24,-1,6,0.001003230261166721
2024-03-24,-1,5,-0.0006498626730466194
2024-03-24,-1,54,0.010061288011450953
2024-03-24,-1,5,-0.0039185419212906525
2024-03-24,-1,66,-0.0038490032830769683
2024-03-24,-1,5,-0.0013914576892049557
2024-03-24,-1,5,0.0006473479625393463
2024-03-24,-1,5,-0.0046877162362629066
2024-03-24,-1,6,-0.0017536564219816086
2024-03-24,-1,5,-0.0008758082993354787
2024-03-24,-1,52,-0.009059697430749802
2024-03-24,-1,5,-0.0017714799036512852
2024-03-24,-1,6,-0.010022912160829345
2024-03-24,-1,5,0.0006883806311349105
2024-03-27,-1,13,-0.004633370630664102
2024-03-27,-1,7,-0.00044370580167635276
2024-03-27,-1,9,0.002181149199749044
2024-03-27,-1,15,-0.004329706357409979
2024-03-27,-1,5,0.001582658339820242
2024-03-27,1,5,0.0032815295560956748
2024-03-27,1,13,-0.0012767604480019012
2024-03-27,1,5,-0.0037755370639742103
2024-03-27,1,6,0.00021066556850807283
2024-03-27,1,99,-0.003835865961703433
2024-03-27,1,5,-0.0009755555237057066
2024-03-27,1,102,0.0026673515440790996
2024-03-27,-1,7,-0.002514228550108799
2024-03-27,-1,18,-0.0002596195009839096
2024-03-27,1,8,0.018097135442003365
2024-03-27,-1,14,0.017308556449014467
2024-03-27,-1,5,0.010976688556842917
2024-03-27,-1,5,-0.0044756243655844075
2024-03-27,1,12,-0.0061610167402395555
2024-03-27,1,5,-0.004503407361605538
2024-03-27,1,5,0.0019909844503258056
2024-03-27,-1,5,-0.002833045718481808
2024-03-27,-1,5,0.0007129258092119506
2024-03-27,1,6,-0.005972007656328826
2024-03-27,1,5,0.001537203330615966
2024-03-27,1,5,0.00358650092260876
2024-03-27,1,11,-0.001512456034585441
2024-03-27,1,8,0.0031555026042159873
2024-03-27,-1,31,-0.0014008863592645526
2024-03-27,-1,5,-0.002201414572284899
2024-03-27,-1,82,0.0031152136466049973
2024-03-30,-1,5,0.004829267260984149
2024-04-02,1,5,-0.0016169336978398285
2024-04-02,-1,10,-0.0026194583070915933
2024-04-02,1,6,-0.002820911144285232
2024-04-02,1,5,-0.03345018852892784
2024-04-02,-1,5,0.0015534835249477186
2024-04-02,-1,5,-0.0015945722526032324
2024-04-02,1,7,-0.00294224497590162
2024-04-02,1,5,-0.000671520689293159
2024-04-02,1,13,-0.0014353996733929564
2024-04-02,1,5,0.005172523429998577
2024-04-02,-1,5,-0.0027084840930587384
2024-04-02,-1,28,0.00241848715378451
2024-04-02,1,36,-0.0034980371740923055
2024-04-02,1,26,-0.002737571716880438
2024-04-02,1,8,-0.004649801101434592
2024-04-02,1,5,-0.002060752387363529
2024-04-02,1,5,-0.0021629292939222
2024-04-02,1,6,0.001159437174360789
2024-04-02,1,5,-0.0052044640707911705
2024-04-02,1,5,-0.008608519186438957
2024-04-02,1,6,0.006946759707714578
2024-04-02,-1,5,0.0033967062026054044
2024-04-02,1,6,-0.005477383297337102
2024-04-02,1,5,-0.000591617051293236
2024-04-02,-1,5,-0.009438867883881985
2024-04-02,-1,175,-0.002885472303712444
2024-04-02,-1,5,-0.0015998595040319086
2024-04-02,-1,13,0.01227098873611926
2024-04-02,1,5,-0.0005516476882752585
2024-04-02,-1,5,-0.005231926616532656
2024-04-02,-1,5,0.0022370834234635706
2024-04-02,-1,7,-0.003053509140678534
2024-04-02,-1,5,-0.0030208246685006768
2024-04-02,-1,5,-0.002251393880524477
2024-04-02,-1,200,-0.004472025584252137
2024-04-02,-1,5,0.0010641165138030595
2024-04-02,-1,163,0.005715451401881844
2024-04-02,-1,5,0.005002559562470699
2024-04-02,1,39,0.0021442217628435123
2024-04-02,-1,289,-0.0021356233681211756
2024-04-02,-1,5,-0.001462281138313426
2024-04-02,-1,6,0.004437619303780116
2024-04-05,-1,5,0.0015206833796229113
2024-04-05,-1,5,0.0033818745062131343
2024-04-05,1,7,-0.0005398566310884089
2024-04-05,1,5,-0.0053006597439594905
2024-04-05,1,5,-0.007693550288790985
2024-04-05,-1,6,-0.0019250379410987173
2024-04-05,1,5,0.0020591159463822506
2024-04-05,1,18,-0.004985713554416071
2024-04-05,1,5,-0.00255241546990842
2024-04-05,1,15,0.00730081042248959
2024-04-05,-1,5,-0.007629622650426049
2024-04-05,-1,11,-0.0050866946747819
2024-04-05,1,5,0.0026057079331200383
2024-04-08,1,5,0.0015451575690259012
2024-04-08,-1,47,0.002147603398506781
2024-04-08,1,5,0.00020926032681728446
2024-04-08,-1,5,7.729396430727908e-05
2024-04-08,-1,5,-0.005610536252856513
2024-04-08,-1,6,-0.009593683892449134
2024-04-08,-1,5,-0.007624594327363232
2024-04-08,-1,5,-0.00225960293777111
2024-04-08,-1,10,-0.0025818743604635874
2024-04-08,-1,5,0.002240321878958007
2024-04-08,-1,6,0.004988005228001524
2024-04-08,1,22,-0.002473730671574248
2024-04-08,1,6,-0.001989903168159002
2024-04-08,1,10,-0.004851192296016549
2024-04-08,1,14,-0.0017816359697397366
2024-04-08,1,5,0.00024154403567461246
2024-04-08,1,5,0.00011809966269232819
2024-04-08,1,9,0.000920878134601677
2024-04-08,1,5,-0.002005111638291923
2024-04-08,1,214,0.004387071713481461
2024-04-08,-1,5,0.0022368725185179517
2024-04-08,1,19,0.00033135570446368734
2024-04-08,-1,5,0.0011169472769869127
2024-04-11,-1,6,0.001992080300219967
2024-04-11,-1,5,0.0001716120440363179
2024-04-11,-1,5,0.00031922075863771726
2024-04-11,1,30,-0.0011793096458889152
2024-04-11,-1,5,-0.001334867025924169
2024-04-11,-1,7,0.003958206786553065
2024-04-11,1,5,0.00048169686533289235
2024-04-11,-1,5,-0.005490605502611878
2024-04-11,-1,5,0.009460787387021219
2024-04-11,1,5,0.00446729676400931
2024-04-11,1,6,0.0003307338333815025
2024-04-11,1,5,0.006929403816538782
2024-04-11,-1,5,-0.0007310337144020295
2024-04-11,-1,5,0.0028700656667609015
2024-04-11,-1,18,-0.000991245155493481
2024-04-11,-1,5,-0.004126938559036397
2024-04-11,-1,5,0.0018848637955928838
2024-04-11,1,5,0.0018411610639569864
2024-04-14,-1,8,0.008935103112195641
2024-04-14,-1,8,0.01115012775562424
2024-04-14,-1,5,0.0003591571220406543
2024-04-14,1,7,-0.0026604163642674483
2024-04-14,1,6,-0.00741555504284358
2024-04-14,-1,5,-0.004434381968099255
2024-04-14,-1,5,-0.007214734784704302
2024-04-14,-1,5,-0.0012571652656277466
2024-04-14,-1,7,0.001575907948593469
2024-04-14,-1,5,-0.011014982713174304
2024-04-14,-1,8,-0.00044081033743098564
2024-04-14,-1,46,0.0008556492612893929
2024-04-14,-1,5,0.0028277241724433133
2024-04-14,-1,10,0.007650391162353498
2024-04-14,1,6,0.0014217648711067343
2024-04-14,1,7,-0.004011847094038401
2024-04-14,-1,5,-0.005833478160020722
2024-04-14,-1,10,0.0027360075256069316
2024-04-14,1,10,-0.0016375432243008192
2024-04-14,1,5,0.006882842448782955
2024-04-14,-1,6,0.0020472452868670055
2024-04-14,-1,6,0.0011267719857374625
2024-04-14,-1,8,0.012209269161145786
2024-04-14,-1,5,-0.00033102557584757653
2024-04-14,-1,6,-0.00836199349649075
2024-04-14,1,16,-0.0006568590134433115
2024-04-14,1,17,-0.0011853976714673586
2024-04-14,1,5,0.0002006984372632804
2024-04-14,1,5,-0.0069863336828079325
2024-04-14,1,5,-0.001787471142857544
2024-04-14,-1,5,-0.012239288572857776
2024-04-14,-1,5,-0.002986462640722831
2024-04-14,-1,5,-0.004315346485901206
2024-04-17,-1,5,-0.005006680672268893
2024-04-17,-1,15,0.0017221496781710255
2024-04-17,-1,7,0.0045632487725040805
2024-04-17,-1,8,-0.0027968700457115525
2024-04-17,-1,16,-0.0006008579420610504
2024-04-17,1,5,0.0005071827971573906
2024-04-17,1,5,0.0027980450317361405
2024-04-17,1,220,-0.005109269506683944
2024-04-17,1,5,-0.002211285456771128
2024-04-17,1,5,-0.00247183244082666
2024-04-17,1,5,-5.525807497736002e-05
2024-04-17,1,5,0.0018315735462716698
2024-04-17,1,7,-0.020165095204643435
2024-04-17,1,5,0.0023327419429030605
2024-04-17,1,5,-0.012137020997375403
2024-04-17,1,5,-0.010580535171233307
2024-04-17,1,5,0.004540458356833088
2024-04-17,1,13,0.0011998354840955794
2024-04-17,1,5,0.005672145875940726
2024-04-17,-1,10,-0.009081616233331646
2024-04-17,-1,15,0.005019029598857638
2024-04-20,1,5,-0.00042503802772936295
2024-04-20,1,23,0.003928058055051531
2024-04-20,-1,10,0.0014794671931669945
2024-04-20,-1,5,-0.0029548939939295082
2024-04-20,-1,5,-0.0018918016242515656
2024-04-20,-1,5,0.0007156365397070208
2024-04-20,-1,5,-0.003957015457872137
2024-04-20,-1,5,0.00019138401481949574
2024-04-20,-1,117,0.0016462593890876343
2024-04-20,1,13,-0.0037874658095095604
2024-04-20,1,5,0.0006765704014456975
2024-04-20,1,5,0.0023415636213083846
2024-04-20,1,18,0.0019182832859274135
2024-04-20,1,12,0.0032442196406809454
2024-04-20,-1,5,-0.0008895374704510072
2024-04-20,-1,146,-0.014668695055052583
2024-04-20,-1,5,-0.00026267048614964084
2024-04-20,-1,8,-0.00449939289737139
2024-04-20,-1,5,-0.0017970756803243337
2024-04-20,-1,5,0.002301717587422425
2024-04-20,1,5,1.3339467012041359e-05
2024-04-20,1,10,-0.00032284811906674305
2024-04-20,1,7,-0.00029617049345637126
2024-04-20,1,5,-0.002591431772523578
2024-04-20,1,11,0.002491878408463266
2024-04-23,-1,7,-0.0022917027687404112
2024-04-23,-1,5,-0.0048972285064488585
2024-04-23,-1,9,0.0018933455312654668
2024-04-23,-1,5,-0.0002992232211398992
2024-04-23,-1,10,9.2972378369638e-05
2024-04-23,1,5,0.0006385064739990454
2024-04-23,1,5,-0.003688342146056345
2024-04-23,1,17,-0.0007838685305628367
2024-04-23,1,5,-0.0023756837911473316
2024-04-23,1,36,-0.0017459828278199585
2024-04-23,1,30,0.0020056009325259416
2024-04-23,1,36,-0.0009562918813750819
2024-04-23,1,18,0.001558883730819971
2024-04-23,1,98,-0.0021059094264502254
2024-04-23,1,18,0.000303682712274156
2024-04-23,1,5,-0.0008793286905711127
2024-04-23,1,47,0.0017508756302419548
2024-04-23,-1,6,-0.005358318547093843
2024-04-23,-1,5,0.0017605217807563078
2024-04-23,-1,5,0.0015524026036268235
2024-04-23,-1,5,0.003218053113594188
2024-04-23,-1,5,0.0004943131344655183
2024-04-23,-1,5,-0.0011126064318254802
2024-04-23,-1,5,-0.002241095979831631
2024-04-23,-1,15,-0.00013980854021949918
2024-04-23,-1,16,0.0005317741780786478
2024-04-23,-1,5,6.33667057105548e-05
2024-04-23,1,5,-0.00042886422858195983
2024-04-23,1,126,-0.0005332456900520309
2024-04-23,-1,83,-0.0007236526468019088
2024-04-23,-1,5,0.0019912698332627543
2024-04-23,1,5,0.0018762162298928131
2024-04-26,1,5,-0.0030637536392753018
2024-04-26,1,7,-0.0014209407328139023
2024-04-26,1,6,0.0006000309777362545
2024-04-26,1,5,0.0011084640555464875
2024-04-26,1,6,-0.0005764811596321028
2024-04-26,-1,5,0.0017700207475315755
2024-04-26,1,5,-0.004089087569448646
2024-04-26,1,5,-0.0001995956741676629
2024-04-26,1,58,-0.008302789731903737
2024-04-26,1,154,0.008739480793418186
2024-04-26,-1,5,0.009741229081172531
2024-04-26,1,5,-0.0051485303475607425
2024-04-26,1,5,0.00012164822825816446
2024-04-26,1,6,0.002268885047407465
2024-04-26,1,33,-0.0015210511662526183
2024-04-26,1,5,0.001298364912605876
2024-04-26,1,5,0.00064902471213929
2024-04-29,-1,5,-0.0006594306100781709
2024-04-29,1,5,-0.006557017421486344
2024-04-29,1,5,0.0012823251024853266
2024-04-29,1,155,-0.002074648368166121
2024-04-29,1,7,0.0040362926009582245
2024-04-29,1,225,-0.002650300190798871
2024-04-29,1,5,0.0018629254463057854
2024-04-29,-1,9,-0.0003833757885490229
2024-04-29,-1,5,0.002396789423230572
2024-04-29,1,5,0.006943893360161046
2024-04-29,-1,5,0.0033702885602530657
2024-04-29,1,5,5.1529670220096355e-05
2024-04-29,-1,5,-0.009132779874264252
2024-04-29,-1,35,-0.0027413585612888203
2024-04-29,-1,24,-0.004446719745222982
2024-04-29,-1,5,-0.002766385812854655
2024-04-29,-1,7,0.0020876617571370937
2024-04-29,-1,5,-0.005653496424910254
2024-04-29,-1,5,0.00037163662701727995
2024-04-29,-1,5,0.0028099843085846454
2024-04-29,1,5,0.002691425201132469
2024-04-29,-1,13,-0.0043916658176262335
2024-04-29,-1,16,0.0007750996287717027
2024-04-29,-1,8,-0.0014519734518337324
2024-04-29,-1,5,-0.0015467313630067037
2024-04-29,-1,5,-0.006583669351961252
2024-04-29,-1,9,-0.008225047217048698
2024-04-29,-1,5,-0.0020292565615925295
2024-05-02,1,9,-0.0099907815298646
2024-05-02,1,7,-0.00272116973767339
2024-05-02,1,5,-0.008650333370320562
2024-05-02,1,5,0.0015576770477553903
2024-05-02,1,5,0.003431865977651716
2024-05-02,1,10,0.0003426737402147385
2024-05-02,1,6,-0.0004792557527829032
2024-05-02,1,7,0.0005115570986981566
2024-05-02,1,13,0.0009711278672896451
2024-05-02,-1,11,-0.00012419187730244852
2024-05-02,1,5,0.004860269954664209
2024-05-02,-1,5,-0.00449822498962732
2024-05-02,-1,5,0.0004365695892090682
2024-05-02,-1,5,0.004289944260730205
2024-05-02,1,8,-0.0007947337271019815
2024-05-02,1,5,0.012545338386851401
2024-05-02,-1,5,-0.0022658325899392318
2024-05-02,-1,6,-0.0038318717255366175
2024-05-02,-1,12,0.0053887041351488585
2024-05-02,-1,5,0.003427895209293153
2024-05-02,-1,9,-0.0012222290249511158
2024-05-02,-1,14,0.00030323229358536496
2024-05-02,1,5,0.0029878743035322564
2024-05-02,-1,5,-0.0013215332851686523
2024-05-02,-1,13,0.001093416188128582
2024-05-02,-1,65,0.0005386418933044923
2024-05-05,-1,7,0.0010556978398705286
2024-05-05,-1,6,0.004188857570857352
2024-05-05,-1,5,0.004053344225893374
2024-05-05,-1,6,-0.0030135539908334175
2024-05-05,-1,70,0.0023658502739968834
2024-05-05,-1,5,0.0025387515817178463
2024-05-05,-1,7,-0.0011937041929491188
2024-05-05,-1,10,-0.0010686897618897295
2024-05-05,-1,5,0.00024944603698778833
2024-05-05,-1,5,0.0013108586688578838
2024-05-05,-1,5,-0.0028917519705578543
2024-05-05,-1,5,-0.0012480785920508386
2024-05-05,-1,10,-0.007960688622754397
2024-05-05,-1,5,0.0016387621404850283
2024-05-05,-1,5,0.0016728544695416292
2024-05-05,-1,5,0.0009466900827029279
2024-05-05,-1,6,-0.0034393924805205534
2024-05-05,-1,5,0.0011839097514568242
2024-05-05,-1,5,-0.002302473989595877
2024-05-05,-1,5,0.00363990209202153
2024-05-05,-1,81,-0.0021906950033743766
2024-05-05,-1,5,-0.005220565374855213
2024-05-05,-1,5,-0.001845312901277485
2024-05-05,-1,7,9.001448960083158e-05
2024-05-05,-1,5,0.0015548682575193262
2024-05-05,1,5,-0.0022814194718636105
2024-05-05,-1,5,0.002548262808856283
2024-05-08,1,5,-0.0014447747479783835
2024-05-08,1,5,0.002774000415677713
2024-05-08,1,6,-0.0028855036672472134
2024-05-08,1,12,0.0029637013596474637
2024-05-08,1,226,0.001402505518763808
2024-05-08,1,17,0.003951633811073163
2024-05-08,1,5,-0.0047912707535121
2024-05-08,1,5,0.0035332974905799013
2024-05-08,1,5,-0.003071925256966146
2024-05-08,1,5,-0.0013319345223795076
2024-05-08,1,5,-0.002337374411749138
2024-05-08,1,5,-0.002340075759277027
2024-05-08,1,8,0.003357640901771431
2024-05-08,1,5,-0.003299161576759191
2024-05-08,1,9,-0.002250337620578746
2024-05-08,1,97,-0.00012387550200793063
2024-05-08,1,5,0.0014715183076702831
2024-05-08,1,204,-0.001685801882033433
2024-05-08,1,5,-0.004053069505803142
2024-05-08,1,5,0.0014926788459188045
2024-05-08,1,5,-0.0028277783124798783
2024-05-08,1,5,-0.0035437176565319972
2024-05-08,1,5,-0.004541024129562754
2024-05-08,1,7,0.004543293685813132
2024-05-08,1,5,0.006474890648870246
2024-05-08,1,12,-0.005240199999999973
2024-05-08,1,5,1.7541492559336566e-05
2024-05-08,1,8,0.0032614900024089954
2024-05-08,-1,11,0.002421871561579414
2024-05-08,1,57,-2.593734890604649e-05
2024-05-08,1,5,-0.00766622875741424
2024-05-08,1,5,-0.006126726992497111
2024-05-08,1,5,-0.00016927209154476975
2024-05-08,1,6,-0.0008667930388514543
2024-05-08,1,6,-0.005038927329228893
2024-05-08,1,5,-0.001278408327742231
2024-05-08,1,5,-0.006279991876503133
2024-05-08,1,8,0.0036944819027224245
2024-05-11,-1,5,0.0018365652259622611
2024-05-11,-1,6,0.0007522668899460627
2024-05-11,-1,5,-0.0016207677901392548
2024-05-11,-1,5,0.00033926417092494676
2024-05-11,-1,5,-0.0011151497744439909
2024-05-11,-1,35,-0.0002486685708846247
2024-05-11,-1,5,0.0019065604108919332
2024-05-11,-1,5,0.0026231483269430478
2024-05-11,-1,7,0.00058982785404188
2024-05-14,-1,5,0.0034699074827536096
2024-05-14,-1,7,0.003620207789255814
2024-05-14,1,5,-0.0015887478470877903
2024-05-14,1,8,-0.0011949831859708326
2024-05-14,1,5,-0.001147045367363153
2024-05-14,1,42,-0.00278406791975655
2024-05-14,1,5,0.000924921073351237
2024-05-14,1,20,-0.0012129282046359768
2024-05-14,1,5,0.0012693901580821954
2024-05-14,1,5,-0.009851173745445696
2024-05-14,1,5,-0.0018140882524367297
2024-05-14,1,5,-6.750572613950501e-05
2024-05-14,-1,5,0.002275292418126351
2024-05-14,1,5,0.0075309242360363515
2024-05-14,-1,5,-0.00998912912339961
2024-05-14,1,12,-0.0008147039486984807
2024-05-14,-1,5,0.003312121440540106
2024-05-14,1,7,-0.003953671933417835
2024-05-14,1,10,0.0016523873371123154
2024-05-14,1,5,-0.003137342522089581
2024-05-14,1,5,0.00041898221798625235
2024-05-14,1,13,0.0005648898217187059
2024-05-14,1,67,0.0017862389737978712
2024-05-14,1,6,0.0029460353996845767
2024-05-14,-1,5,0.0001179012511881018
2024-05-14,-1,5,0.0007494007857909435
2024-05-17,-1,6,0.00030759388945694754
2024-05-17,-1,8,0.0013370806468135377
2024-05-17,-1,5,0.0023935633234464793
2024-05-17,-1,5,-0.00018089676598270754
2024-05-17,-1,5,-0.0023596114540350155
2024-05-17,-1,9,0.00032652188168119667
2024-05-17,-1,7,0.000337286435959372
2024-05-17,-1,16,-0.0008584900745345901
2024-05-17,-1,5,-0.0038280873394081483
2024-05-17,-1,20,-0.002206870582964815
2024-05-17,-1,5,-0.007018401346465197
2024-05-17,-1,88,-0.0022367974052076023
2024-05-17,-1,7,-0.0010922711658370443
2024-05-17,-1,12,0.0002849948750588972
2024-05-17,-1,19,-0.0018601297749157308
2024-05-17,-1,5,-0.002766554736142235
2024-05-17,-1,6,0.00031280216862678023
2024-05-17,-1,15,-0.0033048339482280586
2024-05-17,-1,5,0.000829678691473601
2024-05-17,-1,6,-0.0008728999305911976
2024-05-17,-1,6,-0.0009347780192253129
2024-05-17,-1,14,-0.0030472201298857304
2024-05-17,-1,5,0.0008654348101140852
2024-05-17,-1,5,-0.004317585760610421
2024-05-17,-1,5,-0.006472269195286817
2024-05-17,-1,9,-0.0008005313120960643
2024-05-17,-1,5,-0.0004760438181543035
2024-05-17,-1,81,0.004095866137277804
2024-05-17,-1,5,0.0007860863309996913
2024-05-17,-1,6,0.007504001468143284
2024-05-17,-1,5,-0.003442676798074029
2024-05-17,-1,5,-0.0018400212179348618
2024-05-17,-1,7,-0.00143640664533079
2024-05-17,-1,16,-0.00096504020449234
2024-05-17,-1,5,0.0003466274589863373
2024-05-20,1,7,-0.00045748870966028077
2024-05-20,1,5,-0.000151368723516898
2024-05-20,1,5,-0.0006413363363365064
2024-05-20,1,5,0.0015105304110329398
2024-05-20,1,5,0.0015629600024579804
2024-05-20,-1,5,-0.00043886057410663637
2024-05-20,1,5,-0.0010128535753804457
2024-05-20,1,8,0.000721030705949699
2024-05-20,1,6,0.001376230644944243
2024-05-20,1,5,-0.0006493113772454983
2024-05-20,1,10,0.0036149970064362495
2024-05-20,-1,5,-0.0012560705947520234
2024-05-20,-1,27,0.003746042637005787
2024-05-20,-1,5,-0.0010763490424006705
2024-05-20,-1,8,-0.015521913526480857
2024-05-20,1,5,-0.004078768144401168
2024-05-20,1,6,-0.007586419571415315
2024-05-20,1,5,0.0007173849926413456
2024-05-20,1,6,0.005678624580488234
2024-05-20,1,10,0.005264323049202824
2024-05-20,1,6,0.018535866907957776
2024-05-23,1,5,0.0028671084311261974
2024-05-23,1,5,-0.00350881380051854
2024-05-23,1,28,0.003258762261973469
2024-05-23,1,6,-3.3574964954985356e-05
2024-05-23,1,5,-0.0016164804338256178
2024-05-23,1,21,-0.0006840660443366285
2024-05-23,-1,8,-0.0030676585013163504
2024-05-23,1,89,-0.001979536395551762
2024-05-23,1,12,-0.003662523260325068
2024-05-23,-1,21,-0.002270528501730429
2024-05-23,-1,17,0.0004550867868648445
2024-05-23,1,5,0.0021074724626590213
2024-05-23,-1,5,-0.00016617669252455547
2024-05-23,-1,5,0.007776819637399235
2024-05-23,1,5,-0.004026386781076863
2024-05-23,1,12,-0.016736528386298744
2024-05-23,1,33,0.0010047508610674938
2024-05-23,-1,7,-0.0024386073166787203
2024-05-23,-1,5,-0.0032770752498530453
2024-05-23,-1,5,0.0006801652081355747
2024-05-23,-1,5,-0.0033896369298572204
2024-05-23,-1,27,0.00021522841372828571
2024-05-23,-1,18,-0.0005962197617845332
2024-05-23,-1,21,0.011146159584688842
2024-05-23,1,5,-0.0015013218435269704
2024-05-23,1,5,0.0024212096798194582
2024-05-23,1,6,0.0003103205841250013
2024-05-23,1,49,0.00010673133920574573
2024-05-23,1,5,0.006074625098248576
2024-05-23,-1,6,0.008630059096053244
2024-05-23,1,5,0.00815914638126175
2024-05-23,-1,5,0.003608539367181696
2024-05-23,-1,9,-0.0014359940742710298
2024-05-26,1,5,-0.0017860499408036135
2024-05-26,1,5,-0.0005772987672226225
2024-05-26,1,10,0.000916320152497041
2024-05-26,1,5,-0.0008586309610088548
2024-05-26,1,13,-0.0005281077458794691
2024-05-26,1,148,0.0008588283995797918
2024-05-26,1,6,-0.0026307333217963635
2024-05-26,1,6,0.0004177347534827791
2024-05-26,1,50,-0.0003205683323404539
2024-05-26,1,9,-0.0001510723834215465
2024-05-26,1,17,-0.0013552923790298155
2024-05-26,1,5,-1.3226310712266434e-05
2024-05-26,1,5,0.0007749072966160564
2024-05-26,1,45,0.00042995040561372155
2024-05-26,1,5,-0.001865493209352198
2024-05-26,1,57,-0.004663692327189051
2024-05-26,1,157,0.0029513696712261672
2024-05-26,1,98,-0.0020350446055322213
2024-05-29,-1,124,-0.0013938283338935098
2024-05-29,-1,5,-0.0014721484149749497
2024-05-29,-1,7,0.0006736643606889969
2024-05-29,-1,12,-0.0012270130166920912
2024-05-29,-1,11,-0.002683994504524556
2024-05-29,-1,5,-0.002272496695220838
2024-05-29,-1,84,-0.0015852250011985647
2024-05-29,-1,8,-6.740088511886222e-05
2024-05-29,-1,10,-0.0022204281670204495
2024-05-29,-1,5,0.00311669380029983
2024-05-29,-1,6,-0.0013916759059627304
2024-05-29,-1,110,-0.0005358190376417159
2024-05-29,-1,15,0.0014047099137078356
2024-05-29,-1,5,0.0017673895875986445
2024-05-29,1,5,-0.006970298637152317
2024-05-29,1,9,0.0008706700096405284
2024-05-29,1,5,0.0012613686336743757
2024-05-29,1,5,0.0002721860540510491
2024-05-29,1,75,0.0011463761251708227
2024-05-29,1,15,-0.0017643158841818551
2024-05-29,1,43,-0.0009449359535235734
2024-05-29,1,73,0.0001721502824760247
2024-05-29,1,5,0.0005031994231560755
2024-05-29,1,5,-0.002830344734838619
2024-05-29,1,5,0.000379298325337174
2024-05-29,1,5,-0.0020577431390205736
2024-05-29,1,5,-0.0011919466072758955
2024-05-29,1,6,-8.817637112851207e-05
2024-05-29,1,5,-0.0051415160069761545
2024-05-29,1,5,0.0008059227989375972
2024-05-29,1,9,-0.0007812992457235101
2024-05-29,1,5,0.001239393388067389
2024-05-29,1,35,-0.0025197207296431823
2024-05-29,1,5,-0.002502021032102786
2024-05-29,1,5,-0.00025057931032451675
2024-05-29,1,5,-0.0021229327706204226
2024-05-29,1,5,-0.0017441412717724147
2024-05-29,1,7,0.0007352232952461679
2024-05-29,1,149,-0.0001157516808765745
2024-05-29,1,16,0.0023368870875996595
2024-05-29,1,67,0.0009449855892235681
2024-06-01,1,60,-0.0005445582849319951
2024-06-01,1,5,0.0007319822485207239
2024-06-01,-1,5,-0.001832954149700028
2024-06-01,-1,197,-0.001245032308412386
2024-06-04,1,28,-0.001214551555569765
2024-06-04,1,46,-0.0009499287964823132
2024-06-04,1,5,0.00125392793752227
2024-06-04,-1,6,-0.002177334601177805
2024-06-04,-1,5,0.002112575254115845
2024-06-04,1,7,0.0005441256711286591
2024-06-04,-1,6,-0.0002851751809639923
2024-06-04,1,18,0.0011860352805088126
2024-06-04,-1,5,0.002093479632734152
2024-06-04,1,5,-0.0008976046504896583
2024-06-04,1,284,-0.0035399462132070236
2024-06-04,1,5,0.0014290448696080982
2024-06-04,1,5,-0.00024874429620630456
2024-06-04,1,93,-0.0013218115765792349
2024-06-04,1,96,1.307348761375737e-05
2024-06-04,1,21,-0.0028973620104619235
2024-06-04,1,5,-0.004333746301560637
2024-06-04,1,8,-0.0014000242010454023
2024-06-04,1,5,0.0016851108688752947
2024-06-04,1,6,0.00031746809388061303
2024-06-04,1,252,5.621155357332663e-05
2024-06-04,-1,5,-0.0008571523718464146
2024-06-04,1,5,0.0006106478401943227
2024-06-04,1,5,-0.002119003397885455
2024-06-04,1,41,0.006664883007065858
2024-06-04,-1,143,-0.004063620689655212
2024-06-04,-1,11,0.002863172769076938
2024-06-04,1,5,0.006189967649173178
2024-06-04,-1,6,-0.0019837360016193295
2024-06-04,-1,5,-0.008552421552383171
2024-06-04,-1,5,0.0017329888024101847
2024-06-04,-1,7,0.0009367711210956364
2024-06-04,1,5,0.00018654635904175054
2024-06-04,-1,5,-0.004940828418321719
2024-06-04,-1,5,0.0015135930016547117
2024-06-04,-1,5,0.002564235096010392
2024-06-04,1,5,-0.002173794326241152
2024-06-04,1,183,0.0002461283628285017
2024-06-04,1,6,0.0005651063822226798
2024-06-04,1,5,0.00020964062564304841
2024-06-04,1,38,0.002656959574069917
2024-06-04,-1,30,0.0018423385978575957
2024-06-04,-1,8,-0.0008319333923033078
2024-06-07,-1,5,0.0010003087360018204
2024-06-07,-1,5,-0.0008892980780038083
2024-06-07,-1,8,-0.0019723840482797628
2024-06-07,-1,116,-0.002673788839497482
2024-06-07,-1,5,0.0005487811275061705
2024-06-07,-1,5,-0.0005622641849620246
2024-06-07,-1,5,-0.00036431927458907543
2024-06-07,-1,12,0.00035743319167919074
2024-06-07,-1,6,-0.002918829582665927
2024-06-07,-1,5,-0.0006032543396333189
2024-06-07,-1,249,-0.0014326522862374014
2024-06-07,-1,9,-0.0044817333121288105
2024-06-07,-1,5,-0.005759951811348973
2024-06-07,-1,186,0.009577063269744224
2024-06-07,-1,84,-0.0031696238787695674
2024-06-07,-1,5,0.0016341266082729455
2024-06-07,1,69,-0.0014864803157572104
2024-06-07,1,5,-0.005275396837592539
2024-06-07,1,14,-0.0050760178102999265
2024-06-07,1,5,-0.02015305467928502
2024-06-07,-1,5,0.0011651546824009151
2024-06-07,1,5,0.005736204224974617
2024-06-07,-1,5,0.002199824140002249
2024-06-07,-1,28,-0.0018826841476556333
2024-06-07,-1,5,0.0012947292113117403
2024-06-07,-1,5,-0.0018549717315304304
2024-06-07,-1,7,-0.0005687629678284288
2024-06-07,-1,5,0.00011520564219974505
2024-06-10,-1,5,-0.00019467169781578464
2024-06-10,-1,16,0.0013918069632906094
2024-06-10,1,5,-0.0015522840759378265
2024-06-10,1,15,-0.0032150199276274605
2024-06-10,1,24,0.0011753265447413397
2024-06-10,1,79,-0.0006724347764691107
2024-06-10,1,5,0.0011189055715440932
2024-06-10,1,14,-0.0001440110222430956
2024-06-10,1,12,-0.0029898831418560534
2024-06-10,1,7,0.0001618671487075286
2024-06-10,1,5,0.0005158344328270448
2024-06-10,-1,12,-0.0018384789773152055
2024-06-10,-1,5,-0.003291876012079975
2024-06-10,-1,5,0.0048591028748209975
2024-06-10,1,25,-0.0014680729924497204
2024-06-10,1,5,-0.001373930110447119
2024-06-10,1,16,-0.0031536336461499004
2024-06-10,1,5,0.0020141239694648205
2024-06-10,1,50,-0.00079638549892308
2024-06-10,1,6,-0.00019411767031046734
2024-06-10,1,15,-0.0017141640287024473
2024-06-10,1,5,-0.0009386954130972679
2024-06-10,1,5,-0.0019451574078601097
2024-06-13,1,5,-0.001986851941361445
2024-06-13,1,5,-0.009797781895927893
2024-06-13,1,5,0.0051112093427922445
2024-06-13,1,5,-0.0010889004653887313
2024-06-13,-1,5,0.006583206694052046
2024-06-13,1,10,0.0042200885478158034
2024-06-13,-1,5,0.00813492202311733
2024-06-13,1,5,0.001181128251376451
2024-06-13,1,9,-0.0069299331987413
2024-06-13,1,12,-0.008037265791367931
2024-06-13,1,5,0.0023714882742033594
2024-06-13,1,38,-0.0002896333855691434
2024-06-13,1,21,-0.0005126676526013284
2024-06-13,1,60,0.0010430766951829429
2024-06-16,-1,41,-0.00191561918152644
2024-06-16,-1,5,0.0006277945381690242
2024-06-16,-1,58,3.597978895376582e-07
2024-06-16,-1,10,-0.0011571786709712595
2024-06-16,-1,5,-0.0016462664609565025
2024-06-16,-1,6,-9.403299430316137e-05
2024-06-16,-1,27,-0.0006797995661728672
2024-06-16,-1,33,-0.0005680950351057422
2024-06-16,-1,45,0.0003319668017758849
2024-06-16,-1,5,-0.001438579725448863
2024-06-16,-1,75,-0.0010988964489773712
2024-06-16,-1,15,-0.0050210725905573406
2024-06-16,-1,50,0.000703763878453112
2024-06-16,-1,5,0.0014961502747261046
2024-06-16,-1,178,-0.00017591621024298776
2024-06-16,-1,21,-0.0007570053514031615
2024-06-16,-1,7,0.00037644472098113946
2024-06-16,-1,27,-0.0016084722013636754
2024-06-16,-1,18,-0.0007749793908518597
2024-06-16,-1,203,-7.436227478857516e-05
2024-06-16,-1,79,-0.0002870255353904504
2024-06-16,-1,5,-0.0011580373228053387
2024-06-16,-1,272,-0.0013366544666482683
2024-06-16,-1,7,-0.0011023084575246256
2024-06-16,-1,201,0.00036456781541555083
2024-06-16,-1,66,0.0001668800696989493
2024-06-16,-1,25,0.0023538090109025966
2024-06-19,-1,5,0.0026567274849489952
2024-06-19,-1,5,-0.007520594126857294
2024-06-19,-1,5,0.005535918139221441
2024-06-19,1,5,0.004766356996955323
2024-06-19,-1,10,-0.000837130726154378
2024-06-19,-1,208,-0.004137496509833805
2024-06-19,-1,5,0.0021118269318826655
2024-06-19,-1,5,-0.003087224955181489
2024-06-19,-1,5,0.00043301862065486807
2024-06-19,-1,5,-0.0007087608135419309
2024-06-19,-1,5,-3.85854460623335e-05
2024-06-19,-1,47,-0.0024857261959512766
2024-06-19,-1,5,0.0034223138479234087
2024-06-19,1,6,0.0006490345624627358
2024-06-19,1,7,-0.0015562307152176547
2024-06-19,1,22,0.0002391282373734317
2024-06-19,1,7,-0.0019614133395499667
2024-06-19,-1,5,0.00023776246177814608
2024-06-19,-1,5,-0.005059261167435658
2024-06-19,-1,5,-1.453330356976357e-05
2024-06-19,-1,5,0.0003222489458843404
2024-06-19,-1,15,0.0009752134109410338
2024-06-19,-1,50,-0.0007742765707737241
2024-06-19,1,182,-0.0020138165271484376
2024-06-19,1,227,-0.004025708371537984
2024-06-19,1,82,-2.691937852167248e-05
2024-06-19,1,5,0.00102600543603798
2024-06-19,1,6,-0.003612481492300923
2024-06-19,1,15,0.0004239918719996516
2024-06-19,1,11,-0.001423973858362737
2024-06-19,1,5,0.002645448327225741
2024-06-19,1,10,-0.0014361454137534202
2024-06-19,1,5,0.00013098133570216286
2024-06-19,1,5,-0.0031674901690916246
2024-06-19,1,10,-0.0024510689901544036
2024-06-19,1,5,-0.00031141201639944816
2024-06-19,1,5,-0.0012445007887882942
2024-06-19,1,5,-0.0008157983364392439
2024-06-19,1,5,0.00129539324543132
2024-06-19,1,6,-0.0014390285589855334
2024-06-19,1,5,-0.0014269259692578085
2024-06-19,1,6,-0.002343250705608979
2024-06-19,1,6,-0.0012675831878766197
2024-06-22,-1,5,-0.001928170175080457
2024-06-22,-1,5,-0.0007256633168956638
2024-06-22,-1,49,-0.001071162773322698
2024-06-22,-1,86,-0.0008952163481355523
2024-06-22,-1,5,-0.0013849580191245825
2024-06-22,-1,5,-0.0008034460805489972
2024-06-22,-1,142,-0.0016604226968016111
2024-06-22,-1,28,9.389524377295688e-05
2024-06-22,-1,5,-0.0025523719525833433
2024-06-22,-1,5,0.0013500654122086675
2024-06-22,-1,40,-0.00013644791279593383
2024-06-22,-1,48,-0.0018822087839217017
2024-06-22,-1,5,-2.4165596000658043e-05
2024-06-22,-1,12,-0.00087812318456143
2024-06-22,-1,5,0.0005082435561703513
2024-06-25,-1,5,-0.0021429169993477104
2024-06-25,-1,65,-0.001323986103442254
2024-06-25,-1,5,-0.0028832756439341467
2024-06-25,-1,5,-0.0009985355807720642
2024-06-25,-1,15,-0.009570551185971221
2024-06-25,-1,6,-0.003955256968861731
2024-06-25,-1,22,0.0012671910977237189
2024-06-25,1,5,0.0006519021556272153
2024-06-25,1,10,-0.005699200812222249
2024-06-25,1,6,-0.0006247235542647388
2024-06-25,1,15,1.569259247119492e-05
2024-06-25,1,5,-0.0037914724586331494
2024-06-25,1,5,-0.004199222432411054
2024-06-25,1,5,0.0017950105517232084
2024-06-25,1,5,2.9339916993886936e-05
2024-06-25,-1,5,0.0036565574655102466
2024-06-25,1,42,0.0021332829837789613
2024-06-25,-1,25,0.0029452035499105134
2024-06-25,-1,6,-0.0016117874670303345
2024-06-25,-1,5,-0.010863910883010475
2024-06-25,1,5,-0.00560138814495964
2024-06-25,1,5,0.003324662305955462
2024-06-25,1,14,-0.002450386123748538
2024-06-25,1,173,-0.004767906931681998
2024-06-25,1,5,0.002569545217766478
2024-06-25,1,6,-0.003250277001756563
2024-06-25,1,5,0.0017892150305178212
2024-06-25,1,8,0.005918939265763423
2024-06-25,1,5,-0.005064646965866559
2024-06-25,1,37,0.0027572850345238265
2024-06-25,1,5,-0.0025444665635871444
2024-06-25,1,7,-0.002218354587432747
2024-06-25,1,5,-0.0006999435523625251
2024-06-25,1,5,0.0004022688249897821
2024-06-25,1,6,0.002084576217012024
2024-06-25,1,34,-0.00427287307004981
2024-06-25,1,5,-0.003906797103696957
2024-06-28,-1,5,0.0017479585989311208
2024-06-28,-1,11,0.001628984815418788
2024-06-28,1,5,-0.0025028038922884632
2024-06-28,1,20,-0.001731157039450426
2024-06-28,1,5,-0.001878057467451677
2024-06-28,1,5,0.0004120681774030799
2024-06-28,1,5,-0.0012330750890164333
2024-06-28,1,5,0.0008022125322730278
2024-07-01,-1,5,0.0006096907992526046
2024-07-01,-1,48,-0.004168566624615455
2024-07-01,-1,6,-0.010122569865879172
2024-07-01,-1,6,-0.004459510169619707
2024-07-01,-1,5,0.004526296388082052
2024-07-01,-1,5,-0.0009736199794188604
2024-07-01,-1,6,0.0011894326028290547
2024-07-01,-1,29,-0.0019088050481315677
2024-07-01,-1,6,0.00187913192303385
2024-07-01,-1,5,-0.0026586326138118843
2024-07-01,-1,9,-0.0018059551701544163
2024-07-01,-1,5,5.489271063424683e-05
2024-07-01,-1,5,-0.0013608196049575416
2024-07-01,-1,5,-0.0003489777448515973
2024-07-01,-1,45,0.0004804627428995345
2024-07-01,-1,137,0.0033739091529806924
2024-07-01,-1,64,-0.0018543679942762403
2024-07-01,-1,5,-0.005992387627778817
2024-07-01,-1,5,0.0012100010904711467
2024-07-01,-1,36,-0.001229666802940177
2024-07-01,-1,5,-0.006992993360617261
2024-07-01,-1,5,-0.004328031820526601
2024-07-01,-1,5,-0.00030602619141756316
2024-07-01,-1,5,0.0032393099307834183
2024-07-01,-1,90,0.003331026510967339
2024-07-01,-1,6,-0.0012077984222938487
2024-07-01,-1,6,0.00028638579145207077
2024-07-01,-1,6,0.0015723130987737588
2024-07-04,1,5,-0.009859704813956982
2024-07-04,1,5,-0.010600894989353404
2024-07-04,-1,6,-0.006594646809388316
2024-07-04,-1,5,-0.00034363115935892574
2024-07-04,1,11,-0.0030631744388894266
2024-07-04,1,5,0.00027064704502927095
2024-07-04,1,5,-0.006228533107494327
2024-07-04,1,5,-0.004227175077585799
2024-07-04,1,5,-0.008562100207349321
2024-07-04,1,5,0.007052144103477598
2024-07-04,1,5,-0.003942856495362912
2024-07-04,1,5,-0.001479398602856341
2024-07-04,1,5,0.001538140717840475
2024-07-04,1,11,0.00557392832601783
2024-07-04,1,5,6.12898218789738e-05
2024-07-07,-1,5,-5.609935872169503e-05
2024-07-07,-1,11,0.0040206663627012085
2024-07-07,-1,5,0.0021427308164644887
2024-07-07,-1,25,0.0023037276187180544
2024-07-07,1,5,0.0013682375859009333
2024-07-07,1,10,-0.0035021396124636506
2024-07-07,1,20,0.0016975208703599587
2024-07-07,1,5,0.0010035323037986266
2024-07-07,1,5,0.00048636176180621993
2024-07-07,-1,5,-0.0008951850875489885
2024-07-07,1,5,-0.004076732784743242
2024-07-07,1,70,0.001972525927062596
2024-07-07,1,5,-0.0035495845023391648
2024-07-07,1,5,-0.006443643785416564
2024-07-07,1,5,-0.0029208060569788086
2024-07-07,1,5,-0.00010347073671140839
2024-07-07,1,5,0.0029565388818676985
2024-07-07,1,6,0.006565778458271498
2024-07-07,-1,5,0.002018207533671601
2024-07-07,1,6,-0.006774277228228154
2024-07-07,1,105,-0.0014750808883357558
2024-07-10,-1,9,0.0057815061155485625
2024-07-10,-1,5,0.0011813649004140392
2024-07-10,-1,5,0.001256869924179116
2024-07-10,-1,5,-0.0020639231365172095
2024-07-10,-1,5,-0.0027937379721093003
2024-07-10,-1,5,-0.013004137079550226
2024-07-10,-1,5,-0.0009551699113490851
2024-07-10,-1,5,0.001268264336985625
2024-07-10,1,5,0.0011008836307845882
2024-07-10,-1,5,-0.003471987269580812
2024-07-10,-1,23,0.0012295364247923435
2024-07-10,-1,8,0.0033143352782924467
2024-07-10,-1,5,0.003803334185151164
2024-07-10,-1,5,-0.0031736454869706887
2024-07-10,-1,7,0.0064809588008072905
2024-07-10,-1,15,-0.002987482586943868
2024-07-10,-1,5,0.0035546937496650504
2024-07-10,-1,10,-0.004251865587838799
2024-07-10,-1,5,-0.00236964490340702
2024-07-10,-1,5,0.0020083305931136164
2024-07-10,1,5,-0.00028962195198128915
2024-07-10,1,5,0.0008671043337541984
2024-07-10,1,5,-0.0011609330568051468
2024-07-10,1,5,-0.0026239873087848253
2024-07-10,1,9,-0.0015865274074177704
2024-07-10,1,5,-0.0039037401358223422
2024-07-10,1,5,0.002518949572485052
2024-07-10,1,5,0.001978568426927285
2024-07-13,1,5,-0.001631720720596086
2024-07-13,1,9,-0.0006395993945649824
2024-07-13,1,5,-0.00015097776324385348
2024-07-13,-1,25,-0.0019688404002791704
2024-07-13,-1,5,0.0034889744577558117
2024-07-13,-1,75,-0.00376691651012534
2024-07-13,-1,78,0.0003331519067021894
2024-07-13,-1,6,0.0021448776132714786
2024-07-13,-1,10,-0.003116229676530191
2024-07-13,-1,5,-0.0008152084219479882
2024-07-13,-1,5,-0.0016660831268549559
2024-07-13,-1,5,0.0020760361531793614
2024-07-13,-1,19,0.00032621401069882216
2024-07-13,-1,5,-0.0009363287226150095
2024-07-13,-1,5,7.816178739678003e-05
2024-07-13,-1,6,0.0011402303530882452
2024-07-13,-1,170,0.002858784285110161
2024-07-13,-1,5,-0.011462607558480775
2024-07-13,-1,5,0.001605996702335355
2024-07-16,-1,5,0.00563815588180866
2024-07-16,-1,5,-0.0002860081416848347
2024-07-16,-1,7,-0.003032016493840939
2024-07-16,-1,5,0.0022602132999712254
2024-07-16,-1,5,0.0061034149915378255
2024-07-16,1,11,-0.002659809944014546
2024-07-16,1,6,-0.01149653175378712
2024-07-16,1,5,0.0004652405282187799
2024-07-16,1,5,-0.00044510743343156845
2024-07-16,1,5,-0.004930085053300115
2024-07-16,1,6,-0.0047453200737681
2024-07-16,1,5,-0.004753491577663971
2024-07-16,1,5,0.00019583003447837266
2024-07-16,1,5,0.00390727983447231
2024-07-16,1,5,0.001992167232457376
2024-07-16,-1,5,-0.004063112446812511
2024-07-16,-1,5,-0.0018708509858332278
2024-07-16,-1,5,0.0006051739580555382
2024-07-16,1,5,0.0035280821401657008
2024-07-16,1,5,1.6577586356037008e-05
2024-07-16,1,5,0.001751008979042623
2024-07-16,-1,5,-0.0038385491282815765
2024-07-16,-1,5,0.005166577144444295
2024-07-16,1,20,-0.002664888406695598
2024-07-16,1,5,-0.0003217227900167984
2024-07-16,1,5,0.003530341127811532
2024-07-16,-1,5,0.003405568480667254
2024-07-16,-1,252,0.0037264830545575283
2024-07-16,1,5,0.0012062337788107391
2024-07-16,1,5,-0.005108920626903768
2024-07-16,1,13,0.0029604477415864916
2024-07-19,1,7,0.0006979216482094208
2024-07-19,-1,5,-0.0008783651665312252
2024-07-19,-1,5,-0.0012226464996392683
2024-07-19,-1,5,0.0004142520363688562
2024-07-19,-1,5,0.0014430277396383917
2024-07-19,1,5,-0.0025134586779326784
2024-07-19,1,5,0.004342192046824012
2024-07-19,-1,5,0.00013211973219812167
2024-07-19,-1,5,-0.011695214029751988
2024-07-19,-1,5,0.0012299469438534216
2024-07-19,-1,18,-0.0021314459785817808
2024-07-19,-1,5,-0.0042483075288773375
2024-07-19,-1,5,-0.008689364679628275
2024-07-19,-1,8,-0.0009119676626210825
2024-07-19,-1,5,-0.0021764751278683936
2024-07-19,-1,5,-0.0024299896653064423
2024-07-19,-1,5,0.000781003556129034
2024-07-19,-1,5,-0.005866332411907316
2024-07-19,-1,5,-0.0025133908272552685
2024-07-19,-1,5,0.004593212984850548
2024-07-19,1,5,-0.00014868977905219116
2024-07-19,1,21,0.001544863597294277
2024-07-19,1,32,-0.0008664225768417188
2024-07-19,1,183,-0.002314441881241247
2024-07-22,-1,5,0.002417547584187496
2024-07-22,1,6,-0.00015175797309191486
2024-07-22,1,10,-0.0012964554438253395
2024-07-22,1,5,0.0004477112566951269
2024-07-22,1,5,-0.002484442035637302
2024-07-22,1,5,0.0009853804780463604
2024-07-22,1,8,-0.004464018548204607
2024-07-22,1,5,-0.003549276202717444
2024-07-22,1,5,-0.000339007756612164
2024-07-22,1,5,-0.0009671736626995496
2024-07-22,1,5,-0.004300203391090995
2024-07-22,1,5,0.0037665156194694465
2024-07-22,1,5,0.001998157381300769
2024-07-22,1,10,-0.0010202449859051943
2024-07-22,1,5,0.0018600979133797657
2024-07-22,1,8,0.002047461546681395
2024-07-22,1,5,-0.008147176544153811
2024-07-22,1,10,-0.004408308248267712
2024-07-22,1,5,-0.0023292330642015746
2024-07-22,1,21,0.003260442688197196
2024-07-22,1,5,0.0010341973324163312
2024-07-22,-1,5,0.0011254169113328882
2024-07-22,-1,5,0.005762401779013937
2024-07-22,1,6,-0.0014272968518579954
2024-07-22,1,5,-0.0025621648507815897
2024-07-22,1,5,0.00022157828994612283
2024-07-25,1,5,-0.0003571767572095318
2024-07-25,1,5,-0.014780483542845502
2024-07-25,1,5,-0.0028664681008394033
2024-07-25,1,5,-0.0019606450070069337
2024-07-25,1,5,-0.0016443899706136134
2024-07-25,1,5,-0.0016865306861454932
2024-07-25,1,5,-0.0026454755003257335
2024-07-25,1,7,0.00038894692320651236
2024-07-25,1,24,-0.00017719200019944415
2024-07-25,1,19,-0.0002897118200258507
2024-07-25,1,6,-0.0028959175767759304
2024-07-25,1,5,0.0017288206585125976
2024-07-25,1,5,-0.001108303676973843
2024-07-25,1,5,-0.002347722196363089
2024-07-25,1,11,-0.002733837286904073
2024-07-25,1,5,0.00414080856002913
2024-07-25,-1,213,0.0009008457064113018
2024-07-25,1,18,-0.00398025542128172
2024-07-25,1,5,-0.001342138270945703
2024-07-25,1,6,0.0028534584465695345
2024-07-25,1,5,-0.00140942539085126
2024-07-25,1,8,0.0005120774285660157
2024-07-25,1,5,-0.004823702061958313
2024-07-25,1,5,0.0024225450504988255
2024-07-25,1,5,-0.004814467013375234
2024-07-25,1,5,0.00068592149273633
2024-07-25,-1,6,-0.00934677571724124
2024-07-25,-1,5,0.0023228967362218245
2024-07-25,-1,5,-0.0004748539643750215
2024-07-25,-1,8,-0.0014296924739210515
2024-07-25,-1,150,-0.0049520555135025845
2024-07-25,-1,6,0.007190871513133412
2024-07-25,-1,10,0.0002511765482482998
2024-07-25,-1,36,-0.0066496388721618005
2024-07-25,-1,5,-0.0054920624528501105
2024-07-25,-1,5,-0.0019715221821721696
2024-07-28,-1,5,-0.0008534938258542567
2024-07-28,-1,36,-0.0016851832194100802
2024-07-28,-1,69,0.0005587767937269006
2024-07-28,-1,5,0.0009311111111111603
2024-07-28,-1,5,0.003367715681106665
2024-07-28,-1,152,-0.0036740455161042296
2024-07-28,-1,13,-0.0015974709390634279
2024-07-28,-1,6,-0.001948852671775969
2024-07-28,-1,5,0.0008827340412440043
2024-07-28,-1,13,-0.000850536069708474
2024-07-31,-1,14,0.000997073971133633
2024-07-31,-1,226,-0.002326633461444294
2024-07-31,-1,48,-0.0003201709211300695
2024-07-31,-1,11,0.00323941624939178
2024-07-31,-1,40,-0.0006945313556923626
2024-07-31,1,5,-0.0033459948177078647
2024-07-31,1,20,-0.001062383400750655
2024-07-31,1,6,0.0032566703295364152
2024-07-31,-1,5,-0.006869433275294823
2024-07-31,-1,5,-0.002887594490179446
2024-07-31,-1,220,-0.0009450041549617371
2024-07-31,-1,6,-0.0014535964674118884
2024-07-31,-1,5,-4.49840758569019e-05
2024-07-31,-1,14,-0.00021366962734120632
2024-07-31,-1,6,0.001416645345713341
2024-07-31,-1,68,-0.002525707965670476
2024-07-31,-1,5,-0.005295657022302669
2024-07-31,-1,6,0.0011805614659787245
2024-07-31,-1,17,-0.0016368677691927513
2024-07-31,-1,5,-0.0012157443500083187
2024-07-31,-1,9,0.0015379199184260561
2024-07-31,-1,9,-0.0025538085865899895
2024-07-31,-1,5,0.007625550287190308
2024-07-31,1,6,0.003418898348372668
2024-07-31,-1,5,0.011826389137245819
2024-07-31,1,5,-0.009646351255210461
2024-07-31,1,5,-0.011477415745294206
2024-07-31,1,5,-0.00047241999904096266
2024-07-31,1,5,0.0014505576196667813
2024-07-31,1,108,1.616886905603254e-05
2024-07-31,1,5,-0.0006229751119531389
2024-07-31,1,5,-0.0026133879601137333
2024-07-31,1,5,-0.0018169706080475856
2024-08-03,1,5,-0.0064333740488258795
2024-08-03,1,5,0.0003739563687485403
2024-08-03,-1,6,-0.004055233955213622
2024-08-03,-1,5,0.001885668419531028
2024-08-03,-1,6,0.003160999245650775
2024-08-03,-1,22,-0.0016191433897881358
2024-08-03,-1,5,0.00016279570771277074
2024-08-03,-1,5,-0.0005586965768686335
2024-08-03,-1,33,-0.0012901762483584212
2024-08-03,-1,13,-0.0005643292230856355
2024-08-03,-1,8,-0.00307649077277522
2024-08-03,-1,5,-0.0012240446105221126
2024-08-03,-1,66,0.000429144227314604
2024-08-03,-1,6,0.006876537210772915
2024-08-03,1,5,-0.004026381695126868
2024-08-03,1,5,0.003362243847255087
2024-08-03,1,7,-0.0014037905420785646
2024-08-03,1,5,-0.0018658512877875455
2024-08-03,1,5,-0.007892655392398196
2024-08-03,1,5,-0.004086654604607831
2024-08-03,1,6,0.003135110323088941
2024-08-03,-1,5,0.00454482822410146
2024-08-03,1,5,0.006771198788274091
2024-08-03,-1,6,-0.002902336217858681
2024-08-03,-1,14,0.0008390026027295661
2024-08-03,-1,6,3.113829200657181e-05
2024-08-06,-1,19,-0.009669564725982183
2024-08-06,-1,5,-0.0018284900832593043
2024-08-06,-1,5,-0.001764833819816236
2024-08-06,-1,230,0.00980562809855473
2024-08-06,-1,5,-0.00343691377210692
2024-08-06,-1,5,-0.005460993696500938
2024-08-06,-1,5,-0.00101283336382757
2024-08-06,-1,5,0.008300707238362015
2024-08-06,-1,5,-0.00682094652491988
2024-08-06,-1,5,-0.008868099431288912
2024-08-06,-1,10,-0.0005336788244392764
2024-08-06,-1,5,0.0009413355149310854
2024-08-06,-1,5,-0.006475559094125949
2024-08-06,-1,5,0.0011297671853625624
2024-08-06,-1,5,-0.0014300342091462803
2024-08-06,-1,6,0.003125358356203034
2024-08-06,-1,8,-0.0031018573046433517
2024-08-06,-1,11,0.00488910726109032
2024-08-06,1,5,0.00020193647582894558
2024-08-06,-1,5,0.005894900440400586
2024-08-09,-1,25,-0.0014206385178544
2024-08-09,-1,10,0.00939792207792206
2024-08-09,1,5,0.0056532922500493465
2024-08-09,-1,42,-0.0013539864174879068
2024-08-09,-1,9,0.0012289536402219636
2024-08-09,-1,5,-0.0013140071424143085
2024-08-09,-1,28,0.00038444671963971944
2024-08-09,-1,6,0.0007405471269470998
2024-08-09,1,5,-0.003023465569512662
2024-08-09,1,20,0.0016824885249785981
2024-08-09,-1,5,0.002949535363952205
2024-08-09,-1,5,-0.00031149831865123756
2024-08-09,-1,6,0.003009981580024579
2024-08-09,1,5,0.004284713204721624
2024-08-09,-1,5,-0.0013933905142927139
2024-08-09,1,5,0.003880232717601018
2024-08-09,1,5,0.003478896788899622
2024-08-09,1,5,0.0013524633661727292
2024-08-09,1,5,-0.004930322213043736
2024-08-09,1,5,0.010132033198310297
2024-08-09,1,5,-0.0009059768266458933
2024-08-09,1,8,-0.002172576104776336
2024-08-09,1,6,0.006271093889313739
2024-08-09,1,6,0.0018712815175032094
2024-08-09,-1,7,-0.000491559679037079
2024-08-09,-1,84,-7.67794778538933e-06
2024-08-09,-1,5,0.008835686299548395
2024-08-12,1,20,-0.005195784974212414
2024-08-12,1,5,0.001035206185566906
2024-08-12,1,5,-0.0002112430285037824
2024-08-12,1,5,-0.0018794556718598199
2024-08-12,1,21,0.002837263954594993
2024-08-12,1,5,-0.001163820403553395
2024-08-12,1,25,-0.0032397939243160034
2024-08-12,1,5,-0.006471524760361447
2024-08-12,1,5,0.01300230940642394
2024-08-12,1,5,5.660289031722565e-05
2024-08-12,1,5,-0.019208320829266545
2024-08-12,1,5,0.017385443894101182
2024-08-12,1,5,-0.010633916359478468
2024-08-12,1,5,0.002614381631122098
2024-08-12,1,13,-0.0002603687237530682
2024-08-12,1,5,0.0006971250799625017
2024-08-12,1,5,-0.0056168250685005305
2024-08-12,1,5,-0.0008303687774617318
2024-08-12,1,5,-0.00816776409730896
2024-08-12,1,6,0.004111902470909923
2024-08-15,-1,5,-0.0007337299680301722
2024-08-15,-1,44,0.0018495175138790176
2024-08-15,-1,5,0.009782977533242476
2024-08-15,1,25,0.002643441592771578
2024-08-15,1,5,-0.0023201697144514255
2024-08-15,1,5,0.00035103759097582243
2024-08-15,1,161,7.849679453636471e-05
2024-08-15,-1,35,0.0037249958023866663
2024-08-15,1,5,-0.0009582714851317785
2024-08-15,1,5,-0.0018439386629910959
2024-08-15,1,6,0.0002387584967117885
2024-08-15,1,8,0.0035437782209323814
2024-08-15,-1,5,-0.0020180987208414103
2024-08-15,-1,5,-0.0025262470391982927
2024-08-15,-1,5,0.0019221577032373927
2024-08-15,-1,5,0.00034002052992715426
2024-08-15,-1,6,-0.0033542725517499705
2024-08-15,-1,10,-0.0016982620087485079
2024-08-15,-1,23,-0.00301060913333534
2024-08-15,-1,5,-0.0029583248623464287
2024-08-15,-1,5,0.0012608511104371112
2024-08-15,-1,5,-0.0010592310101221192
2024-08-15,-1,5,-0.0009073488215623481
2024-08-15,-1,8,-0.0029634471255924333
2024-08-15,-1,5,0.003931561199683464
2024-08-15,1,5,0.001439987659330011
2024-08-15,1,5,-0.02372771355731179
2024-08-15,1,5,0.005457696121959177
2024-08-15,1,7,-0.014253088503594136
2024-08-15,1,5,0.00421091486691777
2024-08-15,-1,5,-2.09978624516326e-05
2024-08-15,-1,5,-0.0018653519945890928
2024-08-15,-1,5,-0.007741473173102087
2024-08-15,-1,11,-0.0038700324481509285
2024-08-15,-1,5,-0.001149218519651829
2024-08-15,-1,5,-0.002358051294122643
2024-08-15,-1,11,0.0004621213259990431
2024-08-18,-1,5,0.0007090768909613909
2024-08-18,-1,5,0.0013359395973154276
2024-08-18,-1,5,-0.001426924949919084
2024-08-18,1,5,-0.00034633854948312715
2024-08-18,-1,5,0.002678769331839137
2024-08-18,-1,5,0.0003821580468669761
2024-08-18,1,5,-0.0021188220123989354
2024-08-18,1,5,-0.00017139933312254596
2024-08-18,1,5,0.0009763145663334583
2024-08-18,1,6,-0.0013085119537779577
2024-08-18,1,7,-0.009091892592168305
2024-08-21,1,5,0.0012739351514556296
2024-08-21,1,7,-0.001794947959927462
2024-08-21,1,5,0.0027841318034411144
2024-08-21,-1,5,-0.0008286065794909646
2024-08-21,-1,5,0.0012228953511678742
2024-08-21,-1,7,-0.004645905645120518
2024-08-21,-1,5,-0.0023065619599829668
2024-08-21,-1,5,5.459309242389365e-05
2024-08-21,-1,6,0.0017056497165665596
2024-08-21,1,5,-0.0038337537564139823
2024-08-21,1,5,0.0016101935788638833
2024-08-21,1,5,0.0022275031658926525
2024-08-21,1,5,-0.0002960203861504528
2024-08-21,-1,20,-0.0029352916005163654
2024-08-21,1,5,0.008422387506447693
2024-08-21,-1,5,0.003525043700595088
2024-08-21,-1,5,0.007677183077677785
2024-08-21,-1,5,0.00548544545462154
2024-08-21,1,5,0.004547066688770529
2024-08-21,-1,6,0.0006451106795306027
2024-08-21,-1,5,-0.0024676145658402704
2024-08-21,-1,18,-0.005272151678058334
2024-08-21,-1,8,-0.008529169556238225
2024-08-21,-1,5,-0.0025357271521807
2024-08-21,-1,5,-0.007996445135676933
2024-08-21,-1,5,-0.00020260703464741725
2024-08-21,1,5,-0.002574365493129005
2024-08-21,1,8,0.004203612911163945
2024-08-21,-1,6,0.0034256846772026677
2024-08-21,1,5,0.0003415241482553345
2024-08-24,1,6,8.328835591581163e-05
2024-08-24,1,5,-0.002417399225048411
2024-08-24,1,5,-0.004295376800973416
2024-08-24,1,7,0.002768162626038906
2024-08-24,1,28,6.27391111984178e-05
2024-08-24,1,5,-0.0019827957459139234
2024-08-24,1,6,0.0014271149640738279
2024-08-24,-1,5,-0.0002497071413460338
2024-08-24,1,51,0.004453993300764958
2024-08-24,1,5,-0.003014911916320473
2024-08-24,1,74,-0.0033997230701452996
2024-08-24,1,5,0.004252198057608403
2024-08-24,1,5,-0.00036189513445800115
2024-08-24,1,54,0.0016450403121647805
2024-08-27,1,5,0.0008717489223743491
2024-08-27,1,180,0.001960932742822441
2024-08-27,-1,5,0.001202316327387376
2024-08-27,-1,5,0.002822468055797389
2024-08-27,-1,5,-0.00039685229182079274
2024-08-27,-1,80,-0.0015507074224861417
2024-08-27,-1,61,-0.0011094197948971485
2024-08-27,1,24,-0.002442962565399276
2024-08-27,1,5,0.0007565539054782966
2024-08-27,1,5,-5.890823230331177e-05
2024-08-27,1,5,-0.004273193392312746
2024-08-27,1,5,0.00174587390164066
2024-08-27,1,11,-0.0015249802483294217
2024-08-27,1,5,-0.0057039589712186145
2024-08-27,1,5,-0.0011045556324468797
2024-08-27,1,6,4.42351506480085e-07
2024-08-27,1,38,0.0005797951416769975
2024-08-27,1,5,-0.0010773089072244058
2024-08-27,1,6,-9.860390444377243e-05
2024-08-27,1,11,0.00177836945876092
2024-08-27,1,5,-0.0021949812208079122
2024-08-27,1,5,-0.003347792952279216
2024-08-27,1,5,-0.0024977545586574723
2024-08-27,1,5,-0.005107996908887247
2024-08-27,1,5,0.00037199390885350736
2024-08-27,1,6,-0.0016261859483074903
2024-08-27,1,5,0.00145803151998386
2024-08-27,-1,5,-0.001376537435702041
2024-08-27,-1,5,-0.00027242668644184
2024-08-27,-1,16,-0.001340511510271425
2024-08-27,-1,5,0.0006881558316121361
2024-08-27,-1,32,-0.0015999331092871327
2024-08-27,-1,5,0.002978865841526679
2024-08-27,1,5,-0.012777432241162734
2024-08-27,1,32,-0.029354300995551863
2024-08-27,-1,5,-0.008087922684791915
2024-08-27,-1,5,-0.000977036336772985
2024-08-27,-1,5,-0.004328167649536641
2024-08-30,-1,5,-0.0010547190660506467
2024-08-30,-1,5,-0.004756096121416642
2024-08-30,-1,5,0.0034153517351641076
2024-08-30,-1,5,-0.0034197142623385024
2024-08-30,-1,5,-0.0008386628363968306
2024-08-30,-1,5,-0.002666949727357315
2024-08-30,-1,31,-0.000377113908311577
2024-08-30,-1,41,0.0013375239838529507
2024-08-30,-1,6,-0.00048591841755690746
2024-08-30,-1,6,0.0017109790721633877
2024-08-30,-1,5,-0.005983853044785381
2024-08-30,-1,5,0.00013932038337388663
2024-08-30,-1,36,0.0046273572538242935
2024-08-30,1,8,-0.00721779066782352
2024-08-30,1,5,0.006053360544944819
2024-08-30,-1,5,-0.0007896211418289555
2024-08-30,-1,27,-0.00122659451483359
2024-08-30,-1,8,-0.006385379984309492
2024-08-30,-1,5,9.095186514096573e-06
2024-08-30,-1,5,0.002063227560736014
2024-08-30,-1,5,0.0002529685651512793
2024-08-30,-1,5,0.0006405308441831958
2024-08-30,-1,5,1.9860762489221193e-05
2024-09-02,1,5,0.0014811394283080204
2024-09-02,1,226,-0.0016688857441435334
2024-09-02,1,6,0.0025605472589100287
2024-09-02,-1,5,0.000539344818374643
2024-09-02,-1,73,-0.002455875432682053
2024-09-02,-1,5,0.001470328639311791
2024-09-02,1,5,0.0022414982678481965
2024-09-02,-1,5,-0.004711988686734669
2024-09-02,1,5,0.0011521959163560136
2024-09-02,1,5,0.00956670493160322
2024-09-02,-1,61,-0.003606758344892269
2024-09-02,-1,13,-0.003703332130694126
2024-09-02,-1,9,0.0003000252992633735
2024-09-02,1,5,0.0023752290039633084
2024-09-02,1,5,-0.001006226276367872
2024-09-02,1,5,0.007953898173939933
2024-09-02,-1,5,-0.0023036796939142623
2024-09-02,-1,5,-0.00037722058420014404
2024-09-02,-1,5,0.0005713134242575912
2024-09-02,-1,5,0.0032067144791850244
2024-09-02,-1,12,-0.002058323790722405
2024-09-02,-1,9,-0.0009588632497628534
2024-09-02,-1,6,0.001031881504910015
2024-09-02,1,30,0.009655276039328864
2024-09-02,-1,33,0.0012403317119307755
2024-09-02,-1,61,-0.002958895129690886
2024-09-02,-1,20,-0.0010617142601392904
2024-09-02,-1,11,0.0017283333333332762
2024-09-05,-1,117,0.0037936126917589856
2024-09-05,1,5,0.0009879218413772484
2024-09-05,1,6,-0.0041444363817543795
2024-09-05,1,83,-0.002549620752679116
2024-09-05,1,13,-0.011384918960109569
2024-09-05,1,5,-0.0003686180097826618
2024-09-05,1,5,0.0037759078783489723
2024-09-05,1,5,-0.0020977362624816087
2024-09-05,1,5,-0.001932447272931903
2024-09-05,1,5,-0.0024090031410994306
2024-09-05,1,5,-0.0008913647659955503
2024-09-05,1,5,-0.0019256179608981294
2024-09-05,1,5,-0.0011824516720757017
2024-09-05,1,5,-0.002781758962483949
2024-09-05,1,5,0.0016232962839816678
2024-09-05,1,10,0.00455410598042344
2024-09-05,1,5,0.002038593540653
2024-09-05,1,5,-0.004299858170090209
2024-09-05,1,5,-0.009304115044247718
2024-09-05,1,5,-0.0027293081675200948
2024-09-05,1,5,0.0021963559697505963
2024-09-05,1,6,0.002920123592627444
2024-09-05,1,8,0.00603575289180508
2024-09-05,1,5,-0.0075995061463109415
2024-09-05,1,5,-0.0005639797882235896
2024-09-05,1,65,0.0025944303946551783
2024-09-05,1,35,0.00021212365979267356
2024-09-05,1,107,-0.0014745407057599746
2024-09-05,1,5,-0.00024405031575752678
2024-09-05,1,5,-0.0019295260925752955
2024-09-05,1,60,0.002356510308845594
2024-09-08,-1,5,0.0007284681261646164
2024-09-08,-1,7,-0.0026144111490680744
2024-09-08,-1,5,-0.0002679391208387226
2024-09-08,-1,65,0.0004488434628910354
2024-09-08,-1,60,-0.0029311660288782737
2024-09-08,-1,7,-0.00010084585826825021
2024-09-08,-1,19,-0.0026648165569663207
2024-09-08,-1,25,-0.00018057506781438127
2024-09-08,-1,19,-0.002095121017762047
2024-09-08,-1,5,0.0017466760289312488
2024-09-08,-1,8,-0.0020124253904834633
2024-09-08,-1,5,-0.001698704248123184
2024-09-08,-1,114,-0.0012009488566060988
2024-09-08,-1,34,-0.00021869283734193823
2024-09-08,-1,34,0.0004426183496995528
2024-09-08,-1,199,0.001323276353015046
2024-09-08,-1,15,-0.0030043985469517254
2024-09-08,-1,8,-0.0037908412737124864
2024-09-08,-1,11,-0.0015323115618602334
2024-09-08,-1,5,-0.0005345940047128405
2024-09-08,-1,33,0.0007192697203543541
2024-09-08,-1,160,-0.00018480216241095737
2024-09-08,1,5,-0.0020941795477190106
2024-09-08,-1,5,-0.0026626728325463422
2024-09-08,-1,5,0.0010272045753710324
2024-09-08,-1,6,-0.00970883490376867
2024-09-08,-1,5,-0.0008104770511557223
2024-09-11,1,5,-0.003558965224030819
2024-09-11,1,31,0.0007595666550643254
2024-09-11,1,5,-0.015659040413695646
2024-09-11,1,5,-0.0003237198651009908
2024-09-11,1,18,-0.0025329861761105854
2024-09-11,1,5,-0.001872613154682623
2024-09-11,1,5,0.0002661749979299689
2024-09-11,1,5,-0.0023214991941946095
2024-09-11,1,5,-0.004229095104727187
2024-09-11,1,5,-0.0023304177161303508
2024-09-11,1,5,-0.0007854602499311468
2024-09-11,1,5,0.0017691627304611823
2024-09-11,-1,5,-0.0019846478035028814
2024-09-11,-1,5,-0.0008403411213385169
2024-09-11,1,5,0.0023320167982189832
2024-09-11,-1,6,-0.004006405218573816
2024-09-11,-1,5,0.0040037528124586275
2024-09-11,-1,5,-0.0025735543614034406
2024-09-11,-1,6,-0.000383587297669019
2024-09-11,-1,105,0.004005564210459556
2024-09-11,1,6,0.01073047370997443
2024-09-11,1,6,-0.01766959634341686
2024-09-11,1,5,-0.0018280958054863183
2024-09-11,1,23,0.000969915601866711
2024-09-11,1,5,0.005297536810360215
2024-09-11,1,5,0.002581817113636198
2024-09-11,-1,61,-0.007485954741243861
2024-09-11,-1,13,-0.00038533614727781485
2024-09-11,-1,5,-0.004306430906541314
2024-09-11,-1,5,0.00822845487331575
2024-09-11,1,5,0.0025266489222672273
2024-09-11,-1,5,0.0010731052467289337
2024-09-11,-1,12,0.002273386051128312
2024-09-11,1,7,-0.002654465361708047
2024-09-11,1,6,0.0001004067963076839
2024-09-11,1,5,-0.0018175920439196802
2024-09-11,1,6,0.0012224313909889317
2024-09-11,1,5,-0.001759135340964002
2024-09-14,-1,5,-7.91138070498908e-05
2024-09-14,-1,5,-0.0006147333785561647
2024-09-14,-1,13,-0.0006496732851269392
2024-09-14,-1,5,0.00016552706067524136
2024-09-14,1,15,-0.0019193451143451612
2024-09-14,1,6,-0.002932549771846038
2024-09-14,1,5,0.00020523066933603184
2024-09-14,1,106,-0.0012413335986864449
2024-09-14,1,5,0.00042277878658153467
2024-09-14,1,24,-0.0021367352510321402
2024-09-14,1,121,-0.00033827032482719444
2024-09-14,1,5,-0.0016517739246972307
2024-09-14,1,87,-0.0003912805284931874
2024-09-14,1,5,-0.0025996547668534764
2024-09-14,1,5,-0.0014121137677680085
2024-09-14,1,5,-0.0022440656113518753
2024-09-14,1,33,0.0012841002952572178
2024-09-14,1,5,-0.0003642136908562076
2024-09-14,1,5,0.003240710134789715
2024-09-14,-1,5,-0.0002732899103426444
2024-09-14,-1,5,-0.0008549993333422655
2024-09-14,-1,7,0.00037145882560746257
2024-09-14,-1,15,-0.0004485614540027937
2024-09-17,-1,5,0.0013127859697537603
2024-09-17,1,5,0.0007254380380580794
2024-09-17,-1,16,-0.0005122498708455824
2024-09-17,-1,6,-0.0008118720257013766
2024-09-17,-1,38,-0.002445140201105922
2024-09-17,-1,12,-0.0019860417130240227
2024-09-17,-1,7,-0.0005050211348744392
2024-09-17,-1,15,-0.00010689475978370433
2024-09-17,-1,5,-0.0034769936673920143
2024-09-17,-1,78,-0.0027214417838484217
2024-09-17,-1,5,0.00013949766747939363
2024-09-17,-1,5,0.0002896907498632363
2024-09-17,-1,5,-0.0027355899700530206
2024-09-17,-1,5,-0.01514659941405011
2024-09-17,-1,5,-0.01653756953692903
2024-09-17,-1,5,0.004781856451228805
2024-09-17,-1,13,0.004326764840387687
2024-09-17,1,12,-0.0038269349946007947
2024-09-17,1,102,-0.006339752577165847
2024-09-20,1,5,-0.0033448754077398113
2024-09-20,1,23,-0.0017998963729331519
2024-09-20,1,6,0.0041471225662305655
2024-09-20,1,6,-0.00034963964437323403
2024-09-20,1,10,0.004501435941920151
2024-09-20,-1,7,-0.009392728924407179
2024-09-20,-1,5,-0.00042399027719625104
2024-09-20,-1,7,0.0007781473030961661
2024-09-20,-1,5,0.0021492721214613764
2024-09-20,1,20,-0.005306080322361961
2024-09-20,1,5,0.0032194350891431855
2024-09-20,1,5,0.004058303447405043
2024-09-20,1,5,-0.0037039790688680463
2024-09-20,1,5,-0.0005716321870979367
2024-09-20,1,5,0.0013942144084064245
2024-09-20,1,5,-0.009266029133560283
2024-09-20,1,5,-0.002585407889700464
2024-09-20,1,5,-5.061934015554426e-05
2024-09-20,1,62,-0.0047403349315676135
2024-09-20,1,5,0.002288179237153798
2024-09-20,1,5,0.00015643167647655398
2024-09-20,1,29,-0.004014598681290782
2024-09-20,1,7,-0.0017278174571606075
2024-09-20,1,5,-0.002882500636294194
2024-09-20,1,14,-0.005152001031735021
2024-09-20,1,5,0.002723374478999563
2024-09-20,-1,12,0.0016147417882891868
2024-09-20,-1,5,-0.004541830570545413
2024-09-20,-1,7,-0.0006324964351900885
2024-09-20,-1,14,0.0009762988927788929
2024-09-23,-1,5,0.006422292118929918
2024-09-23,-1,7,-0.004986989857925839
2024-09-23,-1,5,-0.0025156775443387347
2024-09-23,-1,5,0.002030177504041275
2024-09-23,-1,6,-0.003020947282127262
2024-09-23,-1,14,-0.011532657241325295
2024-09-23,-1,10,0.003092162011034849
2024-09-23,-1,6,0.007399395655583063
2024-09-23,1,5,-0.00019536812988768515
2024-09-23,1,5,-0.002567447777871823
2024-09-23,-1,5,0.005523219462022777
2024-09-23,1,5,0.004792650095405582
2024-09-23,-1,5,0.005223605276991006
2024-09-23,1,5,-0.0014569441226920943
2024-09-23,1,7,0.0003680455968046449
2024-09-23,1,104,0.002243288560771217
2024-09-23,1,7,0.0011501426271793291
2024-09-23,1,5,0.0013792458891068171
2024-09-26,1,5,0.0010699712731578326
2024-09-26,1,6,-0.004720358508929989
2024-09-26,1,9,-0.003263422565262075
2024-09-26,1,5,0.005503359093661453
2024-09-26,-1,103,-0.0002632616675117271
2024-09-26,-1,141,-0.0007987206242954791
2024-09-26,-1,5,0.00019432334218832958
2024-09-26,-1,6,0.001155876369327069
2024-09-26,-1,5,-0.0025220147915452906
2024-09-26,-1,5,0.002617680986635673
2024-09-26,1,5,0.0029409883855692764
2024-09-26,-1,5,0.0006961818142545151
2024-09-26,-1,5,0.0019982604074893495
2024-09-26,-1,7,-0.009606295896328387
2024-09-26,-1,5,0.00047497256326750614
2024-09-26,-1,5,-0.00011998261462570204
2024-09-26,-1,5,0.0006475315440669926
2024-09-26,1,5,-0.0003030898250374058
2024-09-26,1,5,-0.004539723685913433
2024-09-26,1,5,-0.0002807758980623575
2024-09-26,1,6,0.0011440315121764022
2024-09-26,1,7,0.002443751637102476
2024-09-26,1,5,-0.0009370018541655089
2024-09-26,1,37,0.0031577532037393996
2024-09-29,-1,6,0.0032459355840554482
2024-09-29,-1,5,-0.000562008778057843
2024-09-29,-1,63,0.0004720674522428747
2024-09-29,1,79,-0.0007607721871112915
2024-09-29,1,160,-0.0010857878540941335
2024-09-29,1,5,-0.0008278953453762504
2024-09-29,1,192,-0.0019573744255299563
2024-09-29,1,50,-0.0004809400794863471
2024-09-29,1,7,0.0004984602054975418
2024-09-29,1,78,-0.0010171489621489394
2024-09-29,-1,5,-0.00014948119935670457
2024-09-29,-1,70,-6.996160031841326e-05
2024-09-29,-1,31,-0.0011692500698146646
2024-09-29,1,5,-0.000270407607660783
2024-09-29,1,5,-0.0013965833545521167
2024-10-02,-1,5,-0.0038387454937059418
2024-10-02,-1,5,-0.0031238291877711544
2024-10-02,-1,5,-0.0029944985705399607
2024-10-02,-1,5,-0.0031026892741908285
2024-10-02,-1,123,-0.003103096929054472
2024-10-02,-1,5,0.0006106757746127678
2024-10-02,-1,5,-0.0011260257258341455
2024-10-02,-1,70,0.0016246038886628678
2024-10-02,-1,5,0.0010928868788107615
2024-10-02,-1,35,0.001194430121940926
2024-10-02,-1,5,-0.0021578445379105138
2024-10-02,-1,6,0.0011610321426028247
2024-10-02,1,9,0.001529630350194544
2024-10-02,1,5,-0.00015646183123602098
2024-10-02,-1,6,0.00579131901840485
2024-10-02,-1,7,0.002746711839642091
2024-10-02,1,5,0.013871460878177533
2024-10-02,-1,5,-0.0005866476477423553
2024-10-02,-1,8,-0.0035789273631728347
2024-10-02,-1,5,-0.005283445351279614
2024-10-02,-1,62,-0.004103857764437946
2024-10-02,-1,5,0.0027667733371947167
2024-10-02,-1,5,0.004210496868341129
2024-10-02,-1,20,0.003702114170406279
2024-10-02,1,5,-0.009012033282615739
2024-10-02,1,5,-0.000617409524947876
2024-10-02,1,183,0.005581203275027258
2024-10-02,-1,5,0.0016311676438169331
2024-10-02,-1,37,0.0016252134646961847
2024-10-02,1,21,-0.0016822016444651422
2024-10-05,-1,44,-5.024050918095424e-05
2024-10-05,-1,6,0.0009668341138415193
2024-10-05,1,5,-0.00022457284441640402
2024-10-05,1,87,-0.0013901346698757533
2024-10-05,1,5,0.0007460295180811705
2024-10-05,-1,5,-0.00039327351505052943
2024-10-05,-1,5,0.0014875086732709097
2024-10-05,-1,5,-0.0022245799136678124
2024-10-05,-1,5,0.0004476075917655975
2024-10-05,-1,94,-0.0010604898173650068
2024-10-05,-1,9,0.0002825886376707777
2024-10-05,1,30,-0.001246159360335175
2024-10-05,1,6,-0.001159041815733397
2024-10-05,1,5,-0.000751614208385709
2024-10-05,1,5,-0.0021752220180281667
2024-10-05,1,10,-0.0007580334709398894
2024-10-05,1,5,0.0005721806034643673
2024-10-05,1,112,0.0019460961525087916
2024-10-08,1,5,0.004536484997184453
2024-10-08,-1,5,-0.0023007906915793463
2024-10-08,-1,5,0.0017003298099141362
2024-10-08,-1,5,-0.0008065966993032191
2024-10-08,-1,5,-0.0008608734131950179
2024-10-08,-1,5,-0.002252579892205564
2024-10-08,-1,6,0.003514254816894214
2024-10-08,1,6,0.0014052251827531559
2024-10-08,1,5,-0.0028288986831829788
2024-10-08,1,5,-0.0007503855618700704
2024-10-08,-1,36,-0.0010931134014347532
2024-10-08,-1,5,-0.0011169331215386546
2024-10-08,-1,5,0.00018374681532479242
2024-10-08,-1,5,-0.003975129201939265
2024-10-08,-1,5,0.004673736450479582
2024-10-08,1,5,0.008122050489661914
2024-10-08,1,9,-0.0013888479428984524
2024-10-08,1,5,0.0027037662797739226
2024-10-08,-1,6,0.0033896966364035945
2024-10-08,1,12,-0.000796964644435516
2024-10-08,1,5,-0.0023260407966591568
2024-10-08,1,45,-0.0022348351427423085
2024-10-08,1,9,-0.0010128154727479521
2024-10-08,1,5,0.00038822339168115283
2024-10-08,1,5,-0.0022680825168882035
2024-10-08,1,5,0.0013831732220487836
2024-10-11,-1,5,-0.0005758802018909769
2024-10-11,-1,5,-0.0009986287854840126
2024-10-11,-1,9,-0.0029637303687873318
2024-10-11,-1,6,-0.0005278545976442061
2024-10-11,-1,5,0.0003183601169218232
2024-10-11,-1,5,0.001393127886586465
2024-10-11,-1,5,0.0004861587616687424
2024-10-11,-1,5,-0.00510202199122195
2024-10-11,-1,5,0.0013744792140140683
2024-10-11,-1,5,-0.0009770299037124563
2024-10-11,-1,5,-0.002722380704043792
2024-10-11,-1,5,-0.00012227012583126962
2024-10-11,-1,5,-0.001692150531310166
2024-10-11,-1,5,-0.00112806065708565
2024-10-11,-1,5,-0.007725759343432614
2024-10-11,-1,5,-0.001843579754337743
2024-10-11,-1,9,0.00021597116848609554
2024-10-11,-1,5,-0.006848479386782735
2024-10-11,-1,6,-0.0026026580555036927
2024-10-11,-1,5,-0.001428082976024092
2024-10-11,-1,15,-0.0008226767027484371
2024-10-11,-1,5,-0.0024627114907354586
2024-10-11,-1,5,-0.008289586554640682
2024-10-11,-1,89,0.00022462683586294007
2024-10-11,-1,5,-0.0037636930128959745
2024-10-11,-1,5,0.0038942451431631113
2024-10-11,1,5,-0.0031071339071893633
2024-10-11,1,5,0.0005735771354737351
2024-10-11,1,6,-0.0028914267062618015
2024-10-14,1,5,-0.00106724265440733
2024-10-14,1,6,0.0014697159404479243
2024-10-14,1,10,-0.00021824780927187637
2024-10-14,1,5,-3.7383194309292714e-05
2024-10-14,-1,5,-0.019139358798250516
2024-10-14,1,89,-0.006081285345743759
2024-10-14,1,7,1.9204666001193635e-05
2024-10-14,1,21,0.004217700097006227
2024-10-14,1,5,0.0024837801998566778
2024-10-14,1,5,-0.0014646499231693588
2024-10-14,1,15,0.0006279100413215111
2024-10-14,1,28,-0.001220768401601513
2024-10-14,1,5,-0.0034793240245494794
2024-10-14,1,5,-0.0001645125504672883
2024-10-14,1,5,0.005465755071229761
2024-10-14,-1,5,-0.012987772271151166
2024-10-14,-1,5,0.00039663713589116467
2024-10-14,1,5,0.0002869773928697029
2024-10-14,1,107,-0.0011019550684138735
2024-10-14,1,5,0.000972059773828915
2024-10-14,1,93,0.0021925160390727227
2024-10-14,-1,32,-0.0006418106762081098
2024-10-14,-1,5,0.00024705800356544805
2024-10-17,-1,5,0.0012895559246431376
2024-10-17,1,11,0.0028481490292532885
2024-10-17,-1,5,0.002961392215237668
2024-10-17,1,29,-0.001916083128276791
2024-10-17,1,10,0.0006273864655789718
2024-10-17,1,6,-0.002824117873788834
2024-10-17,1,21,-8.014705008602119e-05
2024-10-17,1,5,-0.000883747176988081
2024-10-17,1,7,-0.00037865452349589146
2024-10-17,1,5,-0.0028046553342961356
2024-10-17,1,5,-0.0005625213024230135
2024-10-17,1,24,-0.0011825553735493322
2024-10-17,1,5,0.0017281133211434763
2024-10-17,1,130,-0.003218453555499823
2024-10-17,1,5,-0.002357256576254796
2024-10-17,1,10,0.0019569651583541403
2024-10-17,1,5,-0.003856532854339678
2024-10-17,1,5,0.0015060970076980484
2024-10-17,1,5,0.00046590610677083033
2024-10-17,1,12,-0.0006751502227596017
2024-10-17,1,8,0.002110042845010207
2024-10-17,1,5,-0.0035006189475444427
2024-10-17,1,5,0.005371298715893313
2024-10-17,1,5,0.0021071115195496204
2024-10-17,-1,5,0.003767647041402589
2024-10-17,1,19,0.002800724460072457
2024-10-17,1,10,0.0003040484959366264
2024-10-17,1,5,-0.004308013336791594
2024-10-17,1,5,0.00018864902640375336
2024-10-17,1,5,-0.001941945962945335
2024-10-17,1,5,0.0006209294726004511
2024-10-17,1,5,-0.0008020150501173994
2024-10-17,-1,5,-0.0032707738095237304
2024-10-17,-1,5,-0.00028540302910190485
2024-10-20,-1,5,-0.0010032209668225378
2024-10-20,-1,5,0.0020192788989970567
2024-10-20,-1,5,0.0017660448952928065
2024-10-20,-1,5,-0.002991126427356605
2024-10-20,-1,180,0.001888333024918032
2024-10-20,-1,5,0.0007217374228499218
2024-10-23,1,10,-0.0023424856835572716
2024-10-23,1,12,-0.0008868189391504909
2024-10-23,1,6,0.0013272881698926375
2024-10-23,1,5,-0.001681437208473191
2024-10-23,1,6,-0.001605483265733454
2024-10-23,1,13,-0.003227032451659728
2024-10-23,1,5,0.0004655474850327468
2024-10-23,1,5,-0.0007304543557019038
2024-10-23,1,6,0.001257572145283825
2024-10-23,1,24,-0.0020614085769238844
2024-10-23,1,12,-0.0013040280126022652
2024-10-23,1,5,0.0014532111688291827
2024-10-23,1,47,-0.00454610093981217
2024-10-23,1,6,-0.00192643113128671
2024-10-23,1,5,0.0009464208794495721
2024-10-23,1,5,-0.004427950330038011
2024-10-23,1,8,-0.0069822994363833435
2024-10-23,1,5,0.0017525100468224752
2024-10-23,1,72,-0.0002874180106494094
2024-10-23,1,60,-0.0008591410374025331
2024-10-23,1,34,-0.00045757620011604983
2024-10-23,1,5,-0.0022511815995189255
2024-10-23,1,5,-0.000255565992292761
2024-10-23,1,5,-0.0003862325921551445
2024-10-23,1,5,-0.0008847712221554115
2024-10-23,1,5,0.0029298694150007853
2024-10-23,1,16,-0.002563444054345443
2024-10-23,-1,6,0.0027900685071101106
2024-10-23,1,6,-0.005653882514676745
2024-10-23,1,5,0.002114526945872164
2024-10-23,1,15,-0.006235066389277566
2024-10-23,1,8,-0.0019113692875527
2024-10-23,1,5,-0.0011074320705653506
2024-10-23,1,5,-0.005657618268304743
2024-10-23,1,6,0.0017735046200754723
2024-10-23,1,6,0.004749903809969369
2024-10-23,-1,6,-0.006776662216035734
2024-10-23,-1,5,-0.0020145668756419988
2024-10-23,-1,13,-0.0033355524337384534
2024-10-23,-1,5,0.0006913252233606282
2024-10-23,-1,199,0.0008997478882323828
2024-10-23,-1,5,-0.0001544024894391537
2024-10-23,-1,5,-0.0021593230864738744
2024-10-23,-1,17,-0.003420874846456423
2024-10-26,-1,5,0.002403484058687344
2024-10-26,-1,9,0.0004188217349543888
2024-10-26,-1,5,-0.0006992051228560946
2024-10-26,-1,5,0.001753343621246184
2024-10-26,-1,5,0.0005553430871872433
2024-10-26,-1,5,-0.002976074086041891
2024-10-26,-1,5,0.0007186703525824956
2024-10-26,-1,10,0.0003416542532545531
2024-10-26,-1,46,-0.00011780678268630263
2024-10-29,-1,10,0.0015910279689089202
2024-10-29,1,7,0.0008707670325446837
2024-10-29,-1,16,-0.0014744196789360786
2024-10-29,-1,6,-0.015020651228963067
2024-10-29,-1,5,-0.0037900662364274695
2024-10-29,-1,64,-0.0002866010401604834
2024-10-29,-1,5,0.0045667253567019395
2024-10-29,1,7,0.002250334563366596
2024-10-29,-1,39,0.0008290007143479383
2024-10-29,-1,5,0.0008198280484181253
2024-10-29,1,189,0.001471012324874621
2024-10-29,-1,5,-0.001028616111611147
2024-10-29,-1,5,-0.00110881584258965
2024-10-29,-1,5,0.0016525136934688045
2024-10-29,-1,5,-0.0016157491829170145
2024-10-29,-1,5,-0.0011917590575454828
2024-10-29,-1,21,-0.0024269505853218853
2024-10-29,-1,16,-0.0011391678168311548
2024-10-29,-1,5,0.0007222983523986204
2024-10-29,-1,5,-0.001646666865725177
2024-10-29,-1,5,-0.004217106659926639
2024-10-29,-1,6,0.0011980941650089894
2024-10-29,-1,5,-0.000797981086836541
2024-10-29,-1,5,-0.0002600852623034221
2024-10-29,1,62,0.012036738326685226
2024-10-29,-1,5,0.002795372548201891
2024-10-29,-1,9,-0.0011647468386198345
2024-10-29,-1,9,-0.0005597000720570232
2024-10-29,-1,13,-0.009174197342581236
2024-10-29,-1,5,-0.0010959518123124234
2024-10-29,-1,153,-0.0022228709613412723
2024-10-29,-1,6,-0.0006523374831866601
2024-10-29,-1,6,-0.0006783825306428403
2024-10-29,-1,18,-0.0049475965861374704
2024-10-29,-1,34,-0.006105237209582504
2024-10-29,-1,5,0.009995988079787799
2024-10-29,1,8,-0.005651402097170355
2024-10-29,1,7,0.000953569217007455
2024-10-29,1,195,0.0012751831114010126
2024-10-29,1,93,-0.002142299180627971
2024-10-29,1,5,0.004076640629865957
2024-10-29,-1,5,-0.0018877863150137952
2024-10-29,-1,5,-0.00199500287526716
2024-11-01,1,88,3.810678452137461e-05
2024-11-01,1,5,-0.002417080080859779
2024-11-01,1,41,-0.007839885458911622
2024-11-01,1,5,-0.008566255685395985
2024-11-01,1,6,0.0022745541868646746
2024-11-01,1,5,0.0030608102262221215
2024-11-01,1,5,-0.0007113256150444446
2024-11-01,1,5,-0.000443766278904134
2024-11-01,1,5,-0.0053363871975356525
2024-11-01,1,12,0.001703208814892887
2024-11-01,1,5,0.0022096910266399816
2024-11-01,1,5,-0.0004104942839867064
2024-11-01,1,8,0.00014321971028857805
2024-11-01,1,6,0.0032935249892595553
2024-11-01,-1,5,-0.01027350502276253
2024-11-01,-1,5,-0.0029596490589026136
2024-11-01,1,5,-0.006636494288764283
2024-11-01,1,14,-0.020448848425822452
2024-11-01,1,100,0.008120205540159853
2024-11-01,1,5,-0.00558967534801208
2024-11-01,1,122,0.001246223038140426
2024-11-01,1,5,-0.0027627117036113646
2024-11-01,1,15,-0.0030747192662584077
2024-11-01,1,6,-0.006141958655167035
2024-11-01,1,5,0.004134375768601373
2024-11-01,1,5,0.0003491222676263451
2024-11-01,1,220,-0.000805
2024-11-01,1,13,-0.0018858626698317615
2024-11-01,1,5,-0.0018891361964165632
2024-11-01,1,5,0.0008113754154792097
2024-11-01,1,7,0.0011103742341029288
2024-11-04,-1,6,-0.0015808943853724
2024-11-04,-1,5,-0.0017031422407341457
2024-11-04,-1,9,-0.0037637686881051846
2024-11-04,-1,6,-0.0006531638673385464
2024-11-04,-1,6,-0.00024268900298923801
2024-11-04,-1,5,0.0012286497590364154
2024-11-04,-1,5,0.0021973081328420796
2024-11-04,1,25,-0.005169315304276723
2024-11-04,1,5,0.00019081640128620913
2024-11-04,1,28,0.004133867791996815
2024-11-04,1,5,-0.009272048689567602
2024-11-04,1,5,0.0023526796901831015
2024-11-04,-1,5,0.0028866180979112976
2024-11-04,-1,5,-0.0013882664393499167
2024-11-04,1,5,-0.0013574853695061395
2024-11-04,1,5,-0.008390991123975289
2024-11-04,1,5,0.01088146009838259
2024-11-04,-1,11,-0.0013345883520064494
2024-11-04,-1,5,-0.0016595950692810946
2024-11-07,1,5,-0.0003755078511964992
2024-11-07,-1,7,0.005672013456213099
2024-11-07,1,14,-0.002485294689657247
2024-11-07,1,8,-0.0022169788656925538
2024-11-07,1,11,-0.0018154574324758532
2024-11-07,1,10,0.0002699338527955565
2024-11-07,1,14,-0.004891012022869956
2024-11-07,1,25,-0.0005622144855764176
2024-11-07,1,10,0.004814432741952979
2024-11-07,1,78,0.002932947925412266
2024-11-07,-1,5,-0.007227329741709199
2024-11-07,-1,5,-0.0019048002646394058
2024-11-07,-1,11,-0.005855958204244394
2024-11-07,-1,7,-0.002814113232571247
2024-11-07,-1,15,0.0024978974346884786
2024-11-07,-1,18,-0.005949956697160641
2024-11-07,-1,5,0.0046113836790136475
2024-11-07,-1,17,-0.0032827610788415673
2024-11-07,-1,5,0.00015268545846741654
2024-11-07,-1,6,0.00020476190258483806
2024-11-07,-1,6,0.0021135984448096834
2024-11-07,1,5,0.0020546446210376046
2024-11-10,-1,16,-0.003694541421966735
2024-11-10,-1,9,0.003250136354609079
2024-11-10,-1,77,-0.005340073664058587
2024-11-10,-1,94,0.0018048759048602814
2024-11-10,-1,6,-0.0026117303620066257
2024-11-10,-1,5,-0.0010657801736518313
2024-11-10,-1,5,0.0030956472585475514
2024-11-10,1,5,-0.004610785045726262
2024-11-10,-1,5,-0.00220268015206343
2024-11-10,1,5,-0.00022339898584872165
2024-11-10,1,5,0.00020351763017240076
2024-11-10,-1,5,-0.0083791160002889
2024-11-10,1,5,-0.013353152198225582
2024-11-10,1,5,-0.00323111713208063
2024-11-10,1,5,-0.0041673547045303905
2024-11-10,1,14,0.0017795176408796354
2024-11-10,-1,5,0.006812492440561979
2024-11-13,-1,5,0.00036778240079976554
2024-11-13,1,6,0.0043073336614118385
2024-11-13,1,5,-0.0005952428736726855
2024-11-13,1,5,-0.0050946680020935164
2024-11-13,1,5,-0.001062990244528883
2024-11-13,1,5,0.0010079162249118645
2024-11-13,1,5,-0.003901936171386733
2024-11-13,1,9,-0.0059074233050646074
2024-11-13,1,5,0.005271121652057065
2024-11-13,1,9,0.0011550714296366116
2024-11-13,1,11,0.0022869780411133855
2024-11-13,-1,7,-0.002634516426321787
2024-11-13,1,5,0.01331130437125555
2024-11-13,-1,5,-0.009119364845318112
2024-11-13,-1,5,-0.0016146756237032656
2024-11-13,1,5,0.003610731745120999
2024-11-13,-1,5,-0.013325417853751242
2024-11-13,-1,5,0.005127563480580688
2024-11-13,-1,22,0.0061955965988472195
2024-11-13,-1,5,-0.003372335788920433
2024-11-13,-1,11,0.0058312867886397
2024-11-13,1,5,-0.012181124339924854
2024-11-13,1,5,0.001907915093179724
2024-11-13,1,6,-0.014372897359874848
2024-11-13,1,5,0.013735850929149362
2024-11-13,1,22,-0.003698437153384526
2024-11-13,1,26,0.0030428485010926543
2024-11-16,1,6,-0.0006214369197015678
2024-11-16,1,8,0.0004625983624474972
2024-11-16,-1,5,0.0004274164868482422
2024-11-16,-1,15,-0.00021131312741901043
2024-11-16,-1,210,-0.0012218036766702967
2024-11-16,-1,5,-0.0039498715542252705
2024-11-16,-1,21,4.1480761701351396e-05
2024-11-16,-1,5,0.0019893722896340837
2024-11-16,-1,19,4.10478577408947e-05
2024-11-16,1,9,-0.0015154807512754442
2024-11-19,1,5,0.0004468078292678146
2024-11-19,1,8,0.007419294934134901
2024-11-19,-1,20,0.0012231774139970786
2024-11-19,1,5,0.001679027318792714
2024-11-19,-1,11,-0.0018972609582506572
2024-11-19,-1,21,-0.0007962355660728336
2024-11-19,-1,10,-0.0030760822462470583
2024-11-19,-1,5,-0.001474892642327641
2024-11-19,-1,192,0.0006590601083470982
2024-11-19,-1,5,0.001219963266838875
2024-11-19,-1,73,-0.0065100294165579276
2024-11-19,-1,5,-0.0013360668676306031
2024-11-19,-1,5,-0.0010550625156289795
2024-11-19,-1,5,0.0009705870901561275
2024-11-19,-1,5,0.001279824955223996
2024-11-19,-1,5,-0.0011984381920589482
2024-11-19,-1,5,-0.002552307142608179
2024-11-19,-1,21,0.0047044320737290035
2024-11-19,-1,31,-0.0038269267158198006
2024-11-19,-1,5,-0.0013419674301480833
2024-11-19,-1,10,0.0011520515353274363
2024-11-19,-1,5,-0.0011484189482223184
2024-11-19,-1,70,-0.008486156260899824
2024-11-19,-1,5,-0.0007801351082543094
2024-11-19,-1,13,0.003826155379260954
2024-11-19,-1,5,0.010555836268704544
2024-11-19,1,5,0.002885283604925959
2024-11-19,1,5,0.00850470723853286
2024-11-19,-1,5,-0.0016673105143237277
2024-11-19,-1,5,-0.00218631880165715
2024-11-19,-1,7,-0.000598346626951629
2024-11-19,-1,5,-0.006658447108221666
2024-11-19,-1,9,-0.003493620505197914
2024-11-19,-1,7,-0.0018897606169603898
2024-11-19,-1,6,-0.004763206656779151
2024-11-19,-1,5,-0.004257412518924586
2024-11-19,-1,5,0.0025356469868704212
2024-11-19,-1,5,-0.0001908805938267143
2024-11-19,-1,6,0.006334610129154761
2024-11-19,1,6,-0.0062872387532217355
2024-11-19,1,7,-0.001996845994844343
2024-11-19,1,13,-0.0008060834834860419
2024-11-19,1,29,-0.00493438523465467
2024-11-19,1,5,0.0024448897281048043
2024-11-22,1,5,-0.0006491078895672352
2024-11-22,1,6,0.002900370950504161
2024-11-22,-1,5,0.0016050835959900422
2024-11-22,-1,6,0.002588179930380352
2024-11-22,-1,6,0.000740618474686705
2024-11-22,-1,5,-0.0035445102405982643
2024-11-22,-1,5,0.0004077611433743189
2024-11-22,-1,9,5.549241527319515e-05
2024-11-22,1,5,-0.0011537637642560772
2024-11-22,1,91,-0.0012161228526444412
2024-11-22,1,9,0.0002480709152376527
2024-11-22,1,22,-0.009600696630754524
2024-11-22,1,5,0.005553158132917513
2024-11-22,1,136,-0.0029698319622048497
2024-11-22,1,5,0.0069349507709206
2024-11-22,-1,5,-0.0017142103003425224
2024-11-22,-1,42,-0.0014453833411445793
2024-11-22,-1,5,0.0017018552344105209
2024-11-22,-1,5,-0.004593498393523243
2024-11-22,-1,5,0.003173101822500024
2024-11-22,-1,5,-0.0011591065770000797
2024-11-22,-1,6,0.000853670764440484
2024-11-22,-1,5,-0.0009221630778740163
2024-11-22,-1,6,0.0001949687194447437
2024-11-22,-1,75,0.0015909800778694527
2024-11-22,1,5,-0.0006074041837620946
2024-11-25,1,5,-0.005696684850167333
2024-11-25,1,5,0.0023928062802615613
2024-11-25,1,12,-0.002808991615765477
2024-11-25,1,6,-0.01398955608437874
2024-11-25,1,5,-0.007919345114345056
2024-11-25,1,5,0.00882586576049954
2024-11-25,1,5,-0.005522275916374386
2024-11-25,1,6,-0.004931579125558805
2024-11-25,1,5,0.002674293422864016
2024-11-25,1,8,-0.005115164368191427
2024-11-25,1,5,0.0009261282307470586
2024-11-25,1,109,-0.005315396748641621
2024-11-25,1,5,0.006903031233749857
2024-11-25,1,9,-0.0054915766578043645
2024-11-25,1,10,-0.006158182567652382
2024-11-25,1,6,-0.0019549430327760464
2024-11-25,1,5,-0.0010438760030925809
2024-11-25,1,5,-0.010944968038210046
2024-11-28,-1,9,-0.0026203233239432966
2024-11-28,-1,24,-0.0021669346585174165
2024-11-28,-1,11,0.0026079158839317773
2024-11-28,1,7,-0.002168846509477629
2024-11-28,1,7,0.0004971585985033555
2024-11-28,1,53,0.0028859503249069607
2024-11-28,1,5,0.0024211701188371904
2024-11-28,1,14,-0.0016117055556316706
2024-11-28,-1,5,-0.003397381678831135
2024-12-01,1,11,-0.001723533173178804
2024-12-01,1,304,-0.00429027336833171
2024-12-01,-1,122,-0.0005802008171501004
2024-12-01,-1,5,-0.003890141006235359
2024-12-01,-1,8,-0.0005072751739733649
2024-12-01,-1,171,4.3938414875322016e-05
2024-12-01,-1,82,0.0002044864920601187
2024-12-01,-1,5,-0.0006347169689620568
2024-12-01,-1,261,-0.0019403080813294449
2024-12-01,-1,9,-0.002391498168671735
2024-12-01,-1,5,0.0007477263260683986
2024-12-01,-1,237,0.0004839880206609082
2024-12-01,-1,6,-0.00527975094682015
2024-12-01,-1,5,0.0002929679368688932
2024-12-01,-1,5,-0.0007195885793611078
2024-12-01,-1,5,-0.0019923747288795313
2024-12-01,-1,11,0.0014045018857841707
2024-12-01,-1,12,-0.002193834552638718
2024-12-01,-1,34,-0.0004978232624223699
2024-12-01,-1,5,-0.0008111570099096909
2024-12-01,-1,12,0.00011823396843763112
2024-12-01,-1,8,-0.002920463565358633
2024-12-01,-1,6,-0.005087784970515374
2024-12-01,-1,9,0.001424329339160868
2024-12-01,-1,209,-0.003141340859834918
2024-12-01,-1,39,0.0020960134097655625
2024-12-04,-1,5,0.008294290288468342
2024-12-04,1,6,0.0016370241876681457
2024-12-04,-1,5,-0.0023865938905761053
2024-12-04,-1,29,0.0011109861279709476
2024-12-04,-1,5,-0.001012880211355205
2024-12-04,-1,5,-0.00029803045947335283
2024-12-04,-1,5,-0.0025822634276385092
2024-12-04,-1,5,0.002151878426845777
2024-12-04,1,5,0.0019138155820290215
2024-12-04,1,5,-0.002989372724611916
2024-12-04,1,5,-0.0007371457800938174
2024-12-04,1,5,0.0002939045425913168
2024-12-04,1,5,-0.0017956705764575198
2024-12-04,1,7,0.00308215139723228
2024-12-04,1,135,-0.006575554014887686
2024-12-04,1,5,-0.006060926410742018
2024-12-04,1,5,-0.0008987689974409573
2024-12-04,1,143,0.001073233153871811
2024-12-04,-1,190,-0.003358031099708836
2024-12-04,-1,25,-0.0048482342970797565
2024-12-04,-1,8,-0.01743638141005449
2024-12-04,-1,8,-0.005181809916029068
2024-12-04,-1,5,0.005655776524768508
2024-12-04,-1,5,0.0070060491283226445
2024-12-04,-1,21,0.0002877895206059856
2024-12-04,-1,5,-0.00695789314946077
2024-12-07,1,5,-0.0025698325562527047
2024-12-07,1,5,-0.0022463155718288053
2024-12-07,1,5,0.002764158361632185
2024-12-07,1,106,-0.001646912753266061
2024-12-07,1,6,0.00043876734919828797
2024-12-07,1,5,-3.8593931512231785e-05
2024-12-07,1,33,-0.0007637584067466395
2024-12-07,1,6,0.0011821124727817156
2024-12-07,1,7,0.00011920326437836481
2024-12-07,1,10,0.0012274059748515476
2024-12-10,1,9,0.0042159187808278875
2024-12-10,-1,12,-0.0010994408945686485
2024-12-10,-1,84,0.0014988461459872204
2024-12-10,-1,5,-0.0012037163378620375
2024-12-10,-1,5,0.0005612877440820951
2024-12-10,-1,14,0.012684767919844131
2024-12-10,1,5,0.010253074449286748
2024-12-10,-1,16,0.003551974873127806
2024-12-10,-1,6,-0.0069739560140583134
2024-12-10,-1,9,0.004398188047192442
2024-12-10,-1,5,-0.004088147681613308
2024-12-10,-1,5,-0.003715363285091977
2024-12-10,-1,151,-0.0018003052029372246
2024-12-10,-1,5,0.0021610284837463856
2024-12-10,-1,5,-0.00027871619192992847
2024-12-10,-1,14,-0.004366257232032045
2024-12-10,-1,17,-0.0019444888314695263
2024-12-10,-1,5,0.0024883061042975663
2024-12-10,-1,6,-0.005910240324613458
2024-12-10,-1,5,-0.0016911456348627785
2024-12-10,-1,106,0.0017002691401131753
2024-12-10,-1,31,-0.003735224978553664
2024-12-10,-1,5,0.004074732314161167
2024-12-10,-1,5,0.0010685665932296806
2024-12-10,-1,6,-0.004002195673101172
2024-12-10,-1,5,-0.00196228423965078
2024-12-10,-1,5,-0.0007109286427853799
2024-12-10,-1,5,-0.00019455307513921427
2024-12-10,-1,7,0.006011043524502935
2024-12-10,1,5,-0.010241483090541681
2024-12-10,1,5,0.003142340838102553
2024-12-10,-1,5,0.0075925956665937044
2024-12-10,1,11,-0.002035546202374283
2024-12-10,1,28,0.0006946785650300824
2024-12-10,-1,5,-0.0024689739650619047
2024-12-10,-1,157,-0.006465302148523089
2024-12-10,-1,7,-0.0008592319144387627
2024-12-10,-1,19,-0.005185397461242414
2024-12-10,-1,12,-0.0005833483638691405
2024-12-10,-1,5,-0.003240115293144552
2024-12-10,-1,5,0.0011620577082592232
2024-12-10,-1,5,-0.0007874868651489008
2024-12-10,-1,5,-0.0002426896252706866
2024-12-13,1,5,-0.004639846095110534
2024-12-13,1,5,-0.00033326004564188094
2024-12-13,1,5,8.583676246759497e-05
2024-12-13,1,5,0.0008547493677863449
2024-12-13,1,28,0.0009577702914446706
2024-12-13,1,5,0.0020744368389826184
2024-12-13,1,256,-0.001812973972315668
2024-12-13,1,23,-0.0008209948656481835
2024-12-13,1,87,0.00016883250080995682
2024-12-13,1,296,0.0024160126352041345
2024-12-13,1,5,0.0031168313612514598
2024-12-13,-1,5,-0.001076148058758719
2024-12-13,-1,6,-0.005913195732488774
2024-12-13,-1,5,0.010622257448343386
2024-12-13,1,5,0.008341810914581138
2024-12-13,-1,6,-0.0004328885645009105
2024-12-13,-1,27,-0.0039060711802172965
2024-12-13,-1,5,-0.0007409235972690164
2024-12-13,-1,5,-0.0005223488702817413
2024-12-13,-1,5,0.001719825484219839
2024-12-13,1,5,0.00015280706661940935
2024-12-16,-1,10,0.008912463454706587
2024-12-16,-1,8,-0.001413597581965631
2024-12-16,-1,8,4.133101242104209e-05
2024-12-16,-1,11,0.0032564384173810468
2024-12-16,-1,5,-0.003992355451851559
2024-12-16,1,13,0.00033132121034012984
2024-12-16,1,8,-0.007690129766315279
2024-12-16,1,19,-0.003537027539607218
2024-12-16,1,26,0.0006907341200001471
2024-12-16,1,12,0.0026278592672263623
2024-12-16,-1,18,-0.008459937925724248
2024-12-16,-1,8,-0.00300573956183553
2024-12-16,-1,5,-0.0018462283104894728
2024-12-16,-1,5,-0.005702323429084555
2024-12-16,-1,13,0.0005617545138864588
2024-12-16,-1,5,-0.002126725595548218
2024-12-16,-1,5,-0.0003173983462643747
2024-12-16,-1,17,-0.004765928800436525
2024-12-16,-1,10,0.010597987130342934
2024-12-16,1,5,-0.00036307574090771444
2024-12-16,-1,5,0.00023051202674601045
2024-12-16,-1,5,-0.00045191965722884964
2024-12-16,-1,11,-0.0030258454913905664
2024-12-19,1,5,0.004082980866448593
2024-12-19,1,6,-0.003949794649677318
2024-12-19,1,5,-0.0009394483583854972
2024-12-19,1,5,-0.006975573566084858
2024-12-19,1,5,0.00022177999574374285
2024-12-19,1,5,0.017289064945092913
2024-12-19,1,7,-0.011014126415187675
2024-12-19,1,5,0.004373118042655333
2024-12-19,1,5,0.008240668032377385
2024-12-19,1,5,-0.011411574076573283
2024-12-19,1,5,-0.016215165692658517
2024-12-19,1,5,0.01059421923155951
2024-12-19,1,6,-0.01830294787188208
2024-12-19,1,5,0.003963903183382855
2024-12-19,1,5,-0.0036189647413333303
2024-12-19,1,5,0.013329694590749008
2024-12-22,1,6,-0.004463857484159617
2024-12-22,1,5,4.354071947870752e-05
2024-12-22,1,5,0.007096595415669815
2024-12-22,1,5,-0.004530782414306989
2024-12-22,1,12,-0.008068747098123608
2024-12-22,1,12,0.007752921874420948
2024-12-25,-1,289,0.0002541287778971558
2024-12-25,-1,5,0.0003221326496138378
2024-12-25,-1,5,0.0046402394514350465
2024-12-25,-1,9,0.00457672042464935
2024-12-25,-1,68,-0.004324050870985474
2024-12-25,-1,5,-0.0004060789094267324
2024-12-25,-1,11,0.002748656672218186
2024-12-25,-1,5,-0.0028257887496179745
2024-12-25,-1,5,-0.0005701259880467878
2024-12-25,-1,5,-0.0015705185244299646
2024-12-25,-1,7,-0.004521814698950133
2024-12-25,-1,5,0.0031099740925299435
2024-12-25,-1,5,-0.000689365506433448
2024-12-25,-1,180,0.003063381710080304
2024-12-25,-1,132,-0.002237298534835619
2024-12-25,-1,5,-0.0022711539178104645
2024-12-25,-1,5,-0.002054540015609174
2024-12-25,-1,6,-0.0026986048442368404
2024-12-25,-1,5,0.0006757542270542927
2024-12-25,-1,24,0.0017292992995367462
2024-12-25,-1,16,0.002445405542669199
2024-12-25,1,15,-0.001052727808055598
2024-12-25,-1,5,-0.00244466390425907
2024-12-25,-1,5,-0.001075431176274677
2024-12-28,1,5,0.001213112132415206
2024-12-28,1,96,-0.0003655321902227836
2024-12-28,1,5,-0.0011143466112243927
2024-12-28,1,14,1.8283342975322745e-05
2024-12-28,1,92,0.0009897561355247109
2024-12-28,1,13,-0.001479319523875311
2024-12-31,1,5,-0.001109607677193758
2024-12-31,1,5,-0.004176454514008887
2024-12-31,1,5,0.001421094424137681
2024-12-31,1,10,0.0009177777843911161
2024-12-31,1,5,-0.0033441652737274397
2024-12-31,1,13,0.0008772215289693519
2024-12-31,1,13,0.0021953146275878743
2024-12-31,1,5,-0.002663886633838264
2024-12-31,1,6,-0.0007054059539919887
2024-12-31,1,5,-0.00037710468307655665
2024-12-31,-1,5,0.0012067863973946324
2024-12-31,-1,5,-0.002151900186925515
2024-12-31,-1,15,-0.0007015623131251812
2024-12-31,-1,6,-0.00361830474415209
2024-12-31,-1,5,-0.005117613781358277
2024-12-31,-1,5,-0.00020601254368951538
2024-12-31,-1,5,4.087624702991965e-05
2024-12-31,-1,5,-0.0012573586512261703
2024-12-31,-1,14,-0.0022809778486266308
2024-12-31,-1,5,-4.5373460029807136e-05
2024-12-31,-1,5,-0.002731557052335909
2024-12-31,-1,5,-0.006212896758334641
2024-12-31,-1,5,0.0030300830021535163
2024-12-31,-1,5,-0.01204710927008762
2024-12-31,-1,5,-0.00020251411814803378
2024-12-31,-1,6,0.0010420434760793351
2024-12-31,-1,7,0.0019272718516421539
2024-12-31,-1,5,-0.003910749567364757
2024-12-31,1,6,-0.0026514599916213633
2024-12-31,1,9,-0.0019176365376773474
2024-12-31,1,5,-0.006967853401124768
2024-12-31,1,5,-0.0014637216337996528
2024-12-31,1,5,-0.0011086699310295933
2024-12-31,1,13,-0.00041311166261809296
2024-12-31,1,83,0.002122754021800899
2024-12-31,1,9,-0.002784393028705423
2024-12-31,1,8,-0.0024438230348527434
2024-12-31,1,5,0.003159325348375208
2024-12-31,1,5,-0.00154330379763018
2024-12-31,1,14,-0.0013784391104658122
2024-12-31,1,7,-0.002325815225216188
2024-12-31,1,5,-0.00225658189314476
