day,side,fill_delay,ret
2023-06-04,-1,5,-0.0016070478266613005
2023-06-04,-1,5,-0.0020347804450267844
2023-06-04,-1,5,-0.00023928597068176803
2023-06-04,-1,5,-6.795142555504163e-06
2023-06-04,-1,13,-0.002655305842649147
2023-06-04,-1,5,-0.0006257751856337585
2023-06-04,-1,162,-0.0018636094267757471
2023-06-04,-1,6,-0.0008574765511029976
2023-06-04,-1,55,-0.004050050313471365
2023-06-04,-1,5,-0.0016723520419420265
2023-06-04,-1,5,-0.00023360434962913467
2023-06-04,-1,5,-0.0012310656486865575
2023-06-04,-1,5,-0.0009894458917889312
2023-06-04,-1,9,-0.00036957069314211787
2023-06-04,-1,142,-0.00032172116324788956
2023-06-04,-1,5,-0.002025345418783386
2023-06-04,-1,5,-0.0017828022393745254
2023-06-04,-1,139,0.000375447074017066
2023-06-04,-1,5,0.0003481376231494696
2023-06-04,-1,5,-0.0005634790094898085
2023-06-04,-1,5,-0.0019937860444815044
2023-06-04,-1,8,-0.0010997492780257852
2023-06-04,-1,5,0.000964023462936137
2023-06-04,-1,5,-0.0015146337454178035
2023-06-04,1,5,-0.001988336154366865
2023-06-07,1,5,0.002865954092155976
2023-06-07,1,6,-0.004202650241340899
2023-06-07,1,14,-0.0015253379730132185
2023-06-07,1,5,-0.002637885177319643
2023-06-07,1,91,-0.0006251561092124098
2023-06-07,1,22,-0.0017124751414777425
2023-06-07,1,31,1.5065710521700482e-05
2023-06-07,1,5,0.0012071140927084837
2023-06-07,1,5,-0.004308936112557537
2023-06-07,1,5,-0.0015261132314843048
2023-06-07,1,5,3.138182429309789e-05
2023-06-07,1,85,-0.0022193754432174636
2023-06-07,1,30,-0.0001545768481191252
2023-06-07,1,13,-0.004968084598351274
2023-06-07,1,5,-0.010170046530690957
2023-06-07,1,7,0.0032696852987833766
2023-06-07,1,5,0.00015120690212913103
2023-06-07,1,6,0.00355967597449749
2023-06-07,-1,5,-0.0023721889346485
2023-06-07,-1,16,0.0006866148135432851
2023-06-07,1,32,-0.001980299373865657
2023-06-07,-1,5,0.0018626297600137457
2023-06-07,1,10,-0.008139850812646543
2023-06-07,1,5,0.002035672799491595
2023-06-07,1,5,-0.00529816741247977
2023-06-07,1,5,-0.001360669609587117
2023-06-07,1,5,0.0018258100039766582
2023-06-07,1,16,-0.0011756306776198096
2023-06-07,-1,5,-0.0013159590523069472
2023-06-07,-1,8,0.0001768363251863029
2023-06-07,1,42,-0.0009203548716444128
2023-06-07,1,6,-0.001468762718121774
2023-06-07,1,5,-0.008458741052585794
2023-06-07,1,5,0.0005615752974069913
2023-06-07,1,22,0.0006030915361875614
2023-06-07,1,5,0.00028963148913820937
2023-06-10,1,17,0.001957286470905562
2023-06-10,1,6,0.0012809051425265675
2023-06-10,1,32,-0.0033342108375618903
2023-06-10,1,13,-0.004902274704140374
2023-06-10,1,5,-0.00025661466885615835
2023-06-10,1,6,-0.02154967300559116
2023-06-10,1,5,-0.0041754236400208585
2023-06-10,-1,5,0.010357869779091611
2023-06-10,1,5,-0.012771666666666714
2023-06-10,-1,7,0.003407884111891991
2023-06-10,-1,5,-0.009041277217360788
2023-06-10,-1,5,-0.00375784113518538
2023-06-10,-1,17,-0.0021071829156612317
2023-06-10,-1,6,-0.0004492660669192845
2023-06-10,-1,5,-0.00326687623258568
2023-06-10,-1,6,-0.0016790462222019183
2023-06-10,-1,47,-0.0008467296081178017
2023-06-10,-1,7,-0.012360978660779986
2023-06-10,-1,5,0.0045264225438376385
2023-06-10,-1,62,0.0009524372652611971
2023-06-13,-1,10,0.0004554472517196654
2023-06-13,1,5,0.0014250077402061748
2023-06-13,-1,5,0.0014007626807647448
2023-06-13,-1,5,-0.0004090224081966016
2023-06-13,-1,7,0.0008871342093396354
2023-06-13,1,6,0.0009836529909627249
2023-06-13,-1,5,0.0010868558854756575
2023-06-13,-1,5,-0.0013048743646851598
2023-06-13,-1,5,7.169235207107362e-05
2023-06-13,-1,5,0.0038812763037511474
2023-06-13,1,5,-0.002174912451249988
2023-06-13,1,7,0.00030077288701959616
2023-06-13,1,12,-0.004355645518258821
2023-06-13,1,5,0.0024812404053608187
2023-06-13,-1,5,1.4531519118144332e-05
2023-06-13,1,5,0.0020558583256086397
2023-06-16,-1,5,-0.0013207807667411139
2023-06-16,-1,5,-0.0008293412655132388
2023-06-16,-1,69,-0.0018769327640578478
2023-06-16,-1,34,0.00012013864983742052
2023-06-16,-1,165,-0.0008357324078505974
2023-06-16,-1,5,-0.0013264322477167575
2023-06-16,-1,5,-0.0019426211559171232
2023-06-16,-1,5,-0.00019012521227488265
2023-06-16,-1,6,-0.009179549165972167
2023-06-16,-1,6,0.0012795186028398357
2023-06-16,-1,5,-0.007864909548821108
2023-06-16,-1,20,-0.004061432769410267
2023-06-16,-1,5,-0.008650602847397248
2023-06-16,-1,5,-0.003700487391240381
2023-06-16,-1,5,-0.007743503319251532
2023-06-16,-1,5,0.0006295750873107856
2023-06-16,-1,9,-0.004156110475868146
2023-06-16,-1,5,-0.0006863588394337756
2023-06-16,-1,5,-0.0023228148921362376
2023-06-16,-1,13,0.003341322809983472
2023-06-16,-1,5,-0.00040135617171241876
2023-06-19,1,5,-0.0013603552048933928
2023-06-19,1,5,-0.0010121392504976786
2023-06-19,1,7,0.00042221402481881255
2023-06-19,1,5,-0.0009368840579709654
2023-06-19,1,5,-0.0006415032647551828
2023-06-19,1,7,-0.0019389993745003494
2023-06-19,1,5,-0.001331083024642998
2023-06-19,1,70,0.0001888186797246675
2023-06-19,1,8,-0.001876618367998217
2023-06-19,1,6,0.0002243009270276545
2023-06-19,1,5,-0.00029341050196816053
2023-06-19,1,5,-0.0013309219352821474
2023-06-19,1,17,-0.0019690285767304024
2023-06-19,1,50,1.5093786091125339e-05
2023-06-19,1,5,-0.002264494228617497
2023-06-19,1,7,-0.0024977253313525957
2023-06-19,1,23,-0.00032605250919912575
2023-06-19,1,10,-6.865086281981447e-06
2023-06-19,1,6,0.0006135721916439522
2023-06-19,1,5,-0.003030396678110758
2023-06-19,1,9,-0.00036135439360926956
2023-06-19,1,6,0.0002650777344951564
2023-06-19,1,5,-0.0011627827599357318
2023-06-19,1,5,-0.0011454301770842164
2023-06-19,1,6,-0.0034213792854460353
2023-06-19,1,7,-0.006610383813824261
2023-06-19,1,5,-0.0004649255186056407
2023-06-19,1,6,-0.0025645908493539867
2023-06-19,1,59,0.0005548525352062853
2023-06-19,1,49,-0.002366877347847884
2023-06-19,1,6,-0.0018211572052402088
2023-06-19,1,5,0.0037460613516581373
2023-06-19,-1,5,-0.007631321868953744
2023-06-19,-1,5,0.0024467761749838116
2023-06-19,1,5,-0.010965104014882243
2023-06-19,1,6,-0.002208268215478126
2023-06-22,-1,14,-0.015132259623537347
2023-06-22,-1,5,0.0005619453618159968
2023-06-22,-1,8,-0.002519227862898132
2023-06-22,-1,5,-0.005354838349706936
2023-06-22,-1,5,0.002340216389682981
2023-06-22,-1,5,-0.003250798903491647
2023-06-22,1,10,-0.001105
2023-06-22,1,8,-4.406843784642944e-06
2023-06-22,-1,5,0.0023873781207230053
2023-06-22,1,5,-0.000619467274560614
2023-06-22,-1,5,-0.0034598215237081394
2023-06-22,-1,5,0.002447058868748764
2023-06-22,-1,7,-0.001831539919921443
2023-06-22,-1,75,0.00013449212604679274
2023-06-22,-1,16,0.002315251489080095
2023-06-22,-1,8,0.0005853707157845948
2023-06-22,-1,5,0.0015646955061009663
2023-06-22,1,5,0.0019404190261079982
2023-06-25,1,66,-0.0016436781584674206
2023-06-25,1,25,-0.0027281165974350815
2023-06-25,1,7,0.0030387424142780625
2023-06-25,1,5,-0.0018877392679524704
2023-06-25,1,10,0.0021238830515607713
2023-06-25,-1,5,-0.0018324812686848265
2023-06-25,-1,8,-0.005897247585322151
2023-06-25,-1,5,-0.0067893371967825186
2023-06-25,-1,5,0.002526233835784675
2023-06-25,-1,5,-0.004898416013035955
2023-06-25,-1,5,0.0011440555010540313
2023-06-25,-1,5,-0.0021799097284548093
2023-06-25,-1,5,0.0038474027745954106
2023-06-25,1,5,-8.04580382113058e-05
2023-06-25,-1,5,0.0020006385286452048
2023-06-25,1,5,0.002750812493460231
2023-06-25,1,19,-0.0035068504691440957
2023-06-25,1,9,-0.0021166525423728984
2023-06-25,1,5,-0.0029279125266944202
2023-06-25,1,8,9.859275087222875e-05
2023-06-25,1,5,-0.000575619375330882
2023-06-25,1,5,-0.0004910939699608092
2023-06-25,1,5,0.0025334303227314784
2023-06-25,1,155,0.00042538799836902043
2023-06-25,1,5,0.0024136339669692756
2023-06-25,1,11,-0.004832865796831265
2023-06-25,1,6,0.00043197453692713807
2023-06-25,1,5,-0.0016959822441495517
2023-06-25,1,5,0.003423612597777038
2023-06-25,1,6,-0.0028547490975394437
2023-06-25,1,123,-0.002304842126036077
2023-06-28,1,5,-0.002589808850961583
2023-06-28,1,153,0.000591169573742745
2023-06-28,1,5,-0.0010081190290372796
2023-06-28,-1,5,0.001454740698803825
2023-06-28,-1,17,0.00776713280272392
2023-06-28,1,5,0.003575507983918503
2023-06-28,1,5,-2.5692483702410385e-05
2023-06-28,-1,27,0.0021646028772506435
2023-06-28,1,31,0.00010112322917956752
2023-06-28,1,5,-0.002601401638505951
2023-06-28,1,158,-0.0033396609954497777
2023-06-28,1,5,0.0006024003609931498
2023-06-28,1,5,-5.485844741435163e-05
2023-06-28,1,193,-0.001105
2023-06-28,1,5,-0.007912001176987404
2023-06-28,-1,9,-0.0007062672055931691
2023-06-28,-1,5,-0.001449155099231358
2023-06-28,-1,6,-0.0009248208035992129
2023-06-28,-1,5,0.002634397771624131
2023-07-01,-1,16,0.0018288970815716569
2023-07-01,1,5,0.0009255359368508746
2023-07-01,1,69,-0.0013543972898828246
2023-07-01,1,6,-0.0025598553198343584
2023-07-01,1,5,-0.0022088906939931926
2023-07-01,-1,9,0.0003536448147780872
2023-07-01,-1,9,0.000291211473940867
2023-07-01,-1,16,-0.0011102029407020538
2023-07-01,-1,5,-0.0016302565176014912
2023-07-01,-1,20,-0.00042964374957785666
2023-07-01,-1,6,0.00018772749927311629
2023-07-01,-1,5,1.1297423170209442e-05
2023-07-04,1,5,-0.0005819874476987503
2023-07-04,-1,5,-0.002221879672790061
2023-07-04,-1,5,0.0016062424829273118
2023-07-04,-1,5,0.0005562484409822547
2023-07-04,-1,15,-0.0013097984271480453
2023-07-04,-1,28,-0.0016426894715281023
2023-07-04,-1,5,-0.001115233895685996
2023-07-04,-1,5,-0.001033356131435825
2023-07-04,-1,5,0.0009111496658513966
2023-07-04,-1,5,-0.0016179467766424867
2023-07-04,-1,5,-0.0004077500358878656
2023-07-04,-1,16,-0.002155974843251007
2023-07-04,-1,8,-0.0016376477201141878
2023-07-04,-1,34,-0.0023384810780931794
2023-07-04,-1,13,-0.002301319018404779
2023-07-04,-1,13,-0.0008496830239742343
2023-07-04,-1,9,-0.0012020214417386207
2023-07-04,-1,5,0.0013484932949751286
2023-07-04,-1,6,-0.0010436656716875433
2023-07-04,-1,5,-0.0013298592074736156
2023-07-04,-1,5,-0.0014118394513709994
2023-07-04,-1,223,-0.002837933923587199
2023-07-04,-1,5,0.000554179089238294
2023-07-04,-1,197,3.5408296853912014e-05
2023-07-04,-1,5,-0.0026518458685898857
2023-07-04,-1,5,-0.004520866392579181
2023-07-04,-1,6,0.002845695322376685
2023-07-04,-1,5,-0.0005621396380248496
2023-07-04,-1,6,-0.0005924659805544903
2023-07-04,-1,6,-0.0018590820461784393
2023-07-04,-1,5,0.0035319199361910866
2023-07-04,-1,5,0.002326114957806458
2023-07-04,1,5,0.0006208217029829658
2023-07-04,-1,5,-0.0022448627007008778
2023-07-04,-1,112,-0.000888701384311052
2023-07-04,-1,5,-0.0012543813551465274
2023-07-04,-1,5,-0.0005744495668029477
2023-07-04,-1,52,-0.0012801872958295487
2023-07-04,-1,5,0.0003168595450049553
2023-07-07,1,10,-0.006754014398493524
2023-07-07,1,16,0.0038086836829748457
2023-07-07,-1,62,-0.003596725845155557
2023-07-07,-1,5,-0.001817742980561565
2023-07-07,1,58,-0.0006417976559808021
2023-07-07,1,6,-0.0036090387722132796
2023-07-07,1,6,-0.0006893566975251004
2023-07-07,1,25,0.0008266164608254026
2023-07-07,1,6,-0.0029118207483248334
2023-07-07,1,5,-0.0004900436133542292
2023-07-07,1,5,-0.001784267253927307
2023-07-07,1,5,-5.3123614355143445e-05
2023-07-07,1,5,-0.0011696583077843489
2023-07-07,1,16,0.0010347003341596665
2023-07-07,1,44,-0.0010673676146442986
2023-07-07,1,5,0.0010629604495155046
2023-07-07,1,5,0.003366332295409525
2023-07-07,-1,5,0.0003328029942648806
2023-07-07,-1,21,-0.0035845955527945336
2023-07-07,-1,220,0.0005340991895268713
2023-07-07,-1,9,-0.0013723782493141098
2023-07-07,-1,5,-0.0014739425251709456
2023-07-07,-1,7,4.4609667415285614e-05
2023-07-07,-1,201,0.0008644731659281039
2023-07-07,-1,5,0.0005676262913263622
2023-07-07,-1,163,-0.00010081679832016864
2023-07-07,-1,9,-0.0027394964783052696
2023-07-07,-1,5,-0.0019101529790660262
2023-07-07,-1,11,-0.0007938578938898373
2023-07-07,-1,174,-0.002891653217585421
2023-07-07,-1,7,-0.002299096984235893
2023-07-07,-1,95,-0.00019050770366166824
2023-07-07,-1,5,-0.0010996468242284504
2023-07-10,1,7,0.0012671907911447015
2023-07-10,1,168,-0.0012993466712733822
2023-07-10,1,5,0.0017296813818127536
2023-07-10,-1,5,-0.004622036654620442
2023-07-10,-1,15,0.001198493274335322
2023-07-10,1,18,-0.0013144465776965038
2023-07-10,-1,5,-0.000438942095933847
2023-07-10,1,8,0.0008603366448897368
2023-07-10,1,231,-0.002107225371389054
2023-07-10,1,50,-0.00047395246108536914
2023-07-10,-1,5,0.0011533656084712577
2023-07-10,-1,5,-0.0007414025237942652
2023-07-10,-1,5,0.000436021675968146
2023-07-10,-1,7,-0.003322817538972433
2023-07-10,-1,7,0.00016726463104335156
2023-07-10,-1,14,-0.009883772788476053
2023-07-10,-1,5,-0.0015919347983720297
2023-07-10,-1,5,-0.005819759684836034
2023-07-10,-1,5,0.001135615773935084
2023-07-10,1,20,-0.0025421991524751993
2023-07-10,1,134,-0.01152216265904824
2023-07-10,1,5,0.0010814525475647766
2023-07-10,1,17,0.0010508394433238703
2023-07-13,1,13,-0.002204381997886617
2023-07-13,1,9,-0.0024302535616189443
2023-07-13,1,5,0.0008215657360285625
2023-07-13,1,83,-0.0005706149969807224
2023-07-13,1,11,-0.0028353532804614497
2023-07-13,1,12,-0.0031005060988657848
2023-07-13,1,6,-0.0012014769822000556
2023-07-13,1,104,0.0002885713481729727
2023-07-13,1,5,-0.002262283384411012
2023-07-13,1,5,-0.0011639777546632365
2023-07-13,1,6,0.0006312413589840919
2023-07-13,1,5,-0.0012652435702268146
2023-07-13,1,68,-0.0017678534773079898
2023-07-13,1,59,-0.0004738928347943534
2023-07-13,1,5,0.002171480429309725
2023-07-13,1,9,0.00048754327563251855
2023-07-13,1,6,0.002210328739057488
2023-07-13,1,5,0.0012373941397557878
2023-07-13,-1,5,-0.018343198160204553
2023-07-13,-1,5,-0.010464102681842035
2023-07-13,-1,7,-0.0021895986984815426
2023-07-13,-1,9,-0.016808495162466606
2023-07-13,1,5,0.009574162560585542
2023-07-13,1,17,-0.008639757510976764
2023-07-13,1,5,0.0020031285634995125
2023-07-13,1,30,-0.0008340516808832183
2023-07-13,1,5,-0.004870086737745893
2023-07-13,1,5,0.0006514906632649978
2023-07-16,-1,7,-0.0027936904361068656
2023-07-16,1,5,0.004621355315653686
2023-07-16,1,5,0.0025863433053402666
2023-07-16,-1,5,0.00024672928125282247
2023-07-16,-1,30,-0.001048050917656895
2023-07-16,-1,293,-0.0033144244630375127
2023-07-16,-1,17,-9.445110696346636e-05
2023-07-16,1,18,0.00040021895745403525
2023-07-16,1,83,-0.0006171571476761612
2023-07-16,1,65,-0.0009131131821059397
2023-07-16,1,5,-0.004042482484092868
2023-07-19,1,5,0.0023774269349893466
2023-07-19,-1,5,-0.004605749034140105
2023-07-19,-1,8,0.002024628369714865
2023-07-19,-1,5,-0.0019069330254889213
2023-07-19,-1,5,-0.0013511261317874276
2023-07-19,-1,5,0.0012117957254075499
2023-07-19,1,5,-0.0001579609359466434
2023-07-19,1,7,-0.0006865899581590447
2023-07-19,1,5,-0.0032070377216420805
2023-07-19,-1,5,-0.002649068989422609
2023-07-19,-1,17,-0.0013302228658823353
2023-07-19,-1,6,5.737669382368572e-05
2023-07-19,-1,5,0.0002690081706287154
2023-07-19,-1,42,-0.0030927900390214976
2023-07-19,1,8,-0.005454532857030658
2023-07-19,1,6,-0.00505935662827992
2023-07-19,1,219,0.0007450753734411734
2023-07-19,1,5,0.001020756379899979
2023-07-19,1,7,-0.0018405143083801475
2023-07-19,1,5,0.001324660794109889
2023-07-19,-1,64,0.0005659531766442297
2023-07-19,1,5,0.0019078544959242553
2023-07-19,-1,5,-0.0021148895923813523
2023-07-19,-1,5,0.00016613324405758724
2023-07-19,1,5,-0.004311992501296857
2023-07-19,1,60,-0.008215760741032673
2023-07-19,1,5,-1.4371988860650375e-05
2023-07-19,1,15,-0.001041551913752858
2023-07-19,1,8,-0.002828791495256921
2023-07-19,1,6,-0.002175317757207451
2023-07-19,1,5,0.00132249321573954
2023-07-22,1,5,-0.0016723382820784446
2023-07-22,-1,5,-0.0034906558394594885
2023-07-25,-1,16,-0.0020893264935260888
2023-07-25,-1,19,0.0002566469443994416
2023-07-25,-1,6,0.0006373771001866538
2023-07-25,-1,7,-0.002187948435410236
2023-07-25,-1,36,-0.004377994817307362
2023-07-25,-1,5,0.0003563182060836393
2023-07-25,-1,300,-0.0005163262980525158
2023-07-25,-1,193,-0.0014292296843084525
2023-07-25,-1,103,0.0008186172650053395
2023-07-25,-1,9,-0.0021382087352118436
2023-07-25,-1,5,-0.0010509637632996945
2023-07-25,-1,10,-0.001218474257554147
2023-07-25,-1,5,-0.001612822629440824
2023-07-25,-1,5,-0.00046767546678614335
2023-07-25,-1,5,-0.0002080517852510506
2023-07-25,-1,6,-0.0029867727597171264
2023-07-25,-1,6,-0.0012561030522816093
2023-07-25,-1,92,-0.004174768445585819
2023-07-25,-1,8,0.00019197498076064558
2023-07-25,-1,15,-0.0006792203921483826
2023-07-25,-1,170,4.550160695120488e-07
2023-07-25,-1,5,-0.0009052580450120469
2023-07-25,-1,5,-0.0014070724326541214
2023-07-25,-1,6,-0.0006626009020625818
2023-07-25,-1,5,-0.004145464048129854
2023-07-25,-1,11,-0.0029974731182796695
2023-07-25,-1,5,0.0032325922877716414
2023-07-25,-1,22,-0.0015039992667039478
2023-07-25,-1,6,-0.0022248992090712957
2023-07-25,-1,5,-0.0005404140565768762
2023-07-25,-1,5,-0.00026464575836591074
2023-07-25,-1,77,-0.002986300199450209
2023-07-25,-1,7,-0.0016697742247800736
2023-07-25,-1,6,-0.0005298239531259292
2023-07-25,-1,5,-0.0012179408727640336
2023-07-25,-1,21,-0.001627151046993713
2023-07-25,-1,75,-0.0028051404229906037
2023-07-25,-1,6,-0.0012285463164397378
2023-07-25,-1,6,-0.0010029279371236207
2023-07-25,-1,46,-0.0007289187664535119
2023-07-25,-1,13,-4.5763403106668476e-05
2023-07-28,-1,16,-0.001959806539538844
2023-07-28,-1,8,-0.0009492083096064081
2023-07-28,-1,5,-0.0014487884411880977
2023-07-28,-1,9,-0.0005735505386965429
2023-07-28,-1,5,-0.00012197992597804362
2023-07-28,-1,125,-0.001937608158485737
2023-07-28,-1,5,0.0007139915596645844
2023-07-28,-1,7,-0.0012392462075446527
2023-07-28,-1,5,-0.00019832331875855268
2023-07-28,-1,9,0.00010887252190074949
2023-07-28,-1,8,-6.859145097191054e-05
2023-07-28,-1,40,-0.0016367548985905863
2023-07-28,-1,5,-0.003337825759080237
2023-07-28,-1,56,-0.00011404713186089442
2023-07-28,-1,5,-0.0014374307659313686
2023-07-28,-1,5,-0.001410569404461359
2023-07-28,-1,24,-0.0017854835183675807
2023-07-28,-1,5,-0.0028499858420626186
2023-07-28,-1,5,-0.0012118741450067635
2023-07-28,-1,6,0.0009094161666247883
2023-07-28,-1,5,-0.003550040099727791
2023-07-28,-1,9,-0.0030100871697448014
2023-07-28,-1,6,-0.002555109824494117
2023-07-28,-1,5,0.00034840325285492336
2023-07-28,-1,96,-0.00104105592974677
2023-07-28,-1,5,0.0013943205471860457
2023-07-28,1,5,0.0007527807283357561
2023-07-28,-1,5,-0.0031623602731748243
2023-07-28,-1,5,-0.0019798906386701894
2023-07-28,-1,6,0.00037164816858306117
2023-07-28,-1,211,-0.0012169474593256343
2023-07-28,-1,5,-0.00027913057262061124
2023-07-28,-1,6,-0.0007211801394545243
2023-07-28,-1,13,-0.0012916527299294597
2023-07-28,-1,105,-0.0005718088509730541
2023-07-31,1,5,9.90486134627936e-05
2023-07-31,1,5,0.003569753112924091
2023-07-31,1,5,-0.0007841134975557824
2023-07-31,1,5,-0.0008589462212023942
2023-07-31,1,6,-0.0005222556483431613
2023-07-31,1,16,-0.0016665423697087341
2023-07-31,1,5,-0.0013350941780821742
2023-07-31,1,6,-0.0013993490337323774
2023-07-31,1,18,-0.0032305748957290655
2023-07-31,1,8,-0.0008152413582166225
2023-07-31,1,72,-0.0018772670327784399
2023-07-31,1,121,0.00031755146683845083
2023-07-31,1,17,-0.0011317995926461762
2023-07-31,1,132,-0.0006172735555792559
2023-07-31,1,6,-0.0024708933746137914
2023-07-31,1,5,0.0006221249805563826
2023-07-31,1,5,-0.0012656434304869398
2023-07-31,1,6,-0.0022615831535095273
2023-07-31,1,7,0.00034800520079350007
2023-07-31,1,34,-0.0012281388631606212
2023-07-31,1,24,-0.00044635488120290344
2023-07-31,1,5,-0.0022447505391073094
2023-07-31,1,5,-0.0012067708121311412
2023-07-31,1,138,0.0010967346025895445
2023-07-31,1,6,-0.0008484239011326884
2023-07-31,1,7,-0.0029860955243820927
2023-07-31,1,112,-0.004509783828347524
2023-07-31,1,5,-0.0012768776016629287
2023-07-31,1,5,-0.0018355975320844872
2023-07-31,1,12,-0.0023415458435930066
2023-07-31,1,7,-0.00038906864328311873
2023-07-31,1,31,-0.0007714155816206154
2023-07-31,1,8,-0.0033210068846815984
2023-07-31,1,28,0.001529088007627433
2023-07-31,1,5,-0.001991386711720255
2023-07-31,1,5,-0.0010996223837896665
2023-07-31,1,5,-0.0010458513109500075
2023-07-31,1,5,-0.003593872642827933
2023-07-31,1,7,0.001315067697216588
2023-07-31,1,5,-0.003123266658773027
2023-07-31,1,5,-0.001196657545842283
2023-07-31,1,6,-0.0010025382209398522
2023-07-31,1,9,-0.0010457036855354481
2023-08-03,-1,45,-0.002333881989266295
2023-08-03,-1,191,0.0014027757331986027
2023-08-03,-1,6,-0.0012027257056609116
2023-08-03,1,8,-5.548637115637234e-06
2023-08-03,1,17,-0.0012628222703549904
2023-08-03,1,262,0.000590460418358996
2023-08-03,1,6,-0.002052016082945562
2023-08-03,1,5,-0.0014320111183779623
2023-08-03,1,6,-0.002299847425076473
2023-08-03,1,6,-0.0010557938590734835
2023-08-03,1,24,0.0004300577695227851
2023-08-03,1,5,-0.0012302143615428914
2023-08-03,1,266,-0.0009307450759371334
2023-08-03,1,5,-0.0021503416960669593
2023-08-03,1,16,0.0007373032060435051
2023-08-03,1,5,-0.00036460203609442975
2023-08-03,-1,10,-0.0011647995085567239
2023-08-03,-1,5,0.002720095221606567
2023-08-03,1,5,-0.0009746403159048618
2023-08-03,-1,64,-0.004245380419186517
2023-08-03,-1,5,0.0024529887375349894
2023-08-03,1,6,0.00022450580369994845
2023-08-03,-1,5,-0.002138997401472364
2023-08-03,-1,5,0.0013433707254852049
2023-08-03,1,15,-0.00588073060537817
2023-08-03,1,7,-0.000663219570327644
2023-08-03,1,5,-0.0007399987197716835
2023-08-03,1,6,-0.00046772774313028574
2023-08-06,-1,5,-0.0018895273767366213
2023-08-06,-1,7,-0.0010015547279933253
2023-08-06,-1,120,-0.0007944274567923455
2023-08-06,-1,174,-0.0014156673352373247
2023-08-06,-1,6,-0.0015354356117363906
2023-08-06,-1,81,-0.0005438694581549659
2023-08-06,-1,6,-0.0002601522088680803
2023-08-06,-1,6,-0.0015686372066131323
2023-08-06,-1,266,-0.001464802435753398
2023-08-06,-1,180,-0.001203092108489878
2023-08-06,-1,7,-0.0010614077833902332
2023-08-06,-1,25,0.00031131485768756163
2023-08-06,-1,5,-0.0010831829685343571
2023-08-06,-1,22,-0.0009631931627288366
2023-08-06,-1,5,-0.0014645770066848748
2023-08-06,-1,59,0.0022988613403044592
2023-08-06,-1,5,-0.0017934343036979158
2023-08-06,-1,5,-0.0013070102752253728
2023-08-06,-1,35,-0.00029693242807924357
2023-08-06,1,5,7.807544844586935e-05
2023-08-06,-1,10,-0.0011214017779527016
2023-08-06,-1,45,-5.0164975104771236e-05
2023-08-06,-1,83,-0.0016889495729529354
2023-08-06,-1,5,-0.0011377298316049608
2023-08-06,-1,11,-0.0011377382251517073
2023-08-06,-1,17,-0.0016178960621587631
2023-08-06,-1,18,-0.00037431675663877016
2023-08-06,-1,5,-0.0005866419400778251
2023-08-06,-1,268,-0.0023874990722348773
2023-08-06,1,60,-0.0002967117687858507
2023-08-06,-1,5,0.0004833412477484259
2023-08-06,1,8,-1.0441052527986982e-05
2023-08-09,1,9,2.1132193910223152e-05
2023-08-09,1,12,-0.004622244717410439
2023-08-09,1,53,0.0019065117465148166
2023-08-09,1,48,-0.001804417331561425
2023-08-09,1,5,-0.0030273934606312777
2023-08-09,1,5,-0.0012668454699452433
2023-08-09,1,54,-0.0012183058881293004
2023-08-09,1,113,-0.0003981069836712421
2023-08-09,1,5,-0.0005657710973308911
2023-08-09,1,21,-0.0010187708027938665
2023-08-09,1,10,-0.0012936040070268048
2023-08-09,1,5,-0.0013906172836180893
2023-08-09,1,5,-0.0005874463038041173
2023-08-09,1,5,0.00014510103187217495
2023-08-09,1,67,0.0007894082665088845
2023-08-09,1,13,-0.001550910517041237
2023-08-09,1,5,-0.0006805289768637475
2023-08-09,1,7,-0.0021415588394838366
2023-08-09,1,250,-0.0018200499190864413
2023-08-09,1,5,-0.0005830680986612431
2023-08-09,1,48,0.000492023191787894
2023-08-09,1,5,-0.001985759171441814
2023-08-09,1,5,-0.001105
2023-08-09,1,37,0.0017754969932125778
2023-08-09,-1,18,0.0004049350513753106
2023-08-09,1,5,-0.003598364433362899
2023-08-09,1,5,-0.0013846014603799747
2023-08-09,1,6,-0.0048104366122951655
2023-08-09,1,5,-0.0015044666580295903
2023-08-09,1,6,-0.0010509844867444326
2023-08-09,1,31,-0.0008566520537295115
2023-08-09,1,5,-0.004072823398319691
2023-08-09,1,5,-0.001580819707587255
2023-08-09,1,5,-0.0006992897636602708
2023-08-09,1,14,0.0007773427594711894
2023-08-09,1,129,-0.0019038686292924597
2023-08-09,1,9,-0.002347162226386734
2023-08-09,1,5,-0.00036962636530777314
2023-08-09,1,45,-0.00012666392804625514
2023-08-09,1,8,-0.003102958842047898
2023-08-09,1,7,0.0015722386041580275
2023-08-09,1,9,-0.0011859070216507558
2023-08-09,1,163,-0.0006896033501469829
2023-08-09,1,111,-0.0001990710183611184
2023-08-09,1,75,-0.0014444158814308269
2023-08-12,-1,5,-0.0021655831042618253
2023-08-12,-1,10,-0.0015860836815334341
2023-08-12,-1,6,-0.0006295761704609766
2023-08-12,-1,5,-0.0007210128067841377
2023-08-12,-1,36,-0.0011158188225875772
2023-08-12,-1,8,-0.0007750294809724996
2023-08-12,-1,14,-0.001126643733327581
2023-08-12,-1,181,-0.0007964866554447165
2023-08-12,-1,113,-0.0011482998841728428
2023-08-12,-1,294,-0.0003905867119126989
2023-08-12,-1,256,-0.001029168151706927
2023-08-12,-1,6,-0.0013161978165395546
2023-08-12,-1,8,-0.0020470682187331054
2023-08-12,-1,5,-0.0011861363415083034
2023-08-12,-1,155,-0.001105
2023-08-12,-1,63,-0.0005155112868160168
2023-08-12,-1,158,-0.002165623278516415
2023-08-12,-1,51,-0.0009374260917980099
2023-08-12,-1,24,-0.0012888215417222511
2023-08-12,-1,6,-0.0014888024552544895
2023-08-12,-1,111,-0.0006293037536757358
2023-08-12,-1,5,-0.0017918466168747923
2023-08-12,-1,5,-0.0008617948808024907
2023-08-12,-1,7,-0.0017429033522361245
2023-08-12,-1,192,-0.0017695451647584456
2023-08-12,-1,42,-0.00039231089442468513
2023-08-12,-1,65,-0.0016344950346332873
2023-08-12,-1,9,-0.001169802164392308
2023-08-12,-1,6,-0.000635235044465587
2023-08-12,-1,5,-0.0014778419744413181
2023-08-12,-1,6,-0.001202226348340529
2023-08-12,-1,5,-0.0006027127024676777
2023-08-12,-1,8,-0.0002619663759282127
2023-08-12,-1,8,-7.195332359775052e-05
2023-08-12,-1,8,-0.0011374512015057455
2023-08-12,-1,8,-0.0011590838732705496
2023-08-12,-1,6,-0.000958980649732077
2023-08-15,-1,36,-0.001958474238124763
2023-08-15,1,5,0.000791873148646394
2023-08-15,1,5,-0.0017350375850007978
2023-08-15,1,15,-0.0011158660809848838
2023-08-15,1,5,-0.0025989400359632594
2023-08-15,1,7,-0.0009309450639108703
2023-08-15,1,11,-0.0009256278026906535
2023-08-15,1,127,-0.0009854458283745423
2023-08-15,1,64,-0.010667848957002546
2023-08-15,-1,5,-0.0014002707468708572
2023-08-15,-1,10,-0.0010339353420943716
2023-08-15,-1,32,-0.0012690527593673725
2023-08-15,-1,5,-0.0010831303648949128
2023-08-15,-1,5,-0.0003779817042838025
2023-08-15,-1,5,-0.0017558280282646607
2023-08-15,-1,5,-0.0005308906895872041
2023-08-18,1,5,0.0033294843574455343
2023-08-18,-1,5,0.002653643106199333
2023-08-18,-1,9,-0.0025675076974088547
2023-08-18,-1,5,0.00558655080971906
2023-08-18,-1,5,0.002369963515873508
2023-08-18,-1,5,-0.004133818581533033
2023-08-18,-1,6,-0.007360585344057124
2023-08-18,-1,66,-0.0003538629441024228
2023-08-18,-1,5,0.000841906844353946
2023-08-18,-1,5,-0.00310783240796173
2023-08-18,-1,5,0.0028102137399162123
2023-08-18,-1,74,-0.0046480267062315225
2023-08-18,-1,5,0.0018813632600442002
2023-08-18,-1,259,-0.0001965190632551068
2023-08-18,-1,64,-0.001027733567510047
2023-08-18,-1,166,0.0008268215591286324
2023-08-18,-1,5,-0.0019798593975969055
2023-08-18,-1,257,-0.0006709825441746138
2023-08-18,-1,5,0.0005783915283173128
2023-08-18,-1,6,-0.0038452646142480337
2023-08-18,-1,5,0.0076819912130087434
2023-08-18,-1,5,0.0017209411821055513
2023-08-18,-1,5,0.0020476869627120923
2023-08-18,-1,5,0.006992263269179922
2023-08-18,-1,5,-0.008010476006191957
2023-08-18,-1,5,0.0007397191159769449
2023-08-18,-1,5,-0.005916600835857632
2023-08-18,-1,5,0.006445917837397919
2023-08-18,-1,140,-0.0028725091994933113
2023-08-18,-1,37,-0.0010027166751903401
2023-08-18,1,7,0.002458452937741962
2023-08-18,-1,6,0.0016106808085894157
2023-08-18,1,5,-0.001381906592182824
2023-08-18,1,15,-0.0019963568498967185
2023-08-21,-1,8,0.001223579150900234
2023-08-21,1,6,-0.00033667637494203494
2023-08-21,1,10,0.0004912167281131644
2023-08-21,-1,9,0.0028877512551617416
2023-08-21,1,78,-0.0021065380763315208
2023-08-21,1,5,-0.0013019490797105734
2023-08-21,1,48,-2.388663242145438e-05
2023-08-21,1,8,0.0006190042235120433
2023-08-21,1,11,-0.0015043681638005953
2023-08-21,1,5,-0.004529126370545344
2023-08-21,1,35,-0.0012067494927488816
2023-08-21,1,5,-0.00011683403602900054
2023-08-21,1,112,-0.0012126754661450963
2023-08-21,1,5,-0.001332339351843492
2023-08-21,1,13,-0.0005065666983835366
2023-08-21,1,5,-0.0034082928113333463
2023-08-21,1,6,-0.001872524135036224
2023-08-21,1,5,0.0004396475258593661
2023-08-21,-1,59,-0.0035299754508658406
2023-08-21,-1,16,0.0004660215223974088
2023-08-21,-1,5,0.0003828373775820685
2023-08-21,1,127,0.0019527372744169384
2023-08-21,-1,7,0.0025493422184007745
2023-08-21,1,5,-0.007653332933557166
2023-08-21,-1,5,-0.0006776470004032693
2023-08-21,-1,7,-0.001892652494934399
2023-08-21,-1,50,-0.0006909039297116943
2023-08-21,-1,5,-0.0018313733559048636
2023-08-21,-1,8,-0.0061863862694454316
2023-08-21,-1,6,-0.0006150353133085091
2023-08-21,-1,5,-0.0002323109821338094
2023-08-21,-1,18,0.0004921383109814052
2023-08-21,-1,6,-0.0024755598946645026
2023-08-21,-1,5,-2.2256891270977064e-05
2023-08-21,1,6,-0.0007208786176432276
2023-08-24,1,26,-0.0021562923130223673
2023-08-24,1,7,-8.245008341853887e-05
2023-08-24,1,12,-0.001630950895311933
2023-08-24,1,84,7.870079869922754e-05
2023-08-24,1,6,-0.0014215880174421654
2023-08-24,1,157,0.0010408457860130674
2023-08-24,1,6,-0.002078541181389148
2023-08-24,1,9,0.0009149967727863032
2023-08-24,1,5,-0.002137959159302571
2023-08-24,1,5,-0.001625235361653243
2023-08-24,1,8,0.0010129215651081495
2023-08-24,1,6,-0.004829739925863974
2023-08-24,1,6,-0.001878436937909322
2023-08-24,1,44,0.0005990886126078458
2023-08-24,1,5,-8.915954910681634e-06
2023-08-24,1,5,-0.004364647359984741
2023-08-24,1,5,0.00011955594840054075
2023-08-24,1,5,-0.0004629935799359326
2023-08-24,1,5,-0.000768281442598306
2023-08-24,1,5,-0.009018088513375133
2023-08-24,1,7,-0.0033057469201669184
2023-08-24,1,5,-0.0008923090338966761
2023-08-24,1,5,-0.001821375866632757
2023-08-24,1,22,0.0017884342699082904
2023-08-24,1,5,-6.722750886054517e-05
2023-08-24,-1,5,0.003681138373924498
2023-08-24,-1,5,0.001382592301174235
2023-08-27,-1,8,-0.0010023572511064002
2023-08-27,-1,7,-0.0008515298732648442
2023-08-27,-1,11,0.0004461081068032561
2023-08-27,-1,7,0.001472459602696952
2023-08-27,-1,47,-0.0002604971105938154
2023-08-30,1,5,-0.0013073624369061895
2023-08-30,1,5,-0.006011044617235983
2023-08-30,1,5,-0.002407575494135483
2023-08-30,1,15,-0.0014076088373420111
2023-08-30,1,9,-0.0002255642366671746
2023-08-30,1,5,-0.0020248828604862764
2023-08-30,1,45,-0.0002776388160577787
2023-08-30,1,5,-0.0006568252933506264
2023-08-30,1,17,-0.0013086339940770794
2023-08-30,1,8,-0.0015589396725814494
2023-08-30,1,35,0.0004321089542419724
2023-08-30,1,8,-0.0018841105348536887
2023-08-30,1,5,-0.0022047323402769377
2023-08-30,1,5,-0.0006274701107054965
2023-08-30,1,5,-0.0023509753250306794
2023-08-30,1,57,0.0007600735829812692
2023-08-30,1,29,-0.0032763820002328133
2023-08-30,1,6,9.115828966868057e-05
2023-08-30,1,21,0.0002711093423829695
2023-08-30,-1,37,9.925853743677528e-05
2023-08-30,1,26,0.000871584182662
2023-08-30,1,212,-0.0012446509889035614
2023-08-30,1,5,0.001500962160961983
2023-08-30,-1,5,0.004458120468326299
2023-08-30,1,6,-0.004098819023347055
2023-08-30,-1,6,-0.003067697004242564
2023-08-30,-1,11,0.0014871929248380326
2023-08-30,-1,16,0.0010817560179879008
2023-08-30,-1,5,-0.002622673841302969
2023-08-30,-1,14,0.0007326956588109782
2023-08-30,1,10,-3.9473035103520615e-05
2023-08-30,-1,5,-0.0026047265204579336
2023-08-30,-1,8,-0.0010345129343764855
2023-08-30,-1,6,-0.0016218626437523916
2023-08-30,-1,5,-0.0009289157613002525
2023-08-30,-1,6,-0.002919029670245798
2023-08-30,-1,7,0.0007880291983636493
2023-08-30,-1,8,-0.0003064233454490357
2023-08-30,-1,5,-0.0021863924102708317
2023-08-30,-1,5,-0.001992087298789835
2023-08-30,-1,86,-0.0012928242903763373
2023-09-02,1,6,0.001155317304326076
2023-09-02,1,9,-0.0008780437289527039
2023-09-02,1,104,-0.0016264372036241866
2023-09-02,1,5,0.0003255888131638244
2023-09-02,1,6,0.0001351692032832922
2023-09-02,1,5,-0.0008288772542353935
2023-09-02,1,5,-0.0004119738060629259
2023-09-02,1,6,-0.0012949498164839032
2023-09-02,1,5,-0.0015588123302036957
2023-09-02,1,6,0.0002918695482438064
2023-09-02,1,5,-0.0013246059293599895
2023-09-02,1,48,-0.0033686029725805474
2023-09-02,1,75,-0.003957263754827611
2023-09-02,1,238,-0.0005774250046007618
2023-09-02,1,5,-0.0008475066365848156
2023-09-05,-1,5,0.0008653768268953813
2023-09-05,-1,7,0.0006520589536284319
2023-09-05,1,5,-0.0021832501540357315
2023-09-05,1,5,-0.0050027939226486625
2023-09-05,1,5,-0.0033569735702442035
2023-09-05,1,5,0.002042401225503721
2023-09-05,-1,100,7.795072270890858e-05
2023-09-05,-1,7,-0.0006312150737442841
2023-09-05,1,23,-0.0019184039105008873
2023-09-05,-1,6,-0.001610075391741272
2023-09-05,-1,5,0.000722399923704509
2023-09-05,1,16,0.000579311838306085
2023-09-05,-1,6,-0.00358501526163244
2023-09-05,-1,5,-0.002399327655058547
2023-09-05,-1,5,-0.0004926638764550568
2023-09-05,-1,5,-0.0004313972663977146
2023-09-05,-1,9,-0.002747026064100133
2023-09-05,-1,8,0.0012564773304293512
2023-09-05,-1,5,-0.004894086450030732
2023-09-05,-1,22,0.0009356542313026187
2023-09-05,-1,76,0.0014121484566388624
2023-09-05,-1,139,0.00047853127474264436
2023-09-05,-1,5,-0.011414594673376
2023-09-05,-1,16,0.0034836056716383242
2023-09-05,-1,6,-0.000946239795077219
2023-09-05,-1,5,0.0005244994324216327
2023-09-05,-1,6,0.00028805549615376104
2023-09-05,-1,7,-0.0017410856269111982
2023-09-05,-1,5,0.0006557248317224044
2023-09-05,-1,5,-0.002873081539760491
2023-09-05,-1,5,0.00035522862659089806
2023-09-05,-1,9,0.0005102518936382031
2023-09-05,-1,6,-0.0035271410743485717
2023-09-05,-1,6,0.00037731633365580865
2023-09-05,-1,5,-0.001288743591942287
2023-09-08,-1,17,-0.001305425144245342
2023-09-08,1,7,-0.00014135195578122105
2023-09-08,1,21,-0.0014624631025373699
2023-09-08,1,7,-0.003153571757589768
2023-09-08,1,7,-0.002416865703822024
2023-09-08,1,5,-0.0009651441123711186
2023-09-08,1,6,-0.0009712451361868264
2023-09-08,1,5,-0.00025284831700043097
2023-09-08,1,6,-0.0014517005662775025
2023-09-08,1,5,-0.0017982619800535945
2023-09-08,1,60,-0.0016530319563523351
2023-09-08,1,8,-0.012651175557953231
2023-09-08,-1,5,-0.0003303590399370333
2023-09-08,1,52,-0.0007370305169357212
2023-09-08,1,5,1.2984188509391104e-05
2023-09-08,1,5,-0.00299465170283395
2023-09-08,1,39,-0.0011910141063134812
2023-09-08,1,5,0.0009554480090538057
2023-09-08,1,247,-0.0020812926667525874
2023-09-08,1,5,-0.0008344405568604158
2023-09-08,1,5,0.003112904574520315
2023-09-11,-1,173,8.235467273545218e-05
2023-09-11,-1,25,0.0014279782622159901
2023-09-11,-1,37,-0.0015206894861582217
2023-09-11,-1,42,-0.0010677858511807022
2023-09-11,-1,6,-0.0016396729169515286
2023-09-11,-1,5,-0.0019995210585167286
2023-09-11,-1,5,-0.0023525715801951726
2023-09-11,-1,18,-0.0026230712440128198
2023-09-11,-1,5,-0.00036246250185643046
2023-09-11,-1,7,-0.0010121011853888359
2023-09-11,-1,24,0.0010691284903743496
2023-09-11,-1,5,0.0013153908620934466
2023-09-11,1,5,-0.0005816126871577061
2023-09-11,-1,41,0.006436882045213999
2023-09-11,-1,8,0.00145804206146285
2023-09-11,-1,5,-0.000696102387962005
2023-09-11,-1,5,-0.000758626218605873
2023-09-11,-1,6,-0.0005251948649431566
2023-09-11,-1,5,-0.0013508256906756607
2023-09-11,-1,5,-0.005177754783595478
2023-09-11,-1,5,-0.0009355520864059215
2023-09-11,-1,5,0.0030654033062204275
2023-09-11,-1,5,0.0019282836247104477
2023-09-11,1,5,-0.003666600390338925
2023-09-11,1,5,0.004614517935557139
2023-09-11,-1,6,-0.0018287187616082608
2023-09-11,1,9,-0.003542647541824961
2023-09-11,1,5,0.001062063211369058
2023-09-11,-1,16,-0.0006120138484292155
2023-09-11,-1,5,0.005264754272748773
2023-09-11,-1,5,-0.0004248997337892075
2023-09-11,1,6,0.0005113793103447509
2023-09-11,-1,5,-0.001332235838337947
2023-09-11,1,20,0.002007855638882639
2023-09-11,-1,5,-0.0038313484415778195
2023-09-11,-1,10,-0.002326356287076869
2023-09-14,-1,5,-0.010121347570871552
2023-09-14,-1,5,-0.001068010227672089
2023-09-14,1,5,-0.002030115022634482
2023-09-14,1,5,-0.002573138918018558
2023-09-14,1,5,-0.00018446843935935274
2023-09-14,1,40,-0.001993335050369893
2023-09-14,1,5,-0.001024703024725326
2023-09-14,1,10,-0.002599362179051856
2023-09-14,1,11,-0.002508521788593709
2023-09-14,1,5,-0.0018729730466233493
2023-09-14,1,5,-0.00142107521350574
2023-09-14,1,5,0.0015241475733091207
2023-09-14,-1,5,-0.0018968097182271212
2023-09-14,-1,35,-0.0015560572039395645
2023-09-14,-1,6,-0.0015435937818520703
2023-09-14,-1,29,-0.0019942731427159185
2023-09-14,-1,36,-0.00017231974873219656
2023-09-14,-1,5,-0.0017787586460543455
2023-09-14,-1,6,-0.0011542662409243839
2023-09-14,1,5,-0.0018875883338878904
2023-09-14,-1,21,-0.00275021316909938
2023-09-14,-1,5,0.00265740301975872
2023-09-14,1,6,0.0015338803255441572
2023-09-14,-1,5,-0.005359796623177404
2023-09-14,-1,5,0.0032605573422681785
2023-09-14,1,19,0.002234513069528177
2023-09-14,1,6,-0.0024466651350854903
2023-09-14,1,5,0.004764626679450679
2023-09-14,1,22,0.00042106257469423126
2023-09-14,1,11,-0.002615795767325268
2023-09-14,1,68,-0.0009517432950191025
2023-09-14,1,6,-0.0005656223682354073
2023-09-14,1,6,-0.0021471967054323745
2023-09-14,1,5,-0.001608611261239101
2023-09-14,1,5,-0.0035248352792330625
2023-09-14,1,20,0.00045647221009783613
2023-09-14,1,5,-0.001166380571821479
2023-09-14,1,129,-0.0020012168599262466
2023-09-14,1,5,-0.0023030241816573756
2023-09-17,-1,57,-0.0007988431864801355
2023-09-17,-1,8,-0.0015275481490554018
2023-09-17,1,5,0.0002898120398199481
2023-09-17,1,5,0.001751700232377829
2023-09-20,1,6,-0.0021220833460215745
2023-09-20,1,5,0.0011218317979379226
2023-09-20,1,24,-0.0007581179824854618
2023-09-20,1,7,-0.0030430551404026836
2023-09-20,1,63,-0.0027419301170799933
2023-09-20,1,6,-0.0028050067025353394
2023-09-20,1,5,-0.0019233256080952495
2023-09-20,1,5,-0.00033441435490963965
2023-09-20,1,6,-0.0018562643228848593
2023-09-20,1,7,-0.0008237696784803901
2023-09-20,1,5,-0.0030116009948547347
2023-09-20,1,8,-0.0008907020401166306
2023-09-20,1,6,-0.0012641664575055774
2023-09-20,1,6,0.00010756659930191183
2023-09-20,1,41,-0.0014292938959322484
2023-09-20,1,36,0.0006945078896790861
2023-09-20,1,5,-0.002509717407502365
2023-09-20,1,12,-0.007983251884640974
2023-09-20,1,5,0.0006559969952219195
2023-09-20,-1,22,-0.002709416140057463
2023-09-20,-1,5,-0.0011111378311360106
2023-09-20,-1,5,-0.0010068085635206222
2023-09-20,-1,5,0.002901208703227654
2023-09-20,-1,5,-0.0016403879100793436
2023-09-20,-1,29,-0.006136469780389042
2023-09-20,-1,24,-1.389921416214922e-05
2023-09-20,-1,6,0.0008703631723596898
2023-09-20,-1,5,0.00036328444171409603
2023-09-20,-1,5,-0.002846227719360916
2023-09-20,-1,5,0.00014770959858025935
2023-09-20,-1,6,-0.001658304766413243
2023-09-20,-1,5,-0.0035137353524924194
2023-09-20,-1,5,0.0004832262762532128
2023-09-20,-1,5,-0.005473366157432968
2023-09-20,-1,6,0.003714571119177635
2023-09-20,-1,6,0.008749272127626906
2023-09-20,1,5,-0.0006281400915323139
2023-09-20,-1,39,-0.00327623698649635
2023-09-20,-1,5,-0.004665673380726742
2023-09-20,-1,23,0.0006203023884078455
2023-09-20,-1,6,0.0009369836764316023
2023-09-20,1,57,-0.0005620046401423102
2023-09-26,1,87,-0.0024088877270780126
2023-09-26,1,24,-0.000789683832478882
2023-09-26,1,14,-0.0006510649505401029
2023-09-26,1,30,0.0020400901298373245
2023-09-26,-1,10,0.0008174124391392649
2023-09-26,1,5,0.001802873287218754
2023-09-26,-1,5,-0.0007472878515934806
2023-09-26,-1,38,-0.00015083147626191405
2023-09-26,-1,25,-0.0002316046283671098
2023-09-26,-1,5,-0.0006149240382259164
2023-09-26,1,21,7.044267674052352e-05
2023-09-26,-1,16,0.002371863793547169
2023-09-26,1,7,-0.001740743914797704
2023-09-26,1,7,-0.0011238982330151522
2023-09-26,1,5,-0.0010042652660341208
2023-09-26,1,9,-0.0018537431810887513
2023-09-26,-1,206,-0.004650474010352878
2023-09-26,-1,5,0.004449164057608002
2023-09-26,1,5,-0.001350539368145309
2023-09-26,1,5,-0.0009916206010368352
2023-09-26,1,7,-0.0006137449693595971
2023-09-26,1,5,0.00012832494336780832
2023-09-26,1,5,-0.002778787605162347
2023-09-26,1,5,-0.0012310549221294705
2023-09-26,1,5,-0.0007833795373709313
2023-09-26,1,10,-0.0011302428042231135
2023-09-26,1,8,-0.0005369616258522387
2023-09-26,1,5,-0.002694133354774064
2023-09-26,1,5,-0.00035943390682966435
2023-09-26,1,104,0.0030049003775300073
2023-09-26,-1,21,-0.0009226467629156239
2023-09-26,-1,81,0.0022292560205339432
2023-09-26,1,5,-0.0017483504683213132
2023-09-26,1,15,-0.001502513960311624
2023-09-26,1,64,-0.00010765747596606045
2023-09-26,1,5,0.0005850839996973892
2023-09-26,1,5,-0.0019667761394945634
2023-09-26,1,5,-0.0011616804169158664
2023-09-26,1,5,-0.0010293722900070797
2023-09-26,-1,5,-0.0020875224374113707
2023-09-26,-1,5,-0.0010043159779250296
2023-09-26,-1,19,-0.003176110215798422
2023-09-26,-1,5,-0.002235873474106009
2023-09-29,-1,5,0.0022349165322848256
2023-09-29,1,5,0.0005066914277404248
2023-09-29,1,5,8.430758524769389e-06
2023-09-29,-1,5,0.0007309261764421263
2023-09-29,1,5,-0.0028782535268377703
2023-09-29,1,15,-0.0024684297833661214
2023-09-29,1,5,0.000527271648837058
2023-09-29,1,69,-0.0003961496704148799
2023-09-29,1,25,-0.0010385050113042912
2023-09-29,-1,5,-0.002463039594398841
2023-09-29,-1,25,-0.012511706637341557
2023-09-29,-1,5,-0.0019862303881582385
2023-09-29,1,5,-0.002404274075310164
2023-09-29,1,5,-0.00028514147047906623
2023-09-29,1,52,-0.000901577719277213
2023-09-29,1,11,-0.0015476552134615403
2023-09-29,1,5,0.00013994242141293113
2023-09-29,1,10,-0.001883000538615764
2023-09-29,1,5,-0.0029732634730537996
2023-09-29,1,5,0.0034866989286036717
2023-09-29,-1,5,-0.0003760629933021504
2023-09-29,-1,10,0.0031126952028198937
2023-09-29,-1,5,-0.010576519291831099
2023-09-29,-1,15,0.003432442835365835
2023-09-29,1,5,-0.0009434085033036328
2023-09-29,-1,5,0.0015096215380196124
2023-09-29,1,5,-0.0017168262413475906
2023-09-29,1,5,-0.001957335820313299
2023-09-29,1,5,-0.0038689745954681772
2023-09-29,1,5,0.00013617320993888384
2023-09-29,1,7,0.00031497593261122815
2023-09-29,-1,5,0.00033578378637979557
2023-09-29,-1,5,-0.0009668386275168745
2023-09-29,1,5,-0.0006787220667875178
2023-09-29,1,5,-0.00091890434683437
2023-09-29,1,5,0.0006731301999795217
2023-10-02,1,6,-0.0017479452685600135
2023-10-02,1,33,6.626572076320382e-05
2023-10-02,1,5,-0.006307539859102684
2023-10-02,1,28,0.00209786977131512
2023-10-02,-1,21,-0.003220512794505614
2023-10-02,1,12,0.003209288692510049
2023-10-02,1,5,-0.0027064839649979296
2023-10-02,1,15,-0.0007353932269559045
2023-10-02,1,9,-0.0019480583384821944
2023-10-02,1,8,-0.00023232400552495268
2023-10-02,1,8,-0.0006774545155157958
2023-10-02,1,5,-0.0038883759694174676
2023-10-02,1,61,-0.0020893488532336187
2023-10-02,1,5,0.0011027101815420885
2023-10-02,1,5,-0.009151244117817847
2023-10-02,1,5,0.00313417371243876
2023-10-02,-1,7,-0.00023642830494439114
2023-10-02,1,219,-0.014790176632896923
2023-10-02,1,5,0.00022349382013144882
2023-10-02,-1,17,0.0032229791120242054
2023-10-02,-1,9,-0.00199436848908161
2023-10-02,-1,5,-0.0012412204164792048
2023-10-02,-1,5,-0.004806639383989042
2023-10-02,-1,5,-0.005743118214716602
2023-10-02,-1,5,-0.0016452582434403947
2023-10-02,-1,5,-0.0011109993760648248
2023-10-02,-1,5,0.0036104530074511317
2023-10-02,-1,6,0.00858849073973802
2023-10-02,-1,7,-0.0032073677386520224
2023-10-02,-1,6,-0.004677336792647013
2023-10-05,-1,6,-0.0004426718862981844
2023-10-05,-1,8,-0.0031347041736552225
2023-10-05,-1,8,0.001404440709917099
2023-10-05,1,126,-0.0011599873529087642
2023-10-05,1,8,-0.0029372624777075137
2023-10-05,1,5,0.001374813342128656
2023-10-05,-1,6,-0.004169867960857365
2023-10-05,-1,7,0.0020440510292169204
2023-10-05,1,5,-0.0042780775155109915
2023-10-05,1,26,0.001210531395881587
2023-10-05,1,5,0.0030238960635788023
2023-10-05,-1,8,0.0008352717616306963
2023-10-05,-1,5,-0.0007403748223225643
2023-10-05,-1,6,0.0009660077461871811
2023-10-05,-1,5,-0.0004988006841391885
2023-10-08,-1,6,-0.0024706768061534042
2023-10-08,-1,10,-0.0021202656815736184
2023-10-08,-1,6,-0.00031060719108819644
2023-10-08,-1,5,-0.003080208986895183
2023-10-08,-1,5,-0.0011660258444451174
2023-10-08,-1,6,0.0009031669525303657
2023-10-08,-1,5,-0.0018390437245377807
2023-10-08,-1,179,0.0013545066339545556
2023-10-08,-1,15,-0.002069391235710682
2023-10-08,1,6,-0.0014864609956130922
2023-10-08,1,16,-0.0001685723482772512
2023-10-08,1,8,-0.003483223848779393
2023-10-08,1,5,-0.0016482735938164513
2023-10-08,1,5,-0.0014510122092878715
2023-10-08,1,5,0.0015151628950328625
2023-10-08,1,251,-0.002819028521927813
2023-10-08,1,94,0.005435145624772231
2023-10-08,-1,5,0.0007277030224276618
2023-10-08,-1,5,-0.0038256288767427368
2023-10-08,-1,5,-0.0008232581000796375
2023-10-08,-1,5,-0.001098883043797438
2023-10-08,-1,5,-0.0005792151438265054
2023-10-08,-1,20,-0.00029769017650735873
2023-10-08,-1,64,-0.002720686850512166
2023-10-08,-1,12,-0.0011233288936679294
2023-10-08,-1,8,0.002109785568913192
2023-10-08,1,5,0.0006341731860054715
2023-10-08,1,5,-0.0007676098051726305
2023-10-11,-1,5,-0.0008435704265766559
2023-10-11,-1,5,-0.003827606561035512
2023-10-11,-1,6,-0.00011301220908053143
2023-10-11,-1,5,-0.0019579598981539267
2023-10-11,-1,5,0.009069992045816067
2023-10-11,-1,5,0.0007074179448590904
2023-10-11,-1,63,0.002188562814778661
2023-10-11,-1,5,-0.0011563597493643215
2023-10-11,-1,5,-0.0035805173895476546
2023-10-11,-1,5,-0.007267647826754686
2023-10-11,-1,5,-0.002084089446814463
2023-10-11,-1,5,-0.0020014333396910274
2023-10-11,-1,38,-0.0011684912572539115
2023-10-11,-1,5,0.0013897153929651965
2023-10-11,-1,10,-0.0018174092791308546
2023-10-11,-1,5,0.0009801742836981434
2023-10-11,-1,181,0.0019595981688707246
2023-10-11,-1,5,0.0019656243602866
2023-10-11,1,5,-0.005481199616122789
2023-10-11,1,5,0.0022371340717365577
2023-10-11,1,5,-0.0011114420122268816
2023-10-11,-1,85,-0.001137027056457329
2023-10-11,-1,16,-0.0006636683296555641
2023-10-11,-1,5,-0.001072998361515953
2023-10-11,-1,5,-0.0028042461990543718
2023-10-11,-1,51,0.0002218860281452354
2023-10-11,-1,6,-5.751842673371542e-05
2023-10-14,1,34,-0.0014849832549753469
2023-10-14,1,27,-0.0020843057237842407
2023-10-14,1,5,1.0747518590337635e-05
2023-10-14,1,13,-0.0008344825387419425
2023-10-14,-1,5,-0.0005898248726552198
2023-10-14,-1,7,-0.001852119403850194
2023-10-14,1,11,-0.00044530539979423754
2023-10-14,1,8,-0.0008658985046464447
2023-10-14,1,6,0.0004990817115359206
2023-10-14,-1,5,0.0007370461474277782
2023-10-17,-1,76,0.0005553177785573519
2023-10-17,1,5,0.0004961452898074818
2023-10-17,-1,5,0.001628011138900787
2023-10-17,1,12,-0.0011870349721397663
2023-10-17,1,5,0.003994622741663312
2023-10-17,-1,5,0.0019694275529064335
2023-10-17,1,10,0.0007750905976543713
2023-10-17,1,5,-0.0011112932266001737
2023-10-17,-1,5,0.003389777018883123
2023-10-17,1,5,-0.0023049418975502386
2023-10-17,1,23,-0.0024136109126770885
2023-10-17,1,5,-0.0029729279929588733
2023-10-17,1,5,-0.00430132676099213
2023-10-17,1,8,0.0022385018245966396
2023-10-17,-1,6,-0.0017340027447393155
2023-10-17,-1,5,-0.0009526393623707547
2023-10-17,-1,13,-0.0010033520323241337
2023-10-17,-1,9,-0.0021898188796548364
2023-10-17,1,6,-0.005408204554542139
2023-10-17,1,6,-0.000517845910344183
2023-10-17,1,16,-0.000281245210728009
2023-10-17,1,20,-0.00725472409173542
2023-10-17,1,5,0.0024115399300542965
2023-10-17,1,47,0.0007545822993414667
2023-10-17,1,5,0.0008245613933869581
2023-10-20,-1,5,0.00013992453842017784
2023-10-20,-1,223,0.000256326814303565
2023-10-20,-1,8,-0.0018605336436571026
2023-10-20,-1,6,-0.01022848048624434
2023-10-20,-1,5,-0.007451891544875222
2023-10-20,-1,5,-0.0026886861399070035
2023-10-20,-1,5,0.0010213879714383815
2023-10-20,-1,6,0.00018832643559232344
2023-10-20,-1,7,0.0001894534249342831
2023-10-20,1,13,0.0012944175556329988
2023-10-20,-1,5,-0.0027277820925680537
2023-10-20,-1,5,-0.0026371563682220153
2023-10-20,-1,5,-0.014886472415030027
2023-10-20,-1,5,-0.0015028120338141712
2023-10-20,-1,7,-0.003587945269678849
2023-10-20,-1,15,-0.0049097983766191785
2023-10-20,1,9,-0.0043867482880521665
2023-10-20,1,7,-0.005914034780180577
2023-10-20,1,5,9.179110385284552e-05
2023-10-20,1,5,-0.0015468747938436108
2023-10-20,-1,71,-0.00039551972541871326
2023-10-20,-1,5,-0.0010925424335855635
2023-10-20,-1,12,0.00017788961544442684
2023-10-20,1,5,8.113594366490097e-05
2023-10-20,-1,12,-0.0005009510035308469
2023-10-20,-1,19,-0.0018278855597376516
2023-10-20,-1,6,-0.0021449735958799284
2023-10-20,-1,56,-0.0006383905707566302
2023-10-20,-1,5,-0.001304180868677651
2023-10-20,1,5,0.0002977431421446134
2023-10-20,1,6,0.0014673472668810476
2023-10-20,-1,23,-0.0015093420111350394
2023-10-20,-1,7,-0.0005514485632542638
2023-10-20,-1,13,-0.0004023204902587669
2023-10-20,-1,22,0.001073215357040658
2023-10-23,-1,5,-0.000755995565236844
2023-10-23,-1,8,-0.008334743163374103
2023-10-23,-1,18,0.00503539776000197
2023-10-23,1,6,0.0011846701798855722
2023-10-23,-1,5,-0.007371132621272735
2023-10-23,1,5,-0.0013650980096590933
2023-10-23,1,7,-0.0017790815638692777
2023-10-23,1,5,0.006534776546892074
2023-10-23,-1,5,0.004121378530741704
2023-10-23,1,5,-0.004486089501510615
2023-10-23,1,15,-0.002959375259197849
2023-10-23,1,10,-0.0015854640927236204
2023-10-23,1,13,-0.006748615474544395
2023-10-23,1,6,0.0023627250887820143
2023-10-23,1,5,-0.00976602775939881
2023-10-23,1,6,0.0052520917357806955
2023-10-23,1,5,0.0004142387058957645
2023-10-23,1,5,0.0016257873869890641
2023-10-23,1,5,-0.002055712436394996
2023-10-23,1,11,0.003968524120229322
2023-10-23,-1,5,0.0030327342338058124
2023-10-23,1,7,0.00955661757942452
2023-10-23,-1,16,0.004165646825161651
2023-10-23,1,5,0.0037267802611066444
2023-10-23,-1,5,0.004153813819125185
2023-10-23,-1,8,-0.007459305691709916
2023-10-23,-1,5,-0.005328057422993781
2023-10-23,-1,5,-0.004984103235711279
2023-10-23,-1,5,0.0016715625455712372
2023-10-23,1,5,-0.0010347185226834196
2023-10-23,1,6,-0.002095139376678134
2023-10-23,-1,6,-0.035613033647078
2023-10-23,1,5,0.0032032021541009933
2023-10-23,1,5,-0.0008891277055046216
2023-10-26,-1,9,0.0012828627230582427
2023-10-26,-1,6,-0.00319556506744032
2023-10-26,-1,5,-0.000697436059917433
2023-10-26,-1,6,-0.0027801634680349793
2023-10-26,-1,5,-0.007029540068599882
2023-10-26,-1,8,-0.0016410626474864017
2023-10-26,-1,5,-2.2330446214668498e-05
2023-10-26,-1,6,0.000997607232968845
2023-10-26,1,9,-0.0004814718326718643
2023-10-26,-1,12,-0.016653163946382585
2023-10-26,-1,5,-0.005695495230230918
2023-10-26,1,5,0.004968712536360576
2023-10-26,1,10,-0.001593376636061605
2023-10-26,1,5,-0.001349155195893714
2023-10-26,1,40,-0.002255415458094245
2023-10-26,1,5,-0.0002074575043911948
2023-10-26,1,5,-0.00041903408808017194
2023-10-26,1,5,-0.012325994475138135
2023-10-26,1,5,-0.00038441317210211555
2023-10-26,1,7,-0.004862682968738574
2023-10-26,1,6,0.0009346171621637204
2023-10-26,-1,6,-0.00391651596941065
2023-10-26,-1,12,0.0009023472263382185
2023-10-26,-1,5,-0.0018890721346363822
2023-10-26,-1,6,-0.0030353511453789835
2023-10-29,1,16,0.0003021109760285249
2023-10-29,1,5,-0.003664616563813205
2023-10-29,1,5,-0.00025345622444659054
2023-10-29,-1,25,-0.0015431973236256
2023-10-29,-1,95,-0.003984676667882913
2023-10-29,-1,5,0.002377075917029981
2023-10-29,1,5,-0.0016132833428287082
2023-10-29,1,25,0.0033941923809949434
2023-10-29,-1,5,-0.0003178690369286303
2023-10-29,1,9,-0.002125197684206914
2023-10-29,1,8,-0.00038532268322475315
2023-10-29,1,7,0.0009526934873164365
2023-10-29,-1,5,0.0014614619409768718
2023-10-29,-1,6,0.0028457564455347754
2023-10-29,1,11,-0.003937467857043608
2023-11-01,-1,5,-0.0035437827006078223
2023-11-01,-1,5,0.0019035818564429267
2023-11-01,1,5,-0.0019151851851851639
2023-11-01,1,5,-0.0013975542191287712
2023-11-01,1,5,-0.0015411002699405648
2023-11-01,1,5,0.0006081046983278608
2023-11-01,1,5,-0.0015421983884534637
2023-11-01,1,6,-0.00467753633463317
2023-11-01,1,5,0.0006674093098716586
2023-11-01,1,5,0.0012588431873040932
2023-11-01,-1,5,-0.0012819373254816298
2023-11-01,-1,18,-0.001331821347761419
2023-11-01,-1,6,0.0007857981158362563
2023-11-01,-1,32,0.0002615434748932891
2023-11-01,1,10,-0.002393903210035608
2023-11-01,1,16,-0.000509861226987018
2023-11-01,1,7,-0.0018611352592542204
2023-11-01,1,5,0.0011197683459959421
2023-11-01,-1,6,-0.00929381398030702
2023-11-01,-1,5,0.011802194525152543
2023-11-01,1,8,0.0027227724923361233
2023-11-01,-1,10,0.0064171263429403606
2023-11-01,1,5,-0.0009153641565945221
2023-11-01,1,6,0.00046767779066661
2023-11-01,1,7,-0.0012720611165250913
2023-11-01,1,7,0.00134948625543343
2023-11-01,-1,6,-0.0024991423802621423
2023-11-01,-1,16,-0.010710625835362286
2023-11-01,-1,6,0.000643328641801633
2023-11-01,-1,5,-0.007342874615972361
2023-11-01,-1,5,-0.001661926638565436
2023-11-01,-1,5,-0.008355761875166933
2023-11-01,-1,5,-3.512876278575171e-05
2023-11-01,-1,5,0.005941128945238705
2023-11-01,1,5,0.00759925106493955
2023-11-01,-1,5,0.005922248073694592
2023-11-01,1,5,0.00030490184914047126
2023-11-01,1,8,-0.0007475670186839252
2023-11-04,-1,7,-0.0005802062275527038
2023-11-04,-1,190,-0.00106672458102095
2023-11-04,-1,6,0.0004039965719534692
2023-11-04,-1,25,-0.0050116347132397095
2023-11-04,-1,5,3.237782711853533e-05
2023-11-04,-1,6,3.731806471974253e-06
2023-11-04,-1,5,-0.004310668055789479
2023-11-04,-1,10,0.0033614609387689017
2023-11-04,-1,5,-0.0008933747178328839
2023-11-04,-1,6,0.0004723212640252109
2023-11-04,-1,5,-0.0016260481752457864
2023-11-04,-1,6,-0.0017285191420376208
2023-11-04,-1,6,-0.006088549970336121
2023-11-07,1,18,-0.005289232548592348
2023-11-07,1,11,-0.0005449801351443457
2023-11-07,1,5,-0.002493016613978249
2023-11-07,1,5,0.0006452670346987158
2023-11-07,1,36,-0.006345077888771122
2023-11-07,1,5,9.919292549911453e-05
2023-11-07,1,5,-0.0003844091154746372
2023-11-07,1,5,-0.0018038231183394645
2023-11-07,1,6,-0.0019786954138932607
2023-11-07,1,5,0.0007323592858127451
2023-11-07,1,54,7.856951885778542e-05
2023-11-07,1,12,0.00033802432526721694
2023-11-07,1,36,-0.0034132855301662653
2023-11-07,1,25,0.00206679590367056
2023-11-07,1,5,-0.00309069874415111
2023-11-07,1,5,-0.00278319876861508
2023-11-07,1,5,-0.003900904292004825
2023-11-07,1,5,-0.003560317995567752
2023-11-07,1,6,-0.0027620493864653813
2023-11-07,1,5,0.0004167205587116921
2023-11-07,1,5,-0.0012062836368289306
2023-11-07,1,9,-0.00020437275842408685
2023-11-07,1,5,-0.0002788136230137179
2023-11-07,1,5,-0.002516473951647757
2023-11-07,1,106,-0.0010729572763684466
2023-11-07,1,6,-0.0021670470289367524
2023-11-07,1,5,-0.00032103763019373187
2023-11-07,1,5,-0.00861902885173913
2023-11-07,1,5,0.0011030154722250444
2023-11-07,1,7,-0.0013353740095257468
2023-11-07,1,30,-0.0075341267862409685
2023-11-07,1,5,0.006921427295250382
2023-11-07,-1,6,-0.01325235008203327
2023-11-07,1,5,5.755720309865754e-05
2023-11-07,-1,5,-0.0006998626479146392
2023-11-07,-1,5,0.003305154934321398
2023-11-07,1,5,0.0017888974673116124
2023-11-07,-1,5,0.00042669987104240227
2023-11-07,1,71,-0.000957267690944041
2023-11-07,1,20,-0.0095020190846141
2023-11-07,1,41,0.0031921017193731424
2023-11-07,1,12,-0.0009193029196886466
2023-11-07,1,5,0.00023242344312226527
2023-11-10,-1,5,0.010015820882900229
2023-11-10,1,5,-0.002091965413505292
2023-11-10,1,5,0.0017646378090196094
2023-11-10,-1,5,-0.000523373716166375
2023-11-10,-1,13,0.003170634995296374
2023-11-10,-1,5,-0.004584045801167979
2023-11-10,-1,15,0.0006533839747917772
2023-11-10,-1,5,0.0033977279300599025
2023-11-10,-1,5,-0.0010009604271298041
2023-11-10,1,8,0.00012330313952393403
2023-11-10,1,5,-0.001728809523809471
2023-11-10,1,22,0.0009808334761986174
2023-11-10,-1,6,-0.0038712649223298975
2023-11-10,1,11,0.0026152059090710725
2023-11-10,1,6,0.0038161229369416912
2023-11-10,-1,5,0.005443957274258971
2023-11-10,1,80,0.0013835440332704788
2023-11-10,1,6,0.004580565595829001
2023-11-10,-1,5,-7.093297148927878e-05
2023-11-10,-1,5,0.0008686465742452579
2023-11-10,-1,5,0.0002468337815644487
2023-11-10,-1,5,0.0004079744697454094
2023-11-10,1,6,-0.00016519093467857137
2023-11-10,-1,51,-0.0017834746742605209
2023-11-10,1,56,-0.0006925002997816061
2023-11-10,-1,42,0.0029644051670422392
2023-11-13,1,5,0.006010554248750433
2023-11-13,-1,5,-0.00920236300419961
2023-11-13,-1,10,0.0025507332715189127
2023-11-13,-1,5,0.006636424827579557
2023-11-13,1,5,-0.003933040509242347
2023-11-13,1,5,-0.0007233318164468811
2023-11-13,1,5,-0.0026984073990800935
2023-11-13,1,27,-0.0009040550687132494
2023-11-13,1,5,-0.0017376940997597453
2023-11-13,1,5,-0.001330636195969936
2023-11-13,1,5,0.005819487774257804
2023-11-13,-1,8,0.001531314995865585
2023-11-13,-1,42,-0.004735073575987769
2023-11-13,-1,7,0.0012345219026818292
2023-11-13,-1,6,-0.0018733666373261567
2023-11-13,-1,6,0.0008240292172612355
2023-11-13,-1,5,0.003405650281369433
2023-11-13,1,5,0.0006393224015947222
2023-11-13,1,5,0.0025278254874733456
2023-11-13,-1,5,-0.0005404159670203463
2023-11-13,-1,237,-0.0018742794578040286
2023-11-13,-1,6,-0.009770823277540064
2023-11-13,-1,5,-0.016002597146158017
2023-11-13,-1,5,-0.0045798422383175105
2023-11-13,-1,5,-0.00916316014100591
2023-11-13,-1,6,0.006274497398952051
2023-11-13,1,5,0.0012427114624126382
2023-11-13,-1,5,-0.0021606014049096785
2023-11-13,-1,7,-0.001238972573900243
2023-11-13,-1,12,-0.003616387183331104
2023-11-13,-1,5,-0.0014953126308972827
2023-11-13,-1,7,0.0013992372074423057
2023-11-13,-1,5,0.020081117467582035
2023-11-13,1,5,0.002312033645386702
2023-11-13,1,10,0.0029254024104906854
2023-11-13,1,5,0.002966874908893047
2023-11-13,-1,5,0.005805706524363763
2023-11-16,-1,57,0.003037793757354824
2023-11-16,1,5,-0.006096631962013021
2023-11-16,1,84,0.0007546572146358791
2023-11-16,1,24,0.0007562852664576795
2023-11-16,-1,5,0.006749941244461511
2023-11-16,1,5,-0.0073963648698776915
2023-11-16,1,5,0.0011282788189314278
2023-11-16,1,5,-0.008349866565437103
2023-11-16,1,5,-0.0023098800161321705
2023-11-16,1,5,-0.006624779208831732
2023-11-16,-1,6,0.006510423642820862
2023-11-19,-1,9,0.0003271682313486183
2023-11-19,-1,41,0.0022786370781299418
2023-11-19,1,5,0.00018778502831819956
2023-11-19,1,5,0.0005232796737276949
2023-11-19,-1,5,-0.0016166659844452976
2023-11-19,-1,5,-0.002676039649560957
2023-11-19,-1,5,-0.003680252032354314
2023-11-19,-1,5,0.0017594240570845358
2023-11-19,-1,35,-0.0023974252641042245
2023-11-19,-1,5,-0.0025595268959884617
2023-11-19,-1,6,-0.0016911784225174028
2023-11-19,-1,191,-0.0009012302598063511
2023-11-19,-1,6,-0.000952164909063002
2023-11-19,-1,7,0.0006122237027828218
2023-11-19,-1,5,-0.0039406691412776414
2023-11-19,-1,44,0.0005100397391481163
2023-11-19,-1,116,-0.00133969387755104
2023-11-19,-1,27,0.0032818374472687547
2023-11-19,1,10,0.0002073225032551921
2023-11-19,1,6,0.00044407542766280485
2023-11-19,-1,19,-0.0010691879620391195
2023-11-19,-1,29,0.00031097444089458505
2023-11-19,-1,23,-0.004673511333469582
2023-11-19,-1,5,-0.0050356017430922325
2023-11-19,-1,5,0.002723255156244409
2023-11-19,-1,5,-0.004637221996340734
2023-11-19,-1,5,-3.595271872400784e-05
2023-11-19,-1,6,-0.0036410242241034837
2023-11-19,-1,84,-0.0017116734074823278
2023-11-19,-1,5,-0.00035700770229904987
2023-11-19,-1,5,-0.0041475707195527175
2023-11-19,-1,64,0.002698124102739752
2023-11-19,-1,5,-0.0052269073051324
2023-11-19,-1,8,-0.0009287610401119468
2023-11-19,-1,5,0.00042532972564814954
2023-11-19,-1,6,0.0010934560384428197
2023-11-19,-1,101,-0.00951341447823859
2023-11-19,-1,5,-0.0049134575746824
2023-11-22,1,5,0.0073336225690573634
2023-11-22,1,13,0.0017656501119151184
2023-11-22,1,5,0.00012936593744896675
2023-11-22,1,5,0.002682465128515688
2023-11-22,1,5,0.0049508084306352455
2023-11-22,1,5,0.00013831471650451767
2023-11-22,1,5,-0.007050959260080236
2023-11-22,1,10,0.0051472294003408695
2023-11-22,1,5,-0.0003965791389733737
2023-11-22,1,5,0.002153113341064961
2023-11-22,-1,5,0.002992134418824533
2023-11-22,1,5,0.008115948676034624
2023-11-22,1,5,0.004362639762025245
2023-11-22,1,5,-0.0029756767789555823
2023-11-22,1,5,0.000446011307841632
2023-11-25,-1,5,0.0009252180924589574
2023-11-25,-1,21,8.602504994594841e-05
2023-11-25,1,13,0.0018911285978792328
2023-11-25,1,9,-0.0013215773084735757
2023-11-25,1,5,-0.004257600293600982
2023-11-25,1,5,0.0006834245429848899
2023-11-25,1,5,0.0006852899690680484
2023-11-25,1,6,0.0014647397475579197
2023-11-25,1,6,-0.0012640675747978888
2023-11-25,1,34,-0.0017269745038668068
2023-11-25,1,143,0.0015722922204159055
2023-11-25,1,56,-0.0012254175115961937
2023-11-25,1,5,-0.0010471926334146616
2023-11-25,-1,6,-0.0017393561525339326
2023-11-25,-1,189,-0.0014796559649553395
2023-11-25,-1,5,-0.0009081798456162855
2023-11-25,-1,101,-0.0013208604677937604
2023-11-25,-1,94,-0.00035132282345726694
2023-11-25,-1,5,-0.001340228603798321
2023-11-25,-1,221,-0.0006202318007939351
2023-11-28,-1,5,-0.0014393889533626854
2023-11-28,1,20,-0.005426460932599108
2023-11-28,1,5,0.004765851273434674
2023-11-28,-1,5,0.002035317107534707
2023-11-28,-1,56,-0.002994639138284993
2023-11-28,-1,31,-0.004709856446824734
2023-11-28,-1,5,-0.0011836159659198483
2023-11-28,-1,6,0.0009491852796491788
2023-11-28,-1,6,0.003152390209968959
2023-11-28,-1,5,-0.001905699506808389
2023-11-28,-1,5,-0.010391999671473506
2023-11-28,-1,5,-0.002828326067855524
2023-11-28,-1,5,-0.0045006762045932455
2023-11-28,-1,10,0.0018721829855926856
2023-11-28,-1,5,0.002228849459035698
2023-11-28,-1,5,-9.20841107908461e-05
2023-11-28,1,6,0.0006320937835463617
2023-12-01,-1,5,-0.012661929297642071
2023-12-01,-1,5,-0.000405649055157697
2023-12-01,-1,5,-0.0008658433619683543
2023-12-01,-1,5,0.0004391025322325829
2023-12-01,-1,5,-0.004217137335608889
2023-12-01,-1,5,0.0018214433228002317
2023-12-01,-1,36,0.0008769854240493705
2023-12-01,-1,5,0.004184571986654695
2023-12-01,1,5,0.0006160963383675892
2023-12-01,-1,5,0.0005573129897886945
2023-12-01,-1,5,0.001198928102210695
2023-12-01,1,9,-0.0005166240133938955
2023-12-01,1,33,-0.002065973021041145
2023-12-01,1,14,-0.001976242765573377
2023-12-01,1,8,-0.0015745645507513114
2023-12-01,1,5,-0.0028362353325894537
2023-12-01,1,6,-0.00034493881026373917
2023-12-01,-1,7,-0.004844369744492072
2023-12-01,-1,10,0.0017754608737397207
2023-12-01,1,5,0.0009654428739468649
2023-12-01,1,6,-0.00332428438816954
2023-12-01,1,5,-0.001325220028532836
2023-12-01,1,38,-0.003549028869194259
2023-12-01,1,34,0.0004673345812939104
2023-12-01,1,6,-0.0010523875528517298
2023-12-01,1,219,-0.0009231435326096711
2023-12-01,1,7,-0.0021494364594561773
2023-12-01,1,35,-0.002121533046913959
2023-12-04,-1,6,-0.006961714175149325
2023-12-04,1,7,-0.003367371923106299
2023-12-04,-1,22,-0.0005757724054505693
2023-12-04,-1,5,0.004121403738582408
2023-12-04,1,5,-0.007568898486307906
2023-12-04,-1,5,0.022285706210089542
2023-12-04,1,5,-0.003435186010802371
2023-12-04,1,5,0.0016569056243264327
2023-12-04,-1,5,0.002180339844170676
2023-12-04,-1,7,-0.0007769396009347003
2023-12-04,-1,5,-0.0011364476710752133
2023-12-04,-1,8,-0.002016163776077917
2023-12-04,-1,9,-0.0027247638106179025
2023-12-04,-1,5,0.0021387275985661706
2023-12-04,-1,45,-0.0026116251149027377
2023-12-04,-1,5,-0.00902782301515157
2023-12-04,-1,5,0.010046079136690667
2023-12-07,1,71,-0.001785774570177678
2023-12-07,1,5,-0.0011183423468299255
2023-12-07,1,6,0.0013626866438126942
2023-12-07,-1,8,-0.0030218027906526498
2023-12-07,-1,16,-0.0034113260491131833
2023-12-07,-1,67,-0.0004606900074582749
2023-12-07,1,8,-0.000571896493511614
2023-12-07,1,6,-0.009584733481399299
2023-12-07,1,5,0.004959137328283481
2023-12-07,1,5,-0.0005282136389853416
2023-12-07,1,5,-0.0018068484990722885
2023-12-07,1,5,-0.0018776974286594857
2023-12-07,1,20,0.0012211951946176306
2023-12-07,1,5,0.013545716813336295
2023-12-07,1,6,0.011630968221058602
2023-12-07,-1,7,-0.007758105284208261
2023-12-07,1,7,0.001434603684780678
2023-12-07,1,5,0.0026644860533310503
2023-12-07,1,5,-0.0030224224364104654
2023-12-07,1,5,0.0019382005897809144
2023-12-07,-1,5,-0.015223848535137563
2023-12-07,1,5,-0.004277731475786672
2023-12-10,1,192,0.0007117938280189143
2023-12-10,1,5,0.0025732726183930413
2023-12-10,1,18,-0.001671878926595571
2023-12-10,1,28,-0.004656345290523922
2023-12-10,1,5,-0.0040872647241298795
2023-12-10,1,5,0.0010058269979921434
2023-12-10,1,27,-0.0008525287774404417
2023-12-10,1,13,0.0018177308360886272
2023-12-10,1,31,-0.001100741255733428
2023-12-10,1,9,-0.0023702565659146965
2023-12-10,1,8,0.0020502870245217245
2023-12-10,-1,35,-0.005106338013557954
2023-12-10,1,5,-0.0023660233395463633
2023-12-13,1,5,-0.002512161809812374
2023-12-13,1,87,0.004587731676084861
2023-12-13,-1,12,-0.0007226102019755927
2023-12-13,-1,5,-0.0023665972557958877
2023-12-13,1,5,0.00581525516127992
2023-12-13,-1,5,-0.0034673961577805553
2023-12-13,-1,59,0.0028744168096054516
2023-12-13,-1,7,-0.0016500764481169657
2023-12-13,-1,6,-0.006866920029313306
2023-12-13,-1,9,-9.206916218760196e-05
2023-12-13,-1,5,-0.007568485386902779
2023-12-13,-1,5,-5.2008423932802905e-05
2023-12-13,-1,5,0.008114880451428408
2023-12-13,-1,5,0.0009003023083559384
2023-12-13,-1,24,-0.0008523380256272079
2023-12-13,-1,6,-0.008842580214867812
2023-12-13,-1,5,-0.010640497220866107
2023-12-13,-1,5,0.0014046773335342436
2023-12-13,-1,5,-0.00765480368255309
2023-12-13,-1,6,0.005701245938208111
2023-12-16,1,5,-4.093139675851408e-05
2023-12-16,-1,50,-0.005126477736328771
2023-12-16,-1,52,-0.0022813605010226553
2023-12-16,-1,23,-0.0018873265324267138
2023-12-16,-1,9,-0.0022375028312569874
2023-12-16,1,237,-9.748824198116911e-05
2023-12-16,1,97,-0.002993195659822012
2023-12-16,1,5,0.000772452729218687
2023-12-16,-1,5,-0.0026986431837351162
2023-12-16,-1,8,0.006325189848209978
2023-12-16,1,5,0.001057379062820463
2023-12-16,1,10,0.0034067340751836824
2023-12-16,-1,7,0.004139446016697379
2023-12-16,1,15,-0.0029489117588252563
2023-12-16,1,14,-0.0016344795527452934
2023-12-16,1,5,-0.0027524831355610676
2023-12-16,1,5,-0.0035606421727521816
2023-12-16,1,16,0.002387307967835062
2023-12-16,1,5,-0.0012300686761035125
2023-12-16,1,6,-0.0010245864958920766
2023-12-16,1,5,-0.004008146564237735
2023-12-16,1,5,-0.0002940898990170022
2023-12-16,1,5,-0.004419501952469962
2023-12-16,1,6,-0.0025622618722004106
2023-12-16,1,6,-0.0010152023589840905
2023-12-19,-1,74,-0.0016296072171605221
2023-12-19,-1,5,0.003894177181691517
2023-12-19,1,5,-0.0024377012691967122
2023-12-19,1,10,-0.00019573399714243277
2023-12-19,1,9,0.00063786097332077
2023-12-19,1,5,-0.003086116921594195
2023-12-19,-1,270,-0.002486338165796109
2023-12-19,-1,5,0.001986992316598846
2023-12-19,1,10,-0.0007700813852234751
2023-12-19,1,291,-0.0023924040034689394
2023-12-19,1,6,-0.002364146737644823
2023-12-19,1,5,-0.008299406046352908
2023-12-19,1,73,-0.009793293881540465
2023-12-19,1,105,0.0035018235723408794
2023-12-19,1,5,-0.012845394638187546
2023-12-19,1,5,-0.003090660660313138
2023-12-19,-1,5,0.0006115470496266488
2023-12-19,-1,5,-0.009685462732097338
2023-12-19,1,25,0.00222108535416834
2023-12-19,-1,5,0.002544418059588849
2023-12-19,1,5,-0.0004961761743892175
2023-12-22,-1,5,-0.0022333812412192785
2023-12-22,-1,5,-9.948962596781862e-05
2023-12-22,1,35,-0.0027995609485983227
2023-12-22,1,5,-0.00015564983687208443
2023-12-22,1,5,0.0010797300743698116
2023-12-22,-1,5,-0.004587527472040031
2023-12-22,-1,5,-0.0003935361520852383
2023-12-22,-1,5,0.0017862322829257597
2023-12-22,-1,8,-0.006610315629273477
2023-12-22,1,5,0.014852564862285613
2023-12-22,-1,5,0.001551442199481912
2023-12-22,-1,9,-0.0027125414662699573
2023-12-22,1,5,0.011530552565121832
2023-12-22,-1,5,-0.0007125319365496092
2023-12-22,1,5,-0.004655168233974693
2023-12-22,1,5,0.0021724519111966604
2023-12-22,-1,5,0.004037706882950487
2023-12-22,1,5,-0.005103646878713652
2023-12-22,1,5,0.0006744678129514629
2023-12-22,-1,5,0.0045648811778888024
2023-12-22,-1,6,-0.008043810736169865
2023-12-22,-1,7,0.001982624201827621
2023-12-22,-1,20,0.007339120421991608
2023-12-22,1,5,0.005361896062801597
2023-12-22,-1,6,-0.0006928059252898406
2023-12-22,-1,6,-0.006255343642611688
2023-12-22,-1,39,0.004429235335344695
2023-12-22,-1,98,0.004051499767957512
2023-12-22,1,5,0.0015511918687650898
2023-12-22,-1,85,-0.0003154922559212898
2023-12-22,-1,156,0.0007232087434946525
2023-12-22,1,5,0.0013325143415031885
2023-12-22,1,52,0.003996665823594947
2023-12-22,-1,5,-0.002494659726972692
2023-12-25,-1,5,-0.002665308555399681
2023-12-25,-1,17,-0.001822765124492953
2023-12-25,-1,5,0.00024596141234491976
2023-12-25,-1,10,0.0030318573877451634
2023-12-25,-1,159,-8.714364059134682e-05
2023-12-25,-1,9,-0.004277078678095325
2023-12-25,-1,5,0.0018312599662174914
2023-12-25,-1,6,-0.002873490157013636
2023-12-25,-1,5,-0.007846888254736317
2023-12-25,1,6,0.001716201438156562
2023-12-25,1,5,-0.0009216115045716839
2023-12-25,1,6,-0.004069332109819834
2023-12-25,1,29,-0.0037623040840182084
2023-12-25,1,5,0.0008652660956257833
2023-12-25,1,9,-0.0002456147235497581
2023-12-25,1,7,-0.002876922052973607
2023-12-25,1,10,-0.0007754238349483073
2023-12-25,1,6,-0.00013396411121644424
2023-12-25,1,11,-0.005829872766553423
2023-12-25,1,10,0.0019191223423042029
2023-12-25,1,7,-0.0020735997569696126
2023-12-25,1,188,0.0015918787594356946
2023-12-25,1,11,0.0037699423571006204
2023-12-25,-1,6,0.00130302734050638
2023-12-28,-1,6,-0.019448410370085687
2023-12-28,1,5,-0.006960364674416275
2023-12-28,1,5,-0.0015439778922372357
2023-12-28,1,8,-0.004210486219666109
2023-12-28,1,6,-0.0016177235285464771
2023-12-28,1,6,0.0020419194312794268
2023-12-28,1,230,-0.0026903861517975965
2023-12-28,1,5,-0.004902187485608866
2023-12-28,1,6,-0.00032169039055971415
2023-12-28,1,5,-0.00623966382484018
2023-12-28,1,8,0.0022787226024211463
2023-12-28,1,5,0.0011948109513199249
2023-12-28,1,6,-0.0020611679148799574
2023-12-28,1,11,-0.003785079767303001
2023-12-28,1,5,-0.0002858775220907268
2023-12-28,1,5,0.0025170986142823096
2023-12-28,1,6,-0.008568698131110475
2023-12-28,1,5,0.0007151271105164895
2023-12-28,1,5,-0.008284347918328638
2023-12-28,1,9,0.0033852000956088543
2023-12-28,1,6,0.0013136418199747538
2023-12-31,-1,10,-0.002639375665584342
2023-12-31,-1,13,-0.0005192557142607907
2023-12-31,-1,65,0.002821849398375398
2023-12-31,-1,24,-0.0019513204792015234
2023-12-31,-1,180,-0.003776101043562496
2023-12-31,-1,5,-0.000996197910999896
2023-12-31,-1,120,0.00042746029534692677
2023-12-31,-1,8,-0.00674420423594011
2023-12-31,-1,5,-0.003315327865300066
2023-12-31,-1,8,0.0020777715193840644
2023-12-31,-1,211,-0.005450846073775306
2023-12-31,-1,5,-0.0010013390404451702
2023-12-31,-1,5,0.001587614727394238
2023-12-31,-1,13,-0.0036663402039554868
2023-12-31,-1,5,0.005909620627733059
2023-12-31,-1,5,-0.0010269488504801357
2023-12-31,-1,39,0.00039983542217805236
2023-12-31,-1,5,-0.0015522116570277685
2023-12-31,-1,6,-0.002098781272647487
2023-12-31,-1,5,0.00022626921559201242
2023-12-31,-1,7,-0.002685354972039899
2023-12-31,-1,5,-0.0019027005414825379
2023-12-31,1,6,-0.0004436905202157333
2023-12-31,-1,9,0.0004468661407082356
2023-12-31,-1,5,-0.00046472494485303394
2024-01-03,1,70,-0.002776511935441683
2024-01-03,-1,10,-0.003989554559831276
2024-01-03,-1,11,0.001410141318977121
2024-01-03,1,7,-0.002107544272018069
2024-01-03,-1,246,-0.0020978731898996014
2024-01-03,-1,5,-0.002550991786430456
2024-01-03,-1,57,0.000633210399032769
2024-01-03,-1,5,-0.0016264970329343594
2024-01-03,-1,9,0.0020939277902111367
2024-01-03,1,5,0.0021389866022087037
2024-01-03,1,5,-0.0008863545923945888
2024-01-03,1,9,-0.011917411430021762
2024-01-03,1,186,-0.07727674136161476
2024-01-03,-1,5,-0.0360262776375758
2024-01-03,1,5,-3.691640226364211e-05
2024-01-03,1,6,-0.003707710066218039
2024-01-03,1,5,-0.0019468734186431687
2024-01-03,1,5,0.008159235677783228
2024-01-03,-1,8,0.00018838894756625403
2024-01-03,-1,5,0.0015689644546365237
2024-01-03,1,6,-0.0019598670885216714
2024-01-03,-1,8,0.000522861758361937
2024-01-03,1,7,-0.0004287539372046285
2024-01-06,-1,47,0.0015799602546524797
2024-01-06,1,5,0.00024373733340423732
2024-01-06,1,11,-0.0024034308042738314
2024-01-06,1,15,-2.7127002714654835e-05
2024-01-06,1,17,-0.0022437402077204235
2024-01-06,1,41,-0.0015091229421926085
2024-01-06,1,167,-0.0019535456992949337
2024-01-06,1,5,-0.003564406451383428
2024-01-06,1,8,-0.005957788346171533
2024-01-06,1,5,-0.00441966965285554
2024-01-06,1,6,-0.004974322823618293
2024-01-06,1,7,0.004428657445407458
2024-01-06,1,113,0.00037711358379546346
2024-01-06,1,5,0.00023532634032621437
2024-01-06,1,5,0.0008839799758094905
2024-01-06,1,6,0.00017648831874086425
2024-01-06,1,5,0.0007816233475240967
2024-01-06,1,5,0.001131715300656833
2024-01-06,-1,107,0.00114037892997001
2024-01-06,-1,99,-0.002081806422836818
2024-01-06,-1,41,-0.002392614838312967
2024-01-06,-1,29,-0.001105
2024-01-06,-1,25,-0.0006064178430089435
2024-01-06,-1,22,-0.0025382259155733774
2024-01-06,-1,7,0.0010234348227933458
2024-01-06,-1,16,-0.003238734837787227
2024-01-06,-1,5,0.0022376679112770196
2024-01-06,-1,5,-0.002215308478476263
2024-01-06,-1,6,-7.068942149932543e-05
2024-01-06,1,7,-0.0019422097187961947
2024-01-06,1,6,0.0020905182072829213
2024-01-09,1,8,-0.0034865080867541916
2024-01-09,1,6,0.004148650786742003
2024-01-09,1,11,-0.004453670534308762
2024-01-09,1,12,-0.0008129197345992707
2024-01-09,1,10,0.002699706303756289
2024-01-09,1,6,0.0022340949088623056
2024-01-09,1,38,0.0019164773411001427
2024-01-09,1,10,-0.0114405237390661
2024-01-09,1,10,-0.006657106586357075
2024-01-09,-1,5,-0.004903119111142473
2024-01-09,-1,5,0.0006993516716786944
2024-01-09,1,8,0.0009528778135047492
2024-01-09,1,5,0.03347374360815172
2024-01-09,1,5,-0.003475206546570608
2024-01-12,-1,5,0.004147697872600298
2024-01-12,1,5,-0.0019245648995360517
2024-01-12,1,5,-0.0004382845179416779
2024-01-12,1,153,-0.0018678881867920435
2024-01-12,1,7,0.001764633880939082
2024-01-12,-1,5,-0.00025499999999998256
2024-01-12,-1,5,0.002464672005164337
2024-01-12,1,5,-0.0008233457248353111
2024-01-12,-1,191,-0.0031034380024808957
2024-01-12,-1,12,-0.0018542039707810428
2024-01-12,-1,9,0.0024966843621762273
2024-01-12,-1,5,0.0008027069823614234
2024-01-12,1,16,0.0023663507377104324
2024-01-12,1,304,0.0087727717351477
2024-01-12,-1,5,-0.002901745978347225
2024-01-12,-1,14,-0.001612463142150666
2024-01-12,-1,18,-0.00516021804419573
2024-01-12,-1,5,-0.00604462053698449
2024-01-12,-1,5,0.0026147744863257664
2024-01-12,1,5,0.0025822683675355233
2024-01-12,-1,5,-0.01097970481175623
2024-01-12,-1,5,0.0023624991637863028
2024-01-12,-1,7,-0.002415371346546546
2024-01-12,-1,5,-0.0017497164924441307
2024-01-12,1,5,-0.01280792741492096
2024-01-12,1,5,0.014747487161451824
2024-01-12,-1,22,0.021899533794666717
2024-01-12,-1,5,0.015369809730232189
2024-01-12,-1,5,-0.008925386378139865
2024-01-12,-1,5,0.0062487578851817775
2024-01-12,-1,6,-0.005692792616352449
2024-01-12,-1,7,0.0045900318138907496
2024-01-12,1,11,0.0009030476370687438
2024-01-12,1,12,-0.006073627329768327
2024-01-12,1,5,-0.01408191524184963
2024-01-12,1,6,-0.005934754128788166
2024-01-12,1,37,-0.0037967686034659828
2024-01-12,-1,15,-0.005773601258283944
2024-01-12,-1,5,-0.004451621780069059
2024-01-15,1,20,0.005285730213548634
2024-01-15,-1,5,0.00038376224627003665
2024-01-15,1,5,0.0019961784478101045
2024-01-15,1,5,-0.0031073853115864743
2024-01-15,1,22,0.0029703642431781144
2024-01-15,1,5,-0.0014317492040469611
2024-01-15,-1,59,-0.0006122971673559792
2024-01-15,-1,5,-0.0006287320357676092
2024-01-15,-1,14,0.0003887884620733754
2024-01-15,-1,5,0.00014848848209649858
2024-01-15,-1,5,-0.0025637604478788486
2024-01-15,-1,132,-0.0024039006577159846
2024-01-15,-1,5,0.002309565143930459
2024-01-15,-1,126,-0.0011089341579327613
2024-01-15,-1,5,0.0017042094923776178
2024-01-15,-1,10,-0.0014996329913180336
2024-01-15,-1,13,-0.00652390974535475
2024-01-15,-1,45,0.002706250843891667
2024-01-15,1,8,0.0027133015141541875
2024-01-18,1,15,-0.00023037250820210308
2024-01-18,1,5,-0.004839919717049201
2024-01-18,1,5,0.0028062340658948862
2024-01-18,1,5,-0.002266307142038992
2024-01-18,1,5,-0.001571890351987992
2024-01-18,1,74,-0.0002861287764005289
2024-01-18,1,5,-0.003188751856272298
2024-01-18,1,5,0.0007081361316859883
2024-01-18,1,7,0.00038161845700059906
2024-01-18,1,6,-0.0004112945883093295
2024-01-18,1,101,-0.00020673624927600674
2024-01-18,1,5,-0.0013333464566928962
2024-01-18,1,5,0.0006826267876266726
2024-01-18,1,69,-0.0013570667504264385
2024-01-18,1,8,-0.008445570145195735
2024-01-18,1,5,-0.0022362262095188875
2024-01-18,1,5,0.001323457869634304
2024-01-18,1,14,-0.005247216085605832
2024-01-18,1,5,-0.0013242108409725391
2024-01-18,1,6,0.0016013006185830129
2024-01-18,1,7,-0.0008903283879352126
2024-01-18,1,12,0.0015427533852282686
2024-01-18,1,12,0.000772904512121109
2024-01-18,1,5,-0.008085051352952876
2024-01-18,1,6,-0.010824093521400324
2024-01-18,1,6,0.0022753745342440016
2024-01-18,1,5,-0.0067577957501872895
2024-01-18,1,7,-0.00752755837956407
2024-01-18,1,5,-0.0018355194805196092
2024-01-18,1,5,-0.0009954527547074484
2024-01-18,1,5,-0.0108509483136223
2024-01-18,1,193,-0.0030395682395427445
2024-01-18,1,5,0.0011589754593216654
2024-01-18,1,5,0.0007523884141324103
2024-01-18,1,6,0.0011190835312101747
2024-01-18,1,28,0.002263656879974452
2024-01-18,1,8,-0.001250760790347449
2024-01-21,-1,13,0.0005588935108153063
2024-01-21,-1,21,-0.0018736426175923523
2024-01-21,-1,25,-0.003785087315061641
2024-01-21,-1,6,0.0008261089967908312
2024-01-21,-1,81,-0.0003618208897955051
2024-01-21,-1,96,-0.0026405458663508515
2024-01-21,-1,51,3.283085861851599e-05
2024-01-21,-1,6,-0.0013312671973172204
2024-01-21,-1,26,-0.0014362435367115452
2024-01-21,-1,7,-0.0023811283235875887
2024-01-21,-1,26,-0.0014598687590482214
2024-01-21,-1,7,-0.00048817643975904667
2024-01-21,-1,10,0.0007752756661664421
2024-01-21,-1,7,-0.0013920670240853191
2024-01-21,-1,48,-0.00262352315545864
2024-01-21,-1,5,0.0002658792981096395
2024-01-21,-1,5,-0.0019368358941228344
2024-01-21,-1,60,0.0012595526919988668
2024-01-21,-1,7,-0.0011494448035943346
2024-01-21,-1,24,-0.0002969681635456074
2024-01-21,-1,74,-0.0026739826684028852
2024-01-21,-1,6,0.0001553361704364157
2024-01-21,-1,46,-0.001752346083353817
2024-01-21,-1,92,-0.0004622485386501558
2024-01-21,-1,15,-0.002372545174014062
2024-01-21,-1,74,0.0007682046769428522
2024-01-21,-1,231,0.0018672321341680845
2024-01-24,-1,10,0.00010866262856137378
2024-01-24,-1,20,-0.00030589285714286384
2024-01-24,1,5,-0.003943975461221471
2024-01-24,1,34,0.0005483678384011984
2024-01-24,1,5,-0.003770290646804097
2024-01-24,1,10,-0.00352179605751699
2024-01-24,1,5,-0.0019578957842579566
2024-01-24,1,13,0.0007060214883797492
2024-01-24,1,6,-0.003178005858494792
2024-01-24,1,8,0.0031976190443942184
2024-01-24,1,6,-0.0017702402955824589
2024-01-24,1,5,0.0011130331040315692
2024-01-24,-1,6,0.0031091219910276643
2024-01-24,1,5,-7.005840027605136e-05
2024-01-24,1,123,0.00010456361632629231
2024-01-24,1,5,-0.0007475299939675213
2024-01-24,1,11,-0.0024345329737516016
2024-01-24,1,5,-0.0004098221280464993
2024-01-24,1,5,0.00010462702422833238
2024-01-24,1,5,-0.004111901597583878
2024-01-24,1,5,-0.003679146614437556
2024-01-24,1,5,-0.003351221854840136
2024-01-24,1,5,0.005400814712596036
2024-01-24,1,19,-0.0010109822172078339
2024-01-24,1,5,0.002064721315591234
2024-01-24,1,10,-0.003511588146882438
2024-01-24,1,5,0.003215525634073036
2024-01-24,1,5,-0.0041802064271367675
2024-01-24,1,8,-0.0025012792737559627
2024-01-24,1,5,-0.005606737473377454
2024-01-24,1,19,-4.39609040957296e-05
2024-01-24,1,5,0.003374116289791252
2024-01-24,1,6,-0.007742248001155061
2024-01-24,1,181,0.005297095231166527
2024-01-24,1,5,0.00019796106951388594
2024-01-24,-1,144,-0.0005649192579290969
2024-01-24,-1,5,-0.006733805072228849
2024-01-27,-1,18,-0.004495324332198658
2024-01-27,-1,62,-0.003316961301671117
2024-01-27,-1,8,-0.0007579867300368854
2024-01-27,-1,15,0.0005303157873912893
2024-01-27,-1,82,-0.0015319572910662323
2024-01-27,-1,5,-0.0006565576775964028
2024-01-27,-1,256,-0.0005863072814787702
2024-01-27,-1,9,-0.0011357735593578774
2024-01-27,-1,120,0.0012390317345834182
2024-01-27,1,5,-0.003488364905943153
2024-01-27,1,19,-0.0010564185775359999
2024-01-27,1,210,-0.0009857989121796248
2024-01-27,1,5,-0.0031601032855133934
2024-01-27,1,22,-0.0012778723404255118
2024-01-27,1,23,-0.000945329984698295
2024-01-27,1,6,0.0025895539702040175
2024-01-27,-1,5,-0.0011711728700055431
2024-01-27,-1,7,-0.001201923131145621
2024-01-27,-1,7,-0.0010389212870370642
2024-01-27,-1,14,-0.0018052461871814526
2024-01-27,-1,12,0.000686467859218021
2024-01-27,-1,9,-0.002857995066948593
2024-01-27,-1,5,0.00048639066442748326
2024-01-27,-1,10,-0.00011479641414278107
2024-01-27,-1,5,-0.0009377015615989799
2024-01-27,-1,19,-0.00038742513889253826
2024-01-30,1,5,0.003185858605579429
2024-01-30,1,6,-0.00033640363831053354
2024-01-30,-1,5,0.002410944399018589
2024-01-30,1,5,-0.0013955413609477493
2024-01-30,1,5,-0.0019508255257132175
2024-01-30,1,61,-6.677237185068695e-05
2024-01-30,-1,5,0.0007117897325425119
2024-01-30,-1,6,0.0018362273568747426
2024-01-30,-1,5,-0.0016282839745363816
2024-01-30,1,5,-0.0034626233426341187
2024-01-30,1,5,-0.001738394648249075
2024-01-30,1,14,-0.0018954142726234965
2024-01-30,1,283,0.0032483284914696328
2024-01-30,-1,15,-0.0014507711336596337
2024-01-30,-1,5,-0.009177020694424476
2024-01-30,-1,5,-0.006838910959223154
2024-01-30,-1,5,0.0035252142526413185
2024-01-30,-1,87,0.00025701291171356146
2024-01-30,-1,9,-0.0017581816266330815
2024-01-30,-1,7,-0.00033429195936727173
2024-01-30,-1,18,-0.003668972808393711
2024-01-30,-1,10,-0.00020484184137012872
2024-01-30,-1,5,-0.0003597399800419949
2024-01-30,-1,5,-0.003007380922317981
2024-01-30,1,7,-0.004076761938684647
2024-01-30,1,5,-0.010184309820357318
2024-02-02,-1,12,-0.003260892266116233
2024-02-02,-1,5,0.002286514732567158
2024-02-02,1,5,-0.011411424756179267
2024-02-02,1,17,-0.00368083430836672
2024-02-02,-1,7,-0.004232219806302817
2024-02-02,1,14,-0.0009315311875240701
2024-02-02,1,5,-0.005287045028713444
2024-02-02,-1,8,-0.0011266744839303119
2024-02-02,-1,12,2.590311929930912e-05
2024-02-05,1,7,-0.0033768517999720245
2024-02-05,1,5,-0.0020396163465715485
2024-02-05,1,8,0.000744013347153372
2024-02-05,1,52,-0.0002845798746996304
2024-02-05,1,31,0.000354764421201104
2024-02-05,1,5,2.0901906558017493e-06
2024-02-05,-1,6,-0.003743061461590846
2024-02-05,-1,7,-0.0005735716774840411
2024-02-05,-1,39,0.00028119472112655454
2024-02-05,-1,287,-0.0018465226513360907
2024-02-05,-1,22,-0.0018977796072693117
2024-02-05,-1,16,-0.003393867228295022
2024-02-05,-1,21,-0.004243347744556569
2024-02-05,-1,5,-0.001862018644287788
2024-02-05,-1,7,-0.004709366729188291
2024-02-05,-1,62,6.204706946302309e-05
2024-02-05,-1,26,-0.0047742105376621154
2024-02-05,-1,5,-0.001105
2024-02-05,-1,8,-0.00023205818608726901
2024-02-05,-1,37,-0.0026319605312961954
2024-02-05,-1,8,-0.0018006073682853337
2024-02-05,-1,5,0.001645600755235255
2024-02-05,-1,127,-0.0016905632817375334
2024-02-05,-1,5,-0.0053404642654225395
2024-02-05,-1,5,-0.00012279969976411963
2024-02-05,-1,10,0.0005236295018284046
2024-02-05,-1,26,0.0057487058628656
2024-02-05,1,5,-0.005573847972563417
2024-02-05,1,5,-0.0024957057397032353
2024-02-05,1,91,0.0022925628265630053
2024-02-05,1,15,0.0010496564519991928
2024-02-05,-1,6,-0.00027383523790467333
2024-02-05,-1,70,-0.004570480160561363
2024-02-05,-1,5,-0.0003328997137155061
2024-02-05,1,7,-0.0048892704839951
2024-02-05,1,5,0.00016137554585151682
2024-02-05,1,6,0.0011144067019092322
2024-02-05,1,101,0.0009151931864394228
2024-02-05,1,8,0.0013703990815655768
2024-02-05,-1,87,-0.0032261170926322965
2024-02-08,1,50,0.0015555618116568585
2024-02-08,-1,5,-0.0027019719113577697
2024-02-08,1,98,-0.0014182522174958963
2024-02-08,1,183,-0.0015091287108706993
2024-02-08,1,7,-0.0020702907835354663
2024-02-08,1,52,-0.0015179245380406488
2024-02-08,1,8,-0.0009232381493339043
2024-02-08,1,18,-0.00011361677255181623
2024-02-08,1,11,-0.00022556878143040703
2024-02-08,1,5,-0.0032113826279081877
2024-02-08,1,5,-0.00010545021044237001
2024-02-08,1,12,0.0004260902105145629
2024-02-08,1,58,0.000861592712865145
2024-02-08,1,50,-0.001839693203675252
2024-02-08,1,40,0.00028286199034290894
2024-02-08,1,32,-0.0026904272809097126
2024-02-08,1,90,-0.0006626282257998546
2024-02-08,1,123,-6.326443547863779e-05
2024-02-08,1,6,0.007264616805266045
2024-02-08,-1,5,0.004408469900040202
2024-02-08,1,7,-0.002772957102614248
2024-02-08,1,5,0.0009536233214381355
2024-02-11,-1,5,-0.001916337948234403
2024-02-11,-1,10,-0.001424337056271074
2024-02-11,-1,77,-0.0018509709589914266
2024-02-11,-1,6,-0.0009256456755680538
2024-02-11,-1,18,-0.0004990481173633205
2024-02-11,-1,9,-0.00448745664359893
2024-02-11,-1,5,-0.004160567680824156
2024-02-11,1,72,0.0002629836317783688
2024-02-11,1,7,-0.00341853318041605
2024-02-11,1,43,0.0038895495986523095
2024-02-11,1,167,-0.0022515622899616835
2024-02-11,1,10,-0.0015408161648176929
2024-02-11,1,72,-0.002322321654447101
2024-02-11,1,5,-0.0016707122596220977
2024-02-11,1,5,0.0004402186065081363
2024-02-11,1,6,0.001759802879986028
2024-02-11,-1,7,0.0012382690589193505
2024-02-11,1,5,-7.777247509874695e-05
2024-02-11,1,38,-0.0020213518791215353
2024-02-11,1,5,-0.0003764929590995609
2024-02-11,1,5,-0.0010570276320839064
2024-02-14,-1,5,0.0019471294589406222
2024-02-14,1,5,0.0014875897684206944
2024-02-14,-1,5,-0.011321910005896418
2024-02-14,-1,5,-0.006989442296214099
2024-02-14,-1,15,-0.0004936707591761453
2024-02-14,1,5,-0.005465502149312606
2024-02-14,1,12,0.005416182878239662
2024-02-14,-1,5,-0.004666091005256367
2024-02-14,-1,12,0.002129773818549419
2024-02-14,1,5,0.0024546793370826773
2024-02-14,1,263,0.0017770020794193545
2024-02-14,1,13,-0.00010565650302738437
2024-02-14,1,13,-0.0011560492442887812
2024-02-14,1,5,0.0015502809776694274
2024-02-14,-1,5,0.0016489501745742489
2024-02-14,-1,5,-0.003368625282953319
2024-02-14,-1,14,0.0008892813710233097
2024-02-14,-1,5,-0.00010608577632995563
2024-02-14,-1,5,-0.00261913067889572
2024-02-14,-1,5,-0.004565270168638591
2024-02-17,1,6,-0.003496768002100503
2024-02-17,1,5,0.001581298792970776
2024-02-17,1,14,-0.00044246457775973756
2024-02-17,1,60,-0.009294394157847807
2024-02-17,1,29,-0.0014320693496044697
2024-02-17,-1,5,0.0019840138077824813
2024-02-17,1,5,0.006076892571161308
2024-02-17,-1,18,-0.004021003112342525
2024-02-17,-1,5,-0.0019331947885209196
2024-02-17,-1,8,-0.0016074362737300337
2024-02-17,-1,7,-0.00159960447887828
2024-02-17,-1,5,-0.002072058662211473
2024-02-17,-1,51,-0.000752054162780102
2024-02-17,-1,5,-0.0017711529487170804
2024-02-17,-1,5,0.000843026369974598
2024-02-20,1,23,0.00011578177508466715
2024-02-20,1,17,-0.006433265891646145
2024-02-20,1,6,-0.00671426653557936
2024-02-20,1,7,0.0027152362785273446
2024-02-20,1,57,-0.00196064572160024
2024-02-20,1,14,-0.0007213989450970177
2024-02-20,1,271,-0.0009337577401501202
2024-02-20,1,5,-0.0008480081072375962
2024-02-20,1,17,0.0012633281522584031
2024-02-20,1,8,0.001159006402144858
2024-02-20,-1,10,0.0006863503369444416
2024-02-20,-1,6,-0.0016705896612937195
2024-02-20,-1,5,2.2603110958164152e-05
2024-02-20,-1,23,0.0018874489287578292
2024-02-20,1,5,-0.00036136289490715744
2024-02-20,1,5,-0.007824941881583647
2024-02-20,1,6,-0.009044897900835602
2024-02-20,1,9,0.007356362549635254
2024-02-20,1,26,0.0014741695142851622
2024-02-20,1,5,-0.0027010469761886476
2024-02-20,-1,5,-0.002002916425748546
2024-02-20,1,10,0.011518595390769404
2024-02-20,-1,6,-0.011325327320317857
2024-02-20,-1,7,0.012070090012001567
2024-02-20,1,5,-0.008041604318595552
2024-02-20,1,5,-0.003782074476621799
2024-02-20,1,35,-0.00020523640176670587
2024-02-20,-1,5,-2.762387260277731e-05
2024-02-20,1,14,-0.0040563085505682436
2024-02-20,1,5,-0.0030150162488792095
2024-02-20,-1,50,-0.0013106689210265806
2024-02-20,-1,14,-0.005543625294337362
2024-02-20,-1,5,-0.0082602752684505
2024-02-20,-1,5,-0.010307733793019613
2024-02-20,-1,6,0.0022443143795888524
2024-02-20,-1,33,-0.002578700502336639
2024-02-20,-1,34,-0.004690792346060934
2024-02-20,-1,10,-0.000747468106150317
2024-02-20,-1,10,-0.001158490238031584
2024-02-20,-1,9,-0.009962129487890747
2024-02-20,1,10,-0.0032234547196854143
2024-02-23,1,5,0.004196328023035179
2024-02-23,1,11,0.0009142549183759566
2024-02-23,1,5,-0.0016504953130908936
2024-02-23,1,5,-0.0009407027896995763
2024-02-23,1,10,-0.0116115451710884
2024-02-23,1,98,0.00289038915090325
2024-02-23,1,5,-0.0012878617869660266
2024-02-23,1,9,-0.0008106445200822594
2024-02-23,1,29,-0.0005431147735196258
2024-02-23,1,15,-0.0009259501802322041
2024-02-23,1,35,-0.01001896656335064
2024-02-23,1,14,-0.0019546985269625946
2024-02-23,1,5,-0.00843423891282955
2024-02-23,1,6,0.0026216231324148968
2024-02-23,1,8,-0.0037797691439719113
2024-02-23,1,7,-0.0011766496129214984
2024-02-23,1,14,0.0017054162758575412
2024-02-23,1,6,4.623400023153802e-05
2024-02-23,-1,5,0.002278791604410713
2024-02-23,1,5,-0.001732301240965439
2024-02-23,1,7,-0.003165978913545286
2024-02-23,1,5,0.00889616892314673
2024-02-23,1,5,0.0014693707093821565
2024-02-23,1,10,-0.00012352575096361517
2024-02-23,-1,13,-0.0003763272350766118
2024-02-23,-1,11,0.00018404447881905685
2024-02-23,1,5,0.003316122080784157
2024-02-23,1,18,-0.003654396676643001
2024-02-23,1,6,-0.0025245910355204734
2024-02-23,1,21,-0.0063528193875492574
2024-02-23,1,5,0.00594548435555633
2024-02-26,1,5,0.005679574493728046
2024-02-26,1,5,-0.000963541823395841
2024-02-26,1,102,-0.0023088342442559636
2024-02-26,1,5,-0.0016665348619560923
2024-02-26,1,5,0.0008555756611300595
2024-02-26,1,5,0.0008452540165563519
2024-02-26,1,5,-0.001021374513524664
2024-02-26,1,14,-0.002467095828581489
2024-02-26,1,39,-0.005286946857106045
2024-02-26,1,10,0.0030396653207020127
2024-02-26,1,7,-0.014624976217250096
2024-02-26,1,6,0.001426362963303474
2024-02-26,1,6,0.00038490880843236076
2024-02-26,1,23,-0.005259114372254436
2024-02-26,1,5,0.006483011730513822
2024-02-26,1,6,0.0016486794573554956
2024-02-26,1,6,0.0007502331268339994
2024-02-26,1,10,0.0077815791866961085
2024-02-26,-1,8,-0.006950090606955594
2024-02-26,-1,57,-0.009825753278292026
2024-02-26,-1,5,-0.006172755413284303
2024-02-26,-1,5,0.0005293543825085848
2024-02-26,-1,5,-0.004377267926061501
2024-02-26,-1,5,0.001442847306403228
2024-02-26,1,5,-0.005239291438968374
2024-02-26,1,5,-0.0020700050320395565
2024-02-26,-1,5,-0.005237596685082923
2024-02-26,-1,5,0.0005251200876109866
2024-02-26,-1,5,-0.0022075462221301297
2024-02-26,1,7,-0.0008037337402520879
2024-02-26,1,8,-0.0014384864434614283
2024-02-29,1,5,0.011624677388880978
2024-02-29,1,5,0.0034558738226243787
2024-02-29,1,5,-0.008304976821000154
2024-02-29,1,5,-0.0055894881060404075
2024-02-29,1,6,-0.0051674450823032455
2024-02-29,1,15,0.004089102370287057
2024-02-29,1,5,-0.002392788545120905
2024-02-29,1,20,0.0056315885187142815
2024-02-29,-1,5,-0.006870705330241344
2024-02-29,-1,5,-0.002133607979347118
2024-02-29,-1,8,0.0036637828140404735
2024-02-29,-1,5,0.005350992415497769
2024-02-29,1,5,0.006623710718395204
2024-02-29,1,5,0.0007794021712469682
2024-02-29,-1,7,-0.00863806448612312
2024-02-29,1,5,0.004982488881958203
2024-02-29,-1,5,0.0077697157831513545
2024-02-29,-1,6,0.004799618583465915
2024-02-29,1,38,-0.012167291788153655
2024-02-29,1,5,0.007634833822951626
2024-02-29,1,5,-0.010958495992366956
2024-02-29,1,60,-0.0012413177032244201
2024-02-29,-1,5,0.015186568693315496
2024-02-29,1,5,0.005597493447786839
2024-02-29,-1,5,0.011253974053015559
2024-02-29,1,109,0.009978524107043052
2024-02-29,-1,16,-0.004691362847793456
2024-03-03,1,6,0.001405726853962808
2024-03-03,-1,5,-0.002109963646532353
2024-03-03,-1,27,0.0003738205532768605
2024-03-03,1,121,-0.005091024166545366
2024-03-03,1,142,9.805241620344275e-05
2024-03-03,1,13,0.00042661694989423217
2024-03-03,1,5,0.0015310323780505456
2024-03-03,1,37,-0.002195778281908067
2024-03-03,-1,259,0.0022421807332445812
2024-03-03,1,5,-0.005504352779114074
2024-03-03,1,14,0.00018165425929463942
2024-03-03,1,12,-0.0012455646011479745
2024-03-03,1,8,-0.006213721442862341
2024-03-03,-1,198,-0.001967316757689108
2024-03-03,-1,5,0.0014077838243573785
2024-03-03,-1,18,-0.001360452591522598
2024-03-03,-1,5,-0.0031676614208858474
2024-03-03,-1,8,-0.006541455923361727
2024-03-03,-1,68,-0.002467889792304811
2024-03-03,-1,5,0.0017108197875335355
2024-03-03,-1,10,-0.0010058630744110616
2024-03-03,-1,13,-0.010244554981362874
2024-03-03,-1,5,-0.0003361767890256213
2024-03-03,-1,6,-0.00024096212057931287
2024-03-03,-1,7,-0.0023227491263660745
2024-03-03,-1,6,-0.001522848168384305
2024-03-03,-1,15,-0.0006530310563118475
2024-03-03,-1,110,-0.0002519273533709616
2024-03-03,-1,270,-0.0002582648265056826
2024-03-03,-1,14,-0.0011165268792415525
2024-03-03,-1,5,-0.0036839014168111636
2024-03-03,-1,5,-0.004241039736584273
2024-03-03,-1,8,0.003105116308043133
2024-03-03,-1,5,-0.004811466300531952
2024-03-06,-1,68,-0.009699555563984363
2024-03-06,-1,5,0.010778013491996941
2024-03-06,1,5,0.0005715978657362623
2024-03-06,-1,5,-9.990677478008924e-05
2024-03-06,-1,6,0.006968886236228955
2024-03-06,-1,20,-0.006690515632925864
2024-03-06,-1,5,-0.00553451658532742
2024-03-06,-1,29,-0.020219038486374828
2024-03-06,-1,5,-0.02149148929764064
2024-03-06,1,5,0.004578864067363542
2024-03-06,1,5,-0.001737082712537896
2024-03-06,1,16,-0.006939516244577315
2024-03-06,1,5,0.0005405777096113788
2024-03-06,-1,6,-0.021047408043782665
2024-03-06,-1,5,0.0021244605787567265
2024-03-06,1,5,-0.004668652312849497
2024-03-06,-1,5,-0.00032408222832178656
2024-03-06,-1,5,0.005020574272587975
2024-03-06,1,5,0.003884618120524453
2024-03-06,-1,5,-0.003169117628708395
2024-03-06,1,5,-0.015605738030394311
2024-03-06,1,5,0.0016791186483170687
2024-03-06,-1,26,0.005560807015281633
2024-03-06,-1,5,0.004890934693493132
2024-03-06,-1,5,-0.011924678994384852
2024-03-06,-1,5,0.003541320238687274
2024-03-06,-1,5,-0.00585973984891539
2024-03-06,-1,39,-0.000549266379925339
2024-03-06,-1,5,-0.005617787092135762
2024-03-06,1,50,-0.0028848563066154794
2024-03-06,1,5,0.001714277992338831
2024-03-09,1,10,0.004368503093495147
2024-03-09,1,65,0.0009232115047494108
2024-03-09,-1,5,-0.001105
2024-03-09,1,5,-0.0011964831709083464
2024-03-09,1,26,-0.0009067627863002854
2024-03-09,1,5,-0.0009259164472893206
2024-03-09,1,160,0.0013946865797277667
2024-03-09,-1,5,-0.0006079250946354526
2024-03-09,1,90,0.00044372741119738136
2024-03-09,1,5,-0.004496567190942246
2024-03-09,1,5,-0.0029998061230260605
2024-03-09,1,5,0.002323468394209627
2024-03-09,1,134,0.0008856519191892346
2024-03-09,1,48,-0.0002692644627249936
2024-03-09,1,41,-0.0005625612364520189
2024-03-09,1,13,0.0023174912444908994
2024-03-12,-1,6,-0.0026774697587817805
2024-03-12,1,6,-0.0009993361731511548
2024-03-12,1,12,-0.0022090138790315846
2024-03-12,1,5,-0.002730879655254181
2024-03-12,1,5,0.002655162601625927
2024-03-12,1,15,-4.547604312374841e-05
2024-03-12,1,10,-0.0006470463350093154
2024-03-12,1,5,-0.0070198596922985464
2024-03-12,1,5,0.0030881283581195803
2024-03-12,1,6,-0.0086006817814672
2024-03-12,1,5,-0.006233064155781265
2024-03-12,1,6,0.004430069244845703
2024-03-12,-1,5,-0.00033576350444295365
2024-03-12,1,302,0.00901270962951064
2024-03-12,1,5,-0.0014469383662335297
2024-03-12,1,25,-0.0038532187701846073
2024-03-12,1,5,-0.0019203832301180942
2024-03-12,1,5,-0.015430175210804453
2024-03-12,1,5,-0.008788849884308591
2024-03-12,1,5,0.00865290513833985
2024-03-12,-1,6,-0.006359038628140334
2024-03-12,-1,9,-0.0032168606524366258
2024-03-12,-1,5,0.008406853968765083
2024-03-15,-1,5,-0.00831498139027973
2024-03-15,-1,8,0.0034781942749560154
2024-03-15,1,5,-0.027499727309212883
2024-03-15,-1,69,0.01684610450897819
2024-03-15,-1,5,-0.008538178735518187
2024-03-15,-1,283,0.01270162126300336
2024-03-15,-1,70,-0.013091413399049045
2024-03-15,-1,5,0.005119049598148262
2024-03-15,-1,15,-0.015680633266994183
2024-03-15,-1,12,-0.0002693550716705624
2024-03-15,-1,10,-0.002876840262605462
2024-03-15,1,5,-0.01318374559345945
2024-03-15,1,5,0.010179920192231151
2024-03-15,-1,6,-0.002972297060364148
2024-03-15,-1,8,0.004016739389233326
2024-03-15,1,5,0.013497858385017958
2024-03-15,-1,5,-0.002709715102182075
2024-03-15,1,9,-0.0007969401823498585
2024-03-15,-1,5,0.0041077344654053775
2024-03-15,-1,5,-0.0001590154483857904
2024-03-15,-1,6,-0.0016323552060183207
2024-03-15,-1,5,0.004625966825382766
2024-03-15,1,8,0.008735135230406277
2024-03-15,-1,6,-0.002572466643562565
2024-03-15,-1,5,-0.004174453809845024
2024-03-15,-1,85,-0.020016809572065506
2024-03-15,-1,5,0.012519042675696835
2024-03-15,-1,5,0.0038213759362557783
2024-03-15,-1,5,0.007482250061376506
2024-03-15,-1,5,-0.004360897020236098
2024-03-15,-1,55,-0.006547832463155467
2024-03-15,-1,5,-0.0019763671478248753
2024-03-15,-1,31,-0.01214506136087321
2024-03-15,-1,7,-0.0054338881493668275
2024-03-18,1,5,-0.005453424005720997
2024-03-18,1,6,-0.011624860364185285
2024-03-18,1,7,0.008936817518453122
2024-03-18,-1,5,-0.004519773976472274
2024-03-18,1,5,0.00930966196974894
2024-03-18,-1,5,-0.001449812366902536
2024-03-18,-1,5,-0.0037503276899676138
2024-03-18,1,5,-0.00941196750013149
2024-03-18,1,5,-0.003386662258062811
2024-03-18,1,10,0.005808924171494612
2024-03-18,1,7,-0.003702656249999969
2024-03-18,1,6,0.0010125478065242891
2024-03-18,1,5,-0.014316932484881395
2024-03-18,1,5,0.0010034251180087942
2024-03-18,1,17,0.003411969270359939
2024-03-18,1,14,-0.007957307936760171
2024-03-18,1,10,0.008143103909217153
2024-03-18,1,5,-6.948261420811573e-05
2024-03-18,1,5,0.0013498162178090748
2024-03-18,1,6,0.002856112211420037
2024-03-18,-1,5,-0.0009081400587156225
2024-03-18,-1,13,0.00116285582997302
2024-03-18,-1,5,0.0032943049551707134
2024-03-21,-1,5,-0.007345417920617691
2024-03-21,1,5,0.0007684033494181012
2024-03-21,1,5,0.004883449022937159
2024-03-21,1,5,0.004066171425745635
2024-03-21,1,5,-0.0021729082276962016
2024-03-21,1,6,-0.004872053553247912
2024-03-21,1,5,-0.005988970010710392
2024-03-21,1,5,-0.0035849278148474047
2024-03-21,1,5,0.008265770927865646
2024-03-21,-1,5,-0.008599073994831485
2024-03-21,1,6,0.0046335476885774
2024-03-21,1,5,0.0032138353295446905
2024-03-21,1,7,-0.006423294425514236
2024-03-21,1,8,-0.0006733124402197084
2024-03-21,1,8,-0.002033151483349682
2024-03-21,1,11,-0.008136111186320271
2024-03-21,1,5,0.007437374036179412
2024-03-21,1,5,-0.004149170089829823
2024-03-21,1,5,-0.011631584157434238
2024-03-21,1,5,-0.0013713459060056051
2024-03-21,1,5,0.003466667100293553
2024-03-21,1,5,-0.013055745007288433
2024-03-21,1,5,-0.011729108908614316
2024-03-21,1,5,-0.00624411401208822
2024-03-21,1,9,-0.000699673011929391
2024-03-21,1,6,0.004785826848846009
2024-03-21,1,16,0.014293040514707834
2024-03-21,1,5,0.0006583543940263063
2024-03-21,-1,6,-0.0031864833638369557
2024-03-24,-1,5,-0.0035083509579071134
2024-03-24,-1,5,0.0013771345762832125
2024-03-24,-1,12,-0.007928880883535027
2024-03-24,-1,7,-0.0023327873305459598
2024-03-24,-1,289,-0.0014527144461978555
2024-03-24,-1,120,0.0010541964957303755
2024-03-24,-1,5,-0.0036629602482344033
2024-03-24,-1,25,-0.003088700690763257
2024-03-24,-1,5,0.0012508302392254759
2024-03-24,-1,5,-0.0011256391046166932
2024-03-24,-1,25,-0.002434097510373467
2024-03-24,-1,5,0.001909156242096999
2024-03-24,-1,10,-0.0017260247791829105
2024-03-24,-1,8,0.00209488246529046
2024-03-24,-1,6,0.006928139290430702
2024-03-24,-1,5,-0.005206598465093392
2024-03-24,-1,75,-0.002042342913746697
2024-03-24,-1,6,-0.0012821202026255026
2024-03-24,-1,10,-0.0072396795382752895
2024-03-24,-1,5,-0.0063582303841204
2024-03-24,-1,5,-0.003657960029945428
2024-03-24,-1,6,0.0010973090700129532
2024-03-24,-1,15,-0.006066495056047038
2024-03-24,-1,6,-0.0028611896218802887
2024-03-24,-1,10,-0.008074370836848121
2024-03-27,1,14,0.008176001588715254
2024-03-27,-1,18,-0.005134657838874545
2024-03-27,-1,5,0.0018985579336403772
2024-03-27,1,7,-0.0001548997116361579
2024-03-27,1,5,0.0028388111430085686
2024-03-27,1,5,-0.005464469737039823
2024-03-27,1,5,-0.0012028098966847308
2024-03-27,1,7,-0.005341093863803081
2024-03-27,1,243,-0.002713618157767916
2024-03-27,1,7,0.002766602163377119
2024-03-27,1,5,-0.0022668002318015686
2024-03-27,1,5,0.01897706114337785
2024-03-27,-1,5,0.0248696286706396
2024-03-27,1,8,-0.007475301062557315
2024-03-27,1,5,0.005394924946400393
2024-03-27,1,10,0.00223532779447635
2024-03-27,1,8,-0.013842142695580905
2024-03-27,1,5,0.00693991409692254
2024-03-27,1,5,-0.003048739232931452
2024-03-27,1,5,-0.012686399312558638
2024-03-27,1,8,0.0023229442104234724
2024-03-27,1,5,0.0015344676357133217
2024-03-27,1,6,0.0014696697177027044
2024-03-27,-1,30,-0.0003576285876669467
2024-03-27,-1,6,-0.001423543799772364
2024-03-27,-1,7,-0.0023517869616825667
2024-03-27,-1,5,0.00044301404595095163
2024-03-30,-1,5,0.0005442312591881441
2024-03-30,-1,28,-0.00508970194829903
2024-03-30,-1,9,-0.005922655690290357
2024-03-30,-1,11,0.0021079459854997044
2024-03-30,-1,5,0.0026541228525341024
2024-03-30,1,35,-0.003927177254331315
2024-03-30,1,7,0.0011563840127001516
2024-03-30,1,13,0.0013858876929581324
2024-04-02,-1,5,0.006314844020797206
2024-04-02,1,10,0.005881427110099669
2024-04-02,-1,6,0.00019418337045276103
2024-04-02,-1,12,0.00294627809538508
2024-04-02,1,7,-0.03236372656243256
2024-04-02,-1,5,0.00027270084295096843
2024-04-02,-1,5,-0.00269646617167627
2024-04-02,-1,38,-0.0006001099917731563
2024-04-02,-1,80,0.00031196496205090386
2024-04-02,-1,5,0.0002835213585507205
2024-04-02,-1,5,-0.005687831482059735
2024-04-02,-1,5,-0.003002926493099833
2024-04-02,-1,17,-0.0022396981230202503
2024-04-02,-1,5,0.0035891283514717606
2024-04-02,1,7,-0.0033714271352598187
2024-04-02,1,14,-0.005158264666261436
2024-04-02,-1,10,-0.004034997306437615
2024-04-02,-1,5,-0.00035311581403394364
2024-04-02,-1,13,0.0074817706327660275
2024-04-02,1,34,-0.01015031991234614
2024-04-02,1,6,0.00010791879811868944
2024-04-02,-1,5,-0.006226801519608837
2024-04-02,-1,5,0.005657689439499536
2024-04-02,1,5,-0.013102604109315496
2024-04-02,1,5,5.086432965986144e-05
2024-04-02,-1,7,-0.010727734013624124
2024-04-02,-1,6,0.004290379697207381
2024-04-02,-1,5,0.0012436073729279688
2024-04-02,1,5,-0.014531925078914853
2024-04-02,-1,11,-0.004415298913210996
2024-04-02,-1,5,0.0030789852459468755
2024-04-02,1,5,-0.0004931685949093096
2024-04-02,1,5,0.005612183822218864
2024-04-02,1,37,-0.0012301151975293353
2024-04-02,-1,11,0.0001720923844964698
2024-04-02,-1,20,-0.0030776034090006284
2024-04-02,-1,5,-0.0019059794486338873
2024-04-02,-1,5,0.001903068199117142
2024-04-02,-1,9,0.006221991415208428
2024-04-02,-1,5,-0.0056872028221229606
2024-04-02,-1,5,-0.003971071319793884
2024-04-02,-1,5,0.0024336349070387623
2024-04-05,1,7,0.0007007924732388652
2024-04-05,1,6,-0.008411971878952906
2024-04-05,1,6,0.006289815651234676
2024-04-05,1,7,-0.0028430751275349882
2024-04-05,-1,9,0.00031407035665567164
2024-04-05,-1,9,0.0066243488545027155
2024-04-05,1,5,-0.0025178440366971696
2024-04-05,1,5,0.0025970238547629258
2024-04-05,1,5,-0.0067788674464533735
2024-04-05,1,5,-0.0025447760485392875
2024-04-05,1,5,0.007687161354735928
2024-04-05,-1,6,-0.007136767513964503
2024-04-05,-1,5,-0.004584892089737868
2024-04-05,-1,6,-0.0026158022359873186
2024-04-05,-1,5,0.0036942441566570013
2024-04-05,-1,6,0.0023310955372844114
2024-04-05,-1,5,-0.0012043012800838412
2024-04-05,1,5,-0.0009308242566748777
2024-04-05,1,87,0.0017031864347158091
2024-04-05,1,115,0.00045569450905671473
2024-04-05,1,9,-0.0006538762507405145
2024-04-05,1,5,-0.00429124504027909
2024-04-05,1,6,0.0008119675743127001
2024-04-08,-1,5,0.0028477180732527033
2024-04-08,-1,16,0.0014604226402911372
2024-04-08,-1,55,0.0025907880810107867
2024-04-08,-1,14,-0.011590148946687284
2024-04-08,-1,5,-0.0290281156864157
2024-04-08,1,5,0.005458230889456761
2024-04-08,-1,9,0.0025060728549786363
2024-04-08,-1,17,-0.002003294342950079
2024-04-08,-1,5,0.003134258266553581
2024-04-08,1,5,0.001465186386515516
2024-04-08,1,8,-0.004030634640828956
2024-04-08,1,7,0.0013261160782040097
2024-04-08,1,14,-0.0007176331058583503
2024-04-08,-1,5,0.0017103662030075965
2024-04-08,1,9,0.0013006213833012484
2024-04-08,-1,68,-0.005527290318421229
2024-04-08,-1,5,0.00020669044105594593
2024-04-08,-1,161,-0.0032572689186082023
2024-04-08,-1,6,-0.00721553596256661
2024-04-08,-1,5,-0.0014299909950413522
2024-04-08,1,6,-0.002846009298018681
2024-04-08,1,8,0.0022496581475887293
2024-04-08,1,7,-0.002165847162233869
2024-04-08,1,5,-0.0007417992801036273
2024-04-08,1,6,-0.002172620479887177
2024-04-08,1,5,0.0001154813035825434
2024-04-11,-1,10,-0.006247472944346999
2024-04-11,-1,5,0.0011126549978439874
2024-04-11,-1,5,-0.006241558309345007
2024-04-11,-1,5,0.0029587908964376023
2024-04-11,-1,126,-0.0016715070911542448
2024-04-11,-1,15,-0.0005751934774929963
2024-04-11,-1,5,-0.0027897785020024376
2024-04-11,-1,34,-0.0019795337449880265
2024-04-11,-1,5,0.0020127210375374908
2024-04-11,-1,6,-0.006564044625390819
2024-04-11,-1,5,0.0025878766789577904
2024-04-11,-1,5,0.0031907306490801765
2024-04-11,1,5,-0.007519348343264598
2024-04-11,-1,5,-0.0012622843729549246
2024-04-11,1,94,-0.0036352420787786107
2024-04-11,1,5,-0.0001812282742575717
2024-04-11,1,5,-0.002400059049546632
2024-04-11,1,5,0.004545041257907912
2024-04-11,-1,5,0.0037291205258065626
2024-04-11,1,8,0.003826342086799795
2024-04-11,-1,61,-9.41281443809001e-05
2024-04-11,-1,5,-0.0042680316046467045
2024-04-11,-1,21,-0.0014266028915800085
2024-04-11,-1,5,0.002169873102223741
2024-04-11,-1,21,-0.005028090310965494
2024-04-11,-1,173,-0.002814815078236199
2024-04-11,1,91,-0.00019808692676246363
2024-04-11,1,16,0.0017531299663934522
2024-04-11,1,5,0.0027416492079165525
2024-04-14,1,5,-0.01422633169744989
2024-04-14,-1,52,0.011906388729039175
2024-04-14,1,5,0.01201811727033677
2024-04-14,1,5,0.0022859810999310785
2024-04-14,1,6,0.0037096882171979936
2024-04-14,1,5,0.0038349534440799368
2024-04-14,-1,6,-0.0003605375543589191
2024-04-14,1,5,0.0012347627096175543
2024-04-14,-1,5,-0.007427101283973147
2024-04-14,-1,7,0.011770369660770408
2024-04-14,-1,5,0.004991528365791665
2024-04-14,-1,5,-0.0016890079165517765
2024-04-14,-1,5,0.001924555210640078
2024-04-14,-1,5,0.0006157113140834673
2024-04-14,-1,5,-0.001802281903905278
2024-04-14,-1,5,0.00206324211354938
2024-04-14,-1,5,0.002958516082848828
2024-04-14,-1,8,-0.021265963577371625
2024-04-14,-1,5,-0.0004677160345084359
2024-04-17,1,6,0.00013182023580728987
2024-04-17,-1,5,-0.003958313031539351
2024-04-17,-1,7,0.004550450561667052
2024-04-17,-1,5,-0.002289140285034996
2024-04-17,-1,5,-0.0015676229752155987
2024-04-17,-1,5,-0.010184856170939316
2024-04-17,-1,5,-3.593539271795165e-06
2024-04-17,1,16,-0.009573287292107801
2024-04-17,1,5,0.0022438941808075267
2024-04-17,-1,6,-0.0014135076672273424
2024-04-17,-1,5,-0.0006246068566383207
2024-04-17,-1,8,-0.0006077204118646091
2024-04-17,-1,5,-0.002541903051305949
2024-04-17,-1,10,0.0047313863122613545
2024-04-17,-1,13,0.003031346476783071
2024-04-17,-1,7,0.0005550893643389235
2024-04-17,1,5,-0.003127780122156176
2024-04-17,1,5,-0.004357809544211255
2024-04-17,1,21,0.002294012337522933
2024-04-17,1,5,-0.0034178166944513807
2024-04-17,1,6,-0.022455021465605494
2024-04-17,1,5,0.00360968053974955
2024-04-17,1,5,-0.005561418255109673
2024-04-17,1,5,0.0014260864986070047
2024-04-17,-1,5,-0.0025601607445008053
2024-04-17,1,5,0.0019754748670487658
2024-04-17,-1,5,-0.003678279602806844
2024-04-17,-1,5,-0.013724151142178708
2024-04-17,-1,5,0.002296539921949248
2024-04-17,-1,14,-0.001436214452994333
2024-04-17,1,5,0.009675385743023757
2024-04-17,1,19,-0.0024387121655274676
2024-04-17,1,5,0.0034202503614845455
2024-04-17,1,5,-0.002765334410095943
2024-04-20,1,6,-0.003622600194571701
2024-04-20,1,18,1.8695475230945846e-05
2024-04-20,1,10,-0.0016229241077282183
2024-04-20,1,6,0.001243246236044904
2024-04-20,-1,5,-0.001422033870329775
2024-04-20,-1,5,-0.015664714748445753
2024-04-20,-1,5,0.0017057141593746165
2024-04-20,-1,300,-0.0009953544132348165
2024-04-20,-1,5,-0.012714747283099825
2024-04-20,-1,5,-0.008107640339800248
2024-04-20,-1,13,0.0031560848354766032
2024-04-20,1,5,0.00106355405280425
2024-04-20,1,17,0.00421979670403041
2024-04-20,-1,5,0.0016892221169784397
2024-04-20,-1,53,-0.0012854688390472099
2024-04-20,-1,10,0.0006487972559721337
2024-04-20,-1,5,0.002751428066684181
2024-04-20,-1,5,0.0026284500631228672
2024-04-20,-1,5,0.0008437247735200385
2024-04-23,-1,16,-0.004101535256110322
2024-04-23,-1,33,-0.0018115466056193071
2024-04-23,-1,58,0.0005623977085724933
2024-04-23,1,6,0.0018506158261210274
2024-04-23,-1,5,0.0018166748446595497
2024-04-23,1,9,-0.0033609045646134424
2024-04-23,1,17,-0.0042057363465809235
2024-04-23,1,5,0.0005854364656680214
2024-04-23,1,5,-0.005487041164819328
2024-04-23,1,5,0.0006154707661766515
2024-04-23,1,5,0.000398376306411841
2024-04-23,1,8,-0.00351172374518891
2024-04-23,1,140,-0.006179894863677071
2024-04-23,1,5,-0.0018811712265406118
2024-04-23,1,5,0.0019241784423994716
2024-04-23,1,10,-0.00021692298697271138
2024-04-23,1,5,-0.002563043381524443
2024-04-23,1,22,0.0010980887493915684
2024-04-23,-1,5,0.0010465793976836228
2024-04-23,1,7,0.0034566117484390543
2024-04-23,-1,8,-0.0005141227673168598
2024-04-23,-1,5,-0.0005331494980596925
2024-04-23,-1,5,-0.008598967120808298
2024-04-23,-1,5,-0.016002608156448474
2024-04-23,-1,5,0.004488366549703216
2024-04-23,1,5,-0.002344735852789803
2024-04-23,1,9,0.0025501565919926698
2024-04-23,1,5,-0.0016095658566785739
2024-04-23,1,7,-0.0006159358459262072
2024-04-23,1,38,-0.0007400195635701485
2024-04-23,1,5,-0.0032171577407643422
2024-04-23,1,6,-0.002984623454971391
2024-04-23,1,5,-0.005268197335553592
2024-04-23,1,6,-0.0020778779100586228
2024-04-23,1,12,-0.00043346706209010887
2024-04-23,1,6,0.002857851004297052
2024-04-23,1,6,-0.0008591598334509505
2024-04-26,1,5,-0.00242000564026521
2024-04-26,1,6,-0.000936337493675143
2024-04-26,1,5,-0.0004005142427255577
2024-04-26,-1,5,-0.002197913485602143
2024-04-26,1,6,-0.0029725029000472244
2024-04-26,1,11,-0.0028734790124559147
2024-04-26,1,20,-0.0001785653040623276
2024-04-26,1,5,0.0019380367782767752
2024-04-26,-1,12,-0.003420374340054799
2024-04-26,1,5,-0.006888752623549687
2024-04-26,1,13,0.0006603353496389634
2024-04-26,1,12,-0.00024710900337407925
2024-04-26,1,5,0.005364249458228132
2024-04-26,-1,41,0.002254676249379606
2024-04-26,1,7,-0.0031840486273480902
2024-04-26,1,5,0.004573413376957403
2024-04-26,-1,6,0.00585829254727468
2024-04-26,1,5,-0.005175781756251529
2024-04-26,1,7,-0.002150049319275293
2024-04-26,1,5,-0.002423533252061216
2024-04-26,1,6,0.0004640712898537295
2024-04-26,-1,6,-0.004638839626887803
2024-04-26,-1,9,-0.002230893320017779
2024-04-26,-1,5,-0.002642889596049835
2024-04-26,-1,7,0.0018307437111608985
2024-04-26,-1,10,-0.0026801539354982303
2024-04-26,-1,26,0.0010168271854342995
2024-04-26,-1,61,-0.00024268690079585163
2024-04-26,-1,5,-0.004000310170851984
2024-04-26,-1,5,0.0036560874857770828
2024-04-26,1,216,-0.00042397968449256983
2024-04-29,1,5,0.000633491674828646
2024-04-29,1,35,-0.00029891282045033617
2024-04-29,1,7,-0.0014312513415942526
2024-04-29,1,5,-0.0029750427089689554
2024-04-29,1,5,-0.01217894269119788
2024-04-29,1,8,-0.009794837502824926
2024-04-29,1,5,-0.0024717767161161804
2024-04-29,-1,5,-0.0037415537327142086
2024-04-29,-1,8,0.0021771287931072972
2024-04-29,-1,10,-0.0006951831662259429
2024-04-29,1,5,0.0070063058443160745
2024-04-29,-1,5,-6.333333333339252e-05
2024-04-29,-1,7,0.0028648106102210583
2024-04-29,1,5,-0.0020587976622482348
2024-04-29,1,5,0.0010703475346586448
2024-04-29,1,10,0.0007973923929628594
2024-04-29,-1,8,0.0008263745633861012
2024-04-29,1,5,-0.003925560164521924
2024-04-29,-1,18,-0.010123817589400152
2024-04-29,-1,9,0.00045241186464664053
2024-04-29,-1,5,-0.001678228346456789
2024-04-29,-1,18,0.0011505017231277174
2024-04-29,-1,5,0.0030329440653253056
2024-04-29,-1,13,-0.0027446125353257408
2024-04-29,-1,5,0.0015909259468732898
2024-04-29,-1,9,-0.011374071694789966
2024-04-29,-1,188,-0.00834798919784827
2024-05-02,1,5,-0.006600283495944192
2024-05-02,1,6,0.003962794681918203
2024-05-02,1,5,0.000477739235146624
2024-05-02,1,5,0.00020536936678019514
2024-05-02,1,5,-0.0008864483825471221
2024-05-02,1,81,-0.0052329141229975114
2024-05-02,1,142,-0.0014377056515370908
2024-05-02,-1,6,0.0027989325727768802
2024-05-02,-1,17,0.004426481518461501
2024-05-02,1,5,-0.005069603908877873
2024-05-02,1,5,-0.005444856596042968
2024-05-02,1,5,0.008054691953448679
2024-05-02,1,299,0.0016553622723626486
2024-05-02,-1,5,-0.0025316816256134352
2024-05-02,-1,5,0.0007938566813725737
2024-05-02,-1,5,-0.0014604770036278133
2024-05-02,-1,6,0.005459224478547542
2024-05-05,1,5,-0.0015230118072258932
2024-05-05,-1,5,0.009749755784061809
2024-05-05,1,5,0.0030178070175438617
2024-05-05,1,5,-0.00022411393224950292
2024-05-05,1,16,-0.0035964981669692527
2024-05-05,1,5,-0.0024671592169531516
2024-05-05,1,5,0.00028920723107197545
2024-05-05,1,43,0.0004308743304851873
2024-05-05,1,6,-0.0005124582549483665
2024-05-05,-1,5,-0.00022004143070428704
2024-05-05,1,5,0.001976020974520232
2024-05-05,1,5,-0.0018606000484604254
2024-05-05,1,6,-0.0013828070486353369
2024-05-05,-1,5,-6.399123711839881e-05
2024-05-05,1,5,0.0008193063546861005
2024-05-05,-1,68,-0.0034147112860892555
2024-05-05,-1,5,0.0008796168455037726
2024-05-05,-1,5,0.0005759489289094647
2024-05-05,-1,94,-0.0013969995302617107
2024-05-05,-1,11,0.0031462285733321557
2024-05-05,1,5,-0.0005270539118328084
2024-05-05,1,6,5.464067112206418e-05
2024-05-05,1,6,-0.0010602322327924792
2024-05-05,1,5,0.003115770921731898
2024-05-08,-1,6,-0.00084320514774836
2024-05-08,-1,5,-0.0026226970769419374
2024-05-08,-1,6,-0.0022730387537391646
2024-05-08,-1,5,-0.0014586348373280874
2024-05-08,-1,15,-0.0021488378880119893
2024-05-08,-1,6,-0.0004845870954117477
2024-05-08,-1,31,-0.002515004094625439
2024-05-08,-1,11,-0.001052237208320794
2024-05-08,-1,5,0.004088888689194348
2024-05-08,-1,5,-0.0017351155432921758
2024-05-08,-1,37,-0.0032818301774265365
2024-05-08,-1,6,0.006951411409227304
2024-05-08,1,5,0.005472893472166529
2024-05-08,-1,11,0.004256441388868626
2024-05-08,1,21,-0.0038318393664932057
2024-05-08,1,5,0.0030506706196759222
2024-05-08,1,18,0.0008850397673493497
2024-05-08,1,5,-0.00047870219036769644
2024-05-08,-1,5,-0.0003070321581039921
2024-05-08,1,5,0.002011663762248839
2024-05-08,1,13,0.000722817579127533
2024-05-08,1,5,9.225634328471378e-05
2024-05-08,1,5,0.0008635302085974409
2024-05-08,-1,6,-0.003041875174717967
2024-05-08,-1,5,-0.0012869601408041827
2024-05-08,-1,5,0.0013927029756830803
2024-05-08,-1,6,-0.0003636879774481012
2024-05-08,-1,29,-0.0010119940476191799
2024-05-08,-1,14,-0.001423915686665422
2024-05-08,-1,236,-0.0021578448398978708
2024-05-08,-1,6,0.00036173303467725883
2024-05-08,-1,6,0.004481221097450106
2024-05-08,1,24,-0.0013588528855725587
2024-05-08,1,8,-0.012420227628461044
2024-05-08,1,5,2.4205610655326126e-05
2024-05-08,1,6,0.003979166308428228
2024-05-08,-1,12,-0.00041500360144450753
2024-05-08,-1,18,-0.0003437522273235012
2024-05-08,-1,9,0.0005768028927009231
2024-05-11,-1,6,-0.0039179201756526
2024-05-11,-1,23,-0.0037526193746673982
2024-05-11,-1,63,-0.0012626054928940086
2024-05-11,-1,5,-0.00164972015430318
2024-05-11,-1,5,0.0026463305928540407
2024-05-11,1,6,-0.0013184839198402184
2024-05-11,1,5,-0.0003538431150270411
2024-05-11,1,33,-0.0009534858919705065
2024-05-11,1,7,0.0010932565551457166
2024-05-11,1,5,0.0018437347309968825
2024-05-11,1,9,-0.001376870988612366
2024-05-11,1,229,0.005734610445574573
2024-05-11,-1,5,0.0009117138143191154
2024-05-11,-1,9,0.0022569812821267247
2024-05-14,1,5,0.0053426616593796
2024-05-14,1,5,0.0016453535683204294
2024-05-14,1,6,-0.002385431474839694
2024-05-14,1,47,-0.0026559611207645824
2024-05-14,1,5,-0.002210743059335862
2024-05-14,1,24,0.0023244977675910498
2024-05-14,1,14,-0.01837731942575147
2024-05-14,-1,5,0.0011019608367260018
2024-05-14,-1,5,0.003991021947873841
2024-05-14,1,5,0.005202095309141308
2024-05-14,1,5,-0.007752377863505777
2024-05-14,1,5,0.003976972919349864
2024-05-14,1,5,0.005205666168182655
2024-05-14,-1,5,0.0010468978639146757
2024-05-14,1,5,-0.000970199763581236
2024-05-14,1,6,-0.0034127668290520937
2024-05-14,1,11,-0.005630263453556083
2024-05-14,1,8,0.004204642017245819
2024-05-14,-1,9,-0.0007099567531601898
2024-05-14,-1,22,-0.003418484009946576
2024-05-14,-1,16,-0.0016337786940202378
2024-05-14,-1,33,-0.0019167051334304294
2024-05-14,-1,5,0.0008175193632559367
2024-05-14,-1,17,-0.001416121558649763
2024-05-14,-1,6,0.0015678457519363812
2024-05-14,1,5,-0.0005216808445628103
2024-05-17,-1,10,0.002325845744157862
2024-05-17,1,28,0.0019220461471484377
2024-05-17,1,13,-0.00153576839584566
2024-05-17,1,6,-0.0018048067038764822
2024-05-17,1,70,0.001637826845035351
2024-05-17,-1,103,-0.02115176002928396
2024-05-17,1,5,-0.0003633567304127445
2024-05-17,-1,5,0.0031894805418662083
2024-05-17,-1,8,-0.0001545770948079057
2024-05-17,-1,87,-0.0017921421822709501
2024-05-17,-1,6,-0.003209115742881607
2024-05-17,-1,5,-2.0605069299106204e-05
2024-05-17,-1,7,-0.0009532324023820755
2024-05-17,-1,12,-0.001326232363323054
2024-05-17,-1,216,-0.01559082256186648
2024-05-17,-1,5,0.0006207068573285349
2024-05-17,-1,5,-0.007147798536423089
2024-05-17,-1,11,-0.0028818093950418785
2024-05-17,-1,6,-0.00458821517594119
2024-05-17,-1,5,-0.001523885956687154
2024-05-17,-1,5,0.0008180893125198322
2024-05-17,1,204,-0.006470053375485762
2024-05-17,1,5,0.0007283566709107795
2024-05-17,1,212,0.0009273817501208818
2024-05-17,1,13,0.0005049244049609939
2024-05-17,-1,9,-0.0008396278317151835
2024-05-20,1,55,0.0031832066165559344
2024-05-20,1,8,0.000344412563534258
2024-05-20,-1,12,-0.003588406036887015
2024-05-20,-1,11,-0.0025765272443222017
2024-05-20,-1,138,0.0006481942422772672
2024-05-20,-1,8,-0.00777981977342943
2024-05-20,-1,5,0.002129583890241005
2024-05-20,1,5,-0.001040549361133047
2024-05-20,1,6,0.00534846429398308
2024-05-20,1,108,-0.002626794033272239
2024-05-20,1,5,-0.0015913797458504183
2024-05-20,1,5,0.00020388780174887024
2024-05-20,1,6,-0.003682936486372723
2024-05-20,1,20,0.0004368273413054794
2024-05-20,1,41,0.007365513543104019
2024-05-20,-1,20,-0.0024341212389721086
2024-05-20,-1,9,-0.002552196536974005
2024-05-20,-1,6,-0.0028573383164121943
2024-05-20,-1,5,-0.0027094657097289417
2024-05-20,-1,5,-0.004146418650004513
2024-05-20,-1,6,-0.021023245061697036
2024-05-20,1,5,0.034736096747791344
2024-05-20,-1,5,-0.0015227024624141269
2024-05-20,-1,5,0.009523674807779292
2024-05-20,1,6,0.02503645082617525
2024-05-20,-1,5,-0.010775801992771372
2024-05-20,1,5,-0.0003560250218222811
2024-05-20,1,6,-0.0019576345030928085
2024-05-23,-1,8,0.0012520553549268069
2024-05-23,-1,5,0.001033816061818649
2024-05-23,-1,5,0.00019122931907036324
2024-05-23,-1,5,0.0010572046624995005
2024-05-23,-1,5,0.003946269340151765
2024-05-23,-1,6,-0.003153751386766634
2024-05-23,-1,5,-0.0030841216964792913
2024-05-23,-1,6,-0.008738667095232388
2024-05-23,-1,5,-8.114727259831377e-05
2024-05-23,1,5,-0.012529792662622307
2024-05-23,-1,13,0.010764490663296567
2024-05-23,1,11,0.013951211981273382
2024-05-23,1,5,-0.0036152837253454525
2024-05-23,1,5,-0.015106964076408857
2024-05-23,1,5,0.013365765777135686
2024-05-23,1,5,0.015598953496630454
2024-05-23,-1,5,0.008699556128300668
2024-05-26,-1,47,-0.0009292160970113312
2024-05-26,-1,7,-0.0007800669841422132
2024-05-26,-1,5,0.003615610670763348
2024-05-26,1,14,0.0019674926265530693
2024-05-26,-1,5,-0.002181658053402291
2024-05-26,-1,19,0.003201222637820434
2024-05-26,-1,146,-0.0008841672209658253
2024-05-26,-1,8,-0.0013977478376579807
2024-05-26,-1,7,-0.00772188501501434
2024-05-26,-1,25,0.0010352214022140375
2024-05-26,-1,30,-2.187332161482879e-05
2024-05-26,1,88,0.003963882444673628
2024-05-26,-1,5,0.0016413511075986879
2024-05-26,1,5,0.002439182293328646
2024-05-26,1,11,0.0030115486308458735
2024-05-26,1,8,0.0008109803257691176
2024-05-26,1,12,-3.874512831822895e-05
2024-05-26,1,5,0.00020802176202274793
2024-05-26,1,200,-0.0029368676639876853
2024-05-26,1,125,0.0021128810963967574
2024-05-26,-1,50,-0.0005137667752744597
2024-05-26,-1,6,0.006028006554515098
2024-05-26,1,5,0.0004828345840785179
2024-05-26,1,5,0.0007773785995623065
2024-05-26,1,5,-0.003555032571937322
2024-05-26,1,78,-0.0019482339583848148
2024-05-26,1,5,0.0031941029205239343
2024-05-26,-1,54,-0.0018738285331164391
2024-05-26,-1,6,-0.0021784498349733724
2024-05-26,-1,19,0.0008738781879056527
2024-05-26,-1,5,0.0015132886947881955
2024-05-26,1,63,-0.0009672560893204447
2024-05-26,1,5,-0.0035553435158141907
2024-05-26,1,5,-0.005004442825103461
2024-05-29,1,288,0.0010984902453982318
2024-05-29,1,5,-0.0006971664792017935
2024-05-29,1,12,0.0005065532774316765
2024-05-29,1,14,-0.0009022783316526612
2024-05-29,1,5,0.0012741941422419693
2024-05-29,1,44,-0.0010764493355482681
2024-05-29,1,5,-0.0015488618577305987
2024-05-29,1,8,0.005145032444105269
2024-05-29,-1,49,0.0008778326401584161
2024-05-29,-1,5,-0.0018925215277401982
2024-05-29,1,6,-0.003654757657007379
2024-05-29,-1,6,0.003336986723136893
2024-05-29,1,5,-0.003085120834145338
2024-05-29,1,210,-0.010211542640506588
2024-05-29,1,5,-0.00029254765598305487
2024-05-29,1,5,-0.0014252797459814778
2024-05-29,1,6,0.0019955513258073324
2024-05-29,-1,28,-0.0021230021511509985
2024-05-29,1,7,0.001380957486980217
2024-05-29,1,5,0.004520849463835486
2024-05-29,1,5,-0.005345080443383754
2024-05-29,1,62,-2.08247381888511e-05
2024-05-29,1,7,-0.0026413168976412212
2024-05-29,1,6,-0.0047192442498855455
2024-05-29,1,5,-0.0015333874538353328
2024-05-29,1,5,-0.0010783774912011875
2024-05-29,1,11,-0.00035219827414221204
2024-05-29,1,14,-0.0014878992921681707
2024-05-29,1,5,-0.0003223815823799376
2024-05-29,1,11,-0.0018683750219436798
2024-05-29,1,263,0.002573506026148831
2024-05-29,1,5,-0.001752097514666184
2024-05-29,1,17,-0.0017119431097316392
2024-05-29,1,13,-0.0008892163590640041
2024-05-29,-1,5,0.002292822436716491
2024-05-29,-1,6,0.0014302120107318132
2024-05-29,-1,5,-0.002594024067707012
2024-06-01,1,6,2.1922279572450976e-05
2024-06-01,1,5,-0.0024023540874612333
2024-06-01,-1,7,-0.0019201322532166106
2024-06-01,1,7,-0.00036138358962953764
2024-06-01,-1,6,-0.0021602847549702982
2024-06-01,-1,18,-0.0018207704569045188
2024-06-01,-1,6,-0.0015644993569648765
2024-06-01,1,67,0.0002371468525729451
2024-06-01,-1,19,-0.007936713533349548
2024-06-01,1,5,-0.0038925058784584406
2024-06-01,-1,6,-0.000875743738932488
2024-06-01,-1,6,-0.003077074162660542
2024-06-01,-1,28,-0.001903585212731906
2024-06-01,-1,5,-0.002777760608199875
2024-06-01,-1,5,-0.002375343913395644
2024-06-01,-1,40,-0.0004224061433447441
2024-06-01,-1,52,-0.0010367542312375907
2024-06-01,-1,58,-0.0015089598558336356
2024-06-01,-1,5,0.0007516449795847095
2024-06-01,-1,5,-0.00124704395997508
2024-06-01,-1,11,0.0007955068893375165
2024-06-01,-1,39,-0.003151186092755198
2024-06-01,-1,5,-0.0026524161292603484
2024-06-01,-1,7,-0.0017717451072674969
2024-06-01,-1,7,0.0012379908787914177
2024-06-04,1,62,-0.00484766398044254
2024-06-04,1,30,-0.0010624258611285683
2024-06-04,-1,5,-0.005279682109531647
2024-06-04,-1,5,-0.0020348998569384765
2024-06-04,-1,13,-0.00041709651815011693
2024-06-04,-1,16,-0.0047150508905851925
2024-06-04,-1,5,-0.0004752437527123283
2024-06-04,-1,5,-0.001120890040917066
2024-06-04,-1,9,-0.0009645285991820347
2024-06-04,1,10,0.0007416974981772299
2024-06-04,-1,5,-0.0025416178516997952
2024-06-04,1,12,-0.003735675969346852
2024-06-04,1,95,0.0023554753417786237
2024-06-04,1,9,0.0001700722052892182
2024-06-04,1,10,0.004085964742924908
2024-06-04,-1,5,-0.0021949182561308064
2024-06-04,-1,5,-0.0026390871520201916
2024-06-04,1,61,0.0003785461247977299
2024-06-04,-1,5,-0.002508325855949822
2024-06-04,-1,5,-0.004568328308317415
2024-06-04,-1,5,0.0025830321788642644
2024-06-04,-1,7,-0.0032005837997471694
2024-06-04,-1,5,-0.0005424054710355448
2024-06-04,-1,10,-0.0033273327426309503
2024-06-04,-1,26,0.0008693672218430763
2024-06-04,-1,5,0.0013375080259451447
2024-06-04,1,6,-0.00192872973243261
2024-06-04,1,16,0.0012368771897474321
2024-06-04,-1,5,8.104040934133784e-05
2024-06-04,-1,249,-0.0034025045162374475
2024-06-04,-1,5,-0.0016447827767368303
2024-06-04,-1,13,0.00011187292444661025
2024-06-04,-1,5,-0.0007487197751243397
2024-06-07,1,5,-0.001823547171048245
2024-06-07,1,5,-0.0003593762580754496
2024-06-07,1,5,-0.0023604648102911515
2024-06-07,1,7,-0.00037950516520788246
2024-06-07,1,83,-0.0016200724386314699
2024-06-07,1,5,0.0002545317110113302
2024-06-07,1,6,-0.00622424282582199
2024-06-07,1,5,-0.0031498491229370092
2024-06-07,1,8,-0.03341168171150986
2024-06-07,1,5,-0.0003906052178087367
2024-06-07,1,5,0.006139500530118714
2024-06-07,-1,55,-0.0029760923009019887
2024-06-10,-1,5,3.711656069018733e-05
2024-06-10,1,186,-0.002162814571328142
2024-06-10,1,5,-0.0006109637236218819
2024-06-10,1,26,0.00014016109780348208
2024-06-10,1,5,-0.002232009947560098
2024-06-10,1,7,-0.004046968182151977
2024-06-10,1,6,-0.001567908755238356
2024-06-10,1,13,-0.0035063104995325164
2024-06-10,1,5,0.001392236664346758
2024-06-10,1,7,-0.003534451929807369
2024-06-10,-1,287,-0.002013977101397257
2024-06-10,-1,15,-0.0011974928454064667
2024-06-10,-1,8,-0.0015211057398115454
2024-06-10,-1,5,-0.0011729717237628275
2024-06-10,-1,25,-0.002108480909387511
2024-06-10,-1,51,0.0016109152634438354
2024-06-10,-1,91,-0.00037835075114298576
2024-06-10,-1,9,-0.0008815795417700163
2024-06-10,-1,5,-0.0026008741072350624
2024-06-10,-1,5,-0.004657826926574104
2024-06-10,-1,5,-0.0016274052294658944
2024-06-10,1,6,-0.000855522682098186
2024-06-10,1,5,-0.003829209815864187
2024-06-13,-1,5,-0.0045019306405960965
2024-06-13,1,5,-0.0036283909838390246
2024-06-13,1,5,-0.004318068181818213
2024-06-13,1,5,-0.007390567949009807
2024-06-13,-1,6,-0.0026193175732132975
2024-06-13,1,8,-0.0014545892326516038
2024-06-13,1,5,-0.007294838847303064
2024-06-13,1,89,0.0007610197798097133
2024-06-13,1,5,0.0018805287974347443
2024-06-13,-1,5,0.0010403113692956326
2024-06-13,-1,5,0.004195097011974314
2024-06-13,1,5,0.008350119013478619
2024-06-13,-1,5,0.004146396012691978
2024-06-13,1,5,0.007708489367922367
2024-06-13,-1,63,0.004330153583617791
2024-06-13,1,5,-0.01374178140489588
2024-06-13,1,5,0.002113037258429618
2024-06-13,-1,5,-0.00337025139082967
2024-06-13,-1,6,-0.0014455935564317898
2024-06-13,-1,7,-0.0024692564802183178
2024-06-13,-1,20,-0.0016088523108107374
2024-06-13,-1,7,-0.0031724762125216795
2024-06-13,-1,18,-0.002256075006458724
2024-06-13,-1,5,-0.0012026913241483857
2024-06-13,-1,29,-0.00033459061940330724
2024-06-13,-1,46,0.0008003101165634744
2024-06-13,-1,5,-0.0033879998560529586
2024-06-13,-1,6,-0.001731416981072353
2024-06-13,-1,15,0.0015362570086616904
2024-06-13,-1,5,0.0003307687692957421
2024-06-16,1,57,-0.00309438247772118
2024-06-16,1,5,0.002921531055961957
2024-06-16,-1,21,-0.002077458195475312
2024-06-16,-1,10,-0.003932852393913588
2024-06-16,-1,27,-0.004222219150543749
2024-06-16,-1,5,0.00043509529687137984
2024-06-16,-1,7,0.0001532634298093919
2024-06-16,-1,18,0.002635610318867632
2024-06-16,-1,5,-0.0004414170965610693
2024-06-16,-1,147,0.0010597604748041837
2024-06-16,-1,28,0.0004204502826893556
2024-06-19,-1,5,-0.01091414107760289
2024-06-19,-1,8,0.005250591084094336
2024-06-19,-1,5,-0.0024802622922929004
2024-06-19,-1,10,-0.0025785913202359453
2024-06-19,-1,7,-0.006700948736809353
2024-06-19,-1,8,-0.008083045303876801
2024-06-19,-1,5,0.003107980564936464
2024-06-19,-1,7,0.001975834013754363
2024-06-19,-1,19,0.005169606644460556
2024-06-19,1,5,-0.001785637144148344
2024-06-19,1,60,-0.0023367184449837094
2024-06-19,1,11,-0.0007909767396464313
2024-06-19,-1,5,0.0033341748753940256
2024-06-19,1,5,0.004357820734868812
2024-06-19,1,6,-0.0020739620489864437
2024-06-19,1,6,0.0010896510703536592
2024-06-19,1,27,0.0018030417008637837
2024-06-19,1,5,0.00456680086054897
2024-06-19,1,5,-0.0058018295701884656
2024-06-19,1,5,0.00010591225802816275
2024-06-19,1,32,-0.0020769815746100925
2024-06-19,1,8,3.203860840042029e-05
2024-06-19,1,9,0.001186420030571034
2024-06-19,-1,5,0.0017873157827014378
2024-06-22,1,87,0.0015447115648751456
2024-06-22,1,5,-0.0004975012406663644
2024-06-22,1,15,-0.0013513703347197478
2024-06-22,1,16,-0.0013344716129273012
2024-06-22,1,26,0.0003994545060423075
2024-06-22,-1,123,-0.0009159673317180368
2024-06-22,1,67,0.0011631068619552213
2024-06-22,1,63,0.0015655094554333452
2024-06-22,-1,6,-0.0005825369435625611
2024-06-22,-1,5,0.0004715527759610264
2024-06-22,1,16,-0.0022980579477112958
2024-06-22,1,5,-0.0006036046884759556
2024-06-22,1,46,-0.0005231930739181041
2024-06-22,1,5,-0.0001081538150851986
2024-06-25,-1,5,-0.0005795939297687842
2024-06-25,-1,78,0.0010580729977384355
2024-06-25,-1,10,0.0001061823532227061
2024-06-25,-1,64,-0.0011529082078737037
2024-06-25,1,55,0.0007164228033761603
2024-06-25,-1,6,-0.010718059430799265
2024-06-25,-1,6,-0.0003235996951353788
2024-06-25,-1,5,-0.0026572476486706794
2024-06-25,-1,11,-0.004196084956029722
2024-06-25,-1,5,-0.00015596215343180962
2024-06-25,1,5,-0.006977683757455199
2024-06-25,1,5,0.00013879217093673048
2024-06-25,1,5,-0.00286792639856368
2024-06-25,1,35,-0.0012922959811632936
2024-06-25,1,18,-0.0010157904855077945
2024-06-25,1,115,-0.004665190114746953
2024-06-25,1,7,0.0033913277004836936
2024-06-25,1,5,0.001779706889988653
2024-06-25,-1,5,0.0006602328954254059
2024-06-25,-1,129,-0.0005278293202704893
2024-06-25,-1,5,0.0005545416221352188
2024-06-25,-1,5,-0.00033531151661201307
2024-06-25,-1,43,-0.008961922858225923
2024-06-25,-1,5,-0.005077871633931563
2024-06-25,-1,5,0.00034259275560246695
2024-06-25,-1,10,0.0005387103905351246
2024-06-25,-1,35,0.004555632182220793
2024-06-25,1,5,0.00532505028098198
2024-06-25,-1,6,0.002691165608092261
2024-06-25,-1,6,-0.0036897019791516158
2024-06-25,-1,7,-0.0012751438595667072
2024-06-25,-1,7,-0.0014448371125562517
2024-06-25,-1,7,-0.0014038932160030711
2024-06-25,-1,12,-9.751119513354788e-05
2024-06-25,-1,16,0.00017037183685788583
2024-06-25,-1,6,-0.0008055900137962975
2024-06-25,1,22,-0.0032486984687868144
2024-06-28,1,19,-0.0030277920567194135
2024-06-28,1,5,0.00920778529519497
2024-06-28,-1,7,0.0028177952570621837
2024-06-28,-1,5,0.002323495697093692
2024-06-28,1,7,-0.0003516541302187366
2024-06-28,-1,5,-0.0022833712419510818
2024-06-28,1,201,-0.00011022618778309078
2024-06-28,1,6,-0.003165531378783259
2024-06-28,1,12,-0.0001264409282331953
2024-06-28,1,47,-0.0007525581019401701
2024-06-28,1,22,-0.0048991727123801395
2024-06-28,1,5,-0.0040913644246399535
2024-06-28,1,6,-0.0005890301397565074
2024-07-01,-1,31,-0.01406803252894715
2024-07-01,-1,32,-0.004141815681842109
2024-07-01,-1,5,-0.00035473541049177947
2024-07-01,1,10,0.0010619525443110959
2024-07-01,1,43,-0.0037064404906224976
2024-07-01,1,13,-0.0031408795171078193
2024-07-01,1,52,-0.000975882218760082
2024-07-01,1,9,-0.001666705981309002
2024-07-01,1,30,-0.0010849535495104142
2024-07-01,1,7,-0.00033846568251703023
2024-07-01,1,10,-0.0010187851756483287
2024-07-01,1,8,-0.003104930937636618
2024-07-01,1,5,0.00013184589880346244
2024-07-01,1,5,9.04693736957455e-05
2024-07-01,1,8,0.0026603564074682232
2024-07-01,-1,6,0.004207145809243551
2024-07-01,1,6,7.699767082503428e-06
2024-07-01,1,96,-0.0008250439848419329
2024-07-01,1,25,-0.003340890807747998
2024-07-01,1,6,-0.0026169583474266785
2024-07-01,1,11,-0.006838586487143505
2024-07-01,1,5,-0.0001305679339130612
2024-07-01,1,10,0.00017772624411374095
2024-07-04,-1,107,-0.00275335497809257
2024-07-04,-1,5,0.0013006260218622282
2024-07-04,-1,16,0.0104585144596975
2024-07-04,1,5,-0.0190208352370381
2024-07-04,-1,5,-0.006820621347876843
2024-07-04,-1,5,-0.0019211365399534937
2024-07-04,1,13,0.0024186452698621522
2024-07-04,1,28,-0.004997971058752415
2024-07-04,-1,11,-0.0005977217950225762
2024-07-04,1,10,0.00012727818210813736
2024-07-04,1,5,-0.0050074390243902474
2024-07-04,1,12,0.0004086099282762049
2024-07-04,1,11,-0.002419056305894651
2024-07-04,1,5,0.0045754463026267626
2024-07-04,-1,5,0.006212103967272032
2024-07-04,1,6,0.005121570736073134
2024-07-04,-1,11,-0.0012188426315354658
2024-07-04,1,104,-0.003463760838840235
2024-07-04,1,7,-0.012065452338155347
2024-07-04,1,5,0.00592838198384551
2024-07-04,-1,17,0.009257396016234454
2024-07-04,1,5,0.005619632438438238
2024-07-04,1,8,-0.0021282295562584427
2024-07-04,-1,5,-1.6778811098068112e-06
2024-07-04,-1,5,0.0001607543482478272
2024-07-04,-1,56,-0.0029766321780440915
2024-07-04,-1,5,-0.00036994453672409787
2024-07-04,-1,20,-0.0010093827748755887
2024-07-04,-1,5,-0.0037579591800985575
2024-07-04,-1,6,0.005267056973685813
2024-07-04,-1,5,-0.010646625900702178
2024-07-04,-1,7,0.0008444840344524977
2024-07-04,-1,121,0.0038178645689882725
2024-07-04,1,7,-0.013289734851041434
2024-07-07,-1,17,0.0012700334396878125
2024-07-07,-1,8,0.0014506439309974976
2024-07-07,-1,20,0.0034714047110817833
2024-07-07,-1,8,-0.0028658467833336584
2024-07-07,-1,5,-0.0003963920537492833
2024-07-07,1,5,-0.005251630656741923
2024-07-07,-1,14,0.0021671972308616953
2024-07-07,-1,42,0.00428161165823795
2024-07-07,1,5,-0.007242815126050494
2024-07-07,1,5,-0.001496312854627346
2024-07-07,-1,5,-0.0018920149263768945
2024-07-07,-1,6,-0.003629108254706725
2024-07-07,-1,6,-0.0013831650490641941
2024-07-07,-1,5,-0.005951765077799908
2024-07-07,-1,6,0.0037736498294970396
2024-07-07,-1,7,-0.001105
2024-07-07,-1,5,-0.0038289283536484305
2024-07-07,-1,5,-0.00264628538520415
2024-07-07,-1,70,0.011684952325627962
2024-07-07,1,6,-0.002115954828238986
2024-07-07,1,31,-0.0064363925935956075
2024-07-07,1,5,-0.00495435815693277
2024-07-10,1,10,-0.00457474415981216
2024-07-10,1,5,0.0030880173559907583
2024-07-10,1,6,-0.0005905663684918401
2024-07-10,-1,5,-0.005614254286575004
2024-07-10,-1,5,-0.002622425923508675
2024-07-10,1,5,0.0012828710484481757
2024-07-10,-1,5,-0.01058467479674805
2024-07-10,-1,5,-0.00031961017416424163
2024-07-10,-1,8,-0.001397134831460622
2024-07-10,1,7,-0.00472971225435268
2024-07-10,-1,6,-0.0029574255802545576
2024-07-10,-1,8,-0.001430366681807493
2024-07-10,1,17,-0.0060174140730194555
2024-07-10,1,8,0.00046239811912220964
2024-07-10,1,5,-0.0010434541629279256
2024-07-10,-1,5,-0.0007954304306886146
2024-07-10,-1,80,0.00036094969376157006
2024-07-10,-1,5,-0.00344626331472595
2024-07-10,-1,6,0.004233307177772061
2024-07-10,-1,5,-0.0018307569870167125
2024-07-10,1,6,0.0011099429660247576
2024-07-10,-1,5,-0.00981394742577999
2024-07-10,-1,5,0.004362087750097854
2024-07-10,1,5,-0.00505817745053736
2024-07-10,1,6,-0.0021243679918450994
2024-07-10,1,229,-0.0032115854954823716
2024-07-10,1,5,-0.0009114004026869788
2024-07-10,1,7,-0.0012437674225725722
2024-07-10,1,5,0.0005503887259316279
2024-07-10,1,6,-0.004490543215558062
2024-07-10,1,5,-0.0013311062247043145
2024-07-10,1,47,-0.0037879063310124247
2024-07-10,1,30,-0.001369804851741518
2024-07-13,1,62,-0.0009797591522159085
2024-07-13,-1,6,9.379228054287071e-05
2024-07-13,-1,9,0.0015737521505921007
2024-07-13,-1,6,5.4946143100110157e-05
2024-07-13,-1,5,-0.0032915889212828727
2024-07-13,-1,5,0.0032945340564644273
2024-07-16,-1,17,0.003220612101380716
2024-07-16,1,5,0.004372489137468705
2024-07-16,-1,5,-0.00011659934144934113
2024-07-16,-1,124,0.0022020363025664572
2024-07-16,1,6,0.001328843446854711
2024-07-16,-1,6,0.0006156098509957578
2024-07-16,1,13,0.0008859769388148923
2024-07-16,1,5,-0.008256015687124951
2024-07-16,1,5,-0.0020851319094194794
2024-07-16,1,6,0.0007856533029185989
2024-07-16,1,5,-0.008951359248228296
2024-07-16,1,7,-0.007318643966193616
2024-07-16,1,5,-0.00020288941851074281
2024-07-16,1,5,0.0050210522185759835
2024-07-16,-1,5,-0.0001440255837330313
2024-07-16,-1,5,-0.0035276293052571624
2024-07-16,-1,5,-0.0038062791351199717
2024-07-16,-1,253,-0.0014066087753513475
2024-07-16,-1,8,0.003989844286809508
2024-07-16,1,12,-0.00845408290363534
2024-07-16,-1,5,3.385161381455105e-05
2024-07-16,-1,5,-0.008022329406277206
2024-07-16,1,5,0.011875135533448456
2024-07-16,-1,5,0.004724521686165462
2024-07-16,1,7,0.0005063354702089743
2024-07-16,-1,5,0.000761501782711416
2024-07-16,-1,6,2.175730803235566e-05
2024-07-16,-1,23,0.0023913925421831465
2024-07-16,-1,9,-0.0045031269847689345
2024-07-16,1,6,0.0009991861164181607
2024-07-16,1,5,-0.004565567440624396
2024-07-16,1,19,-0.004945034313966956
2024-07-16,1,9,-0.0006743969229337838
2024-07-16,1,19,-0.005428742785281248
2024-07-16,1,40,0.0020321080078195223
2024-07-16,1,56,0.007188645235093683
2024-07-19,1,5,-0.002255663539523311
2024-07-19,1,5,-0.0033165771511478367
2024-07-19,-1,5,-0.0025341667400325726
2024-07-19,1,5,0.0033981055900621734
2024-07-19,-1,5,-0.0004946259779856406
2024-07-19,-1,15,-0.0027757120095569295
2024-07-19,1,7,-0.004270733931923542
2024-07-19,1,5,-0.005612274305300069
2024-07-19,1,31,0.0017677818695544193
2024-07-19,1,6,-0.0027490099701249267
2024-07-19,1,6,0.0026968885468107388
2024-07-19,-1,7,0.004030547415976438
2024-07-19,1,5,0.009421315789473717
2024-07-19,-1,5,-0.010415862381905372
2024-07-19,-1,9,-0.00021712070546051575
2024-07-19,-1,12,0.005129834867758665
2024-07-19,-1,8,-0.010168689066237224
2024-07-19,-1,5,-0.00017618080440326932
2024-07-19,-1,29,-0.00012562136133629175
2024-07-19,-1,19,-0.0019187535816619136
2024-07-19,-1,5,0.0006954805085858332
2024-07-19,-1,5,-0.0072887027487243735
2024-07-19,1,5,-0.0019494644782864553
2024-07-22,-1,5,-0.002257285224483851
2024-07-22,-1,5,0.0021897256181841133
2024-07-22,1,7,0.0012006046327623036
2024-07-22,-1,5,0.0010431366327957829
2024-07-22,1,8,-0.0035160175854127337
2024-07-22,1,5,-0.003694709878664137
2024-07-22,1,5,-0.0019525757343049396
2024-07-22,1,8,-0.0030278526486158027
2024-07-22,1,23,-0.0047659686609686554
2024-07-22,1,10,-0.0005239108729505388
2024-07-22,1,5,-0.008130412345594173
2024-07-22,1,98,-0.0011222824001797301
2024-07-22,1,200,0.0005079729106959533
2024-07-22,1,13,-0.00010944833201929026
2024-07-22,1,99,-0.004200886319513741
2024-07-22,-1,5,-0.0053602210727075935
2024-07-22,-1,6,-0.004235816425009897
2024-07-22,-1,5,-0.0011679704897388007
2024-07-22,-1,5,-4.815909740083456e-05
2024-07-22,-1,6,0.003333646769350241
2024-07-22,1,5,-0.0032685506365664804
2024-07-22,1,5,-0.006189178773914094
2024-07-22,1,5,-0.0006146062050774499
2024-07-22,1,5,0.002654856215213464
2024-07-22,-1,10,0.0007641480787064173
2024-07-22,1,5,-0.0003984499333989695
2024-07-22,1,5,0.0010036108367533995
2024-07-22,-1,143,-0.004735591630591651
2024-07-22,-1,196,0.00029339213677772626
2024-07-22,-1,9,-0.002494193115135967
2024-07-22,-1,6,-0.0031980847699331957
2024-07-22,-1,5,-0.0032106919665269903
2024-07-22,-1,10,0.00041581453795604996
2024-07-22,-1,17,0.003503043548164909
2024-07-22,1,5,-0.0020825678458038285
2024-07-22,1,133,-0.008121986823305316
2024-07-22,1,5,0.00014971972117341394
2024-07-22,1,7,-0.004718552853285684
2024-07-22,-1,5,-0.0012854192711061248
2024-07-25,1,6,-0.022714308812736592
2024-07-25,-1,6,0.002989220571806306
2024-07-25,-1,5,-0.005565554641002812
2024-07-25,-1,5,-0.0021055614435686373
2024-07-25,-1,5,0.00492283524543915
2024-07-25,-1,13,-0.0012119468254091267
2024-07-25,-1,154,0.0029637018573687394
2024-07-25,1,19,0.0023463939301314966
2024-07-25,1,5,0.007904124011884584
2024-07-25,-1,5,0.004525428271937715
2024-07-25,-1,21,0.008728951313880429
2024-07-25,-1,8,0.0019270048461597303
2024-07-25,-1,5,-0.0012693354212359505
2024-07-25,1,5,-0.005192842264901109
2024-07-25,1,5,-0.0017449742723910418
2024-07-25,1,7,0.013337184673613134
2024-07-25,-1,5,-0.00556939879429561
2024-07-28,1,5,-2.9864063272410746e-05
2024-07-28,1,16,-0.000174463616643727
2024-07-28,1,6,-0.0023272486288283597
2024-07-28,1,7,-0.00865074491791915
2024-07-28,1,5,0.0014997434405696012
2024-07-28,1,5,0.0024434151863460766
2024-07-28,-1,6,-0.0036817628452399994
2024-07-28,1,6,-0.000719413587330608
2024-07-28,1,7,-0.002582222332665562
2024-07-28,1,6,0.0008721011290288242
2024-07-28,1,37,-0.0027255922028456055
2024-07-28,1,5,-0.001285348163658195
2024-07-28,1,15,-0.001857482273842392
2024-07-28,1,6,-0.003991524648836875
2024-07-28,1,7,0.002861533526432725
2024-07-28,1,25,-0.0009359824529054701
2024-07-28,1,5,0.002133254414963615
2024-07-31,-1,5,0.001995987925356735
2024-07-31,-1,5,-0.004495648530260831
2024-07-31,-1,5,0.003402220689361047
2024-07-31,-1,18,-0.007437296234447199
2024-07-31,1,39,0.0008055567386674681
2024-07-31,1,5,-0.0012934194947319174
2024-07-31,1,5,-0.003480868486541366
2024-07-31,1,5,-0.0026298048158165162
2024-07-31,1,5,0.005371592749032006
2024-07-31,-1,6,-0.006180741716650484
2024-07-31,-1,5,-0.0026734855065905
2024-07-31,-1,6,-0.002737687487950646
2024-07-31,1,5,-0.003138981940888219
2024-07-31,-1,266,-0.0022983605757061817
2024-07-31,-1,6,2.7530120481978238e-05
2024-07-31,-1,17,-0.00164747095520088
2024-07-31,-1,11,0.0014954045073677594
2024-07-31,-1,5,-0.0014158214134830423
2024-07-31,-1,15,-4.268560322560021e-05
2024-07-31,-1,7,-0.0033156722316010964
2024-07-31,-1,9,-0.002111809529120689
2024-07-31,-1,6,-0.0011320915423215002
2024-07-31,-1,5,-0.0007137495636053477
2024-07-31,-1,5,-0.007564046576133609
2024-07-31,-1,5,0.004959303143390237
2024-07-31,1,5,-0.0013698209449293005
2024-07-31,1,8,-0.0037038669904697393
2024-07-31,1,7,-0.000179838323462
2024-07-31,1,5,-0.0008842741445361564
2024-07-31,1,9,-0.004324212307505992
2024-07-31,1,5,0.0035855256246181363
2024-07-31,-1,5,0.0051874764786264075
2024-07-31,1,11,0.003991221515761945
2024-07-31,-1,7,0.001427402069385986
2024-07-31,1,57,-0.01248824604159724
2024-07-31,1,5,-0.006229594379477099
2024-07-31,1,6,-0.005740843132426265
2024-07-31,1,10,0.002229447912022531
2024-07-31,1,6,-0.0048046890161236085
2024-07-31,1,20,-0.0037050396196512732
2024-07-31,1,68,0.004864000905898136
2024-07-31,-1,5,0.0014327423651882224
2024-08-03,1,22,-0.0012053680160589494
2024-08-03,1,6,-0.009285041234905122
2024-08-03,1,5,0.0002767031273339885
2024-08-03,1,5,0.007015776106387728
2024-08-03,1,68,-0.002150753397855176
2024-08-03,1,263,0.003357053963492974
2024-08-03,1,5,-0.002476290290054894
2024-08-03,1,5,-0.0014525878081046214
2024-08-03,1,7,0.0011387032913271703
2024-08-03,1,5,0.0005195669503212045
2024-08-03,1,15,0.0025182249052219333
2024-08-03,1,8,-6.702361340015883e-06
2024-08-03,1,5,-0.002707762921856793
2024-08-03,1,5,-0.0008162563036778532
2024-08-03,1,13,-0.0005478314900900556
2024-08-03,1,9,0.00031747510668558333
2024-08-03,-1,42,-0.0007744093446959472
2024-08-03,-1,124,-0.0051844968620536665
2024-08-03,-1,5,0.002381321996699626
2024-08-03,-1,6,-0.0021260190235464545
2024-08-03,-1,5,-0.0006896223885209713
2024-08-03,1,5,-0.009854263642692573
2024-08-03,1,5,-0.011089711755712805
2024-08-03,1,5,0.0011491397156157216
2024-08-03,1,5,-0.007207659844976044
2024-08-03,1,5,-0.000781889338035668
2024-08-03,1,5,0.000998559870550109
2024-08-03,1,20,-0.0029439808952227194
2024-08-03,1,5,-0.007357454475930702
2024-08-03,1,5,0.0034280947128925384
2024-08-03,1,5,0.0038744365156377033
2024-08-03,1,53,-0.006797991020475491
2024-08-03,1,6,0.008567428029225522
2024-08-03,1,14,-0.0023756262126752633
2024-08-03,1,5,-0.0012528044169458404
2024-08-03,1,6,0.00011237754866924056
2024-08-06,-1,47,-0.025542406370090507
2024-08-06,-1,25,-0.0031967110512725935
2024-08-06,1,5,-0.007215685927484871
2024-08-06,-1,7,-0.004460438507424591
2024-08-06,-1,5,0.004977710607914654
2024-08-06,-1,5,0.008742764034253137
2024-08-06,-1,5,-0.004087973726098237
2024-08-06,-1,5,-0.041902705410370535
2024-08-06,-1,5,0.004764425912748749
2024-08-06,-1,5,0.003657074553010809
2024-08-06,-1,5,-0.005271221557525995
2024-08-06,-1,20,0.01031464512846605
2024-08-06,-1,15,-0.006267440236524679
2024-08-09,-1,5,-0.0019217975541033546
2024-08-09,-1,6,0.001125797734767198
2024-08-09,-1,12,-0.0021248574432842556
2024-08-09,-1,5,-0.001361531324705378
2024-08-09,1,6,0.0059815280538259245
2024-08-09,-1,162,-0.006946761699367343
2024-08-09,-1,5,0.0026915072133636645
2024-08-09,-1,6,0.00564357113127747
2024-08-09,1,5,0.0003594642126251383
2024-08-09,1,5,-0.0018215742498480566
2024-08-09,1,6,-0.00232919244605676
2024-08-09,1,5,-0.004776428030159518
2024-08-09,1,5,-0.0007707792091880878
2024-08-09,1,10,-0.0018978469274336437
2024-08-09,1,6,-0.0046998122223615765
2024-08-09,-1,23,0.005679891140783622
2024-08-09,1,5,0.0002339602915787612
2024-08-09,-1,5,0.007055532557961786
2024-08-09,1,5,0.0020284622823984137
2024-08-09,-1,5,0.005457614268393663
2024-08-09,1,6,-0.0024997868384960317
2024-08-09,1,5,0.0017870807453416408
2024-08-09,1,11,0.006764687573790474
2024-08-09,1,6,0.000779616575338116
2024-08-09,1,5,0.00026358307066622934
2024-08-09,1,11,0.0012760537808424125
2024-08-09,-1,9,0.0003307390968736671
2024-08-09,-1,5,0.0004984906758559674
2024-08-09,1,6,-0.005382491106302489
2024-08-09,-1,5,6.20768768561324e-05
2024-08-09,-1,5,-2.8163898300492362e-05
2024-08-09,-1,5,0.00417151642075011
2024-08-12,1,5,-0.0062757240581755355
2024-08-12,1,5,0.0015522815419318995
2024-08-12,1,8,-0.0017225656114292272
2024-08-12,1,29,0.0015544906385930538
2024-08-12,1,9,0.0027561711956628713
2024-08-12,1,5,0.0009995426651771225
2024-08-12,1,96,-0.0029059887781526014
2024-08-12,1,5,-0.0031624350904799533
2024-08-12,-1,5,-0.010535363568436961
2024-08-12,-1,115,-0.006373000295039155
2024-08-12,1,5,0.0041700771153020625
2024-08-12,-1,5,-0.0024269996984912275
2024-08-12,-1,5,-0.005167639343575203
2024-08-12,-1,6,-0.014125230500961905
2024-08-12,-1,5,0.0002571072247813614
2024-08-12,1,30,-0.0024066693535414792
2024-08-12,1,5,0.0026468740629685076
2024-08-12,1,6,-0.020311083854501064
2024-08-12,1,6,0.02396396551724136
2024-08-12,-1,5,-0.011309500580395015
2024-08-12,-1,5,0.01800509065942182
2024-08-12,-1,5,0.002646080251512384
2024-08-12,-1,5,-0.00046153787448008864
2024-08-12,1,6,0.003091829814038239
2024-08-12,1,5,-0.007129141691422513
2024-08-12,-1,6,0.0008203811199614334
2024-08-12,1,6,0.008046439374538661
2024-08-12,1,5,-0.00012616085838943424
2024-08-12,1,5,0.0015129186984562896
2024-08-12,1,9,0.0027921684053652477
2024-08-12,-1,10,-0.019687115873693626
2024-08-12,-1,5,0.004896998235135364
2024-08-15,-1,5,-0.0019083485368921235
2024-08-15,-1,15,0.0026569904076738874
2024-08-15,1,10,-0.0014480480003316917
2024-08-15,1,5,0.001534929501022875
2024-08-15,1,6,-0.003033444174930988
2024-08-15,-1,5,0.0002700287249150172
2024-08-15,-1,55,0.0010215364602970348
2024-08-15,-1,5,0.0019086065468523431
2024-08-15,1,5,-0.006668862975642042
2024-08-15,1,5,-0.002118406684674312
2024-08-15,1,5,-0.009303159705797181
2024-08-15,-1,5,-0.001453795314643935
2024-08-15,-1,5,-0.001579779265930092
2024-08-15,-1,8,-0.0023206317283691377
2024-08-15,-1,5,-0.00407215560617189
2024-08-15,-1,16,0.001148992787223158
2024-08-15,-1,5,0.003534087984649182
2024-08-15,1,5,-0.0004684795447183805
2024-08-15,-1,5,-7.911704800320728e-05
2024-08-15,-1,86,-0.0004536244370656246
2024-08-15,-1,5,0.0029170406327311497
2024-08-15,1,6,-0.0035501259484753463
2024-08-15,1,9,-0.03527594921402675
2024-08-15,1,5,-0.0030241677861812862
2024-08-15,1,6,-0.003945284970027862
2024-08-15,1,14,0.004227040717402009
2024-08-15,1,5,-0.003105691791267606
2024-08-15,1,5,-0.0012470516199803768
2024-08-15,-1,5,-0.004479999999999906
2024-08-15,-1,5,-0.002987309017582573
2024-08-15,-1,5,-0.0008643167701863681
2024-08-15,-1,5,0.0019069897374988324
2024-08-18,-1,5,-0.0007988724749261373
2024-08-18,-1,37,-0.0017401538526290224
2024-08-18,-1,5,0.00036027714014621494
2024-08-18,-1,5,-0.0022144533073185976
2024-08-18,-1,20,-0.002526583613573807
2024-08-18,-1,157,-0.00999729677611314
2024-08-18,-1,5,-0.003419150672727111
2024-08-18,-1,39,0.001701026365348324
2024-08-18,-1,5,-0.0034957993881366885
2024-08-18,-1,10,-0.0064419464988051175
2024-08-18,-1,5,1.9649247680520354e-05
2024-08-18,-1,5,0.002211699921013133
2024-08-18,-1,5,0.0009772507747690898
2024-08-18,-1,7,0.0038409018601381025
2024-08-18,-1,5,-0.00018602025506384522
2024-08-18,-1,6,0.0016997537945010691
2024-08-18,1,122,0.0034500144949504382
2024-08-18,1,7,-0.0060571069170486155
2024-08-21,1,5,3.758620890672627e-05
2024-08-21,1,5,-0.0021288987271078415
2024-08-21,1,241,0.00010240125321239225
2024-08-21,-1,6,-0.0009931729386224216
2024-08-21,-1,6,-0.0007013494614147349
2024-08-21,-1,5,-0.002081697685149519
2024-08-21,-1,31,-0.0007592889299473433
2024-08-21,1,5,-0.0005371188918979803
2024-08-21,1,105,-0.007121595905930733
2024-08-21,1,5,0.0019043312597199161
2024-08-21,-1,53,-0.002414640972388948
2024-08-21,1,9,-0.001655317207488993
2024-08-21,1,9,-0.002504577412914188
2024-08-21,1,5,-0.0007671739687570063
2024-08-21,1,6,-0.0006082155152006048
2024-08-21,1,17,0.0034118800931314482
2024-08-21,-1,5,-0.0019995436675524832
2024-08-21,-1,5,0.004421324878823874
2024-08-21,-1,5,-0.0023196091341682653
2024-08-21,-1,7,0.003631900647823839
2024-08-21,-1,5,-0.002524012459621616
2024-08-21,-1,5,-0.008699013814274714
2024-08-21,-1,5,-0.0014137066714941856
2024-08-21,-1,211,-0.005099531794416778
2024-08-21,-1,5,-0.0013363261053406014
2024-08-21,-1,25,0.0014490267604405863
2024-08-21,-1,5,-0.006565921464223834
2024-08-21,-1,12,0.004597411078970182
2024-08-21,1,5,-0.0022956799809795477
2024-08-21,1,8,-0.001514551654702578
2024-08-21,1,9,-0.001108803799996094
2024-08-24,1,27,-0.00168141902400285
2024-08-24,1,7,-0.0030859164459602125
2024-08-24,1,7,-0.0015125454122030032
2024-08-24,1,6,0.0021841864357444955
2024-08-24,1,42,-0.0008429512152511083
2024-08-24,1,5,-0.0009884897725865645
2024-08-24,1,8,0.000505153438151185
2024-08-24,1,5,0.0015819486385032725
2024-08-24,1,60,-0.0008257342151361864
2024-08-24,-1,214,-0.0004809716626207101
2024-08-24,1,12,-0.0007402434298674261
2024-08-24,1,5,-8.266394404974297e-05
2024-08-24,1,9,-0.0018385484593674613
2024-08-24,1,5,-0.0032677486437613142
2024-08-24,1,8,0.0002007339857167615
2024-08-24,1,12,0.0012956769836457663
2024-08-24,1,41,-0.0009416540950818226
2024-08-24,1,22,-0.0015111679504474559
2024-08-24,1,193,0.00022994397225630826
2024-08-24,1,5,0.0016974711051815031
2024-08-24,-1,5,0.0018263530415008281
2024-08-24,1,11,-0.004346990955418994
2024-08-24,-1,12,-0.002895542484036095
2024-08-24,1,5,0.0025059765071161703
2024-08-24,1,22,-0.0031854884500719157
2024-08-24,1,5,-0.0032164713734584623
2024-08-24,1,5,-0.006873808870442732
2024-08-24,1,5,-0.002764061123877814
2024-08-27,1,6,0.0015142075218267607
2024-08-27,1,7,0.001222290087012157
2024-08-27,1,5,0.001221656624259682
2024-08-27,1,33,-0.003445729440094558
2024-08-27,1,5,0.003444934974158232
2024-08-27,-1,239,-0.0016790977531902836
2024-08-27,-1,5,-0.0017599300229599098
2024-08-27,-1,5,-0.0030865673342529206
2024-08-27,-1,262,-0.0017840276917139072
2024-08-27,-1,5,0.00683389166991113
2024-08-27,1,5,0.002252938270773797
2024-08-27,1,7,-0.0009931932021466135
2024-08-27,1,60,0.002020070089789794
2024-08-27,-1,5,0.0018723091823936947
2024-08-27,1,6,-0.008615930084824952
2024-08-27,1,6,-0.008082339649212544
2024-08-27,1,6,0.0012675921807282723
2024-08-27,1,7,-0.002440911274177759
2024-08-27,1,5,-0.00044801996913710295
2024-08-27,1,5,-0.0011623997895341184
2024-08-27,1,33,-0.004650881793717842
2024-08-27,-1,5,0.0038153707191812777
2024-08-27,-1,5,0.0012496577833020165
2024-08-27,-1,5,0.0021376499290790777
2024-08-27,-1,5,0.004200810812382017
2024-08-27,1,8,0.0006435445022100698
2024-08-27,-1,82,-0.00271866025469456
2024-08-27,-1,5,-0.0005244192644428875
2024-08-27,-1,5,-0.0028185408406794284
2024-08-27,-1,5,0.00030836752189558093
2024-08-27,-1,9,0.0036802623197313097
2024-08-27,-1,16,0.00022168572246352748
2024-08-27,-1,6,0.00819932625982347
2024-08-27,1,21,-0.027250901852428153
2024-08-27,-1,5,0.0013683622165256096
2024-08-27,-1,5,-0.004880064960533481
2024-08-27,-1,5,-0.000982955510715566
2024-08-30,-1,5,-0.0004585286232142489
2024-08-30,1,5,0.0008806300986436092
2024-08-30,-1,5,-0.001769822575475288
2024-08-30,-1,7,0.0005444013503731696
2024-08-30,1,5,0.004521737170361329
2024-08-30,-1,5,0.0016556282208977317
2024-08-30,1,5,-0.004654542379626014
2024-08-30,1,6,-0.012180341149336837
2024-08-30,1,5,-0.00808626976404756
2024-08-30,1,5,-0.004345916262061799
2024-08-30,1,5,-0.00031648212760924065
2024-08-30,1,5,0.0076452198804667585
2024-08-30,-1,5,0.0014852738869536534
2024-08-30,-1,5,-0.0075157521542162705
2024-08-30,-1,5,-0.01971546170655478
2024-08-30,-1,5,0.007626887340141742
2024-08-30,1,5,0.0030031971934653353
2024-08-30,-1,5,-0.0005765364778899991
2024-08-30,-1,5,-0.00032322604775578644
2024-08-30,-1,8,-0.002090689685885527
2024-08-30,-1,5,0.00031485342682993113
2024-09-02,-1,13,-0.005968949214285235
2024-09-02,-1,5,0.003769563677560118
2024-09-02,-1,14,0.0033400447574259092
2024-09-02,-1,5,0.004372234732208069
2024-09-02,-1,8,0.0007870045440798949
2024-09-02,-1,5,-0.0002676945714018326
2024-09-02,-1,6,0.0020792317172369183
2024-09-02,-1,54,-0.003017022454007234
2024-09-02,-1,22,0.002293909906499381
2024-09-02,-1,14,-0.0007336790358712704
2024-09-02,-1,6,0.0051211670490826314
2024-09-02,-1,5,-0.01350844349064837
2024-09-02,-1,6,0.0022570780228393875
2024-09-02,-1,5,-0.019672219421920187
2024-09-02,-1,5,-0.0057107860435542165
2024-09-02,-1,8,0.0018222570692666643
2024-09-02,1,8,-0.0007476529445396891
2024-09-02,-1,7,-0.0026815542163890257
2024-09-02,-1,6,0.0029586868939160075
2024-09-02,1,7,0.006666191796053234
2024-09-02,1,5,0.0010495812678636088
2024-09-02,1,6,-0.0025949576852017705
2024-09-02,1,26,-0.002040304770054435
2024-09-02,1,5,-0.0008779092712779319
2024-09-02,-1,57,-0.003243646292549229
2024-09-02,-1,15,-0.0015016396687264951
2024-09-02,-1,5,-0.0013904899721647098
2024-09-02,-1,24,-0.0002648636759927432
2024-09-02,-1,19,-0.0031898279224254807
2024-09-02,-1,5,-0.002902395948550884
2024-09-02,-1,6,0.0038531352097928248
2024-09-02,-1,46,-0.0011128571877553114
2024-09-02,-1,62,-0.000700194208526161
2024-09-02,-1,37,-7.023097382383668e-05
2024-09-02,-1,18,-0.000679533464124948
2024-09-05,-1,5,0.0011236388222375607
2024-09-05,-1,225,0.0063530232586449745
2024-09-05,1,14,0.0006992565726490433
2024-09-05,1,5,-0.008538536527641338
2024-09-05,1,38,0.0015148367384280274
2024-09-05,1,11,0.0014418195864528641
2024-09-05,1,9,-0.0020140343067057472
2024-09-05,1,22,0.0021618529456054695
2024-09-05,1,5,-0.000325813853679779
2024-09-05,1,8,-0.001890969606387993
2024-09-05,1,81,-0.002703012106405755
2024-09-05,1,87,0.00039085810717378634
2024-09-05,1,22,0.0008554229151657381
2024-09-05,1,30,-0.0018534873447097807
2024-09-05,1,6,-0.0016704900285257947
2024-09-05,1,5,0.0024342737779231797
2024-09-05,1,9,-0.001075738966500461
2024-09-05,1,5,-0.00036522210055132075
2024-09-05,-1,5,0.014900020530979188
2024-09-05,1,5,-0.001299131325621516
2024-09-05,1,5,0.0024764559231444053
2024-09-05,1,26,-0.0005480638240421327
2024-09-05,1,6,0.004255856049837936
2024-09-05,-1,23,-0.0007413499567382238
2024-09-05,-1,5,0.012257591431556825
2024-09-05,1,5,-0.003780627694648908
2024-09-05,1,5,0.0036782091986748097
2024-09-05,1,5,0.004532509816823316
2024-09-08,-1,40,-0.005222937018247142
2024-09-08,-1,7,0.0024263713637095122
2024-09-08,-1,100,0.002333420421075672
2024-09-08,-1,5,-0.002587831859950906
2024-09-08,-1,5,0.0022724079264629053
2024-09-08,-1,7,-0.004029219080747692
2024-09-08,-1,8,-0.002423773149256325
2024-09-08,-1,93,-0.0017962682816548888
2024-09-08,-1,5,-0.00161340166338606
2024-09-08,-1,6,-0.0018604411298622555
2024-09-08,-1,7,0.0026347449858349584
2024-09-08,-1,7,-0.00048693957806487064
2024-09-08,-1,93,0.0025254750959854636
2024-09-08,1,15,-0.0025087919931213506
2024-09-08,-1,5,0.0023473548740417186
2024-09-08,1,17,-0.00030771341731980993
2024-09-08,1,19,-0.007039365651944273
2024-09-08,1,5,-0.001312977485331079
2024-09-08,1,5,0.0010826378412337693
2024-09-08,1,31,-0.0005008213941420698
2024-09-08,1,15,0.006321280955784126
2024-09-08,-1,12,-0.005327738432649864
2024-09-08,-1,11,-0.0022132086598590558
2024-09-08,-1,7,0.00033269757350065134
2024-09-08,-1,15,-0.0006475011987348895
2024-09-08,-1,6,-0.0009817724956211245
2024-09-08,-1,27,-0.007616173331924525
2024-09-08,-1,5,-0.004095375550829594
2024-09-08,-1,6,-0.011716923657112943
2024-09-08,-1,5,-0.00026868395053178905
2024-09-11,1,9,-0.0062297911773202316
2024-09-11,1,5,-0.001753134508953957
2024-09-11,1,85,-0.014246540159855802
2024-09-11,1,5,0.001687487527456533
2024-09-11,1,10,-0.0005184199318207567
2024-09-11,1,5,-0.007459757177150061
2024-09-11,1,40,-0.0007769677250323066
2024-09-11,1,6,-0.008189127207396263
2024-09-11,1,5,-0.00572658369700949
2024-09-11,1,5,-0.0009373518032927737
2024-09-11,1,6,-0.0013328815188089257
2024-09-11,1,44,0.0025705686586755764
2024-09-11,1,49,2.7068974422972858e-05
2024-09-11,1,5,-0.00017524793388421455
2024-09-11,1,6,-0.005628562552993576
2024-09-11,1,5,0.004941729052866517
2024-09-11,1,5,-0.00016608139304516943
2024-09-11,1,5,0.00459727574207105
2024-09-11,1,6,-0.01787565071671657
2024-09-11,1,6,-0.002597478692902699
2024-09-11,1,35,0.005354592582394702
2024-09-11,1,7,0.004393080411580508
2024-09-11,1,6,-0.001455650627964022
2024-09-14,-1,5,0.0026290073695354414
2024-09-14,1,5,0.0010824806896127196
2024-09-14,1,9,-0.003867430939226568
2024-09-14,1,5,0.0011822052746090165
2024-09-14,1,144,-0.0007919516505062503
2024-09-14,1,16,-0.00031467164326546236
2024-09-14,1,69,-0.0018209875072525469
2024-09-14,1,13,-0.0024275115359262186
2024-09-14,1,6,-0.0018765444504499126
2024-09-14,1,22,-0.0021205804909465217
2024-09-14,1,30,-0.0016132182611497733
2024-09-14,1,58,-0.0023450434841914888
2024-09-14,1,15,-1.6658086835574337e-05
2024-09-14,1,64,-0.001543067214388438
2024-09-14,1,184,-0.0032307237386269613
2024-09-14,1,5,0.00013391091857597494
2024-09-14,1,5,2.9257135771888505e-07
2024-09-14,1,5,-0.002064232613908734
2024-09-14,1,123,-0.0029716523184154294
2024-09-14,1,57,-0.00013034113060426077
2024-09-14,1,5,0.0016808848500930122
2024-09-14,1,13,-0.001832826115724306
2024-09-14,1,19,-0.0010967194208562955
2024-09-14,1,182,-0.0014154664447866058
2024-09-14,1,17,0.0008826187912792886
2024-09-14,1,99,-0.0006090215585295762
2024-09-14,1,5,-0.0012663343592544726
2024-09-14,1,103,-0.001150546391069462
2024-09-14,1,6,-0.0008566042227283517
2024-09-14,1,20,-0.0021485906143104746
2024-09-14,1,6,-0.0018180036106169913
2024-09-14,1,27,-0.0056898339501766145
2024-09-14,-1,162,-0.0015828426443396989
2024-09-14,-1,5,-0.001357623557768006
2024-09-14,-1,7,-0.001999535876686753
2024-09-14,-1,5,-0.00028185600357397654
2024-09-14,-1,7,-0.00041759239627812094
2024-09-14,-1,92,-0.0021032685632390354
2024-09-14,-1,43,-0.00039742648062865936
2024-09-17,-1,5,-0.00019818405747815636
2024-09-17,1,27,-0.009606682396747978
2024-09-17,1,5,0.0025666681376876003
2024-09-17,1,24,-0.00043652140450864917
2024-09-17,1,6,0.002573506447274632
2024-09-17,1,5,-0.0029771267447303625
2024-09-17,-1,21,-0.0007415228815414783
2024-09-17,-1,14,-0.002783196987112024
2024-09-17,-1,5,-0.003714917687211194
2024-09-17,-1,9,-0.0027630500287222134
2024-09-17,-1,7,-0.0009485605616174948
2024-09-17,-1,7,-0.00039227879567502687
2024-09-17,-1,16,-0.0050355202287005515
2024-09-17,-1,69,-0.0002251570714666191
2024-09-17,-1,5,-0.00011609815606514705
2024-09-17,-1,12,-0.002670303872181234
2024-09-17,-1,13,0.0003476149230243978
2024-09-17,-1,12,-0.0038155425840505682
2024-09-17,-1,5,-0.0019410663509152656
2024-09-17,-1,5,0.005930245156537417
2024-09-17,-1,5,-0.014263915898488388
2024-09-17,-1,5,-0.00578740522386143
2024-09-17,-1,5,-0.00964777735465847
2024-09-17,-1,5,-0.0014751475963540091
2024-09-17,-1,5,0.0021847092335103516
2024-09-17,-1,5,0.0016401526938394587
2024-09-17,1,5,-0.0016744857628559814
2024-09-17,1,5,0.005431646717345551
2024-09-17,-1,6,0.0019895558739254863
2024-09-20,1,20,-0.0029928364743027954
2024-09-20,1,6,-0.004125593846304265
2024-09-20,1,5,0.0013320198028302869
2024-09-20,1,33,-0.0025570477544244238
2024-09-20,1,25,0.00034650936530202826
2024-09-20,-1,5,-0.018671083268526265
2024-09-20,-1,5,9.796259022212296e-05
2024-09-20,-1,5,-0.0050160039818983645
2024-09-20,1,17,-0.002515415070618898
2024-09-20,1,5,0.006450228682338155
2024-09-20,-1,5,0.0012059563533733057
2024-09-20,-1,5,0.003618752164890405
2024-09-20,1,8,0.0005281914759968313
2024-09-20,-1,19,-0.0002566636817796559
2024-09-20,1,5,0.002937554863244563
2024-09-20,1,7,-0.008643160469667377
2024-09-20,1,5,-0.005289727519414899
2024-09-20,1,7,0.0031444094745213488
2024-09-20,-1,28,-4.560730667055822e-05
2024-09-20,1,5,0.00270871673371933
2024-09-20,-1,5,-0.007998214197188469
2024-09-20,-1,5,0.0022661464241629185
2024-09-20,-1,11,0.0019368012480791789
2024-09-20,1,5,-0.003656933217205371
2024-09-20,1,5,-0.0010103164796667393
2024-09-20,1,9,0.0023535682475007928
2024-09-20,1,11,0.0006832252848753221
2024-09-20,-1,70,0.0012271463205876468
2024-09-20,1,8,-0.00023123193425464937
2024-09-20,1,5,-0.0010459281371098857
2024-09-20,-1,170,-0.0006731380073887512
2024-09-20,-1,5,-0.00237546866177305
2024-09-20,-1,8,0.0004977776253811909
2024-09-23,-1,5,-0.01203621023558763
2024-09-23,-1,5,-0.0032615286795290906
2024-09-23,-1,37,-0.007132665340351041
2024-09-23,-1,5,-0.011960513307984843
2024-09-23,-1,5,-0.005380286365292841
2024-09-23,-1,5,-0.002335435514333328
2024-09-23,-1,66,0.005208612162757609
2024-09-23,1,74,-0.0013536971659827476
2024-09-23,-1,9,0.005062054060133514
2024-09-23,-1,5,-0.0030189799502139177
2024-09-23,-1,5,-0.0032380020319649813
2024-09-23,-1,5,-0.00020755789618718222
2024-09-23,-1,13,0.0011319779918648413
2024-09-26,1,6,0.0036337069932065543
2024-09-26,1,5,0.003394564432829173
2024-09-26,1,14,-0.0011589679969778773
2024-09-26,-1,6,-0.001143300969014582
2024-09-26,-1,5,-0.002065401608577133
2024-09-26,-1,21,9.866372310387596e-05
2024-09-26,-1,5,-0.0041958417099346775
2024-09-26,-1,5,-0.0006786565422784769
2024-09-26,-1,73,6.0177194512256904e-05
2024-09-26,-1,5,0.0015706209765634863
2024-09-26,-1,5,-0.007713963908413701
2024-09-26,-1,5,0.003367627896310866
2024-09-26,-1,8,0.0004126642424610253
2024-09-26,-1,5,-0.0016034760331963046
2024-09-26,-1,5,0.00326423844476278
2024-09-26,1,5,0.008376028385740275
2024-09-26,-1,5,-0.0015432584515874034
2024-09-26,-1,5,-0.002114868830097016
2024-09-26,1,6,0.0021071055275617926
2024-09-26,-1,5,0.001536997982748001
2024-09-29,1,15,-0.002276753624761851
2024-09-29,1,8,-0.0011837478344344007
2024-09-29,1,8,0.0046275819864202376
2024-09-29,1,7,0.0015011587844423694
2024-09-29,1,5,-0.0008349243788262401
2024-09-29,1,5,-0.002278277755703195
2024-09-29,1,6,-0.003158842976758258
2024-09-29,1,5,-0.0020766416224156977
2024-09-29,1,5,-0.003506509736514651
2024-09-29,1,9,-0.0020601062176657022
2024-09-29,1,7,0.003046282761551745
2024-09-29,1,6,-0.0018911100402880573
2024-09-29,1,32,0.0021501246474561423
2024-09-29,1,5,0.0012086353514421336
2024-09-29,-1,271,-0.0007258424055859076
2024-09-29,1,68,0.004999923179087729
2024-09-29,-1,21,-0.00041888207770011076
2024-09-29,-1,81,-0.001097497195826946
2024-09-29,1,18,0.0008181854876646803
2024-09-29,1,6,0.0013604887944286496
2024-09-29,1,5,0.00011069335922799829
2024-09-29,1,5,-0.004215648045407172
2024-09-29,1,15,-0.0007732912854844005
2024-10-02,-1,5,-0.004645961187809222
2024-10-02,-1,17,-0.0038477161816195867
2024-10-02,1,6,0.0017536467992064434
2024-10-02,-1,9,-0.004851946299135967
2024-10-02,-1,8,0.0007130066941172467
2024-10-02,-1,72,-0.0018661882591744835
2024-10-02,-1,5,-0.003934504232164437
2024-10-02,-1,12,0.0026555325074908657
2024-10-02,-1,5,0.0010333956797158542
2024-10-02,-1,5,0.007479090495173724
2024-10-02,1,6,0.0005267938717980151
2024-10-02,1,5,0.004918357377692662
2024-10-02,1,5,-0.0035357619644790002
2024-10-02,1,8,-0.0031644256445389814
2024-10-02,1,5,-0.005630832913136019
2024-10-02,1,5,0.009055597672509208
2024-10-02,-1,5,0.006148197722984939
2024-10-02,-1,5,-9.4923774004529e-05
2024-10-02,-1,5,-0.004825550739418682
2024-10-02,-1,5,-0.00316744279467116
2024-10-02,1,5,-0.0011377245208925354
2024-10-02,1,5,-0.012163945412387722
2024-10-02,1,5,-0.013145478625655715
2024-10-02,1,5,-8.99684216735207e-06
2024-10-02,1,5,-0.00359624271279888
2024-10-02,1,85,0.005330871739250087
2024-10-02,-1,6,0.0025835813439194725
2024-10-02,1,7,0.0020672966836618126
2024-10-02,1,6,0.003956757679470036
2024-10-02,-1,5,-0.0014923586351503811
2024-10-05,1,286,0.0012061140563778498
2024-10-05,-1,5,0.002173012576023004
2024-10-05,1,7,-0.0014571462276853128
2024-10-05,1,11,-0.007836662024141216
2024-10-05,1,6,-0.000275107177113298
2024-10-05,-1,5,-0.0007242446973616308
2024-10-05,-1,17,-0.00444109271523172
2024-10-05,-1,45,-0.000250789402011264
2024-10-05,-1,247,0.0006645529398146225
2024-10-05,-1,10,-0.0005346483658184904
2024-10-05,-1,6,0.0017304526789855505
2024-10-05,1,16,-0.0025300059375245928
2024-10-05,1,30,-0.001288651662882367
2024-10-05,1,9,-0.00034490260730111143
2024-10-05,1,8,-0.0028118763328451642
2024-10-05,1,16,0.004088262974794832
2024-10-05,-1,6,-0.0026879735038415117
2024-10-05,-1,5,9.920104777896323e-05
2024-10-05,-1,64,-0.002108270995104
2024-10-08,1,5,0.0034799241755795415
2024-10-08,1,5,-0.0027734200144650997
2024-10-08,1,5,0.0017099190710766713
2024-10-08,1,22,0.0018566265467187208
2024-10-08,1,30,-0.0043554309283427625
2024-10-08,1,295,-0.001240919930804418
2024-10-08,1,10,-0.004762406454004253
2024-10-08,1,6,0.0036088798953023645
2024-10-08,1,5,-0.008011685655250322
2024-10-08,1,5,0.004187539093559645
2024-10-08,1,5,0.002091775139497454
2024-10-08,1,8,0.004706630675195412
2024-10-08,-1,5,-0.002689701472622907
2024-10-08,1,5,0.002049873351423948
2024-10-08,-1,18,0.011325712716061443
2024-10-08,1,5,0.001621029845040223
2024-10-08,-1,6,-0.00783673597692922
2024-10-08,-1,5,0.0012351447529118879
2024-10-08,-1,5,-0.0026407567822396057
2024-10-08,-1,5,-0.007168494150124971
2024-10-08,-1,28,0.0009437512471106805
2024-10-08,1,6,0.004268176148701919
2024-10-08,-1,10,-0.00012238411273877102
2024-10-08,-1,113,-0.002913919078558624
2024-10-08,-1,6,-0.0019933030546162907
2024-10-08,-1,54,0.0017437712895872707
2024-10-08,1,7,0.0008330004105933323
2024-10-11,-1,5,-0.00010662759870458903
2024-10-11,-1,177,-0.0007239471215852773
2024-10-11,-1,5,-0.00353801870199919
2024-10-11,-1,9,0.0003578230400879349
2024-10-11,-1,135,-0.004062162789729129
2024-10-11,-1,265,0.0010739470631854434
2024-10-11,-1,135,-0.0017075247866230377
2024-10-11,-1,5,0.0018510530679934026
2024-10-11,-1,5,-0.00022449528805388262
2024-10-11,-1,5,-0.0031031389475085543
2024-10-11,-1,5,-0.00018104214573675347
2024-10-11,-1,9,-0.0011174303383124414
2024-10-11,-1,5,-0.004420100281783501
2024-10-11,-1,31,-0.0012044332305856994
2024-10-11,-1,8,-0.0014566538071695053
2024-10-11,-1,7,-0.0016917768595042567
2024-10-11,-1,5,-0.0035391239422907003
2024-10-11,-1,49,0.0001445992239333064
2024-10-11,-1,5,-0.003170248693791988
2024-10-11,-1,5,-0.00023041111836528082
2024-10-11,-1,5,-0.00581639615194871
2024-10-11,-1,6,-0.0021907451899439764
2024-10-11,-1,5,0.002156874943725651
2024-10-11,-1,8,-0.0064053461031575495
2024-10-11,-1,5,-0.001964465167104556
2024-10-11,-1,61,-0.0008800207594480187
2024-10-11,-1,7,-0.008235584192439837
2024-10-11,-1,169,3.5885099472188664e-05
2024-10-11,-1,11,0.0008662882877025439
2024-10-11,-1,6,-0.0011619705502948548
2024-10-11,1,14,-0.0019781225814915256
2024-10-14,1,5,-0.0016550706942707102
2024-10-14,1,21,0.0016173637289861546
2024-10-14,1,5,-0.003480703440491428
2024-10-14,1,6,-0.0021709065106057853
2024-10-14,1,6,0.008331774428015493
2024-10-14,-1,44,-0.0181628365374896
2024-10-14,1,5,0.00207788753138396
2024-10-14,1,5,-0.005194219330854932
2024-10-14,1,7,0.0026694095035658897
2024-10-14,1,55,0.001679070207676681
2024-10-14,1,7,0.004281003529854966
2024-10-14,1,31,0.0004767515817517779
2024-10-14,1,6,0.002346049380514881
2024-10-14,1,5,0.004779875162758485
2024-10-14,1,47,-0.0012183605137967343
2024-10-14,1,5,0.004383250918294302
2024-10-14,1,5,0.006066460625136516
2024-10-14,1,5,0.0033543558282208793
2024-10-14,1,7,0.004527297947035125
2024-10-14,1,5,-0.002155639296944045
2024-10-14,1,5,-0.005221897111721585
2024-10-14,1,17,-0.0033519428248260704
2024-10-14,1,86,0.00407537793472037
2024-10-14,1,5,-0.0026511058645657167
2024-10-14,1,5,0.0006688865626188981
2024-10-14,1,5,-0.004450460628110142
2024-10-14,1,5,-0.001146961669921875
2024-10-14,1,43,0.00014635436219081512
2024-10-14,1,109,-0.0022290493209980774
2024-10-14,1,5,-0.0035152726430241806
2024-10-14,1,9,-0.0010820641325080867
2024-10-14,1,5,0.0033233736311518943
2024-10-14,1,5,0.002343498497928165
2024-10-14,1,7,-0.0045183834974285905
2024-10-17,-1,5,0.0005126661350750798
2024-10-17,-1,10,0.0009356993407854345
2024-10-17,-1,5,0.0018532881372645086
2024-10-17,-1,5,0.0012186187902800908
2024-10-17,-1,7,-0.0018797727902833735
2024-10-17,-1,5,0.005382569286101724
2024-10-17,-1,6,-0.002706290160623492
2024-10-17,-1,8,0.0024645135963232926
2024-10-17,1,5,0.0037531684704867016
2024-10-17,-1,10,-0.0076786265336864275
2024-10-17,-1,31,0.0023750222355906295
2024-10-17,-1,21,0.008680478105280076
2024-10-17,1,5,0.0007705341405221059
2024-10-17,1,11,-0.0013944925774102886
2024-10-17,1,5,0.0011415577871018105
2024-10-20,1,15,-0.0030962641315519287
2024-10-20,1,41,-0.0007680434371083229
2024-10-20,1,5,-0.0013964171958855461
2024-10-20,1,165,-0.0014342872633958722
2024-10-20,1,5,-0.0032631916625648124
2024-10-20,1,42,0.0006523825248615726
2024-10-20,1,6,-0.001241403420694764
2024-10-20,1,5,-0.0012147686531007503
2024-10-20,1,7,-0.0022331639699257663
2024-10-20,1,5,-0.0006731818181818556
2024-10-20,1,5,0.0009522863485435188
2024-10-20,1,8,-0.002265105958863511
2024-10-20,1,12,0.0006387352245863735
2024-10-20,1,81,6.526988555766622e-06
2024-10-20,1,5,-0.0006552509524096801
2024-10-20,1,60,0.003942068163774426
2024-10-20,-1,6,-0.011450007296226783
2024-10-20,-1,5,0.0026429321753514094
2024-10-20,-1,142,0.0015565112208573376
2024-10-20,-1,27,-0.002804825583114212
2024-10-20,-1,9,0.0028233978616556635
2024-10-20,-1,5,-0.0067766967243282124
2024-10-20,-1,6,-0.008431383037957962
2024-10-20,-1,5,0.0030308174866285017
2024-10-23,1,8,-0.0027800930077267246
2024-10-23,1,7,0.0039197984527296285
2024-10-23,1,5,-0.0010432034188957214
2024-10-23,1,7,-0.0077570814764226
2024-10-23,1,5,0.0004268162909052634
2024-10-23,1,5,0.0016311649973847157
2024-10-23,1,9,-0.006576425041477018
2024-10-23,1,5,-0.00292300256334419
2024-10-23,1,6,-0.008495695811806958
2024-10-23,-1,5,-0.0063313890071482245
2024-10-23,-1,14,-0.003910777823963407
2024-10-23,-1,5,-0.0006436665075861598
2024-10-23,-1,12,-0.0033006119523873775
2024-10-26,-1,5,-0.0063918724408412505
2024-10-26,-1,6,0.002342852760736114
2024-10-26,-1,21,-0.001980867210383241
2024-10-26,-1,9,7.845120398866125e-05
2024-10-26,-1,7,-0.0030436159259739966
2024-10-26,-1,11,-0.005353181526502304
2024-10-26,-1,5,0.0012783513399775796
2024-10-26,-1,26,-0.005530945533689468
2024-10-26,-1,23,0.0004227850753990795
2024-10-26,-1,5,0.0004975381614517275
2024-10-26,-1,11,-0.0010361116153920543
2024-10-26,-1,5,-0.001327608076221098
2024-10-26,-1,7,0.0014822279873387915
2024-10-26,-1,5,0.0006718315733660555
2024-10-26,-1,8,-0.0009432583660859746
2024-10-26,-1,7,-6.987028530767113e-05
2024-10-26,-1,38,-0.0020238051485469196
2024-10-26,-1,5,0.0014348982422932813
2024-10-26,-1,66,0.0022011002620541346
2024-10-26,-1,5,0.00029394265961770784
2024-10-26,-1,5,-0.004969380580470561
2024-10-26,-1,5,-0.00271347263975894
2024-10-26,-1,11,-0.003280988092734338
2024-10-26,-1,5,0.00018059568620179024
2024-10-26,-1,12,-0.002206926150766097
2024-10-26,-1,6,-0.0013548599575240235
2024-10-26,-1,6,-0.001076803526976122
2024-10-26,-1,76,-0.0031271387944507897
2024-10-26,-1,5,-0.003979568312206227
2024-10-29,1,18,0.0005870605710899483
2024-10-29,1,35,0.0004024107888655152
2024-10-29,-1,9,0.0033507606619988203
2024-10-29,-1,5,-0.014031305379135528
2024-10-29,1,6,-0.0006427904089599585
2024-10-29,1,5,-0.0044784092827972796
2024-10-29,1,24,-0.0008032775083069761
2024-10-29,1,18,0.0007014397859769431
2024-10-29,1,5,-0.0012309984422010697
2024-10-29,1,56,-0.0003373233866378107
2024-10-29,1,55,-0.0010095258563075134
2024-10-29,1,5,-0.002033398684195364
2024-10-29,1,44,0.0015080038066454197
2024-10-29,-1,7,0.0010034440520185987
2024-10-29,-1,5,0.00016627675771143692
2024-10-29,1,26,0.0012481206498730305
2024-10-29,1,5,-0.002966730421435004
2024-10-29,1,5,-0.00034402580083012734
2024-10-29,1,5,-0.0033175828292927086
2024-10-29,1,52,-0.0038241920115167135
2024-10-29,1,188,0.0012629758008150475
2024-10-29,1,5,0.0006901131759783578
2024-10-29,1,6,0.00031381739858118464
2024-10-29,1,5,0.0005445992197738118
2024-10-29,-1,6,-0.003014999319208211
2024-10-29,1,7,0.008938828301965263
2024-10-29,-1,5,0.0011181671926172813
2024-10-29,-1,5,0.006456916930997614
2024-10-29,1,5,0.0005532872907353607
2024-10-29,-1,7,0.004460074927477376
2024-10-29,1,154,-0.006763157997253999
2024-10-29,1,22,-0.006552414570312392
2024-10-29,1,8,0.0016071522783610796
2024-10-29,1,142,0.0024902140144648314
2024-10-29,1,5,0.0043311264650721885
2024-11-01,-1,56,-4.280176748782771e-06
2024-11-01,-1,244,-0.0014332020459247637
2024-11-01,1,5,-0.003910775753155437
2024-11-01,-1,5,-0.004521071957773825
2024-11-01,-1,42,-0.00535690757485705
2024-11-01,-1,6,0.0036767221354382603
2024-11-01,-1,5,-0.001990199229637479
2024-11-01,-1,5,-0.001551209806257203
2024-11-01,-1,13,-0.001260382200371257
2024-11-01,-1,45,0.0022489269226324774
2024-11-01,-1,39,-0.00477517176723361
2024-11-01,-1,5,0.006852549122639351
2024-11-01,-1,12,-0.0006499138130634292
2024-11-01,-1,5,-0.0012766964406928146
2024-11-01,-1,8,-0.002171658175855162
2024-11-01,-1,5,-0.00036631557313579987
2024-11-01,-1,16,-0.006571475194579434
2024-11-01,-1,42,0.0007248441681093846
2024-11-01,-1,5,-0.01238513585018639
2024-11-01,-1,5,-0.004981059586138014
2024-11-01,1,5,-0.004619704616083053
2024-11-01,1,6,0.002830483613460633
2024-11-01,1,11,-0.002008080020050795
2024-11-01,1,11,5.98502449375098e-05
2024-11-01,1,5,-0.0013169321817019016
2024-11-04,1,13,-0.0010559952056975238
2024-11-04,-1,5,-0.0011618133397720328
2024-11-04,-1,6,-0.0020625124152034765
2024-11-04,-1,5,-0.0070089244686671655
2024-11-04,-1,5,0.00036632923511039674
2024-11-04,1,202,-0.0027547971195432727
2024-11-04,1,7,0.0033975659347799344
2024-11-04,1,9,0.0015104548121108955
2024-11-04,1,5,-0.0034442097856941297
2024-11-04,1,5,-0.0020447310985903574
2024-11-04,1,5,-0.003420824665978905
2024-11-04,1,13,-0.005585861371053857
2024-11-04,1,5,0.00046302863499416737
2024-11-04,1,15,-0.008277770569880083
2024-11-04,1,7,-0.0035896312534364535
2024-11-04,1,5,0.003541666639008146
2024-11-04,1,5,0.0025875336556909993
2024-11-04,1,6,-0.004491946281552117
2024-11-04,1,20,0.000642091957196245
2024-11-04,1,8,-0.0013108977347131342
2024-11-04,1,5,-0.0012658134687465235
2024-11-04,1,5,-0.0011833492231055672
2024-11-04,1,5,-0.022807341937774093
2024-11-04,1,5,0.0023575489205117876
2024-11-07,-1,5,-0.03182544359749948
2024-11-07,-1,176,0.001196853486319505
2024-11-07,-1,5,-0.010556822498933726
2024-11-07,-1,5,0.00016863710390226973
2024-11-07,-1,204,0.008518528673654014
2024-11-07,1,9,-0.003702978645882848
2024-11-07,1,5,0.003911480707877191
2024-11-07,-1,6,0.006281379586222458
2024-11-07,1,5,-0.006562816802581728
2024-11-07,1,6,0.0005619634906498753
2024-11-07,-1,24,0.004143499671306028
2024-11-07,-1,7,-0.0017416858379847074
2024-11-07,1,8,-0.005811506364922203
2024-11-07,1,8,0.0032412320197342756
2024-11-07,-1,7,0.0009914062622143009
2024-11-07,-1,5,0.003940294190643368
2024-11-07,1,5,0.0016278732224742857
2024-11-07,1,5,-0.006274295313386391
2024-11-07,-1,5,-0.007770218738094669
2024-11-07,-1,5,-0.0023070080605246176
2024-11-07,-1,7,-0.008708961231398726
2024-11-07,-1,5,-0.0005459503843466602
2024-11-07,-1,8,-0.0008849349585543282
2024-11-07,-1,5,-0.004459568461471308
2024-11-07,-1,5,0.0037027089844493774
2024-11-07,-1,5,-0.005589039740628498
2024-11-07,-1,5,-0.004528600295532792
2024-11-07,-1,6,-0.006364312861599419
2024-11-07,-1,19,-0.001909859424766269
2024-11-07,-1,5,0.0028399768671513396
2024-11-07,1,5,-0.005282225282439467
2024-11-07,-1,5,-0.001136246419681219
2024-11-07,-1,5,-0.00839998487159086
2024-11-10,-1,6,-0.0018691455215612326
2024-11-10,1,6,0.001149147052590305
2024-11-10,1,10,-0.0012877936644357432
2024-11-10,1,5,0.0017191788218681395
2024-11-10,-1,16,-0.002313800321496284
2024-11-10,-1,5,0.004126826787461369
2024-11-10,-1,9,-0.0010093550341134568
2024-11-10,-1,12,-0.01263647536081578
2024-11-10,-1,8,-0.00838142569915532
2024-11-10,-1,5,0.00967472290504181
2024-11-10,1,5,0.001799074208230467
2024-11-10,1,5,0.00047289070832548
2024-11-10,1,7,-0.001293386002919927
2024-11-10,1,6,0.0008809379229165696
2024-11-10,1,5,0.003379487621435163
2024-11-10,1,5,0.002154682853505197
2024-11-10,1,5,0.006846907958771098
2024-11-10,-1,5,0.007077494421026587
2024-11-10,1,5,-0.0023638360608113414
2024-11-10,1,10,0.002455934854918596
2024-11-10,1,5,-0.0016453328825354104
2024-11-10,1,10,-0.009452933628774507
2024-11-10,1,7,0.00122617785663417
2024-11-10,1,9,0.0032089720764939774
2024-11-10,1,5,0.004429265913357039
2024-11-10,-1,5,0.0010238564156273226
2024-11-10,1,10,0.00326111817501853
2024-11-10,-1,7,0.004310964597181855
2024-11-10,-1,6,0.0008275912183054682
2024-11-10,-1,7,0.004509032917100831
2024-11-10,1,5,-0.017775187516309774
2024-11-10,1,5,0.0012798007849835983
2024-11-10,1,5,-0.01562128246187009
2024-11-10,1,5,0.014945577382104471
2024-11-10,-1,5,0.005889146475977847
2024-11-10,1,24,0.007289656563512681
2024-11-13,1,5,0.001599800867507906
2024-11-13,-1,5,2.141567187021788e-05
2024-11-13,-1,5,-0.00153553435114504
2024-11-13,1,5,-0.004727026563564029
2024-11-13,1,6,-0.0023501068536489807
2024-11-13,1,5,0.00380521107731271
2024-11-13,1,5,-0.002877177737365155
2024-11-13,1,5,-0.0059535486884134455
2024-11-13,1,5,-0.007731147582094899
2024-11-13,-1,6,0.0024460852103876055
2024-11-13,-1,5,0.011018212321232146
2024-11-13,1,17,-0.004842192231228037
2024-11-13,1,7,-0.0007694906488751925
2024-11-13,1,5,0.002023185301043862
2024-11-13,1,5,0.006117578616954411
2024-11-13,-1,70,-0.004545091145009205
2024-11-13,-1,24,0.0038147860962566512
2024-11-13,-1,5,-0.002002734169532649
2024-11-13,-1,5,0.002458271765809728
2024-11-13,1,5,-0.0034135973051565346
2024-11-13,-1,5,-0.00908284914152766
2024-11-13,-1,8,0.001440976885044432
2024-11-13,1,7,0.001631941128933079
2024-11-13,-1,5,0.00503072217449998
2024-11-13,1,8,0.01715257384019644
2024-11-13,-1,6,-0.00028431248064417723
2024-11-13,-1,5,-0.022592240792396055
2024-11-13,-1,5,0.00814164639922057
2024-11-13,-1,5,-3.891806312292755e-05
2024-11-13,-1,8,0.0016445603724898564
2024-11-13,1,5,0.002720512758816263
2024-11-13,-1,5,0.0051089881485167025
2024-11-13,1,5,0.002681152712237145
2024-11-13,-1,9,0.0006410447827025715
2024-11-13,1,8,-0.022227436448483327
2024-11-13,1,5,-0.012947904485700578
2024-11-13,-1,16,-0.008558545564177544
2024-11-13,1,5,0.010710975991316119
2024-11-13,1,10,0.005256266812597188
2024-11-13,-1,7,0.00371504838876704
2024-11-13,1,5,0.004037011461678919
2024-11-16,-1,9,0.0001669409819383908
2024-11-16,-1,83,-0.002271703193286045
2024-11-16,-1,6,-0.0014197077713552272
2024-11-16,-1,6,-0.008471476598528626
2024-11-16,-1,5,-0.005401753068881998
2024-11-16,-1,5,-0.0019420633771994652
2024-11-16,-1,5,-0.010981519587208144
2024-11-16,-1,5,-0.006215962512282935
2024-11-16,-1,5,0.005357237471602794
2024-11-16,-1,5,0.00602272226331837
2024-11-16,-1,5,0.0003881537312957709
2024-11-16,-1,5,-0.003913349146110167
2024-11-16,-1,5,-0.0034631336696090195
2024-11-16,-1,5,-2.431627905516941e-05
2024-11-16,-1,5,0.0013962506253125898
2024-11-19,-1,5,0.01291266107264768
2024-11-19,1,6,-0.00657506928333571
2024-11-19,1,8,-0.004275615168957114
2024-11-19,1,6,-0.0010033491262791735
2024-11-19,1,7,0.0015465866339562599
2024-11-19,1,6,0.0018024695419375462
2024-11-19,1,24,-0.0013604759676949293
2024-11-19,1,7,0.0002221294031114155
2024-11-19,1,5,-0.0009063278986899177
2024-11-19,1,5,-0.0009350633895620404
2024-11-19,1,5,-0.0023743731668617093
2024-11-19,1,5,-0.004382521398494687
2024-11-19,1,5,0.0015661980484164232
2024-11-19,1,5,0.0021146847861050148
2024-11-19,1,5,0.00016250014403387282
2024-11-19,-1,5,-0.0008947754419493576
2024-11-19,-1,5,0.004905350805629283
2024-11-19,1,5,-0.004649211228574401
2024-11-19,1,5,-0.00442879995362142
2024-11-19,1,5,0.0044942706723648754
2024-11-19,1,5,-0.0021892172177566446
2024-11-19,1,7,0.0031993648393867876
2024-11-19,-1,5,-0.0007711316211877812
2024-11-19,-1,5,-0.005097592521270932
2024-11-19,-1,5,0.0006328859129011381
2024-11-19,-1,5,-0.0012904249588388868
2024-11-19,-1,5,0.0005137932979407903
2024-11-19,-1,5,0.0006350077262729185
2024-11-19,-1,5,-0.00043593665666805624
2024-11-19,1,6,-0.00285578464063938
2024-11-19,1,6,-0.0010338023585835018
2024-11-19,1,5,0.0015010129297087452
2024-11-19,1,5,0.00045097624542913585
2024-11-19,-1,5,-0.003985327556533002
2024-11-22,-1,21,0.004667455445250624
2024-11-22,1,5,-0.0063238849421404005
2024-11-22,1,5,-0.0006532036577432172
2024-11-22,1,5,0.0009758364299953474
2024-11-22,1,6,-0.0006519546954693918
2024-11-22,1,65,0.008243884747189201
2024-11-22,-1,5,5.352403289605079e-06
2024-11-22,-1,5,-0.01497608642502799
2024-11-22,1,22,0.004394465740814724
2024-11-22,1,6,-0.005365590865009295
2024-11-22,1,5,0.002924799699623915
2024-11-22,1,5,-0.00044119008671015213
2024-11-22,1,16,0.0003376210083535728
2024-11-22,1,13,-0.0012888033659732342
2024-11-22,1,5,-0.0009179109277835713
2024-11-22,1,16,-0.006114034150879277
2024-11-22,1,8,-0.00011663506802892475
2024-11-22,-1,5,-0.0007351697938196895
2024-11-22,1,23,-0.017591419945835882
2024-11-22,1,5,0.0066150660762071215
2024-11-22,1,5,0.0031865715601321573
2024-11-22,-1,6,0.004503575693156648
2024-11-22,1,5,0.0017174437330228724
2024-11-22,-1,5,-0.005119631639408517
2024-11-22,1,5,-0.0005837878787878554
2024-11-22,-1,5,0.005363539923586647
2024-11-22,1,33,-0.0007663117305139795
2024-11-22,-1,11,0.002116647529918492
2024-11-22,1,6,0.0011529493548062767
2024-11-22,-1,8,0.0005651740321340974
2024-11-22,-1,5,-0.002118756831510504
2024-11-22,-1,21,-0.00027498170941517807
2024-11-22,-1,6,-0.0013402132298395483
2024-11-25,-1,6,0.0008673689847208624
2024-11-25,-1,45,-0.0002430030304115589
2024-11-25,1,6,-0.006389225464278314
2024-11-25,1,5,0.006932859220056731
2024-11-25,-1,5,0.0003877957676253988
2024-11-25,1,55,0.0030713591129950765
2024-11-25,-1,5,-0.006246984151988854
2024-11-25,1,5,0.0031741857083506194
2024-11-25,-1,5,0.000681656681830645
2024-11-25,-1,5,-0.0008366188397676883
2024-11-25,-1,22,0.00030249068311996065
2024-11-25,-1,5,-0.006827511193337887
2024-11-25,-1,5,0.0019429503192881729
2024-11-25,-1,33,-0.0076167973089270365
2024-11-25,-1,5,-0.015567285058558733
2024-11-25,-1,5,-0.0029424411759622956
2024-11-25,-1,5,-0.013144179125950872
2024-11-25,-1,5,0.0022893925659103424
2024-11-25,-1,5,0.00938839839183172
2024-11-25,-1,6,-0.0028241630526807168
2024-11-25,-1,9,-0.0010935181198421292
2024-11-25,-1,5,0.021754558231325907
2024-11-25,1,5,0.00868929640018692
2024-11-25,-1,6,-0.018892560261931955
2024-11-25,-1,5,0.014006400873065506
2024-11-25,-1,5,-0.005591318033318781
2024-11-25,-1,5,-0.0002603323608604042
2024-11-25,-1,6,0.005230455739882478
2024-11-25,1,5,0.007722638395715764
2024-11-25,-1,5,-0.0027382680601203187
2024-11-25,-1,5,-0.001004540757749783
2024-11-25,-1,6,0.0026253070990349906
2024-11-25,1,5,-0.009109225815576693
2024-11-25,1,5,-0.0006085626679127372
2024-11-25,-1,5,-0.005719475954390462
2024-11-28,1,12,0.0011734921323391049
2024-11-28,1,8,-0.001105
2024-11-28,1,5,0.00014873364635339427
2024-11-28,1,9,-0.00020215742216409492
2024-11-28,1,10,-0.005953358107104156
2024-11-28,1,9,-0.006261720049548813
2024-11-28,1,5,-0.006734045093576313
2024-11-28,1,5,0.007695051517959817
2024-11-28,1,44,0.001247260783975657
2024-11-28,1,5,-0.0022151805504158958
2024-11-28,1,5,0.005736016013436896
2024-11-28,1,5,0.005514202637673016
2024-11-28,1,6,0.0014835006137968957
2024-11-28,1,5,-0.0060720159099728385
2024-11-28,1,5,0.0015507097760184777
2024-11-28,1,5,-0.010870261863863506
2024-11-28,1,5,-0.0013347195460517765
2024-11-28,1,5,-0.003992124379226114
2024-11-28,1,5,-0.00011112654008158483
2024-11-28,1,6,-0.0017354992766146268
2024-11-28,1,7,0.0020807917637829746
2024-11-28,1,14,-0.001003738734684267
2024-11-28,1,7,0.005296241998447604
2024-11-28,1,18,-0.0013999802784613099
2024-11-28,-1,5,-0.0006179323421274581
2024-11-28,-1,5,-0.00017484256946240738
2024-11-28,-1,5,0.0025343584935059397
2024-12-01,-1,5,-0.003631475526281935
2024-12-01,-1,23,0.00889062255111286
2024-12-01,-1,5,0.00624379524865617
2024-12-01,1,5,-0.0033986839444841484
2024-12-01,1,200,-0.002380828069300933
2024-12-01,1,5,0.0035415956159789105
2024-12-01,-1,8,0.0016007733934975347
2024-12-01,-1,12,0.0003600199555108489
2024-12-01,1,9,0.001355392033326597
2024-12-01,1,17,0.0034442422905815125
2024-12-01,-1,5,-0.0016308885493835131
2024-12-01,1,5,-0.002191167495631174
2024-12-01,1,10,0.002712245983546602
2024-12-01,1,5,-0.001532398674257562
2024-12-01,1,6,-0.0029314298952630487
2024-12-01,1,149,0.00041400646724434366
2024-12-01,1,16,-0.007931168688086387
2024-12-01,1,9,0.0003484647236519315
2024-12-01,1,5,0.00019999172873488326
2024-12-01,1,6,0.00745136954646366
2024-12-01,-1,5,-0.0003667893050388389
2024-12-01,-1,5,0.001200351901245145
2024-12-04,-1,5,-0.0039649428563542696
2024-12-04,-1,5,-0.01905442275975808
2024-12-04,-1,12,0.005242304419634714
2024-12-04,-1,14,0.0028304157563190605
2024-12-04,-1,21,0.0031489267015706542
2024-12-04,-1,6,-0.002140667855867617
2024-12-04,-1,11,-0.002549259748753396
2024-12-04,-1,37,-0.005196847110490932
2024-12-04,-1,7,-0.0004615517690753408
2024-12-04,-1,15,0.0008979840929907116
2024-12-04,-1,10,-0.006989579460884387
2024-12-04,-1,7,-0.005400693201916473
2024-12-04,-1,13,-0.0019430309775053441
2024-12-04,-1,17,0.00045550312773259306
2024-12-04,-1,48,0.00020742791078722823
2024-12-04,-1,10,-0.0032362987973001186
2024-12-04,-1,5,-0.004364520842361363
2024-12-04,-1,5,-0.0013946420774847198
2024-12-04,-1,5,0.0003561926012713105
2024-12-04,-1,5,-0.005962590387989275
2024-12-04,-1,6,0.006440557706428174
2024-12-04,-1,5,-0.006315659120133077
2024-12-04,-1,5,0.006049164066329294
2024-12-04,-1,6,-0.0010888184647499296
2024-12-04,-1,5,-0.01674162035589952
2024-12-04,-1,5,-0.009711107525969353
2024-12-04,-1,5,-0.00819946872819064
2024-12-04,-1,5,0.010801288016534261
2024-12-04,1,5,-0.0009961964673351528
2024-12-04,-1,5,-0.008078493312435908
2024-12-04,-1,5,-0.00747815505298286
2024-12-04,-1,5,0.00184249593381316
2024-12-04,-1,11,-0.005182242548826243
2024-12-04,-1,5,0.001591778963041546
2024-12-04,-1,269,-0.011635570731898115
2024-12-04,-1,6,0.005621745891641239
2024-12-04,-1,5,0.0027682984968712358
2024-12-04,-1,5,0.0020743407734233003
2024-12-04,-1,5,0.0035347047978118392
2024-12-04,-1,5,0.005051531829036416
2024-12-07,1,5,0.0027590802889442493
2024-12-07,1,6,0.003013994283076827
2024-12-07,1,6,-0.005311219803743139
2024-12-07,1,5,0.0024309560014567303
2024-12-07,1,247,-0.0023618821810662324
2024-12-07,1,19,0.00200308101062765
2024-12-07,1,5,-0.0012075743664155866
2024-12-07,1,7,-0.0030145862229485672
2024-12-07,1,5,-0.0033088733073376227
2024-12-07,1,18,-0.0030120656783382046
2024-12-07,1,5,0.00016939767742920643
2024-12-07,1,15,0.0014828773883272198
2024-12-07,1,53,-0.005433549410516525
2024-12-07,1,21,0.00040472782194758174
2024-12-07,1,6,-0.0010874399886612093
2024-12-07,1,245,-0.0010046137639568627
2024-12-07,1,10,-0.0012881966050908075
2024-12-07,1,100,0.0018971135280857702
2024-12-07,1,5,-0.0010749840915685645
2024-12-07,1,5,0.00014704709700366116
2024-12-07,1,5,0.001590613980046474
2024-12-07,1,20,0.00011884010491494158
2024-12-07,1,25,0.00017766995376891116
2024-12-07,1,17,-0.0023312216639152835
2024-12-07,1,17,0.001167152864839505
2024-12-07,1,5,-0.0012475185274086528
2024-12-07,1,10,-0.0028602501231425933
2024-12-07,1,5,0.001989641962944511
2024-12-07,1,8,0.001413702868022915
2024-12-07,1,5,0.001400302557704203
2024-12-07,1,18,-0.00370008898692018
2024-12-07,1,5,-0.002550580138725866
2024-12-07,1,5,-0.00018608661507766254
2024-12-07,1,71,-0.0016614691409164491
2024-12-07,1,6,-0.0023603032193661774
2024-12-10,-1,5,-0.018107054718697977
2024-12-10,-1,5,0.0013588446054003892
2024-12-10,-1,9,0.005783006608222974
2024-12-10,-1,5,0.0005920000987248656
2024-12-10,-1,5,0.00015124775670041259
2024-12-10,-1,5,0.02094094290803652
2024-12-10,1,6,0.011215232736853676
2024-12-10,-1,6,0.005858396144682665
2024-12-10,-1,5,-0.011804225021739256
2024-12-10,-1,9,0.004797083119880608
2024-12-10,-1,5,-0.004833277698391791
2024-12-10,-1,6,-0.009050488869023576
2024-12-10,-1,5,-0.0027500717508493807
2024-12-10,-1,5,-0.0004358673564977873
2024-12-10,-1,10,-0.0005901346024408167
2024-12-10,-1,5,-0.0032245490115488714
2024-12-10,-1,5,-0.00330105406577994
2024-12-10,-1,5,-0.0027473031702315073
2024-12-10,-1,5,-0.0010251343872045068
2024-12-10,-1,5,-0.0034647454560932985
2024-12-10,-1,46,0.00023028715310415872
2024-12-10,-1,5,0.0027425753893442154
2024-12-10,-1,6,0.0012452139228809282
2024-12-10,-1,5,0.009553616228205298
2024-12-10,-1,5,-0.004126131605496219
2024-12-10,-1,5,-0.0011374921477310448
2024-12-10,-1,12,-0.008460348864900302
2024-12-10,-1,9,0.015457807477861654
2024-12-10,-1,5,0.022331227177443094
2024-12-10,-1,5,0.006212448116833214
2024-12-10,1,5,-0.006560899085532789
2024-12-10,1,5,0.00805795125626565
2024-12-10,1,5,0.003328255038748918
2024-12-10,-1,5,0.0005721993291202491
2024-12-10,-1,5,-0.008134611186883944
2024-12-10,1,5,0.00589129853473227
2024-12-10,-1,5,-0.0021082141544398244
2024-12-10,-1,36,-0.0081823183938595
2024-12-10,-1,5,0.0005920632594015544
2024-12-10,-1,13,-0.005014329919423277
2024-12-10,-1,5,0.0019350205584123484
2024-12-10,-1,214,-0.0026172904475939337
2024-12-10,-1,6,0.0014562969925328243
2024-12-10,-1,5,0.0017988998360215728
2024-12-13,1,5,0.0012825024816102374
2024-12-13,1,5,-0.007998820760660252
2024-12-13,1,5,0.0030172805118670273
2024-12-13,1,5,0.002324823995873882
2024-12-13,-1,5,-0.00017085588075713652
2024-12-13,1,5,0.004854554862960958
2024-12-13,1,10,-0.0035684499009263956
2024-12-13,1,5,0.0006729574211174153
2024-12-13,1,5,-0.0072627678475454035
2024-12-13,-1,5,-0.00030595371697836836
2024-12-13,-1,5,-0.0023028449073597464
2024-12-13,-1,18,0.0008530469828625046
2024-12-13,-1,165,-0.0013828220806816113
2024-12-13,-1,8,0.003273117126844661
2024-12-13,-1,20,-0.0068214182945976806
2024-12-13,-1,5,-0.0019752752373419554
2024-12-13,1,10,0.0025039524560856122
2024-12-13,1,8,0.004013105201232792
2024-12-13,-1,5,-0.0032403378119635114
2024-12-13,-1,44,0.007236557107486297
2024-12-13,1,5,-0.004007300322762508
2024-12-13,-1,6,0.002172567917073787
2024-12-13,1,5,0.005014106687072273
2024-12-13,1,5,0.0003538618833368815
2024-12-13,1,6,-0.0010616184876693687
2024-12-13,1,103,0.0018194919174193917
2024-12-13,1,16,-0.003108757044458432
2024-12-13,1,19,-0.00024370667579240955
2024-12-13,1,6,-0.0025122051982005896
2024-12-13,1,15,-0.0007481780259273925
2024-12-13,1,6,0.0004599050795278895
2024-12-13,1,5,0.0008251159607516548
2024-12-16,-1,5,-0.0076869084753133695
2024-12-16,-1,16,-0.005266044482470011
2024-12-16,-1,7,0.0021428304143602753
2024-12-16,1,25,-0.005215305846189544
2024-12-16,1,5,-0.0017027922216087173
2024-12-16,1,5,-0.0018145782858834721
2024-12-16,1,5,-0.0008179831556990087
2024-12-16,1,74,-0.0026104254301489768
2024-12-16,1,13,0.0022057564911631914
2024-12-16,-1,5,0.0005373283436381996
2024-12-16,-1,5,-0.0029774212922500706
2024-12-16,-1,6,-0.00581124649568574
2024-12-16,-1,42,0.0032216889854860494
2024-12-16,-1,5,-0.012773774056552422
2024-12-16,-1,11,-0.014078086732776418
2024-12-16,-1,6,-0.0035263854385108925
2024-12-16,-1,5,-0.0018030776962943747
2024-12-16,1,9,0.0006233932353500119
2024-12-19,1,5,0.004609505714505602
2024-12-19,1,5,-0.007999591721571142
2024-12-19,1,5,-0.004422875570045037
2024-12-19,1,5,-0.011648419190567782
2024-12-19,1,10,0.0026191194619415107
2024-12-19,1,5,0.017068675015856318
2024-12-19,-1,5,-0.0015359865797826885
2024-12-19,-1,13,0.002178662963966427
2024-12-19,-1,5,0.0027487895597337
2024-12-19,-1,9,-0.009880072605379464
2024-12-19,-1,5,-0.0006328526468580615
2024-12-19,-1,21,0.0022084669341924327
2024-12-19,-1,5,0.0027123109225484446
2024-12-19,-1,5,-0.0032073182540436115
2024-12-19,-1,71,-0.0034982478356183396
2024-12-19,-1,5,0.0017169974975761674
2024-12-19,-1,100,0.01704064893047477
2024-12-19,1,5,-0.010839750873968578
2024-12-19,1,5,0.005302386681589244
2024-12-19,1,6,-0.021094733201992264
2024-12-19,1,5,-0.021945487820107055
2024-12-19,1,5,0.005095562107032015
2024-12-19,1,5,-0.026397917466575913
2024-12-19,1,5,-0.005360669085750591
2024-12-19,1,5,0.007343164688462656
2024-12-19,1,5,0.0217692511405875
2024-12-19,-1,5,0.003754390620245985
2024-12-19,1,5,0.002490663023333806
2024-12-22,1,5,0.0007168892146573128
2024-12-25,1,5,-0.0031264375751936854
2024-12-25,1,5,-0.0014676410630563904
2024-12-25,1,10,0.0014039647128115899
2024-12-25,1,12,0.0018247324676520463
2024-12-25,-1,6,-0.0037005958229015864
2024-12-25,1,41,-0.0009417688245637374
2024-12-25,1,5,-0.0008815100613451583
2024-12-25,1,18,-0.0020532474610745807
2024-12-25,1,5,0.0019028680552370062
2024-12-25,-1,5,0.003003759257566042
2024-12-25,1,5,-0.0004505065291465544
2024-12-25,1,52,0.00385749477104338
2024-12-25,-1,47,-0.009380610333391414
2024-12-25,1,10,0.00014163735975349957
2024-12-25,1,5,-0.010936640993891666
2024-12-25,1,14,-4.876939060958162e-05
2024-12-25,1,5,0.0019657775369889222
2024-12-25,1,5,-0.00150373437692739
2024-12-25,1,21,0.0030188119289224166
2024-12-25,1,5,-0.00042147497202447103
2024-12-25,1,6,-0.005347361147259399
2024-12-25,-1,5,-0.0002118238656661826
2024-12-25,-1,5,-0.0013985268692194627
2024-12-25,-1,25,-0.002379552396187234
2024-12-25,-1,6,-0.001288797661749141
2024-12-25,1,12,-0.0046626936926555725
2024-12-25,1,6,-0.0005498091097571929
2024-12-25,1,10,-0.0005938175222955695
2024-12-25,1,5,0.004019901416425631
2024-12-25,-1,5,-0.001394664705932946
2024-12-28,1,6,0.0013218131353883947
2024-12-28,1,5,0.00023122549254575055
2024-12-28,-1,77,0.0022095072512325013
2024-12-28,1,5,0.001043962735305293
2024-12-28,1,7,-0.0028747790022160876
2024-12-28,1,5,0.0003799613910037362
2024-12-28,1,5,0.0004077460084474186
2024-12-28,-1,5,0.0005853595747222998
2024-12-28,-1,217,-0.0023226660304088483
2024-12-28,1,12,0.000833233754580132
2024-12-28,1,5,-0.0019298088146960431
2024-12-28,1,5,-0.0021219227916325686
2024-12-28,1,5,0.00038300148800143353
2024-12-28,1,5,0.00027604582016440594
2024-12-28,1,5,0.000232262351726931
2024-12-28,-1,20,-0.00047597918567141527
2024-12-28,1,30,-0.0027509454776825978
2024-12-28,-1,15,-0.002975619930008477
2024-12-28,-1,26,-0.001976904441653859
2024-12-28,-1,154,-0.009982711972858027
2024-12-28,-1,9,0.0058105966767371345
2024-12-28,1,5,0.003432814127807183
2024-12-28,-1,30,-0.004070870357527489
2024-12-28,-1,5,-0.0014966568261661536
2024-12-28,-1,117,-0.0009695648704828081
2024-12-28,-1,12,-0.0018118761376287647
2024-12-28,-1,19,0.00048816323886271586
2024-12-28,-1,6,-0.0038548275831578934
2024-12-28,-1,6,-0.0034839289820594917
2024-12-28,-1,44,-0.0013249252254233564
2024-12-28,-1,39,0.001319430757143603
2024-12-31,1,5,0.0025644377940060806
2024-12-31,1,5,-0.0004304384649976618
2024-12-31,1,5,-0.00028375554489876674
2024-12-31,1,5,0.0025722535175357834
2024-12-31,-1,7,-2.341964126104611e-05
2024-12-31,-1,5,-0.0009778852390201816
2024-12-31,-1,7,-0.0027718095079068746
2024-12-31,-1,5,0.0002839708050722759
2024-12-31,-1,5,-0.002037747709454951
2024-12-31,-1,6,-0.0019573012132757302
2024-12-31,-1,24,-0.0013936606440666296
2024-12-31,-1,5,-0.002597713087001274
2024-12-31,-1,5,0.001132169305567499
2024-12-31,-1,5,-0.0076318271141532
2024-12-31,-1,5,-0.0031314935520659667
2024-12-31,-1,11,0.000592234352256216
2024-12-31,1,5,0.007316896932023332
2024-12-31,1,5,0.002633512949039263
2024-12-31,1,247,-0.0015752968823483423
2024-12-31,1,6,-0.0016321230102595893
2024-12-31,1,9,-0.0026976083883338605
2024-12-31,1,6,-0.0037842274744771306
2024-12-31,1,5,0.002020561881929917
2024-12-31,1,13,-0.0021445848830017097
2024-12-31,1,5,-0.001191748429554251
2024-12-31,1,5,-0.002178564593301435
2024-12-31,1,5,-0.0013894345441261887
