code,date,kind,src,dst,priced,car_21,n_21,car_63,n_63,car_126,n_126,car_252,n_252
FOSL,2012-04-04,outside_addition,,GSPC,True,,6.0,-0.603730320930481,48.0,-0.46974459290504456,111.0,-0.8982377052307129,237.0
BMR,2012-04-04,promotion,SML,MID,False,,0.0,,0.0,,0.0,,0.0
IPHS,2012-04-04,outside_addition,,SML,True,,6.0,0.1665642112493515,48.0,-0.02471742406487465,111.0,-0.4675535559654236,237.0
MHS,2012-04-04,merger_deletion,GSPC,,True,,6.0,0.026582494378089905,48.0,-0.034206684678792953,111.0,-0.5824950933456421,237.0
TLEO,2012-04-06,merger_deletion,SML,,True,,7.0,0.029374875128269196,49.0,-0.043212879449129105,112.0,-0.5955188274383545,238.0
NST,2012-04-10,discretionary_deletion,MID,,True,,9.0,0.04021388664841652,51.0,0.36984768509864807,114.0,-0.14575859904289246,240.0
CNK,2012-04-10,outside_addition,,MID,True,,9.0,0.05017268657684326,51.0,0.0009102746844291687,114.0,-0.31658852100372314,240.0
ZOLL,2012-04-23,merger_deletion,SML,,True,0.07911629229784012,18.0,0.048976682126522064,60.0,-0.02018044888973236,123.0,-0.5899688005447388,249.0
OPEN,2012-04-23,outside_addition,,SML,False,,0.0,,0.0,,0.0,,0.0
SPPI,2012-04-25,outside_addition,,SML,True,0.11994250863790512,20.0,0.4642344117164612,62.0,0.03900085762143135,125.0,-0.9425234198570251,251.0
MDS,2012-04-25,discretionary_deletion,SML,,True,0.6373106241226196,20.0,-0.19987738132476807,62.0,-0.1035061627626419,125.0,0.013285636901855469,251.0
AM,2012-05-01,outside_addition,,SML,False,,0.0,,0.0,,0.0,,0.0
PSX,2012-05-01,outside_addition,,GSPC,True,-0.014423873275518417,21.0,0.21185645461082458,63.0,0.3538028597831726,126.0,0.049258798360824585,252.0
SVU,2012-05-01,demotion,GSPC,MID,True,-0.178777813911438,21.0,-0.8152378797531128,63.0,-0.6474946141242981,126.0,-0.5262388586997986,252.0
GSM,2012-05-16,outside_addition,,SML,True,0.021733935922384262,21.0,-0.022904373705387115,63.0,0.03594022989273071,126.0,-0.680465579032898,252.0
DFG,2012-05-16,merger_deletion,SML,,True,0.010592063888907433,21.0,-0.05052041634917259,63.0,-0.0321214385330677,126.0,-0.7113305330276489,252.0
TNB,2012-05-16,merger_deletion,MID,,True,0.010592063888907433,21.0,-0.05052041634917259,63.0,-0.0321214385330677,126.0,-0.7113305330276489,252.0
TPX,2012-05-16,outside_addition,,MID,True,-0.7243112921714783,21.0,-0.5084561705589294,63.0,-0.7334021925926208,126.0,-0.7573106288909912,252.0
MMI,2012-05-25,discretionary_deletion,GSPC,,False,,0.0,,0.0,,0.0,,0.0
EP,2012-05-25,discretionary_deletion,GSPC,,True,0.14194047451019287,21.0,-0.46409595012664795,63.0,-0.4290352463722229,126.0,-1.615570068359375,252.0
ALXN,2012-05-25,outside_addition,,GSPC,True,0.06609112024307251,21.0,0.0797528550028801,63.0,-0.15335805714130402,126.0,-0.6206470727920532,252.0
KMI,2012-05-25,outside_addition,,GSPC,True,-0.039368145167827606,21.0,0.03361696004867554,63.0,-0.1143290102481842,126.0,-0.4813213348388672,252.0
LRCX,2012-06-05,promotion,MID,GSPC,True,-0.10669653117656708,21.0,-0.22606581449508667,63.0,-0.29430532455444336,126.0,-0.4954848885536194,252.0
RGLD,2012-06-05,outside_addition,,MID,True,-0.08615820109844208,21.0,0.027525734156370163,63.0,-0.19645613431930542,126.0,-1.1068814992904663,252.0
NVLS,2012-06-05,discretionary_deletion,GSPC,,True,-0.05876041576266289,21.0,-0.0940302237868309,63.0,-0.21090123057365417,126.0,-0.7302742600440979,252.0
PFCB,2012-06-13,merger_deletion,SML,,True,-0.04078696668148041,21.0,-0.11301907896995544,63.0,-0.2061484009027481,126.0,-0.7184231877326965,252.0
LMNX_old,2012-06-13,outside_addition,,SML,True,-0.25630053877830505,21.0,-0.2564709782600403,63.0,-0.5742272138595581,126.0,-0.8757813572883606,252.0
KNSY,2012-06-18,merger_deletion,SML,,True,-0.03246801346540451,21.0,-0.10467314720153809,63.0,-0.2166275829076767,126.0,-0.6723671555519104,252.0
SBRA,2012-06-18,outside_addition,,SML,True,0.0894438847899437,21.0,0.1047763079404831,63.0,0.09156835079193115,126.0,-0.19969959557056427,252.0
CV_old,2012-06-28,merger_deletion,SML,,True,-0.00822841003537178,21.0,-0.07069097459316254,63.0,-0.5404199957847595,126.0,-0.6782744526863098,252.0
QNST,2012-06-28,outside_addition,,SML,True,0.031885236501693726,21.0,-0.1346398890018463,63.0,-0.8105578422546387,126.0,-0.7457668781280518,252.0
EXLS,2012-06-28,outside_addition,,SML,True,0.01905732974410057,21.0,0.1363982856273651,63.0,-0.41678670048713684,126.0,-0.48008352518081665,252.0
ERT,2012-06-28,merger_deletion,SML,,True,-0.008228402584791183,21.0,-0.07069095969200134,63.0,-0.5404199361801147,126.0,-0.6782744526863098,252.0
HSH,2012-06-29,demotion,GSPC,MID,True,-0.11167170107364655,21.0,-0.13841809332370758,63.0,-0.5130817890167236,126.0,-0.538278341293335,252.0
MNST,2012-06-29,promotion,MID,GSPC,True,-0.07721974700689316,21.0,-0.34414640069007874,63.0,-0.8201478719711304,126.0,-0.8504757285118103,252.0
STX,2012-07-02,outside_addition,,GSPC,True,0.22901110351085663,21.0,0.16610416769981384,63.0,-0.25044679641723633,126.0,-0.012629151344299316,252.0
PCX,2012-07-02,discretionary_deletion,MID,,True,0.029379088431596756,21.0,-2.3885316848754883,63.0,-2.3217880725860596,126.0,-2.1521522998809814,252.0
ALEX,2012-07-02,outside_addition,,MID,True,0.14858378469944,21.0,-0.04751425236463547,63.0,-0.49556174874305725,126.0,-0.30649709701538086,252.0
PGN,2012-07-02,discretionary_deletion,GSPC,,False,,0.0,,0.0,,0.0,,0.0
CHSI,2012-07-06,merger_deletion,MID,,True,-0.011760612949728966,21.0,-0.0725877657532692,63.0,-0.5366055369377136,126.0,-0.7117353081703186,252.0
ROSE,2012-07-06,outside_addition,,MID,False,,0.0,,0.0,,0.0,,0.0
SVNT,2012-07-18,merger_deletion,SML,,False,,,,,,,,
EGL,2012-07-18,outside_addition,,SML,True,-0.09033127129077911,21.0,0.013580192811787128,63.0,-0.4228721559047699,126.0,-0.12730783224105835,252.0
GR,2012-07-31,discretionary_deletion,GSPC,,True,0.19083093106746674,21.0,-0.09943827241659164,63.0,-1.086511254310608,126.0,-1.7869240045547485,252.0
VAL,2012-07-31,outside_addition,,GSPC,False,,0.0,,0.0,,0.0,,0.0
GEOI,2012-08-01,merger_deletion,SML,,True,-0.05864567309617996,21.0,-0.08977587521076202,63.0,-0.5971885323524475,126.0,-0.7609814405441284,252.0
GPRO,2012-08-01,discretionary_deletion,MID,,False,,0.0,,0.0,,0.0,,0.0
HSTM,2012-08-01,outside_addition,,SML,True,-0.027820385992527008,21.0,-0.15327031910419464,63.0,-0.7022665739059448,126.0,-0.5968440771102905,252.0
SWI,2012-08-01,outside_addition,,MID,False,,0.0,,0.0,,0.0,,0.0
DHX,2012-08-06,outside_addition,,SML,True,-0.07360578328371048,21.0,0.020348338410258293,63.0,-0.403272807598114,126.0,-0.6405820846557617,252.0
SMSC,2012-08-06,merger_deletion,SML,,True,-0.030777981504797935,21.0,-0.040638718754053116,63.0,-0.5677623152732849,126.0,-0.7153938412666321,252.0
JAH,2012-08-08,outside_addition,,MID,True,-0.011460602283477783,21.0,0.026629161089658737,63.0,-0.3579401969909668,126.0,0.07088765501976013,252.0
LNCR,2012-08-08,merger_deletion,MID,,True,-0.04297701641917229,21.0,-0.0028662122786045074,63.0,-0.5655773878097534,126.0,-0.7129543423652649,252.0
LYB,2012-09-05,outside_addition,,GSPC,True,0.07491296529769897,21.0,0.047651972621679306,63.0,-0.20040683448314667,126.0,-0.19343996047973633,252.0
SHLD_old,2012-09-05,discretionary_deletion,GSPC,,True,0.002565354108810425,21.0,-0.39817818999290466,63.0,-0.6559511423110962,126.0,-0.7271097302436829,252.0
SSYS,2012-09-19,discretionary_deletion,SML,,True,0.09168419986963272,21.0,0.16744251549243927,63.0,-0.3129362165927887,126.0,-0.14326885342597961,252.0
HF,2012-09-19,outside_addition,,SML,False,,0.0,,0.0,,0.0,,0.0
RSH,2012-10-01,discretionary_deletion,MID,,True,-0.040799252688884735,21.0,-0.5316816568374634,63.0,-0.1909593641757965,126.0,-0.34038448333740234,252.0
CVSA,2012-10-01,demotion,GSPC,MID,True,0.10477881133556366,21.0,-0.44469767808914185,63.0,-0.3011625409126282,126.0,-0.43009623885154724,252.0
LXK,2012-10-01,demotion,GSPC,MID,True,0.015704119578003883,21.0,-0.2825596332550049,63.0,-0.33432093262672424,126.0,-0.1811755895614624,252.0
PRX,2012-10-01,merger_deletion,SML,,True,-0.0015786141157150269,21.0,-0.4745233952999115,63.0,-0.5407736301422119,126.0,-0.675024688243866,252.0
ADT,2012-10-01,outside_addition,,GSPC,False,,0.0,,0.0,,0.0,,0.0
QSFT,2012-10-01,merger_deletion,MID,,True,-0.0015786141157150269,21.0,-0.4745233952999115,63.0,-0.5407736301422119,126.0,-0.675024688243866,252.0
PNR,2012-10-01,promotion,MID,GSPC,True,0.0736006423830986,21.0,-0.30629876255989075,63.0,-0.33746761083602905,126.0,-0.22915153205394745,252.0
ANR,2012-10-02,demotion,GSPC,MID,True,0.3492920696735382,21.0,-0.0025335643440485,63.0,-0.38116708397865295,126.0,-0.7723355889320374,252.0
KHC,2012-10-02,outside_addition,,GSPC,True,-0.007848362438380718,21.0,-0.47092410922050476,63.0,-0.40049561858177185,126.0,-0.4984503388404846,252.0
GWR,2012-10-02,outside_addition,,MID,True,0.07762351632118225,21.0,-0.3018302917480469,63.0,-0.28519755601882935,126.0,-0.37734460830688477,252.0
PSS,2012-10-02,merger_deletion,MID,,True,0.015687033534049988,21.0,-0.4749338924884796,63.0,-0.549635112285614,126.0,-0.6751575469970703,252.0
MDLZ,2012-10-02,outside_addition,,GSPC,True,-0.05670617148280144,21.0,-0.5262922048568726,63.0,-0.46884459257125854,126.0,-0.5732701420783997,252.0
PULS,2012-10-02,discretionary_deletion,SML,,False,,0.0,,0.0,,0.0,,0.0
KFY,2012-10-02,demotion,MID,SML,True,-0.07219415158033371,21.0,-0.4050327241420746,63.0,-0.4383690357208252,126.0,-0.31092309951782227,252.0
PETM,2012-10-05,promotion,MID,GSPC,True,0.0009581651538610458,21.0,-0.46781256794929504,63.0,-0.5969439148902893,126.0,-0.6053482890129089,252.0
ACOR,2012-10-05,outside_addition,,SML,True,-0.06777063757181168,21.0,-0.4576946496963501,63.0,-0.39184561371803284,126.0,-0.4060192406177521,252.0
CAB,2012-10-05,promotion,SML,MID,True,-0.15522518754005432,21.0,-0.6989879608154297,63.0,-0.4600614309310913,126.0,-0.5560877323150635,252.0
SUN,2012-10-05,discretionary_deletion,GSPC,,True,0.02420913428068161,21.0,-0.32883453369140625,63.0,-0.27996060252189636,126.0,-0.37434229254722595,252.0
OPI_old,2012-10-16,outside_addition,,SML,True,-0.05145521089434624,21.0,-0.37768280506134033,63.0,-0.3690280318260193,126.0,-0.5612128973007202,252.0
CELL,2012-10-16,discretionary_deletion,SML,,False,,0.0,,0.0,,0.0,,0.0
GLT,2012-10-29,outside_addition,,SML,True,-0.18704357743263245,21.0,-0.5102806091308594,63.0,-0.32951968908309937,126.0,-0.38446202874183655,252.0
PEET,2012-10-29,merger_deletion,SML,,True,-0.11598792672157288,21.0,-0.5343157052993774,63.0,-0.5916528105735779,126.0,-0.7392234206199646,252.0
LAWS,2012-10-29,merger_deletion,SML,,False,,,,,,,,
OSG_old,2012-11-01,discretionary_deletion,SML,,True,-0.11426893621683121,21.0,-0.5327304601669312,63.0,-0.6066359281539917,126.0,-0.7410619258880615,252.0
CRZO,2012-11-01,outside_addition,,SML,True,-0.3562420904636383,21.0,-0.7313947081565857,63.0,-0.5921741724014282,126.0,-0.255703330039978,252.0
BANR,2012-11-28,outside_addition,,SML,True,-0.3142285645008087,21.0,-0.43373093008995056,63.0,-0.43638625741004944,126.0,-0.27596840262413025,252.0
CRDN,2012-11-28,merger_deletion,SML,,True,-0.33469897508621216,21.0,-0.42702800035476685,63.0,-0.5151050686836243,126.0,-0.6605430841445923,252.0
INSG,2012-11-28,discretionary_deletion,SML,,True,-0.3801613450050354,21.0,0.12728279829025269,63.0,0.4115031957626343,126.0,-0.17218941450119019,252.0
EFII,2012-11-28,outside_addition,,SML,True,-0.3111168444156647,21.0,-0.18041075766086578,63.0,-0.07438285648822784,126.0,0.13184189796447754,252.0
DG,2012-12-03,outside_addition,,GSPC,True,-0.5212609171867371,21.0,-0.46392130851745605,63.0,-0.462108850479126,126.0,-0.5021443367004395,252.0
CBE,2012-12-03,merger_deletion,GSPC,,True,-0.38399362564086914,21.0,-0.44734182953834534,63.0,-0.49804452061653137,126.0,-0.6433814167976379,252.0
HUM,2012-12-10,outside_addition,,GSPC,True,-0.3334035575389862,21.0,-0.41897645592689514,63.0,-0.29115474224090576,126.0,-0.18235249817371368,252.0
GRMN,2012-12-12,outside_addition,,GSPC,True,-0.40123888850212097,21.0,-0.6078223586082458,63.0,-0.6686477065086365,126.0,-0.43289339542388916,252.0
MRX,2012-12-12,discretionary_deletion,MID,,False,,0.0,,0.0,,0.0,,0.0
RRD,2012-12-12,demotion,GSPC,MID,True,-0.40229523181915283,21.0,-0.24498586356639862,63.0,-0.08955720067024231,126.0,0.17876172065734863,252.0
JDAS,2012-12-14,merger_deletion,SML,,True,-0.37626880407333374,21.0,-0.4475996494293213,63.0,-0.5088444352149963,126.0,-0.6259729266166687,252.0
SWC,2012-12-14,outside_addition,,SML,True,-0.22722187638282776,21.0,-0.43453583121299744,63.0,-0.5333006978034973,126.0,-0.6745063662528992,252.0
OPNT,2012-12-19,discretionary_deletion,SML,,True,-0.4915536642074585,21.0,-0.6536884903907776,63.0,-1.5232470035552979,126.0,-1.0689183473587036,252.0
EGOV,2012-12-19,outside_addition,,SML,True,-0.3638635277748108,21.0,-0.3048047423362732,63.0,-0.4680764377117157,126.0,-0.24630489945411682,252.0
UNFI,2012-12-24,outside_addition,,MID,True,-0.09148133546113968,21.0,-0.22674904763698578,63.0,-0.1459096223115921,126.0,0.02638968825340271,252.0
XXIA,2012-12-24,outside_addition,,SML,True,0.05976128205657005,21.0,0.1339312195777893,63.0,-0.09267722815275192,126.0,-0.5841720700263977,252.0
ABMD,2012-12-24,outside_addition,,SML,True,-0.08972658962011337,21.0,0.2097073346376419,63.0,0.3066096305847168,126.0,0.37090981006622314,252.0
CASC,2012-12-24,discretionary_deletion,SML,,True,-0.01426026038825512,21.0,0.0049208663403987885,63.0,-0.26445430517196655,126.0,-0.4016014039516449,252.0
AGP,2012-12-24,merger_deletion,MID,,True,-0.06582697480916977,21.0,-0.11456610262393951,63.0,-0.14664913713932037,126.0,-0.32481658458709717,252.0
APTV,2012-12-24,outside_addition,,GSPC,True,0.01645732671022415,21.0,0.09461665153503418,63.0,0.19941949844360352,126.0,0.1960994452238083,252.0
TIE,2012-12-24,merger_deletion,GSPC,,True,-0.06582699716091156,21.0,-0.1145661324262619,63.0,-0.14664916694164276,126.0,-0.32481658458709717,252.0
FHI,2013-01-02,demotion,GSPC,MID,True,0.06558336317539215,21.0,0.03573504835367203,63.0,0.145753413438797,126.0,0.0517827570438385,252.0
ABBV,2013-01-02,outside_addition,,GSPC,True,0.01837083138525486,21.0,0.12112119793891907,63.0,0.06637459248304367,126.0,0.14885491132736206,252.0
ESI,2013-01-02,demotion,MID,SML,True,,0.0,,0.0,,0.0,0.10899768769741058,50.0
PLFE,2013-01-02,merger_deletion,SML,,True,-0.039257489144802094,21.0,-0.05647115781903267,63.0,-0.14765219390392303,126.0,-0.2910030484199524,252.0
PKT,2013-01-02,outside_addition,,SML,True,-0.09263186156749725,21.0,-0.620123028755188,63.0,-0.4422883987426758,126.0,-0.5601471066474915,252.0
NCIT,2013-01-02,discretionary_deletion,SML,,True,0.05135081708431244,21.0,-0.16068194806575775,63.0,-0.27033281326293945,126.0,0.03212548792362213,252.0
EXR,2013-01-30,promotion,SML,MID,True,-0.06776479631662369,21.0,0.05687296390533447,63.0,-0.08176811039447784,126.0,-0.06630822271108627,252.0
RAH,2013-01-30,merger_deletion,MID,,True,-0.01510227844119072,21.0,-0.047706618905067444,63.0,-0.16518324613571167,126.0,-0.22601641714572906,252.0
DORM,2013-01-30,outside_addition,,SML,True,0.017209501937031746,21.0,0.09655598551034927,63.0,0.15319080650806427,126.0,0.17488497495651245,252.0
VTOL,2013-02-01,outside_addition,,SML,True,-0.10774364322423935,21.0,0.048557378351688385,63.0,-0.03380677103996277,126.0,0.059855446219444275,252.0
PRI,2013-02-13,outside_addition,,MID,True,-0.0166593249887228,21.0,-0.012547695077955723,63.0,0.07480679452419281,126.0,0.09909000247716904,252.0
SHAW,2013-02-13,merger_deletion,MID,,True,-0.023740019649267197,21.0,-0.08609046041965485,63.0,-0.12800262868404388,126.0,-0.22948788106441498,252.0
BIG,2013-02-14,demotion,GSPC,MID,True,-0.009480140171945095,21.0,-0.004382150247693062,63.0,-0.11953045427799225,126.0,-0.47129425406455994,252.0
WRC,2013-02-14,merger_deletion,MID,,True,-0.023783396929502487,21.0,-0.07984671741724014,63.0,-0.11055659502744675,126.0,-0.22813594341278076,252.0
CVLT,2013-02-14,promotion,SML,MID,True,0.03201485425233841,21.0,-0.1237049549818039,63.0,-0.05754845589399338,126.0,-0.3535214364528656,252.0
TWI,2013-02-14,outside_addition,,SML,True,-0.185143381357193,21.0,-0.16689878702163696,63.0,-0.5730831623077393,126.0,-0.6385082602500916,252.0
PVH,2013-02-14,outside_addition,,GSPC,True,-0.05602964386343956,21.0,-0.09530036896467209,63.0,-0.059257250279188156,126.0,-0.24010179936885834,252.0
PSSI,2013-02-20,merger_deletion,SML,,True,-0.03499329462647438,21.0,-0.10455622524023056,63.0,-0.12352310121059418,126.0,-0.24903984367847443,252.0
RBN,2013-02-20,discretionary_deletion,SML,,True,-0.03499329462647438,21.0,-0.10455622524023056,63.0,-0.12352310121059418,126.0,-0.24903984367847443,252.0
MBFI,2013-02-20,outside_addition,,SML,True,-0.0041141873225569725,21.0,-0.0030136695131659508,63.0,0.07059251517057419,126.0,-0.033151447772979736,252.0
KRC,2013-03-01,promotion,SML,MID,True,-0.025327537208795547,21.0,-0.07622479647397995,63.0,-0.16929873824119568,126.0,-0.1528652012348175,252.0
AAWW,2013-03-01,outside_addition,,SML,True,-0.19925712049007416,21.0,-0.08375851064920425,63.0,-0.10513724386692047,126.0,-0.6866406798362732,252.0
KSWS,2013-05-01,merger_deletion,SML,,True,-0.05547279864549637,21.0,-0.11747661232948303,63.0,-0.17703238129615784,126.0,-0.22272823750972748,252.0
REGN,2013-05-01,promotion,MID,GSPC,True,-0.06005252152681351,21.0,-0.0023962780833244324,63.0,0.03393472731113434,126.0,-0.011894471943378448,252.0
FRAN,2013-05-01,outside_addition,,SML,False,,0.0,,0.0,,0.0,,0.0
EXP,2013-05-01,promotion,SML,MID,True,0.06932910531759262,21.0,-0.06912140548229218,63.0,-0.007273835130035877,126.0,0.032287709414958954,252.0
TAYC,2013-05-01,outside_addition,,SML,True,0.09927792847156525,21.0,0.34072789549827576,63.0,0.30998215079307556,126.0,0.18367013335227966,252.0
CST,2013-05-02,outside_addition,,MID,True,-0.012200720608234406,21.0,-0.025192104279994965,63.0,-0.07795446366071701,126.0,-0.12580786645412445,252.0
DM,2013-05-02,discretionary_deletion,SML,,False,,0.0,,0.0,,0.0,,0.0
NOG,2013-05-02,discretionary_deletion,MID,,True,0.016218043863773346,21.0,-0.05811977759003639,63.0,0.13105836510658264,126.0,-0.04887089878320694,252.0
CVH,2013-05-09,merger_deletion,GSPC,,True,-0.00836204458028078,21.0,-0.07158911228179932,63.0,-0.13036063313484192,126.0,-0.17881275713443756,252.0
DDD,2013-05-09,outside_addition,,MID,True,0.12415403127670288,21.0,0.08540409058332443,63.0,0.4112769663333893,126.0,-0.013235867023468018,252.0
COR,2013-05-09,outside_addition,,SML,True,-0.023265158757567406,21.0,0.015623372979462147,63.0,0.090401791036129,126.0,0.03782404214143753,252.0
MAC,2013-05-09,outside_addition,,GSPC,True,-0.1245172843337059,21.0,-0.1987401843070984,63.0,-0.29822197556495667,126.0,-0.19465766847133636,252.0
WWAV,2013-05-24,outside_addition,,MID,True,-0.09286536276340485,21.0,0.02014004997909069,63.0,-0.0021765409037470818,126.0,0.31448349356651306,252.0
DF,2013-05-24,demotion,GSPC,MID,True,0.02333029732108116,21.0,-0.0737045630812645,63.0,-0.23164889216423035,126.0,-0.3369132876396179,252.0
KWK,2013-05-24,discretionary_deletion,MID,,True,-0.3297317326068878,21.0,-0.46340054273605347,63.0,-0.03095318377017975,126.0,-0.2505227327346802,252.0
KSU,2013-05-24,promotion,MID,GSPC,True,-0.019547268748283386,21.0,-0.07542403787374496,63.0,-0.03734152764081955,126.0,-0.2075493037700653,252.0
DPZ,2013-05-31,outside_addition,,MID,True,0.01459862943738699,21.0,0.017474757507443428,63.0,0.020717835053801537,126.0,0.04251744598150253,252.0
PXP,2013-05-31,merger_deletion,MID,,True,-0.0021772286854684353,21.0,-0.032094839960336685,63.0,-0.14543794095516205,126.0,-0.17624478042125702,252.0
CYNO,2013-06-03,outside_addition,,SML,True,0.09635674953460693,21.0,-0.06015101075172424,63.0,-0.05710051208734512,126.0,-0.2761549949645996,252.0
HOTT,2013-06-03,merger_deletion,SML,,True,0.005439626052975655,21.0,-0.02863224409520626,63.0,-0.1391732096672058,126.0,-0.17288894951343536,252.0
TNGO,2013-06-03,outside_addition,,SML,True,0.03381482884287834,21.0,0.3194378912448883,63.0,-0.09146745502948761,126.0,-0.21039792895317078,252.0
CYMI,2013-06-03,merger_deletion,SML,,True,0.005439599975943565,21.0,-0.02863226644694805,63.0,-0.139173224568367,126.0,-0.17288897931575775,252.0
NCS,2013-06-03,discretionary_deletion,SML,,True,0.06049933657050133,21.0,0.13624240458011627,63.0,-0.24873550236225128,126.0,-0.4055112302303314,252.0
GM,2013-06-07,outside_addition,,GSPC,True,-0.03208011016249657,21.0,-0.0010873496066778898,63.0,-0.005249283276498318,126.0,-0.15418368577957153,252.0
HNZ,2013-06-07,merger_deletion,GSPC,,True,-0.024090299382805824,21.0,-0.033528897911310196,63.0,-0.1334000825881958,126.0,-0.20211920142173767,252.0
QLGC,2013-06-24,demotion,MID,SML,True,0.031938742846250534,21.0,0.06855564564466476,63.0,0.007910508662462234,126.0,-0.20721113681793213,252.0
ZTS,2013-06-24,outside_addition,,GSPC,True,-0.10827845335006714,21.0,-0.07168278843164444,63.0,-0.12065304815769196,126.0,-0.17027956247329712,252.0
FHN,2013-06-24,demotion,GSPC,MID,True,0.06496645510196686,21.0,-0.061281997710466385,63.0,-0.12277908623218536,126.0,-0.13516449928283691,252.0
CWTR,2013-06-24,discretionary_deletion,SML,,True,-0.014772911556065083,21.0,-0.3397039473056793,63.0,-1.3715345859527588,126.0,-3.8764963150024414,252.0
PMTI,2013-06-25,merger_deletion,SML,,True,-0.06928491592407227,21.0,-0.09236591309309006,63.0,-0.1749788373708725,126.0,-0.23003613948822021,252.0
CAMP_old,2013-06-25,outside_addition,,SML,True,0.026158297434449196,21.0,0.13369745016098022,63.0,0.4481569826602936,126.0,0.21179687976837158,252.0
WBSN,2013-06-26,merger_deletion,SML,,True,-0.06613507121801376,21.0,-0.08954789489507675,63.0,-0.1781674325466156,126.0,-0.22094565629959106,252.0
AEC_old,2013-06-26,outside_addition,,SML,True,-0.07694604247808456,21.0,-0.15691564977169037,63.0,-0.1724914312362671,126.0,-0.11142013221979141,252.0
NFP,2013-06-26,discretionary_deletion,SML,,True,-0.06613507121801376,21.0,-0.08954789489507675,63.0,-0.1781674325466156,126.0,-1.415785551071167,252.0
WAGE,2013-06-26,outside_addition,,SML,True,-0.0297029297798872,21.0,0.3606526851654053,63.0,0.43313753604888916,126.0,0.16410014033317566,252.0
TESO,2013-06-27,outside_addition,,SML,True,-0.059785306453704834,21.0,0.17437045276165009,63.0,0.26952654123306274,126.0,0.2737356126308441,252.0
CHG,2013-06-27,discretionary_deletion,SML,,True,-0.06134766712784767,21.0,-0.08049885928630829,63.0,-0.17481744289398193,126.0,-0.22479288280010223,252.0
APOL,2013-07-01,demotion,GSPC,MID,True,-0.03777534142136574,21.0,0.08087494224309921,63.0,0.253414124250412,126.0,0.32099586725234985,252.0
NWSA,2013-07-01,outside_addition,,GSPC,True,0.021835483610630035,21.0,0.018612433224916458,63.0,0.038954101502895355,126.0,-0.020120982080698013,252.0
ENZ,2013-07-01,discretionary_deletion,SML,,True,-0.036964766681194305,21.0,0.07624423503875732,63.0,0.13492096960544586,126.0,0.6535595059394836,252.0
FST,2013-07-01,demotion,MID,SML,False,,0.0,,0.0,,0.0,,0.0
TLAB,2013-07-01,deletion_unclear,MID,,True,0.052440762519836426,21.0,0.05552927404642105,63.0,0.025763846933841705,126.0,-0.036088936030864716,252.0
EVR,2013-07-02,outside_addition,,SML,True,0.16689401865005493,21.0,0.19398756325244904,63.0,0.28981760144233704,126.0,0.20763583481311798,252.0
LUFK,2013-07-02,merger_deletion,SML,,True,-0.0678371861577034,21.0,-0.07979243993759155,63.0,-0.165628120303154,126.0,-0.22995907068252563,252.0
S,2013-07-09,discretionary_deletion,GSPC,,False,,0.0,,0.0,,0.0,,0.0
NLSN,2013-07-09,outside_addition,,GSPC,True,-0.05596353858709335,21.0,0.02894757315516472,63.0,0.15881462395191193,126.0,0.19510769844055176,252.0
TRLG,2013-07-31,merger_deletion,SML,,True,0.02990896627306938,21.0,-0.05955576151609421,63.0,-0.06083317846059799,126.0,-0.11722002178430557,252.0
GDI,2013-07-31,discretionary_deletion,MID,,False,,0.0,,0.0,,0.0,,0.0
SLXP,2013-07-31,promotion,SML,MID,True,-0.06032322719693184,21.0,-0.08163630217313766,63.0,0.20223115384578705,126.0,0.45169201493263245,252.0
ADC,2013-07-31,outside_addition,,SML,True,-0.07064369320869446,21.0,0.006320221349596977,63.0,-0.0976194515824318,126.0,-0.08814315497875214,252.0
DXPE,2013-07-31,outside_addition,,SML,True,-0.00012590130791068077,21.0,0.13328775763511658,63.0,0.23112767934799194,126.0,-0.06459885835647583,252.0
CFNL,2013-08-12,outside_addition,,SML,True,0.03251533955335617,21.0,-0.012506263330578804,63.0,-0.056483954191207886,126.0,-0.06182098761200905,252.0
AM,2013-08-12,discretionary_deletion,SML,,False,,0.0,,0.0,,0.0,,0.0
BKI,2013-08-27,discretionary_deletion,SML,,False,,0.0,,0.0,,0.0,,0.0
FTK,2013-08-27,outside_addition,,SML,True,0.09639611840248108,21.0,-0.0703703761100769,63.0,0.09261219203472137,126.0,0.14524656534194946,252.0
STRI,2013-09-03,discretionary_deletion,SML,,True,0.21579334139823914,21.0,-0.08649641275405884,63.0,-0.29623162746429443,126.0,-0.42510366439819336,252.0
MUSA,2013-09-03,outside_addition,,MID,True,0.012163862586021423,21.0,0.0813937783241272,63.0,-0.10169140994548798,126.0,0.16640552878379822,252.0
DAL,2013-09-11,outside_addition,,GSPC,True,0.0847398042678833,21.0,0.18565689027309418,63.0,0.30135175585746765,126.0,0.4127352237701416,252.0
BMC,2013-09-11,merger_deletion,GSPC,,True,-0.011259961873292923,21.0,-0.07277137786149979,63.0,-0.10815393924713135,126.0,-0.1641315221786499,252.0
AX,2013-09-19,outside_addition,,SML,True,0.023486722260713577,21.0,0.1131296381354332,63.0,0.14132043719291687,126.0,0.0038549602031707764,252.0
IN,2013-09-19,merger_deletion,SML,,True,-0.027687326073646545,21.0,-0.05733821168541908,63.0,-0.10773739963769913,126.0,-0.12906059622764587,252.0
RUE,2013-09-20,merger_deletion,SML,,True,-0.024873001500964165,21.0,-0.052126627415418625,63.0,-0.09848733991384506,126.0,-0.11275510489940643,252.0
FBRT,2013-09-20,outside_addition,,SML,False,,0.0,,0.0,,0.0,,0.0
AMD,2013-09-23,outside_addition,,MID,True,-0.20537197589874268,21.0,-0.09510907530784607,63.0,-0.039967577904462814,126.0,-0.14250104129314423,252.0
AME,2013-09-23,promotion,MID,GSPC,True,-0.01868973858654499,21.0,0.048219937831163406,63.0,0.028319476172327995,126.0,-0.01590963453054428,252.0
LDOS,2013-09-23,outside_addition,,MID,True,0.0888141542673111,21.0,0.0018879021517932415,63.0,-0.065599724650383,126.0,-0.2833157777786255,252.0
VRTX,2013-09-23,promotion,MID,GSPC,True,-0.010406659916043282,21.0,-0.11897537112236023,63.0,-0.148638054728508,126.0,0.21191464364528656,252.0
CBST,2013-09-27,promotion,SML,MID,True,-0.05537731945514679,21.0,-0.04605238512158394,63.0,0.018290584906935692,126.0,-0.08536843955516815,252.0
BNNY,2013-09-27,outside_addition,,SML,True,-0.05489262193441391,21.0,-0.258886456489563,63.0,-0.32689425349235535,126.0,-0.1971689760684967,252.0
SFD_old,2013-09-27,discretionary_deletion,MID,,True,-0.05428344011306763,21.0,-0.09971661120653152,63.0,-0.12344558537006378,126.0,1.7208775281906128,252.0
NR,2013-09-30,outside_addition,,SML,True,-0.019836902618408203,21.0,-0.12210606038570404,63.0,-0.21625864505767822,126.0,-0.12584561109542847,252.0
RSYS,2013-09-30,discretionary_deletion,SML,,True,-0.10042402148246765,21.0,-0.44281378388404846,63.0,0.0018682479858398438,126.0,-0.2947857677936554,252.0
BKS,2013-09-30,demotion,MID,SML,True,0.07275162637233734,21.0,0.03308738023042679,63.0,0.3522801697254181,126.0,0.30971238017082214,252.0
SAIC,2013-09-30,outside_addition,,MID,True,0.055171143263578415,21.0,-0.12080015987157822,63.0,-0.03048848919570446,126.0,0.20168329775333405,252.0
ARB,2013-09-30,discretionary_deletion,SML,,False,,0.0,,0.0,,0.0,,0.0
MWW,2013-10-02,demotion,MID,SML,True,-0.05398298427462578,21.0,0.390421062707901,63.0,0.40464839339256287,126.0,0.10132628679275513,252.0
MAA,2013-10-02,promotion,SML,MID,True,0.024800918996334076,21.0,-0.10583916306495667,63.0,-0.024259785190224648,126.0,-0.011382341384887695,252.0
CLP,2013-10-02,merger_deletion,SML,,True,-0.03104616515338421,21.0,-0.07873187214136124,63.0,-0.12370955944061279,126.0,-0.10304778814315796,252.0
SNTS,2013-10-02,outside_addition,,SML,True,0.003089761361479759,21.0,0.26212620735168457,63.0,0.21714851260185242,126.0,0.23781029880046844,252.0
VLTR,2013-10-02,merger_deletion,SML,,True,-0.03104616515338421,21.0,-0.07873187214136124,63.0,-0.12370955944061279,126.0,-0.10304778814315796,252.0
HCI,2013-10-07,outside_addition,,SML,True,0.04734797775745392,21.0,0.14507877826690674,63.0,-0.18695031106472015,126.0,-0.030852079391479492,252.0
MFB,2013-10-07,merger_deletion,SML,,True,-0.05251108482480049,21.0,-0.09252708405256271,63.0,-0.10757997632026672,126.0,-0.09347964078187943,252.0
FIRE,2013-10-08,merger_deletion,SML,,True,-0.061418566852808,21.0,-0.10552521795034409,63.0,-0.12409999966621399,126.0,-0.12005622684955597,252.0
AAT,2013-10-08,outside_addition,,SML,True,0.0018362458795309067,21.0,-0.0741489976644516,63.0,-0.023913703858852386,126.0,0.029107846319675446,252.0
FXCM,2013-10-16,outside_addition,,SML,False,,,,,,,,
KDN,2013-10-16,merger_deletion,SML,,True,-0.03881967440247536,21.0,-0.07710467278957367,63.0,-0.08237884938716888,126.0,-0.07463046908378601,252.0
SAIA,2013-10-18,outside_addition,,SML,True,-0.06393929570913315,21.0,-0.09974256902933121,63.0,0.059208326041698456,126.0,0.2832344174385071,252.0
GPOR,2013-10-18,outside_addition,,MID,False,,0.0,,0.0,,0.0,,0.0
DELL_old,2013-10-29,merger_deletion,GSPC,,True,-0.023878365755081177,21.0,-0.001277427189052105,63.0,-0.045695867389440536,126.0,-0.08594401925802231,252.0
RIG,2013-10-29,outside_addition,,GSPC,True,0.03132016956806183,21.0,-0.10443335026502609,63.0,-0.14619994163513184,126.0,-0.5275486707687378,252.0
STL,2013-11-01,discretionary_deletion,SML,,True,0.07352790981531143,21.0,0.026089554652571678,63.0,-0.09568168967962265,126.0,0.07447130233049393,252.0
UNTD,2013-11-01,discretionary_deletion,SML,,True,0.1093418076634407,21.0,-0.2491716742515564,63.0,-0.19107475876808167,126.0,-0.20852923393249512,252.0
FTD,2013-11-01,outside_addition,,SML,True,-0.0018012244254350662,21.0,-0.04865231364965439,63.0,-0.11503931879997253,126.0,-0.012951001524925232,252.0
FF,2013-11-05,outside_addition,,SML,True,-0.13212953507900238,21.0,-0.13389858603477478,63.0,-0.03245909512042999,126.0,-0.40807878971099854,252.0
AOS,2013-11-05,promotion,SML,MID,True,-0.018635261803865433,21.0,-0.1345047950744629,63.0,-0.14511853456497192,126.0,-0.1053004115819931,252.0
SKS,2013-11-05,discretionary_deletion,MID,,True,-0.02014840580523014,21.0,-1.0149683952331543,63.0,-1.0461925268173218,126.0,-1.3575894832611084,252.0
OMX,2013-11-06,merger_deletion,SML,,True,-0.022970259189605713,21.0,-0.009170879609882832,63.0,-0.048452138900756836,126.0,-0.11899305880069733,252.0
SANM,2013-11-06,outside_addition,,SML,True,-0.003230523318052292,21.0,0.06337440758943558,63.0,0.24051536619663239,126.0,0.38886988162994385,252.0
NYX_old,2013-11-13,merger_deletion,GSPC,,True,-0.0009120069444179535,21.0,-0.03095851093530655,63.0,-0.03262365609407425,126.0,-0.11526940762996674,252.0
CPRI,2013-11-13,outside_addition,,GSPC,True,-0.00018384959548711777,21.0,0.15761393308639526,63.0,0.08440406620502472,126.0,-0.2677023112773895,252.0
NAFC,2013-11-20,merger_deletion,SML,,True,-0.03231438994407654,21.0,-0.04400457814335823,63.0,-0.057112373411655426,126.0,-0.13160862028598785,252.0
AMWD,2013-11-20,outside_addition,,SML,True,0.03289618343114853,21.0,-0.13214920461177826,63.0,-0.2833041250705719,126.0,0.017514675855636597,252.0
SYMM,2013-11-27,merger_deletion,SML,,True,-0.019876085221767426,21.0,-0.03470125421881676,63.0,-0.030806854367256165,126.0,-0.09433253109455109,252.0
ANIK,2013-11-27,outside_addition,,SML,True,0.06347091495990753,21.0,0.16418303549289703,63.0,0.2927534878253937,126.0,0.06938484311103821,252.0
SHFL,2013-11-29,merger_deletion,SML,,True,-0.02101527899503708,21.0,-0.046665407717227936,63.0,-0.03371576592326164,126.0,-0.08979660272598267,252.0
JCP,2013-12-02,demotion,GSPC,MID,True,-0.13400651514530182,21.0,-0.23456308245658875,63.0,-0.20440979301929474,126.0,-0.4444282650947571,252.0
COCO,2013-12-02,discretionary_deletion,SML,,False,,0.0,,0.0,,0.0,,0.0
ALLE,2013-12-02,outside_addition,,GSPC,True,-0.006315499544143677,21.0,0.17397738993167877,63.0,0.16705533862113953,126.0,0.139443039894104,252.0
ARO,2013-12-02,demotion,MID,SML,True,-0.0913001075387001,21.0,-0.3155064582824707,63.0,-1.0915067195892334,126.0,-1.2713171243667603,252.0
MOLX,2013-12-10,merger_deletion,GSPC,,True,-0.028368240222334862,21.0,-0.03538255766034126,63.0,-0.0650564581155777,126.0,-0.09816183149814606,252.0
GGP,2013-12-10,outside_addition,,GSPC,True,-0.05441579222679138,21.0,0.021990755572915077,63.0,0.05070965364575386,126.0,0.1866379976272583,252.0
LINC,2013-12-23,discretionary_deletion,SML,,True,0.03495607525110245,21.0,-0.25526925921440125,63.0,-0.2502836585044861,126.0,-0.5845203995704651,252.0
TER,2013-12-23,outside_addition,,MID,True,0.1261821836233139,21.0,0.12106126546859741,63.0,0.06484438478946686,126.0,0.06179404258728027,252.0
BC,2013-12-23,promotion,SML,MID,True,-0.08193328976631165,21.0,-0.02420973591506481,63.0,-0.14502134919166565,126.0,-0.001437462866306305,252.0
ARCH_old,2013-12-23,discretionary_deletion,MID,,False,,0.0,,0.0,,0.0,,0.0
SCHL,2013-12-23,demotion,MID,SML,True,0.017182987183332443,21.0,0.030052222311496735,63.0,-0.024615764617919922,126.0,-0.013626402243971825,252.0
MHK,2013-12-23,promotion,MID,GSPC,True,0.0005832482129335403,21.0,-0.08664388954639435,63.0,-0.11905214935541153,126.0,-0.0452241450548172,252.0
RGS,2013-12-23,demotion,MID,SML,True,-0.1381584256887436,21.0,-0.07091613113880157,63.0,-0.10747196525335312,126.0,0.03839416056871414,252.0
ANF,2013-12-23,discretionary_deletion,GSPC,,True,0.06304624676704407,21.0,0.11601867526769638,63.0,0.2083239108324051,126.0,-0.24919800460338593,252.0
VIAV,2013-12-23,discretionary_deletion,GSPC,,True,-0.043913982808589935,21.0,0.08820061385631561,63.0,-0.11662103235721588,126.0,-0.005400322377681732,252.0
META,2013-12-23,outside_addition,,GSPC,True,-0.044173650443553925,21.0,0.027429521083831787,63.0,0.09936152398586273,126.0,0.2222336083650589,252.0
BFH,2013-12-23,outside_addition,,GSPC,True,0.002243397757411003,21.0,0.04887094348669052,63.0,0.040159665048122406,126.0,0.018971892073750496,252.0
ODFL,2013-12-23,promotion,SML,MID,True,0.06768438965082169,21.0,0.022148586809635162,63.0,0.12150361388921738,126.0,0.2966391444206238,252.0
HAIN,2013-12-24,outside_addition,,MID,True,0.0692915990948677,21.0,0.000762435607612133,63.0,-0.07803245633840561,126.0,0.16519683599472046,252.0
GPRE,2013-12-24,outside_addition,,SML,True,0.09964792430400848,21.0,0.34275850653648376,63.0,0.45562469959259033,126.0,0.1551319658756256,252.0
NVE,2013-12-24,discretionary_deletion,MID,,True,0.03308708593249321,21.0,-0.0026845429092645645,63.0,-0.042778223752975464,126.0,-0.10498453676700592,252.0
GIII,2014-01-02,outside_addition,,SML,True,-0.01964521035552025,21.0,-0.008792467415332794,63.0,0.08185634016990662,126.0,0.23654142022132874,252.0
SNTS,2014-01-02,merger_deletion,SML,,True,0.051019445061683655,21.0,-0.04497767612338066,63.0,-0.07317591458559036,126.0,-0.0952974408864975,252.0
LPS,2014-01-03,merger_deletion,MID,,True,0.056328170001506805,21.0,-0.014200596138834953,63.0,-0.05890531465411186,126.0,-0.08010202646255493,252.0
RNR,2014-01-03,outside_addition,,MID,True,0.07381938397884369,21.0,0.047036103904247284,63.0,0.10448804497718811,126.0,-0.019832521677017212,252.0
TSCO,2014-01-24,promotion,MID,GSPC,True,-0.0436529666185379,21.0,-0.0917663425207138,63.0,-0.16496476531028748,126.0,0.04127408564090729,252.0
RRTS,2014-01-24,outside_addition,,SML,True,-0.21067394316196442,21.0,-0.14737868309020996,63.0,-0.07886005938053131,126.0,-0.3275691866874695,252.0
ALGN,2014-01-24,promotion,SML,MID,True,-0.12122379243373871,21.0,-0.19000405073165894,63.0,-0.10674227774143219,126.0,-0.12711188197135925,252.0
BCC,2014-01-24,outside_addition,,SML,True,-0.07203260064125061,21.0,-0.17915642261505127,63.0,-0.08562933653593063,126.0,0.1421596109867096,252.0
VPHM,2014-01-24,merger_deletion,SML,,True,-0.027627743780612946,21.0,-0.026695145294070244,63.0,-0.06316962093114853,126.0,-0.10460732132196426,252.0
LIFE_old1,2014-01-24,discretionary_deletion,GSPC,,True,-0.027627743780612946,21.0,-0.026695145294070244,63.0,-0.06316962093114853,126.0,-0.10460732132196426,252.0
SIRO,2014-01-29,outside_addition,,MID,True,-0.07445021718740463,21.0,0.00397257087752223,63.0,0.05046633258461952,126.0,0.1290169507265091,252.0
FTNT,2014-01-29,outside_addition,,MID,True,-0.011471472680568695,21.0,-0.049534622579813004,63.0,0.06204577535390854,126.0,0.1537313461303711,252.0
HMA,2014-01-29,discretionary_deletion,MID,,False,,0.0,,0.0,,0.0,,0.0
HTSI,2014-01-29,merger_deletion,MID,,True,-0.03399397060275078,21.0,-0.033325277268886566,63.0,-0.057373758405447006,126.0,-0.10218781232833862,252.0
OGS,2014-02-03,outside_addition,,MID,True,-0.026029981672763824,21.0,0.05158152058720589,63.0,-0.01355392299592495,126.0,0.16475847363471985,252.0
VCI,2014-02-03,merger_deletion,MID,,True,-0.08515661209821701,21.0,-0.058950234204530716,63.0,-0.07472292333841324,126.0,-0.14950214326381683,252.0
AXON,2014-02-05,outside_addition,,SML,True,0.05572567880153656,21.0,-0.2834411859512329,63.0,-0.3402571976184845,126.0,0.33165138959884644,252.0
CGX,2014-02-05,merger_deletion,SML,,True,-0.08242448419332504,21.0,-0.05068871006369591,63.0,-0.07874239981174469,126.0,-0.16190391778945923,252.0
CEC,2014-02-18,discretionary_deletion,SML,,True,-0.025857795029878616,21.0,-0.007548242807388306,63.0,-0.05682108551263809,126.0,-0.12540844082832336,252.0
SLCA,2014-02-18,outside_addition,,SML,True,0.16808757185935974,21.0,0.46985241770744324,63.0,0.6691718697547913,126.0,-0.07979589700698853,252.0
EGHT,2014-03-03,outside_addition,,SML,True,0.021261410787701607,21.0,-0.3853476941585541,63.0,-0.36511901021003723,126.0,-0.4419218897819519,252.0
KN,2014-03-03,outside_addition,,MID,True,-0.017679084092378616,21.0,-0.08806654810905457,63.0,0.004334315191954374,126.0,-0.6003172993659973,252.0
PSEC,2014-03-03,discretionary_deletion,SML,,True,-0.023538263514637947,21.0,-0.07183171808719635,63.0,-0.04951288551092148,126.0,-0.20969565212726593,252.0
UVE,2014-03-03,outside_addition,,SML,True,-0.12157988548278809,21.0,-0.16190187633037567,63.0,-0.06121983006596565,126.0,0.4995740056037903,252.0
AINV,2014-03-03,discretionary_deletion,MID,,True,-0.033638808876276016,21.0,-0.020284378901124,63.0,0.006642061285674572,126.0,-0.11893214285373688,252.0
GMCR,2014-03-24,promotion,MID,GSPC,True,-0.11559745669364929,21.0,0.09729902446269989,63.0,0.1960347294807434,126.0,0.025845184922218323,252.0
MATX,2014-03-24,demotion,MID,SML,True,0.04348371922969818,21.0,0.025680020451545715,63.0,0.09504537284374237,126.0,0.4824482202529907,252.0
WPX,2014-03-24,demotion,GSPC,MID,True,0.16760793328285217,21.0,0.2148575335741043,63.0,0.26938021183013916,126.0,-0.6148484945297241,252.0
KATE,2014-03-24,promotion,SML,MID,True,-0.11955121159553528,21.0,-0.023604946210980415,63.0,-0.3235343098640442,126.0,-0.25788310170173645,252.0
AMRI,2014-04-02,outside_addition,,SML,True,-0.10064263641834259,21.0,0.1730172485113144,63.0,0.24084244668483734,126.0,-0.0983814150094986,252.0
FN,2014-04-02,outside_addition,,SML,True,0.061571408063173294,21.0,-0.0569009855389595,63.0,-0.3453325629234314,126.0,-0.20895811915397644,252.0
CLF,2014-04-02,discretionary_deletion,GSPC,,True,-0.07858144491910934,21.0,-0.271412193775177,63.0,-0.679603099822998,126.0,-1.546549677848816,252.0
SUPX_old2,2014-04-02,merger_deletion,SML,,True,0.036442238837480545,21.0,-0.028218094259500504,63.0,0.0327087864279747,126.0,-0.09158676862716675,252.0
BRE,2014-04-02,discretionary_deletion,MID,,True,0.036442238837480545,21.0,-0.028218094259500504,63.0,0.0327087864279747,126.0,-0.09158676862716675,252.0
FEIC,2014-04-02,promotion,SML,MID,True,-0.219756618142128,21.0,-0.17485249042510986,63.0,-0.3369752764701843,126.0,-0.3909670114517212,252.0
ESS,2014-04-02,promotion,MID,GSPC,True,0.05054472014307976,21.0,0.05389120429754257,63.0,0.08813201636075974,126.0,0.229045107960701,252.0
GOOGL,2014-04-03,outside_addition,,GSPC,True,-0.0441872701048851,21.0,-0.002667417749762535,63.0,0.030210014432668686,126.0,-0.15980957448482513,252.0
GOOG,2014-04-03,outside_addition,,GSPC,True,-0.052875712513923645,21.0,-0.012467876076698303,63.0,0.017878007143735886,126.0,-0.16580356657505035,252.0
PACW,2014-04-08,outside_addition,,MID,True,-0.11882105469703674,21.0,-0.08051080256700516,63.0,-0.07275513559579849,126.0,-0.05092090368270874,252.0
MANT,2014-04-08,demotion,MID,SML,True,0.08204515278339386,21.0,-0.020491674542427063,63.0,-0.041819848120212555,126.0,0.05065188556909561,252.0
UMPQ,2014-04-21,promotion,SML,MID,True,-0.07624366134405136,21.0,-0.08088180422782898,63.0,-0.08336454629898071,126.0,-0.1373434066772461,252.0
LNW,2014-04-21,outside_addition,,SML,True,-0.2635858356952667,21.0,-0.29104095697402954,63.0,-0.2708031237125397,126.0,-0.11471076309680939,252.0
RGEN,2014-04-21,outside_addition,,SML,True,0.17466899752616882,21.0,0.36714375019073486,63.0,0.4022654891014099,126.0,0.6118367314338684,252.0
HITK,2014-04-21,merger_deletion,SML,,True,0.01613227277994156,21.0,-0.0340384878218174,63.0,0.021023176610469818,126.0,-0.12948961555957794,252.0
UAA,2014-05-01,outside_addition,,GSPC,True,0.025986511260271072,21.0,0.29057183861732483,63.0,0.2214166671037674,126.0,0.3301430940628052,252.0
SLM,2014-05-01,demotion,GSPC,MID,True,-0.03958325833082199,21.0,-0.024316055700182915,63.0,0.010878070257604122,126.0,0.013328969478607178,252.0
NAVI,2014-05-01,outside_addition,,GSPC,True,-0.0333818644285202,21.0,0.008666522800922394,63.0,0.10108499228954315,126.0,0.0566851831972599,252.0
ANR,2014-05-01,discretionary_deletion,MID,,True,-0.34280434250831604,21.0,-0.30632469058036804,63.0,-0.8046082258224487,126.0,-1.8220534324645996,252.0
AVNT,2014-05-01,promotion,SML,MID,True,0.0460391528904438,21.0,-0.008729729801416397,63.0,-0.07887238264083862,126.0,-0.053358208388090134,252.0
ACET,2014-05-01,outside_addition,,SML,False,,0.0,,0.0,,0.0,,0.0
BEAM,2014-05-01,discretionary_deletion,GSPC,,False,,0.0,,0.0,,0.0,,0.0
ATMI,2014-05-05,merger_deletion,SML,,True,-0.019864115864038467,21.0,-0.015772700309753418,63.0,-0.06857172399759293,126.0,-0.12425188720226288,252.0
PGTI,2014-05-05,outside_addition,,SML,True,-0.23065736889839172,21.0,-0.09484164416790009,63.0,-0.1298673152923584,126.0,-0.018891923129558563,252.0
AVGO,2014-05-08,outside_addition,,GSPC,True,-0.0005413796752691269,21.0,0.004933306947350502,63.0,0.16955557465553284,126.0,0.4690210819244385,252.0
LSI,2014-05-08,discretionary_deletion,GSPC,,True,-0.029658576473593712,21.0,0.0015978510491549969,63.0,0.06497592478990555,126.0,0.06530888378620148,252.0
ACO,2014-05-12,merger_deletion,SML,,True,-0.020807666704058647,21.0,-0.012396848760545254,63.0,-0.05921123921871185,126.0,-0.11588126420974731,252.0
ROIC,2014-05-12,outside_addition,,SML,True,-0.052250877022743225,21.0,-0.0237270537763834,63.0,-0.021953504532575607,126.0,-0.04857994616031647,252.0
ARQL,2014-05-29,discretionary_deletion,SML,,True,-0.04586758464574814,21.0,-0.17203529179096222,63.0,-0.2211703360080719,126.0,0.08342671394348145,252.0
UTIW,2014-05-29,demotion,MID,SML,True,-0.01037527434527874,21.0,-0.11222146451473236,63.0,0.10035979747772217,126.0,-0.13807421922683716,252.0
WPG,2014-05-29,outside_addition,,MID,True,-0.11227360367774963,21.0,-0.07624900341033936,63.0,-0.19472578167915344,126.0,-0.4413146674633026,252.0
MATW,2014-06-02,demotion,MID,SML,True,0.0021084723994135857,21.0,0.09448375552892685,63.0,0.07779160887002945,126.0,0.11998987197875977,252.0
CVEO,2014-06-02,outside_addition,,MID,True,0.056075066328048706,21.0,0.05135734751820564,63.0,-0.9595662355422974,126.0,-1.9050612449645996,252.0
SIGM,2014-06-02,discretionary_deletion,SML,,True,0.24315017461776733,21.0,0.27920347452163696,63.0,0.2003721296787262,126.0,0.7851443290710449,252.0
DNOW,2014-06-02,outside_addition,,MID,True,-0.030622338876128197,21.0,-0.11412427574396133,63.0,-0.3377218544483185,126.0,-0.5586081743240356,252.0
PCTI,2014-06-02,discretionary_deletion,SML,,True,0.103019118309021,21.0,0.049693502485752106,63.0,0.08262714743614197,126.0,-0.07685066014528275,252.0
BGC,2014-06-02,discretionary_deletion,MID,,True,0.019405638799071312,21.0,0.050024256110191345,63.0,0.18990232050418854,126.0,0.19923914968967438,252.0
CTRE,2014-06-03,outside_addition,,SML,True,-0.06014566123485565,21.0,-0.19211560487747192,63.0,-0.2556968033313751,126.0,-0.13935740292072296,252.0
TWGP,2014-06-03,deletion_unclear,SML,,True,-0.08637340366840363,21.0,-0.13685543835163116,63.0,-0.036756619811058044,126.0,-0.106923408806324,252.0
ZLC,2014-06-03,merger_deletion,SML,,True,-0.05163046717643738,21.0,-0.05559241771697998,63.0,-0.056080833077430725,126.0,-0.1262476146221161,252.0
LCI,2014-06-03,outside_addition,,SML,True,0.1407414674758911,21.0,-0.1418992429971695,63.0,0.0289907269179821,126.0,-1.241917610168457,252.0
BTH,2014-06-09,discretionary_deletion,SML,,True,-0.11823118478059769,21.0,0.14038455486297607,63.0,0.0849180668592453,126.0,-0.2702823877334595,252.0
BOBE,2014-06-09,demotion,MID,SML,True,-0.025865167379379272,21.0,-0.09495687484741211,63.0,0.010728088207542896,126.0,-0.12998837232589722,252.0
TIME,2014-06-09,outside_addition,,MID,False,,0.0,,0.0,,0.0,,0.0
LYV,2014-06-23,promotion,SML,MID,True,0.025795355439186096,21.0,0.029745953157544136,63.0,0.06711944192647934,126.0,0.10857230424880981,252.0
CHSP,2014-06-23,outside_addition,,SML,True,0.0263800248503685,21.0,-0.010209617204964161,63.0,0.17573699355125427,126.0,-0.04470375180244446,252.0
JOSB,2014-06-23,merger_deletion,SML,,True,0.0013727417681366205,21.0,0.012419919483363628,63.0,-0.043343450874090195,126.0,-0.10790007561445236,252.0
XEC,2014-06-23,outside_addition,,GSPC,True,0.05198720097541809,21.0,-0.09431162476539612,63.0,-0.31219837069511414,126.0,-0.2900412380695343,252.0
BCO,2014-06-23,outside_addition,,SML,True,-0.0101859662681818,21.0,-0.0759223997592926,63.0,-0.19067279994487762,126.0,0.027061045169830322,252.0
IGT,2014-06-23,demotion,GSPC,MID,True,0.06841588020324707,21.0,0.062368568032979965,63.0,0.026791391894221306,126.0,0.10652856528759003,252.0
MASI,2014-06-23,outside_addition,,SML,True,0.02537071332335472,21.0,-0.1280750185251236,63.0,0.07536977529525757,126.0,0.39586591720581055,252.0
ARRS,2014-06-23,promotion,SML,MID,True,0.01940225064754486,21.0,-0.10214681178331375,63.0,-0.16302312910556793,126.0,-0.12256041169166565,252.0
RYAM,2014-06-30,outside_addition,,MID,True,-0.1312868595123291,21.0,-0.14649838209152222,63.0,-0.5788539052009583,126.0,-0.9193930625915527,252.0
JAKK,2014-06-30,discretionary_deletion,SML,,True,-0.21335509419441223,21.0,-0.07571795582771301,63.0,-0.17908944189548492,126.0,0.14479364454746246,252.0
IPI,2014-06-30,demotion,MID,SML,True,-0.09566960483789444,21.0,-0.06411239504814148,63.0,-0.21751490235328674,126.0,-0.4154103100299835,252.0
SGNT,2014-07-01,outside_addition,,SML,True,-0.0016666203737258911,21.0,0.19383001327514648,63.0,-0.08639112859964371,126.0,-0.14919623732566833,252.0
TMST,2014-07-01,outside_addition,,MID,False,,,,,,,,
LHO,2014-07-01,promotion,SML,MID,True,0.012661965563893318,21.0,0.005247063934803009,63.0,0.11420734971761703,126.0,-0.005887992680072784,252.0
SRCI,2014-07-01,outside_addition,,SML,True,-0.15755540132522583,21.0,-0.013865470886230469,63.0,-0.08082842826843262,126.0,-0.23849840462207794,252.0
GHL,2014-07-01,demotion,MID,SML,True,-0.0009389230981469154,21.0,0.02198237180709839,63.0,-0.12871801853179932,126.0,-0.1676565557718277,252.0
AMG,2014-07-01,outside_addition,,GSPC,True,0.015400700271129608,21.0,0.0240246020257473,63.0,0.002008761279284954,126.0,-0.0005651591345667839,252.0
FRX,2014-07-01,discretionary_deletion,GSPC,,False,,0.0,,0.0,,0.0,,0.0
SPAR,2014-07-01,discretionary_deletion,SML,,True,-0.019199814647436142,21.0,0.06261002272367477,63.0,0.12242211401462555,126.0,-0.062389932572841644,252.0
BDC,2014-07-01,promotion,SML,MID,True,-0.08925439417362213,21.0,-0.15712207555770874,63.0,-0.016588620841503143,126.0,-0.04509931057691574,252.0
X,2014-07-02,demotion,GSPC,MID,True,0.2762337923049927,21.0,0.3600130081176758,63.0,-0.033551882952451706,126.0,-0.38317185640335083,252.0
ONE,2014-07-02,discretionary_deletion,SML,,True,0.1785418540239334,21.0,-0.4043385982513428,63.0,0.07400377839803696,126.0,-0.3290267586708069,252.0
MLM,2014-07-02,promotion,MID,GSPC,True,0.03386998921632767,21.0,0.04138195142149925,63.0,-0.16763584315776825,126.0,0.0640045702457428,252.0
TXI,2014-07-02,merger_deletion,SML,,True,0.04765244945883751,21.0,0.0609268844127655,63.0,-0.03819361329078674,126.0,-0.054450858384370804,252.0
VRTV,2014-07-02,outside_addition,,SML,True,0.12412174046039581,21.0,0.4059697389602661,63.0,0.3430365025997162,126.0,-0.01943609118461609,252.0
ASRT,2014-07-02,outside_addition,,SML,True,-0.21648284792900085,21.0,0.13128654658794403,63.0,0.09666331112384796,126.0,0.32253947854042053,252.0
CGI,2014-07-18,outside_addition,,SML,True,-0.04414953663945198,21.0,-0.12031101435422897,63.0,-0.026763146743178368,126.0,-0.12343001365661621,252.0
CBEY,2014-07-18,merger_deletion,SML,,True,-0.010445752181112766,21.0,0.03962680697441101,63.0,-0.03361998498439789,126.0,-0.08779945969581604,252.0
HITT,2014-07-22,merger_deletion,SML,,True,-0.005019146017730236,21.0,0.03888805955648422,63.0,-0.028293170034885406,126.0,-0.07938645780086517,252.0
EDR,2014-07-22,outside_addition,,SML,False,,0.0,,0.0,,0.0,,0.0
OPEN,2014-07-24,discretionary_deletion,SML,,False,,0.0,,0.0,,0.0,,0.0
MDAS,2014-07-24,outside_addition,,SML,True,-0.11021384596824646,21.0,-0.09022048860788345,63.0,-0.31605252623558044,126.0,-0.22489941120147705,252.0
IVAC,2014-08-04,discretionary_deletion,SML,,True,0.029982946813106537,21.0,0.060091279447078705,63.0,-0.031843289732933044,126.0,-0.3372511863708496,252.0
PGN,2014-08-04,outside_addition,,SML,True,-0.2542051672935486,21.0,-0.8451526165008545,63.0,-1.5460665225982666,126.0,-2.8196372985839844,252.0
WBD,2014-08-07,outside_addition,,GSPC,True,-0.01903332583606243,21.0,-0.22617661952972412,63.0,-0.416555792093277,126.0,-0.41704586148262024,252.0
ULTI_old,2014-08-15,outside_addition,,MID,True,0.004990935325622559,21.0,0.02999107912182808,63.0,0.03933873772621155,126.0,0.22034525871276855,252.0
HSH,2014-08-15,discretionary_deletion,MID,,True,-0.008437366224825382,21.0,-0.03088311292231083,63.0,-0.07178802043199539,126.0,-0.0743383914232254,252.0
MODV,2014-08-18,outside_addition,,SML,True,-0.039242926985025406,21.0,-0.2582257390022278,63.0,-0.15215221047401428,126.0,-0.03163425624370575,252.0
UNS,2014-08-18,merger_deletion,SML,,True,-0.006970244459807873,21.0,-0.024367982521653175,63.0,-0.06858737766742706,126.0,-0.06138747185468674,252.0
TAYC,2014-08-19,merger_deletion,SML,,True,-0.011104771867394447,21.0,-0.02287307381629944,63.0,-0.07036241143941879,126.0,-0.04829565808176994,252.0
MNK,2014-08-19,outside_addition,,GSPC,False,,0.0,,0.0,,0.0,,0.0
CNSL,2014-08-19,outside_addition,,SML,True,0.04112673178315163,21.0,0.12050552666187286,63.0,-0.037621792405843735,126.0,-0.1563926786184311,252.0
QCOR,2014-08-19,merger_deletion,SML,,True,-0.011104771867394447,21.0,-0.02287307381629944,63.0,-0.07036241143941879,126.0,-0.04829565808176994,252.0
RDC,2014-08-19,demotion,GSPC,MID,True,-0.10813014209270477,21.0,-0.23934459686279297,63.0,-0.24588848650455475,126.0,-0.6116889715194702,252.0
GLF,2014-08-19,outside_addition,,SML,False,,0.0,,0.0,,0.0,,0.0
CNC,2014-09-04,promotion,SML,MID,True,0.11477328091859818,21.0,0.2620886266231537,63.0,0.45454615354537964,126.0,0.4552280306816101,252.0
MCRS,2014-09-04,merger_deletion,MID,,True,0.03828608617186546,21.0,-0.02464371547102928,63.0,-0.050597868859767914,126.0,0.015919692814350128,252.0
AVIV,2014-09-04,outside_addition,,SML,False,,0.0,,0.0,,0.0,,0.0
CGNX,2014-09-22,promotion,SML,MID,True,-0.055728886276483536,21.0,-0.10347623378038406,63.0,0.06344623863697052,126.0,-0.17525188624858856,252.0
WABC,2014-09-22,demotion,MID,SML,True,-0.021533241495490074,21.0,-0.056106820702552795,63.0,-0.1814982295036316,126.0,-0.07852225750684738,252.0
GHC,2014-09-22,demotion,GSPC,MID,True,0.04750865697860718,21.0,0.16680783033370972,63.0,0.3314736783504486,126.0,0.2985561490058899,252.0
UHS,2014-09-22,promotion,MID,GSPC,True,-0.047564465552568436,21.0,-0.08588191121816635,63.0,-0.043558865785598755,126.0,0.1969345510005951,252.0
URI,2014-09-22,promotion,MID,GSPC,True,-0.032545339316129684,21.0,-0.17023000121116638,63.0,-0.3418756127357483,126.0,-0.5488113164901733,252.0
BTU,2014-09-22,demotion,GSPC,MID,False,,0.0,,0.0,,0.0,,0.0
ESI,2014-10-01,discretionary_deletion,SML,,True,0.03671934828162193,21.0,-0.08710771799087524,63.0,-0.027691567316651344,126.0,-0.6024725437164307,252.0
HPR,2014-10-01,demotion,MID,SML,True,-0.3580908179283142,21.0,-0.6952671408653259,63.0,-0.9513943195343018,126.0,-1.8047434091567993,252.0
CDK,2014-10-01,outside_addition,,MID,True,0.006525473669171333,21.0,0.19244004786014557,63.0,0.27513203024864197,126.0,0.4422087073326111,252.0
GTAT,2014-10-09,discretionary_deletion,SML,,False,,0.0,,0.0,,0.0,,0.0
REXX,2014-10-09,outside_addition,,SML,True,-0.3988300561904907,21.0,-1.2052510976791382,63.0,-1.034009337425232,126.0,-1.3860700130462646,252.0
MEAS,2014-10-14,merger_deletion,SML,,True,-0.11841993033885956,21.0,-0.10724245011806488,63.0,-0.1728803962469101,126.0,-0.10715997964143753,252.0
ECOL,2014-10-14,outside_addition,,SML,True,-0.11975790560245514,21.0,-0.19202008843421936,63.0,-0.0391242541372776,126.0,-0.07465966045856476,252.0
URS,2014-10-20,merger_deletion,MID,,True,-0.06779520958662033,21.0,-0.06718122959136963,63.0,-0.13209794461727142,126.0,-0.08137767761945724,252.0
SKT,2014-10-20,outside_addition,,MID,True,-0.02128111943602562,21.0,0.0912623181939125,63.0,-0.12538829445838928,126.0,-0.01689823716878891,252.0
AEL,2014-10-20,outside_addition,,SML,True,0.06214422732591629,21.0,0.034639716148376465,63.0,0.09574577957391739,126.0,0.0018520429730415344,252.0
BNNY,2014-10-21,merger_deletion,SML,,True,-0.042391132563352585,21.0,-0.06337093561887741,63.0,-0.12307374179363251,126.0,-0.05532278120517731,252.0
ANGO,2014-10-21,outside_addition,,SML,True,0.008283091709017754,21.0,0.08954159170389175,63.0,-0.08244921267032623,126.0,-0.3290751874446869,252.0
FST,2014-11-03,discretionary_deletion,SML,,False,,0.0,,0.0,,0.0,,0.0
ADTN,2014-11-03,demotion,MID,SML,True,-0.041053202003240585,21.0,-0.030347220599651337,63.0,-0.3286032974720001,126.0,-0.35287582874298096,252.0
UVV,2014-11-03,demotion,MID,SML,True,-0.14186012744903564,21.0,-0.047012925148010254,63.0,0.009397253394126892,126.0,0.1719754934310913,252.0
RBCN,2014-11-03,discretionary_deletion,SML,,True,0.024857161566615105,21.0,-0.07532790303230286,63.0,-0.2703230381011963,126.0,-1.310847520828247,252.0
KEYS,2014-11-03,outside_addition,,MID,True,0.07812421023845673,21.0,0.07435045391321182,63.0,0.036333438009023666,126.0,0.025192394852638245,252.0
AVNS,2014-11-03,outside_addition,,MID,True,-0.0448901504278183,21.0,0.10998687893152237,63.0,0.09419132024049759,126.0,-0.31092628836631775,252.0
JBL,2014-11-05,outside_addition,,MID,True,-0.030830856412649155,21.0,-0.029956605285406113,63.0,0.04397681728005409,126.0,0.10392085462808609,252.0
LVLT,2014-11-05,outside_addition,,GSPC,True,0.020546400919556618,21.0,0.07997751235961914,63.0,0.1197606548666954,126.0,0.03950435668230057,252.0
TWTC,2014-11-05,merger_deletion,MID,,True,-0.014537501148879528,21.0,-0.03139437735080719,63.0,-0.06444770097732544,126.0,-0.03821635991334915,252.0
ENVA,2014-11-13,outside_addition,,SML,True,-0.1353207230567932,21.0,-0.22972823679447174,63.0,-0.38622117042541504,126.0,-1.2021636962890625,252.0
PKT,2014-11-13,discretionary_deletion,SML,,True,-0.06556685268878937,21.0,0.20298510789871216,63.0,0.41743823885917664,126.0,0.4973253607749939,252.0
BYI,2014-11-25,merger_deletion,MID,,True,-0.01694863848388195,21.0,-0.033935751765966415,63.0,-0.04737894982099533,126.0,-0.01783411204814911,252.0
WNR,2014-11-25,outside_addition,,MID,True,-0.14497460424900055,21.0,0.0613274946808815,63.0,-0.008435570634901524,126.0,0.05892755836248398,252.0
SMA_old,2014-12-01,merger_deletion,SML,,True,-0.03588467091321945,21.0,-0.05435984209179878,63.0,-0.072308249771595,126.0,-0.04535060375928879,252.0
RYAM,2014-12-01,demotion,MID,SML,True,-0.1266363561153412,21.0,-0.33692288398742676,63.0,-0.4210684597492218,126.0,-0.7558640837669373,252.0
CRC,2014-12-01,outside_addition,,MID,False,,0.0,,0.0,,0.0,,0.0
AMCR,2014-12-05,outside_addition,,MID,True,0.028885215520858765,21.0,-0.0344291590154171,63.0,-0.03657524660229683,126.0,-0.04814097285270691,252.0
MRH,2014-12-05,outside_addition,,SML,True,0.052375372499227524,21.0,0.02702965773642063,63.0,0.06841804087162018,126.0,0.5259777903556824,252.0
RCL,2014-12-05,outside_addition,,GSPC,True,0.07519838958978653,21.0,-0.01692608743906021,63.0,-0.05686156451702118,126.0,0.1848924607038498,252.0
TYL,2014-12-05,promotion,SML,MID,True,-0.05188542231917381,21.0,0.000947851687669754,63.0,0.012210668995976448,126.0,0.44285961985588074,252.0
TIBX,2014-12-05,merger_deletion,MID,,True,0.0014606835320591927,21.0,-0.01604573428630829,63.0,-0.053684934973716736,126.0,0.007370449602603912,252.0
CNQR,2014-12-05,merger_deletion,MID,,True,0.0014606835320591927,21.0,-0.01604573428630829,63.0,-0.053684934973716736,126.0,0.007370449602603912,252.0
CPWR,2014-12-09,discretionary_deletion,MID,,True,0.3999556303024292,21.0,1.8380202054977417,63.0,1.0372118949890137,126.0,1.3996620178222656,252.0
OFG,2014-12-10,outside_addition,,SML,True,-0.01922573894262314,21.0,0.046272069215774536,63.0,-0.2042052298784256,126.0,-0.8287889361381531,252.0
CNVR,2014-12-10,merger_deletion,MID,,True,-0.01268762070685625,21.0,-0.046965230256319046,63.0,-0.06702155619859695,126.0,0.011262409389019012,252.0
THS,2014-12-10,outside_addition,,MID,True,0.053234703838825226,21.0,-0.030892951413989067,63.0,-0.2578131854534149,126.0,-0.008468478918075562,252.0
CVEO,2014-12-17,discretionary_deletion,MID,,True,-0.8450729250907898,21.0,-1.2231849431991577,63.0,-0.8834192156791687,126.0,-1.7109427452087402,252.0
KLXI,2014-12-17,outside_addition,,MID,True,-0.0885177031159401,21.0,-0.09973682463169098,63.0,-0.016299374401569366,126.0,-0.24743400514125824,252.0
OPLK,2014-12-23,merger_deletion,SML,,True,0.021393099799752235,21.0,-0.0151786208152771,63.0,-0.04705152288079262,126.0,0.026128724217414856,252.0
EXAM,2014-12-23,outside_addition,,SML,True,0.02955843321979046,21.0,0.00839203130453825,63.0,-0.033970221877098083,126.0,-0.3392801284790039,252.0
MGAM,2014-12-24,discretionary_deletion,SML,,False,,0.0,,0.0,,0.0,,0.0
SWS,2015-01-02,merger_deletion,SML,,True,-0.0031852582469582558,21.0,-0.049733348190784454,63.0,-0.03602178767323494,126.0,0.04033968597650528,252.0
UFI,2015-01-02,outside_addition,,SML,True,0.12436361610889435,21.0,0.16940893232822418,63.0,0.06036444008350372,126.0,-0.013182401657104492,252.0
CPF,2015-01-02,outside_addition,,SML,True,0.05410920828580856,21.0,0.06438033282756805,63.0,0.08969106525182724,126.0,0.09583332389593124,252.0
TQNT,2015-01-02,merger_deletion,SML,,True,-0.0031852582469582558,21.0,-0.049733348190784454,63.0,-0.03602178767323494,126.0,0.04033968597650528,252.0
SEM,2015-01-14,outside_addition,,SML,True,-0.005560280755162239,21.0,0.0025691655464470387,63.0,0.07832556217908859,126.0,-0.20007315278053284,252.0
SF,2015-01-14,promotion,SML,MID,True,0.050080765038728714,21.0,0.07488075643777847,63.0,0.13705973327159882,126.0,-0.18382221460342407,252.0
IRF,2015-01-14,merger_deletion,MID,,True,-0.0462690144777298,21.0,-0.06563793122768402,63.0,-0.0664287805557251,126.0,0.12086285650730133,252.0
NTLS,2015-01-16,discretionary_deletion,SML,,True,0.20800039172172546,21.0,0.19192460179328918,63.0,0.025317467749118805,126.0,0.909935712814331,252.0
AF,2015-01-16,demotion,MID,SML,True,-0.017086217179894447,21.0,-0.018443673849105835,63.0,0.06365370005369186,126.0,0.27037087082862854,252.0
UE,2015-01-16,outside_addition,,MID,True,-0.062424637377262115,21.0,-0.09435011446475983,63.0,-0.16323474049568176,126.0,0.09813608229160309,252.0
CBST,2015-01-23,merger_deletion,MID,,True,-0.04323374480009079,21.0,-0.06258486956357956,63.0,-0.015389734879136086,126.0,0.12313159555196762,252.0
DAN,2015-01-23,outside_addition,,MID,True,-0.007030178792774677,21.0,-0.04170001298189163,63.0,-0.18632619082927704,126.0,-0.5208228826522827,252.0
ENDP,2015-01-27,outside_addition,,GSPC,True,0.02883133664727211,21.0,0.03673581779003143,63.0,0.0771731287240982,126.0,-0.19288146495819092,252.0
HCA,2015-01-27,outside_addition,,GSPC,True,-0.03638235479593277,21.0,-0.004119101911783218,63.0,0.22906208038330078,126.0,0.062253355979919434,252.0
SBSI,2015-01-27,outside_addition,,SML,True,0.02086014114320278,21.0,0.007802821230143309,63.0,0.014520464465022087,126.0,-0.10947730392217636,252.0
SWY,2015-01-27,merger_deletion,GSPC,,True,-0.03737299516797066,21.0,-0.048269081860780716,63.0,-0.017898255959153175,126.0,0.11144161969423294,252.0
COV,2015-01-27,merger_deletion,GSPC,,True,-0.03651992604136467,21.0,-0.04741601273417473,63.0,-0.017045194283127785,126.0,0.11229468137025833,252.0
SAM,2015-01-27,outside_addition,,MID,True,-0.18270152807235718,21.0,-0.22964446246623993,63.0,-0.4039095640182495,126.0,-0.5071326494216919,252.0
UIHC,2015-02-02,outside_addition,,SML,False,,,,,,,,
PL,2015-02-02,discretionary_deletion,MID,,False,,0.0,,0.0,,0.0,,0.0
AKRX,2015-02-02,outside_addition,,MID,True,0.1398317813873291,21.0,-0.07674697041511536,63.0,0.028506409376859665,126.0,-0.4364919364452362,252.0
ANIP,2015-02-03,outside_addition,,SML,True,0.1857157051563263,21.0,-0.0014690980315208435,63.0,0.07471197098493576,126.0,-0.42355412244796753,252.0
GTIV,2015-02-03,merger_deletion,SML,,True,-0.02269086055457592,21.0,-0.03369995579123497,63.0,-0.028300153091549873,126.0,0.11043091118335724,252.0
VSTO,2015-02-10,outside_addition,,MID,True,0.007490505464375019,21.0,0.08078861981630325,63.0,0.16928820312023163,126.0,0.35655462741851807,252.0
ORB,2015-02-10,merger_deletion,SML,,True,-0.013175011612474918,21.0,-0.03051643632352352,63.0,-0.0029196985997259617,126.0,0.1679634153842926,252.0
INN,2015-02-10,outside_addition,,SML,True,0.06036769971251488,21.0,0.020714066922664642,63.0,-0.025578197091817856,126.0,-0.1029893308877945,252.0
AOI,2015-02-10,discretionary_deletion,SML,,True,-0.30085697770118713,21.0,-0.18133914470672607,63.0,-2.7260830402374268,126.0,-0.8573977947235107,252.0
CRR,2015-02-10,demotion,MID,SML,True,-0.10673753917217255,21.0,0.12749838829040527,63.0,-0.13046762347221375,126.0,-0.762861967086792,252.0
DRIV,2015-02-17,discretionary_deletion,SML,,False,,0.0,,0.0,,0.0,,0.0
TDY,2015-02-19,promotion,SML,MID,True,0.015850063413381577,21.0,0.012777133844792843,63.0,0.04576622694730759,126.0,-0.06993377208709717,252.0
PLKI,2015-02-19,outside_addition,,SML,True,-0.05542958155274391,21.0,-0.1154697835445404,63.0,-0.12027749419212341,126.0,0.10882072150707245,252.0
CVD,2015-02-19,merger_deletion,MID,,True,-0.01848270744085312,21.0,-0.023860586807131767,63.0,0.022066738456487656,126.0,0.11707618832588196,252.0
VASC,2015-02-24,outside_addition,,SML,True,0.04761028289794922,21.0,0.11042583733797073,63.0,0.31597375869750977,126.0,-0.010363399982452393,252.0
MWIV,2015-02-24,merger_deletion,SML,,True,0.008655167184770107,21.0,-0.006781182251870632,63.0,0.07251957058906555,126.0,0.11692050844430923,252.0
PETM,2015-03-12,merger_deletion,GSPC,,True,-0.023736726492643356,21.0,-0.027629464864730835,63.0,0.06381469964981079,126.0,0.04205950349569321,252.0
SWKS,2015-03-12,promotion,MID,GSPC,True,0.03549501299858093,21.0,0.09461939334869385,63.0,0.010273506864905357,126.0,-0.1950974017381668,252.0
RJET,2015-03-12,outside_addition,,SML,False,,0.0,,0.0,,0.0,,0.0
MMS,2015-03-12,promotion,SML,MID,True,0.031083296984434128,21.0,-0.019541269168257713,63.0,0.021892329677939415,126.0,-0.15421710908412933,252.0
CFN,2015-03-18,merger_deletion,GSPC,,True,-0.007668125443160534,21.0,-0.017864704132080078,63.0,0.05088016390800476,126.0,0.03797898069024086,252.0
TLMR,2015-03-18,outside_addition,,SML,True,0.07710577547550201,21.0,0.09127994626760483,63.0,0.14546836912631989,126.0,0.20238229632377625,252.0
BWLD,2015-03-18,promotion,SML,MID,True,-0.07630231976509094,21.0,-0.19015462696552277,63.0,0.10146985948085785,126.0,-0.16831441223621368,252.0
HSIC,2015-03-18,promotion,MID,GSPC,True,-0.008171173743903637,21.0,0.013694323599338531,63.0,0.034427106380462646,126.0,0.21692818403244019,252.0
DEN,2015-03-23,demotion,GSPC,MID,False,,0.0,,0.0,,0.0,,0.0
NBR,2015-03-23,demotion,GSPC,MID,True,0.12277893722057343,21.0,0.026221223175525665,63.0,-0.26036345958709717,126.0,-0.3461936414241791,252.0
AAL,2015-03-23,outside_addition,,GSPC,True,-0.05772719532251358,21.0,-0.2443038523197174,63.0,-0.14109231531620026,126.0,-0.17218860983848572,252.0
EQIX,2015-03-23,promotion,MID,GSPC,True,0.026011236011981964,21.0,0.07925686985254288,63.0,0.2862796485424042,126.0,0.4111635982990265,252.0
AVP,2015-03-23,demotion,GSPC,MID,True,0.09798682481050491,21.0,-0.16779880225658417,63.0,-0.7014514207839966,126.0,-0.4707692861557007,252.0
HBI,2015-03-23,outside_addition,,GSPC,True,-0.0035388516262173653,21.0,-0.014798465184867382,63.0,-0.04401456564664841,126.0,-0.10516029596328735,252.0
SLG,2015-03-23,outside_addition,,GSPC,True,-0.03160546347498894,21.0,-0.1653851866722107,63.0,-0.0921507179737091,126.0,-0.25429224967956543,252.0
ECHO_old,2015-04-02,outside_addition,,SML,True,0.11031842976808548,21.0,0.2471301555633545,63.0,-0.16540518403053284,126.0,0.06484617292881012,252.0
AVIV,2015-04-02,discretionary_deletion,SML,,False,,0.0,,0.0,,0.0,,0.0
THRM,2015-04-02,outside_addition,,SML,True,0.07629694044589996,21.0,0.11309407651424408,63.0,0.008742612786591053,126.0,-0.19141122698783875,252.0
DEI,2015-04-07,outside_addition,,MID,True,-0.05573651194572449,21.0,-0.061084628105163574,63.0,0.05839415267109871,126.0,0.07999007403850555,252.0
O,2015-04-07,promotion,MID,GSPC,True,-0.08156438916921616,21.0,-0.06982135027647018,63.0,0.019070617854595184,126.0,0.3058035671710968,252.0
IGT,2015-04-07,discretionary_deletion,MID,,True,0.049256958067417145,21.0,-0.14543253183364868,63.0,-0.14348693192005157,126.0,-0.048807159066200256,252.0
CNO,2015-04-07,outside_addition,,MID,True,0.02330239862203598,21.0,0.051346443593502045,63.0,0.17136536538600922,126.0,0.05292978882789612,252.0
WIN,2015-04-07,demotion,GSPC,MID,True,-1.5245643854141235,21.0,-2.0693747997283936,63.0,-1.9270230531692505,126.0,-1.6861073970794678,252.0
SLXP,2015-04-07,merger_deletion,MID,,True,0.014199460856616497,21.0,0.014349579811096191,63.0,0.0719488114118576,126.0,0.04879055172204971,252.0
UNIT,2015-04-27,outside_addition,,MID,True,-0.039219871163368225,21.0,-0.22396965324878693,63.0,-0.2111828327178955,126.0,-0.03267654776573181,252.0
RVBD,2015-04-28,merger_deletion,MID,,True,-0.0011756049934774637,21.0,0.03037082776427269,63.0,0.05486789345741272,126.0,0.007846415042877197,252.0
DNKN,2015-04-28,outside_addition,,MID,True,0.010232871398329735,21.0,0.06757920235395432,63.0,-0.16523241996765137,126.0,-0.06533482670783997,252.0
ENTR,2015-05-01,discretionary_deletion,SML,,False,,0.0,,0.0,,0.0,,0.0
WD,2015-05-01,outside_addition,,SML,True,0.2296629697084427,21.0,0.22958791255950928,63.0,0.46481868624687195,126.0,0.1369905173778534,252.0
HA,2015-05-29,outside_addition,,SML,True,-0.03543219715356827,21.0,0.011221233755350113,63.0,0.44158992171287537,126.0,0.5388808250427246,252.0
OZK,2015-05-29,promotion,SML,MID,True,0.026637006551027298,21.0,0.009874091483652592,63.0,0.2298712283372879,126.0,-0.10958260297775269,252.0
XLS,2015-05-29,merger_deletion,MID,,True,0.004116732161492109,21.0,0.07730134576559067,63.0,0.029544848948717117,126.0,0.0016705431044101715,252.0
WIN,2015-06-02,discretionary_deletion,MID,,True,-0.2193807065486908,21.0,-0.015950661152601242,63.0,-0.15024040639400482,126.0,0.1005382388830185,252.0
MANH,2015-06-11,promotion,SML,MID,True,0.07829484343528748,21.0,0.13437354564666748,63.0,0.3229202330112457,126.0,0.14165477454662323,252.0
SUPN,2015-06-11,outside_addition,,SML,True,0.14543315768241882,21.0,0.24955064058303833,63.0,-0.050340548157691956,126.0,0.1617816686630249,252.0
LTM_old1,2015-06-11,discretionary_deletion,MID,,True,-0.05718580260872841,21.0,-0.29694923758506775,63.0,-0.3000316023826599,126.0,-0.18752461671829224,252.0
LO,2015-06-12,merger_deletion,GSPC,,True,-0.0038564240094274282,21.0,0.07580063492059708,63.0,0.07828398048877716,126.0,0.00824572890996933,252.0
QRVO,2015-06-12,promotion,MID,GSPC,True,-0.05240403860807419,21.0,-0.34628480672836304,63.0,-0.29739102721214294,126.0,-0.4236854314804077,252.0
WETF,2015-06-12,outside_addition,,MID,True,-0.004309572279453278,21.0,-0.12842510640621185,63.0,-0.11577566713094711,126.0,-0.7305490374565125,252.0
AGN,2015-06-15,outside_addition,,GSPC,True,0.06882793456315994,21.0,0.07949136197566986,63.0,0.09796157479286194,126.0,-0.19420281052589417,252.0
HQY,2015-06-26,outside_addition,,SML,True,0.07288320362567902,21.0,0.013830865733325481,63.0,-0.1412268877029419,126.0,-0.09995018690824509,252.0
ZEP,2015-06-26,merger_deletion,SML,,True,0.03247969225049019,21.0,0.10426075756549835,63.0,0.06702812761068344,126.0,0.047657474875450134,252.0
AOL,2015-06-26,merger_deletion,MID,,True,0.03247969225049019,21.0,0.10426075756549835,63.0,0.06702812761068344,126.0,0.047657474875450134,252.0
CASY,2015-06-26,promotion,SML,MID,True,0.07846709340810776,21.0,0.2114037722349167,63.0,0.30668821930885315,126.0,0.32296860218048096,252.0
ZQK,2015-06-29,deletion_unclear,SML,,True,-0.1403501033782959,21.0,-0.26224032044410706,63.0,-0.3238268196582794,126.0,-0.354714572429657,252.0
ITRI,2015-07-01,demotion,MID,SML,True,-0.03777015209197998,21.0,0.04424932599067688,63.0,0.1282966583967209,126.0,0.23570938408374786,252.0
MDXG,2015-07-01,outside_addition,,SML,True,-0.012215610593557358,21.0,-0.028291210532188416,63.0,-0.0809948518872261,126.0,-0.32242006063461304,252.0
MYRG,2015-07-01,outside_addition,,SML,True,-0.029449889436364174,21.0,-0.0734553188085556,63.0,-0.3436492681503296,126.0,-0.2735263705253601,252.0
SKX,2015-07-01,promotion,SML,MID,True,0.29186195135116577,21.0,0.2638034224510193,63.0,-0.1419789344072342,126.0,-0.24773937463760376,252.0
QEP,2015-07-01,demotion,GSPC,MID,True,-0.26147371530532837,21.0,-0.23463448882102966,63.0,-0.2579762041568756,126.0,-0.014421314001083374,252.0
TEG,2015-07-01,merger_deletion,GSPC,,True,0.014452516101300716,21.0,0.10549923032522202,63.0,0.06532177329063416,126.0,-0.0021497830748558044,252.0
BTU,2015-07-01,discretionary_deletion,MID,,False,,0.0,,0.0,,0.0,,0.0
BLD,2015-07-01,outside_addition,,SML,True,0.0255022831261158,21.0,0.2140800952911377,63.0,0.15965355932712555,126.0,0.259662002325058,252.0
ENR,2015-07-01,outside_addition,,MID,True,0.10666763782501221,21.0,0.217874675989151,63.0,0.07186827808618546,126.0,0.40678733587265015,252.0
RKT,2015-07-01,discretionary_deletion,MID,,False,,0.0,,0.0,,0.0,,0.0
CABO,2015-07-01,outside_addition,,MID,True,0.047160904854536057,21.0,0.15168750286102295,63.0,0.14655329287052155,126.0,0.2472619116306305,252.0
HSC,2015-07-01,demotion,MID,SML,True,-0.23591627180576324,21.0,-0.5503294467926025,63.0,-0.7310099601745605,126.0,-0.939849853515625,252.0
FXCM,2015-07-01,merger_deletion,SML,,False,,,,,,,,
BXLT,2015-07-01,outside_addition,,GSPC,True,0.04531274735927582,21.0,0.08963382244110107,63.0,0.2752051055431366,126.0,0.38531139492988586,252.0
JBHT,2015-07-01,promotion,MID,GSPC,True,0.033492203801870346,21.0,-0.043529435992240906,63.0,-0.059004295617341995,126.0,-0.015575572848320007,252.0
PGN,2015-07-01,deletion_unclear,SML,,True,-0.28638753294944763,21.0,-1.3949081897735596,63.0,-1.6974505186080933,126.0,-1.764922022819519,252.0
ARO,2015-07-01,discretionary_deletion,SML,,True,-0.1165754646062851,21.0,-0.9088687896728516,63.0,-1.7768083810806274,126.0,-2.012676954269409,252.0
CBRL,2015-07-02,outside_addition,,MID,True,0.05027713254094124,21.0,0.11373329162597656,63.0,-0.07565582543611526,126.0,0.1584019958972931,252.0
MRTN,2015-07-02,outside_addition,,SML,True,-0.1211681067943573,21.0,-0.20988662540912628,63.0,-0.1560429483652115,126.0,-0.08748455345630646,252.0
CPGX,2015-07-02,outside_addition,,GSPC,True,-0.03619226813316345,21.0,-0.39217373728752136,63.0,-0.3150940239429474,126.0,-0.1403409242630005,252.0
UNT,2015-07-02,demotion,MID,SML,True,-0.2632828652858734,21.0,-0.7428218722343445,63.0,-0.6529079675674438,126.0,-0.4867570996284485,252.0
PQ,2015-07-02,discretionary_deletion,SML,,True,0.06859707087278366,21.0,-0.030989734455943108,63.0,-1.1525158882141113,126.0,-0.668445885181427,252.0
WRK,2015-07-02,outside_addition,,GSPC,True,-0.04124408960342407,21.0,-0.15207655727863312,63.0,-0.2884281873703003,126.0,-0.3935782313346863,252.0
ATI,2015-07-02,discretionary_deletion,GSPC,,True,-0.31575000286102295,21.0,-0.5813291072845459,63.0,-0.8753877282142639,126.0,-0.7568025588989258,252.0
DRC,2015-07-02,merger_deletion,MID,,True,0.0038284140173345804,21.0,0.10631963610649109,63.0,0.07150458544492722,126.0,-0.015015698969364166,252.0
IGTE,2015-07-07,merger_deletion,SML,,True,0.002297125058248639,21.0,0.057599227875471115,63.0,0.08790251612663269,126.0,-0.01474292203783989,252.0
GTLS,2015-07-07,outside_addition,,SML,True,-0.3289690315723419,21.0,-0.3781060576438904,63.0,-0.6621529459953308,126.0,-0.42404618859291077,252.0
FDO,2015-07-09,merger_deletion,GSPC,,True,0.012562993913888931,21.0,0.05219791829586029,63.0,0.11405839025974274,126.0,-0.035897210240364075,252.0
ADVS,2015-07-09,merger_deletion,MID,,True,0.012562993913888931,21.0,0.05219791829586029,63.0,0.11405839025974274,126.0,-0.035897210240364075,252.0
WST,2015-07-09,promotion,SML,MID,True,0.008051501587033272,21.0,-0.05145011469721794,63.0,0.04407858848571777,126.0,0.2016209214925766,252.0
NFBK,2015-07-09,outside_addition,,SML,True,0.00814538262784481,21.0,0.0392879918217659,63.0,0.1308080554008484,126.0,-0.06527183204889297,252.0
AAP,2015-07-09,promotion,MID,GSPC,True,0.07704389840364456,21.0,0.20210273563861847,63.0,0.01938527449965477,126.0,-0.02891063690185547,252.0
JACK,2015-07-09,outside_addition,,MID,True,0.03344207629561424,21.0,-0.11729361861944199,63.0,-0.10404469072818756,126.0,-0.052482970058918,252.0
CTCT,2015-07-09,outside_addition,,SML,True,-0.18180201947689056,21.0,-0.15489095449447632,63.0,0.05544440448284149,126.0,-0.08046769350767136,252.0
MIG,2015-07-10,discretionary_deletion,SML,,False,,0.0,,0.0,,0.0,,0.0
NE,2015-07-20,demotion,GSPC,MID,False,,0.0,,0.0,,0.0,,0.0
SFY,2015-07-20,discretionary_deletion,SML,,False,,0.0,,0.0,,0.0,,0.0
PYPL,2015-07-20,outside_addition,,GSPC,True,-0.06539677083492279,21.0,-0.12966975569725037,63.0,-0.0773780345916748,126.0,-0.09136895835399628,252.0
HMSY,2015-07-20,demotion,MID,SML,True,-0.2521098554134369,21.0,-0.13458648324012756,63.0,0.11257284879684448,126.0,0.36589547991752625,252.0
REX,2015-07-21,outside_addition,,SML,True,-0.16899001598358154,21.0,-0.027717186138033867,63.0,-0.07039512693881989,126.0,0.005928471684455872,252.0
ROSE,2015-07-21,discretionary_deletion,MID,,False,,0.0,,0.0,,0.0,,0.0
SYNA,2015-07-21,promotion,SML,MID,True,-0.1466863751411438,21.0,0.053956203162670135,63.0,0.10140064358711243,126.0,-0.5400020480155945,252.0
FNBC,2015-07-23,outside_addition,,SML,True,-0.07392974197864532,21.0,-0.07247988879680634,63.0,-0.12476986646652222,126.0,-0.7695562243461609,252.0
RTI,2015-07-23,merger_deletion,SML,,True,0.1013995110988617,21.0,0.03672894090414047,63.0,0.1452285647392273,126.0,-0.06481871008872986,252.0
NTCT,2015-07-27,outside_addition,,MID,True,0.06235078349709511,21.0,0.02075364999473095,63.0,-0.1874156892299652,126.0,-0.48837053775787354,252.0
TDW,2015-07-27,discretionary_deletion,MID,,True,-0.1335514336824417,21.0,-0.26302990317344666,63.0,-1.124983310699463,126.0,-1.4616236686706543,252.0
ENTA,2015-07-29,outside_addition,,SML,True,-0.07363443076610565,21.0,-0.5652956366539001,63.0,-0.4595276117324829,126.0,-0.8816905617713928,252.0
DTV,2015-07-29,discretionary_deletion,GSPC,,False,,0.0,,0.0,,0.0,,0.0
SIG,2015-07-29,outside_addition,,GSPC,True,0.1947462558746338,21.0,0.23107808828353882,63.0,0.08190537244081497,126.0,-0.3935353755950928,252.0
PRXL,2015-07-29,promotion,SML,MID,True,0.04585660621523857,21.0,-0.06264903396368027,63.0,0.034608155488967896,126.0,-0.099305659532547,252.0
CTLT,2015-08-03,outside_addition,,MID,True,-0.013555641286075115,21.0,-0.21969695389270782,63.0,-0.26053738594055176,126.0,-0.3523392677307129,252.0
TMST,2015-08-03,demotion,MID,SML,False,,,,,,,,
MRH,2015-08-03,discretionary_deletion,SML,,True,0.0648919939994812,21.0,0.022188885137438774,63.0,0.13131605088710785,126.0,-0.05249938368797302,252.0
SUSQ,2015-08-03,merger_deletion,SML,,True,0.0648919939994812,21.0,0.022188885137438774,63.0,0.13131605088710785,126.0,-0.05249938368797302,252.0
ENH,2015-08-03,outside_addition,,MID,True,-0.011695881374180317,21.0,-0.03951099142432213,63.0,0.04941362515091896,126.0,-0.04987044259905815,252.0
VIAV,2015-08-03,outside_addition,,SML,True,-0.11975815892219543,21.0,-0.12809357047080994,63.0,-0.14098137617111206,126.0,-0.03520767390727997,252.0
BNED,2015-08-03,outside_addition,,SML,True,0.09705397486686707,21.0,0.17154771089553833,63.0,-0.03786265477538109,126.0,-0.1845868080854416,252.0
CAS_old2,2015-08-03,discretionary_deletion,SML,,True,,0.0,,0.0,0.2570783495903015,21.0,-0.33723974227905273,147.0
MCRL,2015-08-04,merger_deletion,SML,,True,0.06439405679702759,21.0,0.013306193053722382,63.0,0.13873107731342316,126.0,-0.05622684955596924,252.0
LITE,2015-08-04,outside_addition,,SML,True,-0.06289848685264587,21.0,-0.32717442512512207,63.0,0.17013755440711975,126.0,0.32935941219329834,252.0
AEC_old,2015-08-06,merger_deletion,SML,,True,0.04722007364034653,21.0,-0.0024854582734405994,63.0,0.14834164083003998,126.0,-0.08353957533836365,252.0
EXPR,2015-08-06,outside_addition,,SML,True,0.1433597207069397,21.0,0.04418124258518219,63.0,-0.026599660515785217,126.0,-0.3036006987094879,252.0
INFA,2015-08-10,discretionary_deletion,MID,,False,,0.0,,0.0,,0.0,,0.0
TPH,2015-08-10,outside_addition,,MID,True,0.005158945918083191,21.0,-0.10867293179035187,63.0,-0.3027556538581848,126.0,-0.163202166557312,252.0
OCR,2015-08-18,merger_deletion,MID,,True,0.04775813966989517,21.0,0.0314338356256485,63.0,0.12202171981334686,126.0,-0.07703197002410889,252.0
CCP,2015-08-18,outside_addition,,MID,True,-0.016304779797792435,21.0,-0.1016862690448761,63.0,-0.18368327617645264,126.0,-0.16227272152900696,252.0
BRLI,2015-08-24,discretionary_deletion,SML,,False,,0.0,,0.0,,0.0,,0.0
IOSP,2015-08-24,outside_addition,,SML,True,5.780905485153198e-05,21.0,0.1525854617357254,63.0,-0.016734817996621132,126.0,0.11482277512550354,252.0
LSI,2015-08-24,promotion,SML,MID,True,0.025836322456598282,21.0,0.03818649798631668,63.0,0.18645866215229034,126.0,-0.15128961205482483,252.0
PLUS,2015-08-24,outside_addition,,SML,True,0.02946394309401512,21.0,0.09010985493659973,63.0,0.02528293989598751,126.0,0.012217339128255844,252.0
ANN,2015-08-24,merger_deletion,MID,,True,0.017516478896141052,21.0,-0.040121108293533325,63.0,0.04440092295408249,126.0,-0.14615917205810547,252.0
ATVI,2015-08-31,outside_addition,,GSPC,True,0.13862556219100952,21.0,0.24450422823429108,63.0,0.13217049837112427,126.0,0.2548728883266449,252.0
PLL,2015-08-31,discretionary_deletion,GSPC,,False,,0.0,,0.0,,0.0,,0.0
UAL,2015-09-03,outside_addition,,GSPC,True,-0.08400547504425049,21.0,-0.030568189918994904,63.0,-0.03404764086008072,126.0,-0.2695762515068054,252.0
HSP,2015-09-03,merger_deletion,GSPC,,True,-0.01927921175956726,21.0,-0.043860115110874176,63.0,-0.026271509006619453,126.0,-0.16127748787403107,252.0
NWS,2015-09-21,outside_addition,,GSPC,True,0.11311614513397217,21.0,0.07598769664764404,63.0,0.00662575289607048,126.0,-0.007661659270524979,252.0
CENT,2015-09-21,outside_addition,,SML,True,0.06042692810297012,21.0,-0.1248602494597435,63.0,-0.032897740602493286,126.0,0.2932054102420807,252.0
TFCF,2015-09-21,outside_addition,,GSPC,True,0.08657927066087723,21.0,0.0615362785756588,63.0,0.025531364604830742,126.0,-0.21004322171211243,252.0
CMCSK,2015-09-21,outside_addition,,GSPC,True,0.04791063070297241,21.0,0.02897288277745247,63.0,-0.009533246047794819,126.0,-0.10143010318279266,252.0
TTC,2015-09-25,promotion,SML,MID,True,0.009214449673891068,21.0,0.00973309576511383,63.0,0.16488683223724365,126.0,0.141508549451828,252.0
TRAK,2015-09-25,discretionary_deletion,SML,,True,0.03305118530988693,21.0,0.07334538549184799,63.0,-0.19414237141609192,126.0,-0.06128139793872833,252.0
SPXC,2015-09-25,outside_addition,,SML,True,-0.0686311200261116,21.0,-0.309064656496048,63.0,0.12330614030361176,126.0,0.29953134059906006,252.0
CORE,2015-09-25,outside_addition,,SML,True,0.1229926273226738,21.0,0.20608234405517578,63.0,0.11119795590639114,126.0,0.6585004329681396,252.0
FLOW,2015-09-28,outside_addition,,SML,False,,0.0,,0.0,,0.0,,0.0
CBK_old,2015-09-28,discretionary_deletion,SML,,True,0.055037081241607666,21.0,0.1413545310497284,63.0,0.6625766158103943,126.0,0.055609941482543945,252.0
HLX,2015-10-02,demotion,MID,SML,True,0.021989207714796066,21.0,-0.03706783801317215,63.0,-0.1134529858827591,126.0,0.28122490644454956,252.0
CAA,2015-10-02,promotion,SML,MID,True,-0.0771607980132103,21.0,-0.059274397790431976,63.0,-0.20069652795791626,126.0,-0.3065218925476074,252.0
RMBS,2015-10-02,outside_addition,,SML,True,-0.19494596123695374,21.0,-0.029441583901643753,63.0,0.08806461840867996,126.0,-0.10651442408561707,252.0
RYL,2015-10-02,merger_deletion,SML,,True,-0.06081686168909073,21.0,-0.002297932282090187,63.0,-0.03685224428772926,126.0,-0.1491091251373291,252.0
THOR_old,2015-10-08,discretionary_deletion,MID,,False,,0.0,,0.0,,0.0,,0.0
VRSK,2015-10-08,outside_addition,,GSPC,True,-0.17569726705551147,21.0,-0.005647916346788406,63.0,-0.05025848001241684,126.0,-0.12441857159137726,252.0
JOY,2015-10-08,demotion,GSPC,MID,True,-0.07005973905324936,21.0,-0.5379394888877869,63.0,-0.19604608416557312,126.0,0.2984292209148407,252.0
RKUS,2015-10-08,outside_addition,,SML,True,-0.1524665355682373,21.0,-0.23281003534793854,63.0,0.04522376507520676,126.0,-0.13739830255508423,252.0
HME,2015-10-08,merger_deletion,MID,,True,-0.022181382402777672,21.0,0.09249615669250488,63.0,0.004341823980212212,126.0,-0.10579565912485123,252.0
LIVN,2015-10-08,promotion,SML,MID,True,0.006549473851919174,21.0,-0.08026037365198135,63.0,-0.1986422836780548,126.0,-0.183241605758667,252.0
SNEX,2015-10-15,outside_addition,,SML,True,0.1398250311613083,21.0,0.051056645810604095,63.0,-0.13293318450450897,126.0,0.13800403475761414,252.0
CNW,2015-10-15,merger_deletion,MID,,True,0.020556462928652763,21.0,0.11411163955926895,63.0,-0.0360884889960289,126.0,-0.08946394175291061,252.0
EVHC,2015-10-15,promotion,SML,MID,True,-0.22096581757068634,21.0,-0.30620330572128296,63.0,-0.49643537402153015,126.0,-0.5835893154144287,252.0
OMG,2015-10-23,merger_deletion,SML,,True,0.013078025542199612,21.0,0.13142180442810059,63.0,-0.025389663875102997,126.0,-0.07472415268421173,252.0
MPAA,2015-10-23,outside_addition,,SML,True,0.12761718034744263,21.0,0.05902324989438057,63.0,-0.02009965479373932,126.0,-0.32857128977775574,252.0
USPH,2015-10-28,outside_addition,,SML,True,0.05546991527080536,21.0,0.10970807075500488,63.0,-0.02516363374888897,126.0,0.08291056007146835,252.0
HCC,2015-10-28,discretionary_deletion,MID,,False,,0.0,,0.0,,0.0,,0.0
PPS,2015-10-28,promotion,SML,MID,True,-0.032223958522081375,21.0,0.043880678713321686,63.0,-0.06998416781425476,126.0,0.015145711600780487,252.0
ABCB,2015-11-02,outside_addition,,SML,True,0.10086479783058167,21.0,0.010895339772105217,63.0,-0.015524489805102348,126.0,0.1134202852845192,252.0
MKTX,2015-11-02,outside_addition,,MID,True,0.08461496233940125,21.0,0.268195241689682,63.0,0.21709272265434265,126.0,0.36408936977386475,252.0
HPE,2015-11-02,outside_addition,,GSPC,True,0.06527096778154373,21.0,0.07351819425821304,63.0,0.13002656400203705,126.0,0.420775830745697,252.0
CYN,2015-11-02,discretionary_deletion,MID,,False,,0.0,,0.0,,0.0,,0.0
HCBK,2015-11-03,merger_deletion,GSPC,,True,0.02665240876376629,21.0,0.12766429781913757,63.0,0.015134433284401894,126.0,-0.03412234038114548,252.0
EXTN,2015-11-04,outside_addition,,SML,True,0.10678093135356903,21.0,0.12432229518890381,63.0,0.0003617778420448303,126.0,-0.044370681047439575,252.0
IO,2015-11-05,discretionary_deletion,SML,,True,0.15780094265937805,21.0,-2.500886917114258,63.0,-2.3727834224700928,126.0,-2.6123464107513428,252.0
FCPT,2015-11-10,demotion,GSPC,GSPC,True,0.12400004267692566,21.0,0.34637904167175293,63.0,0.39564576745033264,126.0,0.30660879611968994,252.0
FCPT,2015-11-11,demotion,GSPC,SML,True,0.0891801193356514,21.0,0.29696935415267944,63.0,0.3658487796783447,126.0,0.2160138338804245,252.0
AREX,2015-11-11,discretionary_deletion,SML,,True,-0.3464062809944153,21.0,-0.7929743528366089,63.0,0.08144828677177429,126.0,0.06735497713088989,252.0
SYF,2015-11-18,outside_addition,,GSPC,True,-0.022079627960920334,21.0,-0.046089187264442444,63.0,-0.07194384932518005,126.0,-0.08452371507883072,252.0
GNW,2015-11-18,demotion,GSPC,MID,True,-0.2439659833908081,21.0,-0.7759622931480408,63.0,-0.2782861292362213,126.0,-0.2333676815032959,252.0
PVA,2015-11-18,merger_deletion,SML,,True,-0.3742326498031616,21.0,-0.7094857096672058,63.0,-0.8073827028274536,126.0,-0.9466304183006287,252.0
TIVO,2015-11-18,demotion,MID,SML,True,0.00025250576436519623,21.0,-0.0198887437582016,63.0,0.09530043601989746,126.0,0.7008724212646484,252.0
SIAL,2015-11-19,merger_deletion,GSPC,,True,0.04043000936508179,21.0,0.1058727577328682,63.0,-0.012552338652312756,126.0,-0.15318219363689423,252.0
IPCM,2015-11-24,merger_deletion,SML,,True,0.03143066540360451,21.0,0.08277735859155655,63.0,-0.02173033356666565,126.0,-0.15945884585380554,252.0
TUMI,2015-11-24,outside_addition,,SML,True,-0.03402645140886307,21.0,0.14161773025989532,63.0,0.3672544062137604,126.0,0.22803111374378204,252.0
PSEM,2015-11-27,merger_deletion,SML,,True,0.0333792008459568,21.0,0.07435976713895798,63.0,-0.01855079084634781,126.0,-0.14424701035022736,252.0
PAHC,2015-11-27,outside_addition,,SML,True,-0.05382334440946579,21.0,-0.11596128344535828,63.0,-0.5809022188186646,126.0,-0.3010638356208801,252.0
CSRA_old,2015-11-30,outside_addition,,GSPC,True,-0.017465487122535706,21.0,-0.13627322018146515,63.0,-0.24423748254776,126.0,-0.113700270652771,252.0
APOL,2015-12-01,discretionary_deletion,MID,,True,0.025998784229159355,21.0,0.12631537020206451,63.0,0.12325155735015869,126.0,0.03338152915239334,252.0
DXC,2015-12-01,outside_addition,,MID,True,0.08678879588842392,21.0,0.03652261942625046,63.0,0.4468061923980713,126.0,0.5285481214523315,252.0
CYT,2015-12-14,discretionary_deletion,MID,,False,,0.0,,0.0,,0.0,,0.0
IBP,2015-12-14,outside_addition,,SML,True,-0.06916642934083939,21.0,0.0857415646314621,63.0,0.34853971004486084,126.0,0.37785884737968445,252.0
ZD,2015-12-14,outside_addition,,MID,True,0.0432158038020134,21.0,-0.2950498163700104,63.0,-0.22861793637275696,126.0,-0.1948353499174118,252.0
CMCSK,2015-12-14,merger_deletion,GSPC,,True,0.10243915021419525,21.0,-0.018602950498461723,63.0,-0.06863267719745636,126.0,-0.24128064513206482,252.0
FIVE,2015-12-21,outside_addition,,SML,True,0.13702447712421417,21.0,0.2412491738796234,63.0,0.26716259121894836,126.0,-0.006324887275695801,252.0
UIL,2015-12-21,merger_deletion,SML,,True,0.08267831802368164,21.0,-0.016182726249098778,63.0,-0.09135149419307709,126.0,-0.24402621388435364,252.0
SNX,2015-12-29,promotion,SML,MID,True,-0.008870360441505909,21.0,-0.010761722922325134,63.0,-0.01665848307311535,126.0,0.09197577089071274,252.0
GBX,2015-12-29,outside_addition,,SML,True,-0.16691894829273224,21.0,-0.1937113255262375,63.0,-0.16979238390922546,126.0,0.08827847242355347,252.0
ALTR,2015-12-29,discretionary_deletion,GSPC,,False,,0.0,,0.0,,0.0,,0.0
CHD,2015-12-29,promotion,MID,GSPC,True,0.0525231659412384,21.0,0.05320808291435242,63.0,0.11613508313894272,126.0,-0.1637662947177887,252.0
GSM,2016-01-04,discretionary_deletion,SML,,True,-0.21104159951210022,21.0,-0.2897006571292877,63.0,-0.3687590956687927,126.0,-0.39352908730506897,252.0
ADPT,2016-01-04,outside_addition,,SML,False,,0.0,,0.0,,0.0,,0.0
WTW,2016-01-05,outside_addition,,GSPC,True,-0.04290857911109924,21.0,-0.14175347983837128,63.0,-0.10682712495326996,126.0,-0.26598453521728516,252.0
FOSL,2016-01-05,demotion,GSPC,MID,True,0.0837777704000473,21.0,0.14850935339927673,63.0,-0.26244571805000305,126.0,-0.4916572570800781,252.0
TW,2016-01-05,discretionary_deletion,MID,,False,,0.0,,0.0,,0.0,,0.0
MSCC,2016-01-19,promotion,SML,MID,True,0.04267121106386185,21.0,0.026124633848667145,63.0,-0.08057748526334763,126.0,0.27833887934684753,252.0
ATW,2016-01-19,demotion,MID,SML,True,0.04939014092087746,21.0,0.2517108917236328,63.0,0.46397286653518677,126.0,0.5133877992630005,252.0
USCR,2016-01-19,outside_addition,,SML,True,0.11802855134010315,21.0,0.241006001830101,63.0,0.17591166496276855,126.0,0.013561829924583435,252.0
EPR,2016-01-19,promotion,SML,MID,True,0.07114511728286743,21.0,0.034221138805150986,63.0,0.1858041137456894,126.0,0.007788866758346558,252.0
EXR,2016-01-19,promotion,MID,GSPC,True,-0.09331322461366653,21.0,-0.17949356138706207,63.0,-0.17817801237106323,126.0,-0.5039843320846558,252.0
TKO,2016-01-21,outside_addition,,SML,True,-0.023792054504156113,21.0,-0.1202375590801239,63.0,0.022065185010433197,126.0,-0.10312476754188538,252.0
WPP,2016-01-21,discretionary_deletion,SML,,True,-0.02869872748851776,21.0,-0.0454460047185421,63.0,-0.12931010127067566,126.0,-0.18808822333812714,252.0
BEL,2016-01-25,outside_addition,,SML,True,0.1224057599902153,21.0,-0.05452212691307068,63.0,0.09731582552194595,126.0,0.182071253657341,252.0
UTIW,2016-01-25,merger_deletion,SML,,True,-0.04944484680891037,21.0,-0.16372166574001312,63.0,-0.21938848495483398,126.0,-0.3383239805698395,252.0
BMR,2016-01-27,discretionary_deletion,MID,,False,,0.0,,0.0,,0.0,,0.0
POOL,2016-01-27,outside_addition,,MID,True,0.007310068234801292,21.0,-0.009812996722757816,63.0,0.0629919245839119,126.0,-0.007767762988805771,252.0
ABG,2016-01-27,outside_addition,,SML,True,0.17358887195587158,21.0,0.12047222256660461,63.0,0.03354032337665558,126.0,0.0012136157602071762,252.0
FRT,2016-02-01,promotion,MID,GSPC,True,-0.07119085639715195,21.0,-0.11407403647899628,63.0,-0.0743110403418541,126.0,-0.36462146043777466,252.0
SCOR,2016-02-01,promotion,SML,MID,True,-0.029440242797136307,21.0,-0.3812215030193329,63.0,-0.5976801514625549,126.0,-0.44176506996154785,252.0
CRAY,2016-02-01,outside_addition,,SML,True,0.024760523810982704,21.0,-0.12261570990085602,63.0,-0.4034169614315033,126.0,-1.1269166469573975,252.0
BRCM,2016-02-01,merger_deletion,GSPC,,True,-0.06094663590192795,21.0,-0.13053303956985474,63.0,-0.19427722692489624,126.0,-0.30535298585891724,252.0
CFG,2016-02-01,outside_addition,,GSPC,True,-0.04450736939907074,21.0,-0.024694794788956642,63.0,-0.10625014454126358,126.0,0.2911979854106903,252.0
MDAS,2016-02-01,merger_deletion,SML,,True,-0.06094663590192795,21.0,-0.13053303956985474,63.0,-0.19427722692489624,126.0,-0.30535298585891724,252.0
ZLTQ,2016-02-01,outside_addition,,SML,True,-0.13075324892997742,21.0,0.15111044049263,63.0,0.18216578662395477,126.0,0.36297017335891724,252.0
PCP,2016-02-01,merger_deletion,GSPC,,True,-0.06094663590192795,21.0,-0.13053303956985474,63.0,-0.19427722692489624,126.0,-0.30535298585891724,252.0
CW,2016-02-01,promotion,SML,MID,True,-0.013840538449585438,21.0,-9.712949395179749e-05,63.0,0.07523736357688904,126.0,0.06869040429592133,252.0
RMAX,2016-02-03,outside_addition,,SML,True,-0.03772224858403206,21.0,0.017501013353466988,63.0,0.10470090061426163,126.0,0.27395182847976685,252.0
PBY,2016-02-03,discretionary_deletion,SML,,True,-0.08168534189462662,21.0,-0.1280006468296051,63.0,-0.1949579417705536,126.0,-0.30885717272758484,252.0
SFM,2016-02-09,outside_addition,,MID,True,0.09732391685247421,21.0,0.0018093101680278778,63.0,-0.22891786694526672,126.0,-0.5490850210189819,252.0
SWI,2016-02-09,discretionary_deletion,MID,,False,,0.0,,0.0,,0.0,,0.0
SCAI,2016-02-12,outside_addition,,SML,True,-0.12907646596431732,21.0,-0.1320468783378601,63.0,-0.12740226089954376,126.0,-0.055197395384311676,252.0
CTCT,2016-02-12,merger_deletion,SML,,True,-0.0904083251953125,21.0,-0.12852874398231506,63.0,-0.22120025753974915,126.0,-0.3353586196899414,252.0
RCII,2016-02-16,demotion,MID,SML,True,0.10273395478725433,21.0,-0.10074662417173386,63.0,-0.1783256083726883,126.0,-0.7380935549736023,252.0
FNB,2016-02-16,promotion,SML,MID,True,-0.03198033571243286,21.0,-0.07716121524572372,63.0,-0.19151465594768524,126.0,-0.05692480504512787,252.0
CXO,2016-02-22,outside_addition,,GSPC,True,-0.0015508560463786125,21.0,0.11975919455289841,63.0,0.15960386395454407,126.0,0.07449758052825928,252.0
PCL_old,2016-02-22,merger_deletion,GSPC,,True,-0.08250202238559723,21.0,-0.09789682924747467,63.0,-0.18729235231876373,126.0,-0.31194329261779785,252.0
LNCE,2016-02-25,promotion,SML,MID,True,-0.0934843122959137,21.0,-0.14666607975959778,63.0,-0.06409716606140137,126.0,-0.06478364020586014,252.0
TREX,2016-02-25,outside_addition,,SML,True,0.028126966208219528,21.0,-0.062256425619125366,63.0,0.19206035137176514,126.0,0.15572988986968994,252.0
CRC,2016-02-25,discretionary_deletion,MID,,False,,0.0,,0.0,,0.0,,0.0
VRA,2016-03-01,outside_addition,,SML,True,0.15098096430301666,21.0,-0.12887248396873474,63.0,-0.26160112023353577,126.0,-0.761589765548706,252.0
AMAG,2016-03-01,outside_addition,,SML,True,-0.13495571911334991,21.0,-0.25650423765182495,63.0,-0.20935289561748505,126.0,-0.38061195611953735,252.0
CCOI,2016-03-01,outside_addition,,SML,True,-0.018261324614286423,21.0,-0.017979631200432777,63.0,-0.16437287628650665,126.0,-0.13489797711372375,252.0
PVTB,2016-03-01,promotion,SML,MID,True,-0.009667012840509415,21.0,0.09204096347093582,63.0,0.07581108808517456,126.0,0.1781432330608368,252.0
SIRO,2016-03-01,merger_deletion,MID,,True,-0.05521100386977196,21.0,-0.09291058033704758,63.0,-0.1617739498615265,126.0,-0.28351402282714844,252.0
RJET,2016-03-01,discretionary_deletion,SML,,False,,0.0,,0.0,,0.0,,0.0
DMND,2016-03-01,merger_deletion,SML,,True,-0.05521100386977196,21.0,-0.09291058033704758,63.0,-0.1617739498615265,126.0,-0.28351402282714844,252.0
QLYS,2016-03-03,outside_addition,,SML,True,-0.05798571556806564,21.0,0.0991181805729866,63.0,0.12096749991178513,126.0,0.01727926731109619,252.0
CNX,2016-03-04,demotion,GSPC,MID,True,0.003274913877248764,21.0,0.30194661021232605,63.0,0.41045522689819336,126.0,0.16108593344688416,252.0
SLH,2016-03-04,merger_deletion,MID,,True,-0.01977492868900299,21.0,-0.07896938920021057,63.0,-0.1352071315050125,126.0,-0.23996670544147491,252.0
AWK,2016-03-04,outside_addition,,GSPC,True,-0.001198149286210537,21.0,0.04181116819381714,63.0,-0.04390683025121689,126.0,-0.0876435935497284,252.0
UDR,2016-03-07,promotion,MID,GSPC,True,0.04154315963387489,21.0,-0.14273327589035034,63.0,-0.10768365859985352,126.0,-0.18593384325504303,252.0
PRLB,2016-03-07,outside_addition,,SML,True,0.04324468970298767,21.0,-0.1675984412431717,63.0,-0.4282311499118805,126.0,-0.5800220966339111,252.0
GMCR,2016-03-07,merger_deletion,GSPC,,True,-0.01616596430540085,21.0,-0.08133473992347717,63.0,-0.13500598073005676,126.0,-0.23065875470638275,252.0
HR,2016-03-07,promotion,SML,MID,True,0.025399796664714813,21.0,0.04644451290369034,63.0,0.09520944952964783,126.0,-0.08765782415866852,252.0
CWT,2016-03-08,outside_addition,,SML,True,-0.006604166701436043,21.0,0.048789653927087784,63.0,0.04288402944803238,126.0,0.0589558482170105,252.0
NJR,2016-03-08,promotion,SML,MID,True,0.0021843891590833664,21.0,-0.049454543739557266,63.0,-0.14115256071090698,126.0,-0.11986469477415085,252.0
SFG,2016-03-08,merger_deletion,MID,,True,-0.02543381042778492,21.0,-0.09540192782878876,63.0,-0.14046940207481384,126.0,-0.23285697400569916,252.0
NVTR,2016-03-14,demotion,SML,SML,True,0.0914367064833641,21.0,0.046244632452726364,63.0,-0.21390455961227417,126.0,-0.43215376138687134,252.0
CNC,2016-03-30,promotion,MID,GSPC,True,-0.03434830158948898,21.0,0.09396612644195557,63.0,0.012117337435483932,126.0,-0.07292689383029938,252.0
IRC,2016-03-30,merger_deletion,SML,,True,-0.02292514033615589,21.0,-0.009152587503194809,63.0,-0.09085682034492493,126.0,-0.19915327429771423,252.0
ABMD,2016-03-30,promotion,SML,MID,True,0.045686930418014526,21.0,0.12375909090042114,63.0,0.23954661190509796,126.0,0.098821721971035,252.0
HOLX,2016-03-30,promotion,MID,GSPC,True,-0.04763949289917946,21.0,-0.030298549681901932,63.0,0.031018562614917755,126.0,0.01482338272035122,252.0
POM_old,2016-03-30,merger_deletion,GSPC,,True,-0.02292514033615589,21.0,-0.009152587503194809,63.0,-0.09085682034492493,126.0,-0.19915327429771423,252.0
FR,2016-03-30,outside_addition,,MID,True,-0.008563163690268993,21.0,0.16557928919792175,63.0,0.14712630212306976,126.0,-0.035972386598587036,252.0
HNT,2016-03-30,merger_deletion,MID,,True,-0.02292514033615589,21.0,-0.009152587503194809,63.0,-0.09085682034492493,126.0,-0.19915327429771423,252.0
BANC,2016-03-30,outside_addition,,SML,True,0.13863328099250793,21.0,0.05590382590889931,63.0,-0.048695385456085205,126.0,0.022192195057868958,252.0
DPLO,2016-03-30,outside_addition,,SML,True,0.12331308424472809,21.0,0.21800218522548676,63.0,-0.045848894864320755,126.0,-0.7504909038543701,252.0
VAL,2016-03-30,demotion,GSPC,MID,False,,0.0,,0.0,,0.0,,0.0
CAM_old,2016-04-04,merger_deletion,GSPC,,True,-0.020569421350955963,21.0,-0.04808686673641205,63.0,-0.10870105773210526,126.0,-0.2068914771080017,252.0
DCT,2016-04-04,outside_addition,,MID,True,-0.0030382154509425163,21.0,0.14040565490722656,63.0,0.09040631353855133,126.0,-0.0067492276430130005,252.0
FL,2016-04-04,outside_addition,,GSPC,True,-0.052100732922554016,21.0,-0.19088412821292877,63.0,-0.03717364743351936,126.0,-0.03684818372130394,252.0
NPBC,2016-04-04,merger_deletion,SML,,True,-0.020569421350955963,21.0,-0.04808686673641205,63.0,-0.10870105773210526,126.0,-0.2068914771080017,252.0
WBMD,2016-04-04,outside_addition,,MID,True,-0.005902429111301899,21.0,-0.11090587079524994,63.0,-0.32440370321273804,126.0,-0.36619701981544495,252.0
SCLN,2016-04-04,outside_addition,,SML,True,0.13345637917518616,21.0,0.09384504705667496,63.0,-0.22276589274406433,126.0,-0.36925527453422546,252.0
SFBS,2016-04-04,outside_addition,,SML,True,0.07511092722415924,21.0,0.045535024255514145,63.0,0.048071786761283875,126.0,0.27222955226898193,252.0
SUNE_old,2016-04-04,merger_deletion,MID,,True,-0.11587964743375778,21.0,-0.14339706301689148,63.0,-0.20401129126548767,126.0,-0.30220168828964233,252.0
AFFX,2016-04-04,merger_deletion,SML,,True,-0.020569421350955963,21.0,-0.04808686673641205,63.0,-0.10870105773210526,126.0,-0.2068914771080017,252.0
ATML,2016-04-07,merger_deletion,MID,,True,-0.022131234407424927,21.0,-0.05767879635095596,63.0,-0.1082121729850769,126.0,-0.20663607120513916,252.0
UA,2016-04-08,outside_addition,,GSPC,True,-0.20073750615119934,21.0,-0.23491336405277252,63.0,-0.38200563192367554,126.0,-1.06341552734375,252.0
PBH,2016-04-14,outside_addition,,MID,True,-0.007167160511016846,21.0,-0.07656893879175186,63.0,-0.25448355078697205,126.0,-0.18002918362617493,252.0
CNL_old1,2016-04-14,merger_deletion,MID,,True,0.009600586257874966,21.0,-0.07497618347406387,63.0,-0.0675167441368103,126.0,-0.17506325244903564,252.0
GWB,2016-04-14,outside_addition,,SML,True,0.08456476777791977,21.0,0.11486755311489105,63.0,0.08189837634563446,126.0,0.18388131260871887,252.0
JAH,2016-04-18,merger_deletion,MID,,True,0.030254514887928963,21.0,-0.05616654083132744,63.0,-0.053375449031591415,126.0,-0.1726084053516388,252.0
THC,2016-04-18,demotion,GSPC,MID,True,-0.06683282554149628,21.0,-0.10926499962806702,63.0,-0.3994261622428894,126.0,-0.8820875883102417,252.0
ULTA,2016-04-18,outside_addition,,GSPC,True,0.02173137106001377,21.0,0.16016431152820587,63.0,0.18802906572818756,126.0,0.14045199751853943,252.0
GPN,2016-04-25,promotion,MID,GSPC,True,0.05282001197338104,21.0,0.0069182682782411575,63.0,-0.05940694361925125,126.0,-0.08473485708236694,252.0
CHUY,2016-04-25,outside_addition,,SML,True,0.08648170530796051,21.0,0.12290917336940765,63.0,-0.15399420261383057,126.0,-0.24277226626873016,252.0
KKD,2016-04-25,outside_addition,,SML,True,0.22641055285930634,21.0,0.1441567838191986,63.0,0.13994356989860535,126.0,0.0044786930084228516,252.0
PNK,2016-04-25,discretionary_deletion,SML,,True,-1.2852115631103516,21.0,-1.326096773147583,63.0,-1.1663141250610352,126.0,-0.8149356842041016,252.0
GME,2016-04-25,discretionary_deletion,GSPC,,True,-0.12839803099632263,21.0,-0.10339553654193878,63.0,-0.2895537316799164,126.0,-0.47485318779945374,252.0
HPY,2016-04-25,merger_deletion,SML,,True,0.001173669472336769,21.0,-0.05566681548953056,63.0,-0.060356467962265015,126.0,-0.1958213448524475,252.0
OPB,2016-05-02,outside_addition,,SML,True,0.03618871420621872,21.0,-0.16092008352279663,63.0,-0.6009759902954102,126.0,-0.6609816551208496,252.0
NEWP,2016-05-02,discretionary_deletion,SML,,True,0.06523613631725311,21.0,0.2019590437412262,63.0,0.31669166684150696,126.0,1.0274157524108887,252.0
QHC,2016-05-02,demotion,MID,MID,True,0.006274828687310219,21.0,-0.23181334137916565,63.0,-1.1501365900039673,126.0,-1.2253334522247314,252.0
QHC,2016-05-03,demotion,MID,SML,True,-0.04217010363936424,21.0,-0.2703188359737396,63.0,-1.202999472618103,126.0,-1.318690299987793,252.0
AYI,2016-05-03,outside_addition,,GSPC,True,0.016286276280879974,21.0,0.01575017347931862,63.0,-0.1332600861787796,126.0,-0.5061730146408081,252.0
VSAT,2016-05-03,outside_addition,,MID,True,-0.06978277862071991,21.0,-0.09890802204608917,63.0,-0.12358048558235168,126.0,-0.3683463931083679,252.0
ADT,2016-05-03,discretionary_deletion,GSPC,,False,,0.0,,0.0,,0.0,,0.0
LABL,2016-05-03,outside_addition,,SML,True,0.008584477938711643,21.0,-0.009269898757338524,63.0,0.01321466825902462,126.0,0.04828249663114548,252.0
IILGV,2016-05-13,demotion,GSPC,GSPC,False,,,,,,,,
TXRH,2016-05-13,promotion,SML,MID,True,0.022010035812854767,21.0,-0.0261534396559,63.0,-0.08081983029842377,126.0,-0.09977836161851883,252.0
SNDK_old,2016-05-13,merger_deletion,GSPC,,True,-0.031514327973127365,21.0,-0.09267149120569229,63.0,-0.10623982548713684,126.0,-0.21266429126262665,252.0
ALK,2016-05-13,outside_addition,,GSPC,True,-0.10516919195652008,21.0,-0.10465163737535477,63.0,0.018119502812623978,126.0,0.04896276444196701,252.0
CVCO,2016-05-13,outside_addition,,SML,True,-0.0442347377538681,21.0,-0.043747127056121826,63.0,-0.12023051828145981,126.0,0.0007168129086494446,252.0
NGVT,2016-05-16,demotion,GSPC,GSPC,True,0.22897197306156158,21.0,0.4222060441970825,63.0,0.4946593940258026,126.0,0.5889977812767029,252.0
CKP,2016-05-16,merger_deletion,SML,,True,-0.01818288490176201,21.0,-0.09050451964139938,63.0,-0.12266553938388824,126.0,-0.19619540870189667,252.0
CUBI,2016-05-16,outside_addition,,SML,True,-0.05188516527414322,21.0,-0.0809166356921196,63.0,-0.052004098892211914,126.0,-0.05484316498041153,252.0
REXX,2016-05-17,discretionary_deletion,SML,,True,0.09941135346889496,21.0,-0.2404657006263733,63.0,-0.8415387272834778,126.0,-0.8148798942565918,252.0
TWC,2016-05-18,merger_deletion,GSPC,,True,-0.04993205890059471,21.0,-0.09857060015201569,63.0,-0.14535807073116302,126.0,-0.20100615918636322,252.0
DLR,2016-05-18,outside_addition,,GSPC,True,0.06070021912455559,21.0,0.0036621647886931896,63.0,-0.15891854465007782,126.0,0.04632045328617096,252.0
MPW,2016-05-23,outside_addition,,MID,True,0.03217204287648201,21.0,0.005083341617137194,63.0,-0.2517973482608795,126.0,-0.20882946252822876,252.0
ARG,2016-05-23,merger_deletion,GSPC,,True,-0.038369156420230865,21.0,-0.09291127324104309,63.0,-0.1406298279762268,126.0,-0.19680052995681763,252.0
ALG,2016-05-23,outside_addition,,SML,True,0.04793207347393036,21.0,0.013652550056576729,63.0,0.09297651052474976,126.0,0.17187440395355225,252.0
LKQ,2016-05-23,promotion,MID,GSPC,True,-0.0012654922902584076,21.0,0.01786791905760765,63.0,-0.13222965598106384,126.0,-0.21891053020954132,252.0
AJG,2016-05-31,promotion,MID,GSPC,True,-0.01666148193180561,21.0,-0.03071906976401806,63.0,-0.04972768574953079,126.0,0.029478654265403748,252.0
EDR,2016-05-31,promotion,SML,MID,False,,0.0,,0.0,,0.0,,0.0
AXL,2016-05-31,outside_addition,,SML,True,-0.10624738037586212,21.0,-0.04032392054796219,63.0,-0.18662217259407043,126.0,-0.25152388215065,252.0
CCE,2016-05-31,discretionary_deletion,GSPC,,True,-0.10098801553249359,21.0,-0.08395224064588547,63.0,-0.2821151316165924,126.0,-0.10808801651000977,252.0
HELE,2016-06-01,outside_addition,,MID,True,-0.005311083979904652,21.0,-0.19075356423854828,63.0,-0.2846393585205078,126.0,-0.278728187084198,252.0
WCN,2016-06-01,discretionary_deletion,MID,,True,0.0724378377199173,21.0,0.06885108351707458,63.0,0.013718665577471256,126.0,0.20019349455833435,252.0
TISI,2016-06-01,outside_addition,,SML,True,-0.19206807017326355,21.0,-0.0016075957100838423,63.0,0.026752587407827377,126.0,-0.32919812202453613,252.0
RKUS,2016-06-01,merger_deletion,SML,,True,-0.00017060711979866028,21.0,-0.06142820417881012,63.0,-0.12706458568572998,126.0,-0.17997793853282928,252.0
MDC,2016-06-01,demotion,MID,SML,True,0.03915858268737793,21.0,0.0592912919819355,63.0,0.04779501631855965,126.0,0.28096988797187805,252.0
BRCD,2016-06-01,outside_addition,,MID,True,0.025807645171880722,21.0,-0.03325732797384262,63.0,0.21117419004440308,126.0,0.18830794095993042,252.0
BXLT,2016-06-03,merger_deletion,GSPC,,True,0.02080601081252098,21.0,-0.05623774230480194,63.0,-0.11046978086233139,126.0,-0.1680135875940323,252.0
TDG,2016-06-03,outside_addition,,GSPC,True,-0.004028161987662315,21.0,0.029836174100637436,63.0,-0.10257890075445175,126.0,-0.06159565597772598,252.0
FBIN,2016-06-24,outside_addition,,GSPC,True,0.030499551445245743,21.0,-0.03202296793460846,63.0,-0.1786801517009735,126.0,-0.0353945791721344,252.0
CHDN,2016-06-24,outside_addition,,MID,True,-0.004199954215437174,21.0,0.1078634113073349,63.0,0.04832877218723297,126.0,0.1947605162858963,252.0
CVC,2016-06-24,merger_deletion,GSPC,,True,-0.08580981194972992,21.0,-0.08907286077737808,63.0,-0.1852208375930786,126.0,-0.22270362079143524,252.0
TE_old1,2016-07-01,merger_deletion,GSPC,,True,-0.033655278384685516,21.0,-0.06061419099569321,63.0,-0.15507450699806213,126.0,-0.19826798141002655,252.0
SSTK,2016-07-01,outside_addition,,SML,True,0.18448327481746674,21.0,0.2737594246864319,63.0,-0.10676240921020508,126.0,-0.21795129776000977,252.0
IQNT,2016-07-01,outside_addition,,SML,True,-0.205001562833786,21.0,-0.2507183253765106,63.0,0.0034193345345556736,126.0,-0.039773885160684586,252.0
EME,2016-07-01,promotion,SML,MID,True,0.10569127649068832,21.0,0.14980602264404297,63.0,0.24137219786643982,126.0,0.12317536771297455,252.0
SWX,2016-07-01,promotion,SML,MID,True,-0.04741964861750603,21.0,-0.17030857503414154,63.0,-0.15916316211223602,126.0,-0.23402979969978333,252.0
LNT,2016-07-01,promotion,MID,GSPC,True,-0.024080920964479446,21.0,-0.10709364712238312,63.0,-0.20391486585140228,126.0,-0.17976902425289154,252.0
ALB,2016-07-01,promotion,MID,GSPC,True,0.02018856815993786,21.0,0.005307767540216446,63.0,-0.06317854672670364,126.0,0.09542836248874664,252.0
GAS,2016-07-01,merger_deletion,GSPC,,True,-0.033655278384685516,21.0,-0.06061419099569321,63.0,-0.15507450699806213,126.0,-0.19826798141002655,252.0
FTV,2016-07-05,outside_addition,,GSPC,True,-0.002962067723274231,21.0,0.012757695280015469,63.0,-0.028678633272647858,126.0,0.10092592239379883,252.0
CPGX,2016-07-06,merger_deletion,GSPC,,True,-0.046109478920698166,21.0,-0.05843028426170349,63.0,-0.16579192876815796,126.0,-0.1821892261505127,252.0
EXAM,2016-07-28,merger_deletion,SML,,True,-0.01336563378572464,21.0,0.007873388938605785,63.0,-0.10804467648267746,126.0,-0.15673238039016724,252.0
FRGI,2016-07-28,outside_addition,,SML,True,0.03996919095516205,21.0,0.1438475400209427,63.0,0.0068358490243554115,126.0,-0.4415203034877777,252.0
LGIH,2016-07-28,outside_addition,,SML,True,0.0030327513813972473,21.0,-0.15524940192699432,63.0,-0.2090441733598709,126.0,0.07232224941253662,252.0
KKD,2016-07-28,merger_deletion,SML,,True,-0.01336563378572464,21.0,0.007873388938605785,63.0,-0.10804467648267746,126.0,-0.15673238039016724,252.0
FNFG,2016-08-01,merger_deletion,MID,,True,-0.015829531475901604,21.0,0.019422393292188644,63.0,-0.111075758934021,126.0,-0.15291407704353333,252.0
WIBC,2016-08-01,merger_deletion,SML,,True,-0.015829531475901604,21.0,0.019422393292188644,63.0,-0.111075758934021,126.0,-0.15291407704353333,252.0
BEAT,2016-08-01,outside_addition,,SML,False,,0.0,,0.0,,0.0,,0.0
RAVN,2016-08-01,outside_addition,,SML,True,0.16593104600906372,21.0,0.033911075443029404,63.0,0.08845072984695435,126.0,0.3646788001060486,252.0
MBFI,2016-08-01,promotion,SML,MID,True,0.016782112419605255,21.0,-0.02170947566628456,63.0,0.02292238175868988,126.0,-0.05137567222118378,252.0
APVO,2016-08-01,demotion,SML,SML,False,,0.0,,0.0,,0.0,,0.0
TUMI,2016-08-02,merger_deletion,SML,,True,-0.026792945340275764,21.0,0.0016284207813441753,63.0,-0.11649486422538757,126.0,-0.1592082679271698,252.0
MHLD,2016-08-02,outside_addition,,SML,True,-0.036905381828546524,21.0,-0.014222843572497368,63.0,0.14910516142845154,126.0,-0.350796639919281,252.0
CPS,2016-08-11,outside_addition,,SML,True,0.048506736755371094,21.0,-0.09965002536773682,63.0,-0.0054227253422141075,126.0,-0.06131412088871002,252.0
QLGC,2016-08-11,merger_deletion,SML,,True,0.01649732142686844,21.0,-0.004293564707040787,63.0,-0.11236108839511871,126.0,-0.11281149834394455,252.0
FMER,2016-08-19,merger_deletion,MID,,True,0.012893470004200935,21.0,-0.04985230416059494,63.0,-0.12465096265077591,126.0,-0.09937180578708649,252.0
PATK,2016-08-19,outside_addition,,SML,True,-0.0822780579328537,21.0,-0.015742983669042587,63.0,0.06064940243959427,126.0,-0.0440712571144104,252.0
ENS,2016-08-26,promotion,SML,MID,True,-0.02521428093314171,21.0,0.051943741738796234,63.0,-0.008798266761004925,126.0,-0.19564062356948853,252.0
WNC,2016-08-26,outside_addition,,SML,True,0.026537694036960602,21.0,-0.10242254287004471,63.0,0.3066938817501068,126.0,0.2870267629623413,252.0
DWA,2016-08-26,merger_deletion,MID,,True,0.003984926734119654,21.0,-0.0698215514421463,63.0,-0.12303145974874496,126.0,-0.10022777318954468,252.0
SCVL,2016-08-29,outside_addition,,SML,True,-0.11846896260976791,21.0,-0.1749245524406433,63.0,-0.27083489298820496,126.0,-0.7214130759239197,252.0
SGNT,2016-08-29,merger_deletion,SML,,True,0.0030373465269804,21.0,-0.05683283880352974,63.0,-0.12174007296562195,126.0,-0.10114911198616028,252.0
SVU,2016-09-01,demotion,MID,SML,True,-0.09996946901082993,21.0,-0.25228479504585266,63.0,-0.5700559020042419,126.0,-0.7906609177589417,252.0
TLMR,2016-09-01,merger_deletion,SML,,True,0.0031753210350871086,21.0,-0.054232046008110046,63.0,-0.1047595739364624,126.0,-0.1193118691444397,252.0
CSH,2016-09-02,discretionary_deletion,SML,,False,,0.0,,0.0,,0.0,,0.0
OUTR,2016-09-02,merger_deletion,SML,,True,0.014501119963824749,21.0,-0.0525050014257431,63.0,-0.09237750619649887,126.0,-0.10548882186412811,252.0
EGRX,2016-09-02,outside_addition,,SML,True,0.14412027597427368,21.0,0.1626860648393631,63.0,0.14217042922973633,126.0,-0.17551790177822113,252.0
NLS,2016-09-02,outside_addition,,SML,True,-0.07803349196910858,21.0,-0.3699013292789459,63.0,-0.4687880277633667,126.0,-0.4668161869049072,252.0
WCIC,2016-09-06,outside_addition,,SML,True,0.21576744318008423,21.0,0.13088159263134003,63.0,0.11124564707279205,126.0,0.09014154970645905,252.0
MPWR,2016-09-06,promotion,SML,MID,True,0.057607509195804596,21.0,-0.04813774302601814,63.0,0.0567631721496582,126.0,0.19298648834228516,252.0
MTD,2016-09-06,promotion,MID,GSPC,True,0.03304583579301834,21.0,-0.04941076412796974,63.0,0.07781238108873367,126.0,0.28921717405319214,252.0
CHTR,2016-09-08,outside_addition,,GSPC,True,0.010485590435564518,21.0,-0.022815430536866188,63.0,0.09644914418458939,126.0,0.2723046541213989,252.0
EMC,2016-09-08,discretionary_deletion,GSPC,,False,,0.0,,0.0,,0.0,,0.0
LOCO,2016-09-13,outside_addition,,SML,True,-0.060624152421951294,21.0,-0.03794296458363533,63.0,-0.2229851335287094,126.0,-0.20773671567440033,252.0
ASEI,2016-09-13,merger_deletion,SML,,True,-0.004813836887478828,21.0,-0.12754814326763153,63.0,-0.13626745343208313,126.0,-0.16058409214019775,252.0
STR,2016-09-19,discretionary_deletion,MID,,False,,0.0,,0.0,,0.0,,8.0
CAR,2016-09-19,outside_addition,,MID,True,-0.1551036387681961,21.0,-0.08890897780656815,63.0,-0.34214773774147034,126.0,-0.1779126226902008,252.0
AMPH,2016-09-22,outside_addition,,SML,True,-0.04060133174061775,21.0,-0.06998299062252045,63.0,-0.44900551438331604,126.0,-0.3520298898220062,252.0
FCS,2016-09-22,merger_deletion,MID,,True,0.01360682025551796,21.0,-0.09552913904190063,63.0,-0.07721397280693054,126.0,-0.14598985016345978,252.0
CRUS,2016-09-22,promotion,SML,MID,True,0.0031679533421993256,21.0,-0.023323096334934235,63.0,-0.0031452057883143425,126.0,-0.18708547949790955,252.0
HOT,2016-09-23,deletion_unclear,GSPC,,True,0.009779325686395168,21.0,-0.09614796191453934,63.0,-0.09401755779981613,126.0,-0.15872769057750702,252.0
FEIC,2016-09-23,merger_deletion,MID,,True,0.009779325686395168,21.0,-0.09614796191453934,63.0,-0.09401755779981613,126.0,-0.15872769057750702,252.0
NUVA,2016-09-23,outside_addition,,MID,True,0.010976196266710758,21.0,-0.10925962030887604,63.0,0.02098313346505165,126.0,-0.3518579304218292,252.0
NWE,2016-09-23,promotion,SML,MID,True,-0.05166933313012123,21.0,-0.13022610545158386,63.0,-0.09552503377199173,126.0,-0.15795621275901794,252.0
COO,2016-09-23,promotion,MID,GSPC,True,0.01049778051674366,21.0,-0.13642573356628418,63.0,0.003780820406973362,126.0,0.12103430181741714,252.0
SPSC,2016-09-23,outside_addition,,SML,True,-0.01619964838027954,21.0,-0.12255141139030457,63.0,-0.3464352488517761,126.0,-0.4276062846183777,252.0
SBH,2016-09-28,outside_addition,,MID,True,-0.04130740463733673,21.0,-0.11776331812143326,63.0,-0.3950357735157013,126.0,-0.4694977104663849,252.0
SZMK,2016-09-28,merger_deletion,SML,,True,0.03521152213215828,21.0,-0.08785522729158401,63.0,-0.10674024373292923,126.0,-0.16834354400634766,252.0
RRD,2016-09-28,demotion,MID,SML,True,0.14331132173538208,21.0,-0.08113087713718414,63.0,-0.41158321499824524,126.0,-0.5858640074729919,252.0
DFIN,2016-10-03,outside_addition,,SML,True,-0.05590863525867462,21.0,-0.0647069662809372,63.0,-0.26482516527175903,126.0,-0.20361900329589844,252.0
LKSD,2016-10-03,outside_addition,,SML,True,-0.12466193735599518,21.0,-0.0673464760184288,63.0,-0.24933631718158722,126.0,-0.5967814326286316,252.0
DO,2016-10-03,demotion,GSPC,MID,False,,0.0,,0.0,,0.0,,0.0
COTY,2016-10-03,outside_addition,,GSPC,True,-0.024707907810807228,21.0,-0.3459983468055725,63.0,-0.4374474287033081,126.0,-0.5442833304405212,252.0
EPIQ,2016-10-03,merger_deletion,SML,,True,0.043392181396484375,21.0,-0.09700280427932739,63.0,-0.10372138023376465,126.0,-0.18283545970916748,252.0
ASIX,2016-10-03,demotion,GSPC,GSPC,True,-0.061636604368686676,21.0,0.20095790922641754,63.0,0.35826975107192993,126.0,0.7461373805999756,252.0
TTS,2016-10-03,outside_addition,,SML,True,0.03738805651664734,21.0,0.06566403061151505,63.0,0.04615761339664459,126.0,-0.8562233448028564,252.0
VSM,2016-10-03,demotion,GSPC,GSPC,True,-0.08958534151315689,21.0,-0.02568064257502556,63.0,0.057605087757110596,126.0,0.25074630975723267,252.0
PLCM,2016-10-03,merger_deletion,MID,,True,0.043392181396484375,21.0,-0.09700280427932739,63.0,-0.10372138023376465,126.0,-0.18283545970916748,252.0
GLF,2016-10-04,discretionary_deletion,SML,,True,-0.3970368206501007,21.0,-0.18880172073841095,63.0,-2.0630266666412354,126.0,-1.8588814735412598,252.0
ASIX,2016-10-04,demotion,GSPC,SML,True,0.05143914371728897,21.0,0.329375296831131,63.0,0.44827204942703247,126.0,0.8497492074966431,252.0
PLAY,2016-10-04,outside_addition,,SML,True,0.07635091990232468,21.0,0.27249106764793396,63.0,0.32439514994621277,126.0,0.041329920291900635,252.0
BAS,2016-10-04,discretionary_deletion,SML,,True,-0.6724227666854858,21.0,-2.6436784267425537,63.0,-2.7470641136169434,126.0,-3.3502235412597656,252.0
ANF,2016-10-04,outside_addition,,SML,True,-0.03834526985883713,21.0,-0.33649495244026184,63.0,-0.4585389792919159,126.0,-0.22814804315567017,252.0
PNY,2016-10-04,merger_deletion,SML,,True,0.04541676491498947,21.0,-0.10736165195703506,63.0,-0.09451702237129211,126.0,-0.18512886762619019,252.0
VSM,2016-10-04,demotion,GSPC,MID,True,-0.0028065452352166176,21.0,0.05164111405611038,63.0,0.14370547235012054,126.0,0.3003180921077728,252.0
CYH,2016-10-06,demotion,MID,SML,True,-0.6066812872886658,21.0,-0.6688503623008728,63.0,-0.3114372193813324,126.0,-0.6317732930183411,252.0
OLLI,2016-10-06,outside_addition,,SML,True,0.014826588332653046,21.0,-0.036822814494371414,63.0,0.12547877430915833,126.0,0.3436071276664734,252.0
CUZ,2016-10-06,promotion,SML,MID,True,0.057804252952337265,21.0,0.06385371088981628,63.0,0.062166351824998856,126.0,0.1219237744808197,252.0
PKY,2016-10-07,demotion,MID,MID,True,-0.17445705831050873,21.0,-0.07545486092567444,63.0,-0.12889419496059418,126.0,-0.0713568925857544,252.0
VOXX,2016-10-10,discretionary_deletion,SML,,True,0.4571242332458496,21.0,0.4724821448326111,63.0,0.5967421531677246,126.0,0.8770052790641785,252.0
HWM,2016-10-21,outside_addition,,GSPC,True,-0.18341879546642303,15.0,-0.1213240772485733,57.0,0.050511009991168976,120.0,-0.10251419991254807,246.0
ADNT,2016-10-31,demotion,GSPC,GSPC,True,0.0640227347612381,21.0,0.22223973274230957,63.0,0.28990742564201355,126.0,0.39270898699760437,252.0
QCP,2016-11-01,demotion,GSPC,GSPC,True,-0.001463770866394043,21.0,0.07017325609922409,63.0,0.012091148644685745,126.0,-0.1303846538066864,252.0
YUMC,2016-11-01,demotion,GSPC,GSPC,True,-0.03862619772553444,21.0,-0.058579254895448685,63.0,0.10307317227125168,126.0,0.20046773552894592,252.0
HHS,2016-11-02,discretionary_deletion,SML,,True,0.06857503950595856,21.0,0.10521112382411957,63.0,-0.08196619898080826,126.0,-0.37749019265174866,252.0
QCP,2016-11-02,demotion,GSPC,MID,True,0.03424650430679321,21.0,0.1134701743721962,63.0,0.07472024857997894,126.0,-0.05684296041727066,252.0
GES,2016-11-02,demotion,MID,SML,True,-0.17695626616477966,21.0,-0.20354513823986053,63.0,-0.3334837555885315,126.0,0.03333577513694763,252.0
MWW,2016-11-03,merger_deletion,SML,,True,-0.1263808012008667,21.0,-0.14938174188137054,63.0,-0.170964315533638,126.0,-0.22873783111572266,252.0
LION,2016-11-03,outside_addition,,SML,False,,0.0,,0.0,,0.0,,0.0
EHC,2016-11-04,outside_addition,,MID,True,-0.10554291307926178,21.0,-0.15441782772541046,63.0,0.007958403788506985,126.0,-0.016457796096801758,252.0
RAX,2016-11-04,merger_deletion,MID,,True,-0.11409827321767807,21.0,-0.12319325655698776,63.0,-0.15067365765571594,126.0,-0.21257536113262177,252.0
INVA,2016-11-10,outside_addition,,SML,True,-0.0880514606833458,21.0,-0.03407863527536392,63.0,-0.02438194304704666,126.0,-0.007807448506355286,252.0
RSTI,2016-11-10,merger_deletion,SML,,True,-0.09361179172992706,21.0,-0.10059002786874771,63.0,-0.10642445087432861,126.0,-0.15850034356117249,252.0
LW,2016-11-11,outside_addition,,MID,True,0.15347853302955627,21.0,0.22145095467567444,63.0,0.3519095778465271,126.0,0.46659213304519653,252.0
ASNA,2016-11-11,demotion,MID,SML,True,0.16909313201904297,21.0,-0.20213301479816437,63.0,-0.8333117961883545,126.0,-1.2638978958129883,252.0
IPI,2016-11-11,discretionary_deletion,SML,,True,0.5356370210647583,21.0,0.5504154562950134,63.0,0.6067142486572266,126.0,1.0671895742416382,252.0
IIIN,2016-11-29,outside_addition,,SML,True,-0.09616577625274658,21.0,-0.0995178371667862,63.0,-0.22555619478225708,126.0,-0.47991371154785156,252.0
LXK,2016-11-29,merger_deletion,MID,,True,-0.023312605917453766,21.0,-0.05025281384587288,63.0,-0.0529133602976799,126.0,-0.1507675051689148,252.0
LFUS,2016-11-29,promotion,SML,MID,True,-0.0032110270112752914,21.0,0.030542220920324326,63.0,0.05102255567908287,126.0,0.1635090559720993,252.0
D,2016-11-30,outside_addition,,GSPC,True,0.017594516277313232,21.0,0.006949273869395256,63.0,0.06764481216669083,126.0,0.02896019071340561,252.0
PPS,2016-12-02,merger_deletion,MID,,True,-0.04035552963614464,21.0,-0.039872489869594574,63.0,-0.05164775252342224,126.0,-0.15186412632465363,252.0
WING,2016-12-02,outside_addition,,SML,True,-0.10351262986660004,21.0,-0.2584848701953888,63.0,-0.1195698082447052,126.0,0.08153466880321503,252.0
PZZA,2016-12-02,outside_addition,,MID,True,-0.04280247166752815,21.0,-0.15099583566188812,63.0,-0.05735199153423309,126.0,-0.49123382568359375,252.0
LM,2016-12-02,demotion,GSPC,MID,True,-0.03820572420954704,21.0,0.11988513171672821,63.0,0.15422317385673523,126.0,0.1353403925895691,252.0
MAA,2016-12-02,promotion,MID,GSPC,True,0.05373222008347511,21.0,0.08714829385280609,63.0,0.1306321620941162,126.0,0.018509484827518463,252.0
EVHC,2016-12-02,promotion,MID,GSPC,True,-0.08928795158863068,21.0,-0.1038426011800766,63.0,-0.2926805317401886,126.0,-0.9737623333930969,252.0
OI,2016-12-02,demotion,GSPC,MID,True,-0.021344657987356186,21.0,0.02692861296236515,63.0,0.1758769005537033,126.0,0.1254877746105194,252.0
NBHC,2016-12-06,outside_addition,,SML,True,0.02271175943315029,21.0,0.06488935649394989,63.0,0.01805901527404785,126.0,-0.05338427424430847,252.0
GCI,2016-12-06,outside_addition,,SML,True,-0.009195377118885517,21.0,-0.06216943636536598,63.0,-0.18608403205871582,126.0,0.09485436975955963,252.0
DTSI,2016-12-06,merger_deletion,SML,,True,-0.014231221750378609,21.0,-0.01988610066473484,63.0,-0.0462169349193573,126.0,-0.12447912991046906,252.0
ININ,2016-12-06,merger_deletion,SML,,True,-0.014231221750378609,21.0,-0.01988610066473484,63.0,-0.0462169349193573,126.0,-0.12447912991046906,252.0
HMST,2016-12-07,outside_addition,,SML,True,0.0041336254216730595,21.0,-0.15194329619407654,63.0,-0.0875111073255539,126.0,-0.14113923907279968,252.0
UMBF,2016-12-07,promotion,SML,MID,True,-0.05821816250681877,21.0,-0.031738877296447754,63.0,-0.05960370600223541,126.0,-0.15639103949069977,252.0
IM,2016-12-07,merger_deletion,MID,,True,0.004134978633373976,21.0,-0.005084458738565445,63.0,-0.037499766796827316,126.0,-0.11977505683898926,252.0
GMED,2016-12-07,outside_addition,,MID,True,0.05352742597460747,21.0,0.13852249085903168,63.0,0.28103068470954895,126.0,0.3895302712917328,252.0
CNDT,2017-01-03,demotion,GSPC,GSPC,True,0.06436105072498322,21.0,0.16345204412937164,63.0,0.10940712690353394,126.0,0.01806025207042694,249.0
CC,2017-01-05,outside_addition,,MID,True,0.23580382764339447,21.0,0.5305787324905396,63.0,0.571563720703125,126.0,0.703241229057312,247.0
STJ,2017-01-05,merger_deletion,GSPC,,True,0.00409972108900547,21.0,0.002912856638431549,63.0,-0.026225456967949867,126.0,-0.1303175538778305,247.0
SHAK,2017-01-05,outside_addition,,SML,True,-0.07746027410030365,21.0,-0.13757409155368805,63.0,-0.11036365479230881,126.0,0.025413885712623596,247.0
IDXX,2017-01-05,promotion,MID,GSPC,True,0.2080412060022354,21.0,0.2918013036251068,63.0,0.30179932713508606,126.0,0.1842648684978485,247.0
VREX,2017-01-30,demotion,GSPC,GSPC,True,0.21509483456611633,21.0,0.20514537394046783,63.0,0.08339762687683105,126.0,0.2936798334121704,231.0
VREX,2017-01-31,demotion,GSPC,SML,True,0.1226850226521492,21.0,0.11901726573705673,63.0,-0.009631522931158543,126.0,0.21306727826595306,230.0
SSI,2017-01-31,discretionary_deletion,SML,,True,-0.2526121139526367,21.0,0.0496639609336853,63.0,-0.3358234167098999,126.0,-0.4914488196372986,230.0
GG,2017-02-01,demotion,GSPC,GSPC,True,-0.10455392301082611,21.0,-0.22846868634223938,63.0,-0.27424201369285583,126.0,-0.38519710302352905,229.0
LOGM,2017-02-02,promotion,SML,MID,True,-0.057623036205768585,21.0,0.13882265985012054,63.0,0.06694361567497253,126.0,-0.01470167562365532,228.0
TGI,2017-02-02,demotion,MID,SML,True,-0.05023021250963211,21.0,-0.11407171189785004,63.0,-0.03062589466571808,126.0,-0.12449733912944794,228.0
BIVV,2017-02-02,demotion,GSPC,GSPC,True,0.11668706685304642,21.0,0.19208206236362457,63.0,0.27598732709884644,126.0,0.053891852498054504,228.0
BIVV,2017-02-03,demotion,GSPC,MID,True,0.1495313197374344,21.0,0.2316504865884781,63.0,0.2814803421497345,126.0,0.08674664795398712,227.0
CBR,2017-02-03,deletion_unclear,SML,,True,-0.1608206033706665,21.0,-0.13806134462356567,63.0,-0.15221165120601654,126.0,-0.25029444694519043,227.0
RH,2017-02-03,outside_addition,,SML,True,0.2037324160337448,21.0,0.7618385553359985,63.0,0.7353478670120239,126.0,1.097956657409668,227.0
CTB,2017-02-13,outside_addition,,MID,True,0.1735912561416626,21.0,0.020851226523518562,63.0,-0.07246428728103638,126.0,-0.1351415365934372,221.0
WCIC,2017-02-13,merger_deletion,SML,,True,-0.0017410637810826302,21.0,-0.005834423005580902,63.0,-0.009144451469182968,126.0,-0.12049031257629395,221.0
SCOR,2017-02-13,discretionary_deletion,MID,,True,-0.030664091929793358,21.0,0.12627050280570984,63.0,0.22099202871322632,126.0,0.10964643210172653,221.0
HT,2017-02-13,outside_addition,,SML,True,-0.11114244163036346,21.0,-0.14625339210033417,63.0,-0.11746887862682343,126.0,-0.2642095983028412,221.0
MYGN,2017-02-15,outside_addition,,SML,True,0.09836596250534058,21.0,0.2360534816980362,63.0,0.4781639575958252,126.0,0.5775988101959229,219.0
IQNT,2017-02-15,merger_deletion,SML,,True,0.006568397395312786,21.0,0.02974635735154152,63.0,0.009672688320279121,126.0,-0.11151067167520523,219.0
PGNX,2017-02-21,outside_addition,,SML,True,0.10825292766094208,21.0,-0.39243483543395996,63.0,-0.561549186706543,126.0,-0.48624682426452637,216.0
SFLY,2017-02-21,outside_addition,,SML,True,0.020010098814964294,21.0,0.08676563948392868,63.0,-0.0213528610765934,126.0,-0.046559594571590424,216.0
CLMS,2017-02-21,merger_deletion,SML,,True,0.03524142876267433,21.0,0.013509911485016346,63.0,0.02527916058897972,126.0,-0.10867280513048172,216.0
VASC,2017-02-21,merger_deletion,SML,,True,0.03524142876267433,21.0,0.013509911485016346,63.0,0.02527916058897972,126.0,-0.10867280513048172,216.0
SCMP,2017-02-23,outside_addition,,SML,True,-0.0610215924680233,21.0,-0.08822944760322571,63.0,-0.026068393141031265,126.0,0.3223264515399933,214.0
NILE,2017-02-23,discretionary_deletion,SML,,False,,0.0,,0.0,,0.0,,0.0
INCY,2017-02-28,outside_addition,,GSPC,True,0.06398320198059082,21.0,-0.00046589504927396774,63.0,-0.06519926339387894,126.0,-0.44595450162887573,211.0
ISIL,2017-02-28,merger_deletion,MID,,True,0.01871994510293007,21.0,0.015341929160058498,63.0,0.022803694009780884,126.0,-0.10840611159801483,211.0
SE,2017-02-28,discretionary_deletion,GSPC,,True,,0.0,,0.0,,0.0,-0.22783616185188293,48.0
DDS,2017-02-28,outside_addition,,MID,True,-0.031850963830947876,21.0,-0.038679275661706924,63.0,0.11325468868017197,126.0,-0.0010221898555755615,211.0
CLC,2017-03-01,merger_deletion,MID,,True,0.018037166446447372,21.0,0.01811719685792923,63.0,0.02059096097946167,126.0,-0.10460548102855682,210.0
PBI,2017-03-01,demotion,GSPC,MID,True,-0.03514518216252327,21.0,0.11238357424736023,63.0,-0.043753720819950104,126.0,-0.26050037145614624,210.0
CONE,2017-03-01,outside_addition,,MID,True,0.05430683493614197,21.0,0.15219715237617493,63.0,0.2588641345500946,126.0,0.10477865487337112,210.0
CBOE,2017-03-01,promotion,MID,GSPC,True,0.034338802099227905,21.0,0.11367057263851166,63.0,0.2647250294685364,126.0,0.36137518286705017,210.0
EQY,2017-03-02,merger_deletion,MID,,True,0.006707783788442612,21.0,-0.0026605352759361267,63.0,0.004350777715444565,126.0,-0.11240818351507187,209.0
ENDP,2017-03-02,demotion,GSPC,MID,True,-0.09307653456926346,21.0,0.09397688508033752,63.0,-0.35977303981781006,126.0,-0.5643935203552246,209.0
NUS,2017-03-02,outside_addition,,MID,True,0.11818337440490723,21.0,0.12248653918504715,63.0,0.21524706482887268,126.0,0.21681824326515198,209.0
REG,2017-03-02,promotion,MID,GSPC,True,-0.025290347635746002,21.0,-0.10684449225664139,63.0,-0.048683762550354004,126.0,-0.07559745013713837,209.0
ACAT,2017-03-06,discretionary_deletion,SML,,True,0.0042135100811719894,21.0,-0.00701628252863884,63.0,-0.01455229613929987,126.0,-0.12267042696475983,207.0
WLH,2017-03-06,outside_addition,,SML,True,0.04984671249985695,21.0,0.14103208482265472,63.0,0.2006584107875824,126.0,0.27953994274139404,207.0
DISH,2017-03-13,outside_addition,,GSPC,True,0.017750196158885956,21.0,0.006511077284812927,63.0,-0.16006365418434143,126.0,-0.3938327729701996,202.0
LLTC,2017-03-13,merger_deletion,GSPC,,True,-0.00873543694615364,21.0,-0.03869246691465378,63.0,-0.033370211720466614,126.0,-0.13405373692512512,202.0
GEO,2017-03-16,outside_addition,,MID,True,0.11559128761291504,21.0,0.018814587965607643,63.0,-0.11464452743530273,126.0,-0.2992231249809265,199.0
HAR,2017-03-16,merger_deletion,GSPC,,True,0.01947004720568657,21.0,-0.013474175706505775,63.0,-0.025366535410284996,126.0,-0.11958220601081848,199.0
COKE,2017-03-16,outside_addition,,SML,True,0.09620534628629684,21.0,0.19855208694934845,63.0,0.05675419420003891,126.0,0.011110320687294006,199.0
TNGO,2017-03-16,merger_deletion,SML,,True,0.01947004720568657,21.0,-0.013474175706505775,63.0,-0.025366535410284996,126.0,-0.11958220601081848,199.0
OFIX,2017-03-16,outside_addition,,SML,True,-0.0429517887532711,21.0,0.0987280011177063,63.0,0.19058124721050262,126.0,0.22156523168087006,199.0
SNPS,2017-03-16,promotion,MID,GSPC,True,0.01090322993695736,21.0,0.01764061488211155,63.0,0.08844650536775589,126.0,0.05991575866937637,199.0
SRE,2017-03-17,outside_addition,,GSPC,True,0.03396112099289894,21.0,0.03745618835091591,63.0,0.05683428421616554,126.0,-0.12176103889942169,198.0
TTWO,2017-03-20,promotion,SML,MID,True,0.05642641335725784,21.0,0.2281307727098465,63.0,0.5291509628295898,126.0,0.5160501599311829,197.0
DEN,2017-03-20,demotion,MID,SML,False,,0.0,,0.0,,0.0,,0.0
FOSL,2017-03-20,demotion,MID,SML,True,0.04270822927355766,21.0,-0.5648254752159119,63.0,-0.618238627910614,126.0,-0.8789256811141968,197.0
VSTO,2017-03-20,demotion,MID,SML,True,-0.07757018506526947,21.0,0.11244482547044754,63.0,0.03337983787059784,126.0,-0.4708787798881531,197.0
URBN,2017-03-20,demotion,GSPC,MID,True,0.010035013779997826,21.0,-0.2698761522769928,63.0,-0.05581255257129669,126.0,0.2966339588165283,197.0
ARE,2017-03-20,promotion,MID,GSPC,True,0.05640845373272896,21.0,0.06026545912027359,63.0,0.0610090009868145,126.0,0.07208328694105148,197.0
MASI,2017-03-20,promotion,SML,MID,True,0.03372754156589508,21.0,-0.02131573297083378,63.0,-0.11556998640298843,126.0,-0.21049043536186218,197.0
FTR,2017-03-20,demotion,GSPC,MID,True,-0.24787236750125885,21.0,-0.605038046836853,63.0,-1.0214201211929321,126.0,-1.6437878608703613,197.0
RJF,2017-03-20,promotion,MID,GSPC,True,-0.046875711530447006,21.0,-0.0034810956567525864,63.0,0.0100017748773098,126.0,0.034866370260715485,197.0
FSLR,2017-03-20,outside_addition,,MID,True,-0.10824739187955856,21.0,0.16923706233501434,63.0,0.45543402433395386,126.0,0.7039254903793335,197.0
AMD,2017-03-20,promotion,MID,GSPC,True,-0.09507231414318085,21.0,-0.1856650412082672,63.0,-0.11731255799531937,126.0,-0.4285883903503418,197.0
OSUR,2017-03-23,outside_addition,,SML,True,0.026769421994686127,21.0,0.2104722261428833,63.0,0.5292330980300903,126.0,0.30093851685523987,194.0
GK,2017-03-23,discretionary_deletion,SML,,False,,0.0,,0.0,,0.0,,0.0
PLKI,2017-03-27,merger_deletion,SML,,True,-0.04052651301026344,21.0,-0.03961320221424103,63.0,-0.06471013277769089,126.0,-0.14164474606513977,192.0
CYNO,2017-03-27,merger_deletion,SML,,True,-0.04052651301026344,21.0,-0.03961320221424103,63.0,-0.06471013277769089,126.0,-0.14164474606513977,192.0
JBSS,2017-03-27,outside_addition,,SML,True,0.012116562575101852,21.0,-0.1575583517551422,63.0,-0.114960215985775,126.0,-0.19455191493034363,192.0
TCBI,2017-03-29,promotion,SML,MID,True,-0.06252413988113403,21.0,-0.08126192539930344,63.0,-0.0012619518674910069,126.0,-0.010511288419365883,190.0
SCAI,2017-03-29,merger_deletion,SML,,True,-0.01762305200099945,21.0,-0.033121202141046524,63.0,-0.06301400065422058,126.0,-0.1271260678768158,190.0
ENH,2017-03-29,merger_deletion,MID,,True,-0.01762305200099945,21.0,-0.033121202141046524,63.0,-0.06301400065422058,126.0,-0.1271260678768158,190.0
MIK,2017-03-29,outside_addition,,MID,True,0.033198032528162,21.0,-0.2117641270160675,63.0,-0.061217810958623886,126.0,-0.059782445430755615,190.0
DBI,2017-03-29,outside_addition,,SML,True,-0.006912747398018837,21.0,-0.15679243206977844,63.0,0.00924096442759037,126.0,-0.04588394612073898,190.0
WETF,2017-03-29,demotion,MID,SML,True,-0.08435150980949402,21.0,0.14387039840221405,63.0,0.06316857784986496,126.0,0.23806168138980865,190.0
MENT,2017-04-03,merger_deletion,MID,,True,-0.01797090657055378,21.0,-0.03946339339017868,63.0,-0.08424945175647736,126.0,-0.1326003223657608,187.0
HSKA,2017-04-03,outside_addition,,SML,True,-0.14381998777389526,21.0,-0.040051382035017014,63.0,-0.20047834515571594,126.0,-0.3597443103790283,187.0
WTFC,2017-04-03,promotion,SML,MID,True,0.05015799403190613,21.0,0.1121463030576706,63.0,0.0751693993806839,126.0,0.07873069494962692,187.0
E,2017-04-03,demotion,GSPC,GSPC,True,-0.018553106114268303,21.0,-0.08677871525287628,63.0,-0.0036665122024714947,126.0,-0.041763998568058014,187.0
DXC,2017-04-04,promotion,MID,GSPC,True,0.09427032619714737,21.0,0.06256110966205597,63.0,0.11966561526060104,126.0,0.184026837348938,186.0
SWN,2017-04-04,discretionary_deletion,GSPC,,True,-0.2240564078092575,21.0,-0.42859283089637756,63.0,-0.41741034388542175,126.0,-0.5329186320304871,186.0
CEB,2017-04-05,merger_deletion,MID,,True,-0.025731071829795837,21.0,-0.029241885989904404,63.0,-0.09061184525489807,126.0,-0.13796411454677582,185.0
SYNH,2017-04-05,outside_addition,,MID,True,-0.07418361306190491,21.0,0.2275630235671997,63.0,0.10327944904565811,126.0,-0.15156963467597961,185.0
IT,2017-04-05,promotion,MID,GSPC,True,0.004341092426329851,21.0,0.09684544056653976,63.0,0.02200923301279545,126.0,-0.016935836523771286,185.0
DNB,2017-04-05,demotion,GSPC,MID,False,,0.0,,0.0,,0.0,,0.0
ACHC,2017-04-06,outside_addition,,MID,True,-0.01605820469558239,21.0,0.08755110204219818,63.0,-0.022825373336672783,126.0,-0.4240435063838959,184.0
JOY,2017-04-06,merger_deletion,MID,,True,-0.020395716652274132,21.0,-0.029138309881091118,63.0,-0.08513133227825165,126.0,-0.13323041796684265,184.0
OCLR,2017-04-12,outside_addition,,SML,True,-0.009643714874982834,21.0,0.03346661105751991,63.0,-0.13710917532444,126.0,-0.39772337675094604,180.0
UBSI,2017-04-12,promotion,SML,MID,True,-0.03788483887910843,21.0,-0.0920116975903511,63.0,-0.12833942472934723,126.0,-0.2206525206565857,180.0
WWAV,2017-04-12,merger_deletion,MID,,True,-0.017425842583179474,21.0,-0.04072101041674614,63.0,-0.0844050720334053,126.0,-0.13647444546222687,180.0
SABR,2017-04-19,outside_addition,,MID,True,0.029252374544739723,21.0,-0.06835630536079407,63.0,-0.27495652437210083,126.0,-0.19106300175189972,176.0
BEAV,2017-04-19,merger_deletion,MID,,True,0.006843650247901678,21.0,-0.04572484269738197,63.0,-0.07741173356771469,126.0,-0.12812618911266327,176.0
XXIA,2017-04-20,merger_deletion,SML,,True,0.004825948737561703,21.0,-0.040714602917432785,63.0,-0.06780821084976196,126.0,-0.12215597927570343,175.0
GIMO,2017-04-20,outside_addition,,SML,True,0.048311054706573486,21.0,0.04188874363899231,63.0,-0.06503438204526901,126.0,-0.055016979575157166,175.0
CBL,2017-04-24,outside_addition,,SML,False,,0.0,,0.0,,0.0,,0.0
AIRM,2017-04-24,merger_deletion,SML,,True,0.014356343075633049,21.0,-0.02437674254179001,63.0,-0.06545979529619217,126.0,-0.10803931206464767,173.0
CYTK,2017-04-24,outside_addition,,SML,True,-0.08742640167474747,21.0,-0.09452278912067413,63.0,-0.11845259368419647,126.0,-0.7029482126235962,173.0
CFNL,2017-04-24,merger_deletion,SML,,True,0.014356343075633049,21.0,-0.02437674254179001,63.0,-0.06545979529619217,126.0,-0.10803931206464767,173.0
ADPT,2017-04-25,discretionary_deletion,SML,,False,,0.0,,0.0,,0.0,,0.0
AAOI,2017-04-25,outside_addition,,SML,True,0.3429497480392456,21.0,0.6370596289634705,63.0,-0.22177532315254211,126.0,-0.3539632558822632,172.0
WDR,2017-04-28,demotion,MID,SML,True,-0.07952013611793518,21.0,0.11682936549186707,63.0,0.08642517030239105,126.0,0.15767288208007812,169.0
ZLTQ,2017-04-28,merger_deletion,SML,,True,0.014245030470192432,21.0,-0.021432191133499146,63.0,-0.05974765866994858,126.0,-0.10950305312871933,169.0
ARI,2017-04-28,outside_addition,,SML,True,-0.0460083931684494,21.0,-0.07211236655712128,63.0,-0.07275411486625671,126.0,-0.0729873925447464,169.0
SWC,2017-04-28,merger_deletion,SML,,True,0.014801104553043842,21.0,-0.020876117050647736,63.0,-0.059191588312387466,126.0,-0.10894697904586792,169.0
LMAT,2017-05-03,outside_addition,,SML,True,0.03566320985555649,21.0,0.0919947400689125,63.0,-0.013074353337287903,126.0,-0.05333717167377472,166.0
FNBC,2017-05-03,merger_deletion,SML,,True,-0.42082592844963074,21.0,-0.43069928884506226,63.0,-0.4855225086212158,126.0,-0.529240608215332,166.0
HW,2017-05-10,merger_deletion,SML,,True,-0.012790698558092117,21.0,0.00016848091036081314,63.0,-0.049976594746112823,126.0,-0.11213763803243637,161.0
RPT_old,2017-05-10,outside_addition,,SML,True,0.007402478717267513,21.0,0.07593248039484024,63.0,0.040183089673519135,126.0,0.0026855915784835815,161.0
MXL,2017-05-15,outside_addition,,SML,True,-0.13866928219795227,21.0,-0.38243749737739563,63.0,-0.263126403093338,126.0,-0.2854273319244385,158.0
EXAR,2017-05-15,merger_deletion,SML,,True,-0.008764393627643585,21.0,-0.003310033120214939,63.0,-0.05207589641213417,126.0,-0.11465590447187424,158.0
VVV,2017-05-16,outside_addition,,MID,True,0.004097187891602516,21.0,-0.04951432719826698,63.0,-0.06525382399559021,126.0,-0.04212804138660431,157.0
LNTH,2017-05-16,outside_addition,,SML,True,-0.10658739507198334,21.0,0.02967199683189392,63.0,0.23822151124477386,126.0,0.14094498753547668,157.0
NE,2017-05-16,demotion,MID,SML,False,,0.0,,0.0,,0.0,,0.0
CGI,2017-05-16,discretionary_deletion,SML,,True,0.27418529987335205,21.0,0.7985488176345825,63.0,1.2067805528640747,126.0,0.997025728225708,157.0
UTEK,2017-05-30,merger_deletion,SML,,True,-0.029743172228336334,21.0,0.007461761590093374,63.0,-0.08768977224826813,126.0,-0.1237480491399765,148.0
IRT,2017-05-30,outside_addition,,SML,True,-0.011433868668973446,21.0,0.06369593739509583,63.0,0.017009256407618523,126.0,-0.03629884868860245,148.0
CARS,2017-06-01,demotion,GSPC,GSPC,True,-0.02074386738240719,21.0,-0.027134999632835388,63.0,-0.17216302454471588,126.0,-0.036412689834833145,146.0
TUES,2017-06-02,discretionary_deletion,SML,,True,0.12580054998397827,21.0,0.3123265504837036,63.0,0.3590949475765228,126.0,0.4204288423061371,145.0
JCP,2017-06-02,demotion,MID,SML,True,-0.03821942210197449,21.0,-0.22355200350284576,63.0,-0.4686480462551117,126.0,-0.5087382197380066,145.0
INFO_old1,2017-06-02,outside_addition,,GSPC,True,-0.07733841240406036,21.0,0.0015331320464611053,63.0,-0.14399491250514984,126.0,-0.14457109570503235,145.0
CLDT,2017-06-02,outside_addition,,SML,True,0.01250939816236496,21.0,0.037396326661109924,63.0,0.06702502816915512,126.0,0.08126480877399445,145.0
TGNA,2017-06-02,demotion,GSPC,MID,True,-0.0021737143397331238,21.0,-0.13254404067993164,63.0,-0.18084457516670227,126.0,-0.12557294964790344,145.0
WNR,2017-06-02,merger_deletion,MID,,True,-0.015277823433279991,21.0,0.002171996980905533,63.0,-0.09564054012298584,126.0,-0.10841476172208786,145.0
TIME,2017-06-02,demotion,MID,SML,False,,0.0,,0.0,,0.0,,0.0
CARS,2017-06-02,demotion,GSPC,MID,True,-0.01676059514284134,21.0,-0.03942222520709038,63.0,-0.20885069668293,126.0,-0.042141690850257874,145.0
SMHI,2017-06-02,demotion,SML,SML,True,-0.07517612725496292,21.0,-0.5164358615875244,63.0,-0.6524698734283447,126.0,-0.6717588305473328,145.0
HOMB,2017-06-02,promotion,SML,MID,True,0.07009656727313995,21.0,0.0029953494668006897,63.0,-0.07104993611574173,126.0,-0.09565690159797668,145.0
HOS_old,2017-06-02,discretionary_deletion,SML,,True,0.5783017873764038,21.0,0.5848625302314758,63.0,0.7820043563842773,126.0,0.6041501760482788,145.0
EG,2017-06-19,promotion,MID,GSPC,True,0.027678504586219788,21.0,-0.13590961694717407,63.0,-0.22751888632774353,126.0,-0.23184093832969666,134.0
TDC,2017-06-19,demotion,GSPC,MID,True,0.014818739145994186,21.0,0.13349954783916473,63.0,0.21651023626327515,126.0,0.20394746959209442,134.0
PNFP,2017-06-19,promotion,SML,MID,True,-0.039772797375917435,21.0,-0.07352390885353088,63.0,-0.0903334766626358,126.0,-0.09750829637050629,134.0
YHOO,2017-06-19,merger_deletion,GSPC,,True,-0.017925873398780823,21.0,-0.015029133297502995,63.0,-0.09240597486495972,126.0,-0.10032721608877182,134.0
R,2017-06-19,demotion,GSPC,MID,True,0.061911966651678085,21.0,0.15744870901107788,63.0,0.10966087132692337,126.0,0.14099782705307007,134.0
ALGN,2017-06-19,promotion,MID,GSPC,True,0.042949482798576355,21.0,0.21591976284980774,63.0,0.353241503238678,126.0,0.30899524688720703,134.0
AHH,2017-06-19,outside_addition,,SML,True,-0.04361576959490776,21.0,-0.01832989789545536,63.0,0.06913478672504425,126.0,0.05820247903466225,134.0
ANSS,2017-06-19,promotion,MID,GSPC,True,0.014119338244199753,21.0,-0.006231268867850304,63.0,0.09898384660482407,126.0,0.09038662910461426,134.0
MJN,2017-06-19,merger_deletion,GSPC,,True,-0.017925873398780823,21.0,-0.015029133297502995,63.0,-0.09240597486495972,126.0,-0.10032721608877182,134.0
HLT,2017-06-19,outside_addition,,GSPC,True,-0.09430719912052155,21.0,-0.01980005018413067,63.0,0.05691424012184143,126.0,0.09069718420505524,134.0
PVTB,2017-06-26,merger_deletion,MID,,True,-0.01742856577038765,21.0,-0.02509693056344986,63.0,-0.0961119532585144,126.0,-0.10203154385089874,129.0
MDSO,2017-06-26,promotion,SML,MID,True,-0.0335632748901844,21.0,-0.06200549006462097,63.0,-0.2694597840309143,126.0,-0.2850190997123718,129.0
CST,2017-06-29,merger_deletion,MID,,True,-0.01011321134865284,21.0,-0.03698073700070381,63.0,-0.09802007675170898,126.0,-0.09802007675170898,126.0
BLKB,2017-06-29,outside_addition,,MID,True,0.027919676154851913,21.0,-0.02664463222026825,63.0,0.003306296654045582,126.0,0.003306296654045582,126.0
NSA,2017-06-29,outside_addition,,SML,True,-0.023922134190797806,21.0,0.010395985096693039,63.0,0.08868229389190674,126.0,0.08868229389190674,126.0
BKR,2017-07-07,outside_addition,,GSPC,True,-0.084213025867939,21.0,-0.09096270799636841,63.0,-0.2687224745750427,121.0,-0.2687224745750427,121.0
KNX,2017-07-12,promotion,SML,MID,True,0.03378497436642647,21.0,0.045763395726680756,63.0,0.09254269301891327,118.0,0.09254269301891327,118.0
CLB,2017-07-12,outside_addition,,MID,True,-0.06412770599126816,21.0,-0.10835318267345428,63.0,-0.027946898713707924,118.0,-0.027946898713707924,118.0
PNRA,2017-07-12,merger_deletion,MID,,True,0.028647180646657944,21.0,-0.047081463038921356,63.0,-0.09695908427238464,118.0,-0.09695908427238464,118.0
KATE,2017-07-12,merger_deletion,MID,,True,0.028297826647758484,21.0,-0.04743081331253052,63.0,-0.0973084345459938,118.0,-0.0973084345459938,118.0
JBGS,2017-07-18,demotion,GSPC,GSPC,True,-0.04992750287055969,21.0,-0.16850633919239044,63.0,-0.1361718624830246,114.0,-0.1361718624830246,114.0
SMRT,2017-07-19,discretionary_deletion,SML,,False,,0.0,,0.0,,0.0,,0.0
CHS,2017-07-19,demotion,MID,SML,True,-0.0563223659992218,21.0,-0.2051192671060562,63.0,-0.053835026919841766,113.0,-0.053835026919841766,113.0
JBGS,2017-07-19,demotion,GSPC,MID,True,-0.013305935077369213,21.0,-0.1378459334373474,63.0,-0.10468290746212006,113.0,-0.10468290746212006,113.0
RIG,2017-07-26,demotion,GSPC,MID,True,-0.04562302678823471,21.0,0.13708965480327606,63.0,0.1478860080242157,108.0,0.1478860080242157,108.0
MNK,2017-07-26,demotion,GSPC,MID,False,,0.0,,0.0,,0.0,,0.0
AOS,2017-07-26,promotion,MID,GSPC,True,0.03287762403488159,21.0,0.08497720956802368,63.0,0.048306338489055634,108.0,0.048306338489055634,108.0
RMD,2017-07-26,promotion,MID,GSPC,True,0.0003807130269706249,21.0,-0.020996704697608948,63.0,0.028706932440400124,108.0,0.028706932440400124,108.0
RAI,2017-07-26,merger_deletion,GSPC,,True,0.04138829931616783,21.0,-0.0359952338039875,63.0,-0.0846029743552208,108.0,-0.0846029743552208,108.0
PKG,2017-07-26,promotion,MID,GSPC,True,0.06695004552602768,21.0,0.06813514977693558,63.0,0.043600838631391525,108.0,0.043600838631391525,108.0
MGM,2017-07-26,outside_addition,,GSPC,True,-0.025914188474416733,21.0,-0.11279305815696716,63.0,-0.08072052150964737,108.0,-0.08072052150964737,108.0
MUR,2017-07-26,demotion,GSPC,MID,True,-0.03764605522155762,21.0,-0.03383879363536835,63.0,0.15045897662639618,108.0,0.15045897662639618,108.0
DRE,2017-07-26,promotion,MID,GSPC,True,0.07160580158233643,21.0,-0.037812311202287674,63.0,-0.09215912222862244,108.0,-0.09215912222862244,108.0
BBBY_old,2017-07-26,demotion,GSPC,MID,True,0.22268874943256378,21.0,0.9074680209159851,63.0,1.314725637435913,108.0,1.314725637435913,108.0
BHF,2017-08-07,outside_addition,,GSPC,True,-0.1229560524225235,21.0,-0.10468459129333496,63.0,-0.12975957989692688,100.0,-0.12975957989692688,100.0
AN,2017-08-08,demotion,GSPC,MID,True,0.12545250356197357,21.0,0.2545246183872223,63.0,0.1629428118467331,99.0,0.1629428118467331,99.0
FCN,2017-08-08,outside_addition,,SML,True,0.03046424873173237,21.0,0.17321209609508514,63.0,0.16810278594493866,99.0,0.16810278594493866,99.0
COR,2017-08-10,promotion,SML,MID,True,0.04543038830161095,21.0,-0.0952257364988327,63.0,0.06944793462753296,97.0,0.06944793462753296,97.0
VG_old,2017-08-10,outside_addition,,SML,True,-0.07979913055896759,21.0,0.0061187744140625,63.0,0.0985080823302269,97.0,0.0985080823302269,97.0
NSR,2017-08-10,discretionary_deletion,MID,,True,-0.024922745302319527,21.0,-0.061903052031993866,63.0,-0.12560628354549408,97.0,-0.12560628354549408,97.0
CUDA,2017-08-17,outside_addition,,SML,True,0.00778929702937603,21.0,-0.13973957300186157,63.0,0.03371603041887283,92.0,0.03371603041887283,92.0
CCP,2017-08-17,merger_deletion,MID,,True,-0.05369769036769867,21.0,-0.07835910469293594,63.0,-0.13899579644203186,92.0,-0.13899579644203186,92.0
SBRA,2017-08-17,promotion,SML,MID,True,0.053086020052433014,21.0,-0.15837325155735016,63.0,-0.2126743197441101,92.0,-0.2126743197441101,92.0
AMRI,2017-08-22,merger_deletion,SML,,True,-0.04477410018444061,21.0,-0.09209639579057693,63.0,-0.13168050348758698,89.0,-0.13168050348758698,89.0
CTRL,2017-08-22,outside_addition,,SML,True,0.12152107059955597,21.0,0.26730841398239136,63.0,0.1197870746254921,89.0,0.1197870746254921,89.0
WFM,2017-08-29,merger_deletion,GSPC,,True,-0.06415709853172302,21.0,-0.10286881774663925,63.0,-0.1251964271068573,84.0,-0.1251964271068573,84.0
IQV,2017-08-29,outside_addition,,GSPC,True,-0.07327307015657425,21.0,-0.04353950172662735,63.0,-0.09630677103996277,84.0,-0.09630677103996277,84.0
SBAC,2017-09-01,outside_addition,,GSPC,True,-0.1142185851931572,21.0,0.006706565618515015,63.0,-0.03462213650345802,81.0,-0.03462213650345802,81.0
CDI,2017-09-13,merger_deletion,SML,,True,-0.04522328823804855,21.0,-0.07487329095602036,63.0,-0.09443262219429016,74.0,-0.09443262219429016,74.0
WSR,2017-09-13,outside_addition,,SML,True,0.0015325052663683891,21.0,0.03807180002331734,63.0,0.035382770001888275,74.0,0.035382770001888275,74.0
ILG,2017-09-18,promotion,SML,MID,True,0.11363276094198227,21.0,0.031324997544288635,63.0,0.049389030784368515,71.0,0.049389030784368515,71.0
SPLS_old,2017-09-18,merger_deletion,GSPC,,True,-0.034583643078804016,21.0,-0.0773768424987793,63.0,-0.0852980837225914,71.0,-0.0852980837225914,71.0
CPE,2017-09-18,outside_addition,,MID,True,-0.014564907178282738,21.0,-0.10439319163560867,63.0,0.04949609190225601,71.0,0.04949609190225601,71.0
CDNS,2017-09-18,promotion,MID,GSPC,True,0.03989256173372269,21.0,0.05224902927875519,63.0,0.0013056020252406597,71.0,0.0013056020252406597,71.0
WBMD,2017-09-18,merger_deletion,MID,,True,-0.034583643078804016,21.0,-0.0773768424987793,63.0,-0.0852980837225914,71.0,-0.0852980837225914,71.0
BCO,2017-09-18,promotion,SML,MID,True,0.042100660502910614,21.0,-0.07921222597360611,63.0,-0.10034540295600891,71.0,-0.10034540295600891,71.0
CASH,2017-09-18,outside_addition,,SML,True,0.07187633216381073,21.0,0.17897747457027435,63.0,0.15930943191051483,71.0,0.15930943191051483,71.0
ARR,2017-09-18,outside_addition,,SML,True,0.006544522009789944,21.0,-0.05524304509162903,63.0,-0.07349839806556702,71.0,-0.07349839806556702,71.0
WOOF,2017-09-18,discretionary_deletion,MID,,False,,0.0,,0.0,,0.0,,0.0
SAFM,2017-09-26,promotion,SML,MID,True,-0.11844494193792343,21.0,-0.19832609593868256,63.0,-0.19178497791290283,65.0,-0.19178497791290283,65.0
CAB,2017-09-26,merger_deletion,MID,,True,-0.02132895588874817,21.0,-0.06808041781187057,63.0,-0.07117778807878494,65.0,-0.07117778807878494,65.0
SPNT,2017-09-26,outside_addition,,SML,True,0.06376723945140839,21.0,-0.08466459810733795,63.0,-0.09110867232084274,65.0,-0.09110867232084274,65.0
SIX,2017-10-02,outside_addition,,MID,True,-0.0046327244490385056,21.0,-0.04835088551044464,61.0,-0.04835088551044464,61.0,-0.04835088551044464,61.0
STL,2017-10-02,outside_addition,,MID,True,-0.0006394311785697937,21.0,-0.047526754438877106,61.0,-0.047526754438877106,61.0,-0.047526754438877106,61.0
OIS,2017-10-02,demotion,MID,SML,True,-0.09128488600254059,21.0,0.06016676500439644,61.0,0.06016676500439644,61.0,0.06016676500439644,61.0
PRXL,2017-10-02,merger_deletion,MID,,True,-0.0046327244490385056,21.0,-0.04835088551044464,61.0,-0.04835088551044464,61.0,-0.04835088551044464,61.0
AF,2017-10-02,merger_deletion,SML,,True,-0.0046327244490385056,21.0,-0.04835088551044464,61.0,-0.04835088551044464,61.0,-0.04835088551044464,61.0
KEM,2017-10-02,outside_addition,,SML,False,,0.0,,0.0,,0.0,,0.0
PLAB,2017-10-06,outside_addition,,SML,True,0.01030854880809784,21.0,-0.12037492543458939,57.0,-0.12037492543458939,57.0,-0.12037492543458939,57.0
ATW,2017-10-06,merger_deletion,SML,,True,0.004888525232672691,21.0,-0.047102831304073334,57.0,-0.047102831304073334,57.0,-0.047102831304073334,57.0
PARR,2017-10-06,outside_addition,,SML,True,0.015949085354804993,21.0,-0.10074005275964737,57.0,-0.10074005275964737,57.0,-0.10074005275964737,57.0
FOR,2017-10-06,discretionary_deletion,SML,,True,0.06750205904245377,21.0,0.2693910598754883,57.0,0.2693910598754883,57.0,0.2693910598754883,57.0
PPBI,2017-10-12,outside_addition,,SML,True,-0.0712624192237854,21.0,-0.04050961881875992,53.0,-0.04050961881875992,53.0,-0.04050961881875992,53.0
LVLT,2017-10-13,merger_deletion,GSPC,,True,-0.030130641534924507,21.0,-0.09256061911582947,52.0,-0.09256061911582947,52.0,-0.09256061911582947,52.0
NCLH,2017-10-13,outside_addition,,GSPC,True,-0.05351480841636658,21.0,-0.1459846943616867,52.0,-0.1459846943616867,52.0,-0.1459846943616867,52.0
SCLN,2017-10-16,merger_deletion,SML,,True,0.013992206193506718,21.0,-0.05185256525874138,51.0,-0.05185256525874138,51.0,-0.05185256525874138,51.0
NMIH,2017-10-16,outside_addition,,SML,True,0.17447231709957123,21.0,0.1961645931005478,51.0,0.1961645931005478,51.0,0.1961645931005478,51.0
ACLS,2017-10-19,outside_addition,,SML,True,0.042829133570194244,21.0,-0.152127206325531,48.0,-0.152127206325531,48.0,-0.152127206325531,48.0
LDR,2017-10-19,merger_deletion,SML,,True,0.002912485972046852,21.0,-0.04391348361968994,48.0,-0.04391348361968994,48.0,-0.04391348361968994,48.0
LEN-N,2017-11-09,outside_addition,,GSPC,False,,,,,,,,
BRCD,2017-11-22,merger_deletion,MID,,True,-0.027231847867369652,21.0,-0.03315145894885063,24.0,-0.03315145894885063,24.0,-0.03315145894885063,24.0
MKSI,2017-11-22,promotion,SML,MID,True,-0.12197039276361465,21.0,-0.1268453449010849,24.0,-0.1268453449010849,24.0,-0.1268453449010849,24.0
LMOS,2017-11-22,merger_deletion,SML,,True,-0.027231847867369652,21.0,-0.03315145894885063,24.0,-0.03315145894885063,24.0,-0.03315145894885063,24.0
IVR,2017-11-22,outside_addition,,SML,True,-0.027635660022497177,21.0,-0.01793893426656723,24.0,-0.01793893426656723,24.0,-0.01793893426656723,24.0
TCMD,2017-11-22,outside_addition,,SML,True,0.035212963819503784,21.0,0.04026968404650688,24.0,0.04026968404650688,24.0,0.04026968404650688,24.0
LEN-N,2017-11-28,merger_deletion,GSPC,,False,,,,,,,,
--,2017-11-28,outside_addition,,MID,False,,,,,,,,
CEIX,2017-11-29,demotion,MID,MID,True,0.509199321269989,20.0,0.509199321269989,20.0,0.509199321269989,20.0,0.509199321269989,20.0
CEIX,2017-11-30,demotion,MID,SML,True,0.5590464472770691,19.0,0.5590464472770691,19.0,0.5590464472770691,19.0,0.5590464472770691,19.0
BBOX,2017-11-30,discretionary_deletion,SML,,True,0.0012120604515075684,19.0,0.0012120604515075684,19.0,0.0012120604515075684,19.0,0.0012120604515075684,19.0
PDFS,2017-11-30,outside_addition,,SML,True,-0.1420242190361023,19.0,-0.1420242190361023,19.0,-0.1420242190361023,19.0,-0.1420242190361023,19.0
ICON_old,2017-11-30,discretionary_deletion,SML,,True,-0.35452064871788025,19.0,-0.35452064871788025,19.0,-0.35452064871788025,19.0,-0.35452064871788025,19.0
DLPH,2017-12-05,demotion,GSPC,GSPC,True,-0.0744643360376358,16.0,-0.0744643360376358,16.0,-0.0744643360376358,16.0,-0.0744643360376358,16.0
FTR,2017-12-06,demotion,MID,SML,True,-0.20910802483558655,15.0,-0.20910802483558655,15.0,-0.20910802483558655,15.0,-0.20910802483558655,15.0
DLPH,2017-12-06,demotion,GSPC,MID,True,-0.045396264642477036,15.0,-0.045396264642477036,15.0,-0.045396264642477036,15.0,-0.045396264642477036,15.0
DEA,2017-12-12,outside_addition,,SML,False,,11.0,,11.0,,11.0,,11.0
PMC,2017-12-12,merger_deletion,SML,,False,,11.0,,11.0,,11.0,,11.0
CUTR,2017-12-15,outside_addition,,SML,False,,8.0,,8.0,,8.0,,8.0
TESO,2017-12-15,merger_deletion,SML,,False,,8.0,,8.0,,8.0,,8.0
RT,2017-12-22,merger_deletion,SML,,False,,3.0,,3.0,,3.0,,3.0
CHCT,2017-12-22,outside_addition,,SML,False,,3.0,,3.0,,3.0,,3.0
GIMO,2017-12-27,merger_deletion,SML,,,,,,,,,,
CORT,2017-12-27,outside_addition,,SML,,,,,,,,,
