symbol,minutes,family,lookback,case,cost_bps,cumulative_return,cagr,annualized_volatility,sharpe,sortino,calmar,max_drawdown,average_drawdown,max_drawdown_duration_days,trades,win_rate,profit_factor,payoff_ratio,expectancy,turnover,avg_holding_hours,exposure,beta,arithmetic_alpha_annual,skew,excess_kurtosis,daily_var95_loss,daily_cvar95_loss
BTCUSDT,5,momentum,3,optimistic,10,-1.0,-0.9999999999998835,0.3875687705063137,-73.58301843376157,-18.49883394858324,-0.9999999999998835,-1.0,-0.9906272874377418,1095.9652777777778,44027,0.11431621504985577,0.15753920140079572,1.2205610211449687,-0.0020227628919909117,88054.0,0.30062802371272174,0.5031839263990268,0.5003157547425133,-29.88410015782472,0.5470897574728208,2.8682702422951736,0.10526643066415428,0.11757460852620129
BTCUSDT,5,momentum,3,base,12,-1.0,-0.9999999999999997,0.39328390929745155,-86.1487004978105,-18.65831071291604,-0.9999999999999997,-1.0,-0.9920695374626068,1095.9652777777778,44027,0.0934199468507961,0.12212012188890228,1.1850966557436533,-0.002421874443457948,88054.0,0.30062802371272174,0.5031839263990268,0.5003515343501689,-35.7465688968597,0.5305208588861382,2.4818441242788167,0.12133924537395419,0.13212386276298224
BTCUSDT,5,momentum,3,stress,24,-1.0,-1.0,0.44472168146503605,-144.57136320641223,-18.946830449505413,-1.0,-1.0,-0.9957889265730846,1095.9652777777778,44027,0.03763599609330638,0.03865977974679911,0.988542467031912,-0.004813199242050505,88054.0,0.30062802371272174,0.5031839263990268,0.5005653627227903,-70.89684476347226,0.3665871677247588,0.8201660339142749,0.2103984717427297,0.2199793752309315
BTCUSDT,5,momentum,12,optimistic,10,-1.0,-0.9999997334740507,0.40027255555570895,-36.83871066649999,-17.036657618804195,-0.9999997334740507,-1.0,-0.9780877567815276,1095.9027777777778,22644,0.12188659247482776,0.2343507801567478,1.6883445335640483,-0.0019948741892619006,45288.0,0.5873078961314255,0.505588503649635,0.4764479519072817,-15.242448017984746,0.5161722567635177,2.009736564791321,0.06963514937411042,0.08144621835694045
BTCUSDT,5,momentum,12,base,12,-1.0,-0.9999999869738793,0.4115664530456214,-42.821918713689804,-17.483553873590544,-0.9999999869738793,-1.0,-0.9816272680273738,1095.9027777777778,22644,0.10400105988341282,0.19106619399397048,1.6460900254537865,-0.002393996893992757,45288.0,0.5873078961314255,0.505588503649635,0.47639504298501817,-18.257626524906055,0.47646775287474763,1.6667247855472227,0.07919164840999204,0.0905422494640234
BTCUSDT,5,momentum,12,stress,24,-1.0,-0.9999999999999998,0.4969330813759374,-69.20299430046272,-18.42251870868168,-0.9999999999999998,-1.0,-0.9906490307689917,1095.9027777777778,22644,0.05312665606783254,0.07513941497129269,1.3392054832913438,-0.004785388518705149,45288.0,0.5873078961314255,0.505588503649635,0.4760776159838286,-36.33607793920474,0.23069516172177548,0.42766666424712696,0.13435926861443764,0.14624330120491966
BTCUSDT,5,momentum,48,optimistic,10,-0.9999999999608192,-0.9996597364100861,0.44829588886948196,-17.395266372192467,-13.735989797467075,-0.9996597364479798,-0.9999999999620934,-0.9658152547551325,1095.767361111111,12116,0.10894684714427204,0.3077308163168176,2.516865070421487,-0.0019577984140052435,24232.0,1.1048200726312314,0.5088959854014599,0.4593837284265567,-8.089902447307791,1.1212550628017763,2.800641964326372,0.05367909578053129,0.06178690248099836
BTCUSDT,5,momentum,48,base,12,-0.9999999999996921,-0.9999323315227867,0.4658649299198436,-20.105130114180515,-14.488996993042322,-0.9999323315230849,-0.9999999999997018,-0.9711364339684763,1095.7743055555557,12116,0.09343017497523935,0.2603750169981448,2.5264657126392427,-0.002356935946098526,24232.0,1.1048200726312314,0.5088959854014599,0.45939397023825734,-9.703223736571454,1.0269692754118347,2.448375374099775,0.059897908890550994,0.06824495040396494
BTCUSDT,5,momentum,48,stress,24,-1.0,-0.9999999958139645,0.5870627999775346,-31.702283820352914,-16.483998880733598,-0.9999999958139645,-1.0,-0.9849511023388846,1095.7743055555557,12116,0.054886101023440076,0.12200184697941355,2.1008167665582924,-0.004748416410733815,24232.0,1.1048200726312314,0.5088959854014599,0.45945519399359697,-19.376399136218364,0.5283548054818045,1.0926572508463779,0.0986497137568321,0.10977238469536528
BTCUSDT,5,reversal,3,optimistic,10,-1.0,-0.9999999999996482,0.3482320168305043,-79.00726221046138,-18.576252172990117,-0.9999999999996482,-1.0,-0.987750394428623,1095.982638888889,44031,0.1408553064886103,0.11497601325690252,0.7012943575452056,-0.0019474172814915838,88062.0,0.2964975433974548,0.4963155160178427,0.4996892624371842,-28.778759937333778,-0.5263735696230681,3.860217914192051,0.1051746022548602,0.11937695654421118
BTCUSDT,5,reversal,3,base,12,-1.0,-0.999999999999999,0.351948618000074,-93.46056838184104,-18.724392479730803,-0.999999999999999,-1.0,-0.9898331218832378,1095.982638888889,44031,0.10740160341577525,0.07978721552973242,0.6630994173714407,-0.0023465589652125265,88062.0,0.2964975433974548,0.4963155160178427,0.49972590056488914,-34.64181967875707,-0.45605160420842633,3.4185807499184784,0.1196560328559007,0.13375879235738633
BTCUSDT,5,reversal,3,stress,24,-1.0,-1.0,0.3982565895924707,-159.2144185058842,-18.975421838991615,-1.0,-1.0,-0.9950584909380598,1095.982638888889,44031,0.025936272171878903,0.014384744108767103,0.5402340543615695,-0.00473806430482361,88062.0,0.2964975433974548,0.4963155160178427,0.4999464726785046,-69.79563946301381,-0.1810398239866032,1.2905445721547406,0.20735311196711242,0.21916239281349847
BTCUSDT,5,reversal,12,optimistic,10,-1.0,-0.9999996325787037,0.3539449982618137,-40.83770151695673,-17.32891605074434,-0.9999996325787037,-1.0,-0.977932026779089,1095.8958333333333,22647,0.17627058771581225,0.1630006901185952,0.761717904349297,-0.0019521701663113566,45294.0,0.5739649107313699,0.49416755373073806,0.5227752641132408,-14.932210283482076,-0.8339104527272453,4.846419580468725,0.06874622360969379,0.0871599821104055
BTCUSDT,5,reversal,12,base,12,-1.0,-0.9999999820499258,0.3578650538801881,-48.45203655028414,-17.78585303151393,-0.9999999820499258,-1.0,-0.9815030770806384,1095.8958333333333,22647,0.14032763721464211,0.11881729716387013,0.7278961480438602,-0.0023513099492562454,45294.0,0.5739649107313699,0.49416755373073806,0.5227251463824957,-17.947807286881343,-0.7485620611018056,4.245219961003295,0.07646059847423028,0.09484564594742748
BTCUSDT,5,reversal,12,stress,24,-1.0,-0.9999999999999998,0.41445571873818254,-82.37649843499814,-18.617484263395184,-0.9999999999999998,-1.0,-0.9905599195139823,1095.8958333333333,22647,0.042698812204707025,0.025423069395664615,0.5699815351582305,-0.004742803900139298,45294.0,0.5739649107313699,0.49416755373073806,0.5224249538274489,-36.02876804715282,-0.3604448586061222,1.3149611466901665,0.1282965130847062,0.14415918588455162
BTCUSDT,5,reversal,48,optimistic,10,-0.9999999999534326,-0.9996395766954451,0.3643157080581738,-21.339697414485897,-14.492748307631546,-0.9996395767419283,-0.9999999999535001,-0.960408724112736,1095.7743055555557,12118,0.19920779006436706,0.21898317736051354,0.8802869731178224,-0.0019446302155569975,24236.0,1.0651166309071902,0.49068899533657745,0.5402933120824952,-8.051333825767513,-0.6376883801851552,6.106906734892702,0.053227388437952244,0.07052871117605111
BTCUSDT,5,reversal,48,base,12,-0.9999999999996344,-0.9999283414522617,0.37007682475510445,-25.262767698724968,-15.411422704831825,-0.9999283414526269,-0.9999999999996348,-0.9669253533721439,1095.7743055555557,12118,0.16702426142927876,0.16761328617632124,0.8359132957825033,-0.0023437730138827274,24236.0,1.0651166309071902,0.49068899533657745,0.5403057370015087,-9.664937752511408,-0.544263870271473,5.401984416309649,0.05867171280871317,0.07456829739998068
BTCUSDT,5,reversal,48,stress,24,-1.0,-0.9999999955742203,0.4448945029117262,-41.882424353709574,-17.41177014826394,-0.9999999955742203,-1.0,-0.9831350294839512,1095.7743055555557,12118,0.06205644495791385,0.04482745879640477,0.6775384264360859,-0.004735285031782293,24236.0,1.0651166309071902,0.49068899533657745,0.5403804838286724,-19.339807897683794,-0.282580911291879,1.9034618995196007,0.089787938870841,0.10551052795212336
BTCUSDT,5,flow,1,optimistic,10,-1.0,-1.0,0.39681317937266714,-115.21365822507961,-18.854115432442775,-1.0,-1.0,-0.9938620629012181,1095.9652777777778,72778,0.09261040424304048,0.0970304055540976,0.9506964275936941,-0.002013154467473081,145556.0,0.1683052112817976,0.46566745235198703,0.4702020245658429,-49.03162272752295,0.43761759962728614,2.842986636250424,0.15511805488448574,0.16762181411639493
BTCUSDT,5,flow,1,base,12,-1.0,-1.0,0.40454956060784203,-133.6930491662857,-18.919359415912805,-1.0,-1.0,-0.9948334613046163,1095.9652777777778,72778,0.07184863557668526,0.07074119637559298,0.913845300052578,-0.0024122698615460132,145556.0,0.1683052112817976,0.46566745235198703,0.47021700541298433,-58.72243979008147,0.45787942560713674,2.4201292642272274,0.17847211626351614,0.19056788571357772
BTCUSDT,5,flow,1,stress,24,-1.0,-1.0,0.4705905618955122,-212.193188865609,-19.034536972999536,-1.0,-1.0,-0.9973268267996706,1095.9652777777778,72778,0.022067108192036056,0.01769397686076777,0.7841318313415714,-0.004803617683573347,145556.0,0.1683052112817976,0.46566745235198703,0.4703052778618976,-116.82678244961734,0.5219196971521599,1.2581287826466112,0.30862203331471016,0.31905813304271524
BTCUSDT,5,sma,20,optimistic,10,-1.0,-0.9999990403246438,0.41616765743219475,-32.457605943194444,-16.5863008659168,-0.9999990403246438,-1.0,-0.9791673396498283,1095.9027777777778,20482,0.12025192852260522,0.2469317824519703,1.8065220414137448,-0.0020179603682915896,40964.0,0.6528618624483286,0.5083605788726683,0.479069553279601,-13.96265500171489,0.4724189291768867,2.36611722735238,0.06617619455867801,0.07933781745974403
BTCUSDT,5,sma,20,base,12,-1.0,-0.999999937430287,0.42887960248240625,-37.58719752410663,-17.092982160814596,-0.999999937430287,-1.0,-0.9824793189463756,1095.9027777777778,20482,0.10379845718191583,0.20329717576698805,1.7552789079862807,-0.0024170738403862823,40964.0,0.6528618624483286,0.5083605788726683,0.4790127304814413,-16.68994251373768,0.4250859291932461,2.0627897326757147,0.07495164241523533,0.08796670670142298
BTCUSDT,5,sma,20,stress,24,-1.0,-0.9999999999999952,0.5205016208879983,-60.28216328806617,-18.21869288688195,-0.9999999999999952,-1.0,-0.9909580605161853,1095.9027777777778,20482,0.05355922273215506,0.0836773126874606,1.4786551562866217,-0.00480841014665015,40964.0,0.6528618624483286,0.5083605788726683,0.47867167820591805,-33.04225283935743,0.17471101946622328,0.8564656542943934,0.1260299801470808,0.14124289576498275
BTCUSDT,5,buyhold,0,optimistic,10,1.0155334575988415,0.2631071491826553,0.543698445541978,0.7013734008457322,1.0364510242981997,0.38904196645954575,-0.6762950320682546,-0.3064427269112537,653.7951388888889,1,1.0,,,1.0155334575988415,2.0,26303.75,0.9999904957420924,0.9999941539775711,-0.0017650852499243364,0.07876922828156517,4.002157636923323,0.04179660126707227,0.06545722223689125
BTCUSDT,5,buyhold,0,base,12,1.014727404459204,0.2629387843295028,0.5436941691433566,0.7011293084982237,1.0360821688050883,0.3887930146778954,-0.6762950320682601,-0.3064427299871606,653.7951388888889,1,1.0,,,1.014727404459204,2.0,26303.75,0.9999904957420924,0.9999943298707361,-0.0018982566805387435,0.0787912913051356,4.002359259277339,0.04179660126707227,0.06545722223689125
BTCUSDT,5,buyhold,0,stress,24,1.0098978402564325,0.261929064222409,0.5436696036015233,0.6996643223403175,1.0338705947666336,0.38729999748981714,-0.67629503206825,-0.3064427509724176,653.7951388888889,1,1.0,,,1.0098978402564325,2.0,26303.75,0.9999904957420924,0.999995383762502,-0.002696727836920882,0.07893011955250026,4.003524066956233,0.04179660126707227,0.06545722223689125
BTCUSDT,15,momentum,3,optimistic,10,-0.9999999999999638,-0.9999668335848615,0.3653515649320957,-27.64921264775927,-16.02491317629667,-0.9999668335848976,-0.9999999999999639,-0.968016939953439,1095.7708333333333,15070,0.1845388188453882,0.293932623537443,1.2988630027513977,-0.0020376841939053823,30140.0,0.8824651625746516,0.5055789993917275,0.4710026113366094,-10.419568732999968,0.7159701333873416,4.700796067355306,0.05443744430722067,0.06645549046573189
BTCUSDT,15,momentum,3,base,12,-0.9999999999999999,-0.9999955510846084,0.36772371128657017,-32.76374693420499,-16.692080790143923,-0.9999955510846085,-0.9999999999999999,-0.972739725187884,1095.7708333333333,15070,0.1575315195753152,0.24239626325292501,1.2963196959811019,-0.002436789778037958,30140.0,0.8824651625746516,0.5055789993917275,0.47116034220717795,-12.426252953016212,0.7137224090130958,4.49613240307812,0.06000208179109745,0.071932205871617
BTCUSDT,15,momentum,3,stress,24,-1.0,-0.9999999999740835,0.3910683635625443,-60.09061411992638,-18.221729638822907,-0.9999999999740835,-1.0,-0.985708126699077,1095.9479166666667,15070,0.07491705374917054,0.0967583901952081,1.1947818580260374,-0.004828078822629355,30140.0,0.8824651625746516,0.5055789993917275,0.472105341472763,-24.45795953311155,0.6469744001915954,3.1746950064097743,0.09242232859027999,0.10518012547125052
BTCUSDT,15,momentum,12,optimistic,10,-0.9999997874947951,-0.9940255599938786,0.40983316809598735,-12.201841720426074,-11.718630676446203,-0.9940257673387638,-0.9999997914089434,-0.9460175548493036,1095.84375,7921,0.1767453604342886,0.40745175622392926,1.897852073097316,-0.0019105808348360348,15842.0,1.6936624163615706,0.5100174878345499,0.4730557351569828,-5.228861063304613,1.1176611513897836,4.177625523610612,0.040868606225987286,0.05232012168963092
BTCUSDT,15,momentum,12,base,12,-0.9999999910597582,-0.9979216035426148,0.4161696449865535,-14.507423333166832,-12.747376390131802,-0.9979216123104617,-0.9999999912138922,-0.9540373791884427,1095.84375,7921,0.1551571771241005,0.3505735649393982,1.9089001599466657,-0.002309737250206985,15842.0,1.6936624163615706,0.5100174878345499,0.47311942514124833,-6.283620739432846,1.0970946506424293,3.925445982499449,0.043991745890494316,0.055464917542499145
BTCUSDT,15,momentum,12,stress,24,-1.0,-0.9999963160848264,0.4639955295866055,-26.271653628177212,-15.781033096805995,-0.9999963160848264,-1.0,-0.9756473579385703,1095.8541666666667,7921,0.09026638050751168,0.1702632279181441,1.7159675809484565,-0.004701330856268548,15842.0,1.6936624163615706,0.5100174878345499,0.47350158524102287,-12.60776436932859,0.9072129805860527,2.4811745324123318,0.06719243034316341,0.07658036660581442
BTCUSDT,15,momentum,48,optimistic,10,-0.9995646117096713,-0.9241630005632361,0.4395274766216881,-5.63066450773326,-7.293294788500527,-0.9245584790432176,-0.9995722515244349,-0.9105298143798823,1095.2604166666667,4146,0.16473709599614086,0.513764530977834,2.6049290933766316,-0.0018058018120183966,8292.0,3.20767004341534,0.505588503649635,0.4736185851149138,-2.6890589944003227,1.3965777169719358,4.876147237656028,0.0345728713152319,0.047132718659375385
BTCUSDT,15,momentum,48,base,12,-0.9999170833204963,-0.9563627249657479,0.44795754352454353,-6.740274541548671,-8.258685697880356,-0.9564406538429379,-0.999918521994149,-0.924285285567109,1095.2604166666667,4146,0.14230583695127835,0.45570247474946446,2.746572881710332,-0.0022050001306681086,8292.0,3.20767004341534,0.505588503649635,0.47368551445056295,-3.241141476919281,1.363944994409802,4.628342254612951,0.036064325031398614,0.04908400710491147
BTCUSDT,15,momentum,48,stress,24,-0.999999996044298,-0.9984161522925524,0.5084592859694457,-12.316153806077148,-11.67850838425363,-0.9984161561781147,-0.9999999961082738,-0.9603987785660142,1095.2604166666667,4146,0.09093101784852871,0.25503796657376093,2.5497031724575727,-0.004596844805257411,8292.0,3.20767004341534,0.505588503649635,0.4740867724382142,-6.551325747839242,1.0981367500253074,3.1208505654733085,0.05206487545120353,0.06333364994700329
BTCUSDT,15,reversal,3,optimistic,10,-0.9999999999996277,-0.9999279042298688,0.36205393599537017,-25.8142496244683,-15.475134711108948,-0.999927904230241,-0.9999999999996277,-0.9680160513923534,1095.875,15073,0.2532342599349831,0.27933097184453043,0.8237226667754871,-0.001882682686265667,30146.0,0.8622702846148743,0.4941073600973236,0.5300016367026608,-9.656971284325861,-0.731868999308004,3.6201695023999174,0.05505959757218393,0.07549895388088688
BTCUSDT,15,reversal,3,base,12,-0.9999999999999991,-0.9999903329999448,0.3618388123646003,-31.223853893195038,-16.35599327451872,-0.9999903329999457,-0.9999999999999991,-0.973790949293717,1095.875,15073,0.21064154448351358,0.2182891762870763,0.818017202980672,-0.0022818502586780297,30146.0,0.8622702846148743,0.4941073600973236,0.5301570428600975,-11.664112279253375,-0.6959795053927782,3.4692415121986167,0.06066513285475478,0.08042878558478575
BTCUSDT,15,reversal,3,stress,24,-1.0,-0.9999999999438213,0.37162284560826275,-61.30387110113583,-18.246297716156167,-0.9999999999438213,-1.0,-0.9872711900862401,1095.875,15073,0.08186824122603331,0.06272425677970277,0.703436782475127,-0.004673510713493281,30146.0,0.8622702846148743,0.4941073600973236,0.531089785125264,-23.698557993784863,-0.46659251322495376,2.352727872229415,0.09216526420026175,0.11076245365543447
BTCUSDT,15,reversal,12,optimistic,10,-0.9999998352350595,-0.9945112849519752,0.35870002644439775,-14.224327188476614,-11.900226265465728,-0.9945114466534823,-0.9999998374060874,-0.939753582195981,1095.7708333333333,7920,0.2900252525252525,0.3395510252626082,0.8312126317159974,-0.001943686567606199,15840.0,1.6261679292929292,0.48963085462287104,0.5274116053619593,-5.326119135326893,-0.7323799471407771,5.093644408992889,0.045631541763928696,0.06332479871101127
BTCUSDT,15,reversal,12,base,12,-0.9999999930654511,-0.9980903236644608,0.35884924266020024,-17.11410591960259,-13.123017628260646,-0.9980903304959331,-0.999999993155457,-0.9495479553553496,1095.7708333333333,7920,0.25063131313131315,0.27538994527847227,0.8233951260593113,-0.002342829743316086,15840.0,1.6261679292929292,0.48963085462287104,0.5274761995776737,-6.380729403953523,-0.6786664330064117,4.948316845820756,0.048267925049802124,0.06572987987613134
BTCUSDT,15,reversal,12,stress,24,-1.0,-0.9999966124294243,0.37582193231175876,-32.74747573860516,-16.57899055434175,-0.9999966124294243,-1.0,-0.9747365105560762,1095.7708333333333,7920,0.10921717171717171,0.09249466041263693,0.7543928661400618,-0.004734344022358152,15840.0,1.6261679292929292,0.48963085462287104,0.5278633121583037,-12.703977104995863,-0.3763708754283174,3.473419560162714,0.06611876346761841,0.08120625214382479
BTCUSDT,15,reversal,48,optimistic,10,-0.999708038283421,-0.9336189590578708,0.363007405306793,-7.257671841517608,-7.423286419343434,-0.9338803161136437,-0.9997201385967095,-0.8859692527060464,1091.4375,4144,0.3067084942084942,0.41590394283909965,0.9401196127275636,-0.0019140127748820132,8288.0,3.1317567567567566,0.49338503649635035,0.5261491522759654,-2.834441247744901,-1.4954673998469077,8.286743584585816,0.038720648440091016,0.0604254575090643
BTCUSDT,15,reversal,48,base,12,-0.9999443534169654,-0.961793581761801,0.3631828273609274,-8.76249988959508,-8.576564263193756,-0.9618452356958982,-0.9999462970422057,-0.9030540632313889,1091.8229166666667,4144,0.2652027027027027,0.3505676802018002,0.9713180948266439,-0.002313167817749798,8288.0,3.1317567567567566,0.49338503649635035,0.5262142974439508,-3.3862610814261687,-1.424977161477071,7.871877454556104,0.03982792239888114,0.061283361596502536
BTCUSDT,15,reversal,48,stress,24,-0.9999999973324978,-0.9986110492777345,0.382680853281953,-16.84106483071071,-12.913856831252751,-0.9986110518772863,-0.9999999973968325,-0.9500606968128801,1095.2604166666667,4144,0.14020270270270271,0.14258134510563306,0.8743843934791231,-0.004704753200293799,8288.0,3.1317567567567566,0.49338503649635035,0.5266049735047442,-6.694870584430239,-0.9568807205548245,4.548359881595662,0.05056426942617548,0.06792716637125458
BTCUSDT,15,flow,1,optimistic,10,-1.0,-0.9999999012254893,0.3613489245472594,-43.4810206222662,-17.5564619231548,-0.9999999012254893,-1.0,-0.9816232983033255,1095.7708333333333,23910,0.1672940192388122,0.2170714784999639,1.0804732842335705,-0.00201404306474974,47820.0,0.4960267670430782,0.45088199513381993,0.45903768986146115,-16.23025246321635,0.7035646390308432,3.9502093125955153,0.070711797447226,0.08063017804165208
BTCUSDT,15,flow,1,base,12,-1.0,-0.9999999959221785,0.3649644725348256,-51.36435476786825,-17.94154248812752,-0.9999999959221785,-1.0,-0.984481318080096,1095.7708333333333,23910,0.13897950648264323,0.17087590269415504,1.058628410702549,-0.00241315810345441,47820.0,0.4960267670430782,0.45088199513381993,0.4589487404954432,-19.413990504581513,0.6845036838622197,3.687011598526372,0.0790969369236399,0.08902980680521189
BTCUSDT,15,flow,1,stress,24,-1.0,-1.0,0.4024481894548373,-90.44249016528771,-18.699361058805664,-1.0,-1.0,-0.9920039786359127,1095.7708333333333,23910,0.05545796737766625,0.055951497118920904,0.9529476703874131,-0.004804503796250109,47820.0,0.4960267670430782,0.45088199513381993,0.4584148960068365,-38.50309353814421,0.5461319918793557,2.1494627102707065,0.13055997087956053,0.14030597992159394
BTCUSDT,15,sma,20,optimistic,10,-0.9999993349488291,-0.9912618124691186,0.41574758440839304,-11.120469380858415,-11.142303485433054,-0.991262456627358,-0.9999993501637885,-0.9407254931962117,1095.7708333333333,7000,0.16285714285714287,0.4098623935029192,2.106836513971146,-0.0019992952866346916,14000.0,1.923107142857143,0.5117757755474452,0.4711987081799197,-4.848409433278581,1.1426960061341158,4.064883083086595,0.041076948512109884,0.05129464881213516
BTCUSDT,15,sma,20,base,12,-0.9999999595583341,-0.9965630610961855,0.4234953641863205,-13.081002723178553,-12.109914033062271,-0.9965631004847035,-0.9999999604756408,-0.9491708688124071,1095.7708333333333,7000,0.14342857142857143,0.3561680388377352,2.127075259831733,-0.002398416223278097,14000.0,1.923107142857143,0.5117757755474452,0.47118673276554135,-5.780487834069442,1.110310669606564,3.7876534366605994,0.04391899086131368,0.05445180389521089
BTCUSDT,15,sma,20,stress,24,-0.999999999999998,-0.9999872746627994,0.4790431884128321,-22.927259060664596,-15.12454395524262,-0.9999872746628014,-0.999999999999998,-0.973011059557892,1095.7708333333333,7000,0.08514285714285715,0.1815948201968723,1.95123024922948,-0.004789797254282139,14000.0,1.923107142857143,0.5117757755474452,0.4711144566803867,-11.369057048790198,0.866093797215745,2.358292443253292,0.06602060721199024,0.0751900479317425
BTCUSDT,15,buyhold,0,optimistic,10,1.0119292736307997,0.2623539742085814,0.54368985758003,0.7002777901383465,1.0348156454344468,0.38878899069844935,-0.6747978478949964,-0.30585682619066284,653.7916666666666,1,1.0,,,1.0119292736307997,2.0,26303.25,0.9999714872262774,0.9999861546301793,-0.0018046503899488684,0.07892806933262439,4.002602650928472,0.041796601267072186,0.06545722223689104
BTCUSDT,15,buyhold,0,base,12,1.0111246618781942,0.2621857097492808,0.5436858060557274,0.7000336173035335,1.0344471172947745,0.3885396353399185,-0.674797847894989,-0.3058568278322124,653.7916666666666,1,1.0,,,1.0111246618781942,2.0,26303.25,0.9999714872262774,0.9999849994603296,-0.0019377042645536012,0.07895067140290137,4.002793228458918,0.041796601267072186,0.06545722223689104
BTCUSDT,15,buyhold,0,stress,24,1.0063037339189496,0.26117659172563146,0.5436625878359681,0.6985681569789162,1.0322375071877115,0.3870441978147438,-0.6747978478949889,-0.30585683768155514,653.7916666666666,1,1.0,,,1.0063037339189496,2.0,26303.25,0.9999714872262774,0.9999780781421784,-0.0027354710752730002,0.07909236047437256,4.003891465245202,0.041796601267072186,0.06545722223689104
BTCUSDT,60,momentum,3,optimistic,10,-0.9994618363777884,-0.9186133184214296,0.3823614993032382,-6.348395140780438,-7.686348711126973,-0.9190871099213718,-0.999484497720806,-0.885526146465816,1095.25,3919,0.2837458535340648,0.5531865520961156,1.3963980681059318,-0.0018630694992757607,7838.0,3.411329420770605,0.5082496958637469,0.5024463231817121,-2.625381228117352,1.0623967959773413,3.9631486140263275,0.03432222344299665,0.04534683086769723
BTCUSDT,60,momentum,3,base,12,-0.9998877688321987,-0.9517306460037491,0.3838937494801747,-7.671862808667804,-8.784869668602333,-0.9518332189663871,-0.9998922364122264,-0.9030680006816526,1095.25,3919,0.258739474355703,0.49268510470317206,1.4114893778724997,-0.002262244915403584,7838.0,3.411329420770605,0.5082496958637469,0.5023889242962502,-3.1472256597132664,1.075013712825326,3.966744821864206,0.03543217327740436,0.0467143491905322
BTCUSDT,60,momentum,3,stress,24,-0.9999999907679196,-0.9978992351755817,0.39616093538233244,-15.234055201153735,-13.0045653075184,-0.9978992441498425,-0.9999999910068467,-0.9490610807268387,1095.25,3919,0.15922429191120183,0.2684817717169158,1.4177042272551885,-0.004653952366782169,7838.0,3.411329420770605,0.5082496958637469,0.502045194306391,-6.276108206404027,1.120764284443495,3.8556446645206583,0.04451001132683505,0.0552711024586454
BTCUSDT,60,momentum,12,optimistic,10,-0.9689955019326094,-0.6857637586667934,0.4055278702180622,-2.6506917372358374,-3.941775716815051,-0.7072992444687257,-0.9695525112314969,-0.8226151733410094,1095.25,1989,0.2704876822523881,0.6734760919992652,1.8163825455221818,-0.0016350220841118987,3978.0,6.702362996480644,0.5068050486618005,0.4975948131071496,-1.273802058601346,1.4614775467011931,6.613368896142566,0.028916328954488396,0.042522548391516486
BTCUSDT,60,momentum,12,base,12,-0.9860073620921186,-0.7589497941175767,0.4083232100367071,-3.276725551465336,-4.725365622320654,-0.7695368930020272,-0.9862422464982161,-0.8515237624155085,1095.25,1989,0.25289089994972347,0.6162561726222127,1.8205898061960397,-0.002034288701075064,3978.0,6.702362996480644,0.5068050486618005,0.4976065958381493,-1.5386496779177201,1.456683988241816,6.5338607891404745,0.029688974116518246,0.04336738906977643
BTCUSDT,60,momentum,12,stress,24,-0.9998817654259088,-0.9508850806073353,0.42822600029722097,-6.796874268063874,-8.257185520911534,-0.9509959345260189,-0.9998834338668978,-0.921602298356449,1095.25,1989,0.17596782302664657,0.3841947420677787,1.7991290921402554,-0.004426542593212871,3978.0,6.702362996480644,0.5068050486618005,0.4976770792911837,-3.126626876816023,1.3906691014410824,5.883564826260438,0.03656555052498198,0.04896812740879339
BTCUSDT,60,momentum,48,optimistic,10,-0.6945278444396845,-0.3264605526986599,0.39074523009215717,-0.8184999453440012,-1.29209486694405,-0.41990151884039234,-0.7774693304282855,-0.600335458644056,1093.9166666666667,946,0.2568710359408034,0.8388646723409091,2.4268389492002433,-0.000980931373688424,1892.0,14.271670190274842,0.5132679440389294,0.459078009775227,-0.5027140959642755,1.2494057113339583,6.092347290079996,0.03079246360406862,0.042390314383405445
BTCUSDT,60,momentum,48,base,12,-0.7907649687631801,-0.40625980015547647,0.39325806145487896,-1.1309741054017313,-1.7558347368095786,-0.4819770450242047,-0.8429027986904942,-0.6536071039361785,1093.9166666666667,946,0.24312896405919662,0.7837970486263368,2.439994290506335,-0.0013804595749327977,1892.0,14.271670190274842,0.5132679440389294,0.4590974475966399,-0.6286917770297961,1.2308070455434492,5.980515634990864,0.03141002757487796,0.04300959162076079
BTCUSDT,60,momentum,48,stress,24,-0.9783922824916457,-0.7213902839894796,0.411149549312554,-2.899603900031132,-4.082573647886339,-0.7356969104552563,-0.9805536406875439,-0.8135838649569841,1093.9166666666667,946,0.14904862579281183,0.5456347068712545,3.1151485037685096,-0.0037742807807108446,1892.0,14.271670190274842,0.5132679440389294,0.4592141669091629,-1.3840306523130208,1.0901249137362012,5.194361130325142,0.034997668241946,0.04699561428231602
BTCUSDT,60,reversal,3,optimistic,10,-0.9994118865250076,-0.9161700241483959,0.3609625332680935,-6.66104304181827,-7.1740697862799605,-0.9166965587905743,-0.9994256173025531,-0.897339087710714,1094.0,3919,0.3687165093136004,0.5244909143673083,0.8979865205153776,-0.0018437999279825297,7838.0,3.297269711661138,0.4912560827250608,0.496700319276737,-2.594170199539988,-0.6532404043109505,7.586063975638796,0.03685216606415345,0.055468119347437644
BTCUSDT,60,reversal,3,base,12,-0.9998773520554457,-0.9502815607984723,0.36055458513091043,-8.106889939647681,-8.333695599810516,-0.9503963928545642,-0.9998791745665753,-0.912340390167826,1094.0,3919,0.33758611890788465,0.4575082587712518,0.8977259559865229,-0.002242983050406859,7838.0,3.297269711661138,0.4912560827250608,0.49664922097935904,-3.1159964268570994,-0.6259236132114053,7.460529222504899,0.038261565154317834,0.056657864485792964
BTCUSDT,60,reversal,3,stress,24,-0.9999999899110407,-0.9978361685095752,0.36177162531159845,-16.63381869391066,-13.037145664972737,-0.9978361785631777,-0.9999999899245962,-0.9524004242001322,1095.75,3919,0.20260270477162542,0.21358664698961158,0.8406275464011791,-0.004634736674986576,7838.0,3.297269711661138,0.4912560827250608,0.4963426736179609,-6.244769685192974,-0.4599846182615,6.484998666230943,0.045866781358595954,0.06384484901948265
BTCUSDT,60,reversal,12,optimistic,10,-0.977175744698422,-0.7162579579657786,0.3665749557972079,-3.2425097272969468,-3.7257330244814137,-0.7310141676623051,-0.9798140578537416,-0.7813030448216369,1093.5,1991,0.40281265695630336,0.6082196156146686,0.9017121233988042,-0.0017978661569058069,3982.0,6.500753390256152,0.4920544403892944,0.5016982840503873,-1.3768241942317805,-1.612836482072542,9.303442734343912,0.03435551544149518,0.05732077164227675
BTCUSDT,60,reversal,12,base,12,-0.9897074242618495,-0.7823998754107283,0.3657786329765613,-3.9731632386669222,-4.477229069559116,-0.7899019905923444,-0.9905024733815516,-0.814302942042317,1093.5,1991,0.37870416875941737,0.5451879224895209,0.8944263396810839,-0.0021970676491866346,3982.0,6.500753390256152,0.4920544403892944,0.5017096900067419,-1.6419529756279652,-1.5833532848565441,9.170249871515468,0.03467385198593195,0.05768941992704388
BTCUSDT,60,reversal,12,stress,24,-0.9999134465573978,-0.9557339924711009,0.3652967317154851,-8.310320047062069,-8.269444515871006,-0.9558141064903917,-0.9999161824263246,-0.9026337808148057,1094.0,1991,0.24711200401808137,0.2919931937506602,0.8896296695777227,-0.004588931338968023,3982.0,6.500753390256152,0.4920544403892944,0.5017783526545126,-3.2316160734051294,-1.3673867935028041,7.9626305959785295,0.03906548336370794,0.060044300126838146
BTCUSDT,60,reversal,48,optimistic,10,-0.8511771610918674,-0.46998751471302436,0.3814734411277437,-1.4684030113386208,-1.8323452995814764,-0.5442675184931843,-0.8635229896029701,-0.656089290636815,1092.375,947,0.44878563885955647,0.67804471481628,0.8327984497272899,-0.001781239963649606,1894.0,13.412882787750792,0.4828923357664234,0.5388715536612715,-0.7610339522524162,-1.1760695249043482,10.508393018657186,0.03491251690797961,0.057941418282134574
BTCUSDT,60,reversal,48,base,12,-0.8981036481516981,-0.5328443287446805,0.38084938338047086,-1.80224374332424,-2.2284878809854596,-0.5879858702636779,-0.906219614606947,-0.6976981259012367,1092.375,947,0.426610348468849,0.6211102914419484,0.8348091293390545,-0.002180448105085898,1894.0,13.412882787750792,0.4828923357664234,0.5388916565009826,-0.8871345140522823,-1.1652235512609552,10.490424504023403,0.03505712009511458,0.05813579313956994
BTCUSDT,60,reversal,48,stress,24,-0.989502380662879,-0.7809647204811869,0.3806059119836993,-3.7873541887892626,-4.42392102673744,-0.7887516323873585,-0.9901275489185329,-0.8283243686282167,1092.375,947,0.28511087645195354,0.3735699874934963,0.936692153826285,-0.004572351634080809,1894.0,13.412882787750792,0.4828923357664234,0.5390120622994994,-1.6432100896264998,-1.0739476832858785,9.9724566184553,0.03598000220072928,0.05942383100117944
BTCUSDT,60,flow,1,optimistic,10,-0.9999966303299385,-0.9849935298201705,0.3613179919898267,-11.37217832906116,-10.758555392433175,-0.9849967489359605,-0.9999967318513554,-0.9268245344865669,1095.6666666666667,5901,0.28385019488222335,0.42075263641063626,1.0615526217739395,-0.002101200030240507,11802.0,1.9071343840027115,0.42784367396593675,0.44276757098296,-4.301295230879046,-0.22034176899946656,6.404783300918806,0.040727812864017054,0.05556932513694114
BTCUSDT,60,flow,1,base,12,-0.999999681963152,-0.9931663429481895,0.3616745630021642,-13.507997830230964,-11.87958440150128,-0.9931666503387294,-0.9999996904945008,-0.9367530046433125,1095.6666666666667,5901,0.253007964751737,0.3619885120817914,1.0687510792073251,-0.0025002802130883236,11802.0,1.9071343840027115,0.42784367396593675,0.44282945629294157,-5.08706568604794,-0.21135511780260313,6.297829836377053,0.04235085464303334,0.05763487335208915
BTCUSDT,60,flow,1,stress,24,-0.9999999999997752,-0.9999390608262371,0.36923046450401403,-25.749902047147383,-15.601163628051433,-0.9999390608264599,-0.9999999999997772,-0.9659949787281604,1095.9166666666667,5901,0.13828164717844432,0.16498193599444944,1.0281043437889403,-0.0048914170628310966,11802.0,1.9071343840027115,0.42784367396593675,0.44320035104263966,-9.798399682958573,-0.1452269453858579,5.346614177388238,0.05598571354223769,0.07033040953663776
BTCUSDT,60,sma,20,optimistic,10,-0.931948427363536,-0.5916478943211438,0.4067900584585155,-1.9994410781662113,-3.1024090333889807,-0.6344215019553477,-0.932578565665931,-0.74098717221601,1095.0,1666,0.25690276110444177,0.7255028776177397,2.0985340245111255,-0.001471621003388436,3332.0,8.040216086434574,0.5092381386861314,0.5028232050232565,-1.0131600473342748,1.5537795287063627,6.262417282972546,0.030457807158559697,0.0419606591356047
BTCUSDT,60,sma,20,base,12,-0.9650518676222472,-0.6729716472975225,0.4094977527425977,-2.5242840295943907,-3.8106728102886485,-0.6971287141382834,-0.9653477667024212,-0.7863661847620246,1095.0,1666,0.23649459783913565,0.6694936677486256,2.1614110288737356,-0.0018709529677928194,3332.0,8.040216086434574,0.5092381386861314,0.5028532127151989,-1.2350022912659848,1.5416382770228512,6.174861474702428,0.031443453914861114,0.04271568765789788
BTCUSDT,60,sma,20,stress,24,-0.9993588862651882,-0.913724435668058,0.4285590296695025,-5.4869605149372385,-7.102839269389355,-0.9143072569082324,-0.9993625542882103,-0.8967851351620412,1095.0,1666,0.1644657863145258,0.4373132575224321,2.221679030916881,-0.004263598396973693,3332.0,8.040216086434574,0.5092381386861314,0.5030329866183763,-2.5651272477186766,1.4394930992918027,5.515179650814131,0.03624056312530172,0.04748061210395473
BTCUSDT,60,buyhold,0,optimistic,10,0.9945649641235965,0.2587126495146146,0.5435672774764301,0.6949961918275317,1.0267793638290716,0.3839617401246043,-0.6737979920360202,-0.30454385599044587,653.7916666666666,1,1.0,,,0.9945649641235965,2.0,26301.0,0.9998859489051095,0.9998874860753808,-0.0046622401267242515,0.07929280025588693,4.008426992751673,0.041796601267072686,0.06545722223689102
BTCUSDT,60,buyhold,0,base,12,0.9937672967142372,0.25854487042276086,0.5435643605131538,0.6947515610440862,1.0264124410280324,0.38371273509069936,-0.6737979920360158,-0.304543885316907,653.7916666666666,1,1.0,,,0.9937672967142372,2.0,26301.0,0.9998859489051095,0.9998873399660507,-0.00479538911247243,0.07932454062400918,4.008574867240865,0.041796601267072686,0.06545722223689102
BTCUSDT,60,buyhold,0,stress,24,0.9889879766217633,0.2575386632517327,0.543547931394888,0.6932833990607786,1.0242124495334228,0.38221939853742604,-0.6737979920360193,-0.30454406108496596,653.7916666666666,1,1.0,,,0.9889879766217633,2.0,26301.0,0.9998859489051095,0.9998864646182439,-0.005593725816870016,0.07951906662061108,4.00941174366552,0.041796601267072686,0.06545722223689102
BTCUSDT,240,momentum,3,optimistic,10,-0.6486401492204323,-0.29430249339104575,0.38818951423007136,-0.7066306200064428,-1.1259430326303816,-0.4013615485388743,-0.7332603097193322,-0.5690536257318983,1095.0,964,0.36618257261410786,0.8773698766224209,1.5186203813492893,-0.0008528508687842592,1928.0,13.896265560165975,0.5092761557177615,0.5130151369627206,-0.4700560787228088,1.3488230400695629,6.8044803129544995,0.0289494498325093,0.04145820645853504
BTCUSDT,240,momentum,3,base,12,-0.7610604845851381,-0.379402629940518,0.38889981099860693,-1.0346420425430454,-1.6248256551398423,-0.4665159198336617,-0.81326834478831,-0.6331163016794845,1095.0,964,0.35269709543568467,0.8262671233130838,1.5164431910216596,-0.001252430292047661,1928.0,13.896265560165975,0.5092761557177615,0.5129852583427704,-0.5984113983077297,1.3501216570747696,6.788652207336618,0.02917274208622886,0.04182173309791321
BTCUSDT,240,momentum,3,stress,24,-0.9763679776249642,-0.7129501666579838,0.3940292849900995,-2.9679608359145706,-4.2714166254733845,-0.7288749291422538,-0.9781515842464078,-0.8208841347831488,1095.0,964,0.2676348547717842,0.5883030336607565,1.6098524874592794,-0.003646558400705061,1928.0,13.896265560165975,0.5092761557177615,0.5128060205186299,-1.3680060561897616,1.3496775274045756,6.635314851966246,0.03045426668240958,0.04402786566277165
BTCUSDT,240,momentum,12,optimistic,10,-0.21594697283256192,-0.07787489626274557,0.3748522345722933,-0.03137948885871205,-0.04983672743019945,-0.1165470585236396,-0.6681841416611125,-0.4657171405616236,1093.3333333333333,486,0.35802469135802467,0.9965278999439512,1.786877613692602,-3.01568461108976e-05,972.0,27.753086419753085,0.5127737226277372,0.4875947272736767,-0.19663826710924553,1.112870405069877,7.343697071620765,0.028485512040983874,0.0435741474119715
BTCUSDT,240,momentum,12,base,12,-0.3544669440041449,-0.13572102525956142,0.3755322605715436,-0.2030819513299913,-0.3201257912715868,-0.19671552393061864,-0.6899355096521518,-0.5144373036542432,1093.3333333333333,486,0.3395061728395062,0.9519041495422176,1.8518862545639507,-0.0004300652815757557,972.0,27.753086419753085,0.5127737226277372,0.48748560112286016,-0.26132912631492,1.1107842925559956,7.319415284878501,0.029068460208183045,0.04381430897238727
BTCUSDT,240,momentum,12,stress,24,-0.7989261004855138,-0.4140801624823546,0.3805570956788871,-1.2157400375379668,-1.8306767970495204,-0.47970342334397875,-0.863200349073665,-0.7026745868295718,1093.3333333333333,486,0.25925925925925924,0.7338060280493872,2.096588651569678,-0.0028261647063563245,972.0,27.753086419753085,0.5127737226277372,0.48683133572175247,-0.6492034675057369,1.0891507700675325,7.096292512213401,0.030629626489641737,0.045288027971316085
BTCUSDT,240,momentum,48,optimistic,10,0.20202826406353624,0.06324206514155595,0.3639975229124101,0.3489944745259137,0.5375629025462982,0.09680622343667215,-0.6532851184193451,-0.3460216355361421,982.0,198,0.3282828282828283,1.1778422698126934,2.4100464905398185,0.002272714964707266,396.0,69.21212121212122,0.5209854014598541,0.44936322393134487,-0.04519818650168863,0.6786947549760123,6.9755118944082355,0.026740376621232742,0.04509052803035703
BTCUSDT,240,momentum,48,base,12,0.11049987738304234,0.035545956829892145,0.3642421923472912,0.2765492822588368,0.4245921949089732,0.05372380353854153,-0.6616425958074883,-0.3672941314907291,1009.1666666666666,198,0.3181818181818182,1.1434965649506947,2.450349782037203,0.0018718855636060704,396.0,69.21212121212122,0.5209854014598541,0.4492874341831115,-0.07155271023440206,0.6755376117366801,6.957446976838311,0.0271784669113046,0.0452088667142572
BTCUSDT,240,momentum,48,stress,24,-0.3095359303436026,-0.11612145520989314,0.36624996012226346,-0.1551995380042506,-0.23354960402387617,-0.16407756736368284,-0.7077229207848167,-0.48053178346190883,1009.1666666666666,198,0.2828282828282828,0.9639554271580887,2.4443155474365823,-0.0005297319374035001,396.0,69.21212121212122,0.5209854014598541,0.4488332191968603,-0.22956955218450362,0.6519444050365091,6.8115899738246934,0.028412573154586063,0.04597960013341302
BTCUSDT,240,reversal,3,optimistic,10,-0.8786339418758193,-0.5048135846316584,0.36768026081367916,-1.721637131334637,-2.0873419469029497,-0.5705809198660593,-0.8847361821179729,-0.6895721925353594,1084.3333333333333,964,0.45954356846473027,0.7070765716067049,0.8315731237180435,-0.0019860523890093385,1928.0,13.348547717842324,0.48920316301703165,0.48595500908509265,-0.8177077599600839,-1.5027876546993284,10.782946915163578,0.03132193525685509,0.05585513842743295
BTCUSDT,240,reversal,3,base,12,-0.9174659624551211,-0.564528166546201,0.36735032794068656,-2.072555032988328,-2.489085945377247,-0.6128449811296047,-0.9211598102764169,-0.7239369846862804,1084.3333333333333,964,0.4336099585062241,0.6591310798790724,0.8609702622343864,-0.002385178621758918,1928.0,13.348547717842324,0.48920316301703165,0.48593152566057723,-0.9460803421583184,-1.495876099356387,10.742189687443926,0.03153703557048615,0.05608958259979089
BTCUSDT,240,reversal,3,stress,24,-0.9918370713250333,-0.7985777522613832,0.3663330561885281,-4.17680996160939,-4.728637321883046,-0.8050710920694572,-0.9919344516626691,-0.835564199276611,1084.3333333333333,964,0.32468879668049794,0.43684116551347757,0.9085737979210029,-0.004776591385019296,1928.0,13.348547717842324,0.48920316301703165,0.4857910905356084,-1.715778612646346,-1.4442691934288776,10.382200376982667,0.03273558170342519,0.05750593295068078
BTCUSDT,240,reversal,12,optimistic,10,-0.6372871183422946,-0.28678388385846687,0.38098508082649024,-0.6934078797149951,-0.9025185452150537,-0.4228479916324755,-0.6782198083791049,-0.47428492398337113,1054.3333333333333,487,0.4702258726899384,0.8193920752512684,0.9231578839075426,-0.0015977175295148565,974.0,26.086242299794662,0.4829683698296837,0.5092665667827578,-0.4585660930978573,-0.9054309199741438,10.833854666910348,0.03338474125826463,0.05522542958685877
BTCUSDT,240,reversal,12,base,12,-0.7014876440889453,-0.33161397924451697,0.3807363533637395,-0.8644219298127647,-1.1194851191373953,-0.4525087118905906,-0.7328344638029775,-0.5131578675692715,1054.3333333333333,487,0.4517453798767967,0.7795159256098927,0.9460488733538245,-0.0019969990653340014,974.0,26.086242299794662,0.4829683698296837,0.5091614356582759,-0.523393761510804,-0.9031698615643245,10.825568982617098,0.03339254201257896,0.055388395509698075
BTCUSDT,240,reversal,12,stress,24,-0.907240752675462,-0.5472439579653553,0.3802180814860341,-1.8887455837735663,-2.3718900262050484,-0.5996137593205546,-0.9126607744716507,-0.6712652297662178,1055.3333333333333,487,0.37782340862423,0.579694192932334,0.9546051111874848,-0.0043893423455892925,974.0,26.086242299794662,0.4829683698296837,0.5085311803229465,-0.9120883975002246,-0.8847516611095806,10.663717629532997,0.033976174341813464,0.05640466704175376
BTCUSDT,240,reversal,48,optimistic,10,-0.169782183797481,-0.060124864431326475,0.3947451583545926,0.04208036640469724,0.05813055824958581,-0.10592341693060976,-0.5676258014855597,-0.30856863795250805,1076.3333333333333,198,0.5252525252525253,0.9989013738681214,0.9028531648423406,-1.1844529137711673e-05,396.0,61.61616161616162,0.46380778588807786,0.5353249233639289,-0.1889431025102029,-0.4973770490753734,11.663888702322245,0.03065702349991939,0.05413577442191102
BTCUSDT,240,reversal,48,base,12,-0.2329990810886764,-0.08460742057500548,0.3945879834355027,-0.024923104979013646,-0.03435292358411974,-0.1478452004038753,-0.5722703229044949,-0.33552907977192886,1076.3333333333333,198,0.5202020202020202,0.9624593353688136,0.8877052122333717,-0.00041176028807341815,396.0,61.61616161616162,0.46380778588807786,0.5352457733828686,-0.21528534402917504,-0.49775593297743986,11.667267683365994,0.030690474556740927,0.0542054694927319
BTCUSDT,240,reversal,48,stress,24,-0.5231097394177929,-0.21867701218137714,0.39415456557379613,-0.4269026537532618,-0.5806388347261362,-0.35383068328294487,-0.6180272726842898,-0.47037122506679097,1076.3333333333333,198,0.4494949494949495,0.7693572341967999,0.9422465003084401,-0.0028079035923094164,396.0,61.61616161616162,0.46380778588807786,0.5347710590745862,-0.3732284585913144,-0.49825215094563663,11.625743424643668,0.03280379747547918,0.054708920319016946
BTCUSDT,240,flow,1,optimistic,10,-0.9519578152804617,-0.636385529810894,0.3354882352914476,-2.8440309027138415,-3.8020698643853152,-0.6679594825787983,-0.9527307365320926,-0.6950049539837574,1095.0,1431,0.36268343815513626,0.6542629813834809,1.149687551101608,-0.0020064726395165925,2862.0,7.320754716981132,0.3982664233576642,0.40764980501764814,-1.1077577765823716,0.49689865903866043,6.662801646097892,0.02815832202492377,0.043122714252191933
BTCUSDT,240,flow,1,base,12,-0.9728960688362758,-0.6995331448298154,0.33570625990078407,-3.4083729920225077,-4.4559745641198125,-0.7187190243270456,-0.9733054519946869,-0.737679183129259,1095.0,1431,0.3438155136268344,0.6030321289595543,1.1509088802703689,-0.002405590705789474,2862.0,7.320754716981132,0.3982664233576642,0.40763993744694094,-1.2982944077559277,0.4903686388086847,6.631216810062176,0.028723073379795183,0.04365824844656292
BTCUSDT,240,flow,1,stress,24,-0.9991260505660305,-0.9043405264703531,0.33847066816245513,-6.742317125036459,-7.7290278888840955,-0.9051242983051782,-0.9991340727054918,-0.8611774626158223,1095.0,1431,0.246680642907058,0.38089523028628114,1.1631871338487567,-0.004796954538623771,2862.0,7.320754716981132,0.3982664233576642,0.4075804064678733,-2.4407166252923784,0.4516151851398321,6.340759809623119,0.03272422485208171,0.04692227256773788
BTCUSDT,240,sma,20,optimistic,10,0.4781337694445531,0.13909079492377585,0.3759124607310337,0.531475536474303,0.8905072219887384,0.30915329471675546,-0.44990882290680445,-0.20894068172967717,701.6666666666666,385,0.35064935064935066,1.2022566511698898,2.2264012058701663,0.001781920948044415,770.0,34.774025974025975,0.5089720194647201,0.48952978599137226,0.01414291267211179,1.2367975527737642,7.007560072731014,0.02573083687569891,0.04082760103276041
BTCUSDT,240,sma,20,base,12,0.2671624870830447,0.08210553163322842,0.3765982654080377,0.3949051512925907,0.6568339960312212,0.17387217986536999,-0.47221776190304343,-0.23639494215026083,706.8333333333334,385,0.33246753246753247,1.1522881289525346,2.313578508912511,0.0013812878255296977,770.0,34.774025974025975,0.5089720194647201,0.489445068079822,-0.03711328693819218,1.228983823704247,6.9699694198669615,0.026041395017015384,0.041078077483174644
BTCUSDT,240,sma,20,stress,24,-0.49702910129244815,-0.20468901892222358,0.381511330208434,-0.41209077212760964,-0.6556997271627554,-0.3106273123721891,-0.6589537068040179,-0.4747644533531685,1084.0,385,0.2597402597402597,0.9052041041028911,2.5798316966932395,-0.0010191536487536268,770.0,34.774025974025975,0.5089720194647201,0.48893740312874157,-0.34443597288007927,1.1741294771064186,6.686880083773932,0.027446088795397977,0.04261741136730931
BTCUSDT,240,buyhold,0,optimistic,10,0.9912972144477596,0.2580250363042156,0.5435328167433133,0.694000146190292,1.0252428156702595,0.38386875066938986,-0.6721699431231947,-0.30309657916353433,684.1666666666666,1,1.0,,,0.9912972144477596,2.0,26292.0,0.9995437956204379,0.9997328416508164,-0.007578706689968959,0.07934077427620731,4.010117869614941,0.041796601267072936,0.0654572222368911
BTCUSDT,240,buyhold,0,base,12,0.9905008538784714,0.25785734886721245,0.5435301191062172,0.6937554204105856,1.0248761969017897,0.38361927888220515,-0.6721699431231938,-0.30309666639193505,684.1666666666666,1,1.0,,,0.9905008538784714,2.0,26292.0,0.9995437956204379,0.9997351436520769,-0.007712110685536167,0.07937512816265586,4.0102581868955,0.041796601267072936,0.0654572222368911
BTCUSDT,240,buyhold,0,stress,24,0.9857293638752653,0.256851691369971,0.543514994813737,0.6922866994646297,1.0226780159620603,0.38212314310950335,-0.672169943123194,-0.3030971892559608,684.1666666666666,1,1.0,,,0.9857293638752653,2.0,26292.0,0.9995437956204379,0.9997489367170626,-0.008511975410385121,0.07958492090525504,4.011048593558492,0.041796601267072936,0.0654572222368911
BTCUSDT,1440,momentum,3,optimistic,10,0.4635901212985676,0.1353434156832114,0.36290632099912395,0.5295446458098768,0.8251028651964099,0.2752144092522289,-0.49177445341959425,-0.19901954270514682,662.0,166,0.4759036144578313,1.2397577602998224,1.3653028499504374,0.0037707935581987413,332.0,82.8433734939759,0.5228102189781022,0.4454387191055974,0.02287338067065539,0.815718952581739,9.73644456668362,0.026324149278104697,0.045108897748659206
BTCUSDT,1440,momentum,3,base,12,0.3695638397205796,0.11049611123526182,0.3628792047151432,0.4685639369807735,0.7288841644870678,0.2201390788764907,-0.5019377377210513,-0.20914029218144214,663.0,166,0.463855421686747,1.2114761336020456,1.4002776089685984,0.0033693650447636407,332.0,82.8433734939759,0.5228102189781022,0.44535620221927774,0.0007617531662688481,0.8180392377076557,9.742765112921617,0.026324149278104697,0.04515396707331634
BTCUSDT,1440,momentum,3,stress,24,-0.0804850853202621,-0.027575937727485567,0.3628959069546179,0.10269337617055853,0.15808197849022054,-0.04934943717660956,-0.5587893055152389,-0.28056067192051265,760.0,166,0.4397590361445783,1.0560681407363424,1.3454018779243815,0.0009641578902452954,332.0,82.8433734939759,0.5228102189781022,0.4448620561768723,-0.13181553543074734,0.8308448899547946,9.76076829092907,0.026399559607381495,0.04542400534535373
BTCUSDT,1440,momentum,12,optimistic,10,0.644001425546538,0.18018741900457402,0.38907178446611446,0.6195298130047128,0.9398548189611525,0.3576652303433004,-0.5037879103641789,-0.24917585133177103,741.0,78,0.41025641025641024,1.5188500739534574,2.183346981308095,0.011649355709581217,156.0,177.84615384615384,0.5273722627737226,0.5113661133437307,0.046682260544438865,0.39084434463974127,7.915069621498477,0.02660042666798912,0.04961905883970542
BTCUSDT,1440,momentum,12,base,12,0.5935004318753025,0.16797982971504077,0.38911387318634116,0.5927781230496297,0.8985857644486326,0.33070890193634395,-0.5079386394847458,-0.2550317793045425,741.0,78,0.41025641025641024,1.4958204610787105,2.1502419128006465,0.011244776397664361,156.0,177.84615384615384,0.5273722627737226,0.511368202644156,0.03629808797035651,0.3904243899550549,7.912712734972967,0.02660042666798912,0.04965344246051855
BTCUSDT,1440,momentum,12,stress,24,0.3214538036013057,0.09734062512690778,0.38946208361940826,0.43239476627030315,0.6523220275814253,0.1829284547325567,-0.5321240223081793,-0.2887259825476743,747.0,78,0.358974358974359,1.366311483983153,2.439841935684202,0.008820690855594327,156.0,177.84615384615384,0.5273722627737226,0.5113806353485439,-0.025963462216560138,0.387563100722626,7.890992520343765,0.02660042666798912,0.049859456054496355
BTCUSDT,1440,momentum,48,optimistic,10,1.0302682213072498,0.266177002223692,0.3725526168429243,0.8198208656313158,1.2256086189138886,0.5936768357771247,-0.4483533568818894,-0.1649821583687947,574.0,30,0.43333333333333335,2.3294235687741107,3.0461692822430684,0.033019472712715034,60.0,436.8,0.4981751824817518,0.469151083584095,0.12711212832467686,0.1105173032160488,10.339874204224099,0.026481902651938782,0.04828560906525164
BTCUSDT,1440,momentum,48,base,12,1.0060505697880502,0.26112355467881243,0.37257786500519346,0.8090522768187643,1.209126379940414,0.5804089513734266,-0.44989580891354886,-0.1667502019684623,574.0,30,0.43333333333333335,2.30143629626736,3.009570541272701,0.03260634705301083,60.0,436.8,0.4981751824817518,0.469179762936793,0.12310978905820152,0.11047503094894445,10.340072031224205,0.026481902651938782,0.04829590564682241
BTCUSDT,1440,momentum,48,stress,24,0.86669158215566,0.23122354566540104,0.37277162553283766,0.7444317369495086,1.110346902301446,0.5036887295459481,-0.4590603920676134,-0.17749911706695734,588.0,30,0.4,2.1412828740413197,3.211924311061979,0.030131055041656505,60.0,436.8,0.4981751824817518,0.4693517321486414,0.0991124859494882,0.11011410950206499,10.336502588736932,0.026742253898106055,0.048372209030622074
BTCUSDT,1440,reversal,3,optimistic,10,-0.2737843033831564,-0.10112540181650131,0.4019462059706536,-0.06306665614254776,-0.08877475843569725,-0.18053580370279682,-0.5601404250149562,-0.3986062400872171,1028.0,167,0.49700598802395207,0.956805415571338,0.9683331916625589,-0.000711822095028073,334.0,73.72455089820359,0.46806569343065696,0.5455960497160693,-0.23271877830918014,-0.23858866150072863,11.916032333392474,0.031080130449022858,0.054849274881611974
BTCUSDT,1440,reversal,3,base,12,-0.3207107761745308,-0.12091471342468585,0.4019823002053656,-0.11837887912426598,-0.16641550708514335,-0.21028122311468514,-0.5750143148004244,-0.4152361107223841,1028.0,167,0.48502994011976047,0.9333514308245449,0.990965716677912,-0.001111457918588589,334.0,73.72455089820359,0.46806569343065696,0.5455158460700377,-0.2549251055871501,-0.23688827254020556,11.910738468804553,0.031128516068744616,0.054897389556396406
BTCUSDT,1440,reversal,3,stress,24,-0.5450235562045511,-0.23083005071733664,0.4023599836906324,-0.44963222008733195,-0.6268994051292018,-0.33981801438394177,-0.6792754973152613,-0.5013418290462089,1028.0,167,0.4431137724550898,0.8045085049165718,1.011071499422178,-0.0035059239564005492,334.0,73.72455089820359,0.46806569343065696,0.5450345159165549,-0.3880699609179909,-0.22641257257435216,11.859449102419541,0.031462844917802185,0.05519697989284976
BTCUSDT,1440,reversal,12,optimistic,10,-0.055766298385410695,-0.018941148401925734,0.3749631002552109,0.13699927181406713,0.196535003726753,-0.038104885885299346,-0.49707925799702035,-0.25826509071520926,1014.0,78,0.5128205128205128,1.0988947181222162,1.0439499822161054,0.0017344704116869132,156.0,150.76923076923077,0.4470802919708029,0.47542510136517374,-0.12932922862389434,-0.024747618545846645,15.29304337474766,0.03033820471684262,0.05006336964453729
BTCUSDT,1440,reversal,12,base,12,-0.08477158965123877,-0.02908899724043812,0.3749656245601824,0.10927998924577384,0.15664813404321554,-0.05842533360111899,-0.4978832887636433,-0.26854678858219383,1014.0,78,0.5128205128205128,1.07524699041331,1.0214846408926443,0.0013338562656141824,156.0,150.76923076923077,0.4470802919708029,0.47543160514990757,-0.13972513284583754,-0.025186108631505826,15.303124630545364,0.03033820471684262,0.0500907150821751
BTCUSDT,1440,reversal,12,stress,24,-0.2410218159802836,-0.08780951553700322,0.37508069351205425,-0.05689662055026111,-0.08116530347513302,-0.1740383963010809,-0.5045410518785496,-0.32597254893175026,1014.0,78,0.5,0.9434561418032996,0.9434561418032996,-0.0010664715090374266,156.0,150.76923076923077,0.4470802919708029,0.4754708094684642,-0.20205709688175866,-0.027764164262996,15.347269786009045,0.03033820471684262,0.0502545585562897
BTCUSDT,1440,reversal,48,optimistic,10,0.03737735528227004,0.012304209526499799,0.3652740713276616,0.21564811745566992,0.31967272534767804,0.022409205176563377,-0.5490694306002487,-0.2947420544011036,1028.0,30,0.5,1.2638130203775277,1.263813020377528,0.006785618081117865,60.0,360.0,0.41058394160583944,0.45093042998976657,-0.09261833441585327,0.35735452534763307,14.452813995573683,0.02644427436418803,0.0477493368658669
BTCUSDT,1440,reversal,48,base,12,0.02500320539386003,0.008263995391099899,0.3653027618476338,0.2047131105633038,0.30337147144926596,0.015036102021520711,-0.549610223399116,-0.2984492559239953,1028.0,30,0.5,1.2463427262830964,1.2463427262830964,0.006382983877564866,60.0,360.0,0.41058394160583944,0.4509733124608906,-0.09662303428682935,0.3577720544801493,14.450739576610543,0.026492868921590917,0.04777023457196289
BTCUSDT,1440,reversal,48,stress,24,-0.04620307981894878,-0.015640960184621133,0.36551788005088814,0.13916836051561385,0.20585113186718795,-0.028291948361674337,-0.5528413944728228,-0.32009422285565253,1028.0,30,0.43333333333333335,1.1460599738387314,1.4986938119429563,0.003970552685887123,60.0,360.0,0.41058394160583944,0.45123039955677335,-0.12063448815610305,0.3600525669188382,14.43107097300703,0.026660772498346808,0.04789544568809649
BTCUSDT,1440,flow,1,optimistic,10,0.9749737598723573,0.2545788752110836,0.30498283437070267,0.8949928035660872,1.4411851805373361,0.8054375929876808,-0.3160752334228052,-0.1449633280536078,478.0,198,0.46464646464646464,1.3967638103529787,1.6093148249719103,0.004176001459122088,396.0,43.03030303030303,0.3239051094890511,0.3148752043733609,0.1532801195016401,0.8688860487790208,12.204548785750921,0.019936213231530053,0.03784706783196063
BTCUSDT,1440,flow,1,base,12,0.8245894740933046,0.2218986854851943,0.30506375475134495,0.8082894281418638,1.2967996306917116,0.6778951162902446,-0.327334834184271,-0.15463812775464073,525.0,198,0.4595959595959596,1.3515634192069022,1.5892009434630612,0.003774410894742378,396.0,43.03030303030303,0.3239051094890511,0.3150139776325011,0.12684974065932728,0.8603991180641118,12.190223095255744,0.019985155248477493,0.03797620362904701
BTCUSDT,1440,flow,1,stress,24,0.1344562024657805,0.04293780964953142,0.30578020554077695,0.2891765196578282,0.45346497436850697,0.10978577624904813,-0.3911053974071045,-0.21828190680876772,586.0,198,0.4494949494949495,1.1138389341120611,1.364139818182187,0.00136823279252497,396.0,43.03030303030303,0.3239051094890511,0.3158468840905233,-0.0316221815058157,0.8080670274996294,12.070570705697886,0.020201551903644283,0.03875103624003771
BTCUSDT,1440,sma,20,optimistic,10,0.7496567213813956,0.20494107847387677,0.36669934561460144,0.6918020965489473,1.0335407371254215,0.36623614406601185,-0.5595872548203145,-0.2673234219066914,740.0,62,0.3870967741935484,1.612987238816671,2.553896461459729,0.015025367525589122,124.0,210.96774193548387,0.4972627737226277,0.4549184895825878,0.08077859979501609,0.08565460138790942,9.64120186923993,0.025119402382194872,0.04727996144362525
BTCUSDT,1440,sma,20,base,12,0.7067988172914932,0.19502353191084598,0.3667077034044852,0.6692516128252872,0.9991060011413205,0.3466641862169379,-0.5625719057947417,-0.271889282718924,741.0,62,0.3870967741935484,1.590755418731315,2.5186960796579156,0.014619438077352932,124.0,210.96774193548387,0.4972627737226277,0.45498361603350296,0.07249019246523607,0.08485123682780948,9.63989201343463,0.025119402382194872,0.04730753986232767
BTCUSDT,1440,sma,20,stress,24,0.4708185454009697,0.13720901077690995,0.3668418600254498,0.533942381850182,0.7934149211841941,0.23654285083827112,-0.5800598508501209,-0.29829576739810953,742.0,62,0.3709677419354839,1.4655284315856456,2.485026470949573,0.012187263031358617,124.0,210.96774193548387,0.4972627737226277,0.4553745841684688,0.02279428841472501,0.07998860116167107,9.623758349631586,0.02518162908966609,0.047475146914013965
BTCUSDT,1440,buyhold,0,optimistic,10,0.9584295305457453,0.2510666719102992,0.5434387950604551,0.6838101317118445,1.0100726343982669,0.37623943191318293,-0.6673055788799742,-0.2972295539201128,682.0,1,1.0,,,0.9584295305457453,2.0,26232.0,0.9972627737226277,0.9987577033689146,-0.007997461709944437,0.08088802223577433,4.015126999864158,0.04179660126707291,0.06545722223689107
BTCUSDT,1440,buyhold,0,base,12,0.9576463144368803,0.2508999119828865,0.5434414446805338,0.6835639472390095,1.009704182178768,0.3759895315186853,-0.667305578879974,-0.2972431118142241,682.0,1,1.0,,,0.9576463144368803,2.0,26232.0,0.9972627737226277,0.9987620968238728,-0.008131106576613307,0.08091569084957277,4.015002794881111,0.04179660126707291,0.06545722223689107
BTCUSDT,1440,buyhold,0,stress,24,0.9529535810472347,0.24989981695946217,0.5434583297846354,0.6820866588224179,1.0074911050875415,0.3744908252961135,-0.6673055788799739,-0.2973243469021991,682.0,1,1.0,,,0.9529535810472347,2.0,26232.0,0.9972627737226277,0.9987884227044265,-0.008932415127153431,0.0810767697697415,4.014212195606516,0.04179660126707291,0.06545722223689107
ETHUSDT,5,momentum,3,optimistic,10,-1.0,-0.9999999999998828,0.45045483529506003,-63.23375759916522,-18.301413537614824,-0.9999999999998828,-1.0,-0.9905705744554063,1095.9583333333333,43971,0.13847763298537671,0.20813927018727385,1.2949140800187728,-0.002022508683906556,87942.0,0.2999969676984073,0.501489000405515,0.4728366351504544,-29.744468190626403,0.5896728665258854,3.17131511745148,0.11271516609162341,0.12431168233721518
ETHUSDT,5,momentum,3,base,12,-1.0,-0.9999999999999997,0.4539578575576826,-74.54432275715702,-18.51477515433521,-0.9999999999999997,-1.0,-0.9919730953513498,1095.9583333333333,43971,0.11753200973368812,0.16553595904041646,1.2428970237316719,-0.0024216203370366137,87942.0,0.2999969676984073,0.501489000405515,0.4729119517886762,-35.59945236608856,0.5892675786045881,2.9383819479747646,0.127638711216946,0.1388601698160825
ETHUSDT,5,momentum,3,stress,24,-1.0,-1.0,0.49121283041765046,-130.73678193750936,-18.910709023354542,-1.0,-1.0,-0.995623970933923,1095.9583333333333,43971,0.052807532237156306,0.05685031168786798,1.0197065596416939,-0.004812945744755386,87942.0,0.2999969676984073,0.501489000405515,0.4733629484250991,-70.7048524519389,0.517869806225885,1.6398040191804308,0.21422092388884978,0.2246818277396186
ETHUSDT,5,momentum,12,optimistic,10,-1.0,-0.9999997089387131,0.49071349194372743,-29.79259775709866,-16.30168059954792,-0.9999997089387131,-1.0,-0.9763506227486145,1095.9444444444443,22507,0.15053094592793353,0.2959465948695664,1.670071708179233,-0.0019906348643411276,45014.0,0.5908643236918883,0.5055726632197891,0.4607283565121113,-15.027698080490943,0.6083673159290877,4.783684336902896,0.07622291125531194,0.09107914218523169
ETHUSDT,5,momentum,12,base,12,-1.0,-0.9999999855125696,0.4998919594413924,-34.96994191365971,-16.896045929029558,-0.9999999855125696,-1.0,-0.9802777602320025,1095.9444444444443,22507,0.12982627626960502,0.2461587899894787,1.6499041416645932,-0.0023897592644649066,45014.0,0.5908643236918883,0.5055726632197891,0.4606627892293477,-18.02465264606957,0.5762047185672986,4.303226937480707,0.08480988763265443,0.09974529892178313
ETHUSDT,5,momentum,12,stress,24,-1.0,-0.9999999999999998,0.5715827890400609,-59.747093099659274,-18.210827588276455,-0.9999999999999998,-1.0,-0.9901121700778033,1095.9444444444443,22507,0.06948949215799528,0.10346168614033016,1.3854207754711856,-0.004781161047327642,45014.0,0.5908643236918883,0.5055726632197891,0.460269689653847,-35.99383672055492,0.36110322408089096,2.0322326401959026,0.13843523422066348,0.1528344790903346
ETHUSDT,5,momentum,48,optimistic,10,-0.9999999998970607,-0.9995305169776305,0.5199089783015999,-14.326101876139019,-12.512109392528727,-0.9995305170791028,-0.9999999998984801,-0.9582121978449382,1095.826388888889,11641,0.13821836611974916,0.37923446222245305,2.364499766945711,-0.0019476215202116568,23282.0,1.1442172780116255,0.5063805251419302,0.4478435354165755,-7.645908960026623,0.9354379740298371,3.70777716852777,0.057817423947551905,0.07347983274407884
ETHUSDT,5,momentum,48,base,12,-0.999999999999022,-0.999900530509823,0.534446619357052,-16.75789555818173,-13.41744674132003,-0.9999005305107888,-0.9999999999990341,-0.9647447095739108,1095.826388888889,11641,0.12112361480972425,0.3265031142221009,2.3691158592952584,-0.0023467631222533493,23282.0,1.1442172780116255,0.5063805251419302,0.4477751648289221,-9.195993526276897,0.8702419168873438,3.2997495365482767,0.0645351903877116,0.0789969235353485
ETHUSDT,5,momentum,48,stress,24,-1.0,-0.9999999910029277,0.6387707776020461,-27.947508773478177,-15.960178173885337,-0.9999999910029277,-1.0,-0.9818594437617909,1095.826388888889,11641,0.07353320161498153,0.16143454481245395,2.033962109582145,-0.004738267972473393,23282.0,1.1442172780116255,0.5063805251419302,0.4473653920523998,-18.490013232178807,0.49879051707813576,1.5365100015928497,0.10294176612317499,0.11466440807502365
ETHUSDT,5,reversal,3,optimistic,10,-1.0,-0.9999999999997098,0.43650734478396447,-63.35016966760876,-18.29928003857715,-0.9999999999997098,-1.0,-0.9873790396716298,1095.9444444444443,43973,0.17831396538785163,0.16752261297295534,0.7719585578292083,-0.0019600225346431224,87946.0,0.297305543553241,0.4970124949310625,0.5271362622526287,-28.83667552546308,-0.45920765842356337,3.729937211962745,0.11135242149553165,0.13139043080882848
ETHUSDT,5,reversal,3,base,12,-1.0,-0.9999999999999992,0.43645359187256944,-75.66509103129164,-18.530436679870945,-0.9999999999999992,-1.0,-0.9894734589963676,1095.9444444444443,43973,0.14229186091465218,0.12283871045311634,0.740448266493485,-0.0023591591772649753,87946.0,0.297305543553241,0.4970124949310625,0.5272205584360173,-34.69200486456765,-0.4024339860701353,3.419596035814538,0.12615274781450625,0.14518816094166978
ETHUSDT,5,reversal,3,stress,24,-1.0,-1.0,0.4588406043068232,-138.37228274525995,-18.9319561651535,-1.0,-1.0,-0.9947710317892489,1095.982638888889,43973,0.043413003433925366,0.02747923917605664,0.6054933036677037,-0.004750634312525365,87946.0,0.297305543553241,0.4970124949310625,0.5277268211126511,-69.79947445222332,-0.15257885922488892,1.7537258370157907,0.21289578575374035,0.22737125612455583
ETHUSDT,5,reversal,12,optimistic,10,-1.0,-0.9999996903668885,0.4372646553948192,-33.35152417843126,-16.62197466644514,-0.9999996903668885,-1.0,-0.979436752839889,1095.9027777777778,22513,0.22218273886199086,0.2307174939243028,0.8076957289301213,-0.0019800074826586277,45026.0,0.5768592961103955,0.4937208536090835,0.5380668078486094,-14.963034414530883,-0.8684283070985022,5.110124004411649,0.07864661691472563,0.09759146857761467
ETHUSDT,5,reversal,12,base,12,-1.0,-0.9999999846004881,0.4392196965766043,-39.730386280425684,-17.24270982894181,-0.9999999846004881,-1.0,-0.9824981199562093,1095.9027777777778,22513,0.18384933149735708,0.17736072167414357,0.787346194742864,-0.0023791361328901633,45026.0,0.5768592961103955,0.4937208536090835,0.5380010672626173,-17.960790408835756,-0.8134002751132595,4.804630818459863,0.08586435825590716,0.10493964804237678
ETHUSDT,5,reversal,12,stress,24,-1.0,-0.9999999999999998,0.48023748368674546,-71.11051761525259,-18.45720259280233,-0.9999999999999998,-1.0,-0.9905365344169349,1095.9027777777778,22513,0.0679163150179896,0.047572286681037905,0.6528821868638975,-0.004770563380783975,45026.0,0.5768592961103955,0.4937208536090835,0.5376069743732697,-35.934779700074266,-0.5048704092555597,2.563690686561834,0.13477365576178457,0.15142445850549946
ETHUSDT,5,reversal,48,optimistic,10,-0.9999999999457244,-0.9996207007227765,0.43372357185366356,-17.743165981924946,-13.29517468121752,-0.999620700776459,-0.9999999999462972,-0.9647360996042929,1095.7743055555557,11643,0.2488190328953019,0.2910670735229834,0.8787271746744952,-0.002000767213585695,23286.0,1.1138094420109366,0.49300803426601786,0.5508934301949134,-7.85552659946706,-0.7257612961661695,3.164129611904769,0.06305454745799355,0.08002425985492875
ETHUSDT,5,reversal,48,base,12,-0.9999999999994847,-0.9999196591855977,0.43649237847166183,-21.099449804825152,-14.357061268251558,-0.9999196591861077,-0.99999999999949,-0.9701205943499636,1095.7743055555557,11643,0.21360474104612212,0.2329767245633796,0.8577140692007653,-0.002399887561575344,23286.0,1.1138094420109366,0.49300803426601786,0.5508265124325251,-9.405863654216846,-0.6731091192042731,2.906593740668636,0.06694855294785085,0.08357024101615154
ETHUSDT,5,reversal,48,stress,24,-1.0,-0.9999999927447424,0.49011407777974575,-37.01474569922169,-16.999810361146203,-0.9999999927447424,-1.0,-0.9840106645981389,1095.7743055555557,11643,0.09069827364081422,0.07518341844579854,0.75375648777052,-0.004791265065589703,23286.0,1.1138094420109366,0.49300803426601786,0.5504251971631893,-18.701397242474943,-0.41415955600214316,1.2099419752662128,0.09445655822095603,0.11014533931502136
ETHUSDT,5,flow,1,optimistic,10,-1.0,-1.0,0.4551960294760266,-98.68626615017082,-18.763221219056724,-1.0,-1.0,-0.9936159728032177,1095.9930555555557,71527,0.12398115396982957,0.1452655908109489,1.0264091852304067,-0.0020099147232960405,143054.0,0.18273053066208098,0.4968889395782644,0.47787348091945603,-48.029213440198525,0.08953617002012958,3.0395494095032167,0.15589787491130894,0.17470562871677725
ETHUSDT,5,flow,1,base,12,-1.0,-1.0,0.45750948610355346,-116.21230155706158,-18.858433123464167,-1.0,-1.0,-0.9946084015802255,1095.9930555555557,71527,0.09975254099850406,0.10975108411106947,0.9904823837533268,-0.002409031413009071,143054.0,0.18273053066208098,0.4968889395782644,0.47784130328584495,-57.55345649444109,0.14462681915007483,2.7208292013238604,0.17825362891210178,0.1966645790511839
ETHUSDT,5,flow,1,stress,24,-1.0,-1.0,0.4938508481621863,-199.1538246082659,-19.02419814870879,-1.0,-1.0,-0.9972604963965093,1095.9930555555557,71527,0.03581864191144603,0.030664785824006117,0.8254476792945284,-0.004800386998019668,143054.0,0.18273053066208098,0.4968889395782644,0.4776477560485711,-114.65905267880422,0.351594775892073,1.3802539474072373,0.3063320655219146,0.32056189020228326
ETHUSDT,5,sma,20,optimistic,10,-1.0,-0.9999989961441951,0.4973531864603054,-26.996641870291143,-15.898209975295654,-0.9999989961441951,-1.0,-0.9765248056981216,1095.9270833333333,20409,0.14258415404968397,0.30869173356580953,1.8562875071024403,-0.002013531883260893,40818.0,0.655662534502752,0.5087217406731549,0.46137523798273394,-13.790271420129965,0.7176201359836608,3.985258066190982,0.07516428219153101,0.08856710363147102
ETHUSDT,5,sma,20,base,12,-1.0,-0.99999993390976,0.507514883296685,-31.586275932758436,-16.535834074135483,-0.99999993390976,-1.0,-0.9803949568851287,1095.9270833333333,20409,0.12430790337596158,0.2594642747764174,1.8278066688230712,-0.002412647126397516,40818.0,0.655662534502752,0.5087217406731549,0.46128041603561637,-16.507853633240906,0.6854205835338406,3.6223902585056345,0.08207184939045414,0.09657264854102433
ETHUSDT,5,sma,20,stress,24,-1.0,-0.9999999999999947,0.5827016649054813,-53.60790883611683,-18.014770435126277,-0.9999999999999947,-1.0,-0.9902046880708956,1095.9270833333333,20409,0.07031211720319466,0.11450193914122715,1.5139789500109015,-0.004803994044071823,40818.0,0.655662534502752,0.5087217406731549,0.4607117057350072,-32.80197283619063,0.4812260771226028,1.891261033469744,0.13102335227724454,0.14573516117569993
ETHUSDT,5,buyhold,0,optimistic,10,-0.0981277963761703,-0.033834013037591926,0.6816761013252691,0.2899000449595652,0.420089105736023,-0.0438701524768893,-0.7712308056238375,-0.4253885449213928,791.8541666666666,1,0.0,0.0,,-0.0981277963761703,2.0,26303.75,0.9999904957420924,0.9999885411874998,-0.0025042142648954635,0.17089564460528553,4.191735145535361,0.058370097249966835,0.08262941127251612
ETHUSDT,5,buyhold,0,base,12,-0.09848847355501578,-0.03396279735698815,0.6816751861349863,0.28970389679495334,0.41980337239626153,-0.04403713792204676,-0.7712308056238371,-0.4253885479712857,791.8541666666666,1,0.0,0.0,,-0.09848847355501578,2.0,26303.75,0.9999904957420924,0.9999887205856225,-0.0026373233229725042,0.17092291981308516,4.191778828810008,0.058370097249966835,0.08262941127251612
ETHUSDT,5,buyhold,0,stress,24,-0.10064951419349888,-0.034735144520454564,0.6816705370138753,0.28852747316552885,0.41808968374346106,-0.04503858542366935,-0.7712308056238382,-0.4253885700119366,791.8541666666666,1,0.0,0.0,,-0.10064951419349888,2.0,26303.75,0.9999904957420924,0.9999897954733155,-0.003435420764649032,0.1710867278340114,4.19200738508453,0.058370097249966835,0.08262941127251612
ETHUSDT,15,momentum,3,optimistic,10,-0.9999999999999529,-0.9999638159198834,0.45055715773496097,-22.153833376233987,-14.927312119073866,-0.9999638159199303,-0.999999999999953,-0.9703649154787765,1095.9375,15078,0.21965777954635893,0.36610636667994206,1.3006061323539246,-0.0020125290037712826,30156.0,0.8811181854357342,0.5050752737226277,0.46653008733007734,-10.20721300756279,0.6007228301264315,5.207930255465492,0.061462721562940886,0.0758358801012517
ETHUSDT,15,momentum,3,base,12,-0.9999999999999999,-0.9999951514708825,0.4526572449538468,-26.353538972960123,-15.773865222931681,-0.9999951514708826,-0.9999999999999999,-0.9747151538258602,1095.9375,15078,0.19253216606977053,0.3092347934802702,1.296911336762759,-0.002411644647979968,30156.0,0.8811181854357342,0.5050752737226277,0.4665419577772235,-12.214954772129353,0.6027441331827473,5.003361665202537,0.06710517572441932,0.08115376812494249
ETHUSDT,15,momentum,3,stress,24,-1.0,-0.9999999999719358,0.47340778955622553,-49.40224007930129,-17.857735119309094,-0.9999999999719358,-1.0,-0.9866109269829564,1095.9375,15078,0.1022018835389309,0.13321929766409416,1.170272311796783,-0.004802993968725715,30156.0,0.8811181854357342,0.5050752737226277,0.4666133810158633,-24.25300230877052,0.580770245278161,3.666905779546274,0.10120127404236301,0.11365702295510588
ETHUSDT,15,momentum,12,optimistic,10,-0.9999998595571203,-0.9947957965616574,0.4970467295609993,-10.25457955907904,-10.454752144069463,-0.9947959338940462,-0.9999998619491857,-0.9445705113747345,1095.8541666666667,7824,0.2069274028629857,0.4658255820347732,1.7853290528262924,-0.00197328389138761,15648.0,1.7027096114519427,0.506462895377129,0.4527613155488464,-5.241347034105502,0.8501850048647849,5.270841085818057,0.04757056880156296,0.06833757494019156
ETHUSDT,15,momentum,12,base,12,-0.9999999938577135,-0.9981659927199587,0.5022695655349169,-12.185998037113203,-11.534282200752223,-0.9981659987489659,-0.9999999939599152,-0.9527876896047219,1095.8541666666667,7824,0.18673312883435583,0.40893876069654606,1.7810248694812614,-0.0023724152305210993,15648.0,1.7027096114519427,0.506462895377129,0.4527966683228433,-6.283151368614079,0.8531408503703641,5.076352143673979,0.05112567458416839,0.07147029735869094
ETHUSDT,15,momentum,12,stress,24,-1.0,-0.9999964870177053,0.5425364790612935,-22.47866723895279,-15.03844081533484,-0.9999964870177053,-1.0,-0.9750451978411354,1095.8541666666667,7824,0.11094069529652352,0.21364041098055953,1.7120768419133319,-0.004763858589293939,15648.0,1.7027096114519427,0.506462895377129,0.45300848629297125,-12.529617123964517,0.8160409870080507,3.834851442747103,0.07314537048261821,0.09072892280133181
ETHUSDT,15,momentum,48,optimistic,10,-0.9990564622843346,-0.9018666910755864,0.5066731906631438,-4.318028001456887,-5.855496488381314,-0.9027081240580305,-0.9990678792402338,-0.9022389946654114,1095.1145833333333,3810,0.20341207349081364,0.5902756343432342,2.311595548686085,-0.0017431432807015993,7620.0,3.4442257217847767,0.49887849756691,0.4423128390688276,-2.306073259380277,1.3789513661231454,6.495757132605098,0.03910370566667115,0.05551955427275191
ETHUSDT,15,momentum,48,base,12,-0.9997944612688155,-0.9409466006009453,0.513849136533882,-5.2317209389179,-6.774322178090463,-0.9411380062587467,-0.9997966231769108,-0.9178293507493895,1095.1145833333333,3810,0.18005249343832022,0.5318787279360359,2.422141612350111,-0.0021423666577822247,7620.0,3.4442257217847767,0.49887849756691,0.4423049016309009,-2.8133861101381443,1.3364495663876401,6.182284548140059,0.04238179972425557,0.05755871049575942
ETHUSDT,15,momentum,48,stress,24,-0.9999999780370038,-0.9971957752322996,0.5652514361346956,-10.031613188508086,-10.355348814044067,-0.9971957970095545,-0.9999999781615055,-0.9562920751382578,1095.2604166666667,3810,0.11338582677165354,0.3155272025152505,2.4672474307789725,-0.004534361472970136,7620.0,3.4442257217847767,0.49887849756691,0.44225707779714507,-5.855139943854983,1.0404893125204904,4.386574772949336,0.057445111496939344,0.07203753454544354
ETHUSDT,15,reversal,3,optimistic,10,-0.9999999999998763,-0.9999500649071872,0.4545759742820949,-21.259790962912884,-14.448383837793457,-0.9999500649073099,-0.9999999999998773,-0.9683470268552985,1095.7708333333333,15088,0.2894353128313892,0.3468804946559501,0.8515928058636228,-0.001943766488659161,30176.0,0.8611479321314952,0.4939552919708029,0.5332246925519798,-9.882373838886219,-0.716982103876229,4.543213177580862,0.06678832431548276,0.08664799248325611
ETHUSDT,15,reversal,3,base,12,-0.9999999999999997,-0.9999933178009969,0.4535424170288394,-25.61218688437872,-15.455001406635745,-0.9999933178009972,-0.9999999999999997,-0.9739157985832737,1095.7708333333333,15088,0.25271739130434784,0.28272809712319313,0.8360239431062163,-0.0023429096324069838,30176.0,0.8611479321314952,0.4939552919708029,0.5332330855635133,-11.891432834319843,-0.6956050064073941,4.394639370362489,0.07195325687435764,0.09152353829324578
ETHUSDT,15,reversal,3,stress,24,-1.0,-0.9999999999616302,0.45724660264536465,-50.52093569332686,-17.878794097472138,-0.9999999999616302,-1.0,-0.987167405551881,1095.90625,15088,0.1154559915164369,0.09635751377865855,0.738224672152685,-0.004734423719944481,30176.0,0.8611479321314952,0.4939552919708029,0.5332834063811915,-23.937378251065827,-0.5454057699216805,3.220764307673654,0.10145847054034549,0.12089362023092794
ETHUSDT,15,reversal,12,optimistic,10,-0.9999998322448264,-0.9944782874243249,0.4496308526522496,-11.250657084319753,-10.374168965497631,-0.9944784528848676,-0.9999998336207866,-0.9448762296320652,1095.7708333333333,7826,0.3336314847942755,0.42847229902217854,0.8557958787440294,-0.0019488216773568367,15652.0,1.6565295169946332,0.492852798053528,0.5472137648279829,-5.1787401885408375,-0.5850509229784491,5.3975562465197395,0.05481829678897901,0.07410697929459824
ETHUSDT,15,reversal,12,base,12,-0.9999999926690741,-0.9980546184140701,0.4483675734902585,-13.573639553938913,-11.636585628205955,-0.9980546256721717,-0.9999999927277511,-0.9536418320776896,1095.7708333333333,7826,0.2970866342959366,0.3623715001765279,0.8573787623531526,-0.0023479627994310854,15652.0,1.6565295169946332,0.492852798053528,0.5472452145422391,-6.22083363818933,-0.5655683003609312,5.374537786382287,0.05698318262738847,0.07663587523064656
ETHUSDT,15,reversal,12,stress,24,-1.0,-0.9999962796397851,0.45431482891645114,-26.81513544360071,-15.714115060085996,-0.9999962796397851,-1.0,-0.9764665313318193,1095.7708333333333,7826,0.1533350370559673,0.14677833582541808,0.8104610443160168,-0.0047394647738685635,15652.0,1.6565295169946332,0.492852798053528,0.5474340667640527,-12.469032860749286,-0.4272389964856282,4.650954642293328,0.07288218408453565,0.09271186570810724
ETHUSDT,15,reversal,48,optimistic,10,-0.9997667875019852,-0.9384076490045105,0.4521268850704871,-5.908511284766493,-6.307244369043882,-0.9386146336651666,-0.9997794785493085,-0.8845770245580288,1093.5208333333333,3809,0.35206090837490156,0.47419179904003417,0.872710932163165,-0.0021107226075011017,7618.0,3.4527435022315567,0.4999809914841849,0.5570174024745426,-2.7679999523154226,-1.250523818424956,7.181032361481433,0.04917122155407855,0.0733143328530092
ETHUSDT,15,reversal,48,base,12,-0.9999491770411706,-0.9629308067724796,0.45065198857470457,-7.046536176849128,-7.278138650361335,-0.962977958287502,-0.999951035727644,-0.9000217774012697,1094.59375,3809,0.32003150433184563,0.41328774278788827,0.8781093140448158,-0.0025097989820750933,7618.0,3.4527435022315567,0.4999809914841849,0.5570129185819754,-3.275207274480909,-1.2205539036710533,7.062771436550149,0.04945651672832968,0.07418453009841453
ETHUSDT,15,reversal,48,stress,24,-0.999999994556225,-0.9982383143786113,0.4558065943524976,-13.556748907901692,-11.504827494180438,-0.9982383197990153,-0.9999999945700301,-0.9453718973928104,1095.34375,3809,0.18272512470464689,0.19455053627233604,0.8701664072065834,-0.0049009130140878696,7618.0,3.4527435022315567,0.4999809914841849,0.5569863149316702,-6.31632836558425,-0.9719255652259998,5.576309669797876,0.057724196401585964,0.0800975631979753
ETHUSDT,15,flow,1,optimistic,10,-1.0,-0.9999999140246496,0.4718717117482826,-33.47357115482751,-16.678554403403933,-0.9999999140246496,-1.0,-0.9820506103678147,1095.9583333333333,23475,0.20915867944621938,0.28603711078887384,1.0815232101416379,-0.002063796667263543,46950.0,0.5515867944621938,0.49226353406326034,0.4774804706643989,-16.245813182800404,-0.21993902039374164,4.006760851302012,0.0803340763399972,0.10153841689377026
ETHUSDT,15,flow,1,base,12,-1.0,-0.9999999962386769,0.4726367665674824,-39.72189009762064,-17.259373728641034,-0.9999999962386769,-1.0,-0.9848153838323843,1095.9583333333333,23475,0.17878594249201277,0.23325935267784606,1.0714257328862322,-0.002462891808482825,46950.0,0.5515867944621938,0.49226353406326034,0.4773683563476667,-19.37158499389662,-0.21623909532566285,3.8080135434885753,0.08839978767401602,0.10949728211080283
ETHUSDT,15,flow,1,stress,24,-1.0,-1.0,0.49033566622414876,-73.64979918282825,-18.499739188504492,-1.0,-1.0,-0.9919329796541831,1095.96875,23475,0.0822577209797657,0.08613177234471721,0.9609647350567516,-0.004854118283104917,46950.0,0.5515867944621938,0.49226353406326034,0.47669482469400776,-38.11313342673671,-0.162080023703631,2.466876073184285,0.13783395678392718,0.15693344967975872
ETHUSDT,15,sma,20,optimistic,10,-0.9999996144179776,-0.9927133719843375,0.48169378221688836,-9.907818794827215,-10.177432340170473,-0.9927137474958391,-0.9999996217323448,-0.9439580585852442,1095.7604166666667,6945,0.19539236861051115,0.46516469775187647,1.9155050339259292,-0.002080781508248591,13890.0,1.9309935205183586,0.5098369069343066,0.45317939356164344,-4.904845649167688,0.7584322709838006,4.0269505054345025,0.045796270180397725,0.06405317233221669
ETHUSDT,15,sma,20,base,12,-0.9999999760312579,-0.9971129044722827,0.48815699473154117,-11.63834126655195,-11.172932043768242,-0.9971129279231536,-0.9999999764812287,-0.9514792226140794,1095.7604166666667,6945,0.175377969762419,0.4116614993778811,1.93562020273984,-0.002479869856881842,13890.0,1.9309935205183586,0.5098369069343066,0.45315522508771283,-5.829571385877824,0.7462664456167873,3.7911306914878655,0.04875711119328005,0.067002101661856
ETHUSDT,15,sma,20,stress,24,-0.9999999999999987,-0.9999888297394371,0.5345345541099336,-20.729095424421068,-14.534531117235158,-0.9999888297394385,-0.9999999999999987,-0.9732006331998146,1095.7604166666667,6945,0.11331893448524118,0.22311212680335396,1.7457744305655067,-0.004871055632908879,13890.0,1.9309935205183586,0.5098369069343066,0.4530094858491243,-11.37405552911455,0.6342086266803992,2.503562753283576,0.06872463953634908,0.08549615257808121
ETHUSDT,15,buyhold,0,optimistic,10,-0.09879397479290186,-0.034071907288231396,0.6816751252732541,0.28953809740749403,0.4195619995252257,-0.044353125503333514,-0.7681963086382854,-0.4237029013201001,791.8333333333334,1,0.0,0.0,,-0.09879397479290186,2.0,26303.25,0.9999714872262774,0.9999815995961653,-0.0026099512711298487,0.17094614713429646,4.191786375485538,0.058370097249966585,0.08262941127251597
ETHUSDT,15,buyhold,0,base,12,-0.09915438555332101,-0.03420065989769605,0.6816742829045251,0.28934199004292216,0.41927632123549097,-0.0445207292890026,-0.7681963086382821,-0.4237029028732176,791.8333333333334,1,0.0,0.0,,-0.09915438555332101,2.0,26303.25,0.9999714872262774,0.9999809449391155,-0.002743276984386986,0.17097340679896253,4.191827145810663,0.058370097249966585,0.08262941127251597
ETHUSDT,15,buyhold,0,stress,24,-0.10131382991393878,-0.03497281688995579,0.6816700698378261,0.2881658126515766,0.4175629651070449,-0.04552588511125393,-0.768196308638282,-0.4237029121919406,791.8333333333334,1,0.0,0.0,,-0.10131382991393878,2.0,26303.25,0.9999714872262774,0.9999770224896134,-0.003542672542472705,0.1711370449749871,4.192038237381865,0.058370097249966585,0.08262941127251597
ETHUSDT,60,momentum,3,optimistic,10,-0.9997211901927483,-0.9346308316524704,0.46149539558468206,-5.658060150517356,-6.796617423122717,-0.9348814433425301,-0.9997319321162653,-0.8867123457907152,1094.2916666666667,3892,0.31911613566289826,0.6001468334638976,1.2805065287273178,-0.002020635876830255,7784.0,3.433967112024666,0.5080976277372263,0.4894053972028525,-2.7109087047768234,0.58281048478264,4.975483165607059,0.0438594039595849,0.05918895564061822
ETHUSDT,60,momentum,3,base,12,-0.9999412243316318,-0.9610906289629082,0.4623609169373743,-6.7592511580108265,-7.770593254729857,-0.9611452057463167,-0.9999432169217698,-0.9026292630066175,1094.2916666666667,3892,0.2977903391572456,0.5458350864868955,1.2871158683077526,-0.002419748278934252,7784.0,3.433967112024666,0.5080976277372263,0.48928275702743146,-3.2291426086326216,0.5841560501179552,4.921285420756986,0.045646156941342414,0.060597646335547206
ETHUSDT,60,momentum,3,stress,24,-0.999999994841469,-0.998269630651548,0.4700875480364343,-13.174017683948477,-11.885536528649641,-0.9982696357653865,-0.9999999948772973,-0.9465779519219599,1095.75,3892,0.20246659815005139,0.3245088549058133,1.2782683827761987,-0.0048110781742203125,7784.0,3.433967112024666,0.5080976277372263,0.48854727750106963,-6.336376965699809,0.5859952917651773,4.5057070911223605,0.05475653118906698,0.06916052485672503
ETHUSDT,60,momentum,12,optimistic,10,-0.9620766292278687,-0.6639449994261534,0.486938833526461,-1.9976495459662138,-3.046138391050689,-0.6896687820846539,-0.9627012511995315,-0.7942100409409428,1094.2916666666667,1887,0.296767355590885,0.741972844429984,1.75821065099748,-0.0015656742121612623,3774.0,6.965023847376789,0.4996578467153285,0.47125911335015486,-1.0750120618061356,1.49387160531268,8.031511620952807,0.03518955674268376,0.05065011636409753
ETHUSDT,60,momentum,12,base,12,-0.982172064284151,-0.7386836025107393,0.4893392168217308,-2.4976658099608158,-3.7147879195291904,-0.7518831764256232,-0.9824446478804947,-0.8293148238535407,1094.2916666666667,1887,0.27768945416004237,0.6905821071440705,1.7963042214453593,-0.0019649685627597655,3774.0,6.965023847376789,0.4996578467153285,0.4713133821949094,-1.3262758902152207,1.4823386234809708,7.897115878952425,0.03577631697836822,0.051481243214392264
ETHUSDT,60,momentum,12,stress,24,-0.9998075749530451,-0.9422299083645289,0.5061833766171953,-5.361736580417578,-6.918456427421894,-0.9424096829205548,-0.9998092394854552,-0.9125611413103434,1094.2916666666667,1887,0.20243773184949657,0.46620143647403184,1.8367360258989995,-0.004357388624304813,3774.0,6.965023847376789,0.4996578467153285,0.4716388155914467,-2.832807300845327,1.393501935729699,7.005407956921077,0.0401506070130766,0.0565813933643706
ETHUSDT,60,momentum,48,optimistic,10,-0.6605160093398644,-0.30234275824141166,0.4498164245692781,-0.5793359285194443,-0.9134163319365373,-0.414191350796054,-0.7299591303882246,-0.5395668063398659,1083.375,934,0.2944325481798715,0.8778951565889629,2.1037560297895515,-0.0008170874869584612,1868.0,14.21627408993576,0.5047901459854015,0.4207512270168002,-0.34647577835926846,1.3551800911663499,7.443498820061034,0.036347473397216196,0.049215722914949106
ETHUSDT,60,momentum,48,base,12,-0.7663495168584818,-0.3840148559578084,0.45216332826333266,-0.8489391941264907,-1.3187501926244471,-0.4758414942850469,-0.8070226337339321,-0.6013946917930908,1083.375,934,0.2623126338329764,0.8256291531685706,2.321871373604674,-0.0012166812127312593,1868.0,14.21627408993576,0.5047901459854015,0.4207353291876678,-0.47084711632939397,1.332164301570142,7.313471010675215,0.03687207086466318,0.04991463102928031
ETHUSDT,60,momentum,48,stress,24,-0.9751658727714847,-0.708164357877175,0.4687733155916603,-2.3918089649736833,-3.407317971220233,-0.7261038938138099,-0.9752934310234741,-0.7956439505109453,1093.5,934,0.18629550321199143,0.5912715726950343,2.5825654899323336,-0.003610895016591582,1868.0,14.21627408993576,0.5047901459854015,0.42064009031272964,-1.2165545978158065,1.1716351828856917,6.444422684736244,0.04132557931899872,0.054394450273917525
ETHUSDT,60,reversal,3,optimistic,10,-0.9994214161544857,-0.916625174429613,0.4557183245637184,-5.202738362505922,-6.018428699893436,-0.9171459648355895,-0.9994321619175746,-0.9090333337375496,1095.75,3893,0.4012329822758798,0.6041427707531152,0.9015728544337462,-0.00183058952626452,7786.0,3.3169791934240944,0.4909139294403893,0.508392119244958,-2.4667065315904058,-0.16161471733145671,7.479249903895759,0.04589454515424965,0.06466824724813505
ETHUSDT,60,reversal,3,base,12,-0.9998780779894185,-0.9503798244550984,0.45477742527432535,-6.346732203309502,-7.061899061691898,-0.9504941254993607,-0.999879745659446,-0.9234419594884381,1095.75,3893,0.377087079373234,0.5418596144585028,0.8951018835571316,-0.0022297779317992576,7786.0,3.3169791934240944,0.4909139294403893,0.5082764503095449,-2.9851039003495723,-0.1508373859639841,7.504464973371549,0.04759128560016945,0.06583536989584159
ETHUSDT,60,reversal,3,stress,24,-0.9999999893249903,-0.9977950662668242,0.4519315698418922,-13.19215463948135,-11.654111352713333,-0.9977950769182963,-0.9999999893249903,-0.9594589681238553,1095.75,3893,0.24068841510403288,0.29094193995494694,0.9178488521951154,-0.0046215632107695255,7786.0,3.3169791934240944,0.4909139294403893,0.5075833338455817,-6.093318351086846,-0.08845850928110796,7.477171756274878,0.05552303714187437,0.07302260241821312
ETHUSDT,60,reversal,12,optimistic,10,-0.9873478097525851,-0.766905046439108,0.4585233882846541,-2.9343673979808065,-3.403935248117962,-0.7757598177998801,-0.9885856792816556,-0.8089839109283482,1093.5,1892,0.42441860465116277,0.6312628278680691,0.85609616382108,-0.0021403666489279616,3784.0,6.937632135306554,0.4990115571776156,0.5285086936707154,-1.4385476038063054,-1.3134933208804733,6.620330998234278,0.046763727629394014,0.07192105506300286
ETHUSDT,60,reversal,12,base,12,-0.9940640361017106,-0.818866112735464,0.45746311067600254,-3.4910863840491304,-3.988616694883819,-0.8233248402387454,-0.9945844856302544,-0.8340169118091703,1093.5,1892,0.4022198731501057,0.5792974735028354,0.8609532753373285,-0.0025394311682422105,3784.0,6.937632135306554,0.4990115571776156,0.5285683517066392,-1.690478133940954,-1.303021538153787,6.575060769325718,0.047435612310408465,0.0723625710782604
ETHUSDT,60,reversal,12,stress,24,-0.9999366946751884,-0.9601159443054352,0.4542441595805022,-6.827520234811655,-7.091217139989606,-0.9601749783202246,-0.9999385174409641,-0.906855431401533,1095.2916666666667,1892,0.28382663847780126,0.3516285106546872,0.8872562978344528,-0.004930474168042254,3784.0,6.937632135306554,0.4990115571776156,0.5289261144883196,-3.201006968360174,-1.2156867130541242,6.103556206740983,0.05236826873879513,0.07518342901931012
ETHUSDT,60,reversal,48,optimistic,10,-0.9374379287265118,-0.6029347374547305,0.5039707607409585,-1.5730185254186515,-1.947509401438039,-0.6369692675843296,-0.946568018487496,-0.7427669016552673,1093.0,934,0.4743040685224839,0.6598805922797563,0.7313800695470888,-0.0025495106360095008,1868.0,13.836188436830835,0.49129409975669097,0.5769104726801192,-0.9046828799785823,-0.9250672281037647,8.525562845512932,0.04802918789285884,0.07735262338303224
ETHUSDT,60,reversal,48,base,12,-0.9569415389781408,-0.6494176677266779,0.5032174789325667,-1.8228296879239436,-2.2407041963334184,-0.6743250958492233,-0.9630631749050096,-0.7686472819637121,1093.0,934,0.4550321199143469,0.6174703556749498,0.7395115553848222,-0.0029484115302575832,1868.0,13.836188436830835,0.49129409975669097,0.5768923490856183,-1.0290490989434304,-0.921694865124116,8.518222604965334,0.04841928502714596,0.0775428808352421
ETHUSDT,60,reversal,48,stress,24,-0.9954234235474135,-0.8339044033034427,0.5014041715596508,-3.315022146268932,-3.900056594192107,-0.8372794331475507,-0.9959690520147851,-0.8566892222470347,1093.0,934,0.32441113490364026,0.41731477537583134,0.8690614629113848,-0.005338474150820388,1868.0,13.836188436830835,0.49129409975669097,0.5767836608154561,-1.7747258872289269,-0.8895034349035289,8.276117051585308,0.051616152264886084,0.07890658309478805
ETHUSDT,60,flow,1,optimistic,10,-0.9999955534575206,-0.9835405842794692,0.462813597649294,-8.591266039957658,-9.103248116734907,-0.9835449484895189,-0.9999955627751874,-0.9187292522286524,1095.9166666666667,5924,0.3234301147873059,0.5243370792540846,1.0968387336379808,-0.002026703612837071,11848.0,2.1551316677920322,0.4853634428223844,0.47630302016022363,-4.08952787325653,0.3933119533803317,4.276173181949641,0.04808790149131978,0.06456018943133152
ETHUSDT,60,flow,1,base,12,-0.9999995841688755,-0.9925276447558093,0.4631593924417583,-10.268116282021808,-10.22559543821661,-0.9925280574798676,-0.9999995841688755,-0.9303538308733329,1095.9166666666667,5924,0.2976029709655638,0.4650630421526943,1.0976331925112655,-0.0024258135883290736,11848.0,2.1551316677920322,0.4853634428223844,0.4762116689532435,-4.878317268700247,0.39234502236978613,4.261216231676656,0.05036996191391044,0.06671761276608885
ETHUSDT,60,flow,1,stress,24,-0.9999999999997219,-0.9999345798297892,0.46910993986039645,-20.03023839362247,-14.36129156836488,-0.9999345798300673,-0.9999999999997219,-0.9629875643510036,1095.9166666666667,5924,0.18973666441593517,0.2419985866402866,1.0334459215955296,-0.004817128944277919,11848.0,2.1551316677920322,0.4853634428223844,0.4756635805481138,-9.60775227143913,0.386685453223439,4.050360049526207,0.06379491425334588,0.0796448702632672
ETHUSDT,60,sma,20,optimistic,10,-0.8513987227311859,-0.47025060597576707,0.474154003101152,-1.1072170519751094,-1.8084064705885257,-0.551244794139564,-0.8530703799385163,-0.6087448460945957,1092.375,1596,0.27882205513784464,0.8365969570931036,2.1638721294700276,-0.0009969679496938863,3192.0,8.285714285714286,0.5027372262773723,0.4703470011186554,-0.6202058409102019,1.5889012388594543,6.634990892691221,0.03312323471784351,0.046208213183976714
ETHUSDT,60,sma,20,base,12,-0.9215182626105478,-0.571773468287514,0.47697312920619533,-1.5429183307360355,-2.4608998942459985,-0.6200422634988787,-0.9221524111292261,-0.6859864557175412,1092.375,1596,0.2650375939849624,0.7814539403095851,2.1670105720641684,-0.0013964897375828413,3192.0,8.285714285714286,0.5027372262773723,0.47037068337734367,-0.8327372256171515,1.5745057024285634,6.490395271703967,0.03408143776444347,0.04694963212014814
ETHUSDT,60,sma,20,stress,24,-0.9982968949537983,-0.8805211597022515,0.49646510903566665,-4.023409665396534,-5.606333913172849,-0.8820233381002378,-0.9982968949537983,-0.8683225851311945,1095.125,1596,0.18796992481203006,0.5403855767281296,2.3344656914655197,-0.003790272516971526,3192.0,8.285714285714286,0.5027372262773723,0.4705129980166665,-2.1070360429290296,1.4648077098654264,5.570972503324844,0.039269057828910686,0.05178722011198406
ETHUSDT,60,buyhold,0,optimistic,10,-0.10515052482579013,-0.03634776895659897,0.6816266688723546,0.2860483325671706,0.4144767570580678,-0.04741035682252455,-0.7666630540804162,-0.42292608077256116,791.8333333333334,1,0.0,0.0,,-0.10515052482579013,2.0,26301.0,0.9998859489051095,0.9998799072696822,-0.005052176867440794,0.171456803629278,4.193919212081704,0.05837009724996656,0.08262941127251613
ETHUSDT,60,buyhold,0,base,12,-0.10550839347157503,-0.03647621820691249,0.6816265465708002,0.2858526061522033,0.41419213551114453,-0.047577900112409054,-0.766663054080416,-0.422926109718014,791.8333333333334,1,0.0,0.0,,-0.10550839347157503,2.0,26301.0,0.9998859489051095,0.9998797743818809,-0.005185370576295471,0.17148583525953456,4.193931312706917,0.05837009724996656,0.08262941127251613
ETHUSDT,60,buyhold,0,stress,24,-0.10765260644700925,-0.03724655588932346,0.6816266418023817,0.2846787264775682,0.41248511616538036,-0.048582693128468676,-0.7666630540804166,-0.42292628320024117,791.8333333333334,1,0.0,0.0,,-0.10765260644700925,2.0,26301.0,0.9998859489051095,0.9998789781960465,-0.00598397521813812,0.17165932812823564,4.193969744501759,0.05837009724996656,0.08262941127251613
ETHUSDT,240,momentum,3,optimistic,10,-0.682040128112179,-0.31740682580989965,0.46463221982865527,-0.5931928285572109,-0.9266222228553701,-0.40729486889625593,-0.7793047495787331,-0.5252649031915242,1093.5,933,0.39228295819935693,0.8932093320672446,1.3837423259074528,-0.000894739452637198,1866.0,14.027867095391212,0.4975669099756691,0.4740410935667388,-0.367440996690587,1.251000494861961,7.712743454240252,0.03501182870536554,0.051919612524699954
ETHUSDT,240,momentum,3,base,12,-0.7810759791266135,-0.3972350849790507,0.465023553840553,-0.8593569206378335,-1.3265647762196215,-0.47122798316216374,-0.8429785563951752,-0.5895131890749675,1093.5,933,0.38263665594855306,0.8498520568485252,1.371189873234595,-0.0012943021237973886,1866.0,14.027867095391212,0.4975669099756691,0.47411883764913043,-0.4916821277295944,1.249052173035875,7.699797131113327,0.03534957567968938,0.05229476291186953
ETHUSDT,240,momentum,3,stress,24,-0.9766751991364565,-0.7141992156647698,0.468127483690689,-2.4403723064038148,-3.508897197570154,-0.7283955833014507,-0.9805100855055493,-0.790439401650743,1095.0,933,0.31189710610932475,0.6372954756054215,1.4059920802016517,-0.0036883298602161997,1866.0,14.027867095391212,0.4975669099756691,0.47458525965125115,-1.2366090121517594,1.2330492784011118,7.577126703058456,0.03682167444892018,0.05458373645652405
ETHUSDT,240,momentum,12,optimistic,10,-0.36042962957038627,-0.13838972179498088,0.4294590076975637,-0.1350211682783383,-0.21002052241692976,-0.22474325112447813,-0.6157680869283644,-0.40871910937777517,1008.5,471,0.37579617834394907,0.9708903624809759,1.6126653478497566,-0.00030803453521855253,942.0,28.16135881104034,0.504257907542579,0.4276270604630843,-0.13601320779435186,1.0327000119647733,7.226197473725287,0.034812685402685756,0.050015594486335205
ETHUSDT,240,momentum,12,base,12,-0.47025464642270676,-0.19082330598206743,0.42998796345591445,-0.28022707106531425,-0.43286676043260125,-0.2922314939888971,-0.6529867926874353,-0.4517268738574488,1093.5,471,0.36942675159235666,0.934636472230818,1.5953277715663963,-0.0007078318417002078,942.0,28.16135881104034,0.504257907542579,0.42752859999571563,-0.19874483607187202,1.0266087351316655,7.215541295027899,0.03519868359208492,0.05027057472930748
ETHUSDT,240,momentum,12,stress,24,-0.8289437195179062,-0.44481466954251603,0.4340153997319312,-1.1403714449987108,-1.6896826358802428,-0.5094443944698803,-0.8731368415691041,-0.6495261863998956,1093.5,471,0.31210191082802546,0.7494951565861878,1.6519485083940468,-0.003103265423830038,942.0,28.16135881104034,0.504257907542579,0.42693855328445596,-0.5748719696209019,0.9844318995912378,7.095360671399316,0.03636254743601028,0.051825641901286246
ETHUSDT,240,momentum,48,optimistic,10,-0.24229959603594808,-0.08832159331205047,0.4322697553051531,-0.001545929779947976,-0.002407679170679397,-0.1570146077140979,-0.5625055821103728,-0.36205353224881254,1001.6666666666666,189,0.31746031746031744,1.0322379980513716,2.2193116958104495,0.0005370640474545313,378.0,68.35978835978835,0.4911800486618005,0.40901259849677535,-0.08020208216836676,1.3294341655599953,11.840683474396446,0.03501259382409458,0.05085987974797293
ETHUSDT,240,momentum,48,base,12,-0.29747009453825424,-0.11100374647430478,0.4325488172808803,-0.05947433160703439,-0.09235327739881742,-0.19039789590165052,-0.5830093129371736,-0.38060529994341835,1001.6666666666666,189,0.31216931216931215,1.0080896416429836,2.221214464637083,0.0001369287687286463,378.0,68.35978835978835,0.4911800486618005,0.409059090324507,-0.1053898026578999,1.3251905269292485,11.831000885697355,0.03501259382409458,0.0509628130798021
ETHUSDT,240,momentum,48,stress,24,-0.5536575661812185,-0.23572551180699253,0.4345899725787044,-0.40468087498080574,-0.6171977995137693,-0.3419801572990057,-0.6892958751430982,-0.4786243457214863,1055.5,189,0.291005291005291,0.8782117798831515,2.139643245533496,-0.0022605298146966134,378.0,68.35978835978835,0.4911800486618005,0.40933830616776695,-0.25641074122270474,1.2957423250503326,11.735686857593821,0.036091256746628886,0.05161270667658633
ETHUSDT,240,reversal,3,optimistic,10,-0.9319878483558593,-0.5917267417878105,0.4749850398704035,-1.6429012473465296,-2.0577722293874925,-0.6321147372902088,-0.9361065434488424,-0.7451989678332155,1092.5,933,0.46516613076098606,0.7132031273796718,0.8200192639687933,-0.002536053851638988,1866.0,14.117899249732048,0.5007603406326034,0.5264105992667741,-0.8791623129955874,-0.5355326864022345,9.53253263536534,0.04291263146858379,0.0700089755716682
ETHUSDT,240,reversal,3,base,12,-0.9531717835405373,-0.639473693706962,0.4746989199877258,-1.9054243107756905,-2.368649012249734,-0.6690978941309702,-0.9557251626647484,-0.7702848936403536,1092.5,933,0.45444801714898175,0.6758703592558593,0.811363237880265,-0.0029349601275309462,1866.0,14.117899249732048,0.5007603406326034,0.5264883391991922,-1.0033861978794063,-0.5339608168673212,9.499694753934435,0.043241292467300324,0.0702752172917054
ETHUSDT,240,reversal,3,stress,24,-0.9950107858454529,-0.8290565715682827,0.47372039720477055,-3.47918113584285,-4.129074923920969,-0.8330686328631219,-0.9951839966881835,-0.8544574945283936,1092.5,933,0.36763129689174706,0.49033826772305417,0.843439002788927,-0.0053250549928594345,1866.0,14.117899249732048,0.5007603406326034,0.5269544110617214,-1.7482096885595015,-0.524039359386444,9.24573738103064,0.04535972979073041,0.07194797072379447
ETHUSDT,240,reversal,12,optimistic,10,-0.7916961995661165,-0.40714175134039543,0.5114706609568392,-0.7625672382358225,-0.9984558207313095,-0.500293084737228,-0.8138064741675193,-0.6083096212411762,1092.5,470,0.5063829787234042,0.805647904532731,0.7853374531579563,-0.002409625838384534,940.0,27.49787234042553,0.49133211678832117,0.5700075479330435,-0.5050630321943712,-0.43710067180918405,9.125189380549914,0.046803943529215714,0.07445332710997138
ETHUSDT,240,reversal,12,base,12,-0.8273964467601185,-0.4431461147012007,0.5113443024445302,-0.8851966593779195,-1.1547923228456005,-0.5242566104031571,-0.845284743973792,-0.6369211510975928,1092.5,470,0.49148936170212765,0.7769736116152214,0.8038817886408568,-0.002808582675430241,940.0,27.49787234042553,0.49133211678832117,0.5699118722278461,-0.5676374667206541,-0.4332707513432939,9.126078256268672,0.04758197456672586,0.07459333657098635
ETHUSDT,240,reversal,12,stress,24,-0.9441318989091455,-0.6176305130540134,0.5113199746383053,-1.618739454513959,-2.0653210354374854,-0.6507720289057619,-0.9490735397655702,-0.7549031345474696,1092.5,470,0.425531914893617,0.6252845615710538,0.8441341581209229,-0.0051989804839843844,940.0,27.49787234042553,0.49133211678832117,0.5693380287492158,-0.9428221056127161,-0.40977066996325234,9.078665964864774,0.04855887996275268,0.0755706675812638
ETHUSDT,240,reversal,48,optimistic,10,-0.36127702050083244,-0.1387703298211177,0.5100315217576323,-0.035519771168989606,-0.04877963247442475,-0.18792309550587177,-0.7384421241442446,-0.42743192057034624,1076.3333333333333,187,0.5401069518716578,0.9504104511897321,0.8092603841813562,-0.0007642187660762845,374.0,69.41176470588235,0.4934610705596107,0.5779643019488097,-0.13152873222085765,-0.2951206333317549,10.504584306891024,0.04282214924954769,0.07236948958855491
ETHUSDT,240,reversal,48,base,12,-0.40731044392332905,-0.15997341444983737,0.5100013913597972,-0.08439770129420647,-0.11574033447405219,-0.2159661510869892,-0.740733738341253,-0.44732422200265526,1076.3333333333333,187,0.5347593582887701,0.9253463613883661,0.8050513344078785,-0.0011638336351341247,374.0,69.41176470588235,0.4934610705596107,0.578011624947945,-0.15640468288681939,-0.29363848487642535,10.503484903013343,0.04282214924954769,0.0724240625569291
ETHUSDT,240,reversal,48,stress,24,-0.6216312535804409,-0.2766688334236461,0.5101277050220416,-0.3771811498453333,-0.5128102164768371,-0.36690174117998114,-0.7540679216562456,-0.5482045726044623,1076.3333333333333,187,0.47593582887700536,0.7874483673522079,0.8670779775338919,-0.0035581741215264546,374.0,69.41176470588235,0.4934610705596107,0.578294946575462,-0.3055563331941436,-0.2845489134815219,10.470776712131903,0.04282214924954769,0.07275081249571791
ETHUSDT,240,flow,1,optimistic,10,-0.9477905412679705,-0.6261644844551486,0.4842608630124721,-1.786525961713626,-2.4321833797709917,-0.6601239881712238,-0.9485558708294256,-0.7585072595378877,1094.0,1503,0.4018629407850965,0.7689697497335664,1.1445427235272785,-0.0017456405250119832,3006.0,8.380572188955423,0.4788625304136253,0.4805521352408392,-0.9687744248622617,0.1262272637400191,5.21791544404633,0.039752306969000395,0.06081926043626018
ETHUSDT,240,flow,1,base,12,-0.9713812255780075,-0.6940378592531717,0.4843385642735618,-2.1984700245504243,-2.9471474628805723,-0.7141979052386347,-0.9717724655342879,-0.7926854558627185,1094.0,1503,0.38256819693945443,0.7248869938420232,1.1699045744093868,-0.002144862903393412,3006.0,8.380572188955423,0.4788625304136253,0.48047400641171106,-1.1689035802909746,0.12651329555087498,5.211530496532566,0.0401045075734843,0.06136545913899528
ETHUSDT,240,flow,1,stress,24,-0.9992236479348315,-0.9080420320849181,0.4858392836851358,-4.651665033545879,-5.685232128863951,-0.9087420773179508,-0.9992296546506366,-0.886393256854012,1094.0,1503,0.3087159015302728,0.5146478352930925,1.1524118553222482,-0.004536851734755223,3006.0,8.380572188955423,0.4788625304136253,0.4800056519025722,-2.368840881630769,0.13014094827920425,5.132061741532619,0.043993513539261925,0.06466753773987467
ETHUSDT,240,sma,20,optimistic,10,0.27296272975414393,0.08375370012001881,0.420089660593259,0.397687004300744,0.6533490118939697,0.1666536271927149,-0.5025615195471727,-0.22747803878643297,784.8333333333334,385,0.36623376623376624,1.132863572215062,1.9604163944714548,0.0012949572050390398,770.0,34.71168831168831,0.5080596107055961,0.42925710675052464,0.0933173217498023,1.3110965346541439,7.551730900041571,0.031357414775405934,0.04541879788053803
ETHUSDT,240,sma,20,base,12,0.09127512809981853,0.02953678412116778,0.4205893859062038,0.2757033824306161,0.45005315956246267,0.05744627181406696,-0.5141636382734773,-0.2575271176380132,790.8333333333334,385,0.36103896103896105,1.089475238609732,1.9281360337985183,0.000894518829305854,770.0,34.71168831168831,0.5080596107055961,0.4292204934321289,0.042039989474239606,1.3057714686467397,7.530924520816301,0.031599681240652155,0.04562032117725406
ETHUSDT,240,sma,20,stress,24,-0.5668435283457076,-0.24332527105813373,0.4243136343136194,-0.44828628104008955,-0.7040288490298787,-0.3525618043573374,-0.6901634495026367,-0.5037879894917376,1092.3333333333333,385,0.2883116883116883,0.8703973065212635,2.148548306187623,-0.0015047557962444744,770.0,34.71168831168831,0.5080596107055961,0.4290012271604861,-0.26540936074347515,1.2673579623186098,7.353667652071662,0.033251070533045074,0.04684280644135589
ETHUSDT,240,buyhold,0,optimistic,10,-0.09868706759149648,-0.0340337225192362,0.681627264429882,0.2895690577918171,0.4195937512570534,-0.044648101001934,-0.7622658468220626,-0.4203193868037012,791.6666666666666,1,0.0,0.0,,-0.09868706759149648,2.0,26292.0,0.9995437956204379,0.9998726087645626,-0.004194735987755682,0.1709303504874994,4.1937723758624355,0.05837009724996692,0.08262941127251605
ETHUSDT,240,buyhold,0,base,12,-0.09904752110630066,-0.03416248021851043,0.6816264379692885,0.2893729267768743,0.41930866284171625,-0.04481701542963793,-0.7622658468220631,-0.4203194420595087,791.6666666666666,1,0.0,0.0,,-0.09904752110630066,2.0,26292.0,0.9995437956204379,0.9998735281753244,-0.004327673144072697,0.1709599959449521,4.193813614624661,0.05837009724996692,0.08262941127251605
ETHUSDT,240,buyhold,0,stress,24,-0.10120722163495355,-0.03493466773544962,0.681622316311567,0.28819660543065634,0.41759881771047835,-0.045830031453061394,-0.7622658468220629,-0.4203197733415548,791.6666666666666,1,0.0,0.0,,-0.10120722163495355,2.0,26292.0,0.9995437956204379,0.9998790370452878,-0.005124740635975938,0.17113790449558802,4.194026526245313,0.05837009724996692,0.08262941127251605
ETHUSDT,1440,momentum,3,optimistic,10,-0.28030434489563694,-0.10382294205369202,0.4738152980411659,0.002904873008775519,0.004377048086384148,-0.18111112297510454,-0.5732554707198381,-0.33592676699672314,755.0,154,0.4090909090909091,1.008875200506099,1.4572641785088098,0.0002141569161060669,308.0,88.20779220779221,0.5164233576642335,0.48312492008395935,-0.09635061620541192,0.8609268011996224,10.513979058968506,0.038186445798345486,0.05957175144291136
ETHUSDT,1440,momentum,3,base,12,-0.323299794673517,-0.12203271842072572,0.47379388024679475,-0.04042414572277029,-0.060837438587029294,-0.21011706651893453,-0.5807844190977645,-0.34609443759647085,760.0,154,0.4090909090909091,0.992369618319001,1.4334227820163348,-0.0001858492254397021,308.0,88.20779220779221,0.5164233576642335,0.4830690218792952,-0.11686839518903955,0.8628226693897999,10.520671837742599,0.038186445798345486,0.05960945903246115
ETHUSDT,1440,momentum,3,stress,24,-0.5323935119102006,-0.2237791994082593,0.4737966207841188,-0.30021575890039276,-0.44842371323457925,-0.359052269754134,-0.6232496442969019,-0.442980780256299,1056.0,154,0.38311688311688313,0.8997335260622447,1.4487234741680213,-0.00258253406793975,308.0,88.20779220779221,0.5164233576642335,0.4827341119734335,-0.2398891484955863,0.8735449931916642,10.548673342113576,0.038451029104192236,0.05984716311961425
ETHUSDT,1440,momentum,12,optimistic,10,0.0054132734314298325,0.0018007670636903672,0.47950290325883477,0.24250784548617743,0.357846078281545,0.0038601801960911277,-0.4664981871866627,-0.26410572542073074,748.0,73,0.410958904109589,1.209760737908858,1.7339903910026964,0.006657350435987422,146.0,170.3013698630137,0.4726277372262774,0.49469930169753573,0.016214949070156526,0.4497823529132576,12.394151364205422,0.037467967938866725,0.06210770925380185
ETHUSDT,1440,momentum,12,base,12,-0.023520342660809823,-0.007900602197539741,0.47948468528702826,0.22221491731949786,0.3276912877891807,-0.016783039737068874,-0.4707491802030117,-0.2699453810354777,750.0,73,0.410958904109589,1.1957017947151791,1.7138392390917567,0.006254767529294658,146.0,170.3013698630137,0.4726277372262774,0.4946425970769723,0.006491853060572664,0.4485009003768563,12.383411665031419,0.037467967938866725,0.06213834279758195
ETHUSDT,1440,momentum,12,stress,24,-0.18045170460305282,-0.06416757563524755,0.47944962622298715,0.10049450694975036,0.14760887320605012,-0.12948674339150407,-0.49555324317051086,-0.30399776746338975,756.0,73,0.3698630136986301,1.115186567656636,1.8999474856372316,0.0038426436889163755,146.0,170.3013698630137,0.4726277372262774,0.49430272537458936,-0.0518059932558461,0.44067961928610505,12.312216048309349,0.037467967938866725,0.062321887354588115
ETHUSDT,1440,momentum,48,optimistic,10,0.6264463005750665,0.17597254240966875,0.45031148498029416,0.5853686756312646,0.861931537076,0.37860292007398594,-0.4647944669187456,-0.2153230251765801,646.0,25,0.56,2.0207676215033445,1.5877459883240566,0.027255589451204643,50.0,510.72,0.4854014598540146,0.43658578031207634,0.1752852316015724,0.10748535128407392,12.04820943169028,0.0337182309092485,0.05809536736236607
ETHUSDT,1440,momentum,48,base,12,0.6102628699483992,0.17206004628799865,0.45031587552535035,0.5779639870612548,0.8508974214982515,0.3695050034626035,-0.46565011211116747,-0.2170302556552207,646.0,25,0.56,1.999196410401627,1.5707971796012787,0.02684476888655206,50.0,510.72,0.4854014598540146,0.4366135626889996,0.17194773302587718,0.10794050190045026,12.04749331466771,0.0337182309092485,0.05809874220783929
ETHUSDT,1440,momentum,48,stress,24,0.5164881549397848,0.14885686634521988,0.4503718855956407,0.5335347335048033,0.7847331759273964,0.3162085535178156,-0.47075534386780304,-0.22709230756119278,646.0,25,0.52,1.8744731072233594,1.7302828682061777,0.024383288129068946,50.0,510.72,0.4854014598540146,0.4367803139651117,0.15193668751556583,0.11063973577118713,12.039732602636736,0.0337182309092485,0.05811896299985063
ETHUSDT,1440,reversal,3,optimistic,10,-0.30623529984035947,-0.11471561075729242,0.48724525679189823,-0.004450973083013746,-0.006189285660759358,-0.18276122471008988,-0.6276802474882912,-0.4010104361204375,1090.0,153,0.5555555555555556,0.9966234109262325,0.797298728740986,-6.914298447578183e-05,306.0,81.56862745098039,0.4744525547445255,0.510498659471139,-0.10543289223489764,-0.23523580400125,12.481917032939249,0.038169449456908616,0.06810566006947996
ETHUSDT,1440,reversal,3,base,12,-0.3474206245488365,-0.13258843374919693,0.4872587298890343,-0.046270103769826265,-0.0642764198294369,-0.20504949165553785,-0.646616739591493,-0.41728139517681084,1090.0,153,0.5359477124183006,0.9772874321466396,0.8461878985659927,-0.0004690358285848402,306.0,81.56862745098039,0.4744525547445255,0.5104353395287973,-0.12579688028587882,-0.23414363224271081,12.481944521024124,0.03831356187639723,0.06815320637847748
ETHUSDT,1440,reversal,3,stress,24,-0.5479776858497962,-0.232498008505035,0.4874661339281483,-0.29688419530918203,-0.40987236429478136,-0.31349176942963897,-0.741639912677891,-0.5025955159268612,1090.0,153,0.5163398692810458,0.8682277607067671,0.8132766366114021,-0.0028650418358845417,306.0,81.56862745098039,0.4744525547445255,0.5100555919235819,-0.2478955434795174,-0.2273765508288659,12.468758312161345,0.038584494272833614,0.06845910107427974
ETHUSDT,1440,reversal,12,optimistic,10,-0.2943928200125965,-0.10970791679639702,0.47598893163312883,-0.005786907087179328,-0.008234471713542298,-0.1721937247578851,-0.6371191339908179,-0.4088493315049848,1080.0,73,0.4520547945205479,0.9797135987601046,1.1875316348607328,-0.0005368469715865558,146.0,180.82191780821918,0.5018248175182481,0.48739955782802263,-0.10134617117325496,0.11973866349145236,11.172751056111705,0.037494315279050505,0.06496191493027345
ETHUSDT,1440,reversal,12,base,12,-0.3146986661727599,-0.11832944368424736,0.4759793890567619,-0.02622670097706747,-0.037300502858162964,-0.18547254385649486,-0.6379890048621,-0.41704986827990476,1080.0,73,0.4520547945205479,0.964886218043798,1.1695590521743007,-0.0009365527712851871,146.0,180.82191780821918,0.5018248175182481,0.48734708758065187,-0.1110644228255686,0.1192657604512947,11.162132126613198,0.03763855932331661,0.06498220223867288
ETHUSDT,1440,reversal,12,stress,24,-0.42483436725986046,-0.16833343913360732,0.47599672833270984,-0.14877372726585766,-0.21093165600219624,-0.26172683035297845,-0.6431646266704261,-0.4628413338889579,1080.0,73,0.4246575342465753,0.8808743960929127,1.1934427301903978,-0.003331438079533649,146.0,180.82191780821918,0.5018248175182481,0.48703248905353236,-0.1693332238548938,0.11642352636769798,11.091907592860938,0.03833622403807996,0.06510818787383912
ETHUSDT,1440,reversal,48,optimistic,10,-0.3420089374458237,-0.13019783091573567,0.46947986588921675,-0.0638316627893713,-0.09294001888373479,-0.190577470384121,-0.6831753546382668,-0.4181762808286044,1036.0,24,0.4166666666666667,0.6770550113596542,0.9478770159035158,-0.011558306016683556,48.0,464.0,0.4233576642335766,0.4740362379861844,-0.12585620230497982,0.6376656535848326,14.121443982045657,0.03651777151629157,0.06368800587331525
ETHUSDT,1440,reversal,48,base,12,-0.3482954358015665,-0.1329761197178665,0.46952543374609124,-0.07058979408146929,-0.1027618161851017,-0.19460810619044241,-0.6833020593075234,-0.4208456527767493,1036.0,24,0.375,0.6681653452323754,1.1136089087206256,-0.01195360410901638,48.0,464.0,0.4233576642335766,0.47407309930122976,-0.1290396818467684,0.6377132086960567,14.118523324898254,0.03656584871509369,0.06370509349686762
ETHUSDT,1440,reversal,48,stress,24,-0.384773099722704,-0.1494605161452629,0.46982535086523053,-0.11107666459721842,-0.16152218151587852,-0.2184899692635504,-0.6840612255520906,-0.4364646336974846,1036.0,24,0.3333333333333333,0.6180673210264603,1.2361346420529207,-0.014322080109165141,48.0,464.0,0.4233576642335766,0.4742939233825488,-0.14812727959480504,0.6378026063896665,14.097636600813553,0.03671727512506459,0.06380747604580553
ETHUSDT,1440,flow,1,optimistic,10,0.4852059073769921,0.1409041530154509,0.429514496246273,0.5193294474794596,0.8160387365301001,0.3487479372129806,-0.4040286349547657,-0.22723691546594788,844.0,230,0.48695652173913045,1.1894572589811485,1.2531781835694242,0.0028792956602953783,460.0,49.77391304347826,0.4352189781021898,0.39725676283146605,0.14270203281991614,0.9051417464447373,13.365439461174605,0.034259963103023816,0.052690682387470836
ETHUSDT,1440,flow,1,base,12,0.35466380503646744,0.10645516054212378,0.42949266887038057,0.44795223665525224,0.7021852283068988,0.2603479235394061,-0.4088957541695576,-0.2474245725274993,844.0,230,0.4826086956521739,1.1609487626835828,1.244620745579697,0.0024782236751416655,460.0,49.77391304347826,0.4352189781021898,0.3971545832454995,0.11205537743574494,0.9022493412356191,13.353537705327321,0.03440058056683443,0.05278015653785906
ETHUSDT,1440,flow,1,stress,24,-0.2199900052082877,-0.07946227068126133,0.42953657137942325,0.019827838701351935,0.03061657041445745,-0.1412609379297418,-0.56252118841787,-0.3517578215492679,844.0,230,0.44782608695652176,1.0045163566526534,1.2385784203387085,7.515270264416273e-05,460.0,49.77391304347826,0.4352189781021898,0.3965424459126861,-0.07169621860946082,0.8839881332883621,13.261272080927094,0.034482750622199826,0.05333638045664458
ETHUSDT,1440,sma,20,optimistic,10,-0.16341446546386373,-0.05772860154778714,0.4676038177570718,0.1054908126012273,0.15554402852120514,-0.11694487876980403,-0.4936394150394644,-0.2908379643712305,570.0,55,0.3090909090909091,1.0870670096499726,2.4299144921587623,0.003229211979877745,110.0,212.07272727272726,0.44343065693430656,0.4704232787573419,-0.04582978212131452,0.5276708571466961,13.53835846075553,0.036232056193707285,0.06073733039566573
ETHUSDT,1440,sma,20,base,12,-0.18161839190029982,-0.064611760644954,0.46759676561091557,0.08981365236447562,0.13236252906537144,-0.12954007631949194,-0.49877815793159175,-0.2938484392933608,570.0,55,0.3090909090909091,1.075715614888986,2.404540786222439,0.002828000056015986,110.0,212.07272727272726,0.44343065693430656,0.47039387569169566,-0.053155167797241415,0.5275404411773618,13.53699587062279,0.036232056193707285,0.06075439744215233
ETHUSDT,1440,sma,20,stress,24,-0.2828189652886616,-0.10486767093353466,0.4676138486736224,-0.004193011583914204,-0.006160436872293297,-0.19841224818796752,-0.5285342608193593,-0.3116131146168346,575.0,55,0.2909090909090909,1.0108890524129004,2.4640420652564448,0.00042409062394111515,110.0,212.07272727272726,0.44343065693430656,0.47021764236605507,-0.09707680278242266,0.5265920035518552,13.52209850829687,0.036631040910284574,0.06086969588434829
ETHUSDT,1440,buyhold,0,optimistic,10,-0.12355886927411797,-0.04299999837140345,0.6815349291199304,0.2758268190560253,0.39961907704090155,-0.058083855256168944,-0.7403089581736488,-0.41865924853658115,794.0,1,0.0,0.0,,-0.12355886927411797,2.0,26232.0,0.9972627737226277,0.9994066565215944,-0.014175361175333315,0.17303172471297307,4.19813581101897,0.05837009724996686,0.08262941127251607
ETHUSDT,1440,buyhold,0,base,12,-0.12390937604566421,-0.04312756091813896,0.681536802124815,0.2756322701829365,0.3993361323871322,-0.0582520832139478,-0.7403608341308652,-0.4187329906933429,794.0,1,0.0,0.0,,-0.12390937604566421,2.0,26232.0,0.9972627737226277,0.9994091041725414,-0.014307931880444408,0.1730569567714539,4.198066174594711,0.05837009724996686,0.08262941127251607
ETHUSDT,1440,buyhold,0,stress,24,-0.1260094794673433,-0.04389258084915859,0.6815488303973798,0.2744654855759583,0.3976387256783643,-0.059260511109622695,-0.7406716551594394,-0.41917482694759706,794.0,1,0.0,0.0,,-0.1260094794673433,2.0,26232.0,0.9972627737226277,0.9994237702333555,-0.01510280384995483,0.1732056567307985,4.197616784264035,0.05837009724996686,0.08262941127251607
