date,SOLUSDT,XRPUSDT,BNBUSDT,DOTUSDT,DOGEUSDT,ADAUSDT,AVAXUSDT,AXSUSDT,MATICUSDT,FTMUSDT,LTCUSDT,LINKUSDT
2022-01-01 00:00:00+00:00,0.0,0.0,0.0,0.0,0.0,0.0,0.0,0.0,0.0,0.0,0.0,0.0
2022-01-02 00:00:00+00:00,0.0,0.0,0.0,0.0,0.0,0.0,0.0,0.0,0.0,0.0,0.0,0.0
2022-01-03 00:00:00+00:00,0.0,0.0,0.0,0.0,0.0,0.0,0.0,0.0,0.0,0.0,0.0,0.0
2022-01-04 00:00:00+00:00,0.0,0.0,0.0,0.0,0.0,0.0,0.0,0.0,0.0,0.0,0.0,0.0
2022-01-05 00:00:00+00:00,0.0,0.0,0.0,0.0,0.0,0.0,0.0,0.0,0.0,0.0,0.0,0.0
2022-01-06 00:00:00+00:00,0.0,0.0,0.0,0.0,0.0,0.0,0.0,0.0,0.0,0.0,0.0,0.0
2022-01-07 00:00:00+00:00,0.0,0.0,0.0,0.0,0.0,0.0,0.0,0.0,0.0,0.0,0.0,0.0
2022-01-08 00:00:00+00:00,0.0,0.0,0.0,0.0,0.0,0.0,0.0,0.0,0.0,0.0,0.0,0.0
2022-01-09 00:00:00+00:00,0.0,0.0,0.0,0.0,0.0,0.0,0.0,0.0,0.0,0.0,0.0,0.0
2022-01-10 00:00:00+00:00,0.0,0.0,0.0,0.0,0.0,0.0,0.0,0.0,0.0,0.0,0.0,0.0
2022-01-11 00:00:00+00:00,0.0,0.0,0.0,0.0,0.0,0.0,0.0,0.0,0.0,0.0,0.0,0.0
2022-01-12 00:00:00+00:00,0.0,0.0,0.0,0.0,0.0,0.0,0.0,0.0,0.0,0.0,0.0,0.0
2022-01-13 00:00:00+00:00,0.0,0.0,0.0,0.0,0.0,0.0,0.0,0.0,0.0,0.0,0.0,0.0
2022-01-14 00:00:00+00:00,0.0,0.0,0.0,0.0,0.0,0.0,0.0,0.0,0.0,0.0,0.0,0.0
2022-01-15 00:00:00+00:00,0.0,0.0,0.0,0.0,0.0,0.0,0.0,0.0,0.0,0.0,0.0,0.0
2022-01-16 00:00:00+00:00,0.0,0.0,0.0,0.0,0.0,0.0,0.0,0.0,0.0,0.0,0.0,0.0
2022-01-17 00:00:00+00:00,0.0,0.0,0.0,0.0,0.0,0.0,0.0,0.0,0.0,0.0,0.0,0.0
2022-01-18 00:00:00+00:00,0.0,0.0,0.0,0.0,0.0,0.0,0.0,0.0,0.0,0.0,0.0,0.0
2022-01-19 00:00:00+00:00,0.0,0.0,0.0,0.0,0.0,0.0,0.0,0.0,0.0,0.0,0.0,0.0
2022-01-20 00:00:00+00:00,0.0,0.0,0.0,0.0,0.0,0.0,0.0,0.0,0.0,0.0,0.0,0.0
2022-01-21 00:00:00+00:00,0.0,0.0,0.0,0.0,0.0,0.0,0.0,0.0,0.0,0.0,0.0,0.0
2022-01-22 00:00:00+00:00,0.0,0.0,0.0,0.0,0.0,0.0,0.0,0.0,0.0,0.0,0.0,0.0
2022-01-23 00:00:00+00:00,0.0,0.0,0.0,0.0,0.0,0.0,0.0,0.0,0.0,0.0,0.0,0.0
2022-01-24 00:00:00+00:00,0.0,0.0,0.0,0.0,0.0,0.0,0.0,0.0,0.0,0.0,0.0,0.0
2022-01-25 00:00:00+00:00,0.0,0.0,0.0,0.0,0.0,0.0,0.0,0.0,0.0,0.0,0.0,0.0
2022-01-26 00:00:00+00:00,0.0,0.0,0.0,0.0,0.0,0.0,0.0,0.0,0.0,0.0,0.0,0.0
2022-01-27 00:00:00+00:00,0.0,0.0,0.0,0.0,0.0,0.0,0.0,0.0,0.0,0.0,0.0,0.0
2022-01-28 00:00:00+00:00,0.0,0.0,0.0,0.0,0.0,0.0,0.0,0.0,0.0,0.0,0.0,0.0
2022-01-29 00:00:00+00:00,0.0,0.0,0.0,0.0,0.0,0.0,0.0,0.0,0.0,0.0,0.0,0.0
2022-01-30 00:00:00+00:00,0.0,0.0,0.0,0.0,0.0,0.0,0.0,0.0,0.0,0.0,0.0,0.0
2022-01-31 00:00:00+00:00,0.0,0.0,0.0,0.0,0.0,0.0,0.0,0.0,0.0,0.0,0.0,0.0
2022-02-01 00:00:00+00:00,0.0,0.0,0.0,0.0,0.0,0.0,0.0,0.0,0.0,0.0,0.0,0.0
2022-02-02 00:00:00+00:00,0.0,0.0,0.0,0.0,0.0,0.0,0.0,0.0,0.0,0.0,0.0,0.0
2022-02-03 00:00:00+00:00,0.0,0.0,0.0,0.0,0.0,0.0,0.0,0.0,0.0,0.0,0.0,0.0
2022-02-04 00:00:00+00:00,0.0,0.0,0.0,0.0,0.0,0.0,0.0,0.0,0.0,0.0,0.0,0.0
2022-02-05 00:00:00+00:00,0.0,0.0,0.0,0.0,0.0,0.0,0.0,0.0,0.0,0.0,0.0,0.0
2022-02-06 00:00:00+00:00,0.0,0.0,0.0,0.0,0.0,0.0,0.0,0.0,0.0,0.0,0.0,0.0
2022-02-07 00:00:00+00:00,0.0,0.0,0.0,0.0,0.0,0.0,0.0,0.0,0.0,0.0,0.0,0.0
2022-02-08 00:00:00+00:00,0.0,0.0,0.0,0.0,0.0,0.0,0.0,0.0,0.0,0.0,0.0,0.0
2022-02-09 00:00:00+00:00,0.0,0.0,0.0,0.0,0.0,0.0,0.0,0.0,0.0,0.0,0.0,0.0
2022-02-10 00:00:00+00:00,0.0,0.0,0.0,0.0,0.0,0.0,0.0,0.0,0.0,0.0,0.0,0.0
2022-02-11 00:00:00+00:00,0.0,0.0,0.0,0.0,0.0,0.0,0.0,0.0,0.0,0.0,0.0,0.0
2022-02-12 00:00:00+00:00,0.0,0.0,0.0,0.0,0.0,0.0,0.0,0.0,0.0,0.0,0.0,0.0
2022-02-13 00:00:00+00:00,0.0,0.0,0.0,0.0,0.0,0.0,0.0,0.0,0.0,0.0,0.0,0.0
2022-02-14 00:00:00+00:00,0.0,0.0,0.0,0.0,0.0,0.0,0.0,0.0,0.0,0.0,0.0,0.0
2022-02-15 00:00:00+00:00,0.0,0.0,0.0,0.0,0.0,0.0,0.0,0.0,0.0,0.0,0.0,0.0
2022-02-16 00:00:00+00:00,0.0,0.0,0.0,0.0,0.0,0.0,0.0,0.0,0.0,0.0,0.0,0.0
2022-02-17 00:00:00+00:00,0.0,0.0,0.0,0.0,0.0,0.0,0.0,0.0,0.0,0.0,0.0,0.0
2022-02-18 00:00:00+00:00,0.0,0.0,0.0,0.0,0.0,0.0,0.0,0.0,0.0,0.0,0.0,0.0
2022-02-19 00:00:00+00:00,0.0,0.0,0.0,0.0,0.0,0.0,0.0,0.0,0.0,0.0,0.0,0.0
2022-02-20 00:00:00+00:00,0.0,0.0,0.0,0.0,0.0,0.0,0.0,0.0,0.0,0.0,0.0,0.0
2022-02-21 00:00:00+00:00,0.0,0.0,0.0,0.0,0.0,0.0,0.0,0.0,0.0,0.0,0.0,0.0
2022-02-22 00:00:00+00:00,0.0,0.0,0.0,0.0,0.0,0.0,0.0,0.0,0.0,0.0,0.0,0.0
2022-02-23 00:00:00+00:00,0.0,0.0,0.0,0.0,0.0,0.0,0.0,0.0,0.0,0.0,0.0,0.0
2022-02-24 00:00:00+00:00,0.0,0.0,0.0,0.0,0.0,0.0,0.0,0.0,0.0,0.0,0.0,0.0
2022-02-25 00:00:00+00:00,0.0,0.0,0.0,0.0,0.0,0.0,0.0,0.0,0.0,0.0,0.0,0.0
2022-02-26 00:00:00+00:00,0.0,0.0,0.0,0.0,0.0,0.0,0.0,0.0,0.0,0.0,0.0,0.0
2022-02-27 00:00:00+00:00,0.0,0.0,0.0,0.0,0.0,0.0,0.0,0.0,0.0,0.0,0.0,0.0
2022-02-28 00:00:00+00:00,0.0,0.0,0.0,0.0,0.0,0.0,0.0,0.0,0.0,0.0,0.0,0.0
2022-03-01 00:00:00+00:00,0.0,0.0,0.0,0.0,0.0,0.0,0.0,0.0,0.0,0.0,0.0,0.0
2022-03-02 00:00:00+00:00,0.0,0.0,0.0,0.0,0.0,0.0,0.0,0.0,0.0,0.0,0.0,0.0
2022-03-03 00:00:00+00:00,0.0,0.0,0.0,0.0,0.0,0.0,0.0,0.0,0.0,0.0,0.0,0.0
2022-03-04 00:00:00+00:00,0.0,0.0,0.0,0.0,0.0,0.0,0.0,0.0,0.0,0.0,0.0,0.0
2022-03-05 00:00:00+00:00,0.0,0.0,0.0,0.0,0.0,0.0,0.0,0.0,0.0,0.0,0.0,0.0
2022-03-06 00:00:00+00:00,0.0,0.0,0.0,0.0,0.0,0.0,0.0,0.0,0.0,0.0,0.0,0.0
2022-03-07 00:00:00+00:00,0.0,0.0,0.0,0.0,0.0,0.0,0.0,0.0,0.0,0.0,0.0,0.0
2022-03-08 00:00:00+00:00,0.0,0.0,0.0,0.0,0.0,0.0,0.0,0.0,0.0,0.0,0.0,0.0
2022-03-09 00:00:00+00:00,0.0,0.0,0.0,0.0,0.0,0.0,0.0,0.0,0.0,0.0,0.0,0.0
2022-03-10 00:00:00+00:00,0.0,0.0,0.0,0.0,0.0,0.0,0.0,0.0,0.0,0.0,0.0,0.0
2022-03-11 00:00:00+00:00,0.0,0.0,0.0,0.0,0.0,0.0,0.0,0.0,0.0,0.0,0.0,0.0
2022-03-12 00:00:00+00:00,0.0,0.0,0.0,0.0,0.0,0.0,0.0,0.0,0.0,0.0,0.0,0.0
2022-03-13 00:00:00+00:00,0.0,0.0,0.0,0.0,0.0,0.0,0.0,0.0,0.0,0.0,0.0,0.0
2022-03-14 00:00:00+00:00,0.0,0.0,0.0,0.0,0.0,0.0,0.0,0.0,0.0,0.0,0.0,0.0
2022-03-15 00:00:00+00:00,0.0,0.0,0.0,0.0,0.0,0.0,0.0,0.0,0.0,0.0,0.0,0.0
2022-03-16 00:00:00+00:00,0.0,0.0,0.0,0.0,0.0,0.0,0.0,0.0,0.0,0.0,0.0,0.0
2022-03-17 00:00:00+00:00,0.0,0.0,0.0,0.0,0.0,0.0,0.0,0.0,0.0,0.0,0.0,0.0
2022-03-18 00:00:00+00:00,0.0,0.0,0.0,0.0,0.0,0.0,0.0,0.0,0.0,0.0,0.0,0.0
2022-03-19 00:00:00+00:00,0.0,0.0,0.0,0.0,0.0,0.0,0.0,0.0,0.0,0.0,0.0,0.0
2022-03-20 00:00:00+00:00,0.0,0.0,0.0,0.0,0.0,0.0,0.0,0.0,0.0,0.0,0.0,0.0
2022-03-21 00:00:00+00:00,0.0,0.0,0.0,0.0,0.0,0.0,0.0,0.0,0.0,0.0,0.0,0.0
2022-03-22 00:00:00+00:00,0.0,0.0,0.0,0.0,0.0,0.0,0.0,0.0,0.0,0.0,0.0,0.0
2022-03-23 00:00:00+00:00,0.0,0.0,0.0,0.0,0.0,0.0,0.0,0.0,0.0,0.0,0.0,0.0
2022-03-24 00:00:00+00:00,0.0,0.0,0.0,0.0,0.0,0.0,0.0,0.0,0.0,0.0,0.0,0.0
2022-03-25 00:00:00+00:00,0.0,0.0,0.0,0.0,0.0,0.0,0.0,0.0,0.0,0.0,0.0,0.0
2022-03-26 00:00:00+00:00,0.0,0.0,0.0,0.0,0.0,0.0,0.0,0.0,0.0,0.0,0.0,0.0
2022-03-27 00:00:00+00:00,0.0,0.0,0.0,0.0,0.0,0.0,0.0,0.0,0.0,0.0,0.0,0.0
2022-03-28 00:00:00+00:00,0.0,0.0,0.0,0.0,0.0,0.0,0.0,0.0,0.0,0.0,0.0,0.0
2022-03-29 00:00:00+00:00,0.0,0.0,0.0,0.0,0.0,0.0,0.0,0.0,0.0,0.0,0.0,0.0
2022-03-30 00:00:00+00:00,0.0,0.0,0.0,0.0,0.0,0.0,0.0,0.0,0.0,0.0,0.0,0.0
2022-03-31 00:00:00+00:00,0.0,0.0,0.0,0.0,0.0,0.0,0.0,0.0,0.0,0.0,0.0,0.0
2022-04-01 00:00:00+00:00,0.0,0.0,0.0,0.0,0.0,0.0,0.0,0.0,0.0,0.0,0.0,0.0
2022-04-02 00:00:00+00:00,0.0,0.0,0.0,0.0,0.0,0.0,0.0,0.0,0.0,0.0,0.0,0.0
2022-04-03 00:00:00+00:00,0.0,0.0,0.0,0.0,0.0,0.0,0.0,0.0,0.0,0.0,0.0,0.0
2022-04-04 00:00:00+00:00,0.0,0.0,0.0,0.0,0.0,0.0,0.0,0.0,0.0,0.0,0.0,0.0
2022-04-05 00:00:00+00:00,0.0,0.0,0.0,0.0,0.0,0.0,0.0,0.0,0.0,0.0,0.0,0.0
2022-04-06 00:00:00+00:00,0.0,0.0,0.0,0.0,0.0,0.0,0.0,0.0,0.0,0.0,0.0,0.0
2022-04-07 00:00:00+00:00,0.0,0.0,0.0,0.0,0.0,0.0,0.0,0.0,0.0,0.0,0.0,0.0
2022-04-08 00:00:00+00:00,0.0,0.0,0.0,0.0,0.0,0.0,0.0,0.0,0.0,0.0,0.0,0.0
2022-04-09 00:00:00+00:00,0.0,0.0,0.0,0.0,0.0,0.0,0.0,0.0,0.0,0.0,0.0,0.0
2022-04-10 00:00:00+00:00,0.0,0.0,0.0,0.0,0.0,0.0,0.0,0.0,0.0,0.0,0.0,0.0
2022-04-11 00:00:00+00:00,0.0,0.0,0.0,0.0,0.0,0.0,0.0,0.0,0.0,0.0,0.0,0.0
2022-04-12 00:00:00+00:00,0.0,0.0,0.0,0.0,0.0,0.0,0.0,0.0,0.0,0.0,0.0,0.0
2022-04-13 00:00:00+00:00,0.0,0.0,0.0,0.0,0.0,0.0,0.0,0.0,0.0,0.0,0.0,0.0
2022-04-14 00:00:00+00:00,0.0,0.0,0.0,0.0,0.0,0.0,0.0,0.0,0.0,0.0,0.0,0.0
2022-04-15 00:00:00+00:00,0.0,0.0,0.0,0.0,0.0,0.0,0.0,0.0,0.0,0.0,0.0,0.0
2022-04-16 00:00:00+00:00,0.0,0.0,0.0,0.0,0.0,0.0,0.0,0.0,0.0,0.0,0.0,0.0
2022-04-17 00:00:00+00:00,0.0,0.0,0.0,0.0,0.0,0.0,0.0,0.0,0.0,0.0,0.0,0.0
2022-04-18 00:00:00+00:00,0.0,0.0,0.0,0.0,0.0,0.0,0.0,0.0,0.0,0.0,0.0,0.0
2022-04-19 00:00:00+00:00,0.0,0.0,0.0,0.0,0.0,0.0,0.0,0.0,0.0,0.0,0.0,0.0
2022-04-20 00:00:00+00:00,0.0,0.0,0.0,0.0,0.0,0.0,0.0,0.0,0.0,0.0,0.0,0.0
2022-04-21 00:00:00+00:00,0.0,0.0,0.0,0.0,0.0,0.0,0.0,0.0,0.0,0.0,0.0,0.0
2022-04-22 00:00:00+00:00,0.0,0.0,0.0,0.0,0.0,0.0,0.0,0.0,0.0,0.0,0.0,0.0
2022-04-23 00:00:00+00:00,0.0,0.0,0.0,0.0,0.0,0.0,0.0,0.0,0.0,0.0,0.0,0.0
2022-04-24 00:00:00+00:00,0.0,0.0,0.0,0.0,0.0,0.0,0.0,0.0,0.0,0.0,0.0,0.0
2022-04-25 00:00:00+00:00,0.0,0.0,0.0,0.0,0.0,0.0,0.0,0.0,0.0,0.0,0.0,0.0
2022-04-26 00:00:00+00:00,0.0,0.0,0.0,0.0,0.0,0.0,0.0,0.0,0.0,0.0,0.0,0.0
2022-04-27 00:00:00+00:00,0.0,0.0,0.0,0.0,0.0,0.0,0.0,0.0,0.0,0.0,0.0,0.0
2022-04-28 00:00:00+00:00,0.0,0.0,0.0,0.0,0.0,0.0,0.0,0.0,0.0,0.0,0.0,0.0
2022-04-29 00:00:00+00:00,0.0,0.0,0.0,0.0,0.0,0.0,0.0,0.0,0.0,0.0,0.0,0.0
2022-04-30 00:00:00+00:00,0.0,0.0,0.0,0.0,0.0,0.0,0.0,0.0,0.0,0.0,0.0,0.0
2022-05-01 00:00:00+00:00,0.0927092166291905,0.15538088448009837,0.08354750544977382,0.05684210271573196,0.09875330599615097,0.0708679740612317,0.07673028778773548,0.054841009740835764,0.05628981457169645,0.1089219228481392,0.08652245187244068,0.05859352384697499
2022-05-02 00:00:00+00:00,0.09232322568143257,0.1547876231778159,0.08371189680446162,0.05627213005129469,0.09903761029749976,0.07093814806525625,0.07738736052239792,0.05498239518857723,0.05660729897656856,0.1077711846507082,0.08692572366942747,0.05925540291455994
2022-05-03 00:00:00+00:00,0.0922893229048177,0.15485355943085768,0.08371480887539866,0.056266108034898815,0.09900463676035001,0.07092821853031234,0.0774268900331385,0.05495335740077022,0.05659250140793914,0.1077593530562563,0.08696286812696077,0.05924837543829987
2022-05-04 00:00:00+00:00,0.09231527494775076,0.1547524987894814,0.08367162444925988,0.05628470998099641,0.09901142392964193,0.07094709483800174,0.07741966375267628,0.05494833224990393,0.05665971167025267,0.10771764439026599,0.08697077130867198,0.05930124969309696
2022-05-05 00:00:00+00:00,0.09198110229348429,0.1541692850990012,0.08530467596033216,0.05618759902700589,0.09990329191889012,0.07107701776173377,0.07583123583256846,0.05555670974448716,0.057283395717509136,0.1064809546309243,0.08683359691014163,0.059391135103921765
2022-05-06 00:00:00+00:00,0.09106375243035936,0.1577079902263273,0.0864232066414406,0.05554273223610307,0.10227595067589854,0.07137715319295386,0.0730836404343953,0.056910614757562,0.05725288890011074,0.10475791920867343,0.08494520694387725,0.05865894435229861
2022-05-07 00:00:00+00:00,0.09099091057367849,0.15785225254952814,0.08647106156449097,0.055534939930331095,0.10227249875556327,0.0713918229920812,0.07298082645143648,0.05691159534657785,0.05723755079027906,0.10472732795860878,0.08497235771355748,0.05865685537386707
2022-05-08 00:00:00+00:00,0.09110936110738255,0.15725310899509642,0.08615394274398964,0.055571441817643445,0.10261181946730882,0.07145388799350534,0.07297286277839217,0.057238791972157914,0.05739432909175986,0.10464543039484119,0.08502550537355373,0.058569518264368986
2022-05-09 00:00:00+00:00,0.09105506260078537,0.15704885024325657,0.0860466045262802,0.05558515444502516,0.10238533990222137,0.07148178187805379,0.07272065452423049,0.05763325133550243,0.05737724123206097,0.10478663500300031,0.08525068924011159,0.05862873506947175
2022-05-10 00:00:00+00:00,0.09887270329492354,0.12750955801397493,0.08647350266528292,0.060409385001866205,0.08085214403461323,0.07492299926994388,0.07832197901842486,0.0649804081391376,0.06413607755497834,0.11050763811748336,0.0856053524782523,0.06347227489053875
2022-05-11 00:00:00+00:00,0.09908388369788304,0.12357278834636548,0.08570424089955601,0.06043517479300416,0.07881840857284861,0.0750110104448468,0.07892647265321145,0.06585194114117365,0.06394603229058825,0.11188643854589712,0.0855415907132666,0.06351000971756462
2022-05-12 00:00:00+00:00,0.09854924591947009,0.12133053642655603,0.0731208503544937,0.053224942149525674,0.06515191228380594,0.06531026908225297,0.07711026168347376,0.058432804038659455,0.055414285445465124,0.10897308300515007,0.07344334032264102,0.0559015963231561
2022-05-13 00:00:00+00:00,0.0983585490890588,0.12107640584597322,0.07321062313961936,0.053248355616562645,0.06516180666944295,0.06519365379775076,0.07719322862404498,0.05853828100619033,0.05531376755619258,0.10910954501330906,0.0734485077437809,0.055885004470460437
2022-05-14 00:00:00+00:00,0.09830247126900915,0.1205798385894888,0.07293349768482461,0.05293864248099292,0.06526858276365227,0.06504751799419149,0.07756631710295091,0.058812652927336985,0.05543244358011469,0.10930885097092938,0.07357634020237762,0.055990322366509394
2022-05-15 00:00:00+00:00,0.09811617723979038,0.1206900304674479,0.07289689567743711,0.052829182286796436,0.06529969758590341,0.06506927509644002,0.07756935792633783,0.058796324839063954,0.05546844183014586,0.10915465259414205,0.07359753012985885,0.0560426525543543
2022-05-16 00:00:00+00:00,0.09766138815994486,0.12064752229226987,0.07278522187637236,0.05295783140977384,0.065439339763474,0.06479436204427926,0.0777099585335432,0.05877104438216566,0.0555416242588394,0.10940410165505653,0.07371859547206089,0.05599198079303459
2022-05-17 00:00:00+00:00,0.09772300852803872,0.12071822194301621,0.07276083325410371,0.052867630179376804,0.06551371969631802,0.06483815322830229,0.07760820136861968,0.05853514155500717,0.05563551917753657,0.10933933640496689,0.07374848876191681,0.05610051414743856
2022-05-18 00:00:00+00:00,0.0976071434718612,0.12072305989952896,0.07276715801493679,0.05292627622460961,0.06561833976559069,0.06487030244445349,0.07769265909494158,0.05852730666855563,0.05565583011098053,0.10939024969266777,0.07346056689243412,0.056174219878439104
2022-05-19 00:00:00+00:00,0.09747094244061402,0.12069277592487106,0.07274237636843275,0.05275637274990068,0.06568018456748072,0.06464800626157222,0.07757118538399138,0.059218576968066206,0.055627200390207125,0.10975717046161618,0.07319590529556537,0.056131377398774926
2022-05-20 00:00:00+00:00,0.09747988008891796,0.12068838633375316,0.07250237597351628,0.05280422137400586,0.06576949110913984,0.0646692723623193,0.07777952128491951,0.05940688464338927,0.05573548315321542,0.10976009815866818,0.07292830724849787,0.056183964135916246
2022-05-21 00:00:00+00:00,0.09747411472221837,0.12070271808631097,0.07252703620286724,0.05281823163014383,0.06576775282631776,0.06468919557471466,0.07776338150420288,0.05940888581160197,0.05575306694578272,0.1098525085825987,0.07286150576491034,0.05617432524366156
2022-05-22 00:00:00+00:00,0.09744760662671038,0.1206914380057954,0.07249090952471192,0.05281460992005743,0.06578944056943199,0.0646889433391555,0.07775702415655446,0.05942419142252636,0.05576096201721814,0.11004332430989956,0.07285872511933361,0.056172218087565
2022-05-23 00:00:00+00:00,0.09737467637580464,0.12066868358121051,0.0724749251877307,0.05282825149197795,0.06580513411703195,0.0646897432133698,0.07773284717557527,0.059439117246598734,0.05576135433847088,0.11031415894845915,0.07284128473124143,0.05616018967357856
2022-05-24 00:00:00+00:00,0.09738924250342085,0.12068565381521223,0.07248254322411077,0.05280676706822701,0.06581757820323697,0.06470679445317928,0.07775040402083813,0.059447939143554986,0.055739790784717705,0.11031472294064115,0.07285922220114034,0.056139364921832954
2022-05-25 00:00:00+00:00,0.09742146941384217,0.12074161247916089,0.07238489768620533,0.05272928962339801,0.06590985592510291,0.06475048106347604,0.077861092510898,0.05951623149398882,0.05567906568630192,0.11025746936280535,0.07289325422362285,0.056136924297904164
2022-05-26 00:00:00+00:00,0.0974300796221035,0.12078027995837855,0.0723832110153571,0.05272512853099551,0.06592119863468109,0.06476529470736322,0.07782584400290436,0.05952813799162675,0.055680434297126595,0.11024935037307029,0.07287232020365056,0.056124274619199235
2022-05-27 00:00:00+00:00,0.09743538021513984,0.12098066651101373,0.07195390143960038,0.052746867822362264,0.06596921763779451,0.06473516301516333,0.07772949833575363,0.059647893877233474,0.05572564280018787,0.11064819548936294,0.07282796725516655,0.05639334615249163
2022-05-28 00:00:00+00:00,0.0977031043383918,0.12121216205398196,0.07211903890080766,0.053446036191136886,0.06637813748653433,0.06430314154191111,0.07792170651251876,0.05915295488628534,0.055528459453144656,0.10911622887363308,0.07292638453558888,0.05614584700459117
2022-05-29 00:00:00+00:00,0.09769555360303656,0.12157881150767659,0.0721287625834823,0.05347379124847709,0.06659224051332775,0.06424178208036901,0.0780145446184226,0.05910551019968544,0.0555418261140128,0.10772718162492705,0.07303171747252521,0.055884369788120364
2022-05-30 00:00:00+00:00,0.09773985030959483,0.12155139382720245,0.07233208893221511,0.05347082526299138,0.06661827325945495,0.06393507511742044,0.07804850932035488,0.059227954289674395,0.055527540599685524,0.10797835994964675,0.07313664512456736,0.05575159741399083
2022-05-31 00:00:00+00:00,0.09870672165535667,0.1188885242966633,0.0720454608059396,0.05381327005988105,0.06604437410164787,0.06282575084919646,0.07949534409183087,0.060426237170631454,0.055525746053598085,0.10497968487682208,0.07387428433819826,0.05544487662090723
2022-06-01 00:00:00+00:00,0.09857384530637027,0.11895342301464304,0.07205401343387735,0.05381999131870416,0.06614141001637253,0.06282979789880058,0.07939215938463336,0.06029589227781539,0.055565554742633035,0.10497469767684667,0.07385385547343941,0.05543948483835762
2022-06-02 00:00:00+00:00,0.09876472180361603,0.11901386294035315,0.07204651103806262,0.05395437160460349,0.06588195007320452,0.06280034961036139,0.07970869116738637,0.06006078880819837,0.055666913919268646,0.10520486874474767,0.07376561563137654,0.05582349931492438
2022-06-03 00:00:00+00:00,0.09880192002036182,0.11920518168446398,0.0720863210059313,0.053872305478147545,0.06591599726831886,0.06260540949566265,0.07947467050139502,0.060301615966513934,0.055703448739510816,0.10362270617738539,0.07370241836963512,0.05581248367627976
2022-06-04 00:00:00+00:00,0.09766240129070755,0.11948824672954254,0.07241771579119927,0.0538523133567624,0.06576545110219209,0.06286646790262336,0.0786044748843987,0.06013359959425411,0.0556441856732048,0.10147756331803671,0.0737000611126249,0.05562020546713909
2022-06-05 00:00:00+00:00,0.09755927366913068,0.11965383521841129,0.07243577591147383,0.05394253456500356,0.06580478880367148,0.06306429489361588,0.07798810493968789,0.060061797891242656,0.05568953924868173,0.10185226177122798,0.07375206590333631,0.055249202782974544
2022-06-06 00:00:00+00:00,0.0975094074064921,0.11962101325395294,0.07243937486645313,0.05395004571437427,0.06580863179006041,0.06305610916438192,0.07797916404274456,0.060076173738240306,0.0556802213842836,0.10186883793356913,0.07375469339651629,0.05523474994569003
2022-06-07 00:00:00+00:00,0.0983687796355218,0.1190133007377536,0.07245616042595845,0.05361764374270479,0.06612361162269444,0.06287871913687422,0.07824427410787804,0.06016538327132832,0.05506193462818686,0.10002541150939638,0.07402026964340354,0.05567627752884944
2022-06-08 00:00:00+00:00,0.09798080423512719,0.1184111028846483,0.08226743634648928,0.06105033460330314,0.07532710270463468,0.0714739169186413,0.07810716352174422,0.0729879849153696,0.06242615947131549,0.10025824777860538,0.08412547601248861,0.06332957394312755
2022-06-09 00:00:00+00:00,0.09806143593403722,0.11859067544830501,0.0823285399716237,0.06103476982630763,0.07533353620566238,0.0715097468212971,0.0781435551091167,0.07296480368404154,0.06242472611883975,0.10014503577802097,0.08396053682482398,0.06340814423144547
2022-06-10 00:00:00+00:00,0.09803919627416542,0.11859176317616396,0.08232843961119171,0.06101234682115808,0.07533526134997318,0.07150321996163767,0.07815085232389063,0.07297362391663798,0.062381551774099465,0.10015807537715277,0.08399614383834723,0.06344303664359265
2022-06-11 00:00:00+00:00,0.0987323930623418,0.11794034779356376,0.08252100211387386,0.060545293515590445,0.07482621500690292,0.07248215287783542,0.07790000774994986,0.07155409045854173,0.06205927023834655,0.09901755899494483,0.08289383007970004,0.06467223616775068
2022-06-12 00:00:00+00:00,0.0993149884237873,0.11474915815504687,0.07296867950700202,0.05373508926768123,0.06607903506054329,0.0664647758361725,0.0771854270138796,0.057190461480013895,0.05369992832008374,0.09836440851256491,0.07027318701392088,0.0595888435145825
2022-06-13 00:00:00+00:00,0.09792043029989866,0.11444160573852019,0.0743291638875494,0.0548291773784329,0.06657461248509779,0.0671106671267174,0.07648265825111847,0.05554043819286039,0.0529647705981825,0.09601021167623125,0.06854746094876292,0.060103709382396724
2022-06-14 00:00:00+00:00,0.09841334501019632,0.08445600831694498,0.06963383667193666,0.053017746712916355,0.06270356747172674,0.06468019342910929,0.07760291778472331,0.05313073381076592,0.04859210080394532,0.09971880991498454,0.0637858127826547,0.07512265568079
2022-06-15 00:00:00+00:00,0.0968418614287315,0.0839590027617161,0.07017197308435172,0.053078377083387016,0.06294834352089458,0.06481834755452891,0.07808653653949499,0.05258573695067109,0.04932558717584338,0.10072963310079719,0.06311263186860709,0.07369964504167537
2022-06-16 00:00:00+00:00,0.09823206259361798,0.07413800921427932,0.06383450141528144,0.04711323700335058,0.05633937599455256,0.056867462122275274,0.05380041930857182,0.04724952241624497,0.04451484071353222,0.1010478222380323,0.05614263181191187,0.07341191388201974
2022-06-17 00:00:00+00:00,0.10051813215783884,0.08324657138760691,0.07207057811095902,0.0521908466425872,0.06352194545950536,0.0630861748985713,0.08020566821835802,0.053268600257547656,0.04933202321496662,0.10077394527473132,0.063283260028256,0.0728428757704869
2022-06-18 00:00:00+00:00,0.10062903945063623,0.08324106022038934,0.07210854355493175,0.052248671675606005,0.06356263325867957,0.06308680763435356,0.08037724232804841,0.05332040525484772,0.0492669130718707,0.10049369295882428,0.06316496532932138,0.07303411359653067
2022-06-19 00:00:00+00:00,0.10150679748474291,0.08332064775172113,0.07189884114024732,0.052518572333217474,0.06361864133919466,0.0628837968378807,0.0807289692365884,0.05344490350432266,0.04868242365386598,0.10022510199859049,0.06363217343955012,0.07282351698394879
2022-06-20 00:00:00+00:00,0.10238740035421233,0.08346515045038974,0.0720051685569442,0.05284541439973019,0.06341064974323576,0.06296002559190854,0.08165099432507142,0.05386130371895616,0.048510781690160036,0.10006546406320023,0.06294150584867536,0.07242638759761376
2022-06-21 00:00:00+00:00,0.10246730354852619,0.08358091008318655,0.07199840811312867,0.05271414588899464,0.0634726097055224,0.0629098156986669,0.08144307917434901,0.05372441623585055,0.04846687845762748,0.0995079309639372,0.06313281581702285,0.07214415786783308
2022-06-22 00:00:00+00:00,0.1026144127267196,0.08355775580067525,0.0720168062838895,0.0527902224920202,0.06330043900440578,0.06302376147362804,0.081449916189336,0.05372352379719154,0.048451891507875704,0.09973687449461434,0.06313559964031396,0.07192851089718678
2022-06-23 00:00:00+00:00,0.10228313713394277,0.08357126168885347,0.07203183749019605,0.05275464182472366,0.06321336277273772,0.06299014543883194,0.08172175119243485,0.05368778325473155,0.04860774686296418,0.09996921865559494,0.06314322066696143,0.07192159754864441
2022-06-24 00:00:00+00:00,0.10064201882407531,0.08361903251185214,0.07199834503506991,0.05290138316840844,0.06346768438335804,0.06311418501880654,0.08421865366790564,0.053835091232647105,0.04803250516162857,0.09970037156711482,0.06303177348822919,0.07217682983113631
2022-06-25 00:00:00+00:00,0.10006032099097294,0.08198718862628661,0.07216208434008782,0.053057927289594894,0.06372545973645626,0.06331992882214171,0.08653952813738879,0.053885029235793185,0.04828207953298607,0.09906544067191671,0.0635803024166535,0.07237307880501224
2022-06-26 00:00:00+00:00,0.09994344734049375,0.08196909060466412,0.0722569135982353,0.053137642832198885,0.06370272352913513,0.06338592623294961,0.08668537541901955,0.05389621628217721,0.04834465809173055,0.09901253789330505,0.06330682882890919,0.07222066048095549
2022-06-27 00:00:00+00:00,0.09996108657503328,0.08194607686455849,0.07223004312432862,0.05315938833988297,0.06374445992981467,0.06336668298478272,0.08671135344437954,0.05392608299656289,0.04833725854450761,0.09891054805748652,0.06329000721556198,0.07219427051326505
2022-06-28 00:00:00+00:00,0.09994257849930442,0.08195979731091187,0.07222983337671707,0.05315477736343453,0.06373487857935495,0.0633729048548038,0.08668990854817259,0.053923206722534874,0.048338425024055345,0.09890480469085468,0.0632861767681876,0.07222457864222544
2022-06-29 00:00:00+00:00,0.10016011550859756,0.08169689732584472,0.07243733718132972,0.05271677025551652,0.06370600731855663,0.06344511272195323,0.08627042627154038,0.05402958510484865,0.04857635787808908,0.09930793317864503,0.06339193221386141,0.07225023672409162
2022-06-30 00:00:00+00:00,0.10011545348931286,0.08161307835391704,0.07237869338703694,0.05253070962460658,0.06407450003903604,0.0634792613255066,0.08618313661968598,0.05371633153865157,0.04860824920246157,0.09903151898550132,0.06359917652878372,0.07232784494572932
2022-07-01 00:00:00+00:00,0.1001999042086396,0.08162753081471319,0.07238477017360492,0.052552952151001156,0.06403389326967339,0.06344697626301077,0.08592503457761128,0.05376657783961021,0.04856412997298319,0.09871217130100117,0.06362316951540316,0.07240956240516407
2022-07-02 00:00:00+00:00,0.10032334471686588,0.08139382711725114,0.07253552420101866,0.052096512753456385,0.0643053509444953,0.06369791979005121,0.08556112773946535,0.05378228694946508,0.048543998250424554,0.09920743301061037,0.0636445799938376,0.07225210831305047
2022-07-03 00:00:00+00:00,0.09922971641063849,0.08225056025241911,0.07221079346146395,0.052081371039815604,0.06472537016196742,0.06307247677947124,0.08386341517389764,0.05358149392442108,0.04824375231275208,0.10452150516819228,0.06383418206768962,0.07277624400332808
2022-07-04 00:00:00+00:00,0.09936842442466026,0.09192863600168173,0.0809056949032267,0.058311021567781965,0.07248965883850228,0.07064618657362365,0.08373158476816006,0.06828996903694398,0.05424270828510898,0.10373357817696849,0.07147609383007472,0.0729595189152215
2022-07-05 00:00:00+00:00,0.10010665410127051,0.10784482120273989,0.07728199269323961,0.05253853162915606,0.06880249218315597,0.06570100561637542,0.08269918854860872,0.05681025345662153,0.04980144667902575,0.10108122249219889,0.06919021426876056,0.05987406347366521
2022-07-06 00:00:00+00:00,0.09772845600658442,0.1088938434355676,0.0773284910697185,0.05243780160091444,0.06901456169751695,0.06657966571525567,0.08294517062916155,0.0564328041486306,0.04955934582172957,0.10014336502877821,0.06834633427310523,0.06030099567312906
2022-07-07 00:00:00+00:00,0.10075434058088921,0.10793260943583774,0.07838393529451423,0.05219644392393973,0.06862633987131835,0.06757580011827602,0.08462559129243523,0.05617359283735541,0.04874805267818468,0.09659310921492047,0.06836546253831134,0.05993037273810021
2022-07-08 00:00:00+00:00,0.10074117757712381,0.10791202016857313,0.0785430144266287,0.05212119087899038,0.06869352009861385,0.06750137963945561,0.08491374123727119,0.05617220825834717,0.048925264605475555,0.09637488993088199,0.06819673052430811,0.059846691568180614
2022-07-09 00:00:00+00:00,0.1007189684236197,0.10772140317152018,0.07862401904460509,0.05222817475867694,0.0685521849847557,0.06738543206985291,0.08503604418095644,0.05619627196159545,0.04917595656175578,0.09626238203542675,0.06809406554938977,0.059743895069368363
2022-07-10 00:00:00+00:00,0.10117073147154214,0.10749520673458442,0.07881966916139961,0.05210859738943197,0.06858593110298565,0.06769897199579201,0.08542787733964792,0.05604392346009079,0.04889925618204669,0.09485063424011136,0.06829366454206334,0.05954998616618988
2022-07-11 00:00:00+00:00,0.10151942778747355,0.10759316242367428,0.07939882473192186,0.05215810033753194,0.06846286931918673,0.06808642812083962,0.0856344754096262,0.05571005209125227,0.04855963360032713,0.09088921707522264,0.06805002013049871,0.05957407166844171
2022-07-12 00:00:00+00:00,0.10104320410219597,0.10746921965240695,0.0800908314263561,0.05227910992152463,0.0676528056236805,0.06731762245262846,0.08595374867246784,0.05495118526436511,0.04989003187856603,0.09007797087412434,0.06777705996156441,0.060041353471314826
2022-07-13 00:00:00+00:00,0.10115296213179849,0.10789091865044675,0.0799766338540053,0.05209364582494753,0.06777112154364405,0.0667549321457393,0.08578277566532704,0.05475529127863205,0.05053448215660187,0.08951394971048413,0.06770582233937088,0.060408070857058974
2022-07-14 00:00:00+00:00,0.09923397156291706,0.10788054541988726,0.07900108832492425,0.05262844967216391,0.0679394077886761,0.06631321797937267,0.08371711309964106,0.05465233770277092,0.05204520523633543,0.08929931958589002,0.06721296075386364,0.06020733254189306
2022-07-15 00:00:00+00:00,0.0992753195830731,0.10772432674359032,0.07906606316468899,0.05254716316209925,0.06790677900031515,0.06628588652321173,0.08375457386494843,0.05455877113934876,0.05235582355494487,0.08916070431727746,0.06708392068544353,0.06019559276994767
2022-07-16 00:00:00+00:00,0.09927156562770338,0.10769450043795116,0.07908104344021726,0.052526717170799465,0.06792766414295705,0.06630179534302494,0.08375446264218821,0.05458540843230043,0.052353716600767965,0.0890914492156207,0.06706174063041576,0.060161914239517056
2022-07-17 00:00:00+00:00,0.09851465423515753,0.10780967756732601,0.0786684443185425,0.0525154015185972,0.06795323266591807,0.06673941278864591,0.08349096774156989,0.05475718062341532,0.05226164028181906,0.08920322208825744,0.06709615688886635,0.06000853091419551
2022-07-18 00:00:00+00:00,0.09822703418422665,0.10771684769719868,0.07852193446473069,0.05236234900299979,0.06790720714632895,0.0670198780804822,0.08347133673953736,0.054687239959531425,0.05229664440856704,0.08889560437240678,0.06730433778655133,0.05990040915080864
2022-07-19 00:00:00+00:00,0.09221108734254246,0.11043421451327728,0.07635368381127104,0.05348082080768647,0.07018729012356464,0.07173558261715349,0.08350229695865559,0.052809845081424965,0.04923148910869655,0.08309709564322854,0.06725441461463844,0.05894687383556437
2022-07-20 00:00:00+00:00,0.09176078988483263,0.11069068026800208,0.07612499354855207,0.05354155610054736,0.07003537387052046,0.07173763839434458,0.08355848110986727,0.0526104181872279,0.049611437262087096,0.08034598907088546,0.06769070393627548,0.05864787870044508
2022-07-21 00:00:00+00:00,0.08801437638596377,0.11272098400136393,0.09606991356673453,0.07126701715845199,0.08968446082574044,0.09040937598922087,0.08521244371393445,0.06898889679874691,0.06476187396428344,0.07232333847200516,0.08666806755606374,0.07387925156749095
2022-07-22 00:00:00+00:00,0.08841364174566008,0.11272947277301232,0.09564832664818333,0.07168630645270445,0.08949577280729842,0.08998733303039785,0.08511856106314265,0.07046753591048342,0.06532374958256046,0.07065546991901961,0.08627433027661396,0.07419949979092347
2022-07-23 00:00:00+00:00,0.08760545428622361,0.11283459575222089,0.0960286941831247,0.07169143463840108,0.08972819507746771,0.08997122656087993,0.08486106098354158,0.07118956251155784,0.06522682210915212,0.07076983598752687,0.08594343389138144,0.07414968401852236
2022-07-24 00:00:00+00:00,0.08782940740409045,0.11282708152906155,0.09612614070965544,0.07199134346349294,0.08980812465350829,0.08997722883206212,0.08482522998025437,0.0709831032542976,0.06553086303620988,0.06986008253817001,0.08586207160013558,0.0743793229990617
2022-07-25 00:00:00+00:00,0.0878000109317554,0.11278527002655707,0.09621062268833427,0.07209316797321366,0.08994469673588483,0.08983607458093858,0.08500755570577133,0.0709831807399,0.06566063198822752,0.06977395447631408,0.08565865209112855,0.07424618206197459
2022-07-26 00:00:00+00:00,0.08679354680250059,0.11258993699034028,0.09643016904057111,0.07381703595273267,0.0919243785513161,0.08971622036788601,0.08369393004863769,0.07060625912687334,0.06521597541288936,0.06856984055982804,0.08574001492567895,0.07490269222074572
2022-07-27 00:00:00+00:00,0.08683910501075683,0.11268141432802171,0.09650339386765382,0.07383284230537221,0.09194918118696647,0.08962265116597594,0.08360481475712492,0.07053267537930659,0.06530518198963657,0.06864209408277765,0.08556103091016797,0.07492561501623933
2022-07-28 00:00:00+00:00,0.0874856314502517,0.1129265237690666,0.09531712297195606,0.07466190003104974,0.09307125681241392,0.09000124438300328,0.08260465762498244,0.07033320461212182,0.06457085647620264,0.06823816845982683,0.08517935457642017,0.07561007883270474
2022-07-29 00:00:00+00:00,0.08732843817899413,0.11277911545609268,0.09538925412821185,0.0748704550093822,0.0931786765510116,0.09017959013234188,0.08273808979753608,0.07051841712094421,0.06456507529406696,0.06832382788370124,0.08463682860873226,0.0754922318389851
2022-07-30 00:00:00+00:00,0.0874661803389979,0.11296603868054853,0.09518223105174156,0.07483990298459962,0.09327862862915609,0.09018936260148538,0.08282808464373578,0.070346837996569,0.06463767496224052,0.068401371996228,0.08483370215697085,0.07502998395772671
2022-07-31 00:00:00+00:00,0.08741760711394728,0.11272411285250117,0.09523038293829034,0.0749322230227298,0.09330694887961269,0.09021290023997137,0.08293991932539468,0.07023389573012047,0.06469529261906523,0.0685849392790346,0.08485714561692365,0.07486463238240872
2022-08-01 00:00:00+00:00,0.0870770539616117,0.11262203907092827,0.09525965206196839,0.07531748263918348,0.09329362165742282,0.0902462792942155,0.08298408184558889,0.07002726564311734,0.0647611084889961,0.06861302797919439,0.08497456175795998,0.07482382559981304
2022-08-02 00:00:00+00:00,0.08644117596886416,0.11227793532636794,0.09539014029432513,0.0749351239856428,0.09342066745617071,0.08993688097732151,0.08328143130007694,0.06974124199370459,0.06476478200705657,0.06932369320427269,0.08517909018035709,0.07530783730583977
2022-08-03 00:00:00+00:00,0.086125761565098,0.11241304748012794,0.09577547041573146,0.07489032670787897,0.09326170803386997,0.08993160237070341,0.08319608460982077,0.06963777144090033,0.06485199768496752,0.06935767920850033,0.08524785140083099,0.07531069908157018
2022-08-04 00:00:00+00:00,0.08567758101890072,0.11239388166666767,0.09497159733414663,0.07440794266523854,0.09310047737093076,0.08991343244696456,0.0838022192275127,0.06980396504156929,0.0644316897457563,0.07047640889736961,0.08519137621597082,0.07582942836897237
2022-08-05 00:00:00+00:00,0.08585482625472733,0.1125008207696245,0.09459714945075781,0.07449594444630284,0.09327674912722764,0.08998840602746831,0.08374608524210844,0.06996557405320422,0.06447483995696975,0.07024177015921282,0.08505822354644343,0.07579961096595282
2022-08-06 00:00:00+00:00,0.08605229970411292,0.11286210136707897,0.09495432696794893,0.07398809172635977,0.09329961559409643,0.09001551466424121,0.08362929365083109,0.06983798096011504,0.06471262316587084,0.07029618609455238,0.08495025664432666,0.07540170946046575
2022-08-07 00:00:00+00:00,0.08613332437990959,0.11298009313577229,0.09494105598877511,0.07393460484935056,0.0930174442572414,0.09011499424234146,0.08404014465575299,0.06978761913543863,0.06459806683984494,0.07020076240515993,0.08484981881856192,0.07540207129185127
2022-08-08 00:00:00+00:00,0.08588046958357973,0.11244246097150128,0.09485333884210002,0.07367253972658555,0.09360501552443447,0.08998517186428628,0.08382243688219168,0.07012579743910714,0.06506075160733417,0.07043908592366613,0.08488067096298611,0.07523226067222731
2022-08-09 00:00:00+00:00,0.08583898736209725,0.11249133598698774,0.09500818064398067,0.07339583556436116,0.09371051357934808,0.08993799036521677,0.08390833304083459,0.07018577860417455,0.06509277910768747,0.07049860561565446,0.08477628274718416,0.07515537738247305
2022-08-10 00:00:00+00:00,0.08567675025807538,0.11144600084194253,0.09569200852670932,0.07346152321271314,0.09389973698858192,0.0892019242435857,0.08421979135848062,0.07008716333837857,0.06511151663235798,0.07075050397288472,0.08452711119939249,0.07592596942689743
2022-08-11 00:00:00+00:00,0.0863568968782933,0.1111927627337972,0.09597136292142662,0.07337466002906734,0.09394591547186977,0.08922555628830166,0.08328431163845015,0.07012771146158456,0.06538368862863538,0.07057846127534834,0.08418735100081587,0.0763713216724097
2022-08-12 00:00:00+00:00,0.08646535759581017,0.11143800926680025,0.09587130195455394,0.07329207429682343,0.09393574565350851,0.08921420603469149,0.08318960118882261,0.07014522254965704,0.06536530513428342,0.0704156129264377,0.08423002029512223,0.07643754310348934
2022-08-13 00:00:00+00:00,0.08621663161199893,0.11162284562764335,0.0959372537849057,0.07325258260652484,0.09377348126064072,0.0892670217249242,0.08313659084779862,0.0702241296995889,0.06545093632985288,0.07050157428772919,0.08424827498705269,0.07636867723133994
2022-08-14 00:00:00+00:00,0.0865043182094595,0.11157658048740862,0.09598239229386012,0.07319602892218649,0.09371825337447878,0.08912320480453896,0.0832011763117247,0.07006975837119969,0.06521611166035937,0.070611650383584,0.08421324280739968,0.07658728237380023
2022-08-15 00:00:00+00:00,0.08740855314260859,0.09226377613996108,0.08049116647256145,0.06179012876278074,0.09432896734373585,0.07521853480192706,0.08200107574175988,0.06995721119327833,0.055238890186692424,0.07116136273124962,0.07032880647646866,0.0646686971596087
2022-08-16 00:00:00+00:00,0.08745381496587272,0.11021730146766213,0.09622998620110537,0.07370076285457113,0.09372971967101164,0.08931066430670484,0.08206023254196619,0.07002826987403973,0.06551031013568906,0.07102104730879945,0.08357077666184465,0.07716711401073305
2022-08-17 00:00:00+00:00,0.08756960999580192,0.09341345936527327,0.0806550334570854,0.06184223286509034,0.09296866912606275,0.07432456444317356,0.08247525284291721,0.0699239806269258,0.05519383286179862,0.07099524565326673,0.06994755724239336,0.0646233197651855
2022-08-18 00:00:00+00:00,0.08760510602827824,0.09402410547776098,0.08045545067264019,0.061635752688823535,0.09216652101137177,0.07427571383066252,0.08205780147081314,0.07008158341418841,0.055166282833890086,0.0708803858352322,0.06995086837795285,0.06449182611826983
2022-08-19 00:00:00+00:00,0.08801084928134587,0.09389783139156477,0.08043425659912272,0.06170245498716445,0.09163538523649727,0.07403798429238004,0.0818338329964175,0.07044170404464505,0.05533027287916169,0.07082998030001503,0.07017719892591624,0.06442000092469008
2022-08-20 00:00:00+00:00,0.08787162159179385,0.09185868209724406,0.08066800243258956,0.062110253374523854,0.09112924838151473,0.0750092601009219,0.0807333741065506,0.06992102036221809,0.05568282221104455,0.07116317583350878,0.06963561969822733,0.06503536008544865
2022-08-21 00:00:00+00:00,0.08659247863801191,0.10161103766316783,0.0964437869820707,0.07328271618648191,0.09119716111633977,0.09223609978905455,0.0792937088541261,0.06874924601226863,0.06646718627070117,0.07348050601220123,0.08386381116704356,0.07833146173053486
2022-08-22 00:00:00+00:00,0.08613723678411506,0.10068138816180483,0.09793764483634942,0.07267498660714987,0.09039276389294322,0.0921466525428765,0.07897395290320895,0.06857184385319245,0.06618535215969946,0.07363451832839588,0.08452560454355998,0.07799502369143639
2022-08-23 00:00:00+00:00,0.0861741277436992,0.10069161487923084,0.09793845376179845,0.07268985818238519,0.09036537740378842,0.09214632724913611,0.07895804425914059,0.06859385370302545,0.06619040412035887,0.0736508209871974,0.08450435816203944,0.07798531089418716
2022-08-24 00:00:00+00:00,0.08649472739995794,0.10088198638185483,0.09788176453433112,0.0727105204965473,0.09024316904759273,0.09206920736687679,0.07916303242416146,0.0685645331030893,0.06615029646890594,0.07341481311322592,0.08448942487167736,0.07788600724668351
2022-08-25 00:00:00+00:00,0.08650528124422395,0.10015226660600503,0.09795390113833642,0.07278221354107842,0.08988952488860956,0.0920148339207441,0.07869205293345018,0.06875607213636697,0.06633994209805621,0.07413538865041476,0.08468828751500396,0.07808338910151999
2022-08-26 00:00:00+00:00,0.0865064444951358,0.10015304716732887,0.09792838421707896,0.0728360710965261,0.08975920944034559,0.09197386954834665,0.07870928841619614,0.0687524250253253,0.06629997071959232,0.07411564903547889,0.084674521129176,0.07810800567029771
2022-08-27 00:00:00+00:00,0.0836952153706013,0.08516826798594679,0.0835259631832085,0.0614130539377288,0.09011766986858552,0.07611186832790845,0.07823262352411223,0.06947971836060945,0.056325191141750885,0.07340350203834176,0.071755919662246,0.06569973576121065
2022-08-28 00:00:00+00:00,0.08262151278799859,0.10166398842154628,0.10249237774129023,0.07460288251184405,0.09061483297554757,0.0929976550766693,0.07808978010028607,0.07002850910736641,0.06887000181039303,0.07240939835283063,0.08555566379483076,0.08005339731939706
2022-08-29 00:00:00+00:00,0.08271261584834841,0.10138631731445262,0.10310103035215624,0.07462822908656155,0.09072454571144974,0.09263655857895498,0.07751408097190265,0.06938665460369561,0.06912617227514849,0.07253667087770789,0.08649681282970013,0.07975031154992174
2022-08-30 00:00:00+00:00,0.08156401298202581,0.08387388686299121,0.08487187367086457,0.06082372932075389,0.09075639429908096,0.07638998957384018,0.07836145175944294,0.06908477766312685,0.057534591281352826,0.07148976156102366,0.07184188819297302,0.06466404109722436
2022-08-31 00:00:00+00:00,0.08153035880328759,0.09891732808972904,0.10029067470239374,0.07173690695720494,0.09040792027557946,0.09319747837221726,0.07842378904792788,0.06917402486588811,0.06798520457371479,0.07143038898779647,0.08457802074645605,0.07649186493050145
2022-09-01 00:00:00+00:00,0.081188134823276,0.09849336403688266,0.1000721916903224,0.07204938290795063,0.09105483328166765,0.09354533713912021,0.07803128557889998,0.06916401215492182,0.06820110464845049,0.07115364165370602,0.08420531523298008,0.07697864148341378
2022-09-02 00:00:00+00:00,0.08122632012051383,0.0984402570405143,0.10039939328471717,0.07215994620944499,0.09107673804826294,0.0934910857303805,0.0780776157555039,0.06940582945034582,0.06805283264930549,0.07122513922126955,0.08375622456159777,0.07719134625442041
2022-09-03 00:00:00+00:00,0.0810576571460751,0.09835407909125556,0.10044446498684774,0.07209742429967107,0.09160105524671468,0.09369111684735949,0.07811339026838825,0.06954186325897409,0.06822139454456999,0.0710896729620734,0.08343915675479201,0.07744348032286369
2022-09-04 00:00:00+00:00,0.0809977814898953,0.09832575540570056,0.10025358020342512,0.07221608416204692,0.09167749769592334,0.09345989505818907,0.07803900919275285,0.06974735944797347,0.06821261245638717,0.0710697975662356,0.08335053372396965,0.07764143404847061
2022-09-05 00:00:00+00:00,0.08089940945295548,0.09824637811647852,0.1002055884508296,0.07228013636466123,0.09167705989708648,0.09323983978865426,0.07805073654708017,0.06983709035364696,0.06824164209666919,0.0710090149962232,0.08333177786498232,0.07769447710637918
2022-09-06 00:00:00+00:00,0.08047267715577922,0.09766768826286237,0.10038422992947353,0.07238873725931533,0.09232567234539532,0.09328240320753155,0.07809902844874857,0.07041268368126663,0.06838473592133464,0.07068398249539144,0.08286112776635499,0.07831348086065913
2022-09-07 00:00:00+00:00,0.08057189101360941,0.09760281929714713,0.10010309463634579,0.0723781172263717,0.09213960314383914,0.09341114147686277,0.07814828078198215,0.07010886474297828,0.06841581884557273,0.07047466890815068,0.08319641534242855,0.07830373465213411
2022-09-08 00:00:00+00:00,0.08075847649470412,0.09770972214544577,0.10042891588146487,0.07224030462385458,0.0925459251611554,0.09417358735865772,0.07765922619253683,0.07021327935726662,0.06882263872393679,0.07095961849536707,0.08329063231256438,0.07750778631273363
2022-09-09 00:00:00+00:00,0.08069258647693144,0.0977066592455063,0.10051735332451989,0.0721215915156532,0.09264464003213763,0.094291051417771,0.07765131092890243,0.07005492667721216,0.06885735060451476,0.07104664085100007,0.08329758351513974,0.07749946179466605
2022-09-10 00:00:00+00:00,0.08074470924736317,0.09736944538756218,0.10045558127417695,0.07184003837714137,0.09240953294125238,0.09463086168540971,0.07731188262916781,0.06960426900450284,0.06897113918268076,0.0706672936857308,0.08355062040303471,0.07781317537540401
2022-09-11 00:00:00+00:00,0.08044754257781121,0.09696676964060287,0.10054503912438625,0.07174722228662349,0.09226390056882164,0.09443892740259685,0.077300416148188,0.07030409415109067,0.06890341820247695,0.07040069147547004,0.0832048220910548,0.07863272865485577
2022-09-12 00:00:00+00:00,0.08049345467176595,0.09695150763150878,0.10049920504333437,0.07177233280570758,0.092255398340059,0.094413807866418,0.07732411470828991,0.07024925320286465,0.06889146366933435,0.07040014770050412,0.08316904078784704,0.07871645006226785
2022-09-13 00:00:00+00:00,0.07987938870733681,0.09685356251383165,0.10061496746754618,0.07170179759315636,0.092328985329757,0.09457178520868191,0.07766452021331698,0.07061293739365578,0.0693152416287395,0.07034272996480066,0.08305315651752482,0.07846127427920148
2022-09-14 00:00:00+00:00,0.07990377063434788,0.09693787499052883,0.10057213268918916,0.0718139713522684,0.09251442481305587,0.09443860638507041,0.07765292486941835,0.07071648328565207,0.0692198552523776,0.07055204837377645,0.0830300362065801,0.07842612950905575
2022-09-15 00:00:00+00:00,0.07984952706757767,0.09684796721390661,0.10054799977004732,0.07179931345118795,0.092445612787992,0.09444317316839122,0.077636428908128,0.07066925142505122,0.06923262289490908,0.07055562281124948,0.08313873009672228,0.07843336657322673
2022-09-16 00:00:00+00:00,0.07994118987656583,0.09691997526267584,0.09996142073237534,0.07172032853279353,0.09204619234661741,0.09472689192504624,0.0778692399434129,0.07031520185735413,0.0693336112886058,0.0703979892817999,0.08351720523683713,0.07854745894671238
2022-09-17 00:00:00+00:00,0.07971807131374649,0.09648152306350374,0.10011881207487881,0.07172154251120186,0.09178484453758903,0.09470436660226329,0.07873366271969755,0.07022447049735382,0.069430076872044,0.07003674537314215,0.08345180118064562,0.07879624429772603
2022-09-18 00:00:00+00:00,0.07961484484701069,0.09973890591534149,0.10284425208610182,0.07381830881330446,0.0916448024997058,0.09487707112948741,0.078673962664294,0.07003669954047594,0.07144544026274048,0.06999870267609769,0.08586360358661228,0.08144340597882799
2022-09-19 00:00:00+00:00,0.07953932224187742,0.10188926692198477,0.10259794763014628,0.07340242838745939,0.09159116465031077,0.09560888666782714,0.07778941527356796,0.06869638982200775,0.0708282753284317,0.06935933638373382,0.08610727818944512,0.08259028850320782
2022-09-20 00:00:00+00:00,0.07891627277347472,0.10211239166911928,0.10236711819116291,0.07374990491387824,0.09092309806248394,0.09754688253391738,0.07722976167209855,0.06868510090981386,0.07068487028638672,0.06904574539796546,0.08605629744881658,0.08268255614088238
2022-09-21 00:00:00+00:00,0.07904800781927222,0.10095614888825569,0.1022268743323739,0.07370552396604306,0.0912121000317811,0.09744282134274615,0.07674654993272965,0.06999643701380065,0.07056583512346765,0.06886091240774392,0.0862352604213549,0.08300352872043121
2022-09-22 00:00:00+00:00,0.07905829635576832,0.10071617001946429,0.10206574871905282,0.07374600092556324,0.09114011634542311,0.09808418625620738,0.076644253332756,0.06964010704793427,0.07055146010541609,0.06934646571907915,0.08603740700553185,0.08296978816780355
2022-09-23 00:00:00+00:00,0.0788313499036656,0.10328581706258914,0.10172271795741492,0.07360946246070839,0.09087623788318369,0.09802484348881878,0.07639191068591268,0.06932557575933052,0.07031975075360869,0.0691003550510682,0.08571743174545639,0.08279454724824296
2022-09-24 00:00:00+00:00,0.07854662862826105,0.10395797176729686,0.10201408766037759,0.0741289606422926,0.09047965935674103,0.09780958636458773,0.07645291798948238,0.06887096860505729,0.07005239491720791,0.06883512358167326,0.0856659208304595,0.08318577965656282
2022-09-25 00:00:00+00:00,0.0785722545813957,0.10398662159771141,0.10194548870822731,0.07412118309884455,0.09061293440751152,0.09775767767909174,0.07640345666491467,0.06888847118005376,0.0700573150073735,0.0688197135913481,0.0856593188707578,0.08317556461276993
2022-09-26 00:00:00+00:00,0.07878033437514441,0.10383483852030867,0.101963953970894,0.07415174444828238,0.09065675684925135,0.09779660715883946,0.07647474302287387,0.06867441313552441,0.07002709853473449,0.06876794412234474,0.08566442137572493,0.08320714448607722
2022-09-27 00:00:00+00:00,0.07903494049768332,0.10343283134312449,0.10208370457148845,0.07395379504728461,0.09068253377231118,0.09792886245678958,0.07650871746511458,0.06868496798216708,0.06998429687150944,0.06870418968723306,0.08567619601113012,0.08332496429416401
2022-09-28 00:00:00+00:00,0.07861928879915814,0.10378021684587935,0.10214080311740165,0.07405582956314866,0.09071496884357004,0.0981881064555783,0.07615588709807758,0.06857860250561357,0.07000694918993489,0.06850574775389934,0.08602724437211463,0.08322635545562393
2022-09-29 00:00:00+00:00,0.0784865515849382,0.10370897564424825,0.1022828184959608,0.0741565627505518,0.09070533481887313,0.09836641867892154,0.07602865118501587,0.06864873053367006,0.07003308354191203,0.06840848844848578,0.08591123931027378,0.08326314500714874
2022-09-30 00:00:00+00:00,0.078478190068994,0.10353958539645854,0.10237599055859384,0.07409127324203434,0.09077025746646217,0.09837725971349037,0.07604684992552693,0.06868580566870874,0.07009491832767628,0.0684138240903098,0.08590728819395448,0.08321875734779048
2022-10-01 00:00:00+00:00,0.07923990097384065,0.10325976769523434,0.10243336192445637,0.0740319169285913,0.0911394257201604,0.09844175993217817,0.07584503615943676,0.06850382434653035,0.0699000325749552,0.06830892209451958,0.08561724681332489,0.08327880483677193
2022-10-02 00:00:00+00:00,0.07921898085178819,0.10324990528395678,0.10244607814754905,0.07404336400833726,0.09107685942288792,0.09831357597957271,0.07588533024150158,0.06858182981331021,0.06994013265589992,0.06830184427913617,0.08559360428771727,0.08334849502834295
2022-10-03 00:00:00+00:00,0.07920090793001211,0.10338715865500751,0.10246606517409011,0.07410947759141588,0.09060093972297398,0.09836927709006116,0.07597134110282397,0.06860768437474811,0.06999458401403309,0.06828280076040488,0.08555081817796277,0.08345894540646631
2022-10-04 00:00:00+00:00,0.07778573966430724,0.10195285781020567,0.1028120827593555,0.07424216677372729,0.09377727393966385,0.0998378701176915,0.0762654324996819,0.06939889610678594,0.06931080548534362,0.06711907558682403,0.08370942074246239,0.08378837851395096
2022-10-05 00:00:00+00:00,0.07774084794048476,0.10194317867134829,0.10306092294904148,0.07424981459162647,0.09372804209927293,0.09997239491432709,0.07620217726713908,0.0693003857155838,0.06926808436826519,0.06705051686467756,0.08365134017884227,0.08383229443939103
2022-10-06 00:00:00+00:00,0.07759026095142253,0.10177065234035013,0.10327830746171908,0.07427415441914367,0.09373404626074625,0.10033901029146375,0.07635870555094544,0.06925280571617952,0.06911232773076527,0.06694859613919493,0.08347432097613616,0.0838668121619333
2022-10-07 00:00:00+00:00,0.0775197005747191,0.10191600747367159,0.10310303420416958,0.0743799332905123,0.09373302332099816,0.10044993310604547,0.0763763543716701,0.06926107377374975,0.06904851866182721,0.06704836369919306,0.08349587851680554,0.08366817900663816
2022-10-08 00:00:00+00:00,0.07749105030321174,0.10199336626113595,0.1031230400967919,0.07439424216479149,0.09368427875163891,0.10044850197766304,0.07638056011310944,0.06925306844814032,0.06903658270451443,0.06704628295923785,0.08350092077362979,0.08364810544613524
2022-10-09 00:00:00+00:00,0.07744655576128982,0.1023314309269346,0.10286117247960869,0.07443967130196864,0.09311873173344555,0.10027948360457899,0.07670027010584349,0.06928215721614145,0.06916558050599834,0.06698625952619083,0.08371171363276561,0.083676973205234
2022-10-10 00:00:00+00:00,0.07726612826907298,0.10281498581753845,0.10276577410084772,0.07440307694141095,0.0928481386440209,0.1002682482155052,0.0768489309134253,0.06942714646526231,0.06926450859690851,0.06688835662595434,0.08360022356468898,0.08360448184536443
2022-10-11 00:00:00+00:00,0.07062165946856047,0.10340403322477311,0.09384590226945619,0.07437502181459717,0.09265098474869313,0.09966367083909011,0.07070114086244418,0.06342877816302626,0.06362806710361436,0.061098394181674176,0.07667605795122437,0.0839325680738847
2022-10-12 00:00:00+00:00,0.07046363162869125,0.1035072232636348,0.09383687188074147,0.07434590534366929,0.0928110959539609,0.0995790253522155,0.07079977101867646,0.06338007579565623,0.06373772148339232,0.06110913547911004,0.07667279271373226,0.08404397568085696
2022-10-13 00:00:00+00:00,0.0704505314484093,0.10349953518079004,0.09382062252715849,0.07436442807597483,0.09277648116309316,0.0995747539839609,0.07079875745385864,0.06340639666709186,0.06375808644092198,0.061106828649366125,0.07665877681319361,0.08407748250701927
2022-10-14 00:00:00+00:00,0.07027011097122234,0.10391253322142761,0.09391231548701014,0.0742829710576236,0.09283506031340939,0.09957895924396844,0.07086972588690865,0.06322223974780979,0.06385998033243766,0.06121225693528553,0.07665337063932587,0.0840475668303339
2022-10-15 00:00:00+00:00,0.07024658168777699,0.10391379597958848,0.09390377219693588,0.07428287140350588,0.09281328935080323,0.09954420874831506,0.07088070193036099,0.06320965726760765,0.06391427259510644,0.061201347977783996,0.07664366634442818,0.08402857733575358
2022-10-16 00:00:00+00:00,0.0697402171600817,0.10322766560040894,0.09397548592499522,0.07486443741995939,0.0923603235211484,0.09948324682725623,0.070596624437124,0.06321931879752796,0.06453892289300753,0.06108194713679128,0.07684748365047246,0.08486907795632057
2022-10-17 00:00:00+00:00,0.06971172592983749,0.1031943215409991,0.09397118781249927,0.07491717763377045,0.0923660399064086,0.09949716508419022,0.07060068758740565,0.06325614654504229,0.06459029088855307,0.06104969514382508,0.07682026609283715,0.08484113072282916
2022-10-18 00:00:00+00:00,0.06968538075493426,0.10327895403711758,0.09393354453685938,0.07489916445227851,0.09233659304438314,0.09949868592091599,0.0705264594720866,0.06326064148242087,0.06469859743290896,0.06103279462329671,0.07686258169749323,0.08486757732280589
2022-10-19 00:00:00+00:00,0.06966648667864656,0.10344107369172369,0.09389342180483162,0.07482051436747315,0.09229857044288067,0.09937974021457495,0.07048277474495768,0.06324170211913868,0.06468117699099385,0.06103711066040814,0.07699732700102344,0.08489128830707171
2022-10-20 00:00:00+00:00,0.06955971110945726,0.10366261834578783,0.09408149449304018,0.07489871078760149,0.09230784402920607,0.09928140703787539,0.07035969632988508,0.06312120201743927,0.06491184075515415,0.06098876536560054,0.07697728992942349,0.08471838958030864
2022-10-21 00:00:00+00:00,0.06951426186944942,0.10371448950915631,0.09407535056235287,0.07480540962965856,0.09232130608333186,0.0992689434212722,0.07040134547895918,0.06310337865893442,0.06495106032075242,0.060989286415073174,0.0769653166944785,0.08473384951735152
2022-10-22 00:00:00+00:00,0.06953868742218192,0.10369903056923867,0.09403865828945615,0.07485418541519026,0.09240364805867497,0.09920260564186312,0.07037376521029498,0.06318665758625196,0.06491296098609238,0.06099059696952621,0.07695867353619637,0.08468687374862167
2022-10-23 00:00:00+00:00,0.06974952072429999,0.10347620092186176,0.09416995511786459,0.07483016182101537,0.0926933621564339,0.09929156285754799,0.07042084213989487,0.06299747670147143,0.06487760343844921,0.06094973814642292,0.07683486373159698,0.08466990315105101
2022-10-24 00:00:00+00:00,0.06949712617809682,0.10426705167926645,0.09395164855799273,0.07619122990269912,0.08919272834525699,0.0998550222343244,0.07007161632301659,0.06325575505264688,0.06522643160225185,0.060993552690895264,0.07700386959509976,0.08514721848585226
2022-10-25 00:00:00+00:00,0.06950481767327407,0.10425580025745648,0.09394397028086725,0.07626813893815562,0.08921811826031466,0.09981786592449161,0.07011223404123695,0.06319795306602578,0.06521035508336367,0.060980345887322325,0.07705032396790994,0.08519793801574305
2022-10-26 00:00:00+00:00,0.06923251886017535,0.10427282655437599,0.09401095085638246,0.07604486223725092,0.08942265611888534,0.10033237402881165,0.06992609301525073,0.0631768420269409,0.06552173431251275,0.06099006598694423,0.07714179494179353,0.08545735822787999
2022-10-27 00:00:00+00:00,0.06914255161708929,0.10478654405330856,0.0933574156972419,0.07696101400180876,0.0858642212119995,0.10073614684341438,0.07011145328738787,0.0634195425650537,0.06556069392181807,0.06152620848379481,0.07688213442761445,0.08594867264346019
2022-10-28 00:00:00+00:00,0.06932942990978332,0.10367426323519094,0.09293844489864385,0.07984271582794875,0.08524786881234077,0.10090712402694317,0.07052079999950342,0.06372973952712035,0.06549403959196876,0.06173685928866087,0.0762506867843194,0.08637309293512244
2022-10-29 00:00:00+00:00,0.0755072597865331,0.10345768892250462,0.10102105652577566,0.0805028335863816,0.08485814484380247,0.10129934264491466,0.07642331849380977,0.06946027788302074,0.07114327618197283,0.06738943243699018,0.08276606669024411,0.08617130200405022
2022-10-30 00:00:00+00:00,0.07582637092908277,0.10425588235571626,0.10118207333242524,0.08076932496952999,0.07961046920653632,0.1020439740189932,0.07685033663583814,0.06997530148153223,0.07159999437784825,0.06773960875482508,0.08291826449100907,0.08722839944666347
2022-10-31 00:00:00+00:00,0.0758670300774155,0.10422250061130998,0.10133525475097475,0.08079338294604306,0.07951175340142334,0.10207194294446957,0.07683076458455346,0.0699864656160966,0.07151388964512088,0.06770299182401908,0.0829009011676759,0.08726312243089783
2022-11-01 00:00:00+00:00,0.07565465911591286,0.10388020670168135,0.10043556007970089,0.08146050514399521,0.078868987201354,0.10249780562373118,0.07754549631144403,0.06991915887359251,0.07146626268661854,0.06768676672344522,0.08287470092470214,0.08770989061382202
2022-11-02 00:00:00+00:00,0.07571622559317684,0.10246431815307178,0.09953558104729661,0.08250550789204261,0.07775674611163998,0.10268694897258623,0.0786654800439711,0.06879646890487273,0.07150733217082224,0.06770610434296821,0.08361620563414872,0.08904308113340295
2022-11-03 00:00:00+00:00,0.07574597514067391,0.10250793146046276,0.09945427648497673,0.08246630108617957,0.07750707821836826,0.10276972081161552,0.07861165965813934,0.06883756146951091,0.07151578254671304,0.06762760671654788,0.08393108298776653,0.08902502341904553
2022-11-04 00:00:00+00:00,0.07577811270177055,0.10263339872126932,0.09953891833451506,0.08259189504928466,0.07745842684123071,0.10293638303419267,0.07860317365087699,0.06866820709035877,0.07120416316096655,0.06749240449183748,0.08390142502595112,0.08919349189774613
2022-11-05 00:00:00+00:00,0.07688001284921746,0.10584734112148518,0.09862175257446917,0.08170092176353884,0.07782572944113508,0.10464737736884772,0.07832657002333918,0.07020527278870325,0.06875914819725205,0.06730886425598316,0.08278660782295126,0.08709040179307766
2022-11-06 00:00:00+00:00,0.07305751656775518,0.11445620230102534,0.10064476815604839,0.08011757271411644,0.08633467000191697,0.10601894611544826,0.07606507272039696,0.06649122140917607,0.06494153295164232,0.06279236265234898,0.082820831024767,0.08625930338535806
2022-11-07 00:00:00+00:00,0.07157765043939773,0.11682185619134479,0.10121299050115119,0.08012241715189951,0.08716121248873632,0.10574970794033156,0.07541958626968881,0.06673001181310448,0.0649193343936927,0.06177614141698114,0.08310670134106124,0.08540239005261052
2022-11-08 00:00:00+00:00,0.07073279683803614,0.11847280090672162,0.10248161351986712,0.07940017341543067,0.08879538094405826,0.10678968901832124,0.07644248754015405,0.0645222530895672,0.06389998792650821,0.06074473182275606,0.0827567786100922,0.08496130636848717
2022-11-09 00:00:00+00:00,0.07464451310126097,0.12777386084408954,0.10304936906571786,0.07746474382742109,0.08418159790360175,0.10703764489024015,0.07633161186592624,0.06708294584126624,0.06221618230759081,0.05851079630614481,0.0800380062270831,0.08166872781965759
2022-11-10 00:00:00+00:00,0.06445056948744708,0.12167685975525562,0.11340661679461829,0.07822203847412201,0.08896480011005263,0.10467698036164629,0.0737743387049462,0.06354658182398754,0.06685062516976872,0.05823783483863144,0.08388342501494749,0.08230932946457674
2022-11-11 00:00:00+00:00,0.0618361437299681,0.11846025600959545,0.11394580415117941,0.07856237624300495,0.0939871736975222,0.09940834406910388,0.07214137559165007,0.06315464601976456,0.07227787132788367,0.057640012743687664,0.08829141448555104,0.08029458193108893
2022-11-12 00:00:00+00:00,0.061829494266781214,0.11826924839825455,0.11493223069387735,0.07825596996388147,0.09416376371394142,0.09964501968132254,0.07175837724826016,0.06311468121416405,0.07243328205843033,0.057308402308351894,0.08801914279161754,0.0802703876611175
2022-11-13 00:00:00+00:00,0.061570613322034846,0.11777109169858646,0.1154455235479201,0.07887540957590013,0.09425022308784682,0.09947617762201773,0.07141293552060991,0.06308639660077409,0.07348732749444001,0.05687887067183625,0.08851926029163402,0.0792261705663998
2022-11-14 00:00:00+00:00,0.061515859662179144,0.11766042689375592,0.11553170712329826,0.0788266934025007,0.09423839648793213,0.09940228162985006,0.07140314609415141,0.0631876859961055,0.07352878294303153,0.05680626005325246,0.08879777634091995,0.07910098337302307
2022-11-15 00:00:00+00:00,0.061342463575884555,0.11661954515782116,0.11607508037725515,0.07932642738309942,0.09425437898166429,0.10045828698332417,0.07143598952409633,0.06231512744162073,0.07338992460665555,0.0564424045177544,0.08903038104269022,0.07930999040813398
2022-11-16 00:00:00+00:00,0.061265960603802225,0.11645933104983017,0.11663886007379351,0.07926699502863258,0.09422160481023178,0.10044794061186946,0.07126451137403304,0.062242966271917104,0.07329967282628125,0.05632666669594744,0.08934035854331579,0.07922513211034557
2022-11-17 00:00:00+00:00,0.061328855437782485,0.11626800008296832,0.11661094299689333,0.07920821424183119,0.09432422607000432,0.1004472942494684,0.07119110919037225,0.06221970182717526,0.07344594178517143,0.05620328466482236,0.08959462028745561,0.07915780916605519
2022-11-18 00:00:00+00:00,0.06129897486400918,0.11644955801350075,0.11672585269330879,0.07923868013530373,0.09439971332319463,0.1003523566763077,0.07122823474952097,0.06233339345290059,0.07349649961928985,0.05612873162336052,0.08914116793411221,0.07920683691519106
2022-11-19 00:00:00+00:00,0.061311601882028006,0.11644434705546564,0.11675556698064903,0.079232199876946,0.09440316294459432,0.10035741412709778,0.07124966401025486,0.06234025277984811,0.07350487507706437,0.05602474386598161,0.08915693109512342,0.07921924030494702
2022-11-20 00:00:00+00:00,0.061301940267305025,0.11645141063514679,0.11675402466946153,0.07923259366150245,0.09441612007680034,0.1003636495101809,0.07124766813095816,0.06234462594257016,0.07351797327043347,0.0560412163654665,0.08911456826122702,0.07921420920894769
2022-11-21 00:00:00+00:00,0.06169615827989882,0.1157769734602338,0.11688269402971034,0.07858162038296626,0.09498968778178248,0.10003930895705172,0.07130973507300876,0.062180597374633384,0.07357568605456584,0.056031127751928554,0.0905160131965839,0.078420397657636
2022-11-22 00:00:00+00:00,0.061699670970852154,0.11602644465014496,0.11656049259791366,0.07847840744664382,0.09499372796481292,0.09974809006158929,0.07131216416356184,0.06211075516256241,0.07359026829238323,0.056043876904850076,0.09075209016487272,0.078684011619813
2022-11-23 00:00:00+00:00,0.06187174491264034,0.11499852817487818,0.11701026887050331,0.07855654307110305,0.09495306485489514,0.09954086878036769,0.07135461591339079,0.06164240977745378,0.07294101183274908,0.055771110571033414,0.09377571066202302,0.07758412257896231
2022-11-24 00:00:00+00:00,0.06153735057144022,0.11510346254819433,0.11461294018061995,0.07768639476516509,0.09458763120406513,0.10051028364315501,0.07108709953450511,0.06201760096830226,0.07335366063440367,0.056178444450681396,0.09531917308925811,0.07800595841020985
2022-11-25 00:00:00+00:00,0.061480341645010365,0.11490605793690474,0.11460814964172786,0.07766515899042915,0.09442099204814211,0.10051760730048431,0.071059732596636,0.062027842383242555,0.0733654092618012,0.056477642251236346,0.09519852290297671,0.07827254304140857
2022-11-26 00:00:00+00:00,0.061429723437056744,0.11483423244727434,0.11438069187519413,0.07775628828267149,0.09434586130885247,0.10108340592388454,0.07105042220887381,0.061977690131711546,0.07344386250582012,0.05634016348910535,0.09491270111234458,0.07844495727721092
2022-11-27 00:00:00+00:00,0.06080154231575241,0.11642890314344448,0.11459883979137687,0.07707595678385074,0.09481800870792205,0.10260666215060599,0.07005699691908789,0.060860131796320355,0.07327295322814449,0.057046880079794374,0.09380898192019867,0.07862414316350155
2022-11-28 00:00:00+00:00,0.06081800617880016,0.11640410921645977,0.11458764991757152,0.07707543068344809,0.09480708186912414,0.10260493908563399,0.07008859218023775,0.060895446093735706,0.07326550255009509,0.05704841553290236,0.09379328513703893,0.07861154155495258
2022-11-29 00:00:00+00:00,0.060776925100634795,0.11623860917049744,0.1147265315720679,0.07708319165158307,0.0952109049222619,0.10319211955700724,0.0697471486301001,0.0611157139117347,0.073242121073838,0.05661102012066007,0.09400713173892745,0.07804858255068722
2022-11-30 00:00:00+00:00,0.06066821723275936,0.11587090239571392,0.11459958931960493,0.0770793624116062,0.09527873973663692,0.10346237876782187,0.06991562710439887,0.06083726109385199,0.07314135210996703,0.05699787144541731,0.09409357870146424,0.07805511968075725
2022-12-01 00:00:00+00:00,0.060876729605450576,0.11593211499284618,0.11387230731161156,0.07693582875394694,0.09538032684317338,0.10291477883625681,0.07033089547813329,0.06058724635411085,0.07301090409698702,0.057640975435125086,0.09411768145835035,0.07840021083400797
2022-12-02 00:00:00+00:00,0.06079591072515075,0.11577511974560821,0.1139477640612461,0.07682325860262815,0.09541065025158682,0.1025447731223368,0.07077398513024268,0.06063825891576599,0.0729881503571071,0.05740736590059794,0.09403402846071096,0.07886073472701864
2022-12-03 00:00:00+00:00,0.060778067708426683,0.11583626974397566,0.11397652585115627,0.07672906103981326,0.09538981748318763,0.10254418200388607,0.07067826845104724,0.06059644575517778,0.07310362017510028,0.05737294093024221,0.09411029436951171,0.07888450648847517
2022-12-04 00:00:00+00:00,0.060277921923479146,0.11632184226547525,0.1140472517459319,0.07726510557088948,0.09497958362550583,0.102895365771714,0.07049389821197001,0.06045958250072286,0.07368071386454195,0.05778243042662563,0.09355563462605526,0.07824066946708871
2022-12-05 00:00:00+00:00,0.0604077484472334,0.11675639666356363,0.11418186481412253,0.07713275321120049,0.09472817271622035,0.1028147107207115,0.07059317718703842,0.06038542529798989,0.07376898187880372,0.05766856261607116,0.09349437464832391,0.07806783179872095
2022-12-06 00:00:00+00:00,0.060384478133983635,0.1165949750240773,0.11412299423741488,0.07720481066547198,0.0947469724406075,0.10285509247575482,0.0705396572567218,0.0603490610968686,0.07379828497198884,0.057684482000109866,0.09370102625662527,0.07801816544037543
2022-12-07 00:00:00+00:00,0.06042388066936602,0.11657013495136512,0.11414146225198514,0.07723050397818083,0.09473461548226347,0.10286361793011448,0.0705424661357512,0.06034120142475431,0.07382145843669727,0.05765957618107051,0.0936898516084059,0.07798123095004583
2022-12-08 00:00:00+00:00,0.06000691419726458,0.11750371231968897,0.11357794238574927,0.0780255754727953,0.09495786876690641,0.10140316701052672,0.07078144198728648,0.06113997429019632,0.07395822455556265,0.05782916043385145,0.09442762072417098,0.0763883978560008
2022-12-09 00:00:00+00:00,0.05902610144991475,0.12152299050411952,0.11306605506601676,0.07742681793910809,0.09490429872032066,0.09655436337078344,0.07137840930921568,0.06231110362309323,0.07498722601254967,0.05731995729976343,0.09875806294224923,0.07274461376286553
2022-12-10 00:00:00+00:00,0.058232949379467804,0.12298723714780026,0.11068639902474843,0.07556996881018839,0.09418088328379945,0.09554384359480349,0.07181161293587572,0.06342788133264271,0.0762306700506438,0.05708573581075918,0.10258989425252377,0.07165292437674699
2022-12-11 00:00:00+00:00,0.0565622923332159,0.13163525058221057,0.11271878558677972,0.07258116809446562,0.09447463787997346,0.09249786140001492,0.06969775523421788,0.06199255040522044,0.0797106433115385,0.05299868891070978,0.10626306079603746,0.0688673054656157
2022-12-12 00:00:00+00:00,0.05686176536595345,0.1321264384959687,0.11186344590481162,0.07228489878230863,0.09416240056286765,0.09202027691331237,0.06935109565028373,0.06250950032747131,0.07838339801295961,0.052437360876000455,0.10772986123375802,0.07026955787430421
2022-12-13 00:00:00+00:00,0.055019423107588665,0.1347661967976897,0.10956555359348878,0.0729788780442716,0.09408041001118889,0.0947002581486871,0.06880865468123293,0.06182826880862666,0.07774969338862547,0.05115655494852551,0.10913823069895083,0.07020787777112401
2022-12-14 00:00:00+00:00,0.0520851396882081,0.13684120239166203,0.10892031434753519,0.07493123721540755,0.09337286467608212,0.09804918391085218,0.06492748608808922,0.060904883611894764,0.08028301762648214,0.04942092023789071,0.11004437478150252,0.07021937542439353
2022-12-15 00:00:00+00:00,0.05194686223076206,0.13638466461033333,0.10909509478180877,0.07500684880203994,0.09339686689122845,0.09841465169040019,0.06478058609349134,0.06092310302784254,0.08034007386431043,0.04942547222603315,0.11017850774051983,0.07010726804122999
2022-12-16 00:00:00+00:00,0.05105926423146129,0.13685659791732033,0.10965329286353223,0.07419624414569925,0.09322201662269705,0.09975645814567773,0.06385818692420153,0.0605782242479165,0.08282322369956438,0.04909136550680438,0.10870835311924018,0.07019677257588502
2022-12-17 00:00:00+00:00,0.05101663996584983,0.13476723299046564,0.10604652741559743,0.07216883658874948,0.09312785045289045,0.09608027257235603,0.06391699724259534,0.062272991662803055,0.0826681061539048,0.05078080918674267,0.11543366607837986,0.0717200696896655
2022-12-18 00:00:00+00:00,0.05101288919336645,0.13443694186887023,0.10555345706943332,0.07242526995394143,0.09292510164670709,0.0961744719099618,0.0641442682788456,0.06237620424109557,0.08250563429441117,0.05098009191424706,0.1153218138247599,0.0721438558043605
2022-12-19 00:00:00+00:00,0.05093254727759288,0.13433070957403312,0.1057954381833422,0.07224840908573359,0.0932534862861204,0.09588206831295942,0.06415740495917804,0.0624256221142017,0.08251021427442341,0.050833813922031464,0.11521585238618841,0.0724144336241952
2022-12-20 00:00:00+00:00,0.05155822396077214,0.13215767742001092,0.10616916559218723,0.07301336135601386,0.0922222591195317,0.09612679181643367,0.06395675219914604,0.0632280147120897,0.08062392306220348,0.051271158044477655,0.11665829052969014,0.07301438218744348
2022-12-21 00:00:00+00:00,0.05246975060626072,0.13064451814748676,0.10629260626216641,0.07343799047027431,0.09176220571939787,0.09702814017194783,0.060768352945395156,0.06318558732322593,0.08191853891057019,0.05167140333204273,0.1178813266516781,0.07293957945955393
2022-12-22 00:00:00+00:00,0.052301961128938486,0.13501991015542494,0.1062290560410134,0.07328885628056785,0.09167848214848973,0.09667090597534209,0.0584032221205894,0.06317056641824066,0.08190933559969452,0.05182600712374624,0.11686114332049695,0.0726405536874559
2022-12-23 00:00:00+00:00,0.0523942004867531,0.1349858766202964,0.10608621803101002,0.07310069284132481,0.09151212476469704,0.0964580570635283,0.05821414588900312,0.06305366915705031,0.08173320686092937,0.05180827751619055,0.1177275842494514,0.07292594651976556
2022-12-24 00:00:00+00:00,0.052377033269991116,0.1350427899018905,0.10615275709451577,0.07298298672375944,0.0913329673936753,0.09653167560147893,0.058165716255282024,0.06293341003709996,0.08173803163685023,0.051903939982678546,0.11783300305337971,0.07300568904939833
2022-12-25 00:00:00+00:00,0.05236162574432134,0.13503403159407995,0.10613790205195225,0.07297643730810696,0.09133683396162792,0.09655851758240182,0.05812309638991065,0.0629476009452097,0.08173781136340899,0.05191567507461387,0.11783211082094057,0.07303835716342591
2022-12-26 00:00:00+00:00,0.05185053680569269,0.13628204492307988,0.10562877552521813,0.07432221786389816,0.09139770596050797,0.09640782032707315,0.05822113562271416,0.06258355237068766,0.08109150660706586,0.05122525652494079,0.11816451198449328,0.07282493548462833
2022-12-27 00:00:00+00:00,0.05178639250537213,0.13637706705456243,0.10583298137755469,0.0748535338490615,0.09067784636872618,0.09626756791413049,0.05824744117656016,0.06306656340442476,0.08104276603540089,0.05130847891903442,0.11780734709163103,0.07273201430354141
2022-12-28 00:00:00+00:00,0.05173492235612112,0.13632796747497933,0.10580460821790151,0.07473354719884978,0.09064340417633827,0.09636417982619791,0.05847133856680613,0.06289993565841163,0.08113421749784666,0.051415688955530794,0.11777926750434645,0.07269092256667034
2022-12-29 00:00:00+00:00,0.049671829203326565,0.13910195883227613,0.10638922598505286,0.07587631574250302,0.08916202448017956,0.0948758726253251,0.05915338582872554,0.06198240796391377,0.081613508216103,0.052005588905145166,0.11796342256634189,0.07220445965110744
2022-12-30 00:00:00+00:00,0.049757428931913525,0.1385352270351315,0.10660832684385568,0.07609018779334177,0.08932200110185996,0.09475594033043273,0.05918624055333551,0.06191692367661644,0.0817597407155038,0.05207264128810276,0.1178488996462121,0.07214644208369413
2022-12-31 00:00:00+00:00,0.04977187627154802,0.13877212023110505,0.1065958055101573,0.07616008058698828,0.0889881721761811,0.09481788974567633,0.0592586873255101,0.061976404762370624,0.08146442299301422,0.0523122428306536,0.11800343033534068,0.07187886723145474
2023-01-01 00:00:00+00:00,0.04974133557223482,0.13893686864480467,0.1063470434039499,0.07669178967456183,0.08850470211550872,0.09483076222475774,0.06007193434689999,0.06186202704064301,0.08176994758658428,0.052040963632749605,0.1175354303803144,0.07166719537699115
2023-01-02 00:00:00+00:00,0.05045096692425738,0.13805156725372636,0.10601910975410161,0.07688544459179941,0.08813328479386749,0.09325560630424211,0.05982543193603755,0.06207091825199113,0.0823831402956531,0.05238568116369444,0.11967696629523851,0.07086188243539088
2023-01-03 00:00:00+00:00,0.050216943377968046,0.135180324001268,0.10635949485839835,0.07741637763323073,0.08828875355052691,0.09386343106420587,0.06010906386287921,0.06264890871425703,0.0819475486630863,0.05280264777821875,0.11974162897620264,0.071424877519758
2023-01-04 00:00:00+00:00,0.05003585193971304,0.1352503761075526,0.10618247914318343,0.07767899587292104,0.0881556731123641,0.09409428336045027,0.059825769730537826,0.06264317057472678,0.08133329577360403,0.052807566981445744,0.12044743628720851,0.07154510111629257
2023-01-05 00:00:00+00:00,0.049991311447404325,0.1355184067476962,0.10621534457342381,0.07748678001721652,0.08829157140312759,0.0941493150433216,0.05989884992713794,0.06260582523171015,0.080814176576245,0.052787756928834466,0.1207714529083456,0.07146920919553687
2023-01-06 00:00:00+00:00,0.04998961651282852,0.13557531240016152,0.10620208791743034,0.07750562494622631,0.08828039403501615,0.09415902436671311,0.05988830304523209,0.06258310092953984,0.08085397009032659,0.052776737065256714,0.12070923250973285,0.0714765961815361
2023-01-07 00:00:00+00:00,0.049991580042091005,0.13542268159412124,0.10660193311564255,0.07697064638194795,0.0881927214395215,0.09428973810889482,0.05995263196690092,0.06242375097773542,0.08115657081717494,0.05277615276403804,0.12134119917685082,0.07088039361508087
2023-01-08 00:00:00+00:00,0.04882868820117934,0.13648682431845346,0.10582676994166293,0.07723318708094512,0.08972553730462003,0.09801636281886081,0.0586916978238598,0.0630598168663964,0.07700336886364945,0.051140528675965434,0.12478334501899702,0.06920387308540997
2023-01-09 00:00:00+00:00,0.0482985730033395,0.13591777084680542,0.10579190240181777,0.07768804002911621,0.08998703033860798,0.09897327770341618,0.05860040580175519,0.06347786378178752,0.07570630058665957,0.05076909377766139,0.12593438249058678,0.06885535923844646
2023-01-10 00:00:00+00:00,0.047816791479017455,0.1375568851764931,0.108289119989608,0.07622456682920603,0.0893181060135052,0.10025152799644652,0.05981619023417977,0.06280840145603493,0.0713689078401975,0.05003610205820614,0.12876669946566086,0.06774670146144443
2023-01-11 00:00:00+00:00,0.0477299343786701,0.13783732487429012,0.1081620168984604,0.07641175987005974,0.08934722757637786,0.10009610656084572,0.05980696211452895,0.06293169243259233,0.07054039314301673,0.05001632260267568,0.12936391555698049,0.0677563439915019
2023-01-12 00:00:00+00:00,0.04777708066121552,0.1381843850896376,0.10810384033187956,0.07651179808335748,0.08949251257252537,0.10049965857144176,0.059206569292479486,0.06304019719546422,0.07058853191847589,0.05002497200708187,0.1286526401386002,0.0679178141378411
2023-01-13 00:00:00+00:00,0.04819215060142169,0.13836288840334834,0.10938717071803446,0.07646597568380682,0.0892818781175999,0.09949663407313074,0.05979133376464166,0.06252096625847477,0.0707404878046519,0.049548997532042394,0.1282220770497686,0.06798943999307867
2023-01-14 00:00:00+00:00,0.04789239762239577,0.13878347193231652,0.10980078248458809,0.0769147819515211,0.08949392225892519,0.09842717468339296,0.0599536306880409,0.06176805758438938,0.07066648751948551,0.049435345792433756,0.12852615391477637,0.06833779356773428
2023-01-15 00:00:00+00:00,0.04629607540359796,0.1402754234341871,0.11657838323165423,0.07279955555233836,0.08401998402107706,0.0837405758821303,0.059146739512681644,0.06561730595462253,0.0804519102866398,0.04958518472384081,0.13235352867577177,0.06913533332145834
2023-01-16 00:00:00+00:00,0.0462556096429229,0.13970356178724522,0.11745540086436408,0.0727038519820969,0.08421394037332,0.08317043011069668,0.05913941734201639,0.0659089987815454,0.07951435980539653,0.051374041817460143,0.13114650635179273,0.06941388114114297
2023-01-17 00:00:00+00:00,0.04685300012121041,0.13797245186010332,0.12081939249584286,0.07244044614975578,0.08108928160515717,0.08222390603382318,0.05819747050393917,0.06695830235339045,0.08140742786012874,0.05253044479183945,0.12907436690566612,0.07043350931914358
2023-01-18 00:00:00+00:00,0.04686311575338314,0.13785078756641406,0.1210652844821861,0.07207828311949768,0.08092417938995827,0.08217803946310637,0.05830237421919391,0.06692523410945202,0.08225316504977516,0.05270168549654165,0.12849380875310412,0.07036404259738745
2023-01-19 00:00:00+00:00,0.047016607925920044,0.13895110231567082,0.11984915975848179,0.07202976149724864,0.08182344046802557,0.0821587700468819,0.058478273645407954,0.06582221299197921,0.0829706747958842,0.05278669749793289,0.12744526719818558,0.07066803185838126
2023-01-20 00:00:00+00:00,0.04693701858906766,0.13821312510603473,0.11883732955696188,0.07163639302862833,0.08193572821901837,0.08242978123575162,0.05848606434597891,0.06685167354527893,0.08343069854988908,0.05333152289148352,0.1271523014015133,0.07075836353039378
2023-01-21 00:00:00+00:00,0.0459335681460264,0.1370719294920442,0.1203514295712206,0.07207694046309053,0.08355440566926095,0.08212065047616161,0.05946370087313631,0.06684472087819858,0.08289247645745326,0.05286740657201055,0.12416727191484765,0.07265549948654922
2023-01-22 00:00:00+00:00,0.04509137545152567,0.13861669538570437,0.12113840525808935,0.06869485786492842,0.08035269337024091,0.08216199072342353,0.059702244713602616,0.06755557605458454,0.0852105919774909,0.05382994536209682,0.1263758250716812,0.0712697987666318
2023-01-23 00:00:00+00:00,0.046122671639263306,0.14062007455079,0.12100001737481175,0.06984032729268884,0.08018065432673133,0.08299244748048808,0.06031141687593166,0.0608476650433655,0.08525945416387035,0.05296468731033057,0.1283238062080583,0.07153677773367016
2023-01-24 00:00:00+00:00,0.04547912417389098,0.138402450683391,0.12552977156162642,0.0665993596464275,0.07767081487991183,0.08196601370896216,0.06145026735271698,0.06142505995947483,0.08900755255371656,0.05311073197670784,0.12968244954788993,0.06967640395528393
2023-01-25 00:00:00+00:00,0.04552472675918125,0.13831860722136147,0.12645879573896537,0.06569113842807123,0.07720144769024187,0.0812510110460626,0.06126070246432373,0.06019776973401102,0.0891719228096241,0.052534770521315256,0.13270184635085674,0.06968726123598536
2023-01-26 00:00:00+00:00,0.0453675198484275,0.1377762804808748,0.12767665886930799,0.06615743252116013,0.07753906408333798,0.08128755820487267,0.0613559587283189,0.06034114010507955,0.08881129856042405,0.05201257958377377,0.13140682328692,0.07026768572750262
2023-01-27 00:00:00+00:00,0.04553885205895111,0.1393139522761818,0.1281056105274114,0.06620127239937576,0.07782209556000964,0.08114566825401648,0.06123506280709923,0.060552225676156146,0.08644132423365751,0.050774647596071434,0.13287167188347393,0.06999761672759554
2023-01-28 00:00:00+00:00,0.04579643086537177,0.13969835195730412,0.1284029415929543,0.06574791956555003,0.07798497753767995,0.081132678612587,0.059628226074758796,0.061384526244034544,0.08612068301102217,0.051385856077277976,0.13279622533427005,0.06992118312718916
2023-01-29 00:00:00+00:00,0.045829125358018516,0.13956147093284668,0.128331553651767,0.06584075812478783,0.07807755108705682,0.08102187208961549,0.05950380203505112,0.061437075071184705,0.08629063189562303,0.05111149898448914,0.1331344748906442,0.06986018587891547
2023-01-30 00:00:00+00:00,0.04576050354026966,0.14035497885442827,0.1264567820068304,0.06641089065724501,0.07887623497145377,0.08133720552710202,0.060311614445841634,0.06128538375225336,0.08658138628282222,0.05086775524774768,0.1308584122128325,0.07089885250117337
2023-01-31 00:00:00+00:00,0.045885461231448745,0.13897496600267223,0.1277314478242385,0.06650520596669916,0.07988216995281718,0.08093343538334931,0.060693582256341534,0.060235204014125784,0.0855058574327775,0.05212904965941654,0.13040628741400603,0.07111733286210759
2023-02-01 00:00:00+00:00,0.046068795798746294,0.13816238695215816,0.12932336021042207,0.06680480391652517,0.07837709824516596,0.08010597280245334,0.061100683503601136,0.06075156994665899,0.08545145159627159,0.0518133098647971,0.1305454675058134,0.0714950996573868
2023-02-02 00:00:00+00:00,0.045893541063769284,0.13785965378004283,0.1291781400889334,0.0681446104647651,0.07967886052843386,0.08074734312110579,0.060930412532790745,0.06066253231337475,0.08374867657955551,0.05143960618263361,0.1293631814846201,0.07235344185997501
2023-02-03 00:00:00+00:00,0.045831363813868965,0.13794933735801862,0.12910397462709552,0.06829625698235098,0.07960061220404584,0.08076977633424273,0.06051624363183619,0.06069884867261165,0.08376120624487228,0.05159112584171708,0.12961645410635117,0.07226480018298898
2023-02-04 00:00:00+00:00,0.045832503913767406,0.13795212517133293,0.12912355031202075,0.06760457287784095,0.07949163085570288,0.08117635949619027,0.061006056142341974,0.060803867369188996,0.08296254772402639,0.051474517098130744,0.1296634961932758,0.07290877284618084
2023-02-05 00:00:00+00:00,0.045744126268674946,0.13788517855973004,0.12887361703273012,0.06811118919770803,0.07934791916286532,0.08134828680787762,0.060715608703936434,0.060617468959542176,0.08296369834361018,0.051308559709495716,0.1300000090534724,0.07308433820035697
2023-02-06 00:00:00+00:00,0.04551733035748482,0.1401483864007758,0.12769987339884192,0.06787772383644855,0.07882387627413032,0.0827317616616988,0.0599168360300355,0.06052351151195206,0.08285931358465025,0.050387861000319785,0.13209368693778642,0.07141983900587597
2023-02-07 00:00:00+00:00,0.045199193728103,0.1393462272664567,0.12756799275295252,0.0685097854015341,0.07833576970633813,0.08270652575015017,0.06022260115859555,0.06033375083398476,0.08230239656520628,0.05051715116701724,0.13341479168676018,0.07154381398290129
2023-02-08 00:00:00+00:00,0.04599172238430746,0.14026288515618113,0.12809194733226803,0.06839342684743864,0.07904223919397194,0.08293817560447916,0.060294021068221446,0.05976806633114702,0.08178693324871851,0.05013863483362056,0.13132805246513854,0.07196389553450763
2023-02-09 00:00:00+00:00,0.04618407647752829,0.139868802404189,0.1281193868104192,0.06837623895440206,0.0789072189650445,0.08290452249521187,0.06018089495855394,0.059850796391944516,0.08223799359422161,0.04964624494961126,0.13132885701105684,0.07239496698781679
2023-02-10 00:00:00+00:00,0.047881154778978904,0.14184455635713478,0.12552819496025464,0.06820199409429151,0.07960178144197957,0.08246557628189992,0.05964898003976695,0.05966446813143261,0.08428595462595453,0.04871330201822835,0.12841397718474123,0.07375006008533698
2023-02-11 00:00:00+00:00,0.04793157908141033,0.14179293673659163,0.12576190673851825,0.06832665653799044,0.07885025598365501,0.08220855297420576,0.05970465066521958,0.05974531825199308,0.08457140461613198,0.04874826710008456,0.12847728267150474,0.07388118864269459
2023-02-12 00:00:00+00:00,0.047975250408105186,0.14157937604453968,0.12444974682255433,0.06816895170965231,0.07946345518747076,0.08250132983340029,0.05948408507837079,0.0597461545191234,0.08535568745665736,0.04863994564577226,0.12911161032253496,0.07352440697181871
2023-02-13 00:00:00+00:00,0.04794028200300234,0.14184418628999756,0.12443843191710181,0.06819132028133433,0.07995201348124488,0.08253143217468445,0.05933465634397774,0.05968532709884087,0.08524538491734132,0.04842273983972505,0.12898399128905116,0.07343023436369854
2023-02-14 00:00:00+00:00,0.04790239437176155,0.14083965471137913,0.12407522914640427,0.06856185582064744,0.08091200559123803,0.08249125679264449,0.05962768661968972,0.05954936072659597,0.08493574237011726,0.04853581456921737,0.1289120798071171,0.07365691947318762
2023-02-15 00:00:00+00:00,0.04769849649607453,0.1413232411402777,0.12456004956677422,0.0686212704037938,0.08174981774092663,0.08299515346721432,0.059769741288891926,0.059167939714922506,0.08415304026051514,0.04823636038628013,0.12770403332417962,0.07402085621014949
2023-02-16 00:00:00+00:00,0.04804520052736316,0.14291742332324225,0.12682294517865578,0.06899617610008474,0.08286373216267014,0.08022423865948268,0.05997431285386727,0.05874886743486636,0.08338396192904687,0.04798174005163857,0.1254936582576635,0.07454774352141864
2023-02-17 00:00:00+00:00,0.04865416196502715,0.1432882282771312,0.12568259134449017,0.06923363072194032,0.0827626034053911,0.07734632759099296,0.06022221458435885,0.059028493105340536,0.08612405681675865,0.0479779416495687,0.12466941860610276,0.07501033193289759
2023-02-18 00:00:00+00:00,0.04918344448325648,0.14457398407941313,0.12604322948940244,0.06766664307087221,0.08350970268854628,0.07724985749623275,0.06053960935966469,0.05969639381244236,0.0844914673676751,0.047969173300424155,0.12517066381549882,0.0739058310365715
2023-02-19 00:00:00+00:00,0.04916226309264112,0.14455389535030436,0.12604591810849772,0.06767664775187562,0.0835581589556551,0.07724203203642868,0.06053142801382451,0.05967145200883142,0.08444247587065148,0.04794497463411087,0.1252426200072263,0.07392813416995285
2023-02-20 00:00:00+00:00,0.049139180486440115,0.14455676308542215,0.12580520431271364,0.06784749723160433,0.08349504055353833,0.07715113788389018,0.06065325957289818,0.059863935722701135,0.08455426279742313,0.04794125811071549,0.12498960278710367,0.07400285745554963
2023-02-21 00:00:00+00:00,0.04897688603766075,0.14482148287410748,0.12569479041724163,0.06782162867088866,0.08351459975686225,0.07715020673507322,0.06058608440236926,0.05982223454805745,0.08461747343684543,0.047978129428961666,0.12499400819048427,0.07402247550144794
2023-02-22 00:00:00+00:00,0.0484703372301814,0.14458010895415596,0.12591655813229374,0.06762683255330658,0.08376426025403828,0.07709496495302008,0.060948888644444685,0.05991298747998934,0.08383906474453631,0.04820911879947463,0.1259088075987177,0.07372807065584139
2023-02-23 00:00:00+00:00,0.049603251631353755,0.14393147107914267,0.12503967929251691,0.06772442508696104,0.0835912365452909,0.07674353087963,0.06088554117778027,0.05905024026072484,0.0839188889169334,0.04837848414601248,0.12616453891254858,0.07496871207110516
2023-02-24 00:00:00+00:00,0.04955677548045216,0.1437325804192647,0.12482038988164619,0.06781955771621405,0.08358695078640785,0.07688220084812644,0.060735119788161256,0.0592894440457692,0.08404303229746016,0.04835304225314993,0.1261776968053941,0.07500320967795392
2023-02-25 00:00:00+00:00,0.049479664161033166,0.14461543843487673,0.12433249472403207,0.06769586691405734,0.0834875468397847,0.0771663807276713,0.06120303144571015,0.059789478690672686,0.08379269012848342,0.04833809741593347,0.12455364468594576,0.07554566583179934
2023-02-26 00:00:00+00:00,0.04961325118029751,0.1443271727299947,0.12488435745411032,0.06881954352062232,0.08352292587749652,0.07635656329841652,0.05989177659890152,0.060222590204178354,0.08233216091248545,0.04886900942219502,0.12364688373096366,0.07751376507033807
2023-02-27 00:00:00+00:00,0.04952068806104967,0.14520473420817576,0.123774511558806,0.06904705509206635,0.08397057251591619,0.07577590983879126,0.05968033246673212,0.05982985943414116,0.08238174197560316,0.048676731769041394,0.12465386448742194,0.07748399859225487
2023-02-28 00:00:00+00:00,0.04952349999678732,0.14520563216184046,0.12376805792471039,0.06903083311928748,0.08396222046098846,0.07575523026476895,0.0596658344284186,0.0598784708127457,0.08238900380983498,0.04869234074483817,0.12469676424724337,0.07743211202853623
2023-03-01 00:00:00+00:00,0.0493444544378172,0.1455237901604523,0.12276917589472025,0.06905732410113105,0.08406296407768056,0.07542933546904461,0.059294830621573105,0.05964147929709747,0.08289346848723671,0.0481705807724899,0.12668329798185105,0.07712929869890597
2023-03-02 00:00:00+00:00,0.049330820214123675,0.14517418110784672,0.12279897793376608,0.06937291305740241,0.0837634542606531,0.07500330268447968,0.05870086843413626,0.05956276104644936,0.08268712793445936,0.04747311068537945,0.12832003758424973,0.07781244505705406
2023-03-03 00:00:00+00:00,0.04929586026060757,0.1449253482146296,0.12259481858837436,0.0693080747506346,0.08401508871529327,0.07526168831375127,0.05861727001185196,0.05957261354261913,0.08260971165683366,0.04740050580055775,0.128569976638012,0.07782904350683466
2023-03-04 00:00:00+00:00,0.04934066620406966,0.14495027784213002,0.12251507128776912,0.06925673834942944,0.08396608512250353,0.07542783716861966,0.05853438434860539,0.059503666489074465,0.0825944822410905,0.04741195727669841,0.12867165087615737,0.07782718279385235
2023-03-05 00:00:00+00:00,0.049303028023312635,0.14521507386063412,0.12301651213637028,0.06917095148231807,0.08392382514044276,0.07568034118990637,0.05871699817793226,0.059529208131407066,0.08201591495222219,0.047420244744813496,0.1283573266245575,0.07765057553608323
2023-03-06 00:00:00+00:00,0.04919331882192864,0.1454157400748009,0.12376019492898879,0.06906877068717068,0.08417985840292827,0.07551321560244899,0.058699116673855446,0.05992105551977341,0.08195029810546578,0.04761903352905825,0.12710146522479893,0.07757793242878185
2023-03-07 00:00:00+00:00,0.048274832464049885,0.14719265965869358,0.12363433842389433,0.06955615220808772,0.08333299131855458,0.07388974704932443,0.05882591918799844,0.05960275586012861,0.08129608697286277,0.046609296497324204,0.1284393612307505,0.07934585912833098
2023-03-08 00:00:00+00:00,0.04824369082447414,0.14738086129951006,0.123412908434566,0.06977868230968709,0.08319153672813107,0.07372772523770908,0.058750367046140665,0.059833597176664144,0.0812953953886503,0.046476475472689245,0.12851595983269073,0.07939280024908733
2023-03-09 00:00:00+00:00,0.04758590721536295,0.1521451216558871,0.12643817303922933,0.06911132077209443,0.0838709932156231,0.07334583189038221,0.0588287063750043,0.06018571683935494,0.08062225607511939,0.04647677031808045,0.12409619013205828,0.07729301247180347
2023-03-10 00:00:00+00:00,0.04828078517252278,0.15340179120862243,0.12786055575433272,0.06928327601767786,0.0841672973802079,0.07498756184358839,0.059782757152136635,0.06075112736174832,0.08272218184894237,0.04726913851951181,0.11668337908696355,0.07481014865374531
2023-03-11 00:00:00+00:00,0.048268055513573264,0.15339025419095212,0.12788214655808,0.0692515094675124,0.08411276689312455,0.07497554565728096,0.059768978506922456,0.06078964998654081,0.0826908568452848,0.04725418229714751,0.11684173203715988,0.07477432204642137
2023-03-12 00:00:00+00:00,0.04839013265060567,0.15310463301476376,0.12810156252736218,0.06934121262248087,0.08428547865275707,0.07490225779944944,0.059734845274257126,0.06081500281907016,0.08262371430228299,0.04726706276277835,0.11644853694290008,0.0749855606312924
2023-03-13 00:00:00+00:00,0.04858459695827091,0.1545066812639251,0.1289766916335637,0.06958464685756265,0.08468246940151544,0.07517110429798589,0.05958775414548744,0.06121161778635539,0.08209331016528323,0.04656880176810713,0.11280284753327798,0.07622947818866505
2023-03-14 00:00:00+00:00,0.049103321502939695,0.1559866180000646,0.12503320830961745,0.06998561458444919,0.08550855319075698,0.07529080011897402,0.06021077717740436,0.06136621232162174,0.08248223089818842,0.04674596943195752,0.11160274354715975,0.07668395091686625
2023-03-15 00:00:00+00:00,0.048867753527296776,0.1563516788370269,0.12741210935777766,0.06971197918550627,0.08586937576274341,0.074969903994242,0.060013663163173844,0.06196206333095321,0.08243715586760207,0.046036795505453594,0.11043632779736148,0.07593119367086282
2023-03-16 00:00:00+00:00,0.048823475917283345,0.15642107128740107,0.13124896707327738,0.07006224441652645,0.08560033103736653,0.075000198326087,0.05931367767544432,0.06175344515803368,0.0824032813581276,0.04596741610873604,0.10739277228338491,0.07601311935833172
2023-03-17 00:00:00+00:00,0.048878834218619466,0.15542018237239255,0.13310094732203054,0.06991898113154678,0.08547664811856438,0.0749683037862436,0.059360832428707815,0.06195512352366096,0.0821876203909727,0.045833577474799186,0.10734077873026857,0.0755581705021935
2023-03-18 00:00:00+00:00,0.0491576393728532,0.14875514702785117,0.14239423839835785,0.07079291562968647,0.0851128637145329,0.07418339690409018,0.05973314620434644,0.06340624291613899,0.08236957121279367,0.04556660508514134,0.10553244994404641,0.07299578359016151
2023-03-19 00:00:00+00:00,0.049597465356042245,0.14790646657769843,0.14270452548243912,0.07035630126424858,0.0854152006559535,0.07444637366346459,0.06009135874141901,0.06350226764242514,0.08228143011847151,0.04546980448807013,0.1054184187884134,0.07281038722135454
2023-03-20 00:00:00+00:00,0.049611116144158675,0.15071754381195532,0.1440858302492108,0.06996125135713478,0.08429539684707905,0.07440774079414281,0.0602117352365496,0.06176005586607689,0.08258442293990532,0.04520960608686907,0.10529511513532495,0.07186018553159283
2023-03-21 00:00:00+00:00,0.04965932951681362,0.1513143421614006,0.14435764921460884,0.07015587762037154,0.0840154587324279,0.07459086618424303,0.06037589203271368,0.0616684843334075,0.08202928392691107,0.04528966915832554,0.10461404985878817,0.07192909725998844
2023-03-22 00:00:00+00:00,0.04981780581547571,0.15163949926471607,0.14564138002200117,0.07015237271575235,0.08344244386802328,0.0739696807590817,0.060365609574187545,0.061618345760759745,0.08183808292397521,0.045324057325139736,0.10403307225428035,0.07215764971660724
2023-03-23 00:00:00+00:00,0.05043145290393373,0.14565268610545698,0.14471401310295667,0.07116387813652268,0.08454819545116223,0.074655112916689,0.06078470523468257,0.0634174880190288,0.08339933090089174,0.04561429948300609,0.10340898500875514,0.07220985273691433
2023-03-24 00:00:00+00:00,0.05042949625919782,0.1452688626203519,0.14477085403809736,0.07122314072053947,0.08445426569933041,0.0746741418949168,0.06082991637124424,0.06349510695445781,0.08350865986773814,0.04562909213815099,0.10345384667762386,0.0722626167583512
2023-03-25 00:00:00+00:00,0.05041779073772917,0.14488891780925048,0.14446662568263863,0.07131985664482628,0.08447838884572574,0.0745863826048493,0.060928953733332875,0.0637411627414943,0.0838916967080083,0.045523556858877615,0.10352988421390731,0.07222678341935994
2023-03-26 00:00:00+00:00,0.05035040429928527,0.14573363275648454,0.1441628033718686,0.07159901071749374,0.08436750876803853,0.07439239389182255,0.06081870045819652,0.06363145085993901,0.08384365851960912,0.04546959610480269,0.10361820161133606,0.0720126386411233
2023-03-27 00:00:00+00:00,0.05032721711336272,0.14623765290464588,0.14444236200896884,0.07170122400784663,0.084344237684604,0.07425957941446616,0.06071008049211674,0.06354272424866994,0.08367318709569319,0.045427896395567095,0.10345340106937904,0.0718804375646798
2023-03-28 00:00:00+00:00,0.050384996907477615,0.14536878101356582,0.14553892759802972,0.07164673494289235,0.08423887685032676,0.07417795639756683,0.060656661676811774,0.06353900938186556,0.08346133648130535,0.045395136988875553,0.10360084144247393,0.07199074031880891
2023-03-29 00:00:00+00:00,0.05032244920813515,0.1462200786745066,0.14541114111149483,0.07159324263035863,0.08418011962069882,0.0740513479597276,0.060584208335455914,0.06341995238288135,0.08337647668515466,0.04536855455377453,0.10349576082077,0.07197666801704193
2023-03-30 00:00:00+00:00,0.050341078633391115,0.14620422219885332,0.14536136168505057,0.07155632541295463,0.08422485487739209,0.07402380653088016,0.06056074716263641,0.06341754020166343,0.08344446361580478,0.04536480677508216,0.1034495306070103,0.07205126229928106
2023-03-31 00:00:00+00:00,0.05037661030726516,0.14600132912389333,0.14556027253447534,0.07153104146883586,0.08424483191857289,0.07401609136091057,0.060579965496155574,0.06339753061850441,0.0834789771831,0.04537433774674142,0.10340579837338595,0.07203321386815939
2023-04-01 00:00:00+00:00,0.0504725792053808,0.14577240103349542,0.14557480281713792,0.07144747366618043,0.08428029680553388,0.07390853634889527,0.06054178091851784,0.06356658380589908,0.08370222885395226,0.045373954402432984,0.10346884050032963,0.07189052164224441
2023-04-02 00:00:00+00:00,0.05056073460358314,0.14432656494422308,0.1452082590502361,0.07160840833844222,0.08441558876966718,0.07399251566968758,0.06072204633090443,0.06380149309598612,0.08405225454510996,0.04536906207272317,0.10407630408679373,0.07186676849264322
2023-04-03 00:00:00+00:00,0.050552072799624814,0.14502259748602284,0.14537801588948157,0.07146793125331828,0.08408561190780514,0.0738325212698781,0.06046152324122294,0.0637382789803038,0.08426013547501905,0.04532339908118957,0.10411879325493713,0.07175911936119679
2023-04-04 00:00:00+00:00,0.05054635812644552,0.14506037073416544,0.1453521612471802,0.07146839005084626,0.08404602572512103,0.07382848055053524,0.06045784136701149,0.06373256869011004,0.08429089720653365,0.045323336580469414,0.10411179303612338,0.07178177668545832
2023-04-05 00:00:00+00:00,0.050586765754376546,0.14474645155103671,0.14588257651835912,0.07127509520546983,0.08400980002876073,0.0737490103295821,0.06035934475726694,0.06369589983938218,0.08433511721973241,0.045195148585118465,0.10409535101504225,0.07206943919587289
2023-04-06 00:00:00+00:00,0.05055171471655955,0.14495528874469843,0.14592106784511644,0.07126368990880123,0.08392488739185593,0.07374134269253176,0.060351476790372865,0.06366890568045458,0.0843198801057062,0.04517050914080102,0.10411178585859661,0.0720194511245054
2023-04-07 00:00:00+00:00,0.050615158147259434,0.1450141899426485,0.14625069636180194,0.07127474106198751,0.08331156926083366,0.07361779199748507,0.060419481404545,0.06372719085840114,0.08452878890446507,0.0450895087429608,0.10408182974847927,0.0720690535691328
2023-04-08 00:00:00+00:00,0.05064366960171963,0.14476102065955063,0.14635216817582353,0.07131384477041179,0.08316710514029851,0.07361635615320927,0.060358726367630254,0.0637506918325623,0.08452716508227133,0.04507852005735845,0.10432466961769536,0.07210606254146902
2023-04-09 00:00:00+00:00,0.050746882088602105,0.14359200311533002,0.1468647572752473,0.0714164497416035,0.08320656261138382,0.07403062163737027,0.06044510889055395,0.06398656210613697,0.08435044924366296,0.045171644347239845,0.10434304418633614,0.07184591475653324
2023-04-10 00:00:00+00:00,0.0508581518645271,0.14325990238128541,0.14691565581138655,0.07148319672326446,0.08303395117243063,0.07409015559661902,0.06045986884047046,0.06414543295129392,0.08435005644397868,0.04516625639955749,0.10440954556113204,0.07182782625405418
2023-04-11 00:00:00+00:00,0.050937963360516585,0.1429175079749065,0.14702986079735345,0.07152064006926177,0.08301485197095824,0.07396051278291241,0.06047716196754742,0.06429402150472195,0.08453970608750606,0.045266098756660475,0.10416837149734592,0.07187330323030924
2023-04-12 00:00:00+00:00,0.05074390589884753,0.14210143212945284,0.14705547115342732,0.07166556645607897,0.08305158510114792,0.07387627590612209,0.060471838562021776,0.06489199585096894,0.08456682732709853,0.04508489219652391,0.10437890059102423,0.07211130882728607
2023-04-13 00:00:00+00:00,0.05118388985950698,0.14178101268551307,0.14718632972974588,0.07185576557322973,0.08315647206134089,0.07400584743824527,0.060560241622536995,0.06456697708934035,0.08468219554892358,0.04508051082309986,0.10398211378415449,0.07195864378436294
2023-04-14 00:00:00+00:00,0.05111106214366597,0.14159362451291976,0.1473460194769953,0.07182643191412702,0.0828295481164351,0.07368524995145187,0.06054961671643802,0.06477523847524154,0.08501329116929689,0.04519083616714302,0.10409103803245953,0.07198804332382593
2023-04-15 00:00:00+00:00,0.05116395634587857,0.14125309911723086,0.14740946519207704,0.0719753518950343,0.08285704099622902,0.07362179079760393,0.060581910666853825,0.06491874537643826,0.08493533007452929,0.04531427236657206,0.10411755844374078,0.071851478727812
2023-04-16 00:00:00+00:00,0.051289520837260814,0.14118769694456113,0.14739876716685688,0.07199054234542637,0.08293008438477546,0.07353997699872739,0.06065036254058853,0.06494985509012943,0.08475446502346841,0.045342044911672666,0.10417714574611307,0.07178953801041989
2023-04-17 00:00:00+00:00,0.050887180639085185,0.14169112176910872,0.1456905037452888,0.07244974220821436,0.08313370281533367,0.07414513494088466,0.06045342228223947,0.06509208314300267,0.08525002773744539,0.045456813894353076,0.10373683680529858,0.0720134300197453
2023-04-18 00:00:00+00:00,0.05078580519868584,0.14120215777477105,0.1452084296176564,0.07237959684738701,0.08332226476080029,0.074008454155346,0.060861188972772644,0.06552629813154905,0.08487410051377245,0.04556056060349716,0.10384397167497712,0.07242717174878482
2023-04-19 00:00:00+00:00,0.05119247513204057,0.14012011696289575,0.14549425511559907,0.07239689678663999,0.08330441284066514,0.07420767865250544,0.06088681442623808,0.0659036629230112,0.08505809160646108,0.04567370311467884,0.10362917865687502,0.07213271378238974
2023-04-20 00:00:00+00:00,0.05272090271977893,0.13275801791837186,0.14425964212279377,0.07291401741012764,0.0842971769203914,0.07636951981773954,0.061655896201922696,0.06662385315959515,0.08915050540429681,0.046654035891453206,0.0999421168907892,0.07265431554273985
2023-04-21 00:00:00+00:00,0.052681346196494214,0.13279799846480667,0.1441769107307204,0.07300190932806441,0.08399158940098685,0.0761519856004086,0.061558655363420055,0.06672569788082855,0.08974382036838074,0.046666498522669055,0.09995947905128581,0.07254410909193464
2023-04-22 00:00:00+00:00,0.05269920033314731,0.1327728572579086,0.14411652194669916,0.07310821573561435,0.08395302239476009,0.07612097836324606,0.06150991595157942,0.0667806118403216,0.08976970256842207,0.046697879161003986,0.09996281789743938,0.07250827654985802
2023-04-23 00:00:00+00:00,0.0527246948288677,0.1326128186449103,0.14438612529333308,0.07311122466397885,0.08395889381014159,0.07613471519920227,0.06150972163912737,0.06680113236506886,0.08968788883641557,0.0467097648127995,0.09983050823967399,0.07253251166648093
2023-04-24 00:00:00+00:00,0.0529806832377983,0.13249154483309067,0.14468994615107605,0.07344678549045922,0.08380538338115288,0.07572310514723968,0.06178100446954638,0.06690124430853242,0.08915327709992707,0.04672570697442396,0.10003754363173517,0.07226377527501814
2023-04-25 00:00:00+00:00,0.05275561223334699,0.1320788958664102,0.14448978460257045,0.07295589631701363,0.08802684561121002,0.0753231592719073,0.06135668876624453,0.06655826741989236,0.0888706519765564,0.04627828375121448,0.09939205638630723,0.0719138577973263
2023-04-26 00:00:00+00:00,0.052737646938907,0.13214249829543886,0.1454888108708723,0.07296806313890887,0.0877785695204549,0.07526287004732055,0.061262364646332765,0.06649549526362673,0.08863683721462348,0.045958536411619164,0.09942265595435475,0.07184565169754066
2023-04-27 00:00:00+00:00,0.05232190136793549,0.13287043493129302,0.1460049759968831,0.07310679349726434,0.08801616192073575,0.07455708481426017,0.06106657108528081,0.06662111591988377,0.08924316078440128,0.045937779690315934,0.09889068086702316,0.0713633391247232
2023-04-28 00:00:00+00:00,0.05187332695002761,0.13160355335854101,0.1448077261282436,0.07218164042646524,0.10241766583785653,0.07320644768820683,0.059977346663169895,0.06555001478849463,0.08682044214226008,0.04508811360733548,0.09739898994654463,0.06907473246285456
2023-04-29 00:00:00+00:00,0.051864414082972515,0.13170831842006078,0.1444625396677245,0.0721758432373355,0.10255280856945849,0.073217366401804,0.059970469664230565,0.06553318880302644,0.08690712408162835,0.04509891230005873,0.09745430154294643,0.06905471322875371
2023-04-30 00:00:00+00:00,0.0517335602700923,0.13144722620042007,0.14538093683275702,0.07189208912072968,0.1034938312973657,0.07296205669687475,0.0601901156401049,0.06542239124563849,0.08659712297927907,0.0450014556368612,0.09704666855269194,0.06883254552718489
2023-05-01 00:00:00+00:00,0.0518068576969472,0.13135157846459178,0.14531570359092638,0.07178236956517688,0.10394003073351887,0.07310528769876794,0.06012690162099124,0.06541848093563979,0.08639715484286256,0.04496147827257817,0.09700159336034216,0.06879256321765716
2023-05-02 00:00:00+00:00,0.051940752729484854,0.13115384226862165,0.14577831655904563,0.07174398385252041,0.10435547405309475,0.07301843889727481,0.0601513127808678,0.06518740008033812,0.08626679008038368,0.044993268612441274,0.09654630791167892,0.06886411217424798
2023-05-03 00:00:00+00:00,0.05189051551995763,0.1311102049648469,0.14636793568129935,0.07154553328454441,0.1038422058792964,0.07283060745299459,0.060133101922462136,0.06510959084831162,0.08685092725860956,0.045088057055560786,0.09638089349839354,0.06885042663372311
2023-05-04 00:00:00+00:00,0.051211945079733256,0.12371077446347005,0.15165936451879355,0.07197225185363297,0.1015336350554124,0.07044954859670108,0.060479817566772245,0.06254199636804371,0.09341904222666474,0.044561918186795904,0.0979982794257656,0.07046142665821437
2023-05-05 00:00:00+00:00,0.0512994719790926,0.12363918357426187,0.15177175573307844,0.07194059832263763,0.10153181601536422,0.07048675197569074,0.060465208567608765,0.06253259521116489,0.09327103045008739,0.0446018722420338,0.09806601279426305,0.07039370313471673
2023-05-06 00:00:00+00:00,0.05209467333233461,0.12320962502652007,0.15242173934303552,0.07138785693609864,0.10333813502206206,0.07005969757879071,0.06063065034676887,0.06125501135027028,0.09328302743294023,0.044578440917215204,0.097216340165482,0.0705248025484818
2023-05-07 00:00:00+00:00,0.05204380363867583,0.12337167328676799,0.15302221875264196,0.07164386267583667,0.10263171238851519,0.07001632755011995,0.060480670834756514,0.06108152032476391,0.0937923637817456,0.04449043405289218,0.09640089805592934,0.0710245146573548
2023-05-08 00:00:00+00:00,0.04914190594513547,0.10897237895223884,0.14885970945239063,0.07382928131040468,0.11376306148980743,0.0692056396962554,0.05971157330209385,0.05687908130018338,0.09843778862207951,0.04559466903881742,0.10077844716299639,0.07482646372759695
2023-05-09 00:00:00+00:00,0.05571093052509305,0.11182147028576067,0.14097810202971914,0.0752226617147247,0.11029907308113762,0.07284784547728802,0.060693836555603,0.06094650467365739,0.09314606373398619,0.04491944397565832,0.09828860705435294,0.07512546089301915
2023-05-10 00:00:00+00:00,0.05988354854834941,0.11789138661867467,0.1415814103652139,0.07607457393968246,0.10134151174552165,0.07712910504039333,0.06270710616862263,0.06281747283696135,0.0831891404631998,0.045535807826005775,0.0933637848837886,0.07848515156358613
2023-05-11 00:00:00+00:00,0.059978344201347955,0.11833360375569221,0.14068046813104534,0.07599639157112711,0.10130820681897987,0.0772205297279513,0.06286457529006773,0.06303758202217453,0.0831638180816286,0.04556275720637462,0.09346837309838443,0.07838535009522637
2023-05-12 00:00:00+00:00,0.060479760525313016,0.11915762720762212,0.13911891029891923,0.07566271926070796,0.10117394310617595,0.07767440970230861,0.06334110530175992,0.06347234349945215,0.08095516670881679,0.045935244810811404,0.09322692231357868,0.07980184726453417
2023-05-13 00:00:00+00:00,0.060460696767497595,0.11906502443673038,0.13924310313770247,0.07571239623999028,0.10124268104948418,0.07754024804124557,0.06338764425404604,0.06349060431987158,0.08084588026089068,0.0459960776435335,0.09335862912084517,0.07965701472816243
2023-05-14 00:00:00+00:00,0.060508299704143745,0.1206701594217806,0.13882557160486225,0.07568067091949057,0.10072640778220389,0.07720071783748415,0.0630564598412068,0.0635633640096376,0.08093792039670057,0.045755220954234246,0.09355988110279455,0.07951532642546107
2023-05-15 00:00:00+00:00,0.06057135579247435,0.12094770078805439,0.13860720820201736,0.07579666273182971,0.10074244136377591,0.07715222879353398,0.06314288684244683,0.06354600518646294,0.08089343637792809,0.045809311184162135,0.09319050471634663,0.07960025802096775
2023-05-16 00:00:00+00:00,0.06050199235032722,0.12129595167247693,0.13870650421994546,0.07589320247450837,0.10057187200994551,0.07715967677564242,0.06319997037878469,0.06355381171944796,0.08056213781815037,0.04582797216761931,0.09296448802062765,0.07976242039252412
2023-05-17 00:00:00+00:00,0.06053254486157231,0.12081233312121994,0.13883482655746968,0.07586218180651746,0.10040613014790237,0.07719753263738371,0.06315806983832963,0.06341590601034937,0.08054661976890619,0.04582763032189225,0.09373277711873114,0.07967344780972586
2023-05-18 00:00:00+00:00,0.06044748138127535,0.12038381709618864,0.1381718748956632,0.07584468967693545,0.10016814748008067,0.07737178771593378,0.06305418681180702,0.06368920112951834,0.08035662851674996,0.04594400930121801,0.09466879866843592,0.07989937732619355
2023-05-19 00:00:00+00:00,0.060475479766157025,0.12034408613419181,0.13820977878202223,0.07584550304449528,0.10015001666922851,0.07734064804159449,0.06306714066429185,0.06369692377039406,0.08034928356773526,0.045922537439007455,0.09468895041145804,0.07990965170942396
2023-05-20 00:00:00+00:00,0.05988025077351951,0.12166850407006777,0.13882335980670302,0.0769154175231564,0.0988243711215945,0.07721751993862011,0.06289511468776614,0.06411100922627135,0.08035269484966759,0.04585494245648177,0.09215979627991659,0.08129701926623531
2023-05-21 00:00:00+00:00,0.059852301775473585,0.12117839450362217,0.13965355989317782,0.07709334941895218,0.09879842583301864,0.07743716433557261,0.06292321544261649,0.06420642819677469,0.08031280196225306,0.045822302041228405,0.09182551755186887,0.08089653904544153
2023-05-22 00:00:00+00:00,0.059126593825372435,0.12292313993805591,0.14075429087508462,0.07718182162395952,0.09829835221901871,0.0779247776027883,0.06260316939062159,0.06450538567937736,0.08123897230700099,0.04560293260428662,0.08754842832987826,0.08229213560455548
2023-05-23 00:00:00+00:00,0.059479770135644455,0.12215621258301465,0.14637353561169922,0.07700045583243564,0.09792594582521835,0.07709505325181587,0.06252800220766792,0.06409899305253429,0.08073224546735402,0.04555077096289424,0.08493468047558923,0.08212433459413215
2023-05-24 00:00:00+00:00,0.05929458926184895,0.12232781221757956,0.14607926055845144,0.07699691393391361,0.0980822595472915,0.07713544507518297,0.06253863930108508,0.06405674807652051,0.08070636374996219,0.04558954338735853,0.08509008441873682,0.08210234047206877
2023-05-25 00:00:00+00:00,0.05909978712009576,0.12256270906787284,0.14591095029014914,0.07680352759233011,0.09789853063273833,0.07708881648468109,0.06256792350844931,0.06388925953063904,0.08114040864518264,0.045223501002398754,0.08561539332583538,0.0821991927996277
2023-05-26 00:00:00+00:00,0.05910001797856884,0.12257158844811192,0.14591757622560084,0.07680735517243797,0.0978994168707307,0.07710737895439394,0.06257179370749165,0.06386292407553396,0.08112175277902403,0.04522091054956347,0.08558229650165282,0.08223698873688992
2023-05-27 00:00:00+00:00,0.05911483739912278,0.12262644414163366,0.14593866574973358,0.07686179851370796,0.09789849997758138,0.07707277257362062,0.06257241517587019,0.06390782206504515,0.08096580728221212,0.04527583047930518,0.0855534484664273,0.08221165817574001
2023-05-28 00:00:00+00:00,0.058893288272113466,0.12280956379464794,0.14641807638915863,0.07658695050286757,0.09791152909774635,0.07687827176477033,0.06248307634506236,0.06375294262960725,0.08080536646850517,0.0454523291909216,0.08566220607679315,0.0823463994678062
2023-05-29 00:00:00+00:00,0.05884750979835537,0.12332097893194975,0.14650084503613156,0.07671734419813032,0.09754197944883336,0.07685910969763751,0.0624353348304577,0.06381413821528936,0.08087478700114817,0.045458917422064274,0.08536289259809202,0.0822661628219105
2023-05-30 00:00:00+00:00,0.0589249010342651,0.12335849809184833,0.14642083877292414,0.07678672515426307,0.09737423995753337,0.07693421967419617,0.06257189489413738,0.06386850685695108,0.08099482199333499,0.04540224754890876,0.08522229465284606,0.0821408113687916
2023-05-31 00:00:00+00:00,0.05896966056652448,0.12322463711757992,0.14641756916160206,0.07680017433689218,0.09740267149959929,0.07696352929025138,0.06257741964088187,0.06387067010263268,0.08102717967817807,0.045403209774954774,0.08518351677703379,0.0821597620538695
2023-06-01 00:00:00+00:00,0.05899808271157263,0.12312389801576558,0.1463401308718076,0.07698485530994706,0.09744417741334922,0.07700258222947819,0.06267148820761906,0.0639467088887448,0.08078320247971836,0.04542941502106732,0.08512384313107503,0.08215161571985509
2023-06-02 00:00:00+00:00,0.05887980091881149,0.12320985984891081,0.1461765655661992,0.07688128418439304,0.09753848716827138,0.07706233845057373,0.06266606104094143,0.0638782651942452,0.08105908052558915,0.0454964470733178,0.08503320190646889,0.082118608122278
2023-06-03 00:00:00+00:00,0.05874083956252638,0.1241046874132861,0.14590579816131014,0.07669648542585547,0.09759640364164396,0.07657912788433072,0.06267061691376898,0.0638172982237187,0.08106367615307815,0.04538198812616044,0.08528762305944193,0.08215545543487897
2023-06-04 00:00:00+00:00,0.058736456552628664,0.12406988444012647,0.14595726441451695,0.0766541522993448,0.09758860904869571,0.07656876354884892,0.06266240957557274,0.06383507800765564,0.08103515440149867,0.04539062239181546,0.08533024359407076,0.08217136172522517
2023-06-05 00:00:00+00:00,0.05868223226396141,0.12400094756064427,0.14586968155834776,0.07666217254811775,0.09761593927816473,0.07660110939949266,0.06266277145062754,0.06382993377770155,0.08106545339112507,0.04541740275372922,0.0853688861666649,0.08222346985142294
2023-06-06 00:00:00+00:00,0.06011571351633319,0.12766916917473256,0.13612450974819015,0.0767913181019687,0.09601250063039593,0.07760753862951589,0.06278989663212878,0.06518951935471727,0.0817911927735975,0.04549194288150955,0.08870178127830103,0.0817149172786095
2023-06-07 00:00:00+00:00,0.06011418040908169,0.12955020665668146,0.13581845468236836,0.07688527854182307,0.0949838691828325,0.07774071180977155,0.06230020762872229,0.06507301145906788,0.08253005383285304,0.04539117072753189,0.08857584943990902,0.08103700562935723
2023-06-08 00:00:00+00:00,0.05969195332611238,0.1327715889948706,0.13271561771301654,0.07719058395994757,0.09487067180111446,0.07645350763593012,0.0626815460328911,0.06472327141886981,0.08163399588884995,0.04587554414647706,0.09080420032798257,0.08058751875393794
2023-06-09 00:00:00+00:00,0.05968000551731323,0.13287432526398715,0.13267630326365457,0.07720515148424606,0.09484834860829132,0.0764558988773618,0.0627069742859432,0.06473873742921797,0.08158720904243583,0.045873908674254164,0.09077957321645269,0.0805735643368418
2023-06-10 00:00:00+00:00,0.05929469899197391,0.13229324216657956,0.1329967996037721,0.07753015155874714,0.09566192965681843,0.07570934990143807,0.06283473058326447,0.06467479828737845,0.08090692563361727,0.045972415571730416,0.09127258508943578,0.08085237295524433
2023-06-11 00:00:00+00:00,0.059409015091157175,0.1442444495463149,0.13034130960285517,0.07701626705763516,0.09248625790593551,0.07668811194011112,0.060870333314608886,0.06290577734654788,0.07805768859340546,0.04653461475394599,0.09292318087146714,0.0785229939760156
2023-06-12 00:00:00+00:00,0.05952305253326792,0.14388161261594432,0.13017643348136365,0.07711443938333931,0.09253384699760911,0.07679854037170264,0.06097915205599263,0.06291051526780435,0.07811441221364226,0.04642235521604915,0.09297364955425051,0.0785719903090342
2023-06-13 00:00:00+00:00,0.05957314210591307,0.14479624603677285,0.129793629431526,0.07689572577308147,0.09238608907980883,0.07654649589620213,0.060943320082966636,0.0628044349497866,0.078321452262205,0.04646687103835704,0.09311920034544374,0.07835339299793653
2023-06-14 00:00:00+00:00,0.059676669251402664,0.1447544793364826,0.12932733354546277,0.07687750882646878,0.09249024126071095,0.07663680035990271,0.060943284039192414,0.06287542378350255,0.07839582211167949,0.04644829326650481,0.09322703744488718,0.07834710677380319
2023-06-15 00:00:00+00:00,0.05819440788393454,0.14946953783897776,0.1349011489384034,0.07839133880388464,0.09316550971171815,0.07834016648547892,0.05908411667320387,0.06016281684483695,0.07872449927643463,0.04405004309452728,0.08881790906630524,0.07669850538229446
2023-06-16 00:00:00+00:00,0.05807612955240429,0.1493557030219135,0.13582353875494974,0.0782440752816891,0.0932754057170504,0.07819659005690832,0.05891461982760139,0.06006411842160562,0.07911036490542929,0.0439717522681231,0.08840753428180412,0.07656016791052113
2023-06-17 00:00:00+00:00,0.0580394925928296,0.14953176300374713,0.13551850798151405,0.07826911919833389,0.0933122111323075,0.0782280332665527,0.058922810147487494,0.06008056496801097,0.07916055109953922,0.04396758903228751,0.0883095116737244,0.07665984590366548
2023-06-18 00:00:00+00:00,0.05730418210421266,0.15292992243084383,0.135637761049398,0.07736382775301644,0.09557118346038561,0.07762488536595193,0.05838191623048318,0.0590900949695644,0.08040799528455274,0.043133344864844846,0.08672894716119203,0.07582593932555429
2023-06-19 00:00:00+00:00,0.05660995608784066,0.1560722823176552,0.13630692043236317,0.07646207880177298,0.09557742900246527,0.0765824854722902,0.05889317608299112,0.05872808396256081,0.08125340010836074,0.042415359549984655,0.08590895318261879,0.0751898749990964
2023-06-20 00:00:00+00:00,0.05649694945515855,0.15627382799394254,0.13659599072279094,0.07652889469027256,0.09558441540116328,0.07654959316338997,0.05901309695305298,0.058619826418196165,0.08112078974344772,0.04234027681483045,0.0857507909410059,0.07512554770274878
2023-06-21 00:00:00+00:00,0.05636045871996335,0.15653901765202763,0.136332263994772,0.07647000835245087,0.09606459563327613,0.07656883068013323,0.05909456423634895,0.05863778973877063,0.08109609769528389,0.04237429649811062,0.08535746841363798,0.07510460838522483
2023-06-22 00:00:00+00:00,0.05639023727039846,0.15752189777547942,0.13684026967217028,0.07639518977946902,0.09578464862589386,0.07633496771769469,0.05955061728112623,0.05860546783344551,0.08082877203852247,0.04235191769237388,0.08450145768424056,0.0748945566291856
2023-06-23 00:00:00+00:00,0.056417078867557875,0.15752964496289587,0.13694253243161655,0.07638460827370848,0.09572312935661854,0.0763059200967423,0.05957305004976308,0.05860043202746104,0.08083247613490827,0.04233876726645692,0.08445398186611587,0.07489837866615527
2023-06-24 00:00:00+00:00,0.056455509617001846,0.15784319680200443,0.1371153545748397,0.0760664862626253,0.09539460249835277,0.07634971617864536,0.059856713451424626,0.058473658009430454,0.08082015317322243,0.04237359389423026,0.0849123207558606,0.07433869478236237
2023-06-25 00:00:00+00:00,0.056376469545294315,0.15816556043594568,0.13697754235481754,0.07608208750771339,0.09528662798707896,0.07638337917960426,0.05984121556179701,0.0585087805797777,0.08090256692844701,0.04236410483173679,0.08477773404913276,0.0743339310386545
2023-06-26 00:00:00+00:00,0.05640484815683824,0.15820265758116633,0.13688503044025746,0.07605527118681933,0.0953829604341504,0.07632914220638931,0.05986866073590914,0.05855499545754489,0.08085692485439083,0.04235723056675941,0.08474192804338906,0.07436035033638562
2023-06-27 00:00:00+00:00,0.05914571221516615,0.15667529780333395,0.13526060964042094,0.07598359981399776,0.09664938563628622,0.07632076072402927,0.05958672120479509,0.05978929293473894,0.07970823810989203,0.041702746103474284,0.08424368906929185,0.07493394674457347
2023-06-28 00:00:00+00:00,0.05907139731968951,0.15759831351765158,0.13496684384713742,0.07582375758632046,0.0962756196472395,0.07638314532621823,0.059616609215397375,0.05983625879095151,0.07958820079758204,0.04161132096310163,0.08411507740044459,0.07511345558826614
2023-06-29 00:00:00+00:00,0.05894398236958272,0.15701125160106336,0.1344732660876019,0.07600817484105409,0.096593451065309,0.07585441503833576,0.05990282367346134,0.05998509602698332,0.07912861539576226,0.04174676755218137,0.08463877634529275,0.07571338000337215
2023-06-30 00:00:00+00:00,0.05841487466670799,0.15651292017699694,0.13455042389412736,0.07612187661423056,0.09713820478247391,0.0757682054061164,0.05985277517220712,0.060133388841445076,0.07899257275110998,0.04177632486944318,0.08478497570484538,0.07595345712029605
2023-07-01 00:00:00+00:00,0.05852506605472539,0.1567247023429268,0.13411191826634994,0.07626727846007716,0.09668671366830905,0.07529625031094697,0.05983696301508405,0.06021930603650826,0.07843814759796792,0.041820155902100226,0.08580632968147216,0.07626716866353205
2023-07-02 00:00:00+00:00,0.05895729645183672,0.16204214567211375,0.1331747834423765,0.07549214579683025,0.09627231251012,0.07455279288452875,0.05931751018637714,0.05944808238007633,0.07875569379819666,0.041290642566742836,0.08527989845005483,0.0754166958607461
2023-07-03 00:00:00+00:00,0.059191795040617286,0.16202738616267925,0.13316445166882646,0.0754416125083056,0.09629805257070778,0.07455374043956432,0.0593177192409803,0.05944959006867755,0.07876665963501892,0.04128006760922326,0.08511317337031896,0.0753957516850803
2023-07-04 00:00:00+00:00,0.05919725055286268,0.16210788201518633,0.13334796019620596,0.07540306104039432,0.0963435577547577,0.07452631899478107,0.05932895217552406,0.05949308062913395,0.07866516672641063,0.04131190087147208,0.08478289991645074,0.07549196912682027
2023-07-05 00:00:00+00:00,0.059204377805830585,0.1620585415618669,0.1334199231594294,0.07536887556848976,0.0963934754720803,0.07454349407565967,0.0593454019671615,0.05950101403273788,0.07869390470580688,0.04131370069362767,0.08469548370984088,0.0754618072474687
2023-07-06 00:00:00+00:00,0.059153350947569766,0.1624610389175943,0.13361501091129088,0.07520241287395751,0.09633230126744595,0.07443157235619197,0.05939724469185622,0.05950072962473705,0.07880572843680957,0.041211961335929935,0.08454733233034412,0.07534131630627289
2023-07-07 00:00:00+00:00,0.05917700123155749,0.1626954824335642,0.13375239416223061,0.07515873770468343,0.0962804321124805,0.07444689444139178,0.059393625130626966,0.05949797688577301,0.07880102960543088,0.04118407068843833,0.08430944159918731,0.0753029140046357
2023-07-08 00:00:00+00:00,0.059108622193443205,0.1626983292230949,0.1338101389865465,0.07519472305549527,0.09619266851937018,0.07471518764149616,0.0593717605790119,0.05944379811310926,0.07873681150925768,0.04124688452894161,0.08426707266605901,0.07521400298417431
2023-07-09 00:00:00+00:00,0.05908543512027005,0.16276825218793084,0.13382044581746463,0.0751753614829853,0.09623289775657194,0.07461886340652395,0.059393003664371495,0.059438761716278266,0.07874212612393654,0.0412552033632487,0.084236443077673,0.07523320628274531
2023-07-10 00:00:00+00:00,0.059079084444788224,0.1627781762124577,0.1338333801005185,0.07517239827234116,0.09622987641134902,0.07462169314182272,0.05939245828922876,0.059438401999943484,0.07874275647585455,0.04125883111634039,0.08422159345541647,0.07523135007993886
2023-07-11 00:00:00+00:00,0.05906489895485719,0.1622130200475704,0.13375283195030885,0.07518223681926674,0.09608578638681886,0.0743611480138275,0.05997460025470424,0.05936221675527383,0.0789569904048817,0.041278582130441874,0.08467900659908494,0.0750886816829638
2023-07-12 00:00:00+00:00,0.05898973470776205,0.16210359265149243,0.1336423272594149,0.07515273245454558,0.09603052852142321,0.07448420432641566,0.05982422117194028,0.0595546462958871,0.07892091165241695,0.04141883461412997,0.08486113944109601,0.07501712690347598
2023-07-13 00:00:00+00:00,0.05986462827592015,0.1624296837648313,0.13307667050579094,0.07473310010680403,0.09558256328797736,0.07497117367351995,0.05978688987620386,0.060460462976153755,0.07833755035171626,0.04157553714385242,0.08426027018469774,0.07492146985253233
2023-07-14 00:00:00+00:00,0.0628615130765055,0.1839331107932977,0.12865996055869552,0.07260270628613276,0.09482882225248508,0.06871391315928735,0.060611601987810675,0.05945660418031372,0.07664237510696337,0.04323100371543703,0.08195711467909403,0.06650127420397722
2023-07-15 00:00:00+00:00,0.06637209174872392,0.17239356804461448,0.12768883867400588,0.07383629457024256,0.09544355978379078,0.06920543485554803,0.06353720686755344,0.06082546649017419,0.07776237882415793,0.04387951565002682,0.0818685897935878,0.06718705469757418
2023-07-16 00:00:00+00:00,0.06622981515256023,0.17244177353573012,0.12768764525499463,0.07392135763815959,0.09527225917426944,0.06924836557687118,0.06351462826637033,0.060921240208495715,0.07771909405455257,0.04388993860344592,0.08195038054367548,0.06720350199087484
2023-07-17 00:00:00+00:00,0.06626114921953255,0.17329779076340554,0.12754142817865013,0.07383401615404957,0.0950794146303207,0.06916683146371404,0.06340098252780339,0.06088987647909337,0.07760378436881514,0.04395952637812908,0.08190673152184981,0.06705846831463658
2023-07-18 00:00:00+00:00,0.0670522181561441,0.17285143478308526,0.12861620259421994,0.07366134949396469,0.09373818206059975,0.06903389114289207,0.06367160193076873,0.06139804281103261,0.07777755457206398,0.04379826776074352,0.08193460938911776,0.06646664530536756
2023-07-19 00:00:00+00:00,0.06686101329246573,0.17461244353480979,0.1291160098694605,0.07355339505635666,0.09325865129554642,0.06904780184080382,0.06338022391519987,0.06129556763169214,0.07737057282107507,0.04361004522179628,0.08171303833474865,0.06618123718604514
2023-07-20 00:00:00+00:00,0.07155112603820336,0.17667546070831414,0.12829384189216353,0.0733609787154459,0.09101754939296013,0.06832787459623245,0.06274714647874603,0.061099521673947776,0.07723958843327977,0.043653421039796705,0.08174393060563857,0.06428956042527183
2023-07-21 00:00:00+00:00,0.07190709120587606,0.17762598512366173,0.12877020369633468,0.07295001773217252,0.09083144308613283,0.06798009353494534,0.06285715682075993,0.06094957368232536,0.07741545806541544,0.0435460740521314,0.0818434701412118,0.06332343285903287
2023-07-22 00:00:00+00:00,0.07053313607979067,0.1755885372675991,0.1284645961187152,0.07177908878321633,0.09078723273563245,0.06754870640186933,0.06251452994866971,0.06890652957601666,0.07624890277971864,0.044105438071303724,0.0806500667914493,0.06287323544601889
2023-07-23 00:00:00+00:00,0.07015746495973395,0.17614345721623037,0.12871161952034216,0.07234915359137702,0.08978569799628434,0.0674877730468844,0.06266495954927397,0.06844732728965112,0.07571287381702434,0.04463943000114686,0.08125789441131624,0.0626423486007352
2023-07-24 00:00:00+00:00,0.07049059897611586,0.17759122090355212,0.1277059809799172,0.07245520592595171,0.08950860502670538,0.0670901930037567,0.0626193913646441,0.06951908524992424,0.0754191787327246,0.044441565676209424,0.08064395642296034,0.06251501773753829
2023-07-25 00:00:00+00:00,0.07101653167913467,0.17632956214610104,0.1279968842352195,0.07208223581111246,0.09035589665044283,0.06677923352856574,0.0630197479504704,0.06956196465651218,0.07482622819987036,0.0452860203525737,0.08058682836344772,0.062158866426549504
2023-07-26 00:00:00+00:00,0.07087305639567525,0.17512175651240583,0.12761933768844366,0.07218108402343744,0.08868736438050114,0.06700451733902779,0.0633238297083655,0.06954927032507338,0.07670977512665628,0.04605987018258854,0.08024496578879356,0.06262517252903155
2023-07-27 00:00:00+00:00,0.07045503265781797,0.17518799894402845,0.12745618534698663,0.0720519200586538,0.08858310651336003,0.06700365172476316,0.06540627337145619,0.06870518328240192,0.07684492261885616,0.04553373336029544,0.08016527729490268,0.0626067148264775
2023-07-28 00:00:00+00:00,0.07048280675243608,0.17535381018520704,0.12729564831955378,0.07218619706000419,0.08836231860212257,0.06707272107443493,0.0655375189200201,0.06866320397403555,0.07681646423548945,0.04560261620313768,0.0799123622545557,0.06271433241900279
2023-07-29 00:00:00+00:00,0.07166797464060631,0.17498529306862404,0.1283147817338349,0.07180994692437125,0.0877780510028472,0.06679016176862541,0.06471133290593734,0.06938830569182357,0.07621108097115387,0.04590390202994661,0.08057468546554843,0.06186448379668104
2023-07-30 00:00:00+00:00,0.0722508303889364,0.17792119432040077,0.12784660465289402,0.07174775347096407,0.08565602297785216,0.06657847609853057,0.06422987244734571,0.07129354081730654,0.07707940809283706,0.044391162143342745,0.07956724772323923,0.061437886866350704
2023-07-31 00:00:00+00:00,0.07127332498606849,0.17900450245366614,0.12770549746794035,0.07128959470214971,0.08750275776013865,0.06703088580547006,0.06368219479063437,0.07034641244440377,0.076871346919225,0.04517988627054566,0.07939214038351683,0.06072145601624096
2023-08-01 00:00:00+00:00,0.07141431645958476,0.1795299831596972,0.1274621920399753,0.07099548366241819,0.08513315923269639,0.06633639755154626,0.06405784164699667,0.07055919543819741,0.07820226492363226,0.04528554725145669,0.08050726229783767,0.06051635633596115
2023-08-02 00:00:00+00:00,0.07144653306343281,0.1796321373641184,0.12736672611890149,0.07093735016513983,0.08522461348297761,0.06628444087942827,0.06403490600638362,0.07058443727082714,0.07821646704301204,0.045205173812863694,0.08051966563633489,0.06054754915658027
2023-08-03 00:00:00+00:00,0.07106906866338575,0.17894818661219103,0.12743581201334742,0.0720642493729604,0.08466768238825452,0.06623840454294883,0.06381793588307272,0.07062412931124691,0.0790039032602324,0.04523676141394134,0.08063142981505995,0.06026243672335875
2023-08-04 00:00:00+00:00,0.07112028844958394,0.17911275037723812,0.12746182333253214,0.07207656848222421,0.08459317074694818,0.06617418025414794,0.06382315622633836,0.07060369879778672,0.07897141431035708,0.045231229582137766,0.08046772546658972,0.06036399397411581
2023-08-05 00:00:00+00:00,0.07109989650065238,0.1801530832293677,0.12645135927895026,0.07202415108142451,0.0849207658761168,0.06573546826315375,0.06389215045798613,0.0707349732918394,0.07928537055105203,0.04541533719410219,0.08001967026909215,0.0602677740062626
2023-08-06 00:00:00+00:00,0.07120541434661878,0.18013429915654544,0.12628602513745382,0.07201994358371502,0.08514199580976374,0.06578616458523488,0.06389506250304192,0.07071804239309182,0.07914169930428161,0.04565431401528023,0.07977490393367946,0.06024213523129338
2023-08-07 00:00:00+00:00,0.06996489572844333,0.17920486723319057,0.12613650485714073,0.07275347905529722,0.08438322503678398,0.0652624440859355,0.06410198232260268,0.07251188213586156,0.07995619526482105,0.04627687815267442,0.07998131618069257,0.05946632994655638
2023-08-08 00:00:00+00:00,0.06995818295832372,0.17912880964943206,0.1262600061883907,0.07291475352382171,0.08457858185329113,0.06523535037413049,0.0642659261548363,0.07210666828735952,0.07944129232501247,0.04666210069490495,0.08003438803111416,0.05941393995938279
2023-08-09 00:00:00+00:00,0.06701274499188567,0.17598804815433902,0.13002555386218112,0.07337951118069659,0.08433494063142,0.06520796310573199,0.06527559017445926,0.07323507923475546,0.07914025789263845,0.04760658170722916,0.0808510227429129,0.05794270632175047
2023-08-10 00:00:00+00:00,0.06700278976652857,0.17594425887738185,0.13006910715850784,0.07338746207062918,0.08430801898114522,0.06520554541403535,0.0652898725970902,0.07324737850931808,0.07913754765230131,0.04762026634605983,0.08086282113522422,0.05792493149177829
2023-08-11 00:00:00+00:00,0.06682594114816603,0.1758757326914229,0.13023318815997353,0.0733723084066967,0.0841267655111461,0.06519719988657587,0.06526229459578271,0.07321034779298001,0.0792270644595914,0.04785209971703655,0.08087465476508338,0.05794240286554487
2023-08-12 00:00:00+00:00,0.06683531051195261,0.1755401259475581,0.13009335249238774,0.0733653965869752,0.08414859750326704,0.0651996452998208,0.06535756616214536,0.07324124047384617,0.07924880028517906,0.04804315550338118,0.08097446928141475,0.05795233995207209
2023-08-13 00:00:00+00:00,0.06670195133656287,0.17508937593303198,0.1309083137734722,0.07322664428865959,0.08393722326022375,0.06528465276266242,0.06527087926650102,0.07322404769932425,0.07957546766812465,0.04790166740791335,0.08098476442504063,0.05789501217848305
2023-08-14 00:00:00+00:00,0.06657361224111566,0.17435057091377304,0.13082020217869725,0.07312861659552203,0.08386553144712823,0.06529747366997472,0.06522894912161745,0.07312788100872818,0.0801812439499284,0.04829222981052541,0.08131055657957005,0.057823132483419554
2023-08-15 00:00:00+00:00,0.0657445411080078,0.1726012107959809,0.12930381619016199,0.07300981032468945,0.08314845210617652,0.0677031441825323,0.0652649535635141,0.07293224892719234,0.08118483001255708,0.048917497412460244,0.08282263182587928,0.05736686355084791
2023-08-16 00:00:00+00:00,0.06661559082756356,0.174118134130087,0.131351562186225,0.07318208553160489,0.08548440114285451,0.07071809430060735,0.06361633226285697,0.07116415174954924,0.07546211577322368,0.0490383650857802,0.08147844294945267,0.05777072406019484
2023-08-17 00:00:00+00:00,0.06657821326867897,0.16772301962335928,0.13218827476360923,0.07732347192720161,0.08240786790051222,0.07252699351881517,0.06447460454940492,0.06842042707859455,0.0783672832841567,0.04878589052123586,0.08123907425933642,0.05996487930509522
2023-08-18 00:00:00+00:00,0.07435722564112303,0.1282431768709371,0.13677020237559281,0.08527988073686998,0.07978234975286869,0.07858946130094509,0.07164069609010738,0.06950525611776219,0.07576484958083554,0.05054060175352936,0.08385877195979347,0.0656675278196354
2023-08-19 00:00:00+00:00,0.07444600239026694,0.12831339174311057,0.13709928768464955,0.08512312357936036,0.07950642705384085,0.0784620479939986,0.07157414319654173,0.06945151669866476,0.07576555796915226,0.05051858097300115,0.08401825598313581,0.06572166473427739
2023-08-20 00:00:00+00:00,0.07509988436752173,0.12772449826378937,0.13708565993571678,0.0852468605789255,0.0794148370158795,0.07837935005432421,0.07184483554138207,0.06943059901635631,0.07568652872735654,0.05040430047489662,0.08400498011293717,0.06567766591091416
2023-08-21 00:00:00+00:00,0.07681231955187873,0.12790915881779905,0.1367358406718207,0.08558400500669977,0.07905629721820535,0.07831590255714573,0.07114090019583483,0.06915750092333708,0.07638030282264267,0.04998438837811845,0.08307379956418898,0.06584958429232877
2023-08-22 00:00:00+00:00,0.07709845084793891,0.12770250798930466,0.1362871904611473,0.08550202016170412,0.07891329954172269,0.07832542216898414,0.07123704980435548,0.06922156505634314,0.07603135430181637,0.050060831794410336,0.08380874424799178,0.06581156362428116
2023-08-23 00:00:00+00:00,0.07695917719475837,0.12762252412293873,0.13644138500753092,0.08558881362653106,0.07895396550347365,0.07830942309150135,0.07124336541980131,0.06928365613263948,0.07610921564521765,0.05007640837341587,0.08368646843084841,0.06572559745134329
2023-08-24 00:00:00+00:00,0.07652225878652187,0.12766309158813594,0.13600332258719267,0.08601656175487084,0.07886008542595759,0.07805298291074499,0.07140056692071707,0.06942925115721692,0.07644851563207239,0.05011691307676895,0.0838103767602302,0.06567607339957036
2023-08-25 00:00:00+00:00,0.07634290861836147,0.12740655625644537,0.136493637906452,0.08598726634377837,0.07886358240609874,0.07814120321311123,0.07139764108348505,0.06948118172389073,0.07644074023071831,0.05017084731701002,0.08383123486781723,0.06544320003283151
2023-08-26 00:00:00+00:00,0.0764977702174634,0.12700219364732257,0.1372926451080568,0.08570097275219614,0.07910374771820587,0.0783031109647514,0.07128574899015147,0.06967044711932467,0.07604743073043622,0.05030881603164035,0.08381589606663928,0.06497122065381172
2023-08-27 00:00:00+00:00,0.07648567980441014,0.1269752043967523,0.1372236182251684,0.08573707260924049,0.07910826309180764,0.07831241230472376,0.07130834264349488,0.06967571185335918,0.07609375495976578,0.05026191980929665,0.08382718672200574,0.06499083357997507
2023-08-28 00:00:00+00:00,0.07652375305385678,0.12698289724075734,0.13714358005969998,0.08557549959491755,0.07898201742987011,0.07879346058546124,0.07154714142159783,0.06977733003112996,0.07580657304286327,0.050632440358094694,0.08348746844933344,0.06474783873241778
2023-08-29 00:00:00+00:00,0.07656778565154225,0.12705608492469575,0.13673019087842145,0.08523579175347493,0.0788615336693557,0.07914303346757304,0.07234020510550268,0.06985534820364238,0.07572973583502947,0.05145791232610447,0.0829242565896478,0.0640981215950101
2023-08-30 00:00:00+00:00,0.07637346028980353,0.1269446555067343,0.1359485264324973,0.085905232304516,0.0781784318424811,0.07994714251070671,0.07318973460636029,0.07016006013476599,0.07536994837762333,0.051496134781657384,0.0825663147470391,0.06392035846581506
2023-08-31 00:00:00+00:00,0.07620204798894575,0.12681716155929068,0.13603631555242438,0.08594602416332892,0.07839877512939308,0.0800593939027705,0.0735082218006394,0.07017278888455608,0.07511468899512491,0.05151023728707666,0.08214903926323772,0.06368864496650346
2023-09-01 00:00:00+00:00,0.07613717608107111,0.12669901641931489,0.13462928282625164,0.08549077915147918,0.07834819705027567,0.07960005691897892,0.07330278257035243,0.07038851359407626,0.07560650358176645,0.05160782495799815,0.08193295464686316,0.0640035392253486
2023-09-02 00:00:00+00:00,0.07617577343412936,0.12568695416743197,0.13449285063367739,0.08544764285134461,0.07854130429006864,0.07961758426047706,0.07329263649273432,0.07021161071241744,0.075585444859184,0.051703931609010954,0.08205564630410418,0.0641411492148316
2023-09-03 00:00:00+00:00,0.07620641817636953,0.12556436679600158,0.13448924182193897,0.08554977580820457,0.0785129424493964,0.07970934777066717,0.07316045980588301,0.07012540582108132,0.07558764861353741,0.05164126285591183,0.08231779411779193,0.0642260993247147
2023-09-04 00:00:00+00:00,0.07625040868563462,0.12527146809104683,0.1344487160045481,0.08563408760071384,0.07855432286694411,0.0796844153524656,0.07321105241973494,0.07019356891467479,0.07542558904366975,0.05167785961685412,0.08242744212647025,0.06417342705188692
2023-09-05 00:00:00+00:00,0.07753929539394291,0.12104894959791955,0.13075760581374268,0.08678331513057577,0.07832636243513748,0.07862284744784537,0.073128415008181,0.07026752978765859,0.07522834726397237,0.05175298099100339,0.0841500429285826,0.06421656437076344
2023-09-06 00:00:00+00:00,0.07709042298241066,0.11907815227285909,0.1296744766471518,0.08825921867351812,0.07855871390993326,0.07727760821195702,0.07260137935459247,0.07021531316691726,0.07388059916253445,0.05148346494503995,0.08869600874808495,0.06628241648544067
2023-09-07 00:00:00+00:00,0.07712134600162861,0.11906640369927074,0.12965310783417036,0.08838234054497629,0.07853185875209495,0.07723861278544612,0.07258552526530955,0.07014308546565375,0.07393231240763307,0.051444221835950314,0.08824537420047866,0.06627390169503097
2023-09-08 00:00:00+00:00,0.07701532881227979,0.11922612757162324,0.1295616541759409,0.08836880548986047,0.07838964063204998,0.07745835963669064,0.07263679498493249,0.07013542340019167,0.07387867148582307,0.05143229354966751,0.08865066108316183,0.06608965145283416
2023-09-09 00:00:00+00:00,0.07790781041159595,0.11632450226586728,0.12945168366699905,0.08983585630710549,0.07712607425137105,0.07841712871287473,0.0745561598076435,0.07002982186277378,0.07637573268749603,0.05303401912670308,0.09114153424205451,0.06579967665751546
2023-09-10 00:00:00+00:00,0.07668245442410392,0.11453722010676112,0.13512155156373135,0.08949241961893861,0.07630921957840493,0.07820776757471548,0.07352706041193502,0.06989241001870244,0.07628002506760038,0.052813823891352134,0.09201769460864118,0.06511835313511356
2023-09-11 00:00:00+00:00,0.0762040539860575,0.11404389291044402,0.13461029037965774,0.09035949536671116,0.075422801230234,0.07844393710661052,0.07415449226377732,0.06980313379641659,0.07548301038639724,0.05418064686143986,0.09189287043985042,0.06540137527240375
2023-09-12 00:00:00+00:00,0.07721559023389833,0.1128775132034687,0.1289649274008245,0.08846908091600518,0.07634005221036694,0.07924831462715007,0.07706734118980205,0.07118596608033081,0.07352579239714542,0.054809046306942624,0.09525422463434335,0.06504215079972216
2023-09-13 00:00:00+00:00,0.07670359521424504,0.11306804689982314,0.1271475636885318,0.08946905201063866,0.07642345396313989,0.07932194812949336,0.07756206405149899,0.0715149737740696,0.07347136998749568,0.05504827003088567,0.09566901594307746,0.0646006463071006
2023-09-14 00:00:00+00:00,0.07816362457914156,0.11345434465886559,0.11728855926809725,0.08977352419357167,0.07554370354687852,0.07970565452198644,0.08008337669337452,0.07258952075358387,0.07432387394479752,0.0569404277711289,0.09672669518678348,0.06540669488179078
2023-09-15 00:00:00+00:00,0.07814108923322652,0.11348046654511534,0.1176866124727116,0.08986454891130254,0.0754991532855704,0.07973870603460331,0.08016182217962317,0.07186725818739978,0.07426803516479193,0.05704899834240544,0.09680862981618688,0.06543467982706308
2023-09-16 00:00:00+00:00,0.07826522103876482,0.11362770013979792,0.11630725068941952,0.08949405877493916,0.07570668364773397,0.08008830970166016,0.08065776367875999,0.07324296511161883,0.07393223751014583,0.056861554180528726,0.09622954645971583,0.06558670906691526
2023-09-17 00:00:00+00:00,0.07813026801880003,0.11322874222868944,0.11588862161054378,0.08891171742527301,0.07610086244989615,0.08011927577884001,0.080626420179318,0.07308157153652015,0.07442074940182752,0.05665184728759288,0.09750675085542794,0.06533317322727121
2023-09-18 00:00:00+00:00,0.0776235336785056,0.11122200674153498,0.11512319866458225,0.08886385611988354,0.07722606315565024,0.08138507387136501,0.08080053898747643,0.07276195059045867,0.07483597743767652,0.056529863222898845,0.09840414307913309,0.0652237944508348
2023-09-19 00:00:00+00:00,0.07705586901688422,0.11437281863504656,0.11606012972961594,0.08754716167632737,0.0768175652324898,0.08140568883503094,0.08113984176188543,0.07086029690310203,0.07358728785667214,0.05636387707539566,0.09933128023344011,0.06545818304410983
2023-09-20 00:00:00+00:00,0.07700623151698227,0.1140186547714619,0.11595580050802079,0.08764092100345101,0.07679122016465029,0.08134824529447737,0.08120178117722016,0.07095543443767582,0.07357585671423018,0.05629650947773458,0.09949002994207005,0.06571931499202543
2023-09-21 00:00:00+00:00,0.07702655109738189,0.11449353722731193,0.11622358004134581,0.08743174626237035,0.07659665806670037,0.08148845478243893,0.0810709652538693,0.07059510869870038,0.07322573243878326,0.05648745941378662,0.09945009020691013,0.0659101165104009
2023-09-22 00:00:00+00:00,0.07701665750057739,0.11475161955965049,0.11613947100944305,0.08730519793030034,0.07651530422312076,0.08132287869197506,0.08100728951991973,0.07048794348917198,0.07323697130070082,0.05639159771960643,0.09958602151496644,0.06623904754056739
2023-09-23 00:00:00+00:00,0.07704389141525414,0.11470845005386728,0.11605250545687237,0.0873499472541683,0.07652081914446685,0.08133185157669291,0.08101864504943859,0.07050559962323082,0.07326873893467795,0.0564021292147812,0.09956909608066254,0.06622832619588705
2023-09-24 00:00:00+00:00,0.07707153488682959,0.11527803899696037,0.11533038908393478,0.08741525756282989,0.07655870180401783,0.08134012957541138,0.08108190858183796,0.07061859605331565,0.07341953481067527,0.0563943690291214,0.09934794444616425,0.0661435951689015
2023-09-25 00:00:00+00:00,0.07710690342992617,0.11506588973222907,0.11529892956631002,0.08744487307683639,0.0765449743681474,0.08127646638511242,0.08107942730437466,0.07073928873848892,0.07343520518704295,0.05641451108795244,0.09936411999217576,0.06622941113140399
2023-09-26 00:00:00+00:00,0.07718834595501874,0.11483666650179758,0.11523389510791314,0.08743270615401556,0.07661359972267595,0.0812088242286119,0.08105766970159788,0.07068864102052255,0.07338675773488779,0.05644554210132667,0.09932654583720048,0.06658080593443177
2023-09-27 00:00:00+00:00,0.0771474289457686,0.11501830411349684,0.11501797922689869,0.08750284870777976,0.0765539291568871,0.08123516303347023,0.08105904784366634,0.07072671552963583,0.07336407866122698,0.05643238524832501,0.09933624563098827,0.0666058739018563
2023-09-28 00:00:00+00:00,0.0768607256778265,0.11513533222030535,0.11470967869177971,0.08775127924944914,0.07655289963341887,0.08157652894824118,0.08118505297833989,0.07050017308231796,0.07312511937691545,0.05645784279370626,0.09920212122351249,0.06694324612418728
2023-09-29 00:00:00+00:00,0.07672464204076503,0.1156192521430001,0.11465601614714842,0.08767570131371638,0.0763547499527348,0.08156030152292558,0.08138739427569107,0.0704832526531021,0.07291505850692347,0.05646140592716445,0.09898487883757812,0.06717734667925061
2023-09-30 00:00:00+00:00,0.07655517022192172,0.1147013323104755,0.1146588234571765,0.08785799844079774,0.07664993504369944,0.08174808623446032,0.08209777394469893,0.07043322948891122,0.07270058721166338,0.05657420367709233,0.09877728109699485,0.06724557887210815
2023-10-01 00:00:00+00:00,0.07619406428712852,0.1149134990097345,0.11468997266544187,0.08800366649958216,0.07652557128148192,0.0817156083868302,0.08217284323699534,0.07048507767349892,0.07282044905018008,0.0566131776357419,0.09871659756063592,0.06714947271274857
2023-10-02 00:00:00+00:00,0.07335826774825166,0.11498253632159045,0.11576016690255596,0.08926523214804521,0.07750555761820825,0.08080957686006093,0.08243719274918637,0.07079711367279531,0.07206605418916898,0.05690493043138512,0.09811468493217027,0.06799868642658136
2023-10-03 00:00:00+00:00,0.07354081147110166,0.11524463020559997,0.11594841514288799,0.09013088342281583,0.07809021290144018,0.08018784829411531,0.08202450327946884,0.07108976632105699,0.07154342197220426,0.0570631795812438,0.09793137457416867,0.06720495283389655
2023-10-04 00:00:00+00:00,0.07333000561274111,0.1148682555581628,0.11569604035295905,0.0900865352126199,0.07910809560410563,0.08036687509738484,0.08189512590145673,0.0709202930814156,0.07129259559522746,0.05728820633901213,0.09797003719434451,0.06717793445057017
2023-10-05 00:00:00+00:00,0.07323963558630507,0.11455436649440301,0.11562625663234921,0.09020624560067124,0.07935228644678566,0.08031123228703442,0.08218074107350383,0.07093306718035736,0.07124358766115985,0.057257550518852215,0.09785787393202038,0.06723715658655771
2023-10-06 00:00:00+00:00,0.07309133030153318,0.11451031773640873,0.11573160671420277,0.09026157572610982,0.07944286014386613,0.08030190946434704,0.08223142967029108,0.07104072151603025,0.07108662895417103,0.05726172206718639,0.0978698024075164,0.06717009529833726
2023-10-07 00:00:00+00:00,0.07298313996122352,0.114444220721282,0.11601267212828278,0.09049459258446933,0.07950771531677017,0.08024252943682625,0.08185564509656301,0.07128656532141103,0.07091195405927424,0.05737249781714386,0.0978135658251789,0.06707490173157497
2023-10-08 00:00:00+00:00,0.07283277333820176,0.11469683248053376,0.11604785901856658,0.09054685134833146,0.07960874086899564,0.08038331869743949,0.08167740313430148,0.07110458807367659,0.07072844372672527,0.05720773022082325,0.09818231834832408,0.0669831407440805
2023-10-09 00:00:00+00:00,0.07443045538191512,0.11445788385266774,0.11597587428483618,0.09058809168435328,0.07923091920859798,0.08042193311134838,0.08172801243826554,0.07062030499892721,0.0703362364404764,0.05768394059821216,0.09801585931106825,0.06651048868933176
2023-10-10 00:00:00+00:00,0.0730421775401813,0.11401134815117875,0.11665964135377413,0.0905737761502489,0.07983628257026522,0.08031749704604554,0.08127967805798102,0.07148514270494559,0.06992485428010382,0.058032728869959936,0.09833261088218073,0.06650426239313499
2023-10-11 00:00:00+00:00,0.0735352726361133,0.11400213308416472,0.11621278219739155,0.09066211790776955,0.08043307672521091,0.0810085079611271,0.08148842918159546,0.07107063536373306,0.06923486479666191,0.05779949486558296,0.09824965301238382,0.06630303226826564
2023-10-12 00:00:00+00:00,0.07379161382468677,0.11389978118324873,0.11601460052028278,0.0901165623566482,0.08043807373380996,0.08146892080285278,0.08174734976498106,0.0708500849777495,0.06925068216377465,0.05768386475410968,0.09818704439740114,0.06655142152045483
2023-10-13 00:00:00+00:00,0.07390687544821327,0.11366908331785032,0.11604815734867266,0.08988330254124768,0.08043412167433432,0.08156644771573762,0.08166708912795864,0.07092323108110558,0.06924765733829352,0.05769832072457416,0.09818882419314484,0.06676688948886725
2023-10-14 00:00:00+00:00,0.07604613721838124,0.11271038010527726,0.11750148341595106,0.08865818262948082,0.08001128229588436,0.08051914611016432,0.08260799559149634,0.07080531560611081,0.06839855982853707,0.057468659928973646,0.09888478394178347,0.06638807332795953
2023-10-15 00:00:00+00:00,0.07672543493380454,0.11282369200752494,0.11794000772071184,0.08878036189421873,0.07950747667097857,0.0808715203356932,0.08212909722538976,0.07026221737656715,0.06842917808772783,0.05741550876773871,0.09891311255970074,0.06620239241994405
2023-10-16 00:00:00+00:00,0.07585676988619457,0.11368507231843988,0.11750561904855374,0.08911324504065454,0.07964520546708355,0.08082659596185825,0.08236920784125669,0.06970796550997103,0.06805593080389104,0.057259042533266295,0.0993560190524627,0.0666193265363679
2023-10-17 00:00:00+00:00,0.07604495612536935,0.12111598036726824,0.11757299658295085,0.0899995711462673,0.07675308715566094,0.07739897328051398,0.08411159233187272,0.06869093069572657,0.06135138417984008,0.056171922134352355,0.10497454403709218,0.06581406196308533
2023-10-18 00:00:00+00:00,0.07638279835603325,0.12101646964649475,0.11769953377232303,0.0893646806854852,0.07734750424890532,0.07785989942885269,0.08464669840576926,0.06839142417491037,0.06051402703029136,0.055948431173932965,0.10473905785124324,0.06608947522575859
2023-10-19 00:00:00+00:00,0.07684267646439782,0.12101007555932111,0.11813100483677266,0.08909856358412241,0.07751620703920888,0.07802678756573828,0.08498972520510956,0.06808756356039908,0.060128189778151354,0.05590232362039309,0.10397125161472563,0.06629563117166026
2023-10-20 00:00:00+00:00,0.07776373919233982,0.11970319836978556,0.11795725666242575,0.08943879791041762,0.07772571405725606,0.07756481082032005,0.08491238220601259,0.0683904598925356,0.060289644094120465,0.056112828924178876,0.10376748876900352,0.06637367910160412
2023-10-21 00:00:00+00:00,0.07838435302128804,0.11995286079929898,0.11789640990974756,0.08933072255101225,0.07764496528122146,0.0774277667333306,0.08484636542737922,0.06828781524801261,0.06020767302441977,0.05605287904922675,0.1035139337056128,0.06645425524944992
2023-10-22 00:00:00+00:00,0.07777069922776499,0.11971534554751714,0.1178949070903223,0.09011561697635403,0.07785870678005195,0.0774744678340224,0.085058745572828,0.06850939407814671,0.0600656665627502,0.05651991951433555,0.10364342150404411,0.06537310931186252
2023-10-23 00:00:00+00:00,0.07845116907691282,0.11962214098000841,0.1161805633539668,0.09127319724517331,0.07794851141710185,0.07763138074880836,0.08521274361567904,0.06887108180087918,0.0597768018773739,0.057359875656201986,0.10389118178822948,0.06378135243966483
2023-10-24 00:00:00+00:00,0.07682238764404609,0.11821980335956807,0.11526900234530452,0.09271851784399787,0.07789047537236536,0.07745409635975606,0.0879676139568269,0.0675555564678174,0.060458830296391326,0.05582617563847775,0.10466964117484504,0.06514789954060374
2023-10-25 00:00:00+00:00,0.07598634879912539,0.11925902906123505,0.11498809227070503,0.09215000639836987,0.07792681725625246,0.07745607099278347,0.08802617404237263,0.06739408645854955,0.060579379738316105,0.05576155459550679,0.1052284854863065,0.06524395490047723
2023-10-26 00:00:00+00:00,0.07512220619078414,0.11957238311128608,0.11591943940528066,0.09180443146993357,0.07768509109070397,0.07766342563043334,0.08788748035169087,0.06753779684831056,0.06066991321255713,0.05577793443437878,0.10561820943775244,0.06474168881688841
2023-10-27 00:00:00+00:00,0.07517945916016312,0.11964095526418722,0.11591254087845283,0.09229717289225654,0.07725544681551126,0.07749629986606396,0.08727892311713506,0.06731743226724433,0.06075849251888558,0.05604336931999809,0.10579284811329971,0.06502705978680226
2023-10-28 00:00:00+00:00,0.07471927172471289,0.11963036050742738,0.11676751730424972,0.09220488685324851,0.07637621166702493,0.07794522672289018,0.0865991355803778,0.06713416555100607,0.0606380539201306,0.05665610844370038,0.10559787436699324,0.06573118735823825
2023-10-29 00:00:00+00:00,0.07464146616961664,0.11986955818561738,0.11623825000472077,0.09267540932681888,0.0762357032505914,0.07821260962952854,0.0863072358105674,0.06681396411886922,0.060682330506113664,0.05658675519843704,0.10568885432180929,0.06604786347730963
2023-10-30 00:00:00+00:00,0.07440088901940407,0.11938779070242275,0.11704954915037287,0.09239469425102806,0.07687427167769666,0.07866407916195998,0.0859898541385484,0.06511203444056646,0.06087191510108539,0.0562718324636988,0.1064065497449261,0.0665765401482904
2023-10-31 00:00:00+00:00,0.07343976044218956,0.11851606015808132,0.1167967810717685,0.09173013381244,0.07723215651064899,0.07866604667148668,0.0863990133709318,0.06528363010581306,0.061036713666490085,0.05726400395423133,0.10647018330103496,0.06716551693488367
2023-11-01 00:00:00+00:00,0.07350986532371256,0.11881903560827017,0.11662273508062367,0.09181752377429382,0.07714560191996053,0.07854529687058193,0.08642520958236599,0.06520730279848866,0.06105405579581346,0.05718529990642065,0.10642395635553994,0.06724411698392856
2023-11-02 00:00:00+00:00,0.0722410538987302,0.11977288853443309,0.11770829884551318,0.09038539227035697,0.07828343384977884,0.07797568307877968,0.08453095457881857,0.06624913881351889,0.06090414392481127,0.056953631975445104,0.1067777123958523,0.06821766783396177
2023-11-03 00:00:00+00:00,0.07157857231761132,0.1190759117118099,0.11780126968347591,0.08988700237900547,0.07849231223577186,0.07900930206525768,0.08445281471293743,0.06645421923233223,0.0609131625319186,0.05665000262067072,0.10814221336801395,0.06754321714119514
2023-11-04 00:00:00+00:00,0.07164132574027629,0.11905424099998073,0.11790935414525332,0.08994842991376406,0.07849906828084817,0.07893774631384222,0.08437779686149101,0.0665173111460797,0.060893349039968445,0.05667291093512658,0.10815276053171327,0.0673957060916562
2023-11-05 00:00:00+00:00,0.06726821738092009,0.12407710115963734,0.11430954259331369,0.0900607943253638,0.07592400744020994,0.07584098414587857,0.09015916336463455,0.0646173368112967,0.05966143657678124,0.06118914249759563,0.10950949274875668,0.0673827809556117
2023-11-06 00:00:00+00:00,0.06903086560621448,0.12082563705402574,0.11390373382977059,0.09051623236018698,0.07623214990310262,0.07546699122620847,0.09094372129572462,0.06504583277320188,0.06012732138028192,0.06122065820009212,0.10999394688456834,0.06669290948662207
2023-11-07 00:00:00+00:00,0.07110103375439505,0.11594356916091351,0.11342980825333715,0.09172769923199812,0.0751663164534374,0.07541020224813585,0.09089874688469236,0.06575605363044626,0.06034459145094358,0.06309022055669332,0.10998431602604919,0.06714744234895806
2023-11-08 00:00:00+00:00,0.07158583300076304,0.11519959447229274,0.11332596492117267,0.09242874806239894,0.07452898839784872,0.0751150475653223,0.09111466979433289,0.06574717914734265,0.060831096930819804,0.0630772930425241,0.10947151468658362,0.06757406997859862
2023-11-09 00:00:00+00:00,0.07234049618029659,0.11580869842428201,0.11395719864618989,0.09225914075419746,0.07423799945130723,0.07547754233654513,0.09132547827366298,0.06555938707772442,0.06030478026441105,0.06313645773735824,0.10968212555592709,0.06591069529809787
2023-11-10 00:00:00+00:00,0.07219580554302674,0.11612090845609027,0.1135789157902741,0.09218433138937247,0.07435543426111384,0.07546127583889051,0.09145056282559995,0.06557507994549341,0.060141202895937634,0.0632932454428524,0.10960188983256437,0.06604134777878432
2023-11-11 00:00:00+00:00,0.064875696003317,0.11912226290312851,0.1179144527552561,0.09209724222546825,0.07538040911257572,0.0758979322263564,0.0849145423672741,0.0661511368964996,0.06286669287117352,0.06061327400677641,0.11404063962637123,0.06612571900580329
2023-11-12 00:00:00+00:00,0.06586595606268221,0.11982285836037825,0.11913415131404777,0.09111647912325835,0.07516611798342333,0.07691079862140411,0.08139212428136795,0.0664064481131377,0.06462696835689075,0.06042181345440369,0.11339852156066692,0.06573776276833898
2023-11-13 00:00:00+00:00,0.0662296180544977,0.12057937148966547,0.12020407828304713,0.09076392667190127,0.0756081079217664,0.07726583896001435,0.07945380576381342,0.06673162386498031,0.06333460168993393,0.05992928991420307,0.11357375982394888,0.06632597756222817
2023-11-14 00:00:00+00:00,0.06589547870725748,0.12667312642087378,0.12260301391931097,0.0900316312795972,0.0764235539875967,0.07632609858115465,0.0743206440090275,0.06777944869712091,0.06571513294668546,0.05934389334353702,0.11012342983992479,0.06476454826791354
2023-11-15 00:00:00+00:00,0.06596310507413579,0.1264378940388032,0.12255870624695678,0.08990233047762458,0.07620606095921294,0.07631338762179994,0.07440950417599114,0.06760544640815001,0.06578451709613374,0.059389451545940074,0.11072127631128084,0.06470832004397103
2023-11-16 00:00:00+00:00,0.06356559214707135,0.12761960467220484,0.1220378526522832,0.08932278286874129,0.07754040616358575,0.07740121772934762,0.0671390165251802,0.06895804105665815,0.07017514766381013,0.060361391221151126,0.11052643857142323,0.06535250872854297
2023-11-17 00:00:00+00:00,0.06201136208754032,0.1253983021847167,0.12025451779922006,0.08900005244021521,0.08020841017505921,0.07807335611845653,0.06934212570126849,0.06939566687904637,0.06914692864564811,0.06266888661737065,0.10983443331409087,0.06466595803736763
2023-11-18 00:00:00+00:00,0.062289644372685,0.12515835137677406,0.12031964433669501,0.08874718111743203,0.0803063239442517,0.07809588524145433,0.06930277890896858,0.06958390643786339,0.06914550946926117,0.06276098024133621,0.10961908187071506,0.06467071268256364
2023-11-19 00:00:00+00:00,0.062087109208260924,0.12528731335817628,0.12045643798372997,0.08883216173131865,0.07953708218006193,0.07903785951759021,0.06947819757640629,0.06934759566093637,0.06918449915965053,0.06231659629862458,0.10951715088714108,0.0649179964381033
2023-11-20 00:00:00+00:00,0.06235661168928711,0.12492101341540934,0.12119289665913006,0.08869487404966549,0.07981295625418872,0.07910727682540929,0.06937601320346055,0.06929343988594656,0.06927620879309211,0.06231182760413636,0.1094611687421533,0.06419571287812113
2023-11-21 00:00:00+00:00,0.06169749690380931,0.12444579658420699,0.12405624718435948,0.08878354442056566,0.0796089934009007,0.07958157989941304,0.06782375077781784,0.06965879941467003,0.06825714339349079,0.06244825166238624,0.10966531625065085,0.06397308010772902
2023-11-22 00:00:00+00:00,0.06173219504151235,0.1276560940442695,0.1174040167852194,0.08716699121383902,0.07943844006723882,0.08012024400863392,0.06759964490127107,0.06927973897882435,0.0677603915817567,0.06241320629508173,0.11500398058539069,0.06442505649696237
2023-11-23 00:00:00+00:00,0.060580410208348756,0.1285949039372481,0.11890433702850903,0.08616883413839702,0.07901492178749953,0.07913280470602291,0.06655887530302274,0.06951218051247465,0.06790911770636722,0.06221984096849224,0.11723669201505807,0.06416708168855964
2023-11-24 00:00:00+00:00,0.06060278854234732,0.12852247197052558,0.11880544651038938,0.08622822190024951,0.07915717108315636,0.07922485960090266,0.0665819528358647,0.06960756607272452,0.06789084875271846,0.062223529771618526,0.11694325369217487,0.06421188926732806
2023-11-25 00:00:00+00:00,0.06061251281782352,0.12852357774372614,0.11884465752763744,0.0861872409433613,0.07910382595129242,0.07925233079036269,0.06658618346399292,0.06962270297490787,0.0679470444332493,0.06222094456235618,0.11688177064691763,0.0642172081443726
2023-11-26 00:00:00+00:00,0.06059318424863672,0.1286492638313441,0.11912546476540008,0.08615162714019478,0.07922688235582863,0.07923937179886753,0.06655871526155907,0.06921064336111686,0.06800452393826777,0.061969193186535966,0.1170217817443639,0.0642493483678846
2023-11-27 00:00:00+00:00,0.06049805747595831,0.12872458786456017,0.11915137526069645,0.08617728609217898,0.07920661839788716,0.07913543488128924,0.06650642725586027,0.06952966303743656,0.0679621830351736,0.061894667949121365,0.11695797484412573,0.0642557239057121
2023-11-28 00:00:00+00:00,0.060252338992351225,0.12876540683986823,0.11958592972922234,0.0856745251593764,0.07953971271092658,0.07902396960549701,0.06627922571486522,0.07014497881919468,0.06808419623854126,0.061503365489310985,0.11713056351454683,0.06401578718629923
2023-11-29 00:00:00+00:00,0.06017879404244483,0.12854649850874683,0.11964564584291214,0.0857312841931776,0.0794931249753435,0.07896685344663938,0.06622157006088125,0.070105179077392,0.06807777955863067,0.06144532782492694,0.1175572877102869,0.06403065475861812
2023-11-30 00:00:00+00:00,0.06030642808981051,0.12751507417366145,0.119948733876809,0.08589482185385677,0.07961055398474562,0.07954546907831238,0.0664238268634977,0.06984781867385018,0.06818853202674609,0.06168924303170932,0.11697440802679893,0.06405509032020215
2023-12-01 00:00:00+00:00,0.06032304824902741,0.12759909901864427,0.11987347067798093,0.08596780931241876,0.07954959754592038,0.07959776409477581,0.06643204197408205,0.06990375432513145,0.06821633765416997,0.06168351275343787,0.11680399421749116,0.06404957017691991
2023-12-02 00:00:00+00:00,0.060341620008395144,0.12757684397540148,0.11990398447384333,0.08602230281833169,0.07956246549709516,0.0795388635149954,0.06640735533143646,0.06984232050844573,0.0681984124321275,0.06165126200174774,0.11695543597736795,0.0639991334608124
2023-12-03 00:00:00+00:00,0.059181743531072785,0.12584516830445,0.12686784407115775,0.08597538632557858,0.08053917159317202,0.078397376666709,0.0665717804784536,0.06880634529080812,0.06820125233629742,0.062037178197660955,0.1137046581062765,0.06387209509836322
2023-12-04 00:00:00+00:00,0.05908937131763907,0.12361435853716346,0.12811928421372484,0.08624592525245334,0.0812001781393909,0.07822866426959632,0.06724637765013199,0.06902090306771268,0.06766140363749323,0.06199242133381583,0.11339534598900522,0.06418576659187306
2023-12-05 00:00:00+00:00,0.05949087050524851,0.12107007768972693,0.13212761521648633,0.0860409307725202,0.08098345948976761,0.07966733577671685,0.06675792980371283,0.06967585045988028,0.06827819785503203,0.06155893503357756,0.1102053806723262,0.06414341672500458
2023-12-06 00:00:00+00:00,0.059894820498529636,0.12149255535095531,0.13242019580796832,0.08546367298796091,0.08092436882085549,0.07924367295402887,0.06614768296595067,0.0694477948429502,0.06860187326026412,0.06169498645278703,0.11017744406891851,0.06449093198883084
2023-12-07 00:00:00+00:00,0.060312231706188844,0.12202090380940395,0.13201264474835564,0.08513075679897106,0.08019235160481614,0.08005381689935319,0.06578106402975097,0.06963615719456018,0.06916663893128423,0.06164242311430748,0.10977585755484762,0.06427515360816068
2023-12-08 00:00:00+00:00,0.05884261900630744,0.11020127340018782,0.13721032757854693,0.08578117784327059,0.0829120060842045,0.07810065295436244,0.06877853615284825,0.07259605018154375,0.07173226371909686,0.061516196825929875,0.10729131813266828,0.06503757812103325
2023-12-09 00:00:00+00:00,0.058596797168549514,0.11093062571675548,0.14736401235993019,0.08337193513964503,0.08291751859691229,0.0708371006951896,0.0654438117306024,0.07389864203535283,0.07264003656653763,0.06187353489325103,0.10631221186142188,0.06581377323585198
2023-12-10 00:00:00+00:00,0.0585229605983921,0.11084006211959385,0.14726579352105246,0.08355512651372142,0.082787620334065,0.07104192254903542,0.06556336400817547,0.07390387926188925,0.07256534378539327,0.06208147129267724,0.10615996562464397,0.06571249039136036
2023-12-11 00:00:00+00:00,0.058465527193620255,0.11117823911858671,0.14930289971191385,0.08339346032932948,0.08238413902843746,0.07102598286898675,0.06365393871665742,0.07373140660473954,0.07230812629407975,0.062467026793768865,0.10603275190454295,0.06605650143533683
2023-12-12 00:00:00+00:00,0.058828709814832916,0.11077672535620287,0.1526938487013683,0.0814118398765191,0.08125327524991269,0.07067020401745655,0.06712976040520256,0.07247248823813264,0.07252517760900513,0.0616456477105442,0.1058412782313771,0.06475104478944581
2023-12-13 00:00:00+00:00,0.05921605392929641,0.1112092119800085,0.15209079964686018,0.08067420488975262,0.08160012451113278,0.07038840035970335,0.06752634154272388,0.07252709555896089,0.07217855625913211,0.06120416613087162,0.10629090060463867,0.06509414458691906
2023-12-14 00:00:00+00:00,0.059303418579722204,0.11149448840273386,0.15297159227478815,0.07988998870411324,0.08137368956948407,0.06875593459315638,0.06742760645390784,0.07262732640702797,0.07230152049047081,0.061471009489366,0.10699328756086912,0.0653901374743603
2023-12-15 00:00:00+00:00,0.0591286731888719,0.11156467963658918,0.15312025548944685,0.0801209039561526,0.08120052143891394,0.06899651259408934,0.06746122992537305,0.0725468945807047,0.07245150191205017,0.061032940671516364,0.10702836839588921,0.06534751821040292
2023-12-16 00:00:00+00:00,0.05916696199398567,0.11246737608500207,0.15264673906332826,0.07878070055563906,0.08055696818536533,0.0683686750996132,0.06874696273037478,0.0721857739769262,0.07218429719629965,0.06131615838665377,0.10768271569669433,0.06589667103011775
2023-12-17 00:00:00+00:00,0.059295421957424564,0.11260732273812758,0.152619896487181,0.07868439727696641,0.08026686584445376,0.0684216120348425,0.06851704680776793,0.0721034604269506,0.07222981256318994,0.06145982444976823,0.10781287267189618,0.0659814667414314
2023-12-18 00:00:00+00:00,0.05916707875820695,0.11345674828408472,0.15286187418169425,0.07830366769108844,0.0795718224268623,0.06802278554286956,0.0683375306457362,0.0719985033049886,0.07208307171015878,0.06099252192000171,0.10868880781943657,0.066515587714872
2023-12-19 00:00:00+00:00,0.05937156510062122,0.11226189441205289,0.15159233078005835,0.07848344328463906,0.07968348463621656,0.06842534490337071,0.06773758867918252,0.07204173082362067,0.07226515088025995,0.061438255238385656,0.11045317768573767,0.06624603357585486
2023-12-20 00:00:00+00:00,0.059279562759341896,0.11249255348517871,0.1516576859913658,0.0783689028343954,0.07961789373706807,0.06826679368632461,0.06762229525491331,0.07198841865103023,0.07233512714070761,0.06131844408418905,0.11058550922183077,0.06646681315365448
2023-12-21 00:00:00+00:00,0.058342521084007996,0.11388409260945957,0.14982111499525896,0.07871124529201541,0.08024709143989116,0.0684630822834357,0.0665546344653091,0.07202954463824505,0.07304382676628746,0.060237718024326044,0.1101704426918391,0.06849468570992445
2023-12-22 00:00:00+00:00,0.05705872062513152,0.11608091144572734,0.14650368647851034,0.07313201532873147,0.08062490672858565,0.06802909781711523,0.06686827917954771,0.07247558996431795,0.07581126921799126,0.05979769480029341,0.11301688884407472,0.07060093956997338
2023-12-23 00:00:00+00:00,0.057155102075583386,0.11602481146437371,0.14654326488528088,0.0730190117288617,0.08061025981257304,0.06799246529159264,0.06681089751356026,0.07242690341080436,0.07593981609810035,0.05983703487734446,0.11304591526159727,0.07059451758032806
2023-12-24 00:00:00+00:00,0.05691751834357222,0.11618582972107412,0.14661393975799852,0.07278177965794273,0.08078768150071132,0.06817298570018564,0.06655222471402791,0.07243073121178184,0.07616069642970816,0.05962910552390707,0.11317774237523304,0.07058976506385747
2023-12-25 00:00:00+00:00,0.05691722214862016,0.11617933187963306,0.14684126280289975,0.07266356213964724,0.08094572036655977,0.06835844082564904,0.06660408400266367,0.07189739814433105,0.07627381728490404,0.05962432187556688,0.11302892398842362,0.07066591454110173
2023-12-26 00:00:00+00:00,0.05663674297831275,0.11777900458369024,0.1475243364704252,0.07183180722470917,0.08140811443290645,0.06825370907123654,0.06687486230389647,0.0702924523006447,0.07640585199392436,0.05927434398427417,0.1133204119009584,0.07039836275502173
2023-12-27 00:00:00+00:00,0.05696796067731924,0.11718393629199221,0.15041800858817425,0.07134844360902297,0.08097340128662868,0.06810615311365825,0.06645272685934311,0.06984077229431042,0.07682927428001314,0.05902347493262799,0.11317751872320937,0.06967832934370032
2023-12-28 00:00:00+00:00,0.057121020752791886,0.11705948925785259,0.15000117061515958,0.07140015100781037,0.08144964062486959,0.06859532030019523,0.06679904614006542,0.07021163218470848,0.07757947547530077,0.05926985253473482,0.11095201381551491,0.06956118729099652
2023-12-29 00:00:00+00:00,0.05682945867626386,0.11740454659457535,0.15145362332158752,0.0711553822798802,0.08164528301921321,0.06850657673508788,0.06609551647026048,0.06930730327268328,0.0772694868213757,0.05885376538747884,0.11236903642073004,0.06911002100086364
2023-12-30 00:00:00+00:00,0.05733954662601731,0.11722984505835185,0.15078398189184927,0.07120946603291271,0.08195153152479778,0.06860007100307815,0.06635077373346852,0.06957728723882395,0.07716667020691628,0.058979815986898027,0.1117647930995938,0.06904621759729233
2023-12-31 00:00:00+00:00,0.05712947526310561,0.1169430551113274,0.15117070037237149,0.07135603701002603,0.08189447790630475,0.06856107036974822,0.06616737279762898,0.06950156441776482,0.07709322218076418,0.058765921234466854,0.11270321651125297,0.06871388682523884
2024-01-01 00:00:00+00:00,0.05715034434790404,0.11703807935326065,0.15065384148476754,0.07134577127063094,0.08191482819942404,0.06852677735524765,0.06605173598695985,0.06942083251771977,0.07726517975581484,0.05892337793492259,0.11301720982053125,0.06869202197281676
2024-01-02 00:00:00+00:00,0.05679017448779145,0.11767904434173726,0.1503851651775381,0.0712174925922935,0.08263900378014223,0.06846189355786714,0.06594072022434379,0.06921901931798144,0.07685316796285939,0.05874954996114963,0.11288486732789596,0.0691799012684
2024-01-03 00:00:00+00:00,0.05663718279628324,0.11753693431346456,0.15022519751073865,0.07126740249186374,0.0830366463255465,0.06822546808964021,0.06589348902560425,0.06902085267555133,0.07632683092979839,0.05863810379264418,0.1137740450728302,0.06941784697603484
2024-01-04 00:00:00+00:00,0.056011798667552376,0.11804449643150113,0.15329929718281482,0.06976321644056299,0.08559882977681357,0.06752823497836287,0.0657998934405291,0.06715960814822054,0.07382971874900512,0.05733270268605642,0.11566939811878821,0.06996280537979284
2024-01-05 00:00:00+00:00,0.05594810250875906,0.11806485622492566,0.15314788672901067,0.06973347764351481,0.08572667582594921,0.06755951515090065,0.06578394460211597,0.067114733622808,0.07382861963604108,0.05734583316276345,0.1157571587539874,0.06998919613922396
2024-01-06 00:00:00+00:00,0.05578812904453557,0.11853193347504318,0.15258744251785275,0.06946428927646026,0.08616478863640166,0.06763961776392165,0.06569440433803106,0.06681097301801046,0.0737609930795416,0.057092664899474566,0.11628052865061338,0.07018423530011378
2024-01-07 00:00:00+00:00,0.055699818971557055,0.11876978698509166,0.15290908987078738,0.06938249062147055,0.08630812255933973,0.06765091407833734,0.06571494199181338,0.06678699979527426,0.0734399244011379,0.05705969150825589,0.11595711601828336,0.07032110319865142
2024-01-08 00:00:00+00:00,0.05582481865287079,0.11862075979964869,0.1532399429128101,0.06943091440561555,0.08609329563424171,0.06758642209173803,0.06568805041607002,0.06690323907349942,0.07347029846809043,0.057055852487436616,0.11579041838564162,0.07029598767233705
2024-01-09 00:00:00+00:00,0.056744041789527806,0.11759005316109472,0.15673344972646844,0.0696089021855322,0.08443030788027826,0.06757819931801187,0.06583464841988543,0.06735600792981696,0.07313437264011204,0.0572038485546705,0.11414645520593666,0.06963971318866526
2024-01-10 00:00:00+00:00,0.05881538532889159,0.1004329536885949,0.16133137584218082,0.07142349905648832,0.08289879294246379,0.07166407158145996,0.06317962723028413,0.06712321776514785,0.07400892438937186,0.055649081755011105,0.11668764504324501,0.07678542537686056
2024-01-11 00:00:00+00:00,0.057308123634325324,0.10386489382695169,0.16969240195330462,0.06996739515108058,0.08141238380126387,0.07133075398664207,0.06069223455052928,0.06650115273031444,0.07102143730125439,0.05579950380905132,0.11753849941737762,0.07487121983790461
2024-01-12 00:00:00+00:00,0.057273522210241505,0.1038532556814038,0.17018764417403762,0.07009607141938708,0.0814017771948986,0.07121005966361024,0.060712227179168125,0.06662448050667522,0.07115224861984122,0.055789903785560105,0.1168712624009243,0.07482754716425201
2024-01-13 00:00:00+00:00,0.057108535235615404,0.10333772740405583,0.1698478987025596,0.07003691569143579,0.08198222680259261,0.0714506174572583,0.06095056377353948,0.06654381388365095,0.07111006713031356,0.055531279311710695,0.11683896483227309,0.07526138977499476
2024-01-14 00:00:00+00:00,0.05709446196245243,0.10326977167340161,0.17011053596452616,0.07004049315573507,0.08193280877986388,0.07143113961385324,0.06091924036519633,0.06656156731579035,0.0710809585541676,0.05548987113275711,0.11674405511495728,0.07532509636729892
2024-01-15 00:00:00+00:00,0.05728337600799944,0.10226667757135578,0.1700893067143905,0.07014634234469087,0.08213337406040565,0.07144423763955644,0.06113266671705258,0.06653943858404043,0.07132065093888926,0.05534630746355641,0.11674626059129074,0.07555136136677176
2024-01-16 00:00:00+00:00,0.0572947141542128,0.10279524390107951,0.17005331735495097,0.07005972013060005,0.08211799755611762,0.07151067465612239,0.06107978684436328,0.06648975710121781,0.07128233275724812,0.0553118763655401,0.11660962484119988,0.07539495433734736
2024-01-17 00:00:00+00:00,0.057127139792431114,0.10242011997840242,0.16957794955548994,0.0701742392558431,0.08213019671641779,0.07126281664204372,0.06098437251767126,0.0665728495685527,0.07140671045092155,0.05517769945892603,0.11653874657137975,0.07662715949192063
2024-01-18 00:00:00+00:00,0.057114332702356885,0.10245824341746165,0.16969649110233012,0.07013993132713572,0.08204340316712856,0.07124559233085886,0.061010594662814395,0.06660671022638509,0.07134411705865018,0.05515576059624659,0.11650879993675291,0.07667602347187905
2024-01-19 00:00:00+00:00,0.05770911876448202,0.10345794504840347,0.16945139947673968,0.07005012666665635,0.08227023793324315,0.0703595590390645,0.061147250792710196,0.06654382133790548,0.07094834548974743,0.05463032396236646,0.11550735933222994,0.07792451215645126
2024-01-20 00:00:00+00:00,0.05774984343025169,0.10329917592734773,0.16930936406061406,0.07000298837026611,0.08236694352832555,0.07045031443777205,0.061027973847704024,0.06659159030511048,0.07079718177412901,0.05454449566622109,0.11590116976304271,0.07795895888921542
2024-01-21 00:00:00+00:00,0.058205379325448996,0.10408612472020805,0.16980566828213087,0.07040707617088743,0.08072594358866814,0.07043538662946369,0.06077133582404652,0.06693933247383682,0.07059456461493356,0.05368798161235808,0.1161119825893472,0.07822922416867038
2024-01-22 00:00:00+00:00,0.058142157840455205,0.10406893116946302,0.16972776715694504,0.07028888686661589,0.08144535418323608,0.07030300038657027,0.060615824640782516,0.06691495668732494,0.07060343868373024,0.053852175491297005,0.11598454168759613,0.07805296520598382
2024-01-23 00:00:00+00:00,0.05798370516692303,0.10312364539125066,0.17372378649041473,0.06864831390125231,0.08168393401895724,0.06989584170020473,0.05889720108171124,0.0668294447265024,0.07027566089567372,0.053667417391152036,0.11652886552993048,0.07874218370602744
2024-01-24 00:00:00+00:00,0.05800477697754261,0.10305768662945965,0.1741874343749621,0.06864402638716145,0.08164836284921886,0.0698507150321231,0.05895372642096497,0.06676240472922317,0.07030826851761159,0.053630941027252965,0.11645521225748025,0.07849644479699955
2024-01-25 00:00:00+00:00,0.05749793563060938,0.10319434501858793,0.17461189947172032,0.06841244492041093,0.08163862100019421,0.06992231481507699,0.05894406759697461,0.06671703136161283,0.07022222205249232,0.05352936553510126,0.11646591092886054,0.07884384166835871
2024-01-26 00:00:00+00:00,0.05750578291175887,0.10319553910164149,0.1746776023529516,0.06845734938303233,0.08168161271381526,0.0698947279081826,0.05894399902427897,0.06670907338195738,0.07022770606378832,0.05352569263024503,0.11644843307009077,0.07873248145825733
2024-01-27 00:00:00+00:00,0.057542994739319474,0.10298309300445518,0.17428677233687745,0.06865691298237647,0.08205347480784426,0.06960417202455516,0.058596323603503954,0.06709381392627481,0.07009989032009582,0.05313599676764244,0.11691584406628966,0.07903071142076543
2024-01-28 00:00:00+00:00,0.05755193400424594,0.10304591790262661,0.17434262441786794,0.06864429324695308,0.08205664337232425,0.06964474235260387,0.05859609943586309,0.06710537027661241,0.07011325312924849,0.05313127005879384,0.11674826355784917,0.0790195882450114
2024-01-29 00:00:00+00:00,0.057495386933788264,0.10291666515393964,0.17425141956261941,0.06872512122468513,0.08213466197987392,0.06970056790882209,0.058540873344170914,0.06713977177297596,0.07012796516113845,0.05326654800899878,0.11680707040418346,0.07889394854480411
2024-01-30 00:00:00+00:00,0.0575789353135255,0.10309812664449852,0.17581363763514393,0.06852060420478237,0.08256071999462279,0.06932245362641826,0.05838158907425641,0.06692642648086998,0.06988532042805604,0.053197758423507116,0.11563054091902368,0.07908388725529529
2024-01-31 00:00:00+00:00,0.05753963073268312,0.1030711418331075,0.17573573545406415,0.06850794835620418,0.08253700184959975,0.06933546667029912,0.058344413068560703,0.0669464073054825,0.0698525016253152,0.053195201227295257,0.11586655263922102,0.07906799923816756
2024-02-01 00:00:00+00:00,0.05768367856197871,0.10313935440140826,0.17588622100583698,0.0684656598749606,0.08252072925905625,0.06932888361093302,0.058381627932706966,0.06679872197890681,0.06988366026559682,0.05310672346892386,0.11574955411970192,0.0790551855199899
2024-02-02 00:00:00+00:00,0.057636591082550426,0.10314523592109584,0.17607706538571413,0.06837966957313164,0.08233081933473721,0.06925517199621911,0.058232428228715896,0.06682943811252037,0.06970866106424252,0.053122667903788535,0.11554908518623691,0.07973316621104733
2024-02-03 00:00:00+00:00,0.057800328440216577,0.10316947443467958,0.17606660047082273,0.06832614363079191,0.08255456756757562,0.06918785307050154,0.05780194573450456,0.06674254828652552,0.06979815644971837,0.0530500012818509,0.1152319839010659,0.08027039673174689
2024-02-04 00:00:00+00:00,0.05779041613311541,0.10312051882437173,0.17615835090496096,0.06833478529945132,0.08260621069197165,0.06917651741450695,0.05783626804736895,0.06670554131767657,0.06982289600362317,0.0530436218437751,0.11516314530006783,0.08024172821911037
2024-02-05 00:00:00+00:00,0.057729741257640736,0.10318124745014552,0.1760701257262628,0.0683449019588677,0.08235248126012572,0.06922631359132717,0.05792492659077607,0.0668499882036609,0.06991021579214292,0.052991132023858384,0.11542854738764706,0.079990378757545
2024-02-06 00:00:00+00:00,0.05770847942312966,0.10315577104773939,0.17622380489126765,0.0683207566170949,0.08224128642991717,0.06921158645210576,0.05792616634749182,0.06689174439497068,0.0698734362410192,0.052897874595456584,0.11536283977533565,0.08018625378447149
2024-02-07 00:00:00+00:00,0.057669493750469585,0.1033384018810585,0.17630084486324055,0.06828963304220816,0.08229219543296586,0.06922563866833359,0.05797149765561386,0.06686991718871953,0.06980190975356872,0.05302112125936121,0.11533409916720493,0.07988524733725548
2024-02-08 00:00:00+00:00,0.05777135331428098,0.10326066896695528,0.1761949629508872,0.0682688088958727,0.08217590492103863,0.06892489098348917,0.05795574653860199,0.06673869067039141,0.06982464560078828,0.05288001002855606,0.11554023921997175,0.08046407790916649
2024-02-09 00:00:00+00:00,0.057824021902780486,0.10331473495211829,0.1762817674265744,0.06827452474983765,0.08207192789524416,0.06892912830916238,0.05785543736193389,0.06671049585014245,0.06982882986105582,0.05293550479897681,0.1156723912155738,0.08030123567660002
2024-02-10 00:00:00+00:00,0.057860127127219024,0.1037667304713246,0.175820463562485,0.06850632296972417,0.08217534263395916,0.0688659065403745,0.05739137425324908,0.06691552762421374,0.06986816354305839,0.05281558726545205,0.11575135653721084,0.08026309747172927
2024-02-11 00:00:00+00:00,0.057946522501342454,0.10378843145889699,0.17587904906338747,0.06854872210087769,0.08223783937446107,0.0687632108409307,0.05716878384386392,0.06689899339381998,0.06987995112993885,0.052874341298405216,0.11567287616718523,0.08034127882689042
2024-02-12 00:00:00+00:00,0.05681137641090734,0.10237584153528728,0.17537398203042207,0.06831878214773113,0.08068956308036597,0.06857248240673106,0.0576371090876744,0.06794487217176035,0.07109391235549518,0.05259933514370973,0.11869826334055433,0.07988448028936113
2024-02-13 00:00:00+00:00,0.055928669461457116,0.10378710402580496,0.17385905066665366,0.06749755286831967,0.08220237330515794,0.0676029031107908,0.05702390040322849,0.06898684662972934,0.07049277251342849,0.053264751374051365,0.12060220513896056,0.07875187050241768
2024-02-14 00:00:00+00:00,0.049594407533249646,0.13629922491031762,0.17132210244024335,0.06025399247128685,0.08429341617171897,0.06121670243867496,0.05109522580363866,0.0673675718735495,0.07037238358057246,0.05308844945721761,0.12381051896496764,0.07128600435456275
2024-02-15 00:00:00+00:00,0.04954077979382239,0.13720736857767804,0.16960503724001247,0.060413876845155506,0.08465609513355955,0.061394793398621875,0.05103463477356836,0.06755200866464897,0.07041534369692506,0.053274529721939225,0.12367239595844863,0.07123313619562001
2024-02-16 00:00:00+00:00,0.04987075438065326,0.13776957961965444,0.16773776963374712,0.06047914057319138,0.08493818092042091,0.06130311702077111,0.051194437285130255,0.06767581758393511,0.07051253911774627,0.0534394917439265,0.12368260827920846,0.07139656384161522
2024-02-17 00:00:00+00:00,0.049869467157862064,0.13805626709877936,0.1675874062591866,0.06047027371901987,0.08488738986439891,0.06132176927780872,0.05121398005942348,0.0676352334194602,0.07043894771130943,0.05342450151526727,0.1236939867259751,0.07140077719150897
2024-02-18 00:00:00+00:00,0.049801420161022944,0.1383410596912031,0.16766911160972284,0.060603790666089605,0.08478575727079923,0.06159518547642407,0.051251345743704886,0.0674292626876153,0.07048782487262242,0.05335903015411433,0.12301311967632642,0.0716630919903548
2024-02-19 00:00:00+00:00,0.04981874380208856,0.13839581167537413,0.1683452670035169,0.06057171579197484,0.08460580840511303,0.06168296229622123,0.05135065372397321,0.0673507764423397,0.06971346965078372,0.05318926616206318,0.12316645094768659,0.07180907409886496
2024-02-20 00:00:00+00:00,0.050118626312316186,0.13822947966625523,0.16940699683123858,0.06034705744849759,0.08427131823394628,0.061797681258937254,0.05136113300354014,0.0670444591859372,0.06951893653694302,0.05317748493826564,0.12248462272239898,0.07224220386172409
2024-02-21 00:00:00+00:00,0.05007172526002491,0.1391668217093002,0.16983272295501134,0.06009074108136551,0.08378105365803683,0.061745031742320086,0.051275211861146364,0.0669201280239137,0.07017184311888147,0.05314275125941556,0.12176283357506025,0.0720391357555237
2024-02-22 00:00:00+00:00,0.04982483001548292,0.13853608507309084,0.17423484211535514,0.05976325289322415,0.08348460920598852,0.06137628293976638,0.05116190343374896,0.06628662276563706,0.06924393416018305,0.052810353777227745,0.12123124021213123,0.07204604340816405
2024-02-23 00:00:00+00:00,0.04978024271237561,0.13853890720065162,0.174366219530524,0.059739612855462886,0.0834695410301132,0.06132011738114422,0.05111836734486753,0.06628163058459492,0.0692919816808882,0.05283549797717161,0.12122155550029205,0.07203632620191412
2024-02-24 00:00:00+00:00,0.049808614831843206,0.1383556981757944,0.17408031894272535,0.05979185057418477,0.08356180919564353,0.06134700249041234,0.05107339572404222,0.06633448468513459,0.06933391297884141,0.052837105355083215,0.12135451073957564,0.07212129630671947
2024-02-25 00:00:00+00:00,0.04987293503717875,0.13834150209101423,0.17363078751499478,0.059802446201121524,0.08358795438203181,0.061380021752432234,0.05121211462370449,0.06634972950425942,0.06946181723947431,0.05261889772364523,0.12134356351665103,0.07239823041349218
2024-02-26 00:00:00+00:00,0.049830115591253166,0.13861501249800307,0.1753154874262709,0.05907719637527104,0.08460302320069378,0.06071054016449069,0.05055181279798549,0.06577999927479794,0.06952198000986319,0.05259931749351538,0.12114414624201968,0.07225136892583571
2024-02-27 00:00:00+00:00,0.05029245002971122,0.14001460834623605,0.17321855276259152,0.05940042931049477,0.08444504610064334,0.060641936367498164,0.05066547660650896,0.06527776525397419,0.06902277979927716,0.052742935736500476,0.12148735698066918,0.07279066270589496
2024-02-28 00:00:00+00:00,0.05045681858806702,0.13850861201689854,0.17593747569830065,0.059378519991288015,0.08333662890436298,0.06054756229619935,0.05055599045470309,0.06464367959701715,0.06943627566332862,0.05240249372264679,0.12229122360440804,0.07250471946277966
2024-02-29 00:00:00+00:00,0.05000256398420009,0.14347139976984968,0.1717774036344642,0.06032957662952148,0.07785082532041877,0.06123963139739638,0.05101797235763437,0.06544645179538923,0.07085419060775408,0.052052467106977585,0.12344878219886825,0.07250873519752592
2024-03-01 00:00:00+00:00,0.04988894653043216,0.1431191744884185,0.1735588855244066,0.060531174382993956,0.07784519002211747,0.061105439983279955,0.05107530699047797,0.06509570739896489,0.07101694629218702,0.0522686711899802,0.12179348716418494,0.07270107003255644
2024-03-02 00:00:00+00:00,0.05100276164771736,0.14467947786666002,0.17515676921170298,0.0611828921264724,0.07211570686163779,0.06027942031667863,0.05207772898679525,0.06612877649148852,0.07234987091665109,0.052838236155115785,0.1183053580970911,0.07388300132198902
2024-03-03 00:00:00+00:00,0.053095581002415425,0.13984616067823208,0.1800445345969832,0.06080628086648501,0.0747481988043212,0.062200342569731205,0.053481384510531124,0.06599858522107925,0.07257827218850829,0.05241830648910581,0.11030332048654413,0.07447903258606324
2024-03-04 00:00:00+00:00,0.05319893389385833,0.1399576976791951,0.17990691488338065,0.060745965014825785,0.07460187687003281,0.062274457327877585,0.0535842126893057,0.06611196214221414,0.07259842066975415,0.05198148499682733,0.11039765688583784,0.07464041694689048
2024-03-05 00:00:00+00:00,0.053283037620510655,0.13877832342870722,0.18043114934688861,0.061069513127414245,0.07183725739552602,0.06200252899412806,0.05388523456499685,0.06599857957633642,0.07214528087533723,0.053228619777482764,0.11204968913358772,0.07529078615908419
2024-03-06 00:00:00+00:00,0.05612214998223951,0.1327235430967012,0.17567290983303985,0.06449954097385635,0.06862828575817077,0.06303188764873303,0.05432882734037261,0.06762481638373663,0.07294702714301443,0.058163185962812655,0.11169382540374546,0.07456400047357763
2024-03-07 00:00:00+00:00,0.057768002094135316,0.13351025323274107,0.16579638697220442,0.06313641596150456,0.0708755237791997,0.06413251060021506,0.05664689939472799,0.06839208065656929,0.07296312013792547,0.057835752967269456,0.11182483975579481,0.0771182144477128
2024-03-08 00:00:00+00:00,0.057523468129712436,0.13395058245760946,0.1568197040834191,0.06534508638173456,0.07290968954647603,0.06564458561012934,0.057392044261305696,0.06940950463369844,0.07379990103495657,0.05571962865697145,0.112611036189031,0.07887476901495587
2024-03-09 00:00:00+00:00,0.05776904467901102,0.13387330360096722,0.1567562918097491,0.06528102320039286,0.07327011788949031,0.06530927736394398,0.05729383546196693,0.06930474169226464,0.07387130289718986,0.05561666015158863,0.11285648701449535,0.0787979142389401
2024-03-10 00:00:00+00:00,0.057887836027714475,0.1361976974766326,0.1575964625773603,0.06607447329024474,0.07194443071403679,0.06473087973878118,0.05685668836821299,0.06729261387313003,0.07448731061458226,0.05608490444781096,0.11211280413963874,0.0787338987318549
2024-03-11 00:00:00+00:00,0.058177377522090123,0.13595104546267375,0.15810259900490456,0.06574043435042096,0.07214691843807151,0.0645591550251473,0.05656509408672735,0.06698737413024249,0.07463807399124757,0.05610371085036341,0.11173063461480101,0.07929758252331
2024-03-12 00:00:00+00:00,0.060407328101749286,0.11797827171142637,0.16829451662683206,0.06686445384773519,0.07359036780256299,0.06559654188871962,0.056027909441894355,0.07106784468767195,0.07856686892932238,0.05678189117078877,0.09973115738358121,0.0850928484077157
2024-03-13 00:00:00+00:00,0.060619323331033086,0.11701160786123678,0.16983297677422823,0.06666097255757901,0.07282789498120976,0.06534878996061519,0.05710868758735945,0.07203291001380852,0.07809987695250269,0.05691003471668866,0.09859180406132628,0.08495512120241232
2024-03-14 00:00:00+00:00,0.06079355143336526,0.11960641680134407,0.15527047948060263,0.06704648176684555,0.07459613932651007,0.06650438040112976,0.0587210226334141,0.07406674237649923,0.07796577554996009,0.05724651025756421,0.1013539496532724,0.0868285503194926
2024-03-15 00:00:00+00:00,0.06170812584773293,0.11916408891964383,0.15376529882832563,0.06755528958444781,0.07556180729414613,0.0665601460777865,0.058762378085083194,0.0739042038878849,0.07778960746413117,0.05689057146802591,0.10105351812331355,0.08728496441947839
2024-03-16 00:00:00+00:00,0.06233247802122063,0.118056310569745,0.15691692859878104,0.06692249571142891,0.07460773826690767,0.06645306105453776,0.05994051413386373,0.07327710918276377,0.07703157656746806,0.057754997587707406,0.10058474371014058,0.08612204659543536
2024-03-17 00:00:00+00:00,0.06513396611161923,0.1190068007067442,0.14930165601975418,0.06635792885655041,0.07239880381016366,0.06639466803990553,0.060089648174667484,0.07318626315350227,0.07689651224586665,0.058212965785851535,0.10092905931386727,0.0920917277815076
2024-03-18 00:00:00+00:00,0.06434926984496873,0.11909945777516946,0.15066322048101113,0.06626511041567104,0.07164283823122657,0.06687381547372838,0.05957778031183889,0.07294678308525031,0.07703021110071752,0.05794294495776939,0.1009926198742583,0.09261594844839029
2024-03-19 00:00:00+00:00,0.0642243678897491,0.11991136095495344,0.15004532815237992,0.06623162144729093,0.0712152699264286,0.06679655763815208,0.059828550755344066,0.07260493858027427,0.07685292451281264,0.05855237025290319,0.10091685328545008,0.0928198566042617
2024-03-20 00:00:00+00:00,0.06262797911647412,0.11701498609577872,0.1446260090076015,0.06550117574957362,0.07064770363357468,0.06857759324473044,0.05889890519297393,0.07298327903144519,0.07876497490733496,0.06196332232341481,0.10074559570524796,0.09764847599184992
2024-03-21 00:00:00+00:00,0.061950126442623994,0.11748784970931422,0.14194358146678168,0.06589952460081282,0.07017839694900523,0.06916416655648573,0.058745133786088546,0.07320161162871412,0.07948124739905041,0.06166351077870644,0.10092921845502012,0.09935563222739674
2024-03-22 00:00:00+00:00,0.06174445626293955,0.11778787558269538,0.1418637845857055,0.06586656937489557,0.07024805275872983,0.06918592099657378,0.058581490595945855,0.07321510880210758,0.07953269458723444,0.06165731154239113,0.1009799660756042,0.0993367688351772
2024-03-23 00:00:00+00:00,0.06165564172313339,0.11742690192974807,0.14192174648727932,0.06586178994570635,0.07021113146800673,0.0692627654080694,0.0585840128851074,0.07324351144966354,0.07963899484316327,0.06181220311191103,0.10101580758038813,0.09936549316782331
2024-03-24 00:00:00+00:00,0.06162246014723224,0.11756860753235832,0.14196637923015806,0.06587964998251446,0.07026160880932394,0.06926081313426997,0.05860164778982372,0.07337467848486484,0.07974823469829335,0.061673970987555844,0.1010768449368598,0.09896510426674558
2024-03-25 00:00:00+00:00,0.06137760521893387,0.11743331581114402,0.14167449139321459,0.06605703455235724,0.06969639243885647,0.06954508353308547,0.058573000022901035,0.07354359542582624,0.08013187037235066,0.06173533762976038,0.10058886850094416,0.09964340510062587
2024-03-26 00:00:00+00:00,0.06139093278956787,0.11743451399452456,0.14178451396597058,0.0660493382229793,0.0697148951095267,0.06956948585367337,0.05857213589077359,0.07350273529841796,0.08011046498006401,0.06169075637849285,0.10060214302980658,0.09957808448620263
2024-03-27 00:00:00+00:00,0.06147391002754325,0.11732125642093699,0.14181589435148548,0.06605773906187443,0.06980787798439546,0.06959348898708162,0.058423306041870564,0.07358469627516795,0.08024394725324673,0.06163115768038236,0.10083719831173246,0.09920952760428245
2024-03-28 00:00:00+00:00,0.06143752093108844,0.11708615617161532,0.14168107226057977,0.06613388596788451,0.07039467900310693,0.06986608411343395,0.05834929446224843,0.07342013334167834,0.08060812033265985,0.061302387481194674,0.10069814757860694,0.09902251835590288
2024-03-29 00:00:00+00:00,0.06153682373671909,0.11727022906202088,0.14159729039607893,0.06625314662792435,0.06951628585743098,0.07001578492367708,0.05840996193523766,0.07347547204237392,0.08065125262808961,0.06130812001544158,0.10073574062829257,0.09922989214671328
2024-03-30 00:00:00+00:00,0.06254940586965019,0.11745274913419204,0.14047617472830567,0.06595643773230885,0.0693477910035317,0.07046761134542348,0.05840951708626367,0.07353336870745046,0.08138897080172304,0.061314332644154534,0.1003569675172523,0.09874667342974403
2024-03-31 00:00:00+00:00,0.06259303623039433,0.117184009842121,0.14019085422300218,0.0656862926076104,0.06860359649454996,0.07099961895835105,0.05850864440868181,0.07328016164434283,0.08207152764310273,0.0610715671075313,0.09954798238606113,0.10026270845425134
2024-04-01 00:00:00+00:00,0.062497667962707594,0.11726936956182238,0.14025639203960605,0.06579561746141337,0.06812695140199013,0.07112244792208341,0.05854528718564509,0.07331681695811092,0.08227848597442661,0.060863689874200606,0.09937667414306396,0.10055059951492966
2024-04-02 00:00:00+00:00,0.062319960872218715,0.11716205579496973,0.13928180804195806,0.06612004036360293,0.06777196656202693,0.071472057518506,0.058501399912519736,0.07330760964222438,0.08311792266970137,0.06062486622611557,0.09883890401643101,0.10148140837972568
2024-04-03 00:00:00+00:00,0.0634150020732906,0.11743469243817833,0.1408881640990608,0.06552102271516905,0.0694743574076243,0.07023784813608297,0.05834402045848244,0.07220681575778912,0.08204999481930259,0.06169964783285084,0.09743025599552485,0.10129817826664408
2024-04-04 00:00:00+00:00,0.06345680496521214,0.11754719902751556,0.14079578842366763,0.0655074357703512,0.06937398386399855,0.07029471069748403,0.05842364945891009,0.07213888095757565,0.0821641224642707,0.06163303080792202,0.09720719633201966,0.10145719723107274
2024-04-05 00:00:00+00:00,0.06344654559185571,0.11733226497298359,0.14110080147605247,0.06546371929913399,0.06951755780961312,0.07021864767861134,0.05848120853290107,0.07196281291486341,0.08203704703842883,0.061660149676166634,0.09725054483221716,0.10152870017717264
2024-04-06 00:00:00+00:00,0.06353476238715101,0.11731792614709068,0.14119354045514698,0.06543748589280844,0.06958459716188706,0.07020755976018035,0.05849605918775786,0.07190365564493548,0.08196762519766686,0.061700178677058834,0.09727691172232178,0.10137969776599474
2024-04-07 00:00:00+00:00,0.06383069707354992,0.11786502975850956,0.1407185399335874,0.06522923041303412,0.06929658053374285,0.07010560905579108,0.05839929175964937,0.07166453928377237,0.08204643374841364,0.06146735661651603,0.09769012477459327,0.10168656704884037
2024-04-08 00:00:00+00:00,0.06385399585862317,0.11786122632662954,0.1408133716357809,0.06510391796971274,0.06965276145506924,0.0700513647741743,0.058387993583314056,0.07161282005281396,0.08195707463939593,0.06145824144683958,0.09776498115702237,0.1014822511006243
2024-04-09 00:00:00+00:00,0.06380526793177016,0.1177206740110466,0.14089995176968304,0.06525209535808074,0.06973730291902858,0.06982245907026807,0.05834883591297533,0.07167151116021223,0.08180815851981507,0.06146755649297452,0.09829155865662688,0.10117462819751886
2024-04-10 00:00:00+00:00,0.06366768183917411,0.11780848100592325,0.14076794303277634,0.06529792450438238,0.0693097862964793,0.07001146869978869,0.058310606747310235,0.07154399900724571,0.08204569922254244,0.06195267011281173,0.09770130660313583,0.10158243292843007
2024-04-11 00:00:00+00:00,0.06353573095651831,0.11791441269890306,0.14090227068769992,0.06539398256273449,0.06936215439643792,0.06993889693728757,0.058273352093868795,0.07147224785874771,0.08208230841928082,0.06200234046212332,0.09765484999442124,0.10146745293197681
2024-04-12 00:00:00+00:00,0.06346422127647398,0.11789861890027525,0.1408167875336482,0.06540118001961392,0.06937130742543078,0.06993176265502149,0.058338647203988424,0.07171467033581913,0.08214767082328003,0.06194701406931541,0.09761201034417959,0.10135610941295378
2024-04-13 00:00:00+00:00,0.06568176345061372,0.11903413157379163,0.149412554217718,0.06001191607163799,0.07984258312308636,0.06308821455802677,0.05580181329843184,0.06333605567369269,0.07504692645707103,0.06518682180778966,0.10283104598125355,0.10072617378688697
2024-04-14 00:00:00+00:00,0.06921810205720154,0.09911475541277441,0.1789529957494619,0.0591724408605579,0.07830397028642475,0.06694095353350292,0.05762241696285505,0.062169794448483896,0.07117290978760334,0.06782103608758316,0.09817443437329727,0.09133619044025383
2024-04-15 00:00:00+00:00,0.06896561695025746,0.09897779570579356,0.17958374688101092,0.05895674163510788,0.07823281167715199,0.06760462409623409,0.05741429008579224,0.06255455407871491,0.07073554505002741,0.06811014783426751,0.09856121561610559,0.09030291038953653
2024-04-16 00:00:00+00:00,0.06864884942590288,0.09896535604051672,0.17993255849382672,0.05899871288548918,0.07839662877842078,0.06769796250389587,0.05732020211336938,0.062487372047281296,0.07085296565178684,0.06786176221686656,0.09865378514025061,0.09018384470239331
2024-04-17 00:00:00+00:00,0.06829352384880909,0.09967568570214283,0.18010355419650492,0.058888350935189106,0.07830336008826769,0.06782264915155214,0.05734944540360957,0.06235830437595608,0.07081020157773184,0.06770452173158052,0.09861208848230285,0.09007831450635334
2024-04-18 00:00:00+00:00,0.06788276119502934,0.09956306174460816,0.18034648943162632,0.058932701425517146,0.07810728822429,0.06785069093319572,0.05736562982927095,0.06245975959641571,0.07086537807257313,0.06782557197043658,0.09886256602548311,0.08993810155155374
2024-04-19 00:00:00+00:00,0.06773610742271172,0.09972294288748298,0.1796081490739635,0.05883431480086095,0.07788382266630806,0.06786352537386227,0.05727433086971225,0.06247364201042645,0.07118455378525956,0.0675976103459154,0.09914632607602074,0.09067467468747613
2024-04-20 00:00:00+00:00,0.06742313935211877,0.09945345160348985,0.1796392610454369,0.05853604407247762,0.07758078011718578,0.06765591932113169,0.057214124048970826,0.06225322975347079,0.07145851169895026,0.06770460234603873,0.09884971672926701,0.09223121991146181
2024-04-21 00:00:00+00:00,0.0677062146473579,0.09934595707751837,0.18123918939037398,0.057847393564205096,0.07845386405365987,0.06762900379193573,0.05615480228794906,0.06229514727212666,0.0711974245179138,0.06726475945179938,0.09878934180194603,0.09207690214321415
2024-04-22 00:00:00+00:00,0.06797748733710704,0.09876434238002696,0.18160006718837587,0.05795723767670313,0.07844457486652473,0.06754762811707483,0.05614308513610074,0.06238274507598241,0.07120878555892454,0.06732253242095833,0.09852098809186616,0.09213052615035523
2024-04-23 00:00:00+00:00,0.0680191544075547,0.0981365253532012,0.18209013168245836,0.0578843908757355,0.0785789910129868,0.06739751200213857,0.055949121416475456,0.06243754186857648,0.07110406087600016,0.06722543282509842,0.0986244057259882,0.09255273195378608
2024-04-24 00:00:00+00:00,0.06804852288203068,0.09811526345477808,0.1820876454871963,0.05787095105397088,0.07872441094528163,0.06739699037598887,0.05599275576421705,0.06251014237052124,0.07108811567084776,0.06709114536084758,0.09861233112982451,0.0924617255044955
2024-04-25 00:00:00+00:00,0.06823543375166626,0.0980873538473778,0.1817531264185109,0.05791465850377919,0.0791642632760839,0.06718532201765226,0.056089943767193076,0.06262341750735063,0.07140955455889554,0.06687832050761539,0.09882840590231505,0.09183019994156007
2024-04-26 00:00:00+00:00,0.06818468178458902,0.09808564670968262,0.181762156437978,0.05789148920548631,0.07918678027011133,0.06714305428895435,0.05614053896498161,0.06280525153083877,0.07141786771272725,0.06685355634883038,0.09887101556438975,0.09165796118143066
2024-04-27 00:00:00+00:00,0.0681864125516202,0.09815830570018949,0.18162586089770172,0.05781750721023646,0.07885082159376547,0.06695681915181399,0.056079171017868426,0.06336125492011421,0.07139845354316847,0.06697546572647821,0.0990138998134926,0.09157602787355092
2024-04-28 00:00:00+00:00,0.0683855587714261,0.09854267353995956,0.18141021088006393,0.057896923593020136,0.0787290391295957,0.06694652264674246,0.05597686517757824,0.06329720100962198,0.07133401060932264,0.0667375461259485,0.09914638382455303,0.09159706469216783
2024-04-29 00:00:00+00:00,0.06820759294721782,0.09830847283937863,0.18152034899312125,0.057909552349237566,0.0787833073851869,0.06703194508444903,0.05601985455782941,0.06343946468639917,0.07137880787473887,0.06675232744905991,0.09918298241106188,0.09146534342231961
2024-04-30 00:00:00+00:00,0.06862979803562083,0.09803789496284988,0.18090877706100086,0.05812562894232205,0.07855496587795437,0.06712564455893427,0.056196779475593685,0.06314270435574569,0.07169281155840125,0.06701573520525346,0.09907667383014192,0.09149258613618182
2024-05-01 00:00:00+00:00,0.06818382423495854,0.09715245857106583,0.1877958077775765,0.05828362306039776,0.07714810054136058,0.06708952395714779,0.05623700220475866,0.06324255382013212,0.07181463881533778,0.06464796581423665,0.09682964770028002,0.0915748535027476
2024-05-02 00:00:00+00:00,0.06783713930188276,0.09668941574183125,0.18966747129041311,0.05796231250934061,0.07742591869414865,0.06717086306339318,0.05629164798462062,0.06322505444949282,0.07137812060474429,0.06398529427449302,0.09650843184374727,0.09185833024189238
2024-05-03 00:00:00+00:00,0.06808877421003463,0.09679361691921812,0.19017117406385217,0.05777790911829621,0.07707899496567103,0.06699234809593198,0.05619926613794686,0.06318065653347123,0.07121950687404867,0.06399095546928868,0.09670057851766406,0.09180621909457648
2024-05-04 00:00:00+00:00,0.06746300228095699,0.09846283073160071,0.18916685131277367,0.057871714798204354,0.07553847610111693,0.06727994154053976,0.05596062657601438,0.06312931525036505,0.07129012265918468,0.06423878251509078,0.09694659169921481,0.09265174453493796
2024-05-05 00:00:00+00:00,0.06641888702310496,0.10007224894314538,0.19127001571077365,0.05721171692894516,0.07552785506794327,0.06697266280489003,0.055517827656295315,0.06261672152081171,0.07116245793027605,0.06358635791601912,0.09650369422506168,0.09313955427273364
2024-05-06 00:00:00+00:00,0.06594905894176331,0.10049919404089053,0.19260040765468153,0.05702262158311923,0.07563931360457123,0.06702651554707291,0.0554596847491919,0.06256608263383674,0.0707837565674771,0.06354155513659579,0.09625102323252493,0.09266078630827493
2024-05-07 00:00:00+00:00,0.06559262968207438,0.10014644075419035,0.1921756008599912,0.056953289300666544,0.07552141842724855,0.06688475565048767,0.055273988198288014,0.06244972502282086,0.07122727355553356,0.06327841487586644,0.09555493123340103,0.09494153243943124
2024-05-08 00:00:00+00:00,0.06569498435567496,0.10002476078915053,0.19243360109419902,0.0569508840300389,0.07541025904374192,0.06687520624999459,0.05523422354907287,0.06240949869184901,0.07129592423389156,0.06317782007479682,0.09565494804328817,0.09483788984430168
2024-05-09 00:00:00+00:00,0.06918080280112007,0.09864286260324341,0.19028229336104552,0.05670529693416421,0.07497173613613302,0.06699557577824661,0.05595609661833237,0.06228598260197128,0.0701771941069604,0.06417939639323524,0.09456328585069607,0.09605947681485184
2024-05-10 00:00:00+00:00,0.06754630150345008,0.09872886675663341,0.19267198694878568,0.05736304209809637,0.07339599243179254,0.06692070375575325,0.056507721709163086,0.06215831314979582,0.06949731047895738,0.06317220891409699,0.09545558112138884,0.09658197113208654
2024-05-11 00:00:00+00:00,0.0676456779902393,0.09791710500074151,0.19315684350698759,0.05748983221466693,0.07259987536442526,0.0669297734487275,0.0571627296011088,0.0627709353753181,0.06973262813517377,0.06373570711788018,0.09552924993239229,0.09532964231233897
2024-05-12 00:00:00+00:00,0.0679486548427704,0.09489969531183375,0.19383868736896515,0.05726675183360074,0.07223897583495817,0.06707430718774024,0.0585494981433406,0.061988772589360884,0.06854349007057661,0.06400480333365745,0.0957782051642519,0.09786815831894409
2024-05-13 00:00:00+00:00,0.06784950469106275,0.09497125891320474,0.1938423944118028,0.05728899077561725,0.07225114809983703,0.06707385209278524,0.05850937645151742,0.061988146310829606,0.0684821315479005,0.0640189273280291,0.09578155088510923,0.09794271849230435
2024-05-14 00:00:00+00:00,0.0696274133869313,0.09338559865535112,0.19617576026885172,0.05657108675546013,0.07097292050661601,0.06619425371538348,0.06110615463336904,0.06117663827424545,0.06614465445624192,0.06340905826544928,0.09552739822399109,0.09970906285810954
2024-05-15 00:00:00+00:00,0.07113784018944577,0.09412395957990297,0.1993526871422364,0.05633376508975134,0.06956358379052788,0.06583250684601123,0.05976671751785361,0.060586037339452156,0.06642605552307265,0.06131003998393903,0.09541293050905805,0.10015387648874889
2024-05-16 00:00:00+00:00,0.0745601407632612,0.09518717290361789,0.19958866030869563,0.05677253896271901,0.07017892196485744,0.0664013108594294,0.059946851526640164,0.059477763438889275,0.06614157038632462,0.05850980800649852,0.09596025176683913,0.0972750091122277
2024-05-17 00:00:00+00:00,0.07450115244990908,0.0951265104934266,0.19953351664327837,0.056724939030658374,0.07046896329722406,0.0662654272445541,0.05992354781990106,0.05961141793689838,0.06610355734456254,0.05863397948926949,0.09594027092165772,0.09716671732866039
2024-05-18 00:00:00+00:00,0.0743225996351117,0.09496637421698145,0.19979078172750603,0.056614026448812645,0.07018923158680998,0.06602903528820514,0.06003465968821609,0.05957211694559266,0.06598984128557714,0.05861266914459403,0.0957099528961197,0.09816871113647366
2024-05-19 00:00:00+00:00,0.07503587209739791,0.0949284328336872,0.19779988088214542,0.05664289105224949,0.07044637125278985,0.06592303095991289,0.06062174013205494,0.05956154763737732,0.06635909003342182,0.058838962219791915,0.09555474994773536,0.09828743095143583
2024-05-20 00:00:00+00:00,0.07448889930450851,0.09173999409354824,0.20909190725037996,0.055788964530529526,0.06985954158299999,0.06463933787440451,0.05990361005607891,0.058888998886108296,0.06610038802163315,0.058072096319608864,0.09154278325189902,0.09988347882830091
2024-05-21 00:00:00+00:00,0.07405226914923801,0.09256565157485153,0.20858394351150944,0.05595417925942597,0.06953980036350678,0.0650863889362085,0.0601288703247276,0.0593144602296381,0.0671817645792366,0.05781716848756889,0.09006663232053477,0.09970887126355375
2024-05-22 00:00:00+00:00,0.07381151598833939,0.09250704940324408,0.20915325914858587,0.05596397843670011,0.06959894462107798,0.06503391117581149,0.06016346557550335,0.05931926628048605,0.06714388050304736,0.057754450300260364,0.09004651187568856,0.09950376669125545
2024-05-23 00:00:00+00:00,0.07402983681785633,0.09271876724499148,0.20873336199072423,0.05609054132401576,0.06946546975699881,0.06510881665578759,0.060192013309627895,0.059483714082084804,0.06733706216123013,0.05777808803578292,0.0901429605807769,0.09891936804012313
2024-05-24 00:00:00+00:00,0.07449912561029316,0.0929442323085551,0.20655636224119647,0.0560917923813751,0.06903809293014206,0.06497882959411695,0.06017887473732778,0.05983407268243765,0.06766001685695454,0.05804865238158762,0.09052552879116764,0.09964441948484583
2024-05-25 00:00:00+00:00,0.0745117916528274,0.09293393904900436,0.20655802976538745,0.05608418605607254,0.06904500712688032,0.06501677536726666,0.06019740058081076,0.059702546016312495,0.06765843377490838,0.05807802083725214,0.09056192209232546,0.09965194768095219
2024-05-26 00:00:00+00:00,0.07481524517990162,0.09274107632804418,0.20633374183167494,0.0561596632652325,0.06873271546776696,0.06510298607774263,0.060317979873510945,0.059404989497059434,0.06753816867841342,0.058211890289556645,0.09056770137599915,0.10007384213509761
2024-05-27 00:00:00+00:00,0.0747726173353073,0.09269913560013124,0.20631742390063196,0.05635706573105941,0.06852968285313063,0.06523543034094655,0.060243849474941255,0.059319511598188386,0.06757100911867574,0.058313510497104336,0.09063632662816963,0.10000443692171364
2024-05-28 00:00:00+00:00,0.07456980913146805,0.09287800476332159,0.206463721227002,0.05653238274831734,0.06865796624522602,0.06564990268386593,0.0602455615810865,0.059496064408725444,0.06767298423303413,0.05856292129014972,0.09074798221038864,0.09852269947741464
2024-05-29 00:00:00+00:00,0.07460102884029035,0.09297008265616509,0.2064816222429987,0.05643547286866657,0.0685871676022365,0.06564118310517464,0.060199411342281545,0.059512227906262954,0.06769738242579346,0.0586678968745092,0.09068997858166176,0.09851654555395942
2024-05-30 00:00:00+00:00,0.07464498382085441,0.09293096843406368,0.2062641473736723,0.056344019047910324,0.06858617126633167,0.06571399949640155,0.060162064434515335,0.059634871731923646,0.06765980520740413,0.05862577451681962,0.09072834319038686,0.09870485147971633
2024-05-31 00:00:00+00:00,0.0752704265259354,0.09246775166451075,0.20525085000558094,0.05622593581700292,0.06862194026389809,0.06636779337329249,0.06007529950766023,0.05943409686123643,0.06754982222094094,0.058613410718518694,0.09058576678763591,0.09953690625378711
2024-06-01 00:00:00+00:00,0.07527620311916397,0.09246304533744808,0.2051612881404988,0.056187848952709174,0.06863380894494057,0.06641296987320591,0.06005532579362596,0.05937094818037232,0.06755616590527296,0.05866311967191905,0.09044461355365242,0.09977466252719083
2024-06-02 00:00:00+00:00,0.07522850862158327,0.09241861480231173,0.20506342239883418,0.056206305918754244,0.06873748612632283,0.0664465132740268,0.060082496687515335,0.05936085629965716,0.06753768232348453,0.05867112024369986,0.09045270877936747,0.09979428452444242
2024-06-03 00:00:00+00:00,0.07496719568872132,0.09228939953774364,0.20499602387270677,0.05628967399630939,0.06877732891425137,0.06665153898817071,0.06043066241857235,0.059432180717030485,0.06744285715497335,0.058621776954633976,0.09052731292735854,0.09957404882952803
2024-06-04 00:00:00+00:00,0.07496795961794427,0.09228904244248337,0.2051163944189741,0.056302936366837655,0.06877238639177463,0.06665409394377478,0.06049832164632427,0.05944545840819204,0.06742013271406,0.058606715600163964,0.09046429187519503,0.09946226657427573
2024-06-05 00:00:00+00:00,0.07673349188882796,0.09368854401973466,0.19214916954935773,0.05742991219174271,0.06985820437095508,0.0677922195100828,0.061864499412539554,0.06073636156553881,0.06867241893432795,0.058864711700564884,0.09214398995980902,0.10006647689651889
2024-06-06 00:00:00+00:00,0.07835172356978075,0.09264251534057855,0.18584608858975812,0.05758262123137593,0.0698234354833573,0.07175784204648641,0.06379349811302032,0.05966267207861451,0.06821572266918907,0.05885920525402493,0.0924515978828842,0.10101307774092978
2024-06-07 00:00:00+00:00,0.07807432894765028,0.09254180224758445,0.18733106007574896,0.05739703312802842,0.06981631589891668,0.07152338847163603,0.06355539478474248,0.05962402211839019,0.06840818044953881,0.05840421156887216,0.09233508403624024,0.1009891782726512
2024-06-08 00:00:00+00:00,0.07882020795498122,0.09189724668326636,0.18117697571029423,0.05695974280325815,0.0711486326935048,0.07197553278219049,0.06562542238898146,0.05963828545356284,0.06883919553953487,0.05845378875386607,0.09279790578008758,0.10266706345647206
2024-06-09 00:00:00+00:00,0.0788960069926914,0.09050909320720343,0.18116820340494608,0.05677725682356743,0.07130491541750264,0.07222396446845689,0.06284664817105795,0.060221476371716265,0.06824810098013273,0.05865623743354519,0.09298482300942248,0.1061632737197575
2024-06-10 00:00:00+00:00,0.07854592777984094,0.09028602828869073,0.18110467364938465,0.056846831220296504,0.07126208914302518,0.07251665646831493,0.06254627567586732,0.06033446496135403,0.06844428854709035,0.058969951906176384,0.09296683932857398,0.10617597303138507
2024-06-11 00:00:00+00:00,0.07874205537181651,0.09010262141117531,0.18009716396880251,0.057094004286215395,0.07143925887511253,0.07381673810238304,0.0627052815667758,0.06023582188796727,0.06833830650797702,0.05888573376380835,0.09277090909718924,0.10577210516077704
2024-06-12 00:00:00+00:00,0.0778270809063219,0.08884558360768981,0.18400694563447925,0.05712469202672089,0.07077015750776514,0.07344382985294634,0.0627488083640956,0.06062343001042611,0.06716337535970646,0.05847360865113616,0.09264922931614715,0.10632325876256515
2024-06-13 00:00:00+00:00,0.07784886420984334,0.08823968417043228,0.18573863100139265,0.05706684302262119,0.07012374342608826,0.07448538004228539,0.06140629014024785,0.06126449652937179,0.06670915012128711,0.05731452605927699,0.09356045167713259,0.10624193960002067
2024-06-14 00:00:00+00:00,0.07781151948569537,0.08791510072339265,0.18651494312809547,0.056861078894587684,0.07051918088854295,0.07432121999979856,0.06125062875465325,0.06136119384055468,0.06638507898778345,0.057114900564498035,0.0937979240641855,0.10614723066821258
2024-06-15 00:00:00+00:00,0.0780057760851429,0.08741311155074302,0.1870795124529102,0.056893627071181,0.07069739363054407,0.07460845079819774,0.06130077310623703,0.06131349005123465,0.0664022043498158,0.057267450748566914,0.09357569084983124,0.10544251930559537
2024-06-16 00:00:00+00:00,0.07762652213914582,0.08729712269550109,0.1874781779664881,0.05682465638763033,0.07068605774303588,0.07437701632118651,0.06132115532415736,0.061302050086905396,0.06620758484878955,0.05709906806409551,0.09351541943330827,0.10626516898975616
2024-06-17 00:00:00+00:00,0.0774833821864867,0.08734612538603335,0.18744460958543063,0.056798917318446565,0.07073326177401837,0.074445426771427,0.06138136247261521,0.06136856739616965,0.06620681325117174,0.057088871116726427,0.09359309921580457,0.10610956352566978
2024-06-18 00:00:00+00:00,0.07888033792195775,0.08845485999160788,0.18905516260768138,0.05666328410775019,0.06992628524971341,0.07438201708487242,0.06182514225875877,0.06073047026962562,0.06554265901647817,0.057112826421669725,0.0930472327867865,0.10437972228309803
2024-06-19 00:00:00+00:00,0.08112492301957865,0.08744121299680722,0.1926082477075983,0.05909394691473366,0.06864850096825023,0.075203540596274,0.06158461158260376,0.05931894315547331,0.06380397234998729,0.05732305957939259,0.09083023923963778,0.10301880188966311
2024-06-20 00:00:00+00:00,0.08136432349729714,0.08757018494337548,0.19245943365318685,0.059174812594638714,0.06859784543135093,0.07531544203879331,0.06162073346314897,0.059099986051699534,0.0637591547417089,0.05738080302017668,0.09085826132652464,0.10279901923809888
2024-06-21 00:00:00+00:00,0.0820103452128795,0.08739378121029273,0.1922381267170056,0.059310712220538055,0.06845912039416924,0.07513844480863835,0.06181985300649586,0.05906781993201106,0.0635765688238066,0.05750794178082538,0.09069776332188528,0.10277952257145227
2024-06-22 00:00:00+00:00,0.08206925175614052,0.08740152860471877,0.19214826785916211,0.059334246160900814,0.06845390822582414,0.07509499455012322,0.06181369514079244,0.05919432894668148,0.06357085372185492,0.05753630186797729,0.09069636043394229,0.10268626273188206
2024-06-23 00:00:00+00:00,0.0829962179537136,0.08636253839590413,0.19178081987927192,0.059626557171640296,0.06816451049141364,0.07545730880860256,0.06138316253832954,0.060070189618577796,0.06349220224968621,0.05764795815404646,0.08998278422822804,0.10303575051058578
2024-06-24 00:00:00+00:00,0.08319653492598404,0.08640646183296606,0.19002654344689818,0.059776640520332706,0.0683478737448035,0.07563845495046619,0.061636816990937225,0.0601760584142594,0.0633462457304098,0.05795153379865773,0.08999249029606694,0.10350434534821798
2024-06-25 00:00:00+00:00,0.08275347182133434,0.08625436221096475,0.19152897157661936,0.05963707049565165,0.06820509597218141,0.07576460169364736,0.06135500346374188,0.060036438292079046,0.06330513439111835,0.05769824127562415,0.08989499362059279,0.10356661518644501
2024-06-26 00:00:00+00:00,0.08324332306495442,0.08622773445463847,0.18984816902315702,0.059737491296120444,0.06787590537234715,0.07575597254067357,0.0618422746818986,0.06039998731780081,0.06354870988830026,0.058410688502748054,0.08930516296868002,0.10380458088868107
2024-06-27 00:00:00+00:00,0.08261705192409778,0.08622721727589298,0.19057139333663137,0.059710645140445225,0.06770471931425719,0.07567366156803461,0.06173522240771035,0.06028256391877125,0.06355290393157331,0.058302410504167845,0.08964948223639196,0.10397272844202604
2024-06-28 00:00:00+00:00,0.08185392012989497,0.08665867414247,0.19008507943970576,0.05924297071218931,0.06772671665583621,0.07595992065148545,0.06162968894662375,0.060757596867303754,0.06380645091620021,0.05885858989132416,0.08968649834509278,0.10373389330187391
2024-06-29 00:00:00+00:00,0.08137039277331917,0.08662051187623164,0.19004972558594885,0.05931045320276632,0.0676725215202251,0.07600058414865235,0.06184170736172008,0.0609901203487145,0.06367295246385886,0.05874318329493461,0.08978747148198507,0.10394037594164347
2024-06-30 00:00:00+00:00,0.08234250881438651,0.0859607607561718,0.18968497964499392,0.05942799720890933,0.06721911942700952,0.07608159895130912,0.061876577323403736,0.06109561028847897,0.06381840693609588,0.05897269727824366,0.0898523806036954,0.10366736276730204
2024-07-01 00:00:00+00:00,0.08235037953799676,0.08616766275910126,0.18894576144907488,0.059587264752173456,0.06723903337939711,0.0764524549252182,0.06176916946768016,0.06118523207388787,0.06426864072310928,0.05884272908189345,0.09046895867132433,0.10272271317914322
2024-07-02 00:00:00+00:00,0.08371313529483038,0.08558295084025982,0.18676258317747926,0.060193966202414705,0.06609193685850004,0.07697496029124654,0.06164753358789003,0.06216689871013616,0.06549865624294432,0.05976908289432488,0.08959339290795834,0.10200490299201553
2024-07-03 00:00:00+00:00,0.08393674513814917,0.08544925042584667,0.18711966123017587,0.06031707109485492,0.06591554285494619,0.07677991371378191,0.061595098991310604,0.06228384763789758,0.06544343349421106,0.05988201079524795,0.08940872683295789,0.10186869779062019
2024-07-04 00:00:00+00:00,0.08482697758928062,0.08584476513225293,0.18713312075810243,0.0616232378038372,0.0657921427686581,0.07746727385762457,0.06081904436135533,0.06276169097720098,0.06534025664661182,0.059126383589667285,0.08871008856413606,0.10055501795127245
2024-07-05 00:00:00+00:00,0.08517852924709847,0.08663943197270685,0.1823109731021015,0.06280691040201497,0.06682802884925451,0.07684691662937804,0.06038480460206868,0.06411183616483056,0.06789583447123014,0.05804949884044703,0.0885563332045442,0.10039090251432509
2024-07-06 00:00:00+00:00,0.08551581465136844,0.08666637187238829,0.18187184421474523,0.06296969963623386,0.066979084354417,0.07680169097556612,0.06055064757413496,0.06410388656819353,0.06783198610178048,0.057954931635015534,0.08835507787075794,0.10039896454539855
2024-07-07 00:00:00+00:00,0.08443543898160918,0.08712727945337796,0.17872565633196844,0.06248988745641208,0.06795429300052788,0.07713727146028593,0.060516673397306396,0.0643265580661984,0.06862518727748988,0.05828619621483027,0.08933177459560411,0.10104378376438938
2024-07-08 00:00:00+00:00,0.08453860998792853,0.08680604356862713,0.1759295227605202,0.06340261534122422,0.06817366699907536,0.07714482096582922,0.060790603379363234,0.06467266896319035,0.06928679315934462,0.058871865308283165,0.08966423720720547,0.10071855235940845
2024-07-09 00:00:00+00:00,0.08325016747789414,0.08738794232866752,0.1730352053238975,0.06375756889592793,0.06852226067273381,0.07682817234766698,0.061381914025083265,0.06423840669229304,0.07014136072358722,0.059273760443882155,0.0899671875150897,0.10221605355327687
2024-07-10 00:00:00+00:00,0.08332665824051612,0.08738103975370343,0.17273228836295795,0.06362743161369573,0.06858346504985999,0.07686245977721341,0.061262176452918586,0.06416037808472216,0.07011529103369044,0.059220622865723965,0.09022694460686505,0.10250124415813325
2024-07-11 00:00:00+00:00,0.08350760932749986,0.08706744926269465,0.1730383198684924,0.0637642276121554,0.06843824887224274,0.0766425262403251,0.06128977407013085,0.0642560397352536,0.07024801507932518,0.059156589431975486,0.09015737124587762,0.10243382925402708
2024-07-12 00:00:00+00:00,0.08345272855677605,0.0871237907174235,0.1729507788115057,0.06375322502349569,0.06845869164214528,0.07667145675878548,0.06129494728848216,0.0642533667172102,0.07025570897603137,0.05917764170287501,0.09020204727146387,0.10240561653380569
2024-07-13 00:00:00+00:00,0.08339701557881107,0.08663961049818629,0.1727442995837944,0.06384098739907196,0.06863564190437943,0.07689889946708386,0.06123942872893022,0.06433728272709305,0.07039239994769766,0.0593063037095188,0.09019963538020001,0.10236849507523325
2024-07-14 00:00:00+00:00,0.08350061289229399,0.08628643041043829,0.17265467447402272,0.06388844380137529,0.0685744203552001,0.07719963092750973,0.06133468308429221,0.06432649565967388,0.07023771569104757,0.05930098276734855,0.0902598493858482,0.1024360605509495
2024-07-15 00:00:00+00:00,0.08355058425475534,0.08628570111031118,0.17237972527593454,0.0639667070814937,0.06854819805448828,0.07728693525512557,0.06129259578072071,0.06441690959451787,0.0702970294584307,0.05937454756698805,0.09036571727375343,0.10223534929348056
2024-07-16 00:00:00+00:00,0.0836097882845275,0.08631581835060066,0.1722674265377499,0.06397083562116443,0.06855718327035494,0.07732450833545702,0.06127267676159139,0.06439309540648125,0.07033362502042342,0.05938931453663314,0.0903613149863476,0.10220441288866877
2024-07-17 00:00:00+00:00,0.08345357463260551,0.08712155045810588,0.172271576204431,0.0641050751344618,0.06843977541958225,0.07776693980972775,0.061312678211054426,0.06418747712411449,0.07025242352798375,0.059443138037929576,0.09046342656467281,0.10118236487533072
2024-07-18 00:00:00+00:00,0.08320885568338965,0.08761569461051935,0.1723747158103149,0.06411960905767697,0.06841751760590517,0.07771695463711853,0.061297008142421956,0.06414134652214323,0.07037647437913401,0.05947683344329185,0.09020236599607243,0.10105262411201207
2024-07-19 00:00:00+00:00,0.08329084102457017,0.08723814077562281,0.17194793681779078,0.06396388533549542,0.06867328318029912,0.07786701426712932,0.06126869200725212,0.06413352073401588,0.07084346751654809,0.059752780043253045,0.08989609836453717,0.10112433993348596
2024-07-20 00:00:00+00:00,0.08392778983158031,0.0873538356146891,0.1717267242277143,0.06399988988196105,0.06859697171286337,0.07806501605578413,0.061275460198024045,0.0641903124898768,0.07073140403395244,0.05935652128945849,0.08985275043833263,0.10092332422576342
2024-07-21 00:00:00+00:00,0.08395116011143659,0.08741613419784758,0.16966325594170287,0.06498181034115456,0.06853784795429436,0.07847891315683007,0.06260788268014676,0.06422116664621595,0.07091802744861425,0.05972968295275695,0.08961223439991521,0.0998818841690849
2024-07-22 00:00:00+00:00,0.08265473155907452,0.08757810134686254,0.16997267013165068,0.06511353140096494,0.06849762756361336,0.07856443070961833,0.06213372137198848,0.06440530892349919,0.07127089234863355,0.06004894292276008,0.08983154447721096,0.09992849724412328
2024-07-23 00:00:00+00:00,0.08282688692743911,0.08811114342848378,0.16943351074190335,0.06516565138070993,0.06860084000269302,0.07830406320971893,0.06224829868881891,0.06444236775293956,0.07161186941240597,0.06027891821138611,0.08974286766233934,0.09923358258116223
2024-07-24 00:00:00+00:00,0.08230309783026296,0.0880930291516621,0.16950549772048845,0.06532470108883617,0.06841981463090223,0.0782290759177903,0.06209285038980906,0.06449671271231862,0.07155096600517864,0.06045850359018464,0.08996037878100006,0.0995653721815668
2024-07-25 00:00:00+00:00,0.08256490572129618,0.08794539098928805,0.1695984254591302,0.06509819566787346,0.06829686876140306,0.07827102433945607,0.06221988983778803,0.06439730815468919,0.07153966870860755,0.060488941160961596,0.08985621952300317,0.09972316167650357
2024-07-26 00:00:00+00:00,0.08239559544944315,0.08777345108169898,0.16940189089555213,0.06513747652010797,0.06825726946035969,0.0781939702040117,0.06215206380087199,0.06432672717290225,0.07170391172346044,0.060652461687833864,0.09003640149286603,0.09996878051089175
2024-07-27 00:00:00+00:00,0.08269165677037645,0.0878018284967524,0.16937714847250704,0.06506221304991011,0.06828136216579955,0.07830486239630578,0.06220211692972448,0.06426656080076895,0.07163018156552291,0.06058041071638666,0.08996281459022284,0.09983884404572274
2024-07-28 00:00:00+00:00,0.08273786753239316,0.08778074161503571,0.16935035913244637,0.06508330205925776,0.06824315657216715,0.07831650268497366,0.062179719617357805,0.06427405189650363,0.0716338772671986,0.06060475624067291,0.08997970436255852,0.0998159610194348
2024-07-29 00:00:00+00:00,0.08276527599707907,0.087781111843134,0.1693768701603054,0.06510687974682498,0.0682275734694836,0.07828807130971947,0.062177462929575406,0.06424512707309582,0.07166869143889011,0.06063111044927044,0.08995161111486592,0.0997802144677557
2024-07-30 00:00:00+00:00,0.08263106801478816,0.08788253751255005,0.16921073504907175,0.06524368479216508,0.06822822170802083,0.07826580662829095,0.06216472322569054,0.06432648744512547,0.07162625743224084,0.06071491729992296,0.09013034640804575,0.09957521448408763
2024-07-31 00:00:00+00:00,0.08266346885862522,0.08791949834144437,0.16921264379807333,0.06529109657931748,0.06823403448806734,0.07832603926075384,0.06225570706354965,0.06437737596041283,0.07173683761061928,0.060743347566491974,0.09019179130310832,0.09904815916953642
2024-08-01 00:00:00+00:00,0.0824987800996253,0.08789508792302164,0.16924173473046644,0.06534388886483039,0.06820728851327298,0.07836920014518564,0.0625656061277142,0.06443924780959247,0.07171081196238663,0.06082884634373125,0.09027336363959801,0.09862614384057514
2024-08-02 00:00:00+00:00,0.0823801956164732,0.0876091250210813,0.16846940236240893,0.06555106653279422,0.06832126202830358,0.07839573761476436,0.06271403121759939,0.06457281565640374,0.07184958000636514,0.06090498334584232,0.09050634499233196,0.098725455605632
2024-08-03 00:00:00+00:00,0.08490830606772644,0.08990895402199581,0.16837222636409108,0.06571803781157935,0.06816611928387872,0.07852135941403114,0.06129526300637353,0.0646087285379727,0.07189979567666753,0.06082624394639157,0.09000686727303604,0.0957680985962561
2024-08-04 00:00:00+00:00,0.08503747792668104,0.0902880566626134,0.16812711250967535,0.06580624396369393,0.06823333890899153,0.07873638446291119,0.06107296422879538,0.06453100326107215,0.07190002728006059,0.06069850854419931,0.0901768571418827,0.09539202510942352
2024-08-05 00:00:00+00:00,0.08584889190141562,0.09235981814945719,0.16623807754985967,0.0658838525983708,0.06866701925435725,0.07873210793788574,0.060673500521668054,0.06474219218790678,0.07191935963293758,0.06121992625998546,0.09047191492229029,0.09324333908386535
2024-08-06 00:00:00+00:00,0.0873570058194943,0.09613831022882259,0.16364270504980374,0.06661392669860548,0.06916684157236386,0.07918912494880767,0.060808687828120926,0.06587931705979204,0.07304947569133749,0.061758014440611526,0.08923422859530729,0.08716236206693326
2024-08-07 00:00:00+00:00,0.08522925163455763,0.09687373201985743,0.16271678142332027,0.06680815315873151,0.06990149716624926,0.07921870594073228,0.06077822168364046,0.06636322757991435,0.07320176202603403,0.06194806427598954,0.08956438898481286,0.08739621410616036
2024-08-08 00:00:00+00:00,0.085435894424338,0.0969706368153726,0.1626644209369408,0.06682003358642602,0.06990020592342841,0.07930127084237198,0.06110615825634131,0.0661919157611344,0.07310224871302334,0.062007198488853076,0.08927867764135117,0.08722133861041902
2024-08-09 00:00:00+00:00,0.08708370727515692,0.10065027264200704,0.15831411959022168,0.06753273283897455,0.0692289071813696,0.07942483345272393,0.061214707715346324,0.06596242035103833,0.07310580833310493,0.06208246518200813,0.08882806928496884,0.08657195615307989
2024-08-10 00:00:00+00:00,0.08715877582863174,0.10076113314327645,0.15828413662172955,0.06749680320365453,0.06923140809861025,0.07953650976294943,0.061248002084503775,0.06593966975946114,0.07313445313406716,0.06217714938673534,0.08875396646074753,0.08627799251563306
2024-08-11 00:00:00+00:00,0.0873349965162361,0.10065637230847976,0.15828136857936767,0.06748354618564896,0.06910952292725261,0.07957411534439554,0.06116544493827383,0.06598056012629765,0.07323159501616662,0.06207574891923596,0.08878204848111805,0.08632468065752708
2024-08-12 00:00:00+00:00,0.08712153960049626,0.10110728558567271,0.15783034604191384,0.06723943671546825,0.06911437157254381,0.07940773068816111,0.06118977176363569,0.065968295982583,0.07313351858879787,0.062378455427695684,0.0892061124580324,0.08630313557499941
2024-08-13 00:00:00+00:00,0.08768253834049863,0.10146366308589905,0.15777465592415787,0.0675419021438449,0.06867374861972955,0.07892185171228651,0.061445929913622806,0.06588523816041712,0.07302199490082958,0.06219925067749816,0.08917902423693494,0.08621020228428088
2024-08-14 00:00:00+00:00,0.08751908940064962,0.10151408445750129,0.15825507793244448,0.06755944988392892,0.06867929525640921,0.07907130856507197,0.06136966458772154,0.06580864113276763,0.07301324902175216,0.062084248829964064,0.08900640917945736,0.08611948175233175
2024-08-15 00:00:00+00:00,0.08757129124605195,0.10153619026764014,0.15824643666710478,0.06753315101615674,0.06859609299724795,0.0790249089754616,0.061395151872338134,0.06574264909341573,0.07300446302398923,0.06213189491941973,0.08908601124917398,0.08613175867199996
2024-08-16 00:00:00+00:00,0.08759865911975172,0.10156656530399431,0.1585453922181936,0.06744898534801447,0.06866326567941348,0.07866727246772368,0.06137251505139746,0.06577460691091133,0.07300579734918111,0.062262320181610806,0.08919703351632155,0.08589758685348663
2024-08-17 00:00:00+00:00,0.0878263556416778,0.10157791861736429,0.15822874538364093,0.06747677276615607,0.06863200999349647,0.07836323590143317,0.06132029535301647,0.06571705142376626,0.07338930789337599,0.06248729105727788,0.08913177316753035,0.08584924280126441
2024-08-18 00:00:00+00:00,0.08783913722842546,0.10186861253866496,0.15757744151565284,0.06760930016569175,0.0685128841750643,0.0784241843146055,0.061365451164325506,0.06586012812833232,0.07328970385259016,0.06230899008556452,0.08935556011556897,0.08598860671551374
2024-08-19 00:00:00+00:00,0.08800179854358085,0.10163611639958955,0.15716113296321338,0.06771149299372038,0.06868442086507165,0.07843659620435338,0.06137547548260516,0.06588204557688175,0.07291528314931402,0.06229724387442939,0.08954807981733859,0.08635031412990202
2024-08-20 00:00:00+00:00,0.08839074406371568,0.10166376238033416,0.15491260330540857,0.06794681640576479,0.06877560476589234,0.07868630811402368,0.06150583790121499,0.0662105700863262,0.07336833854738022,0.0625791462297385,0.08968373382162877,0.08627653437857216
2024-08-21 00:00:00+00:00,0.08854171468489151,0.10163181722019106,0.15491248897708051,0.06798058174927518,0.06868735414988089,0.07870597213172642,0.061583102461448075,0.06615876615035013,0.07340141824002844,0.06258727001573772,0.08965440721692176,0.08615510700246834
2024-08-22 00:00:00+00:00,0.08866285029228396,0.1016332221734951,0.15509609030650892,0.06794589961464875,0.06871027726548393,0.07871900377693256,0.0616209533451622,0.06629860964636138,0.0729159118286695,0.06272369349526224,0.08965559423651608,0.0860178940186753
2024-08-23 00:00:00+00:00,0.08870436933393364,0.10167260735075229,0.15521103461904637,0.06801432108734215,0.06871991966341742,0.07877118598769026,0.06149490127968663,0.06631991877773993,0.07284708254091175,0.06287540144476202,0.08956644716257714,0.08580281075214041
2024-08-24 00:00:00+00:00,0.0891240247147233,0.1015733580413905,0.155250919206286,0.06804829031212793,0.06862192164720267,0.07859760078492754,0.061292345089423224,0.06618320222726717,0.07287947560206641,0.06264070618606554,0.0901425221252045,0.08564563406331517
2024-08-25 00:00:00+00:00,0.08895781061884735,0.10112231074033146,0.15610798911552493,0.06794860007506755,0.06866109397573911,0.07883914275501216,0.061224133393133776,0.06646334857575857,0.07280688764260439,0.06265509932757146,0.09000963898197946,0.08520394479842971
2024-08-26 00:00:00+00:00,0.08893809574448326,0.10161500407918544,0.15591615540312007,0.06815285820021158,0.06884808227216883,0.07863655233325723,0.06130064499701902,0.06650555260469755,0.07136122118242866,0.06303217681849134,0.09056628580585527,0.08512737055908183
2024-08-27 00:00:00+00:00,0.08985357885430381,0.10043730454802802,0.15712932998476853,0.06787842439180747,0.07063557013599683,0.07833203910161586,0.060821939098599107,0.06631305621971428,0.0705736587814237,0.06287346007047104,0.0901941012714166,0.0849575375418548
2024-08-28 00:00:00+00:00,0.09013909155852701,0.10051682966623596,0.1565768004329874,0.06771247490218125,0.07035481437808168,0.07833837610238474,0.060926168222188874,0.06644218708049612,0.07063388162423145,0.06291014092419876,0.0905881347736799,0.08486110033480682
2024-08-29 00:00:00+00:00,0.08963332223328832,0.09987400420843598,0.15593127929858228,0.0675910919751651,0.07277569624659996,0.07962083485715808,0.06049561342731039,0.06603817882329013,0.06995994248541254,0.06271460199064144,0.091071599489058,0.08429383496505775
2024-08-30 00:00:00+00:00,0.08848455911059892,0.10099535209841035,0.15453773112328337,0.06811915044646442,0.07185121332009263,0.07876746619793804,0.05991529378730107,0.06625532515759036,0.07002498143046652,0.06334675923815036,0.09337517306358985,0.08432699502611411
2024-08-31 00:00:00+00:00,0.0887083055821325,0.10069332082076571,0.1544452083983853,0.06831833810019121,0.07198547603590941,0.07877707715444329,0.05972071249498353,0.066008523457549,0.0700769179868928,0.06423682445629335,0.09298970173612098,0.08403959377633284
2024-09-01 00:00:00+00:00,0.08859279038042155,0.10096654839796426,0.15433566976663485,0.0681287880976036,0.07349732891329115,0.07919394842708849,0.05958288401706073,0.06602505639530586,0.07029928416853565,0.06340551552756908,0.09230484841474369,0.08366733749378127
2024-09-02 00:00:00+00:00,0.08617765593904478,0.10099563915328694,0.15600269134250433,0.06615601086417087,0.07589788737018188,0.0800351320931579,0.06000048429395377,0.06453643092400464,0.07044783447619027,0.06103802432523882,0.092728085377917,0.08598412384034884
2024-09-03 00:00:00+00:00,0.0841973444793789,0.09908724111336233,0.16141776369408145,0.06724140704530926,0.07471130217291312,0.08070057409811852,0.05878240074415689,0.06346309099215186,0.07121576461316236,0.06228136533473054,0.09329345846675763,0.08360828724587702
2024-09-04 00:00:00+00:00,0.08504628038961885,0.0986096048668745,0.16795615057629507,0.06530004053113501,0.07290213126561292,0.07932968505497112,0.058123719955455774,0.06273390038782149,0.07079929808254495,0.06486692695844672,0.0927443398079618,0.08158792212326195
2024-09-05 00:00:00+00:00,0.08485627640841238,0.09868531889083729,0.16817340826882077,0.06518581539087283,0.07282859906210162,0.07932181870327343,0.05810523937767766,0.06268755869916717,0.07092243256960384,0.06487913978765425,0.09275985592677104,0.0815945369148078
2024-09-06 00:00:00+00:00,0.08442192990784492,0.09823907914389207,0.16794069422457977,0.06481253099436715,0.07362539353447992,0.07953426303609815,0.05797839282743194,0.06372740738063858,0.07106102529636857,0.06448804169227372,0.09302493132257061,0.08114631063945474
2024-09-07 00:00:00+00:00,0.08445215873789971,0.09773954511137081,0.1676482313938083,0.06507150088347659,0.07312347904347982,0.07939962315910984,0.058297346485071726,0.06359744984952702,0.07170671151638043,0.06474138059546353,0.09390031134578229,0.0803222618786299
2024-09-08 00:00:00+00:00,0.08263573300848256,0.10610254425869042,0.16183999658830825,0.06463403229510357,0.07249134161625044,0.07972477230072479,0.059252660668308414,0.06122329097437481,0.06940639186405338,0.06488880485139283,0.10215736197707383,0.07564306959723673
2024-09-09 00:00:00+00:00,0.08234794577056355,0.10669696933390121,0.16074419115928057,0.06467136585133826,0.07297627049592467,0.07980758848844942,0.058390357685781734,0.06106603789395975,0.0697408829204136,0.06463782099681638,0.10327802814325031,0.07564254126032037
2024-09-10 00:00:00+00:00,0.08245349692799991,0.10478485767286658,0.1739526117232956,0.06446015217438365,0.07041246767193068,0.07843999169280502,0.05665212035221594,0.059365934493170756,0.07009670171232014,0.064967506347991,0.1006078911855465,0.07380626804547405
2024-09-11 00:00:00+00:00,0.08151417758195721,0.10503508382636478,0.1750938489444515,0.06418122979627358,0.0698780523077173,0.07840065356391845,0.056597805877742054,0.05940500110950265,0.07022235162167968,0.06526864809297625,0.10082831069360851,0.07357483658380796
2024-09-12 00:00:00+00:00,0.08099409173107763,0.1062238689610711,0.17261754888026848,0.06458929413624039,0.07028567355277077,0.07815029818247218,0.05607726776078864,0.05988329384918447,0.07081836651096154,0.06473371382189362,0.10165152852507647,0.07397505408819466
2024-09-13 00:00:00+00:00,0.07751796948240855,0.10499671989988767,0.1803514479128238,0.06490202932891244,0.07159652904557387,0.07895305945530459,0.055541062359497656,0.05939466105957067,0.07100455904632494,0.06463249452120857,0.10147192025111214,0.06963754763737505
2024-09-14 00:00:00+00:00,0.0790355719623546,0.10475684686704125,0.1786974397941098,0.06506880015478778,0.07242375398559416,0.07848885323227174,0.056076545833551476,0.059544298966471496,0.07080867047039414,0.0651442456196855,0.10114630533624393,0.06880866777749395
2024-09-15 00:00:00+00:00,0.07912255378378145,0.104151084824066,0.17918506757655636,0.06508783290576667,0.07279665211119621,0.07857453733635354,0.055855289123897665,0.0597330060599717,0.07099021708372646,0.06460508485957199,0.10118576176042181,0.06871291257469007
2024-09-16 00:00:00+00:00,0.08166186046570602,0.10498685272794085,0.18616309004275117,0.06586006130315102,0.07281326673880377,0.0766722752172592,0.056260195790597205,0.059085779484643094,0.06953832519990989,0.06119808902141854,0.10049924838286135,0.06526095562495768
2024-09-17 00:00:00+00:00,0.08343470519734192,0.10382257591730706,0.1925627332841372,0.06504865293386689,0.07293233683758947,0.07523376733262134,0.05626562036451794,0.05854757875898783,0.06831221977902356,0.06143501878817634,0.09927092985037606,0.06313386095605433
2024-09-18 00:00:00+00:00,0.08362031555412226,0.10374020534906427,0.19222836685839956,0.0652374121483891,0.0726814656761488,0.07499838282681097,0.05650106561624294,0.05826140968776453,0.0683772561501581,0.06206728436638925,0.09914270552378167,0.06314413024272862
2024-09-19 00:00:00+00:00,0.08362145878804718,0.10392654554329647,0.19245934191061262,0.0651643946527798,0.07261298596816378,0.07490362595810496,0.056377040276353436,0.05823943110750258,0.06835145497018963,0.062265616625342655,0.09910657111712146,0.06297153308248538
2024-09-20 00:00:00+00:00,0.08367199942820266,0.10390346323307352,0.19235794878599619,0.06523688072140993,0.07257072592422163,0.07492922026976066,0.056308805457911094,0.0581908717290557,0.06836737496593259,0.06244525713651439,0.09908552785374565,0.06293192449417599
2024-09-21 00:00:00+00:00,0.08412601357679515,0.1038143675691931,0.1934269798405023,0.06502959427408063,0.07324292379243355,0.07445156528313232,0.05628995855699503,0.05788988496555117,0.06776040127000403,0.06228353250589507,0.09946779978677911,0.06221697857863872
2024-09-22 00:00:00+00:00,0.08440236126081645,0.10418489150896217,0.19194607402594124,0.06562647972453184,0.07247154649777039,0.07457640181374907,0.056814652858515,0.05802522715963726,0.06808068413985166,0.06173688842244401,0.09979310280966543,0.06234168977811539
2024-09-23 00:00:00+00:00,0.08397235018618986,0.10414321758568154,0.1925345772247349,0.06576849451619673,0.07179909591462563,0.07453911878382546,0.05685980460287108,0.05784569466375945,0.06825920659004922,0.061289749158803426,0.10073683877304243,0.06225185200022034
2024-09-24 00:00:00+00:00,0.08427309012417208,0.10446539814313191,0.19105243665982963,0.06584307176529226,0.07133596960678537,0.07427516517089755,0.057040108049022764,0.05789782121243072,0.0682171879309981,0.061776596688781577,0.10143952587351297,0.06238362877514515
2024-09-25 00:00:00+00:00,0.08381607056388962,0.10431783537953641,0.19150320384654201,0.06568627816246107,0.07266062321807547,0.07372468785624711,0.05688316924947171,0.057866209633649655,0.0684028936889754,0.06159719779879793,0.1017443092947502,0.0617975213076035
2024-09-26 00:00:00+00:00,0.08368887151769529,0.10411247893213618,0.19050959744912407,0.06577234658946293,0.07243612990133126,0.07356367384457846,0.05650738837257581,0.057901640669710396,0.06846178834321413,0.06136619292407483,0.10385987978752681,0.06182001166856982
2024-09-27 00:00:00+00:00,0.08297155671251528,0.10450801246342976,0.19066706966949415,0.06585104185423042,0.07205349751805996,0.07294131271500577,0.056228692529870526,0.05810371323447996,0.06902155702843965,0.06138808642040667,0.10445601828038119,0.061809441573686744
2024-09-28 00:00:00+00:00,0.08334705821488697,0.10458945860079948,0.19014249970706018,0.0657667306990512,0.07262657723167303,0.07294556941861653,0.05607214326039012,0.05810004593631372,0.06890764751977642,0.06177260485967118,0.1041428789276931,0.06158678562406791
2024-09-29 00:00:00+00:00,0.08362233565185563,0.10466519661966915,0.19174715755068739,0.06519544477236379,0.07298001772197317,0.07231601987315091,0.05600669850894287,0.05799239808503709,0.06801690794852984,0.06189575057046851,0.10485695062186147,0.06070512207546013
2024-09-30 00:00:00+00:00,0.08251962839733677,0.10481003527789513,0.19014505975402535,0.06567835075946248,0.07158243528705237,0.07351183489525291,0.05612932591927449,0.058516998969911256,0.06870413578419664,0.06114065594619981,0.10649444726757833,0.06076709174181461
2024-10-01 00:00:00+00:00,0.08275121075610949,0.10429328726458154,0.1892182674842308,0.0653305282737849,0.07091865092719993,0.07319675769052157,0.056316984363298225,0.05818715818869013,0.06976996018749412,0.0625008222155691,0.10664530495709576,0.060871067691424474
2024-10-02 00:00:00+00:00,0.08242301992525093,0.10455412071049051,0.1906377896207825,0.06584035157063821,0.07035583514410981,0.07286187236175311,0.056041611810073645,0.05799487286881256,0.07048362803673011,0.06257550416310252,0.10571805356765146,0.06051334022060459
2024-10-03 00:00:00+00:00,0.08217002856590266,0.10425424693612252,0.19086173298143705,0.06597771800290289,0.07024646201789102,0.07291785151181215,0.055994721143910554,0.05810166492548142,0.07058363634396506,0.062478289727155946,0.10581209944797262,0.060601548395446285
2024-10-04 00:00:00+00:00,0.0821283664160207,0.1043860835779607,0.1907973622637708,0.06597883127056173,0.07019796026449018,0.07296829394610323,0.056050230867457314,0.05814651619340755,0.0706292329821358,0.062356713970377016,0.10573633756291193,0.06062407068480294
2024-10-05 00:00:00+00:00,0.08214840021118328,0.10426327340239185,0.19053546185141684,0.06601426562107016,0.07013467454051929,0.07300673449637701,0.0561315897480758,0.05813927295927668,0.07071415302093753,0.0625391299797097,0.10572373960965922,0.060649304559382534
2024-10-06 00:00:00+00:00,0.08210933618488322,0.10442354421278979,0.19046958083326998,0.06600559289032687,0.07008490495930271,0.07306545949734151,0.056116494846876995,0.05813863937320643,0.0707569402041193,0.0624892866151453,0.10561454923179804,0.06072567115093984
2024-10-07 00:00:00+00:00,0.08212422156337133,0.10445280118375999,0.19041458480036952,0.06602949230323318,0.07044161920001639,0.07287252087050065,0.05612155703618862,0.05821075934770944,0.07061961710933146,0.06192244706781863,0.10628385690000304,0.06050652261769781
2024-10-08 00:00:00+00:00,0.08221620181745493,0.10479002248340043,0.19005049080192468,0.06600155324807583,0.07048223454915192,0.07281133191443974,0.05613826133638484,0.058377616617672885,0.07076284967389973,0.06208053038954913,0.10600949929240185,0.06027940787564411
2024-10-09 00:00:00+00:00,0.08223462631538023,0.10477337725358825,0.1901122490386392,0.06598527131926463,0.07051344830610995,0.07280664253780998,0.05609267094168062,0.058348987267632796,0.07073179294532556,0.06213354419462496,0.10598564508681584,0.06028174479312793
2024-10-10 00:00:00+00:00,0.07992243756787719,0.10177490473621398,0.17860797769837938,0.07432119643259275,0.05971470442165611,0.08569061067419653,0.05928856971424119,0.06628871128880359,0.07778806837591695,0.05862772689079651,0.09903834010984285,0.058936752089483
2024-10-11 00:00:00+00:00,0.07258057329486352,0.13077158710950898,0.14031714073723614,0.07874011473750595,0.05896658969522569,0.08288911261365992,0.05703563215030861,0.06941878673235874,0.08520069473524836,0.053895183883037975,0.10755320359809044,0.0626313807129557
2024-10-12 00:00:00+00:00,0.07283946285624979,0.1320531456550938,0.138631248467705,0.07965744282772758,0.05859821700782297,0.08177791620901828,0.05728711664026137,0.0688525234656151,0.08660372542211345,0.05335776176118458,0.10739831865287168,0.06294312103433661
2024-10-13 00:00:00+00:00,0.07356207574837777,0.13207495272323602,0.13811946969243932,0.07962152597887157,0.05830853673344688,0.08163883139513547,0.057472781211906965,0.06910685514281979,0.08628937922320196,0.05358861045670939,0.10725640135267371,0.0629605803411811
2024-10-14 00:00:00+00:00,0.07364038669637396,0.13235086302708376,0.13811303658814073,0.07954344615972024,0.05835188436017626,0.08143037854928448,0.05755654567129005,0.06891684482549802,0.08635522231411584,0.05344161404066469,0.10727270920269678,0.06302706856495516
2024-10-15 00:00:00+00:00,0.073527331579094,0.13256861388663088,0.13781810487755572,0.07961397024343236,0.05859067714860637,0.0815952381817087,0.057615713561269474,0.0688753689217655,0.08658726879955037,0.05324756976307402,0.10692509188170507,0.06303505115560758
2024-10-16 00:00:00+00:00,0.07415967649491392,0.13235827295343708,0.13820030988158885,0.07955677320532221,0.05860373678105384,0.0815673247359042,0.05769894634186748,0.06875440438221127,0.08638257171942364,0.05312531057600247,0.10642698267302084,0.06316569025525418
2024-10-17 00:00:00+00:00,0.07417231104857741,0.1323093169125846,0.13831507109477809,0.07949174610348989,0.058734152360885916,0.0815039738039362,0.057689534677230286,0.06877223549429978,0.08640531288897646,0.0530960750605896,0.10638672345189157,0.06312354710276029
2024-10-18 00:00:00+00:00,0.07462690152011969,0.13337398472659936,0.1375023148280525,0.07955125393579955,0.05750160760580657,0.08149368204611776,0.058172439242594035,0.0687499132358932,0.08658649265562177,0.05385360145061066,0.10597429136396014,0.06261351738882473
2024-10-19 00:00:00+00:00,0.07462353972930645,0.13346913984060588,0.1373496652520793,0.07962238429231235,0.057412941323153666,0.08156566319621278,0.05823032715320044,0.0686988363922032,0.08667641542289466,0.05388759475003566,0.10587542785686925,0.06258806479112651
2024-10-20 00:00:00+00:00,0.07473653011815878,0.1345740889826976,0.13613335509909125,0.07990914629481481,0.05715002518810871,0.08174199673569628,0.05850585448209849,0.06849824651747378,0.08685258451264838,0.05394005277887633,0.10531417017035274,0.0626439491199827
2024-10-21 00:00:00+00:00,0.07429825993196355,0.13480971997721744,0.1358945194493245,0.0796475632845387,0.05730888802082493,0.08202419630995682,0.05847000051294828,0.06842681184497251,0.08705398856454284,0.05385117419416325,0.10561599872969736,0.06259887917984966
2024-10-22 00:00:00+00:00,0.07423068021864108,0.13572448123043937,0.13580395018394434,0.0794886529355439,0.05749939204358536,0.08237683184070027,0.05817264816767344,0.06891868464161266,0.0867769548455856,0.05374527099189807,0.10451758520977235,0.06274486769060345
2024-10-23 00:00:00+00:00,0.0742595355723051,0.1357739139883854,0.13580587269319608,0.07951438572570715,0.05747862606463887,0.08239691543016207,0.05818658454397587,0.06892186872804841,0.08674286020554478,0.05368378266735932,0.10448713160991611,0.06274852277076078
2024-10-24 00:00:00+00:00,0.07455298303009578,0.13620084416602532,0.13530295916376955,0.07972111589219007,0.057663003503211005,0.08239503231846605,0.058223794372186354,0.06882645571952593,0.08684577646362819,0.053812695202816924,0.10383280060807416,0.06262253956001063
2024-10-25 00:00:00+00:00,0.07448734655808638,0.13632313791523745,0.1353033831785533,0.07971712900735083,0.05765189674178927,0.08237059190367554,0.05823562093505049,0.06881853035329168,0.0868331728905681,0.053815506576420834,0.10381451789004902,0.06262916604992709
2024-10-26 00:00:00+00:00,0.07513113972209935,0.135144388382295,0.13618524485033856,0.07930164570864046,0.058135396065977424,0.08180069161260191,0.0576209846886614,0.06883492238752231,0.08700956451101907,0.053466093887342206,0.10440569051506199,0.06296423766844014
2024-10-27 00:00:00+00:00,0.07531851948609564,0.13499737881212212,0.13626056728719035,0.07922238352326304,0.05827229400157016,0.0817238860853558,0.05756880388376291,0.06886213677603997,0.08704254160630234,0.05333748861442431,0.10442671472880402,0.0629672851950694
2024-10-28 00:00:00+00:00,0.07586769982168381,0.13822477224056773,0.12630563008409026,0.07909713233650673,0.05950841553252054,0.08090050137002952,0.05748074204490014,0.06857288055173917,0.08601540418110089,0.05650875161441282,0.1088603985274959,0.06265767169495245
2024-10-29 00:00:00+00:00,0.07619999750313425,0.1395965168341592,0.12354262673908459,0.07995870424082628,0.05852003653656982,0.08052234582688213,0.057226143753445424,0.06844759941362165,0.08696042722883239,0.05720656881219789,0.10947498773272547,0.06234404537852085
2024-10-30 00:00:00+00:00,0.07631987398088541,0.1399245224490774,0.1233252268928717,0.08048230804882177,0.058215877503783264,0.08085293614943552,0.057346153551026804,0.06846446810420008,0.08730204081453759,0.057024271766451196,0.10845687153599287,0.06228544920291621
2024-10-31 00:00:00+00:00,0.07628067862143659,0.14006855584185285,0.12386201546968216,0.08009610695521917,0.059172920736124957,0.08050161898111666,0.0574865218929791,0.06850549257402849,0.08724034952823508,0.05654481252702525,0.10776351659848256,0.062477410273817195
2024-11-01 00:00:00+00:00,0.07606725915187573,0.14083671550628313,0.12374809632686813,0.08060423421191067,0.05905999814384058,0.08047780329097337,0.05768978697914049,0.06833422165773136,0.0873017877648629,0.05644548442846046,0.10723508157168722,0.062199530966366025
2024-11-02 00:00:00+00:00,0.0760640617616094,0.14083703081706678,0.12376848888432276,0.08059868240153373,0.05905873703053987,0.08047287279246174,0.057688778047682764,0.06833396825094964,0.08730173726198319,0.0564394951170258,0.10723930019112501,0.06219684744369934
2024-11-03 00:00:00+00:00,0.07626004893150752,0.14073224588516256,0.12351442028875259,0.0804740959692018,0.059166103137863364,0.080504780111715,0.057613750250321165,0.0682608831424805,0.08720899587899193,0.05635995007622183,0.10776979260548249,0.062134933722299335
2024-11-04 00:00:00+00:00,0.07651439328601951,0.14051269231392538,0.12242141761091976,0.08027969151700108,0.059803729223443125,0.08059695814002985,0.05770592394697693,0.06818974966498757,0.08782451912712155,0.056166747980623606,0.10788928648463864,0.062094890704312934
2024-11-05 00:00:00+00:00,0.07744091738257086,0.1409599469249877,0.12220167372546678,0.08042695832847097,0.05968017743819472,0.07998130551843478,0.05794434890189457,0.06771755175876154,0.08853467846010855,0.05511160061131143,0.10799066614573198,0.06201017480406623
2024-11-06 00:00:00+00:00,0.08071892865936513,0.14062107856115552,0.11852183015974038,0.07913280918761592,0.062194192200392955,0.07931767648109446,0.057950114563742994,0.06752244779920621,0.08892815691403694,0.05595560349644651,0.10747214635983329,0.061665015617369645
2024-11-07 00:00:00+00:00,0.08252385311914834,0.1422812350149964,0.11686865448272372,0.07831849676866548,0.06550758406196502,0.07818450379900085,0.05674706518883032,0.064920663331786,0.09064762368397426,0.05448448862981756,0.10734008301324123,0.0621757489058508
2024-11-08 00:00:00+00:00,0.08207123505153735,0.14225117707374607,0.11692816989111642,0.07884649965244958,0.06584078149553821,0.07740621803015124,0.05692248662275135,0.06497745405983613,0.09078493424715046,0.0544255276810399,0.10736385381033145,0.06218166238435194
2024-11-09 00:00:00+00:00,0.08206414291066405,0.142938563649499,0.11728621817769215,0.07937638584456244,0.06566927029852217,0.07637452527247598,0.05702542991143588,0.06502292096001593,0.0911595834199834,0.0545345637571272,0.10710074876379001,0.06144764703423184
2024-11-10 00:00:00+00:00,0.08294468212728019,0.1435958554860762,0.11677875583513236,0.07926567986614833,0.06506296388055506,0.0741636967314207,0.05714379077345131,0.06522154269349356,0.09200221620444543,0.05462758789669447,0.1072343480162564,0.06195888048904599
2024-11-11 00:00:00+00:00,0.08347469958667143,0.14262997266237845,0.11964852005986985,0.07715080069554274,0.058706864520763694,0.06866454012397188,0.05793557346474974,0.06727650561130535,0.09608230623146606,0.05653051780667679,0.10822336155535327,0.06367633768125067
2024-11-12 00:00:00+00:00,0.0795117736813129,0.14181328082816452,0.11579999242740563,0.07550175461994002,0.05330314298747306,0.06949911201732621,0.056272566710105935,0.07016025771452031,0.10342679566701776,0.0604580781884534,0.10818622825122111,0.06606701690705913
2024-11-13 00:00:00+00:00,0.07875444855297309,0.14761943724956372,0.11436561099617992,0.0745151509781421,0.054154126930247716,0.06870134691675497,0.055999418674636245,0.06957931096626478,0.10376429059625676,0.05981533983010855,0.10718582392270042,0.06554569438617179
2024-11-14 00:00:00+00:00,0.07987007437888251,0.1473421509234027,0.11393573288344805,0.07427850911052081,0.05438048620519526,0.06909564801233381,0.05575395141964777,0.06972643693381769,0.10398981853549669,0.05921654273091866,0.10670261316408557,0.06570803570225055
2024-11-15 00:00:00+00:00,0.08001786934338043,0.14724066872674357,0.11387890749517256,0.07420606247049484,0.054328772597249095,0.06905646752745356,0.05579232202297987,0.0697135621193551,0.10387113169997059,0.059502157481842614,0.10666365325277259,0.06572842526258531
2024-11-16 00:00:00+00:00,0.08135186438145227,0.13455597097162378,0.11748251355187403,0.07387382395426259,0.05526620205068266,0.06430653425950192,0.056741582671492145,0.07149142871248697,0.10763001382877228,0.0628090912556305,0.1090208892395094,0.06547008512271144
2024-11-17 00:00:00+00:00,0.08994431897638326,0.11131435517128431,0.12288795408106597,0.07271546188333651,0.060428331177210144,0.06691980449318391,0.05904186846793824,0.0689552553620038,0.11179095006846887,0.06577666306122523,0.10212915451359045,0.06809588274430935
2024-11-18 00:00:00+00:00,0.09425656417201977,0.11005435167532036,0.12262606565493263,0.072126655178825,0.060611099277167756,0.06666913288811376,0.05932848543314817,0.06784550519779235,0.11282577798693384,0.06565875173037453,0.09989498848805471,0.06810262231731719
2024-11-19 00:00:00+00:00,0.09478466251946822,0.10893855072130795,0.12382077412337202,0.07044875078958532,0.06139282158186923,0.06667951927649093,0.059784279188754536,0.06685839044388725,0.11414471069910391,0.06587704914639865,0.10023745988687614,0.06703303162288583
2024-11-20 00:00:00+00:00,0.09453635404101855,0.1087408323801188,0.12491108391619393,0.07036454846758858,0.0621936652883298,0.06703491350941362,0.059719698188980215,0.06665463319269221,0.11394983506602514,0.06573260204800643,0.09966871863744192,0.06649311526419076
2024-11-21 00:00:00+00:00,0.09466244897534463,0.10882448409412027,0.12476179678061032,0.0703380426085798,0.06204654645961625,0.0675947278347874,0.05969966485000339,0.06640663543709815,0.11413589380838664,0.06583955230159988,0.09932296035444985,0.06636724649540342
2024-11-22 00:00:00+00:00,0.09274173020972262,0.10440452195356797,0.12541299358176336,0.07105441471173114,0.06323151577223553,0.0685296291676159,0.05966580106174139,0.06658568203169776,0.1165591049932529,0.06753827366182769,0.09759870087933353,0.06667763197551019
2024-11-23 00:00:00+00:00,0.09761724703810078,0.09584098497817196,0.1284886973765726,0.06961567349980459,0.06436942093469217,0.0629748905739592,0.05669176507438665,0.06651778870433489,0.12270819541157237,0.06866133549252501,0.10063329005916725,0.06588071085671258
2024-11-24 00:00:00+00:00,0.10012923946119809,0.09788520166711151,0.12849024689628935,0.06382087641477245,0.0646663614520815,0.06302237486593742,0.05881201500577779,0.06591441048331904,0.1253559068407958,0.0666393381316415,0.09839204764957614,0.06687198113149936
2024-11-25 00:00:00+00:00,0.10043384640935582,0.09848970498774033,0.12824929933992746,0.0638336027099061,0.06493037992635158,0.06355158341052138,0.05892930671148825,0.06416073385291379,0.12586621191961048,0.06546189729475287,0.09933131200041759,0.0667621214370142
2024-11-26 00:00:00+00:00,0.0987486178152537,0.09947726609338524,0.12780047479698603,0.0636840054904433,0.06427172901810084,0.0630231558859664,0.05966793755293037,0.06323547612004436,0.12817771780322698,0.06603839835381678,0.09865754589945801,0.06721767517038821
2024-11-27 00:00:00+00:00,0.09844808720452414,0.09974585087637612,0.12753745834435967,0.06364105555403551,0.06427293883347686,0.06252929461157657,0.05962649827965963,0.06339345819982407,0.12858631396923031,0.06614985077507746,0.09889484868820742,0.06717434466365199
2024-11-28 00:00:00+00:00,0.0979598873829209,0.09927192430225343,0.12687458426724504,0.06365370142198352,0.06454151642356488,0.06248167824209686,0.06001355915436792,0.06317646484774951,0.12982135581257898,0.06731652097643773,0.09839498712608773,0.06649382004271356
2024-11-29 00:00:00+00:00,0.09790185742712029,0.09938900335059349,0.12695659988434052,0.06367714952883043,0.06453846802162037,0.06250117223788655,0.05998492433154385,0.06319920552199666,0.12982498905112816,0.06725079801306351,0.0983371848691889,0.06643864776268762
2024-11-30 00:00:00+00:00,0.09864126333432546,0.09466766909663803,0.1287184672936342,0.06404721998249645,0.06455375570581014,0.06296206771312216,0.06023456741200985,0.06364334259918764,0.13187078740579866,0.06750154071056866,0.0958717951326966,0.06728752361371228
2024-12-01 00:00:00+00:00,0.09873834453705892,0.09453989029863576,0.12843435537015277,0.0640787831786963,0.06460312089359466,0.06309924116445942,0.06025285743600402,0.0635044243063688,0.13199242202926806,0.06750540087846539,0.09596802878704871,0.06728313112024716
2024-12-02 00:00:00+00:00,0.10025106559524849,0.08968259354852184,0.13624628615372908,0.06395051354703758,0.06441281607717005,0.06258109329170755,0.060373042557258005,0.06379891234938662,0.1325133201720832,0.06767778569646922,0.09046715107321744,0.06804541993817081
2024-12-03 00:00:00+00:00,0.10566554264411958,0.08396285762665781,0.14291314192825053,0.0641594773336457,0.06733546021143624,0.06374590729507787,0.05860011649567556,0.06294175831455853,0.13671630451361333,0.06584032085421622,0.08778707326505429,0.060332039517694225
2024-12-04 00:00:00+00:00,0.10647793515863065,0.08432981262689679,0.1405078022777559,0.0643277640423387,0.06748458244022731,0.06377532668508418,0.058754140538183175,0.06296528487254646,0.13650492265244962,0.06630904931901156,0.08808303258796814,0.0604803467989075
2024-12-05 00:00:00+00:00,0.10612020187641623,0.08452037348691165,0.14456294352808882,0.06486261219442178,0.06608317352119386,0.06306544867906144,0.0578429552839749,0.06273118981170236,0.1379407148945981,0.06611171606557516,0.0872625673315313,0.05889610332652428
2024-12-06 00:00:00+00:00,0.10653030012527705,0.08412822700730835,0.14340525676012852,0.06519565548120129,0.06601924779851914,0.06290862632357401,0.057866327715376815,0.06202881623878166,0.13906507684718766,0.06698054826731668,0.08740301987897968,0.058468897556349105
2024-12-07 00:00:00+00:00,0.1072416812670999,0.08346736337807795,0.14303947560640407,0.0654407963463439,0.06607778074925402,0.0625774777953953,0.05794318195423487,0.06169228304635729,0.13988296968161548,0.06733671903397298,0.08778303056927401,0.057517240571970336
2024-12-08 00:00:00+00:00,0.10725166528253165,0.0833603444866624,0.14294296994838093,0.06546127001324387,0.06604606152072415,0.06260883872362653,0.057968096289076315,0.06172346648156551,0.1398978351345347,0.06733745873909026,0.08783540663286404,0.057566586747699516
2024-12-09 00:00:00+00:00,0.10952943717493946,0.08384120456600605,0.13706023107827234,0.06498343460378074,0.06612377852568035,0.062136033156200386,0.057394981231563245,0.06089080120607549,0.14600847764679928,0.06826799072571918,0.08719544688725267,0.05656818319771103
2024-12-10 00:00:00+00:00,0.11501519603769908,0.08069029720807878,0.13197789689644848,0.06281636750406777,0.06673163864595227,0.06017102134160021,0.05659564498268311,0.05782614736369896,0.16536585355587827,0.06806689335810949,0.07897118183222307,0.05577186127356047
2024-12-11 00:00:00+00:00,0.11516707867915406,0.08109287214645808,0.13023622212987912,0.06292123689633881,0.06597176865833887,0.06011421293257784,0.05673264970028989,0.05744664034770614,0.1681923607316979,0.06828904370065138,0.0783187848810185,0.05551712919588952
2024-12-12 00:00:00+00:00,0.11650819630367588,0.08146220684816446,0.12814515007579286,0.0630403543291191,0.0663239755734222,0.06014514124077387,0.05633099979561143,0.05763368472581841,0.1698395468594498,0.067846630446604,0.07767030329831666,0.0550538105032512
2024-12-13 00:00:00+00:00,0.11654777433184735,0.08193819497760263,0.12790440281125257,0.06294384923114357,0.0664735753260082,0.059915474347044445,0.05581863483255819,0.05762736003013141,0.17117391691281125,0.0679070088147738,0.07758033275899515,0.05416947562583148
2024-12-14 00:00:00+00:00,0.11717147036002155,0.0817691790086882,0.1273781259269572,0.0630764010106074,0.06648737746047326,0.05996951432599765,0.05587939605574455,0.057612852024022936,0.17133433672117926,0.06779066595178876,0.07729037994708846,0.054240301207430626
2024-12-15 00:00:00+00:00,0.11756762762580449,0.07994306329107202,0.12597082826373324,0.06283297118334778,0.06674403574669124,0.05950251339463272,0.05552537516673831,0.05825505633565055,0.1747504169902044,0.06811628068313316,0.07672354455043105,0.05406828676856094
2024-12-16 00:00:00+00:00,0.11866205965411032,0.0792919706707025,0.12402943048770901,0.06256622980328802,0.06748996994546191,0.059130318157803646,0.05544132785746349,0.059305090368384085,0.17682999972471408,0.06706716614307212,0.07676786224507272,0.05341857494221805
2024-12-17 00:00:00+00:00,0.11863352357210288,0.07929513645907192,0.12394081674976129,0.062389430562469254,0.06749761754063309,0.05892754899471354,0.05529631889214149,0.05948223540027459,0.17762483130317225,0.06688189157315799,0.07662059532041982,0.053410053632081796
2024-12-18 00:00:00+00:00,0.11786539854369311,0.07953631620468883,0.12405278060715409,0.06239007527488254,0.06755960404607156,0.05889961920911305,0.05526043493582334,0.059461674076497946,0.17781374472597863,0.06664147882564621,0.07717968775238417,0.053339185798066735
2024-12-19 00:00:00+00:00,0.11976239730468353,0.07814241163365927,0.12279377112508726,0.06268938386728791,0.06950613089929392,0.05948484809468698,0.05492083374291737,0.06017721421572508,0.17919451406212178,0.06525617869274,0.07532138870272602,0.052750927659070884
2024-12-20 00:00:00+00:00,0.11953516487475167,0.07820324228022824,0.12310159689693749,0.0626405953418561,0.06906204545436112,0.05949500386950249,0.05489896345591462,0.060103349021182834,0.17924105730656723,0.0653994559048249,0.07542441720119133,0.05289510839268207
2024-12-21 00:00:00+00:00,0.12005293197689455,0.07759246127074125,0.12224557215808897,0.0627731906920763,0.06899634081058577,0.05943061894436236,0.05512540489517506,0.06026826161884265,0.18017857693951556,0.06497896012987368,0.07566790190837053,0.05268977865547352
2024-12-22 00:00:00+00:00,0.11988835930031842,0.07761954572345586,0.1222799616367099,0.06275982183431889,0.06902612563304954,0.05944492535177799,0.05511157135695068,0.06025698525383677,0.18019865342859745,0.06502721635767308,0.07567718081968063,0.052709653303631004
2024-12-23 00:00:00+00:00,0.12011395373279513,0.07746521709583597,0.12283217566118028,0.06265267841778918,0.06924436230162241,0.05942910076276197,0.05501390233812052,0.06026244487868382,0.18008126891619564,0.06454735919173932,0.07560947908484478,0.05274805761843115
2024-12-24 00:00:00+00:00,0.11923344576529907,0.07765502133550246,0.12326965839734867,0.0625512025712646,0.06913373708248462,0.05941811756448594,0.05488992522885603,0.060059912527623306,0.1807414663099388,0.06445537133938802,0.07562854938287826,0.052963592494930246
2024-12-25 00:00:00+00:00,0.12112748741874248,0.07739504199481771,0.12286685847278021,0.06295145837287296,0.06876089028405756,0.0590422353766084,0.0549103080873494,0.059396138299480934,0.18124159127141895,0.0638659784159029,0.07546905594383842,0.052972956062130164
2024-12-26 00:00:00+00:00,0.12201786768381513,0.07719976980430919,0.12297781508689615,0.06284140166183243,0.06865564135691878,0.058899719166587705,0.05469835884606005,0.05913043873130179,0.18156945410150588,0.06390947487518922,0.07527813563550351,0.052821923050080134
2024-12-27 00:00:00+00:00,0.12137000629833819,0.0775685760437088,0.12342737306929083,0.0627380100983874,0.06836618413920952,0.05882361535286454,0.05462147708802324,0.05906709231207958,0.1818852471574332,0.06373967133753489,0.07536549828117822,0.053027248821951554
2024-12-28 00:00:00+00:00,0.12218110937371164,0.07728975889990873,0.12333581369043163,0.06253581329169099,0.06818175644220908,0.058591021707277424,0.054631540828787926,0.05898075489082182,0.1822046192426902,0.06406025922517654,0.0749110382538023,0.05309651415349168
2024-12-29 00:00:00+00:00,0.12149119949095656,0.07731393895074014,0.12409016641691455,0.0625125135367086,0.0680365188134066,0.058639618467139894,0.05458937208635999,0.0589275665985495,0.1821964695853852,0.06423013444833879,0.07489538043477126,0.05307712117072908
2024-12-30 00:00:00+00:00,0.12140270006422012,0.07742284870091436,0.12448238289441249,0.06231691424015281,0.06793941932216284,0.05862249537715447,0.05450075479496999,0.058753321372309444,0.18272522320137366,0.0640838395953062,0.07476511050180296,0.05298498993522061
2024-12-31 00:00:00+00:00,0.1207799045807276,0.07655941428044338,0.12380700100227941,0.060986830900679925,0.06772247169406541,0.05776549146685264,0.05489702592721944,0.05833781968929019,0.18648624136626737,0.06514803658377845,0.07476560717433209,0.05274415533406403
