date,SOLUSDT,XRPUSDT,BNBUSDT,DOTUSDT,DOGEUSDT,ADAUSDT,AVAXUSDT,AXSUSDT,MATICUSDT,FTMUSDT,LTCUSDT,LINKUSDT
2022-01-01 00:00:00+00:00,0.0,0.0,0.0,0.0,0.0,0.0,0.0,0.0,0.0,0.0,0.0,0.0
2022-01-02 00:00:00+00:00,0.0,0.0,0.0,0.0,0.0,0.0,0.0,0.0,0.0,0.0,0.0,0.0
2022-01-03 00:00:00+00:00,0.0,0.0,0.0,0.0,0.0,0.0,0.0,0.0,0.0,0.0,0.0,0.0
2022-01-04 00:00:00+00:00,0.0,0.0,0.0,0.0,0.0,0.0,0.0,0.0,0.0,0.0,0.0,0.0
2022-01-05 00:00:00+00:00,0.0,0.0,0.0,0.0,0.0,0.0,0.0,0.0,0.0,0.0,0.0,0.0
2022-01-06 00:00:00+00:00,0.0,0.0,0.0,0.0,0.0,0.0,0.0,0.0,0.0,0.0,0.0,0.0
2022-01-07 00:00:00+00:00,0.0,0.0,0.0,0.0,0.0,0.0,0.0,0.0,0.0,0.0,0.0,0.0
2022-01-08 00:00:00+00:00,0.0,0.0,0.0,0.0,0.0,0.0,0.0,0.0,0.0,0.0,0.0,0.0
2022-01-09 00:00:00+00:00,0.0,0.0,0.0,0.0,0.0,0.0,0.0,0.0,0.0,0.0,0.0,0.0
2022-01-10 00:00:00+00:00,0.0,0.0,0.0,0.0,0.0,0.0,0.0,0.0,0.0,0.0,0.0,0.0
2022-01-11 00:00:00+00:00,0.0,0.0,0.0,0.0,0.0,0.0,0.0,0.0,0.0,0.0,0.0,0.0
2022-01-12 00:00:00+00:00,0.0,0.0,0.0,0.0,0.0,0.0,0.0,0.0,0.0,0.0,0.0,0.0
2022-01-13 00:00:00+00:00,0.0,0.0,0.0,0.0,0.0,0.0,0.0,0.0,0.0,0.0,0.0,0.0
2022-01-14 00:00:00+00:00,0.0,0.0,0.0,0.0,0.0,0.0,0.0,0.0,0.0,0.0,0.0,0.0
2022-01-15 00:00:00+00:00,0.0,0.0,0.0,0.0,0.0,0.0,0.0,0.0,0.0,0.0,0.0,0.0
2022-01-16 00:00:00+00:00,0.0,0.0,0.0,0.0,0.0,0.0,0.0,0.0,0.0,0.0,0.0,0.0
2022-01-17 00:00:00+00:00,0.0,0.0,0.0,0.0,0.0,0.0,0.0,0.0,0.0,0.0,0.0,0.0
2022-01-18 00:00:00+00:00,0.0,0.0,0.0,0.0,0.0,0.0,0.0,0.0,0.0,0.0,0.0,0.0
2022-01-19 00:00:00+00:00,0.0,0.0,0.0,0.0,0.0,0.0,0.0,0.0,0.0,0.0,0.0,0.0
2022-01-20 00:00:00+00:00,0.0,0.0,0.0,0.0,0.0,0.0,0.0,0.0,0.0,0.0,0.0,0.0
2022-01-21 00:00:00+00:00,0.0,0.0,0.0,0.0,0.0,0.0,0.0,0.0,0.0,0.0,0.0,0.0
2022-01-22 00:00:00+00:00,0.0,0.0,0.0,0.0,0.0,0.0,0.0,0.0,0.0,0.0,0.0,0.0
2022-01-23 00:00:00+00:00,0.0,0.0,0.0,0.0,0.0,0.0,0.0,0.0,0.0,0.0,0.0,0.0
2022-01-24 00:00:00+00:00,0.0,0.0,0.0,0.0,0.0,0.0,0.0,0.0,0.0,0.0,0.0,0.0
2022-01-25 00:00:00+00:00,0.0,0.0,0.0,0.0,0.0,0.0,0.0,0.0,0.0,0.0,0.0,0.0
2022-01-26 00:00:00+00:00,0.0,0.0,0.0,0.0,0.0,0.0,0.0,0.0,0.0,0.0,0.0,0.0
2022-01-27 00:00:00+00:00,0.0,0.0,0.0,0.0,0.0,0.0,0.0,0.0,0.0,0.0,0.0,0.0
2022-01-28 00:00:00+00:00,0.0,0.0,0.0,0.0,0.0,0.0,0.0,0.0,0.0,0.0,0.0,0.0
2022-01-29 00:00:00+00:00,0.0,0.0,0.0,0.0,0.0,0.0,0.0,0.0,0.0,0.0,0.0,0.0
2022-01-30 00:00:00+00:00,0.0,0.0,0.0,0.0,0.0,0.0,0.0,0.0,0.0,0.0,0.0,0.0
2022-01-31 00:00:00+00:00,0.0,0.0,0.0,0.0,0.0,0.0,0.0,0.0,0.0,0.0,0.0,0.0
2022-02-01 00:00:00+00:00,0.0,0.0,0.0,0.0,0.0,0.0,0.0,0.0,0.0,0.0,0.0,0.0
2022-02-02 00:00:00+00:00,0.0,0.0,0.0,0.0,0.0,0.0,0.0,0.0,0.0,0.0,0.0,0.0
2022-02-03 00:00:00+00:00,0.0,0.0,0.0,0.0,0.0,0.0,0.0,0.0,0.0,0.0,0.0,0.0
2022-02-04 00:00:00+00:00,0.0,0.0,0.0,0.0,0.0,0.0,0.0,0.0,0.0,0.0,0.0,0.0
2022-02-05 00:00:00+00:00,0.0,0.0,0.0,0.0,0.0,0.0,0.0,0.0,0.0,0.0,0.0,0.0
2022-02-06 00:00:00+00:00,0.0,0.0,0.0,0.0,0.0,0.0,0.0,0.0,0.0,0.0,0.0,0.0
2022-02-07 00:00:00+00:00,0.0,0.0,0.0,0.0,0.0,0.0,0.0,0.0,0.0,0.0,0.0,0.0
2022-02-08 00:00:00+00:00,0.0,0.0,0.0,0.0,0.0,0.0,0.0,0.0,0.0,0.0,0.0,0.0
2022-02-09 00:00:00+00:00,0.0,0.0,0.0,0.0,0.0,0.0,0.0,0.0,0.0,0.0,0.0,0.0
2022-02-10 00:00:00+00:00,0.0,0.0,0.0,0.0,0.0,0.0,0.0,0.0,0.0,0.0,0.0,0.0
2022-02-11 00:00:00+00:00,0.0,0.0,0.0,0.0,0.0,0.0,0.0,0.0,0.0,0.0,0.0,0.0
2022-02-12 00:00:00+00:00,0.0,0.0,0.0,0.0,0.0,0.0,0.0,0.0,0.0,0.0,0.0,0.0
2022-02-13 00:00:00+00:00,0.0,0.0,0.0,0.0,0.0,0.0,0.0,0.0,0.0,0.0,0.0,0.0
2022-02-14 00:00:00+00:00,0.0,0.0,0.0,0.0,0.0,0.0,0.0,0.0,0.0,0.0,0.0,0.0
2022-02-15 00:00:00+00:00,0.0,0.0,0.0,0.0,0.0,0.0,0.0,0.0,0.0,0.0,0.0,0.0
2022-02-16 00:00:00+00:00,0.0,0.0,0.0,0.0,0.0,0.0,0.0,0.0,0.0,0.0,0.0,0.0
2022-02-17 00:00:00+00:00,0.0,0.0,0.0,0.0,0.0,0.0,0.0,0.0,0.0,0.0,0.0,0.0
2022-02-18 00:00:00+00:00,0.0,0.0,0.0,0.0,0.0,0.0,0.0,0.0,0.0,0.0,0.0,0.0
2022-02-19 00:00:00+00:00,0.0,0.0,0.0,0.0,0.0,0.0,0.0,0.0,0.0,0.0,0.0,0.0
2022-02-20 00:00:00+00:00,0.0,0.0,0.0,0.0,0.0,0.0,0.0,0.0,0.0,0.0,0.0,0.0
2022-02-21 00:00:00+00:00,0.0,0.0,0.0,0.0,0.0,0.0,0.0,0.0,0.0,0.0,0.0,0.0
2022-02-22 00:00:00+00:00,0.0,0.0,0.0,0.0,0.0,0.0,0.0,0.0,0.0,0.0,0.0,0.0
2022-02-23 00:00:00+00:00,0.0,0.0,0.0,0.0,0.0,0.0,0.0,0.0,0.0,0.0,0.0,0.0
2022-02-24 00:00:00+00:00,0.0,0.0,0.0,0.0,0.0,0.0,0.0,0.0,0.0,0.0,0.0,0.0
2022-02-25 00:00:00+00:00,0.0,0.0,0.0,0.0,0.0,0.0,0.0,0.0,0.0,0.0,0.0,0.0
2022-02-26 00:00:00+00:00,0.0,0.0,0.0,0.0,0.0,0.0,0.0,0.0,0.0,0.0,0.0,0.0
2022-02-27 00:00:00+00:00,0.0,0.0,0.0,0.0,0.0,0.0,0.0,0.0,0.0,0.0,0.0,0.0
2022-02-28 00:00:00+00:00,0.0,0.0,0.0,0.0,0.0,0.0,0.0,0.0,0.0,0.0,0.0,0.0
2022-03-01 00:00:00+00:00,0.0,0.0,0.0,0.0,0.0,0.0,0.0,0.0,0.0,0.0,0.0,0.0
2022-03-02 00:00:00+00:00,0.0,0.0,0.0,0.0,0.0,0.0,0.0,0.0,0.0,0.0,0.0,0.0
2022-03-03 00:00:00+00:00,0.08790218539864987,0.4612414151733142,0.15619692344729108,0.001934842525305964,0.003952130313818906,0.0011958397367465015,0.0006282654676504208,0.0004253866572675617,0.0008704287165353669,0.16727206715073079,0.10925171312491119,0.009128802287778001
2022-03-04 00:00:00+00:00,0.10538080149913874,0.5529554219286501,0.004109937752252831,0.001156043011774407,0.0012710464606515155,0.0008171713129121428,0.0005309356462352137,0.00048696671743278367,0.0006049580861180237,0.20053272196611976,0.130975504670831,0.001178490947883438
2022-03-05 00:00:00+00:00,0.10595225406185357,0.5559539547584728,0.002089911099367946,0.00035403033146952134,0.000304284716265297,0.0005158886569663758,0.0005310469993976314,0.00033326917199289467,0.00029341654079541156,0.20162015854133558,0.1316857506239103,0.0003660344981725871
2022-03-06 00:00:00+00:00,0.10603450907116187,0.5563855642426555,0.0014732939514000734,0.00032877348135861814,0.0002689229254588153,0.0004948760602096527,0.0005277108437255794,0.00027978132088929755,0.0002845885157553754,0.20177668440446517,0.1317879835847779,0.00035731159814208645
2022-03-07 00:00:00+00:00,0.10608669500530697,0.556659394910324,0.0012560334821695024,0.0003227169338064052,0.00020848387948064627,0.0004435613073605683,0.0004912947994860041,0.00022939342579143384,0.0002510301171114963,0.201875990798738,0.13185284434654984,0.0003225609938750623
2022-03-08 00:00:00+00:00,0.1061135002865494,0.5568000479077245,0.001133387354521139,0.0003036591739508708,0.00018362363133970916,0.00042710776586106676,0.0004912687035898267,0.0001824563282084351,0.0002489644952002309,0.20192699948280704,0.13188616004721473,0.0003028248230330006
2022-03-09 00:00:00+00:00,0.10611830854238444,0.5568252778461591,0.001128078615822993,0.00028626503097176846,0.0001833353081092804,0.00042438629694579956,0.0004894131102527975,0.00018085151073910478,0.00024224014474680402,0.20193614927685674,0.131892136123745,0.00029355819326620867
2022-03-10 00:00:00+00:00,0.12169800662441062,0.6385752589045036,0.0008920967476959788,0.00029455130196772,0.00017658081008685973,0.00043870933128663394,0.0005079411920941835,0.00016317864858919078,0.0002418026163051525,0.23158328821823762,0.005180739284833875,0.00024784631998826437
2022-03-11 00:00:00+00:00,0.12230166533677612,0.6417427842340553,0.0008965377581663885,0.0002695482079708644,0.00017592146797913686,0.0004161707584911037,0.0005004683769482655,0.0001509439633181733,0.00023084553250081704,0.2327320109742532,0.0003674507162504645,0.00021565267329000135
2022-03-12 00:00:00+00:00,0.12230472553069946,0.641758841720789,0.0008966433817222777,0.0002591479175974094,0.00017588438963713664,0.0004135350376918802,0.0004930487632936386,0.00014953138315170267,0.00022799336927589994,0.23273783432166048,0.0003674599785618337,0.00021535420591915292
2022-03-13 00:00:00+00:00,0.12230603918577015,0.641765734747636,0.0008941166710276011,0.0002549496888488571,0.000175902883274349,0.0004134492404066924,0.0004925901399479815,0.00014632391144377824,0.00022785445343384344,0.23274033412070647,0.0003674639253894156,0.00021524103211493072
2022-03-14 00:00:00+00:00,0.12232541977518932,0.6418674288118967,0.0007909768873449889,0.00023671149821267307,0.0001752814433682231,0.0004136572088860761,0.0004766951368952405,0.0001422538825427438,0.00021409305243813277,0.23277721410543087,0.00036752215364626814,0.00021274604414876945
2022-03-15 00:00:00+00:00,0.12235284932499361,0.6420113574788794,0.0006815803431589097,0.00023098941875143486,0.00017462957480823176,0.0004093063601331413,0.00046381371668100186,0.00011735361124249415,0.00020823443299442765,0.2328294107314416,0.0003676045647038892,0.00015287044221173784
2022-03-16 00:00:00+00:00,0.00118695397278949,0.7306559121511313,0.0007716204829710198,0.00026016564516693477,0.00019871615360845767,0.0004659731000695388,0.0005259134616299019,0.00013311367200504978,0.0002369904360040476,0.264976909663453,0.00041836089876879756,0.0001693703624022206
2022-03-17 00:00:00+00:00,0.00040878604786279707,0.7313608490038033,0.000703294543619597,0.0002604208174468958,0.00019666375635622564,0.00044330796594813576,0.0004948813357561929,0.00012338871991947624,0.0001955135067263159,0.2652325593962786,0.00041876453338032186,0.00016157037290219755
2022-03-18 00:00:00+00:00,0.0005563076001020156,0.9952459018403879,0.0008269196336335259,0.0003533498678169146,0.00026764329710462804,0.0006004656558839909,0.00032932745675839367,0.00016791487884510844,0.00026604695932497057,0.0005984994422973089,0.0005698605363557002,0.00021776283148943444
2022-03-19 00:00:00+00:00,0.05525078593651585,0.506733574429641,0.08519014516741556,0.03837385920204279,0.02919819726896214,0.06333563578614344,0.025902646087652314,0.018384908777604694,0.029164476548566583,0.06530586090091078,0.05972828540739781,0.02343162448714717
2022-03-20 00:00:00+00:00,0.0714101640486164,0.39622606545737815,0.10858271096661645,0.04902013507407334,0.03772759394747216,0.05951753007566922,0.0297595124273142,0.02370037971639998,0.037658794621352305,0.0831324989352914,0.07297935699004533,0.030285257739770925
2022-03-21 00:00:00+00:00,0.0781940427897795,0.3849835091495632,0.08740205911387076,0.052661036807898076,0.040187306632851215,0.060853556542620535,0.027906342701955116,0.02589059575547755,0.039897521608491665,0.09102285981849419,0.07922448415690896,0.03177668492208922
2022-03-22 00:00:00+00:00,0.08756924334478275,0.318933840946186,0.0993252385385242,0.05981790244835997,0.04565382372147888,0.061904703777185745,0.03170676272649984,0.029420089622116584,0.045100582570893784,0.0950150896439069,0.08945961150653148,0.03609311115353375
2022-03-23 00:00:00+00:00,0.08827487418692491,0.32970833684590667,0.10215700813403827,0.05921958803622959,0.0470131115723367,0.04863300405899557,0.03273784897787317,0.03043548329267527,0.04625716796648642,0.09744261949812517,0.08086291421104633,0.03725804321936206
2022-03-24 00:00:00+00:00,0.07989864116008784,0.3436016719196739,0.10621965003638083,0.060393401652965646,0.04861098597078221,0.028940033975858436,0.03410378380818675,0.031129071733378363,0.04811504616730899,0.09600577477702553,0.08423542863868956,0.038746510159661685
2022-03-25 00:00:00+00:00,0.06376953270889402,0.35314993862575444,0.1086015189003018,0.062130960461366826,0.05006701668017239,0.029631021338777156,0.03513156531683977,0.0269894428609464,0.04913338429045917,0.0985216976305776,0.08311536424249527,0.03975855694341518
2022-03-26 00:00:00+00:00,0.06496611218301826,0.34997620667725465,0.11468470349711911,0.06471568519310807,0.05315192071121304,0.029931396082909095,0.03725926614895216,0.028763642062252716,0.05200769886397632,0.07496487943858256,0.08737076968432546,0.04220771945728864
2022-03-27 00:00:00+00:00,0.06415693638381685,0.35039378563282714,0.11434880511813214,0.06493193352401366,0.05368500578377169,0.029936534373192093,0.03759968710739178,0.028352320938327878,0.05246485489895182,0.07330098367002051,0.08821769585984707,0.04261145670970754
2022-03-28 00:00:00+00:00,0.0675874046622544,0.3388197905851496,0.11108101285194925,0.061945537020206096,0.055720931695793494,0.03159972283464692,0.0393704465263712,0.029905048139465325,0.054863694809889646,0.0770670580593839,0.08869877652298991,0.043340576291900385
2022-03-29 00:00:00+00:00,0.06746838910932453,0.33930710020690547,0.11150127680017852,0.06172696731552735,0.055405587686812204,0.03164915733706277,0.03951148409361193,0.029897586806235152,0.054597388087673206,0.07735466992755241,0.08823814479592908,0.0433422478331874
2022-03-30 00:00:00+00:00,0.06378839241900315,0.33993801162628096,0.11213588017895415,0.061960394388179185,0.05586144223866703,0.03197815909161543,0.039723710831637456,0.030018309477672662,0.05498765724826163,0.0780509176689421,0.08812662953756972,0.04343049529321668
2022-03-31 00:00:00+00:00,0.05697650386167876,0.34317459041741016,0.11121215739234298,0.06257243963459937,0.05637033715962405,0.03229319319396112,0.04006388408139338,0.030300840849917347,0.055510329562691745,0.07884590826622369,0.0888551836863306,0.04382463189382695
2022-04-01 00:00:00+00:00,0.062493343156947635,0.29710363617348146,0.11630678573662637,0.06622495322550913,0.06106161073747038,0.03494786818308027,0.04397071186283412,0.033276578570824125,0.06027778376604552,0.08642447308227508,0.08987951497500071,0.048032740529905034
2022-04-02 00:00:00+00:00,0.06329806758196999,0.30093496643348544,0.10789176092359426,0.06598862088595925,0.06179045176275155,0.0353832711547195,0.04451658218262839,0.033336053108332264,0.059940283152361634,0.08754495381715932,0.09104228007085823,0.048332708926180204
2022-04-03 00:00:00+00:00,0.0635438472053028,0.3021108143160128,0.10596828889873004,0.06575136973120668,0.061589391681718834,0.03547240217077444,0.0446711865841393,0.033441830224976,0.05963956633524576,0.08789301912266992,0.0914014818905843,0.04851680183863917
2022-04-04 00:00:00+00:00,0.05823328004810212,0.3050585179695634,0.10483241242343067,0.06664426606041443,0.06063174375586943,0.03620243530656497,0.04560997710118061,0.03409742155390204,0.06040429128845768,0.08614362151055269,0.09326149884423407,0.04888053413772779
2022-04-05 00:00:00+00:00,0.05834130979131724,0.3056213311429173,0.10482376441996168,0.06660074482735683,0.06065886062949707,0.03625867159553223,0.045565515563699525,0.033864578841128326,0.059994558955698704,0.08630385977311007,0.09343492295942539,0.04853188150035581
2022-04-06 00:00:00+00:00,0.05938472692424774,0.31108727858640445,0.1065060892960873,0.06588581204827776,0.04921526061164832,0.0365166278708096,0.04563276489773617,0.03430162165455171,0.0599074456036634,0.08784737887213956,0.09510597902207853,0.048609014612355554
2022-04-07 00:00:00+00:00,0.06125149729121616,0.3208663673064172,0.09926962918926813,0.06331917363679072,0.04408546626511264,0.03530953885896268,0.04542461606874699,0.033152474087727896,0.06067357523159475,0.09060887820350043,0.09809565385187796,0.047943130008784356
2022-04-08 00:00:00+00:00,0.06150307344023968,0.3221842506008341,0.09607416834878155,0.06331519670955643,0.0442363496118898,0.03534914807573761,0.04561107356974926,0.03328732617755249,0.060933300114303875,0.09098103290426474,0.09849855872642606,0.04802652172066451
2022-04-09 00:00:00+00:00,0.06176365825119552,0.32354932582942975,0.09403099587500627,0.0631667206846529,0.04433334899258571,0.03494111482599127,0.04542474625392476,0.03342760472685972,0.061072369849744006,0.09136651405071446,0.0989158911761627,0.04800770948373298
2022-04-10 00:00:00+00:00,0.06178818036851099,0.32367778510062545,0.09375698476823047,0.06319276539561837,0.04434463885379777,0.034963260278495306,0.045427296936747415,0.033435985026892115,0.061030845331427934,0.09140278943400125,0.09895516389990457,0.04802430460574835
2022-04-11 00:00:00+00:00,0.06185600213135023,0.3240330698467775,0.09312744147192602,0.06313614496097351,0.04435216623201188,0.03497584889650327,0.04545892767486836,0.033464443985582425,0.060957962870422155,0.09150311765650053,0.09906378198216091,0.04807109229092328
2022-04-12 00:00:00+00:00,0.08355494313177467,0.11866952126908584,0.1244381600540626,0.08486809143858923,0.05898800847367796,0.04707947012358005,0.05499630724161695,0.045124121163058764,0.07872773464203989,0.12360219750273889,0.11512301142055704,0.06482843353921829
2022-04-13 00:00:00+00:00,0.08514585922203911,0.10701955092376166,0.1266057625095028,0.08612707442680827,0.06010434229885817,0.04788959928145683,0.055191871252644215,0.04583014528771216,0.07914770313538513,0.12595562768207644,0.1149910513053651,0.0659914126743901
2022-04-14 00:00:00+00:00,0.0858798765611074,0.10794168159759736,0.12744584932030698,0.08666051779214407,0.06062286226110508,0.048261958589597434,0.052856874833285473,0.04621063258775451,0.07968249734280401,0.12704145399843056,0.11085136534996166,0.06654442976590531
2022-04-15 00:00:00+00:00,0.08605886419059325,0.10816664961671325,0.12750909673686478,0.0867002396717185,0.06074919623034357,0.04837154624779471,0.05271259336727917,0.04623153766976731,0.07885933149133077,0.12730622904944539,0.11108239948979542,0.06625231623835381
2022-04-16 00:00:00+00:00,0.08609690038471565,0.10821445698346258,0.1275437884488228,0.08660653326308741,0.06077571844796988,0.04838103859067416,0.05273562159232367,0.046242472393545855,0.0787792827478468,0.12736249570467792,0.11113149555619503,0.06613019588667833
2022-04-17 00:00:00+00:00,0.08610809705092654,0.1082285299773639,0.1275621741268888,0.08660961131815274,0.060738754576561284,0.048378491685197866,0.05273669447152532,0.046237969515492125,0.07873206789636669,0.12737905884859854,0.11114594790297755,0.06614260262994859
2022-04-18 00:00:00+00:00,0.0869361117862184,0.1092692546091861,0.12874427304519534,0.08706729508295169,0.06123225466608808,0.04883058026786253,0.053209959029628696,0.04657916887312996,0.07880855293630856,0.12860393480459453,0.10405730714203364,0.0666613077568023
2022-04-19 00:00:00+00:00,0.09065855537247189,0.11394796208341597,0.12944534607823366,0.07812580681925914,0.06383766425241139,0.050523718406811996,0.055443914277184515,0.04825161426354976,0.07402889125729933,0.13046230741181014,0.10164475686306138,0.06362946291449101
2022-04-20 00:00:00+00:00,0.09071145519291084,0.1140144514148291,0.12951113893914531,0.07784414382186075,0.06387231193110368,0.050521790487905706,0.05542756430017985,0.04825122485641118,0.07408482079718988,0.13057922482775633,0.10162316158249517,0.0635587118482123
2022-04-21 00:00:00+00:00,0.09084066281183388,0.11423067742221545,0.12894653272836418,0.07832199412288257,0.06429755900128661,0.05056318629874384,0.05565298396841116,0.048506621301758514,0.07451903535928038,0.12855585710362527,0.10166210711539753,0.0639027827662007
2022-04-22 00:00:00+00:00,0.09137386016234224,0.11455302521532428,0.12864861948804013,0.07785941280580115,0.06479705926004685,0.050907656653603986,0.05605209556489316,0.04887562682121391,0.07503765803282596,0.12945621168186022,0.09834830392099973,0.06409047039304848
2022-04-23 00:00:00+00:00,0.0914942162399265,0.11432803022093452,0.1287386246893257,0.0779202327692009,0.06483282700947504,0.05093959460035749,0.05608252373913996,0.04888207676359965,0.07503505591721012,0.12945144118231525,0.0981673637756436,0.06412801309287132
2022-04-24 00:00:00+00:00,0.09163454978733453,0.11422812454995787,0.12885638282691558,0.0780217846986061,0.06493921129678311,0.051027540569962844,0.055891267451276025,0.048920128554550586,0.07498866672613581,0.1290513448482126,0.09832107126534376,0.06411992742492113
2022-04-25 00:00:00+00:00,0.09235522016314862,0.11497178271424507,0.12974706113270126,0.07843606921239148,0.06532070226389848,0.051394517633522555,0.05597058451301861,0.04922896606917748,0.07539617476323483,0.12366893094697103,0.09894903800054708,0.06456095258714359
2022-04-26 00:00:00+00:00,0.08652617070578242,0.11613941746513287,0.12859344225262806,0.07898456909409338,0.06582940439243398,0.05165726227943834,0.056377381115144266,0.04963202120141733,0.07617854257988982,0.12495555623435882,0.09996021738397395,0.06516601529570679
2022-04-27 00:00:00+00:00,0.09007468248432296,0.11498207938173377,0.1333809533394319,0.06622904816165562,0.06746879169606584,0.0534779362854044,0.05865252666436991,0.05126420234113834,0.07758841249500006,0.11935229179761939,0.1008800606146991,0.06664901473855875
2022-04-28 00:00:00+00:00,0.0898405882114147,0.11486506160539663,0.13365484649258527,0.06593700302907103,0.06756852213218846,0.0535316694117486,0.05867626929539109,0.05136992567596591,0.077750189972418,0.1194438321865882,0.10072748689360714,0.0666346050936249
2022-04-29 00:00:00+00:00,0.09002028160722014,0.11504689274168205,0.13352445936583832,0.06606396449878829,0.0676976634021834,0.05362183732784374,0.05840409526518276,0.05144725324590893,0.07781480778250167,0.11932272855014638,0.10030483385049954,0.06673118236220468
2022-04-30 00:00:00+00:00,0.09189339591143796,0.11631712726943415,0.13630109382109104,0.0636792084115404,0.06927934427916889,0.05469559792697977,0.05903043144223639,0.05221026734271213,0.07828239456031665,0.10921919239461655,0.10180931134729641,0.06728263529316963
2022-05-01 00:00:00+00:00,0.0931397627006286,0.11935813545619624,0.1387574683672231,0.054478470413664465,0.07143691265411323,0.055827262261095176,0.059206984930847376,0.05316644243006525,0.07929636304016476,0.10433592894122486,0.10335991814364326,0.06763635066113391
2022-05-02 00:00:00+00:00,0.09290702287342628,0.11923271745643493,0.13923476538537238,0.05311933285223834,0.0720162837536435,0.05586301675737347,0.05989940404887628,0.05389872233726783,0.07986813135582793,0.10251872375361638,0.1033146170383199,0.06812726238760287
2022-05-03 00:00:00+00:00,0.09286605746881349,0.1189196016242137,0.1391153096768712,0.05312175453440831,0.0720976116143263,0.05587622258684406,0.0600491097070013,0.05384198462517167,0.0804451869939641,0.10237623346465727,0.10306346543323754,0.06822746227049109
2022-05-04 00:00:00+00:00,0.09199993499992042,0.1177297458911576,0.137894452533575,0.053354431222326096,0.07435188306776654,0.05551580321602252,0.05947345154005506,0.053810978203582945,0.08345621912647741,0.10123562869259742,0.10188137888986087,0.06929609261665828
2022-05-05 00:00:00+00:00,0.09174945931986622,0.11819602141858875,0.13956921496136204,0.05305523850147774,0.0761668480305432,0.05593030676569791,0.05800272617559315,0.054996948115286715,0.08390967240085451,0.09988709760324366,0.09968081615936454,0.0688556505481216
2022-05-06 00:00:00+00:00,0.09266962510788851,0.11786683869420699,0.14281212206490074,0.05263505365739062,0.07725364906387065,0.05712669466786471,0.05688923043049214,0.05562741527557275,0.08566386190095993,0.09846521746962285,0.09498408679174761,0.06800620487548259
2022-05-07 00:00:00+00:00,0.09226645729141794,0.11722846589033004,0.14228424711545426,0.05249868424309388,0.07956156553233941,0.05688438829659575,0.056561854942357645,0.056793921760637446,0.08539631027435421,0.0979423383761077,0.09453174392000874,0.06805002235730301
2022-05-08 00:00:00+00:00,0.09259887763783643,0.11711068530780003,0.141045108289602,0.05265815568757747,0.07978619053619551,0.057019571024176735,0.05671478899432905,0.057004077223949706,0.08575737370424712,0.09796116590214918,0.09449113408020322,0.06785287161193351
2022-05-09 00:00:00+00:00,0.09166526525458517,0.11576923219673012,0.140268677345083,0.05232752600380308,0.08258185712154852,0.056607346987778855,0.05613983177705995,0.058632664899091955,0.08657965950165987,0.09694408440803257,0.09353093302041565,0.06895292148421138
2022-05-10 00:00:00+00:00,0.10241509324912569,0.08110299443532407,0.1389299081814544,0.05777468336380181,0.05279482009081251,0.061263233758447236,0.06206289468758756,0.067463023323762,0.09643441452925881,0.10748589832906992,0.09618611304245825,0.07608692300889769
2022-05-11 00:00:00+00:00,0.10296369284864697,0.07632856475217477,0.139336316992786,0.0584252170364749,0.05003322819378529,0.061817446676319,0.06252317091427838,0.06849526704046381,0.09758377800082657,0.1087786508200592,0.09687497303660446,0.07683969368758051
2022-05-12 00:00:00+00:00,0.10370345253019725,0.07517312925169807,0.1387451614408531,0.059263700708641384,0.05021820517195037,0.06246894183691405,0.06214178345490746,0.07046615689078324,0.09779500211927519,0.10581655814095772,0.09672604454883403,0.077481863904988
2022-05-13 00:00:00+00:00,0.10341017772995659,0.07482662046110386,0.13886811824581194,0.05948157203980548,0.05008700772795531,0.06220073542930554,0.06195956270292228,0.07094666832957405,0.09893405541993347,0.10551266087872951,0.09644551038993189,0.0773273106449702
2022-05-14 00:00:00+00:00,0.10178007019286711,0.07340501303857397,0.13754674928997476,0.05838477468686326,0.04948183532646174,0.06110761664195951,0.06127809465859009,0.07590672709776781,0.09836422329420075,0.10418085026189995,0.0950916065881067,0.08347243892273432
2022-05-15 00:00:00+00:00,0.10243026541989106,0.07327387226120549,0.1372811722022771,0.058210044833204896,0.049403520009470805,0.060979172603806156,0.06113917894265998,0.07590391125639001,0.09820547803202516,0.10376483181465655,0.09490115854861624,0.08450739407579654
2022-05-16 00:00:00+00:00,0.10370662274731433,0.07198467115076433,0.13572385836946976,0.05730344433141039,0.04871666534241572,0.05973301819785735,0.06031061282825286,0.07850838860502875,0.10405562231000197,0.10221692072797746,0.09336294726887784,0.08437722812062912
2022-05-17 00:00:00+00:00,0.10290986033828796,0.07132985603261006,0.13565045091066422,0.05666567594967743,0.04827167038462099,0.059193221008125484,0.06192194144275691,0.07754014749001278,0.10302090800148085,0.10690027560036561,0.09246094248646416,0.08413505035493356
2022-05-18 00:00:00+00:00,0.10402085423082495,0.07077466828311081,0.13552588228288195,0.05637175292363032,0.048004140348849374,0.05877282233575073,0.0648297930970472,0.07713526772389548,0.1023184907575335,0.10617521036083094,0.09188416971879974,0.08418694793684504
2022-05-19 00:00:00+00:00,0.10393819202120298,0.0632261506143123,0.1350854730716183,0.05019711995196359,0.0429105858202058,0.05910875447115852,0.06678810956864845,0.07715130052611016,0.09134591252574138,0.09507738035231048,0.08207984032456135,0.07516301041090516
2022-05-20 00:00:00+00:00,0.102252932765847,0.06272729715132362,0.13898301363858898,0.04992805574149166,0.04273035339009103,0.05848986901197858,0.07045402798415841,0.07623229325155051,0.09242707876164857,0.09436348689107045,0.08111679663430088,0.07670693143007382
2022-05-21 00:00:00+00:00,0.10255121623686626,0.0625474711420852,0.13857047752792506,0.049764690783542044,0.04258706928224783,0.05877507752961531,0.0702792186208642,0.0760274762151727,0.09250460658462162,0.09535610843243976,0.08079040220178024,0.07644965157328337
2022-05-22 00:00:00+00:00,0.10362921358579208,0.07001182374586878,0.14008718873818934,0.05583937537165473,0.047711359377242114,0.06148555701423472,0.0711230976736866,0.07687430395844884,0.10426400558528458,0.09175928029737558,0.0916165974667912,0.08559819718543156
2022-05-23 00:00:00+00:00,0.10360891239125945,0.06886016703115316,0.13786395326299974,0.055018460920273946,0.04700050177704491,0.07698660794233528,0.06991619103920567,0.0765511880616619,0.10280951424496902,0.08705578810915182,0.09010185939651821,0.08422685582342683
2022-05-24 00:00:00+00:00,0.11046200299687202,0.06884942607528804,0.13807553638452336,0.05354365985886015,0.04699847438608046,0.07766705684172796,0.06990245258721048,0.09250796184775391,0.08695508482809461,0.08725905288135184,0.09051118425254182,0.07726810705969527
2022-05-25 00:00:00+00:00,0.11193393763657365,0.06805353673046766,0.13660138202955877,0.05269189212337571,0.046460121176794544,0.08056406811768414,0.06937291443052089,0.09171480988440331,0.0849874592740323,0.09156446932970684,0.08967480387414689,0.07638060539273518
2022-05-26 00:00:00+00:00,0.11181243722966595,0.0674917020077805,0.13587704835598674,0.0522811138782666,0.046084379038957554,0.08132982647352933,0.06884414746743547,0.09479762442185326,0.08435334492771572,0.09242998024011748,0.08892510809482088,0.07577328786387047
2022-05-27 00:00:00+00:00,0.11143993474636925,0.06722321751461757,0.1373781641530826,0.0525333612588202,0.045963921680957455,0.08078252157367702,0.06879527836460277,0.09474471365911893,0.08404004217301468,0.09142160791157136,0.08899355576168247,0.07668368120248567
2022-05-28 00:00:00+00:00,0.11554931052463183,0.06935741290575567,0.1417234304071569,0.052740081890697774,0.04745225889128475,0.08008202512445588,0.07100202255680654,0.08872639702076755,0.08397247007415762,0.08116951429227683,0.09203795288306638,0.07618712342894225
2022-05-29 00:00:00+00:00,0.1197904769030163,0.06982660435318189,0.14287085522939447,0.0530965460282897,0.04778456709469529,0.08024064455555702,0.07153325557784836,0.08940623576093942,0.08383613696869024,0.07448171345186053,0.09272710525901733,0.07440585881750944
2022-05-30 00:00:00+00:00,0.1298798507382676,0.06924470671171011,0.1426763626964259,0.052652530109897545,0.04742237398479113,0.07695787367169521,0.070991735071433,0.08879545875923078,0.08247214522789635,0.07399295417119083,0.09203516541956923,0.07287884343789235
2022-05-31 00:00:00+00:00,0.13243818978488858,0.06839751272775403,0.14705653387069886,0.053877804984010444,0.04810737246096228,0.07889267249913585,0.07208710877527762,0.0781479733635105,0.08355792556577883,0.06806419944657861,0.09507720493521042,0.07429550158619401
2022-06-01 00:00:00+00:00,0.1254351540969824,0.06876085983941661,0.1532003616808659,0.0542762135101879,0.04832351048861529,0.07758143016385415,0.0705936394246498,0.07895353784819159,0.08445570201367691,0.0682506051586682,0.09532956370178844,0.07483942207310286
2022-06-02 00:00:00+00:00,0.12490549325772358,0.06927627146514681,0.15524895105038614,0.05466601588390125,0.04852838437078414,0.07792680960479538,0.07071524659340704,0.0786364542334346,0.08348914521379408,0.06817017433556866,0.0956739006622004,0.07276315332885788
2022-06-03 00:00:00+00:00,0.13618452420018023,0.06841427242806516,0.15634626687387243,0.05406049139676088,0.04822989762886442,0.07698257005555163,0.06850473472930099,0.07798226544005336,0.0828406920891239,0.06360123723249818,0.09441443374883095,0.07243861417689783
2022-06-04 00:00:00+00:00,0.11621981543551546,0.07047578079420248,0.16079168553469234,0.055711287700110426,0.04971606937774186,0.07955842245287899,0.06702180267398543,0.08120363415260799,0.08566245185798861,0.06184644297531272,0.09727865563674752,0.07451395140821634
2022-06-05 00:00:00+00:00,0.11493836803360966,0.07054359538669927,0.15966384164463335,0.056015062149115,0.05203477130503503,0.08042253173776133,0.06468879193821803,0.08166622514002199,0.08629208001104534,0.061996000508925724,0.09735087985332158,0.07438785229161386
2022-06-06 00:00:00+00:00,0.10903115211991155,0.0685580498411413,0.16337145745156106,0.05514402333695627,0.0527741980546434,0.08435092641615613,0.06395570950399154,0.08860621599249402,0.08482065703317404,0.060370148202649805,0.09479692480015826,0.0742205372471627
2022-06-07 00:00:00+00:00,0.1111072340878231,0.06908311526388064,0.15801556654897864,0.054968555129094626,0.05374291116603162,0.08554308487664035,0.06468827465778804,0.08973320189178716,0.08259097921297158,0.05847925541266665,0.09635986420619347,0.07568795754614417
2022-06-08 00:00:00+00:00,0.10371467596057082,0.06869286078086383,0.1615168379406958,0.05543292461373912,0.054174253850878866,0.08797461816384264,0.06419481780625501,0.09053663893872722,0.08134297452615073,0.05891822600597408,0.09702028246457375,0.07648088894772813
2022-06-09 00:00:00+00:00,0.10374898546729691,0.0686376181682962,0.16205508548374833,0.0553809058556355,0.05418062109704913,0.08800120444364334,0.06423411029848172,0.09045724769086527,0.08130187280281836,0.05885475788270823,0.09663940635667377,0.0765081844527831
2022-06-10 00:00:00+00:00,0.10368817057942516,0.06861856994093642,0.16273872298437736,0.055311525307381114,0.05418190222665186,0.08801859679938957,0.06423897045171946,0.09043449672335395,0.08103422062823962,0.05884567416983134,0.09657328352705238,0.07631586666164168
2022-06-11 00:00:00+00:00,0.10386522240240698,0.07309675567400212,0.16420748138662494,0.05502460360652847,0.05442420146933429,0.08813366022545785,0.06727613216067932,0.07956228747171293,0.08226497230181401,0.058093152888874226,0.09810404016092227,0.07594749025164263
2022-06-12 00:00:00+00:00,0.10377944484821144,0.0741036850574328,0.17053110442046004,0.05728597573940121,0.056667905500008046,0.09238734003295952,0.06603174407863731,0.07368935400497369,0.07931192545363663,0.060118304376414626,0.0865730735100247,0.0795201429778401
2022-06-13 00:00:00+00:00,0.0941443436480827,0.07578040892400272,0.17801978250174177,0.05978247949262404,0.05903686859089717,0.0959095272430902,0.06664256406205452,0.06943654399516971,0.07472770779826747,0.060903269630417166,0.08335195267436037,0.08226455143929223
2022-06-14 00:00:00+00:00,0.09464945602906667,0.07206352569685423,0.17934816151020228,0.061763296831988695,0.060200568966853454,0.09900912342624965,0.06846134745088374,0.07088031283026414,0.06592440410715229,0.06273125923783837,0.07978567070649087,0.08518287320615564
2022-06-15 00:00:00+00:00,0.08869697028685247,0.07264156859707517,0.18268895223197343,0.06280646542157138,0.061273619289993336,0.10058134765009082,0.06951137830384926,0.06894326028262646,0.06690615704981107,0.06391453401371099,0.07842877547375968,0.08360697139868604
2022-06-16 00:00:00+00:00,0.08994367952440002,0.07192068663480121,0.18573865986972518,0.062595533593195,0.061833985463176276,0.0971963664379535,0.0688214553002711,0.06896173531350207,0.06699528373029257,0.06462721819852164,0.07742442743814379,0.08394096849601757
2022-06-17 00:00:00+00:00,0.09123680728876024,0.07235502142712436,0.18671414222502997,0.061611152494751645,0.06238634699747796,0.0953700500404854,0.06992691755798053,0.06907728006959196,0.0633263421099016,0.06512728434875822,0.07938257067199365,0.08348608476814443
2022-06-18 00:00:00+00:00,0.08978782976575364,0.0711019353481579,0.18912477531559405,0.06262950578928414,0.06137037855857674,0.09458366470115205,0.06889247175072881,0.06857072316323591,0.06377723392798744,0.06409124055931838,0.07930514354749064,0.08676509757272034
2022-06-19 00:00:00+00:00,0.09017897710352614,0.07138924111274704,0.1891097163120293,0.06304546211220403,0.061581543269203405,0.09445059866448922,0.06932348869643733,0.0690750338679231,0.06082582914407255,0.06427300827091956,0.07982052138601063,0.08692658006043791
2022-06-20 00:00:00+00:00,0.09081046256678786,0.0713088515280844,0.19122320224585596,0.06320055262927766,0.06133178208518465,0.09473873595642071,0.06983277887266166,0.06902503158546515,0.05942129472236344,0.06416364436284239,0.07839996213760633,0.08654370130744982
2022-06-21 00:00:00+00:00,0.09088509124428192,0.07129657238598042,0.19337693794335897,0.06335441787531275,0.06132262550775923,0.09476005164577567,0.0691687924367389,0.0686604562814114,0.05930567428572036,0.06286369602257752,0.07876454362163335,0.08624114074944961
2022-06-22 00:00:00+00:00,0.09097751974002231,0.07132116277764694,0.1936368046093161,0.06346600511098645,0.061038357126346254,0.0949210275549677,0.06918114267622345,0.06879970839356568,0.059349064161804084,0.06257837342676253,0.07879221316677612,0.08593862125558221
2022-06-23 00:00:00+00:00,0.08982670660826318,0.07155955166092566,0.19425321239787918,0.06365794024844652,0.06112915153921007,0.09513992005807118,0.06869408836951184,0.06897146280027974,0.059259045543050705,0.0621633361817581,0.07907955926439868,0.08626602532820508
2022-06-24 00:00:00+00:00,0.08722532942857289,0.07221762839725927,0.195910545516314,0.06430051024156218,0.06183494674702664,0.09589705087125275,0.06558694683631562,0.0695013922574768,0.057994033707738986,0.06271533841584295,0.07950471829101509,0.08731155928962282
2022-06-25 00:00:00+00:00,0.08836584630497374,0.06874771565981763,0.19996308715295644,0.06433212653926546,0.06188268457533292,0.09633273624903932,0.06379328417214335,0.06943270746525716,0.05797625663582225,0.06213583639684783,0.07961192303234238,0.08742579581620143
2022-06-26 00:00:00+00:00,0.08760332847729749,0.06853747021305825,0.1990478971435839,0.0681022384064785,0.061760837149031876,0.09673809968015015,0.06325744077334663,0.06909461647212686,0.05766689775764806,0.06187127847976158,0.07858542947126171,0.08773446597625495
2022-06-27 00:00:00+00:00,0.08799658466249584,0.06878985454835537,0.19983772434579639,0.06730119551875613,0.061707526381421865,0.09719922417185686,0.0634107244422461,0.06739652551300829,0.05786562647509078,0.06150283027486572,0.07902130159361753,0.08797088207248902
2022-06-28 00:00:00+00:00,0.08786647805379229,0.06871862960893316,0.2007256584854413,0.06716694390776376,0.061619022443177754,0.0971554239532543,0.06329654526949612,0.06727120976101861,0.05780755639297426,0.06142909157185238,0.07917826155270358,0.08776517899959255
2022-06-29 00:00:00+00:00,0.08782726314659704,0.06847013246525648,0.20062306702349644,0.06636499759589064,0.06146813873361398,0.09738043733622219,0.06295824649502466,0.06733817038347835,0.057915382333620084,0.06207137729246696,0.07912428372468473,0.08845850346964845
2022-06-30 00:00:00+00:00,0.08733773135654052,0.06754572748085783,0.19978369884409136,0.07266948227954556,0.06040271496448376,0.0977876551374215,0.06279627803320743,0.06547892144582025,0.05731960967663992,0.061529625786954575,0.07814126874519696,0.0892072862492403
2022-07-01 00:00:00+00:00,0.08717476584462873,0.06728511706654879,0.20048410568946584,0.07448213047979657,0.06012216351699682,0.09842304820718036,0.0618186695811292,0.0651264145675938,0.05708539657757796,0.06111937166566297,0.07805293423920551,0.08882588256421375
2022-07-02 00:00:00+00:00,0.08748362714383152,0.06735047834930154,0.2013124210031581,0.07298206938030563,0.060346919262282334,0.09784051195449418,0.06167832520339035,0.06487446568483028,0.05727631896462829,0.061289265933334655,0.07848238486297993,0.08908321225746332
2022-07-03 00:00:00+00:00,0.08749953317548172,0.06737497685348233,0.20149883346232778,0.07292664740969164,0.06037870558653782,0.09775965121116337,0.061532390819599304,0.06491130668819232,0.05712853896552002,0.06132714675101172,0.07852700295706033,0.08913526611993165
2022-07-04 00:00:00+00:00,0.08753103748933731,0.0670186170997706,0.20086362341603897,0.07415599651613894,0.060078890640006974,0.09846553990480375,0.06242467490396888,0.06342595756023779,0.0568926731619085,0.05967485736179237,0.07925563762918636,0.09021249431680951
2022-07-05 00:00:00+00:00,0.08697732315009613,0.06707233304659509,0.19560284044006926,0.07534864326909406,0.06106238403301988,0.09808526374472915,0.06110056600188407,0.06434241800345698,0.05679357301816503,0.05979364498407008,0.08038666391743124,0.09343434639138891
2022-07-06 00:00:00+00:00,0.08058716481116046,0.06853307340041155,0.19927295366274855,0.07481131000657226,0.062367301867401734,0.1000475241758177,0.06232650675617249,0.0643249761168972,0.057353190734111374,0.05950853454570219,0.07543370034051884,0.09543376358248566
2022-07-07 00:00:00+00:00,0.08175429604359964,0.0694322725107417,0.18777763507533243,0.07601216690187997,0.06320313051214174,0.1015054945136314,0.06312986070482055,0.06510840916221089,0.058069054697455304,0.06032630609916879,0.07619331413724123,0.09748805964177638
2022-07-08 00:00:00+00:00,0.08219590302228619,0.06970942178408311,0.18774935748508464,0.07608935335062003,0.06349746619287998,0.10121898400226331,0.06325066766454217,0.06546570373674264,0.05717689035388696,0.06054143136900494,0.07516177451241836,0.09794304652618767
2022-07-09 00:00:00+00:00,0.07568396983067315,0.07475352733154171,0.19771816881266557,0.07237905754034285,0.08922045673124676,0.10007567530741296,0.058173594498396014,0.059740948513410524,0.05068596489958983,0.05526038526074366,0.0712377766206542,0.09507047465332268
2022-07-10 00:00:00+00:00,0.07412334242519111,0.0766400971863544,0.19468959106628758,0.07089967087755013,0.10437783395943023,0.09821145958991487,0.057086013522663105,0.05843491934219516,0.04929703676979541,0.05407021969853403,0.06905905027827947,0.09311076528380445
2022-07-11 00:00:00+00:00,0.0743236349097024,0.07915890221878599,0.17969019095829275,0.07147685653290729,0.11442524486739881,0.10223141646269207,0.05761028355545656,0.05775851299252048,0.04818708284556095,0.05397670436409978,0.0679977254836202,0.09316344480896264
2022-07-12 00:00:00+00:00,0.07695018552816556,0.08337517676000417,0.17243284061589334,0.07346350109446803,0.0978893854402551,0.09723937267451797,0.061371828088755645,0.05931282221564203,0.05164840974762174,0.05742671083537886,0.0710883829282968,0.0978013840710007
2022-07-13 00:00:00+00:00,0.0773388913238423,0.08463676458909591,0.17091827773902182,0.07346389334196371,0.09767327989083284,0.09566874025061156,0.06172230253203833,0.05935035727810756,0.05223113299709986,0.057568742358289716,0.07137765645564836,0.09804996124344809
2022-07-14 00:00:00+00:00,0.07716137998054393,0.08643342514757542,0.15575963642697063,0.07637236636332909,0.09973511193544517,0.0953534540441342,0.060857594696559866,0.060983545722709406,0.05465366043276171,0.05929037358437788,0.07314881496192104,0.1002506367036718
2022-07-15 00:00:00+00:00,0.07731304143543016,0.0863941310981756,0.15623839190706187,0.07619076975673701,0.09985341392641663,0.09648996480359585,0.060851370456241255,0.06066278879333297,0.053444665168600386,0.05929950255686333,0.07287070589442504,0.10039125420311983
2022-07-16 00:00:00+00:00,0.07724480211196735,0.08640955641661646,0.15623110644649324,0.0764568852735597,0.09985742366743894,0.0967316762348583,0.06079108034402198,0.06057004583334986,0.05334576187664579,0.05920570505208069,0.07276915102457696,0.10038680571839063
2022-07-17 00:00:00+00:00,0.07525093750882128,0.08828597427550058,0.1455900130615152,0.07770070836504622,0.10198903362571402,0.09856174539834361,0.06106210994593288,0.06174318094440797,0.054415026761744256,0.06035888803834281,0.0744576993750449,0.10058468269958626
2022-07-18 00:00:00+00:00,0.07468170405767649,0.08857806759663645,0.14516990343644678,0.0780428904629038,0.10239007100768203,0.09990052746977975,0.060966172271118065,0.061723768812185824,0.05436458131467754,0.05993722885844901,0.07460513540429335,0.09963994930815091
2022-07-19 00:00:00+00:00,0.06897862221572953,0.09504388490942765,0.13278697638697123,0.08119945718264963,0.11034672298422411,0.10636929741865281,0.06238845145255909,0.0617366944515605,0.05298242346678161,0.05730891291203794,0.07846168745591539,0.09239686916349038
2022-07-20 00:00:00+00:00,0.06898200744316345,0.09600001883318651,0.133099054661704,0.08188900870322484,0.11081889091609873,0.10746657287167737,0.06293544404112296,0.06214321954165511,0.053399025487840944,0.05179966112088433,0.07911927953807886,0.0923478168413628
2022-07-21 00:00:00+00:00,0.06738308854338924,0.09801207440380885,0.1273237755143729,0.08244504426019499,0.11305243121194615,0.10937885142907999,0.06366888102924698,0.06159865217935811,0.0539726644364857,0.0522166346341234,0.08072906858045305,0.09021883377754071
2022-07-22 00:00:00+00:00,0.06739190571622962,0.09808409077759264,0.12729866816648114,0.08226095991419109,0.1131253728060428,0.10948293619387948,0.06358099503867261,0.06166317053141177,0.05370705767236804,0.05246726860514035,0.08068925764556678,0.09024831693242359
2022-07-23 00:00:00+00:00,0.0662851801775474,0.09756552791285289,0.1265164607240481,0.08393089751325518,0.11243135186894457,0.10873963535889329,0.06254554577410645,0.061287207856411945,0.054754853517351904,0.051979855768165814,0.08007688247234603,0.09388660105607645
2022-07-24 00:00:00+00:00,0.06636823367766503,0.09773291377418782,0.12672642437968873,0.08452673783408488,0.11258869756509118,0.1083253631120256,0.06264982997788777,0.05995111012915632,0.05507621906050399,0.05172040764688159,0.08022093128568847,0.09411313155713853
2022-07-25 00:00:00+00:00,0.06633416031466102,0.09786404521209598,0.12689304984840188,0.08467608894642481,0.11267053623487372,0.10840013590735215,0.06273105038394342,0.059523024001921034,0.05515146909660649,0.05164517063154776,0.08004949620071906,0.09406177322145262
2022-07-26 00:00:00+00:00,0.06536551702667463,0.09833890484180674,0.12602890085190238,0.08619853665185634,0.11447071324737054,0.10921139211696411,0.06086361637494781,0.058875905644993384,0.05514107710215391,0.05071677675660179,0.08001475102789675,0.09477390835683158
2022-07-27 00:00:00+00:00,0.06459460393832991,0.09721376351547671,0.12449053802556738,0.08795106552581504,0.11327035143636914,0.11191676942239495,0.05995409641701209,0.05884114170748066,0.05477520176509613,0.051522464954299296,0.07872859646416093,0.09674140682799774
2022-07-28 00:00:00+00:00,0.06496319037163839,0.09772979044161513,0.12096141943709442,0.08805396392010453,0.11326086998195206,0.11297824307588114,0.05843315936406503,0.05917829226160372,0.054489147630561716,0.052073905549150167,0.07840259395082431,0.09947542401550948
2022-07-29 00:00:00+00:00,0.06439143436752688,0.09728596723261601,0.12057962714172843,0.08793716895140814,0.11310084416783615,0.1160645734871831,0.058201832368615695,0.05905794002564197,0.05450768654152466,0.05194589286222907,0.07716266501868224,0.09976436783500751
2022-07-30 00:00:00+00:00,0.06397090673303911,0.09940389440780703,0.11870721972120543,0.08726057113711634,0.11432062375996291,0.1161844552510392,0.05795697225368074,0.0605469383534418,0.05442311448501502,0.05292957472590209,0.07658734822553896,0.09770838094625126
2022-07-31 00:00:00+00:00,0.06376008166326519,0.09819189875918692,0.11797412986865728,0.08698718750911719,0.11414254694006046,0.11940474918432506,0.05824738673610859,0.060381467687336286,0.054223784639910275,0.05278884232122769,0.07637478111569895,0.09752314357510625
2022-08-01 00:00:00+00:00,0.06337672504499335,0.09761951992483302,0.11725541887499309,0.08617040594046808,0.11484139086456459,0.11970442556249715,0.05803005145206056,0.0598682835031577,0.05436377752237825,0.0526345384083976,0.07608333120387588,0.1000521316977806
2022-08-02 00:00:00+00:00,0.06332410301558515,0.0975339064115637,0.11705065594628324,0.08564792837175449,0.11478606955107,0.11987672539935262,0.05837899950888009,0.05971066078262837,0.054187347844224944,0.0534907299385849,0.07596097120044126,0.10005190202963118
2022-08-03 00:00:00+00:00,0.06458180302617753,0.09734063403736527,0.11689664883766268,0.08522362594904602,0.1142674727686753,0.11938752740655309,0.059163385294527734,0.05937824370351666,0.05395135540885686,0.054355137180969924,0.0756435862588681,0.09981058012778103
2022-08-04 00:00:00+00:00,0.06431152357998789,0.09716730177958034,0.11638668513568107,0.08510844745026583,0.11414547652085218,0.11906108250430458,0.06024412303963443,0.05934194137099968,0.05393809185464811,0.05420439273124503,0.07548190811155317,0.1006090259212477
2022-08-05 00:00:00+00:00,0.06457237128213926,0.09736511293279902,0.11584011288021163,0.08528596868909613,0.11417457029209317,0.1191831996895167,0.060384483979591654,0.059353249548960416,0.0540140187386678,0.05376835875538838,0.07536886300582964,0.10068969020570623
2022-08-06 00:00:00+00:00,0.06407885952605825,0.09769147845681149,0.1184859967103559,0.08555752813742772,0.11360177276624382,0.11887524989198688,0.06006381610824065,0.05904277929965113,0.054439307740870115,0.05458570008255934,0.07457672687928527,0.09900078440050945
2022-08-07 00:00:00+00:00,0.06477889941837706,0.0986658024924221,0.11832630648526421,0.08511323656796645,0.11332722276162736,0.1186033614110157,0.06026718258273361,0.058801546786365545,0.05475544237258673,0.05430842434048683,0.07428644563458334,0.09876612914657117
2022-08-08 00:00:00+00:00,0.06485359244146979,0.09888408039779019,0.11841491832915488,0.0852794206346589,0.11351781289300786,0.11850556373666211,0.06018681216334959,0.058845205742915546,0.05480044784151849,0.05440293740544408,0.07450356809173565,0.09780564032229287
2022-08-09 00:00:00+00:00,0.06487660307266066,0.09907783213885847,0.11870417542659487,0.08467395233220056,0.11374740588942805,0.11751424992711172,0.06030782627419398,0.058963286153128125,0.055071923606864914,0.05449852446844232,0.07457898374419705,0.09798523696631915
2022-08-10 00:00:00+00:00,0.06471470707928458,0.0972803719554404,0.11884377723904695,0.08528081379182144,0.11484120749846373,0.11408574640630642,0.060640159328870825,0.06075794958540402,0.054922154888641245,0.054933897765463494,0.07479008959002012,0.09890912487123678
2022-08-11 00:00:00+00:00,0.0640947173238715,0.10177396377889045,0.11654266449942106,0.08346966503605678,0.11469367472699506,0.11151180266930069,0.06103068884159553,0.06268112433397968,0.05462301495357243,0.053600515106720155,0.07902654042224008,0.09695162830735647
2022-08-12 00:00:00+00:00,0.06526544615869023,0.10311178769924913,0.11296925587472183,0.08162071205360856,0.11427199146391626,0.11014491478698239,0.061767692558348755,0.06512702469876451,0.05474078734697321,0.05296575623883846,0.0826107902661017,0.09540384085380499
2022-08-13 00:00:00+00:00,0.06299846001598003,0.11801285359688957,0.10927557308715616,0.07857956728450281,0.11547912257148335,0.1064047595956762,0.05975480436601522,0.06352395293452164,0.056850231434345457,0.05104121554743599,0.08637498347089341,0.09170447609510002
2022-08-14 00:00:00+00:00,0.06410341631455879,0.11839179378673123,0.10806925957479525,0.07796329103878209,0.11440438813844195,0.10513508193413322,0.05927001008934163,0.0645354165811242,0.05533875876394655,0.050552280252032844,0.08748602041088924,0.09475028311522286
2022-08-15 00:00:00+00:00,0.06307669229622694,0.12310791415162875,0.10629141462509521,0.07895400863835128,0.10886062756798977,0.10860446169478034,0.05926102180013635,0.06407004773507831,0.05476155153032663,0.049873002090837615,0.08838178151467642,0.09475747635487253
2022-08-16 00:00:00+00:00,0.06156611789035797,0.12570451295425145,0.10383355924921624,0.08119179927461216,0.10798988240404445,0.11152787759465424,0.05777020564902504,0.06348210609447395,0.055728973819837664,0.048785787759609026,0.08777014035380308,0.09464903695611455
2022-08-17 00:00:00+00:00,0.06192965228348423,0.1265555608687337,0.10438539029679675,0.08171512161328334,0.10237150445260347,0.11222808346344007,0.0579773850985572,0.06387848861009209,0.05634591969047191,0.04917982180395065,0.08840270213095337,0.09503036968763333
2022-08-18 00:00:00+00:00,0.06165496753820484,0.12747412738035577,0.10353854275808232,0.08083759072868259,0.1012370494740401,0.11344085390117796,0.057343167867552385,0.06378813908275079,0.05894237411610136,0.048959521828092635,0.08812612900551975,0.0946575363194394
2022-08-19 00:00:00+00:00,0.06133536419329957,0.12806077454732984,0.1026605751355603,0.08049292141605809,0.101643225940168,0.11298769589792965,0.05677839533360099,0.06358681656708681,0.06006590841066632,0.048729159012512235,0.08920095889411699,0.09445820465167114
2022-08-20 00:00:00+00:00,0.06135663031999651,0.12917290908041487,0.10222195950393216,0.08121067670641631,0.1007593773217114,0.11381223255363525,0.057486838529705174,0.058403313729645114,0.06056028999611019,0.04957731977909443,0.08982167825884678,0.0956167742204918
2022-08-21 00:00:00+00:00,0.061235456660412524,0.12889808229251237,0.10188063443384444,0.08102101234998801,0.10181363242126769,0.11367697164846012,0.057377037223796286,0.058279297623173645,0.06046868540867592,0.04969463198698972,0.08958752812332299,0.09606702982755609
2022-08-22 00:00:00+00:00,0.061570748517419144,0.12893458626743767,0.10153229873812529,0.08099072220045653,0.10233277853980258,0.11364728579887297,0.05760602806264772,0.05783622375499718,0.06050940946619943,0.049791096996022556,0.08946944801603623,0.09577937364198258
2022-08-23 00:00:00+00:00,0.062062410337149265,0.12845549824409935,0.10083580545231827,0.0805489373665538,0.10149438107923818,0.11304041828613108,0.060150379094738096,0.05745772285104723,0.062386140109011584,0.04953420159605203,0.08902629695486669,0.09500780862879454
2022-08-24 00:00:00+00:00,0.0606210848031826,0.14998776767182048,0.09810313610133177,0.07838766639992362,0.09897528474902872,0.11011010310257273,0.060421768015162386,0.055411181383714904,0.06074458700329009,0.04842034557624796,0.0864848235935279,0.0923322516001969
2022-08-25 00:00:00+00:00,0.06058298517085737,0.14967430783786156,0.09800385114514516,0.07834096521178027,0.09901181153036596,0.10994832079692683,0.06037617604067808,0.055311368836744944,0.06072332729670896,0.0484432228819259,0.08690660097833562,0.09267706227266931
2022-08-26 00:00:00+00:00,0.060309358157064,0.14901646332955068,0.09753135204497951,0.08012805614427265,0.09907566608384702,0.10965810712582423,0.06018659410901662,0.05605837785676035,0.060438863227162486,0.04854874971848586,0.08662366324655302,0.09242474895648334
2022-08-27 00:00:00+00:00,0.05654103333701617,0.15062112924919105,0.09859030628895354,0.0797750734165296,0.10014920803501323,0.10996195705296993,0.060699859077107565,0.05687170795705508,0.061305205122737245,0.0484009158574221,0.08713292162682439,0.08995068297918017
2022-08-28 00:00:00+00:00,0.05598369772570891,0.15394473277527668,0.09755019274478062,0.08341690605887166,0.09980933631364876,0.10907377675102194,0.06072162940353759,0.05548657759316139,0.06056608000726226,0.04788306940471586,0.08648786899267955,0.08907613222933504
2022-08-29 00:00:00+00:00,0.055685549167699036,0.15362276830129562,0.09772698950966069,0.08509985323334841,0.100747133815487,0.10837560128795225,0.060562877925168915,0.0555919086907568,0.06068619357586821,0.04790165595470347,0.08658785229360592,0.08741161624445358
2022-08-30 00:00:00+00:00,0.055280464380128645,0.15601583288276963,0.09765669489862538,0.08203445934597108,0.09981990477989001,0.11041036106820044,0.06281368826379084,0.0555292936919759,0.06197960861894145,0.04766457489422786,0.08826646952872373,0.0825286476467551
2022-08-31 00:00:00+00:00,0.0550692529368033,0.15947892171410896,0.0972567900549319,0.08443258686118216,0.09526036963549289,0.11087565984875776,0.06347433298468197,0.05582276995451852,0.06183088721340982,0.047510106022345816,0.086970417004093,0.08201790576967398
2022-09-01 00:00:00+00:00,0.05507457481745912,0.1594573268110694,0.09728660948622421,0.08453300598657265,0.09523943615790363,0.11073833859247939,0.06353908601513163,0.055509046874151015,0.062048877093526744,0.047510028108316865,0.087000714872101,0.08206295518506425
2022-09-02 00:00:00+00:00,0.055096983430758285,0.15983954562158145,0.09733197007955946,0.08447172093057936,0.09447550155713415,0.11063890505833293,0.06379099864475477,0.05616741088740881,0.06203107659434087,0.04835360065926333,0.08577763147515466,0.08202465506113185
2022-09-03 00:00:00+00:00,0.05520956733672652,0.15981741924233855,0.09770765167394214,0.08409451210123442,0.09396510653845776,0.11059058446820585,0.06611097506137828,0.05619585241677345,0.0621479796444223,0.048282736049069276,0.08400108544579182,0.08187653002165954
2022-09-04 00:00:00+00:00,0.05710810767130654,0.15773392033094782,0.09641623079153393,0.08601067561116071,0.09037565700429773,0.10852648681452387,0.06525199338771157,0.05618608219235316,0.06222892135320989,0.04850257346170308,0.09093092456851001,0.08072842681274171
2022-09-05 00:00:00+00:00,0.05690400335388054,0.1577181039291657,0.09828395549732298,0.08583711603769761,0.09018637960817016,0.10766622953576153,0.06525385101555188,0.05611629525540983,0.06217175709363092,0.048364533136996374,0.09098831995814016,0.08050945557827247
2022-09-06 00:00:00+00:00,0.05679434531321169,0.15364754223575736,0.0982943785950091,0.08629283138786939,0.0900143570771019,0.10810182153847611,0.06555698638691523,0.05604105595209893,0.06368849726659373,0.048283236209164505,0.09296959728904955,0.08031535074875248
2022-09-07 00:00:00+00:00,0.05635294833552534,0.15498812598000908,0.09705834671154305,0.08590380783811297,0.09046363346584843,0.10904766313094155,0.06503482292281376,0.054570911345509746,0.06624614627107588,0.04764775545409035,0.0930234906358643,0.07966234790866566
2022-09-08 00:00:00+00:00,0.05687997322104629,0.15443635262578334,0.09755346900253974,0.08364162312036075,0.09136954863341035,0.11042652461877991,0.06427685303105454,0.0547897788526687,0.06702191276928864,0.048193165127895884,0.0956653740057799,0.07574542499139192
2022-09-09 00:00:00+00:00,0.056415129636643635,0.15325538835091942,0.09985677436305775,0.08295032447795794,0.09086608661295333,0.10975254224201997,0.06398327766198733,0.05392431134589568,0.06804977616657776,0.047868641765821986,0.09725528370372065,0.07582246367244459
2022-09-10 00:00:00+00:00,0.05357504632999189,0.15553115914346116,0.09605058070386642,0.081555325338626,0.10250131534934898,0.12364395438061641,0.059926085424681974,0.05155192845510531,0.0634380008431932,0.044515237138492904,0.09606690128441489,0.07164446560820091
2022-09-11 00:00:00+00:00,0.05242070718270303,0.15330830727896286,0.09455909873493017,0.08229268607433854,0.10291024770189869,0.13290837029136363,0.05900231203237423,0.0510160160163079,0.061876324854458174,0.043638705688820105,0.09585524645907309,0.07021197768476958
2022-09-12 00:00:00+00:00,0.051269094701476566,0.1602090508862472,0.09571412710329331,0.07886001537396642,0.10043049687663769,0.14134631986612742,0.06009013876715637,0.04884984810409834,0.05873813430624869,0.04193839933648491,0.09483474210565578,0.06771963257260717
2022-09-13 00:00:00+00:00,0.0508742595312446,0.16110295940130648,0.09487183028482371,0.0788021511199363,0.09999827533875676,0.14051580918426676,0.059425209038092355,0.04881116192098316,0.06118604819326867,0.04175290221748531,0.09524939481644729,0.06740999895338867
2022-09-14 00:00:00+00:00,0.05109180250397957,0.16180746004634755,0.09465418531113047,0.07899529258456779,0.0997425924468834,0.1409830747399204,0.05844591950801055,0.04873427651408745,0.06126895459418556,0.04166986862107851,0.09559785071801445,0.0670087224117943
2022-09-15 00:00:00+00:00,0.05208688561007203,0.16047310129017983,0.09925973016219056,0.07882125572279902,0.09842628132050961,0.14009124811362225,0.05938646954915636,0.048102682222136706,0.06075005569706814,0.041212288731222464,0.09446913917098088,0.0669208624100624
2022-09-16 00:00:00+00:00,0.05256802896560632,0.16023064307820292,0.09638278961009442,0.07906895432142266,0.0982348726541886,0.14109045688907476,0.059596507523695275,0.04720502116686682,0.061101184485199925,0.04157844421609783,0.09507344228073734,0.06786965480881306
2022-09-17 00:00:00+00:00,0.05669155874792634,0.14835707137645818,0.10288815241056637,0.0769011825851297,0.08914547692430078,0.13269547041119364,0.05990797270723821,0.04696197730787575,0.07849494289198072,0.04199326645123689,0.09465623876580138,0.07130668942029189
2022-09-18 00:00:00+00:00,0.05706325131559452,0.14602626075942846,0.10157198136248966,0.07641290166017231,0.0890404629946852,0.13101901832502474,0.05946348727806682,0.046470159940205265,0.07783904926475321,0.05009608547087736,0.09374763787535108,0.07124970375335131
2022-09-19 00:00:00+00:00,0.060084801996761444,0.140169162835221,0.10887824817299405,0.0750486826217449,0.08551089232617767,0.12975978736394728,0.0585542536308677,0.043411036079257746,0.07880005160406903,0.05294007404496087,0.09200811523435731,0.07483489408964103
2022-09-20 00:00:00+00:00,0.05733747396011879,0.14012800239486417,0.10934652471141171,0.07547382408007673,0.08451836598001357,0.12838766992130854,0.05790576270771748,0.043322242863539376,0.08274714349718942,0.05358841441535086,0.09228242606912124,0.07496214939928822
2022-09-21 00:00:00+00:00,0.057637810374338516,0.13451415891277266,0.1108300944132005,0.07651333150391279,0.08543803435536879,0.12338777394060112,0.058302224887253604,0.04375115170814864,0.08505375050497758,0.055048564998636744,0.09336886134422354,0.07615424305656557
2022-09-22 00:00:00+00:00,0.057957487766197184,0.13611401191311812,0.11302686710932004,0.07792246889586939,0.08692008413208775,0.11361987140491128,0.05706426917583406,0.04636323752122332,0.08677079428686324,0.0573676047592915,0.08956650444199142,0.07730679859329273
2022-09-23 00:00:00+00:00,0.05959875452168753,0.1103578207873282,0.11560710851047029,0.07999157457128024,0.08934576002364433,0.11670536980199106,0.05856343388237733,0.04795454363391665,0.08908706346582297,0.059512307406953166,0.0937750761627155,0.07950118723181242
2022-09-24 00:00:00+00:00,0.06067486894730896,0.10885694509084651,0.11574480913812919,0.07682744266159529,0.08506387122369337,0.11542572427670476,0.06186147596343039,0.047170900026814684,0.09238170840353845,0.06453478052551692,0.09413264042711926,0.07732483331530228
2022-09-25 00:00:00+00:00,0.06057968369485439,0.10853285479263719,0.11572306611961782,0.07653653492968608,0.08492237246213331,0.11578811653858286,0.06212819859167723,0.0471589017052343,0.09216741098717987,0.06445313244424722,0.09499188260314213,0.07701784513100748
2022-09-26 00:00:00+00:00,0.058126527036157866,0.10429040395544614,0.12244857556638084,0.07407781531070114,0.08184488122535305,0.11095702171695267,0.06640998395063696,0.0455794984732243,0.1025801005420353,0.06456394021706367,0.0954283287755616,0.07369292323048658
2022-09-27 00:00:00+00:00,0.058200179670906696,0.10360666136561646,0.12152713373470811,0.07285629642819869,0.08096163555101885,0.10984990599890807,0.06626400546509965,0.04500636232456623,0.10293647530990381,0.0637642999918718,0.10177270957630176,0.07325433458289987
2022-09-28 00:00:00+00:00,0.05796351330596756,0.10278933605656139,0.12640757444895398,0.07012763137788348,0.08038431351831403,0.10927966663182707,0.06583251149800759,0.04486703462537011,0.10194221100150633,0.06335225795730558,0.10243324361587679,0.074620705962426
2022-09-29 00:00:00+00:00,0.05853589551905163,0.10589534040410907,0.1254899035128966,0.0698312244037442,0.08010284779509591,0.10880542563725493,0.06557416848452474,0.04495130371239409,0.10151540840212807,0.06308614729746914,0.10201287561475868,0.07419945921657307
2022-09-30 00:00:00+00:00,0.05878880480945274,0.1044726831068416,0.12558989896249106,0.07097402895950512,0.08001557260221426,0.1087277629291055,0.0656833765205869,0.045193764344667244,0.10136100533389125,0.0632077601367416,0.10188389060314756,0.07410145169135514
2022-10-01 00:00:00+00:00,0.05878523437976808,0.10436034497563125,0.12545499753478065,0.07148898681889462,0.07992778667961034,0.10847494410391138,0.06558354983650554,0.045141501468370135,0.10193346778062726,0.06367098084097314,0.10165300973888483,0.07352519584204265
2022-10-02 00:00:00+00:00,0.05924075228820669,0.10432280217662598,0.12513030232063052,0.07147884787674229,0.07986087597642563,0.10829440553722393,0.06581241887895027,0.04512023678888186,0.10150242700338953,0.06407473839442808,0.10152552614832758,0.07363666661016785
2022-10-03 00:00:00+00:00,0.05946472816047924,0.10348747781372568,0.1293292626053389,0.07112350423084296,0.07945610857592933,0.1074659559376285,0.06546500928490928,0.04482323029185276,0.10126855776691794,0.06391634111007366,0.10080254684588139,0.07339727737642048
2022-10-04 00:00:00+00:00,0.05894894096335497,0.10239523402117914,0.13318573463568634,0.07054077767153993,0.07877066881642032,0.10648480901642939,0.0648775727238975,0.044396654667628765,0.09970596219929784,0.06599413945703843,0.1018426598292887,0.07285684599823858
2022-10-05 00:00:00+00:00,0.05910069585100741,0.10219216097500178,0.12732270089608674,0.07421278795668623,0.07901656108865679,0.10727591021763118,0.06600237185767767,0.0444886462301203,0.09437551221039431,0.06638373818428639,0.10540747348930772,0.07422144104314352
2022-10-06 00:00:00+00:00,0.059318595206197255,0.10253242036883607,0.1274198712168731,0.07461433155239444,0.07558257331672347,0.10759444570283368,0.06834394233835694,0.044708721373955165,0.09296942695646605,0.06721717239614668,0.10611840372256551,0.07358009584865163
2022-10-07 00:00:00+00:00,0.05915754947203534,0.10273929142892105,0.12569264029374283,0.07492235533875911,0.07576285133532142,0.10870867353655454,0.06990476092617375,0.04491714017212569,0.09188942380708395,0.06737679351893087,0.10502562622310233,0.07390289394724912
2022-10-08 00:00:00+00:00,0.058697849807713906,0.10146648952043434,0.12493122460813791,0.07710099194383725,0.07522688429669247,0.11073917797667182,0.06940396957694273,0.04459027454534446,0.09145494758733844,0.06701768443303854,0.10578801427508237,0.07358249142876584
2022-10-09 00:00:00+00:00,0.05765857395387632,0.10889675901935372,0.12163119168665593,0.07545182166554383,0.0733552444406376,0.11813171953117857,0.0675189518727568,0.04372444547034623,0.09012759276748492,0.06544226761873231,0.10616051658564371,0.07190091538779003
2022-10-10 00:00:00+00:00,0.056969817985876685,0.10747460330586373,0.12022483165819921,0.07726350018899106,0.07245410271154083,0.11810687949231373,0.06941432290430324,0.0432077134045721,0.08946966480420494,0.06835494242496583,0.10563359151238369,0.07142602960678499
2022-10-11 00:00:00+00:00,0.057953695704899194,0.10987221421432831,0.11933706513467918,0.0789690490954659,0.07310340212647543,0.10479748082510859,0.07124386754540193,0.043409373238873415,0.09028326032106584,0.07050605787037717,0.10856077018875251,0.07196376373457262
2022-10-12 00:00:00+00:00,0.057657967482066384,0.10961702698958345,0.11958512078804011,0.07891095223274996,0.0727923681099684,0.10450847981857188,0.07161685950914519,0.04287653110382247,0.0902811718858929,0.0706631409736559,0.10894410872729841,0.07254627237920476
2022-10-13 00:00:00+00:00,0.0565763129801845,0.10737211000830825,0.11701183288386668,0.07725629745663394,0.07132582944488086,0.10296982736926952,0.07012096127182209,0.04208994956293752,0.10760957513736896,0.06920290426916788,0.10746802602791834,0.07099637358764144
2022-10-14 00:00:00+00:00,0.05490981835919549,0.1065763934105947,0.11589167099395165,0.07556949788586825,0.07652466271395827,0.10247963134236304,0.06986517017435555,0.04099056407402829,0.11147207758248376,0.06930698322305456,0.10600911718766708,0.07040441305247946
2022-10-15 00:00:00+00:00,0.05440834716634037,0.10547694254193249,0.11476961406122889,0.07470800731990232,0.07647894598280117,0.10155823699905954,0.06914136910974616,0.04057732310244137,0.11807808064646239,0.06951496580734785,0.10592288399468029,0.06936528326805728
2022-10-16 00:00:00+00:00,0.0539312097764167,0.10456899874144376,0.1137615312062011,0.0741486355568347,0.0841194068474532,0.10084287825177514,0.06867948310049599,0.040237576324049534,0.11710657966252187,0.06897971623703544,0.10488657869101768,0.06873740560475489
2022-10-17 00:00:00+00:00,0.05368744993241367,0.10371702048123382,0.11380266081153236,0.07461418486699128,0.08490641377902386,0.10056714359757772,0.06957698294817723,0.039925897035383864,0.11674362124275195,0.06981922993568061,0.10429508905446976,0.06834430631476379
2022-10-18 00:00:00+00:00,0.0531634157630908,0.10332851237954316,0.11422540182816761,0.0745490849764163,0.0856624321049426,0.10166436381869924,0.06996317017338924,0.039670258167587784,0.11546671046032288,0.07022494557095502,0.10364891737165287,0.06843278738523244
2022-10-19 00:00:00+00:00,0.05300945553800362,0.1024716639137102,0.11601877769662923,0.07367304321652583,0.08675042533503978,0.10037146397449498,0.06918847004212236,0.04424666829998227,0.11392830364298738,0.06965125261631976,0.10320650011777126,0.06748397560641341
2022-10-20 00:00:00+00:00,0.05285146783109485,0.10300163158993617,0.11658147270668909,0.07389594364392987,0.08683487471798448,0.10032690700829475,0.06857200526599715,0.04405075841465952,0.11423237883793046,0.06978068804723543,0.10308207840254142,0.06678979353370686
2022-10-21 00:00:00+00:00,0.052955060053469206,0.10324975609952647,0.11705185601390801,0.07320304149536223,0.08686687277431729,0.1006615905571208,0.06865581194280125,0.04426358122632941,0.1136327985863566,0.06983346089780186,0.10310460435447694,0.06652156599852986
2022-10-22 00:00:00+00:00,0.05308010230404098,0.10323783125650786,0.11707165524023788,0.07316067232453038,0.08698785162588109,0.10053075944265953,0.06843862460096663,0.04420034939658963,0.11364914595659913,0.06987555017960602,0.10330727100357405,0.06646018666880678
2022-10-23 00:00:00+00:00,0.05299120085249916,0.1030987422078826,0.11687107484558992,0.07327734694988688,0.0868419790062277,0.10036930448102971,0.06864982626913844,0.04466013583714564,0.11346553710270943,0.07009879280603155,0.10328448327999679,0.06639157636186234
2022-10-24 00:00:00+00:00,0.05308686585136751,0.10418555020024482,0.11731808965065947,0.07368777960904851,0.08752875694628645,0.10094861984582694,0.06920946982773273,0.04502503138514165,0.11323474999681697,0.07039372446456182,0.09854725939582025,0.06683410282649294
2022-10-25 00:00:00+00:00,0.053133992156804956,0.10486502532890714,0.11774883133725594,0.07396702926130862,0.08818248808170186,0.10112533014741316,0.0693199653563423,0.045082221121249134,0.1137580745906575,0.07079821447973007,0.09485546390924511,0.06716336422938417
2022-10-26 00:00:00+00:00,0.06154912854935759,0.10386740461669723,0.11885844099408063,0.07659818244354348,0.08694173951272081,0.08051972257685253,0.06899565953007533,0.04425885196915525,0.11365181264984961,0.07727158654070267,0.09638415531472441,0.07110331530224048
2022-10-27 00:00:00+00:00,0.06422238032573077,0.1084071913266099,0.12329999793795737,0.08049999138722416,0.04686669593766258,0.08434093521130158,0.0721876123123232,0.04721631787334291,0.11834615821053655,0.08033505988065501,0.10026038541208018,0.07401727418457578
2022-10-28 00:00:00+00:00,0.06571226436083889,0.10399748734324672,0.12280530462916724,0.07979253969024806,0.04424486326168545,0.08395996999158638,0.07405634652532847,0.048489742228639346,0.11713670332396954,0.08278385181909258,0.09973334697050423,0.07728757985569325
2022-10-29 00:00:00+00:00,0.0679824964309754,0.09446329913690922,0.12060776646500022,0.08614635651489044,0.041799991748801335,0.07903331880596724,0.0694512625493935,0.04800938486436093,0.10917520811166662,0.10394591717175489,0.0948253969997648,0.08455960120051542
2022-10-30 00:00:00+00:00,0.06892358696967371,0.09512527883148438,0.12067536432567531,0.08763865175765793,0.02947769495175926,0.07961510678755916,0.06996616225481714,0.04834739271884585,0.11001813526900306,0.10631976226543113,0.09954060241345696,0.08435226145463624
2022-10-31 00:00:00+00:00,0.0691164730887612,0.09212660110737853,0.1198041825301476,0.08799047143994178,0.029563163660742076,0.08005344650997645,0.07038329555540067,0.04919008649936859,0.11032443092621234,0.10675715233911715,0.09999058597401593,0.08470011036893749
2022-11-01 00:00:00+00:00,0.06880456057796923,0.09185316227972569,0.11711647198403796,0.08790811150995559,0.02947557635053328,0.07988295818260738,0.06845956325409179,0.04897205403161513,0.11169138445807297,0.10626523069757349,0.10470823854080699,0.08486268813301052
2022-11-02 00:00:00+00:00,0.06809516385001618,0.09079340274853344,0.1157227616795163,0.09021313199466333,0.028983821516373624,0.0789571816153872,0.06761805331330162,0.04838970396461227,0.1098495300038721,0.1051257990382233,0.11236067787837568,0.08389077239712499
2022-11-03 00:00:00+00:00,0.06908257927511204,0.09202725260386975,0.11723797468370485,0.09110952991260395,0.029438740485493033,0.08116708662227884,0.06822740091623944,0.04898214623056005,0.11136298671722089,0.10665905059844581,0.09976069756926288,0.08494455438520841
2022-11-04 00:00:00+00:00,0.06969150403403315,0.0925670110069843,0.11677905575097855,0.09173041366581067,0.029571101440547504,0.08247202830379759,0.06854263268182641,0.04923713137690291,0.10583358377356569,0.10834778838007936,0.10010578123877231,0.08512196834670162
2022-11-05 00:00:00+00:00,0.07331715977740981,0.09934974432176344,0.11638815053072156,0.09026153380061094,0.031102744421529698,0.0866417374510549,0.06966533787913853,0.051198062589539045,0.08940428646080985,0.11562794816944658,0.09897196781559155,0.07807132678238415
2022-11-06 00:00:00+00:00,0.06868259998318235,0.09773387120781048,0.11713260129619678,0.0888131567240152,0.030596714156769636,0.08524567008690913,0.06946327359276404,0.050866669032887314,0.08820659737346848,0.12677316572652553,0.09967323888099756,0.07681244193847349
2022-11-07 00:00:00+00:00,0.0634148433274298,0.09600772170216557,0.1154648081048372,0.09623559810719758,0.029426898466423105,0.08164019876545407,0.07007836614979925,0.04988670672117705,0.08931009438486658,0.1252549427911921,0.09848562939921648,0.08479419208024128
2022-11-08 00:00:00+00:00,0.06203550365612353,0.09643338948193787,0.11595579100214434,0.09805530295407525,0.029519493740164965,0.0819554709902318,0.07046103327887782,0.05098826153137955,0.08821475820406134,0.1257676018666246,0.09893778618102551,0.08167560711335338
2022-11-09 00:00:00+00:00,0.06065158284515948,0.09652246944463773,0.11724105893916993,0.09201133034377756,0.029225971597573962,0.08062605290412345,0.0715036014151495,0.052703407686810366,0.08610748282920537,0.14607296244746745,0.08985951732556637,0.07747456222135882
2022-11-10 00:00:00+00:00,0.041608970360691416,0.1006945482778616,0.11266304296563012,0.09706916989654973,0.031054905398576405,0.07783858065045918,0.06836264876974328,0.047924014859920296,0.088985224923011,0.15632429301046122,0.09483473489315196,0.08263986599394385
2022-11-11 00:00:00+00:00,0.04187272156575626,0.1022045887755026,0.1148209369285088,0.0964076350312344,0.0318867006042724,0.06741216912627827,0.06603895410538978,0.04812517140323354,0.09063025566723941,0.16067746189579432,0.09726024799276187,0.08266315690402846
2022-11-12 00:00:00+00:00,0.0420570421642124,0.10238612795104499,0.11392527801302253,0.09596752131711563,0.03191875722337914,0.0672873194761644,0.06604079259159976,0.048183595568999996,0.09065301483659802,0.1614950434927768,0.09730783030036425,0.08277767706472197
2022-11-13 00:00:00+00:00,0.040221087738737345,0.0978782756591875,0.11015472673117074,0.09207997848371005,0.03056294807305252,0.06394532585588886,0.06509236839743886,0.04630917342555475,0.08665937843413468,0.1945610136717198,0.09324241407160248,0.07929330945780248
2022-11-14 00:00:00+00:00,0.040226415168027836,0.09781738245307858,0.11015620618141378,0.09217620265611248,0.03053889053094699,0.06371459485844018,0.06504869398656121,0.046199586740211906,0.08650347515096245,0.1957504171826097,0.09280414147967231,0.07906399361196267
2022-11-15 00:00:00+00:00,0.03925019033302272,0.09521047465064399,0.11701126645815733,0.09059370686641371,0.02981022654333322,0.062180845965069675,0.06365343517868353,0.04628535199316643,0.08438855298272929,0.20380104539448016,0.09052236921451971,0.07729253441978003
2022-11-16 00:00:00+00:00,0.03891066014156168,0.0958834117529935,0.11779730530362106,0.08973242009482625,0.029558127339887694,0.06158980933415696,0.06304990023554383,0.04601894257783271,0.08363781116288925,0.20756906229506505,0.089604133099539,0.07664841666208297
2022-11-17 00:00:00+00:00,0.03866081661528724,0.09527456871217227,0.1203240970953152,0.08910431879089367,0.02935342218043903,0.06107269105086803,0.06253153834047488,0.046328480361447655,0.0830233450567928,0.2090002675363374,0.08892199442817776,0.07640445983179406
2022-11-18 00:00:00+00:00,0.0360426615580581,0.09050342934947556,0.11377830293855087,0.08633441060112707,0.027455339994150646,0.056717062279662445,0.05920707478247584,0.04851429228058052,0.07857595791294229,0.2505011733268391,0.08085436356907856,0.07151593140705895
2022-11-19 00:00:00+00:00,0.03703782799645294,0.08990737030246163,0.11312712232071993,0.08579784432167648,0.02737654338720461,0.05664496459494984,0.061082246600256386,0.048604486791277365,0.07808169674215445,0.2509345962050804,0.08037830059817812,0.0710270001395878
2022-11-20 00:00:00+00:00,0.03727431432835757,0.09186159119596145,0.1124171512174398,0.08501267848115432,0.027144550450635307,0.057045338492630694,0.06337556065961332,0.048725438602250155,0.07759133815569424,0.24920343081798393,0.08005775449980199,0.07029085309847725
2022-11-21 00:00:00+00:00,0.037385249121601995,0.09184452066480324,0.11099797360579834,0.07767227020532903,0.026895868566714654,0.059374542056792844,0.06864996667164457,0.04844804460045912,0.07703685241652042,0.24894778599417572,0.08697455909500162,0.06577236700115847
2022-11-22 00:00:00+00:00,0.03611222069329331,0.11740594423936745,0.10701142513557309,0.07385593843294995,0.02585750133700337,0.05636586935948662,0.06679152231612909,0.046953027695520705,0.07450248429999046,0.24832879828127982,0.08374902206050062,0.06306624614890567
2022-11-23 00:00:00+00:00,0.0368867767847105,0.10732524470556436,0.10861220095524839,0.07378763026354049,0.026453817093192715,0.05586436509512422,0.06819653956704683,0.04858243104387765,0.07587893948726684,0.25359303098412245,0.08287798997717884,0.061941034043126696
2022-11-24 00:00:00+00:00,0.036914320475855016,0.10775096434317524,0.1049646865253895,0.07391547228887115,0.026497936589365098,0.0559083467744911,0.06831223932718958,0.048759918517162465,0.07623742729567555,0.2567231407548471,0.08186785934560806,0.06214768776237013
2022-11-25 00:00:00+00:00,0.0370550724421246,0.102904323398972,0.10537461313225807,0.07421663266334169,0.02660322801266007,0.05613142196074564,0.06864083684264435,0.04899612362945252,0.07659695368959103,0.2585836821053256,0.08223983671964416,0.06265727540324019
2022-11-26 00:00:00+00:00,0.03703569548797242,0.10219068352630348,0.10520175882973203,0.07468318394730589,0.02653010560989121,0.056038078730888195,0.06858596009793866,0.04897401148309391,0.07653691450602003,0.2600816996642939,0.08159863410244053,0.0625432740141198
2022-11-27 00:00:00+00:00,0.036940779501354756,0.0981987062394003,0.105283582632186,0.0806866730443345,0.026441229650193566,0.05587233257273476,0.06842910855988062,0.04880839379360595,0.07641964924616113,0.25935004585772464,0.08119218342858545,0.06237731547383845
2022-11-28 00:00:00+00:00,0.03693412669792211,0.09812549842092978,0.10606667736049388,0.08060340301825719,0.0264146323253233,0.055815771411730115,0.06834824488134866,0.04882342729169867,0.07634384659223097,0.2590536585197957,0.08106239622380224,0.06240831725646749
2022-11-29 00:00:00+00:00,0.037037877660169964,0.09637165138528903,0.10620103980881161,0.08070752922703534,0.026474973237983753,0.05593726728180387,0.06791300714264793,0.049077440754429005,0.07660444501226364,0.25980416991355837,0.08128049071067286,0.0625901078653346
2022-11-30 00:00:00+00:00,0.03722202951957853,0.09133523141596041,0.10668827362959143,0.08092975889018364,0.026607809668246933,0.056187001290835314,0.06824677817052789,0.04924944394716112,0.07700598557030282,0.26161928457905087,0.08155022474083516,0.0633581785777258
2022-12-01 00:00:00+00:00,0.03763123708424372,0.09239809042986737,0.10791108846501156,0.08168475178517573,0.026919669494561316,0.0567182399413246,0.0649703503037246,0.049766591517464195,0.07106277884333427,0.2646964195319586,0.08218990178240076,0.06405088082093324
2022-12-02 00:00:00+00:00,0.0375195187611561,0.09233042665320786,0.10759707518179826,0.08154051676965152,0.02681272250342313,0.056581396039032526,0.06491638621296056,0.04973562325223172,0.06910124171242431,0.2679619644741051,0.08197986793333552,0.06392326050667364
2022-12-03 00:00:00+00:00,0.037480687875414684,0.09243524271950575,0.10745688266229543,0.08153898554178314,0.026769560670932828,0.05648924388022221,0.06499120840637299,0.05006351620493466,0.06614223675735054,0.27072868936395483,0.08208337856155239,0.06382036735568035
2022-12-04 00:00:00+00:00,0.037338052485522244,0.09237242819191388,0.11212769379429892,0.08035226099160937,0.02666870961142583,0.056179066410717605,0.06458042436402606,0.05003499496700854,0.0635142141190908,0.2712764506140278,0.08185406513403827,0.06370163931632067
2022-12-05 00:00:00+00:00,0.03735214761375729,0.09258056127700762,0.11259360914695896,0.0800131672384412,0.02702251271894806,0.056257990678436995,0.06233887148956306,0.050048959984812576,0.06350571272326955,0.2716524377286108,0.08220771833527264,0.06442631106492111
2022-12-06 00:00:00+00:00,0.03744925043664704,0.09259026596099525,0.1165599556928748,0.07926700136593312,0.027008534160461645,0.05622211684727899,0.061371379315046055,0.04202752557258513,0.06336632782077474,0.2743690064197515,0.08362571664111676,0.06614291976653502
2022-12-07 00:00:00+00:00,0.03721622495327441,0.09313896812482826,0.11645488326583049,0.07917335521885972,0.02697762024039541,0.05630854211700757,0.061317089365658606,0.04199568973032175,0.06330108311386981,0.27411020515124107,0.0835381309076275,0.06646820781108553
2022-12-08 00:00:00+00:00,0.03615285791035683,0.0933402599103318,0.11658416206066143,0.07930850957464694,0.02700899693666076,0.05639955783646531,0.06129086157461803,0.04197936120392229,0.06292242690205013,0.2748744402797201,0.08351857767755277,0.06661998813301366
2022-12-09 00:00:00+00:00,0.03648195184149206,0.09430116634431238,0.11044691214124634,0.0774279597712412,0.027224226757073706,0.056548779325957234,0.06168281896082606,0.042374699720198125,0.06251135161528186,0.27705756158171435,0.08663024427974048,0.06731232766091623
2022-12-10 00:00:00+00:00,0.03420708420951925,0.08831502540953116,0.10709867099477323,0.07037688111356677,0.025470194158360552,0.0553127388367676,0.05737931551236675,0.04039667545456615,0.05920598794160752,0.31650336083793335,0.08089970997137706,0.06483435555963077
2022-12-11 00:00:00+00:00,0.0344191801520146,0.08783231716863084,0.10657002908464858,0.07038648768301083,0.02540291579766569,0.05507369856546186,0.05715224855469016,0.04062029367447062,0.05889861389513309,0.3186422833436822,0.08050391075168976,0.06449802132890196
2022-12-12 00:00:00+00:00,0.03448623089635476,0.08780240015521767,0.10671198161104854,0.06858405685809021,0.025396791217459812,0.055127883900214704,0.05715277522504685,0.040609227672824405,0.05890160780241911,0.3202239301360381,0.08050749676375002,0.0644956177615357
2022-12-13 00:00:00+00:00,0.03486731178144909,0.08755758725091377,0.10697174843051095,0.06955049477444997,0.02515317261480724,0.05500523161661809,0.05711386728349397,0.041635120916561526,0.05876181754127855,0.32106346296021243,0.07784857725788893,0.06447160757181557
2022-12-14 00:00:00+00:00,0.034688925668302374,0.08662769545993189,0.1065693509764664,0.0692470640414102,0.02504137967079838,0.05473533022786548,0.05671985846392389,0.0414796505538571,0.05868905980999839,0.3251086181066649,0.0767210865972832,0.06437198042349772
2022-12-15 00:00:00+00:00,0.03468240443846351,0.08075263679408484,0.10741613684216197,0.06973779136683098,0.025238874590338443,0.05505285963329452,0.05723803586074217,0.041811123177993494,0.058184743840905724,0.32769387557075985,0.0773340066878053,0.06485751119661916
2022-12-16 00:00:00+00:00,0.034422267905749995,0.08010922055555805,0.10642034118644186,0.06948690850309612,0.02507758853266985,0.0545386460897122,0.05559103110249797,0.04157110622623942,0.05753156239553917,0.3337365268110462,0.0768105912921805,0.06470420939926877
2022-12-17 00:00:00+00:00,0.034814549190557535,0.07357550185616396,0.10514963470543755,0.0674004016190457,0.025292021696970816,0.051884166868453666,0.05607034138020178,0.04195262430196747,0.05190990893263226,0.3492627381901188,0.0774710603668734,0.06521705089157685
2022-12-18 00:00:00+00:00,0.03461285586565376,0.07283596338755385,0.10424830484902942,0.06693016785901486,0.025061328338765815,0.05146965398433644,0.05573948139050134,0.04160082687251941,0.05077394563648991,0.35500306803939535,0.07682811823213088,0.06489628554460909
2022-12-19 00:00:00+00:00,0.032090862609007016,0.06650284333519108,0.09622560162140853,0.061835929003817,0.023143411687494495,0.04759342184892258,0.052137586388542656,0.03877393769090383,0.04690950701075751,0.40293504901658084,0.0710533372085987,0.060798512578775665
2022-12-20 00:00:00+00:00,0.032322488649776014,0.06354755441213163,0.09663823149013925,0.06260358463354875,0.023267287583317357,0.0476783812506571,0.05218177279916692,0.03912951332732894,0.04473801516142124,0.4051599364981438,0.07144316698306528,0.061290067211303464
2022-12-21 00:00:00+00:00,0.0316731961199163,0.059505417376311515,0.09463947768345624,0.061288193392737944,0.02276969090617796,0.04671274465477782,0.04768626215577958,0.03834583700676667,0.04241365781172104,0.4247683097485249,0.06997783026504055,0.060219382878789335
2022-12-22 00:00:00+00:00,0.03168591470484565,0.05947527837412808,0.09460486847468769,0.06124514405605071,0.02278703724265271,0.0467055530048293,0.04684414824902775,0.03836110759564636,0.04242540367095457,0.42554971045543294,0.07006125946126318,0.06025457471048128
2022-12-23 00:00:00+00:00,0.030953564516978057,0.05790117556665921,0.09234966651628572,0.05977598409438857,0.02216452777935709,0.04550258452651995,0.045440704115999306,0.0373001124270203,0.04138504799897232,0.43763398032471984,0.07080187902036957,0.05879077311272996
2022-12-24 00:00:00+00:00,0.028818249637726952,0.05378409884907177,0.08586982233008313,0.055543991051937504,0.020562757283802014,0.04234235648523936,0.04219864900583454,0.034792955359391885,0.03845175682632201,0.4735294368525376,0.06950533485781972,0.054600591460233605
2022-12-25 00:00:00+00:00,0.023493027290979237,0.04312882570810724,0.06916820117632325,0.04481166931277603,0.01650099433078921,0.03818656055166502,0.03429326235058622,0.02809650777688854,0.030871786233811184,0.49999999999999994,0.055903813679495325,0.04389744943346634
2022-12-26 00:00:00+00:00,0.01318047499908333,0.024140142291741835,0.03904775167665292,0.02512710249293943,0.010895468342702446,0.021416355091084832,0.019233511255274414,0.015764543292569887,0.017328530386977105,0.5,0.03018987090457824,0.024626465659832484
2022-12-27 00:00:00+00:00,0.011386469238286708,0.021354482123063234,0.033773072854463314,0.022366646013644347,0.009701836927439658,0.018627943544226193,0.016611832956512435,0.01361365630916866,0.014983650160076233,0.5,0.025457134975526322,0.02127534650427135
2022-12-28 00:00:00+00:00,0.0002949797656245865,0.000572440425344219,0.0009019817319116153,0.000575636492941236,0.00025454119704393786,0.0004774146797250935,0.00043409349441090683,0.0003533350964060789,0.00038980741516083176,0.5,0.000636661013452799,0.0005430945157498677
2022-12-29 00:00:00+00:00,0.04485290526225547,0.10088757712842955,0.16087379786735523,0.10119639628007608,0.0965278908794408,0.0835239132755481,0.07652312543408389,0.05847633896289572,0.06891397980015938,0.0,0.11277664320261746,0.09544743190713843
2022-12-30 00:00:00+00:00,0.04472546398800613,0.10240301015455976,0.16288650868089324,0.10079448756388575,0.0963884513301529,0.08258583776139031,0.07622978809716967,0.05817076484752135,0.06877907799109638,0.0,0.11265617767397015,0.09438043191135427
2022-12-31 00:00:00+00:00,0.04474581985484831,0.10245064754162164,0.1671529927492785,0.10083937959495395,0.09297865734944769,0.08244792525478199,0.07752192389269487,0.05777523091959813,0.06877622924125877,0.0,0.1127137111901146,0.0925974824114016
2023-01-01 00:00:00+00:00,0.04468978078032075,0.10217646270267058,0.16686188305414434,0.1006173083202388,0.09546602853022854,0.08207040622399321,0.0777238285073666,0.057515524394735604,0.06876541422073641,0.0,0.11249409890521367,0.09161926436035156
2023-01-02 00:00:00+00:00,0.04410337222715063,0.10087534656961272,0.16426781761207712,0.09974475809545454,0.09707515833897815,0.08104676370161765,0.07706933904880775,0.05606802497584304,0.06784441523878275,0.0,0.12140351777658151,0.09050148641509423
2023-01-03 00:00:00+00:00,0.03304251128210417,0.06670339666157452,0.12413327239939294,0.07495032569927056,0.07307120470168807,0.06092447917196869,0.057948224486174385,0.0421621260081528,0.05094403491825727,0.25657198166725415,0.09130711052585112,0.06824133247831113
2023-01-04 00:00:00+00:00,0.03265895018729,0.06640879468407608,0.13598737311451461,0.07853533838147815,0.07277954834333637,0.06066849276114858,0.05898807270044596,0.04234639519465857,0.05510372869102083,0.22302653849974938,0.09661157032541623,0.07688519711686524
2023-01-05 00:00:00+00:00,0.034130216606674806,0.06867954145556228,0.1406619976128747,0.08034954860810198,0.07300030899649836,0.059720567036219974,0.05888313174870417,0.04513635292459421,0.05655669463254621,0.2054325554424134,0.10037115792221996,0.07707792701358994
2023-01-06 00:00:00+00:00,0.03507166966444881,0.06899446146987058,0.14254752105636556,0.08137430965301058,0.07341102735055413,0.06049908498895585,0.0599186646786996,0.04525030771821151,0.056879197083749285,0.19681921626604737,0.10112447884624318,0.07811006122384372
2023-01-07 00:00:00+00:00,0.036161566776644324,0.0701633126066631,0.14502559639832538,0.08339066042031193,0.07483466209985531,0.06070305513412974,0.060864593336690365,0.046012273381301316,0.058309518520966316,0.1792983938064834,0.10291256629802675,0.082323801220602
2023-01-08 00:00:00+00:00,0.03552369629070807,0.06909259687068181,0.14189823923373243,0.08903092168267475,0.08440459333273612,0.06011151550874805,0.05976230194120023,0.04536567826839287,0.057695055787908366,0.15218585329659448,0.11773197836546637,0.08719756942115665
2023-01-09 00:00:00+00:00,0.05011921091159552,0.06737963775592468,0.17176630219142958,0.0840327277487122,0.0845882154357684,0.05583368980643955,0.06400657570245831,0.05294017268433396,0.05606227752645536,0.11328300507099844,0.11638405994923852,0.08360412521664526
2023-01-10 00:00:00+00:00,0.05093416214489255,0.06584578557077496,0.17170433016731254,0.08519582915315187,0.0827340707561549,0.06077159094173862,0.06782605516096757,0.05419850424460068,0.054917652486552164,0.10688029136667225,0.11337533723030187,0.08561639077688006
2023-01-11 00:00:00+00:00,0.050333422329434975,0.0651188794597914,0.17847900767651612,0.08435473711299746,0.08211717940554739,0.060126520771281944,0.06924856008452299,0.05369652265137388,0.05425395455449055,0.10546769286836262,0.11216574474793212,0.08463777833774853
2023-01-12 00:00:00+00:00,0.05054252178878837,0.06540326517330934,0.17852510663043325,0.0845895664726676,0.08231062700285606,0.060388879164631336,0.06431531731241982,0.05407284376708016,0.054554500977666835,0.10551969251257944,0.11200256615018253,0.08777511304738526
2023-01-13 00:00:00+00:00,0.05057578352340124,0.06552050173686744,0.17876853659388747,0.08458070658042473,0.08251305657778568,0.0604240197300412,0.0641347422203492,0.05418735605392871,0.0544951992139363,0.10333495877776626,0.11346693041050751,0.0879982085811041
2023-01-14 00:00:00+00:00,0.04929490988189338,0.06590843265343083,0.17980794309322945,0.08545603114809881,0.08310235594160918,0.06012201189248831,0.06408145440804251,0.05219507707647203,0.054801738905762,0.10170666761645049,0.11501692753819656,0.08850644984432648
2023-01-15 00:00:00+00:00,0.03995478993802991,0.06783785880722448,0.18498948467609452,0.0853156501483406,0.08549120292175871,0.062031479896220355,0.06445581913986444,0.05364337432029432,0.055440233335451665,0.09158375947725339,0.1184067525714071,0.09084959476806048
2023-01-16 00:00:00+00:00,0.03982818084914948,0.06772315320813857,0.18564366987665085,0.08520520849126431,0.08562030941754123,0.06205614159547665,0.064679160529547,0.05364901798668876,0.055479003587247534,0.09020019193630795,0.11876307204479566,0.09115289047719183
2023-01-17 00:00:00+00:00,0.03967188121471416,0.06747723999252253,0.18530619477999652,0.08443935932523533,0.08520519373847749,0.061798408332901913,0.06446480840212863,0.053062768538518525,0.054787009701872814,0.08951289030756755,0.12349432955639955,0.09077991610966507
2023-01-18 00:00:00+00:00,0.03962173298103558,0.0675301484222968,0.1858871973832669,0.08427243427653003,0.08524319485825445,0.06165321774383847,0.06429095260559634,0.05297304150800274,0.05463252631711889,0.08964425678160597,0.12345074410649957,0.09080055301595451
2023-01-19 00:00:00+00:00,0.03989524729931524,0.06843122444271209,0.18775785840911516,0.0836370296741263,0.08636570939856324,0.06097721315045589,0.06344967146434334,0.05182258887393339,0.05457762439848984,0.0888005701849398,0.12366477069152447,0.09062049201248125
2023-01-20 00:00:00+00:00,0.039107662947039545,0.06653189041340031,0.18530554486329984,0.08916063482651225,0.08461549195293865,0.05976466228514748,0.062241477942698326,0.050823241852913294,0.05347882425164824,0.08713167653748362,0.12171340350723978,0.10012548861967863
2023-01-21 00:00:00+00:00,0.03873633048530271,0.06566719638480677,0.19006958165576013,0.08912393839204592,0.0851505996313341,0.0594851402686651,0.061264432620069365,0.05032243621832324,0.05258788537759932,0.08553138647495201,0.12019479016575639,0.10186628232538492
2023-01-22 00:00:00+00:00,0.03754448640932249,0.06595566844079458,0.1871901911084849,0.08959867866760728,0.08271858383045179,0.06026582230091945,0.059224772224966714,0.04898255013003918,0.050852816346211895,0.08287263700490874,0.12358501502086906,0.11120877851542399
2023-01-23 00:00:00+00:00,0.037079848547615146,0.06507186745264829,0.20953123560645096,0.0888410135252393,0.0812412178726813,0.059608595565753444,0.05827339308762784,0.033876628212868895,0.050175489163571986,0.08041590454617012,0.1260275140304176,0.10985729238895517
2023-01-24 00:00:00+00:00,0.037242321366278426,0.06445577392234059,0.21018735017702225,0.08770416419785257,0.08155357684400649,0.05979294237035982,0.05814059673541511,0.03396470805857053,0.050385264646647734,0.08066424883798981,0.12560561347278837,0.11030343937072815
2023-01-25 00:00:00+00:00,0.03738294294745235,0.06466616298743198,0.2116552096690523,0.08647877990463493,0.08187656727012724,0.05929401359363186,0.05793924523565544,0.03396851408351714,0.05045193532459852,0.08025834477595796,0.12769524326362638,0.10833304094431397
2023-01-26 00:00:00+00:00,0.037424726579895706,0.0656174685907057,0.21158224224154826,0.08650967301804,0.08197090494084712,0.059211190822184276,0.05760963603058181,0.0340814220666686,0.05023132413715873,0.08001586294827567,0.12798209792123144,0.10776345070286274
2023-01-27 00:00:00+00:00,0.03770921783190451,0.0659950245626472,0.21324575122059006,0.08719977352376798,0.08277108866520104,0.059681638472037855,0.05798927132358626,0.034358336351821145,0.046817820310684766,0.07786736512577087,0.12864020859053057,0.10772450402145792
2023-01-28 00:00:00+00:00,0.03786561164255214,0.06747490832068083,0.21498796266297793,0.08763595081163335,0.08322701580525141,0.05984356817373883,0.0529778937201826,0.034457349571527233,0.0468907954513018,0.07784347899609795,0.128928447229637,0.10786701761441878
2023-01-29 00:00:00+00:00,0.03779542391517213,0.06960362497003196,0.21480126591486354,0.0873619334349946,0.0833273142324269,0.05952264003657123,0.052767851633110284,0.03442486487040452,0.04680953877744159,0.07733182242978844,0.1290751843213536,0.10717853546384135
2023-01-30 00:00:00+00:00,0.03781369035475759,0.06970420897474525,0.21192796936872263,0.08765120340741304,0.08355134186125886,0.05972875848001725,0.055287253559901196,0.03451907952015456,0.04866941227401002,0.0772503835133348,0.12633456723213363,0.1075621314535511
2023-01-31 00:00:00+00:00,0.038064939715268226,0.069442061229067,0.21337039690721143,0.08649471563821087,0.08476747317079321,0.058785604700796745,0.05551894680943641,0.03459990663337019,0.04892915857809363,0.07815717699321272,0.12650621730246903,0.10536340232207056
2023-02-01 00:00:00+00:00,0.038278777405103326,0.06944663007521791,0.2136910654134698,0.08750328421671996,0.08092964540601155,0.05885983389179138,0.05583206278105079,0.03481692658542933,0.05050329448956849,0.07804687063376878,0.12616699557258854,0.10592461352928019
2023-02-02 00:00:00+00:00,0.038406655334868395,0.06955136239752024,0.21378051046354724,0.08922332814549223,0.08106297866633189,0.05941321631968944,0.05583862483016256,0.03494156102435574,0.05186221506446043,0.07833351368763633,0.12235723955831132,0.10522879450762433
2023-02-03 00:00:00+00:00,0.03836973642702164,0.06951353472347933,0.21266106374661845,0.08954297912758416,0.08062854288722972,0.059386711855100784,0.057203786675495555,0.03492719386428114,0.05220994010936858,0.07839576143263895,0.12202968952404596,0.10513105962713569
2023-02-04 00:00:00+00:00,0.03830601427153759,0.06924709998335905,0.21018571742407993,0.08906958313277638,0.08027271812547729,0.059298895989799975,0.057969576091281165,0.038823387317759674,0.052130879809656624,0.07823068097085667,0.12219993027919288,0.10426551660422301
2023-02-05 00:00:00+00:00,0.03867355763781843,0.06929803131721207,0.21030407034576912,0.08885545369673813,0.08005510440195318,0.05935852271706588,0.05795880191167641,0.038852307776507805,0.052167489111584524,0.07802428132400165,0.1220722459263474,0.10438013383332534
2023-02-06 00:00:00+00:00,0.03998164988674337,0.06885821711435765,0.2128132259769173,0.08804949060813244,0.07952441706094626,0.05904787347592983,0.05791873772533623,0.03882740812099879,0.05237424411187642,0.07691002901036598,0.12219376977930445,0.10350093712909143
2023-02-07 00:00:00+00:00,0.03674956804287775,0.06331473385758649,0.2719847465892162,0.08536400845561636,0.0728186131625193,0.054485635654635566,0.053393719673088216,0.035718312846743754,0.0488205400394078,0.06996277444625427,0.11247782770231539,0.0949095195297389
2023-02-08 00:00:00+00:00,0.03686198481950624,0.0634068248062719,0.27200396433940194,0.08788340755161402,0.07268702985138828,0.054422147082312404,0.053569135328555166,0.03579887076180284,0.04849706106103339,0.06976938432812262,0.11088186858653112,0.09421832148346018
2023-02-09 00:00:00+00:00,0.03695359350523397,0.0635707894436504,0.2726014087166456,0.08769690285968877,0.07258723634501932,0.054520718197432746,0.05354656816691071,0.03590122736053262,0.048580503269989486,0.06867866465058775,0.11092116364599798,0.09444122383831058
2023-02-10 00:00:00+00:00,0.037533622833947344,0.06450829508741567,0.2720625450172559,0.08993093334042947,0.07252995833015916,0.053661712244725844,0.053327452050936225,0.03636200459433396,0.04888677400095958,0.06782445791181951,0.1084757770872139,0.09489646750080354
2023-02-11 00:00:00+00:00,0.036968470955068,0.06357480082406151,0.2693617504627975,0.08894869272002581,0.07790562896521758,0.05280550786992577,0.05251558743703877,0.035838987489166516,0.04815325548227553,0.06670434709267906,0.11383428610733792,0.09338868459440616
2023-02-12 00:00:00+00:00,0.036887474502467224,0.06350199148548938,0.2682430785765196,0.08896224065943549,0.07759856624268767,0.05284119516666323,0.0525223916009739,0.035700625277249834,0.047991508040564644,0.06644113340001495,0.11631529545782379,0.09299449959011043
2023-02-13 00:00:00+00:00,0.037163683409616365,0.06657124393428851,0.2674248570881764,0.08855330644614616,0.0772719625460248,0.05256356449997138,0.05228774761367424,0.035547653677842475,0.04844002542289764,0.06564827955418218,0.11596951446692634,0.09255816134025363
2023-02-14 00:00:00+00:00,0.03714337679163977,0.06634563683936988,0.2684292148426809,0.0882414847195396,0.07707963592233313,0.05178870000889562,0.05348882138050461,0.0354520103490991,0.04827431581817899,0.06545148135579701,0.11588758758332011,0.09241773438864125
2023-02-15 00:00:00+00:00,0.03507774321177729,0.06708744076033261,0.290825237648677,0.08901229325074791,0.07441404574456757,0.05147741680507823,0.05057161522560738,0.033533344636255125,0.04957231444788639,0.06176256010061725,0.10901781637626363,0.08764817179218971
2023-02-16 00:00:00+00:00,0.035215249346935915,0.06743769082867515,0.2963920673156797,0.08948757764609497,0.07488535429229529,0.044679481151115086,0.05078601310766575,0.033698830752811736,0.05048474359689491,0.06198323013530711,0.1069153273224909,0.08803443450403325
2023-02-17 00:00:00+00:00,0.03550242457712497,0.06852374175684624,0.29835472434847565,0.08949969304290427,0.07478740293418235,0.04026608818084959,0.05101583548287842,0.03397031293749581,0.050915378911016856,0.06207503272498487,0.1068687189509231,0.0882206461523178
2023-02-18 00:00:00+00:00,0.03523996896513429,0.07210538807728356,0.3014920479911328,0.08509662431766746,0.0766134613434293,0.0399334147620322,0.05079680061624529,0.03374292434985545,0.052967614177325976,0.06174296599336816,0.10615532295278272,0.0841134664537428
2023-02-19 00:00:00+00:00,0.03469986162629942,0.07549213093698823,0.29987975106603015,0.08404231595382802,0.07577574419082868,0.039377739034613606,0.05484451027290598,0.033301060696708316,0.05496924352275902,0.06068460856875653,0.10476014241336143,0.08217289171692078
2023-02-20 00:00:00+00:00,0.03456878003608385,0.07545841972295449,0.30047001506688104,0.08388953588429675,0.075613442929538,0.03919711154918308,0.05561511073920596,0.0332362397923644,0.054862834073717066,0.06046038099287808,0.104593024531479,0.08203510468141821
2023-02-21 00:00:00+00:00,0.033340652921312476,0.07542095998720241,0.30091145504076433,0.08413142855598955,0.07602899252779145,0.03929701823536481,0.05622957652337981,0.033346471404831345,0.05496497115277832,0.060544747249012675,0.10360305229344939,0.08218067410812359
2023-02-22 00:00:00+00:00,0.03167810370712688,0.07580216850975692,0.3027520518418831,0.08412209475459352,0.07683426905009982,0.03940504395328438,0.05663174868612594,0.033553357694608266,0.05505682467601804,0.06093856175551577,0.10138951293951085,0.08183626243147651
2023-02-23 00:00:00+00:00,0.03174652905280501,0.07608617713062138,0.30386295515946204,0.08429488346679194,0.07710493229335126,0.03940955680394862,0.05667861669264691,0.03365062585394685,0.05521823742827946,0.06103278647406333,0.09887522321555094,0.08203947642853211
2023-02-24 00:00:00+00:00,0.031479540600701954,0.07560868915571056,0.3015733666543202,0.08358162874247778,0.07908088293344105,0.03904996491699762,0.056210744952409394,0.03337641814984827,0.05469714110646442,0.06048858037146707,0.10380363919473176,0.08104940322143002
2023-02-25 00:00:00+00:00,0.031716672625146734,0.07612330393528197,0.30390666547632333,0.08318164695812086,0.07830521978259818,0.03931374423205818,0.05668077037196392,0.03362905928210539,0.0550257350654764,0.060966571912434944,0.10075734747416906,0.08039326288432087
2023-02-26 00:00:00+00:00,0.031526412600892235,0.07543790394393346,0.30096172568665674,0.08404078578710421,0.07754795987613373,0.03953824796958793,0.05612754311476137,0.03318652534375602,0.05459176129156141,0.05915390929782371,0.10468995864518992,0.08319726644259928
2023-02-27 00:00:00+00:00,0.04008906133521792,0.07982243906956184,0.2569449027072018,0.08908795924367846,0.08263454039062204,0.041332083445351005,0.05899294934541483,0.036348817452079095,0.05742586580754253,0.05807258334904809,0.10812078572721545,0.09112801212706681
2023-02-28 00:00:00+00:00,0.040101541956354486,0.08078078726986473,0.2565198894939028,0.08922572909348699,0.08292396492846876,0.04144796618620236,0.0590280064837997,0.03631668987124812,0.0573594491061378,0.05589403740712557,0.1081194986362165,0.09228243956719227
2023-03-01 00:00:00+00:00,0.03978176678275743,0.08003350164521311,0.2540549330952776,0.08864756887009309,0.09185313079188274,0.04077103951809659,0.05799791627305352,0.036280243384133014,0.05698378690881706,0.050457851228490946,0.10720206477957735,0.0959361967226075
2023-03-02 00:00:00+00:00,0.03981161814108977,0.08026743832935558,0.25608428895038426,0.08982393074093911,0.09722479020667663,0.040538010925451125,0.0546802670673426,0.03639316266386981,0.05701912232686999,0.04270905724177324,0.10744950439471666,0.09799880901153109
2023-03-03 00:00:00+00:00,0.039933359152272724,0.08035853619264756,0.2624872440826961,0.09021410327750153,0.09741402685439766,0.0403957715407946,0.0543864496684701,0.03693684777394348,0.057219029661448054,0.042852916668294605,0.09925713557649073,0.09854457955104283
2023-03-04 00:00:00+00:00,0.0385399072838987,0.10134720666435168,0.27826816647033303,0.08757758204211653,0.09372081380783116,0.0391101817797974,0.04989636859818442,0.035841660272200114,0.05668956695049601,0.04212656276781842,0.08547062978027621,0.09141135358269649
2023-03-05 00:00:00+00:00,0.03891837745344574,0.1023174052563521,0.2801442302067198,0.08543789736776211,0.09456221759287227,0.039407621499629286,0.05034766452648856,0.03612881842100415,0.05484526969911921,0.04255277545782169,0.08476330369476022,0.09057441882402478
2023-03-06 00:00:00+00:00,0.03779842233960923,0.10072723420989592,0.27913057408819825,0.08420982277287391,0.09960351485090005,0.03966416189175908,0.05098851833818396,0.035575660771790925,0.054087802225975604,0.04204661717416714,0.08308877807154823,0.09307889326509758
2023-03-07 00:00:00+00:00,0.03772297664882509,0.10111451857359861,0.2785695952785016,0.08366029706760429,0.10481567095363441,0.03957324814638832,0.05136983865569565,0.03561046324809851,0.05429150130142546,0.04208301532351061,0.07788577541458559,0.09330309938813187
2023-03-08 00:00:00+00:00,0.037726038504776495,0.10138627250519436,0.2786404793105604,0.08311320892623059,0.10488106987259704,0.03983202777769205,0.0515673624465884,0.03564313417416252,0.05338056815606688,0.04235249122278196,0.07718862249174432,0.09428872461160488
2023-03-09 00:00:00+00:00,0.04147593554875652,0.1117836434472336,0.24040068412682075,0.08190093836177051,0.1154223135996276,0.043872054377106166,0.05672967378235072,0.03930944968455804,0.05884290141235815,0.046974747448518955,0.07690174199525593,0.08638591621564304
2023-03-10 00:00:00+00:00,0.04297611606537198,0.11591144203826467,0.2437312214464273,0.08138831519567734,0.11952883491601672,0.04822209285340684,0.058871955527574085,0.04080898396800484,0.06118116097285473,0.050408876291892106,0.06513718400815627,0.07183381671635305
2023-03-11 00:00:00+00:00,0.043196598441001544,0.11720810752913098,0.24505820165962636,0.07817354978253993,0.12110920164312215,0.05069767805890894,0.05936190278261748,0.041029819789045886,0.06142477639516146,0.05100842324761061,0.05964774501464883,0.07208399565658577
2023-03-12 00:00:00+00:00,0.043218968935202544,0.11731063577372694,0.24529835961463567,0.07822779136748582,0.12194844970929872,0.05069045455481962,0.05938976368173143,0.041041760693393325,0.061438211721923264,0.0510418492881912,0.05912293504463301,0.07127081961495856
2023-03-13 00:00:00+00:00,0.04340631665760578,0.1184732064582113,0.24322290042699285,0.07805099506343201,0.12271881655189995,0.05045285989533941,0.06290246944625669,0.0413995549486935,0.06157492707202581,0.05058926419985827,0.056169878366037526,0.07103881091364685
2023-03-14 00:00:00+00:00,0.04436830096189762,0.12111698386513793,0.22763743991800822,0.07950049346517378,0.1253408378220295,0.051347197890790716,0.06456036437301617,0.04245510240934426,0.06284615501842876,0.051790443054804035,0.05671529087593731,0.07232139034543161
2023-03-15 00:00:00+00:00,0.04529234365851791,0.12150562811163623,0.22766667811724386,0.07887695652018324,0.12510593262958375,0.05161158959923954,0.06438546533374603,0.04358449989557302,0.0627357292843482,0.05120247823471269,0.05639091769789955,0.07164178091731618
2023-03-16 00:00:00+00:00,0.0609549450135977,0.1190458603342565,0.22346394528004052,0.07921663722454643,0.12226736241410341,0.05024068609857737,0.06371941717812214,0.042731349067631916,0.062423414109638135,0.051811132457057214,0.05424441809375301,0.06988083272867578
2023-03-17 00:00:00+00:00,0.061386598484194775,0.12127079458175097,0.22021805494407,0.07922595687579315,0.12232883660518522,0.050302097719280375,0.06379962802870082,0.042790941787953465,0.06258845990523221,0.05193741698553846,0.054155251840773404,0.06999596224152715
2023-03-18 00:00:00+00:00,0.06129937578863014,0.12225116332211111,0.21940796777213145,0.07942548314936279,0.12331196569212412,0.05006929749074707,0.06362262515899815,0.0432712782328301,0.06333552735583739,0.05146931213061489,0.0537472445180152,0.06878875938859758
2023-03-19 00:00:00+00:00,0.06126374216592681,0.12224603746758074,0.2191024261876545,0.07951209450934,0.12311940579148087,0.05006633356929855,0.06372564241636686,0.043309042954597234,0.06370464729262341,0.05144898087309094,0.053718810063485514,0.0687828367085547
2023-03-20 00:00:00+00:00,0.06135569717944863,0.12261699969434649,0.21729778691149693,0.08000320969832182,0.12230719458383738,0.05010372760469468,0.06499068175529885,0.043774379755065096,0.06470230710085023,0.051077477192499804,0.05321823667368888,0.06855230185045139
2023-03-21 00:00:00+00:00,0.061141405218601515,0.12540622429947287,0.21802326371287833,0.07973053567644382,0.12158207100936283,0.05002647018816988,0.06473417184221436,0.04358582344336121,0.06434123277214081,0.05079571640412531,0.0523839741110213,0.06824911132220783
2023-03-22 00:00:00+00:00,0.06452173691315152,0.1370672858645855,0.21250149097322485,0.07924011190827181,0.11947675457887945,0.0488936547512267,0.06436782881438056,0.0429006405885122,0.06478500116007857,0.04970960472282579,0.0502208876275528,0.06631500209731014
2023-03-23 00:00:00+00:00,0.06451293816815049,0.13949565312490256,0.21061057926877536,0.07906984595669128,0.11955019125811407,0.04871660561360577,0.06464369038912872,0.0428661483144442,0.06547871681220603,0.049607465916453625,0.04970393719365812,0.06574422798386997
2023-03-24 00:00:00+00:00,0.0598896849371102,0.1296888631368832,0.19471730747346142,0.07323241875585139,0.11254572069547443,0.04530022738738993,0.06016011859210439,0.11008646795252049,0.06072199932122564,0.04651229544554489,0.04606107716033626,0.061083819142097845
2023-03-25 00:00:00+00:00,0.05825604252002639,0.1524328814912869,0.18928671154171378,0.0723880960938765,0.1094411136111424,0.043989419508083334,0.05889283469753873,0.10711787953396167,0.0590177245614864,0.04523434846796919,0.04478538563359182,0.05915756233932305
2023-03-26 00:00:00+00:00,0.05708222807779317,0.16071141432368907,0.18423559034208653,0.07166023225522973,0.10891694150857117,0.04312475186003593,0.05832507254369456,0.11175000736073684,0.058369672134995505,0.04407988630109825,0.04365237817428469,0.05809182511778451
2023-03-27 00:00:00+00:00,0.057169074806012715,0.16526928595823526,0.18182259635065787,0.07084594119092541,0.10815946927320506,0.04273811065981917,0.058064664571777,0.11367351916108881,0.0580743894945354,0.04368674438707447,0.042996104597389374,0.05750009954927946
2023-03-28 00:00:00+00:00,0.05656015138257849,0.166911466730664,0.17439848503662794,0.07015372222898986,0.10705515763359534,0.042352156185572656,0.05754175657080789,0.1123699196607217,0.06876271534075575,0.04429644915234359,0.042539049479474664,0.05705897059786831
2023-03-29 00:00:00+00:00,0.055645164940673536,0.16577324282518735,0.1721160216105096,0.06901557647892725,0.10585785820163626,0.04179528863501042,0.06860641912625035,0.11116990225298122,0.06818502223884865,0.04360585911130156,0.04185418422953839,0.05637546034913529
2023-03-30 00:00:00+00:00,0.055639222671564646,0.16711538896075182,0.1719837471543078,0.06893248046019503,0.10590004252295936,0.041852009448579613,0.06899642344054191,0.11045152858801395,0.06734557868246462,0.043587223942261034,0.04185013212797175,0.05634622200038849
2023-03-31 00:00:00+00:00,0.05667123603771669,0.16950987999452494,0.17457385851340465,0.06865981123861349,0.10698541194066954,0.04196569754428558,0.06885210200923485,0.1050254614996245,0.066004190120524,0.04370697199860586,0.04182733008095248,0.05621804902184342
2023-04-01 00:00:00+00:00,0.05489012699818642,0.19638464139874032,0.16817536256388751,0.06359227405917138,0.10325940905971216,0.04065934008068076,0.06477457184299681,0.10632016055985985,0.06554192590672402,0.04184814285803239,0.0402127085443708,0.05434133612763759
2023-04-02 00:00:00+00:00,0.05281339502485299,0.20497158018263337,0.16281729546409632,0.06122616873873332,0.11898223978287918,0.03945558304213407,0.06227594538043886,0.10242658763650461,0.06332329412306281,0.04066902492183356,0.038729474674443334,0.05230941102838772
2023-04-03 00:00:00+00:00,0.052529439927551984,0.21289768143260498,0.15898327210340388,0.060066264875472036,0.11833178651566034,0.0389354372634431,0.05757997057352109,0.10397595932116636,0.06615817530474224,0.04030032965641086,0.03842867882328015,0.051813004202743006
2023-04-04 00:00:00+00:00,0.05315246767504067,0.21623123477413,0.14827405218560358,0.05981046578834615,0.12037926063143743,0.039385061379891596,0.05806671801173598,0.10541931765014169,0.06699272743515132,0.040904551860362334,0.03891684435727302,0.052467298250886245
2023-04-05 00:00:00+00:00,0.05286113243529318,0.215750072980915,0.1485044465408544,0.06062460826609584,0.12108126262323121,0.03914653719588394,0.05647753570359325,0.10567724783665193,0.06827628043254763,0.04070303743724835,0.03864833161213212,0.052249506935552935
2023-04-06 00:00:00+00:00,0.05273520145174678,0.21508832885124493,0.14794424615556054,0.06055267455036974,0.12367554771829413,0.03906451517901938,0.05634351627988536,0.10542197340286186,0.06816553610055366,0.04031910494162267,0.038579407806334946,0.05210994756250607
2023-04-07 00:00:00+00:00,0.051312804779412795,0.23243812180914572,0.14382942426171927,0.05909838875024293,0.1233984873448134,0.03796350938275214,0.055110437282412494,0.10288785953852211,0.06710275254594673,0.038482519568832516,0.037519286639814256,0.050856408096385426
2023-04-08 00:00:00+00:00,0.0511236953184341,0.2348665087395162,0.1432422692411631,0.05892828623921043,0.12490398716446684,0.03791188031540565,0.05312769474959914,0.10254043329929338,0.0668731589536928,0.038379604008106125,0.03737682697867431,0.05072565499243786
2023-04-09 00:00:00+00:00,0.04995848058813197,0.23703240208987816,0.14053471948686314,0.058520710233365025,0.12646357978556977,0.03734198018730893,0.05285002555033959,0.1047937928426788,0.06806986014553709,0.03792152554750308,0.036640756183836005,0.04987216735898856
2023-04-10 00:00:00+00:00,0.04986636560602751,0.2382627210165037,0.14020427224031454,0.05851407610598085,0.12809329701046004,0.0372906459942485,0.0526412490874214,0.10243126437952146,0.06852859944594747,0.0377775017827465,0.036603658503675855,0.04978634882715201
2023-04-11 00:00:00+00:00,0.048738738043694205,0.24152412157353628,0.13759474334932884,0.058055693317696805,0.13727362419075564,0.03681862863247322,0.05291129875415884,0.09670895040476322,0.06878890331911343,0.03677264807425797,0.03591082720556469,0.04890182313465686
2023-04-12 00:00:00+00:00,0.038470670040596774,0.24804225309672423,0.13239212990579047,0.05957849010683422,0.14111680943656224,0.037732566533911986,0.05392470102752395,0.0951009440232498,0.07066381498252583,0.0363075226430666,0.036890260879395106,0.04977983732381872
2023-04-13 00:00:00+00:00,0.037771463406009086,0.25225715385240943,0.13475584370987226,0.06062192243340354,0.1437146719548567,0.038313359967688004,0.054665471308228054,0.08253045371313433,0.07211761031366185,0.036368165607590666,0.03718300154058079,0.04970088219256515
2023-04-14 00:00:00+00:00,0.03694302954335191,0.25728333621406185,0.13415006620803274,0.06024102854481558,0.142564513498918,0.03786141784238521,0.054197077135102245,0.08205289710133487,0.07192332609329136,0.036229549480833255,0.037085224824239954,0.04946853351363295
2023-04-15 00:00:00+00:00,0.03675713222349667,0.25842810936917293,0.13381518058229253,0.060107615396930165,0.14228060797240386,0.038025306283460396,0.05397109935267435,0.08168295012781088,0.07263718794146484,0.03618463515104674,0.03701748831394789,0.04909268728529887
2023-04-16 00:00:00+00:00,0.0351472289641953,0.27582482981622286,0.13007308098551842,0.05854486014077362,0.13866191820105625,0.036946784653608185,0.05260400259204698,0.07962913840263715,0.07339613024102462,0.0354636956550616,0.036098768747603906,0.047609561600251066
2023-04-17 00:00:00+00:00,0.032359236065475694,0.28452798496440196,0.1247053583613801,0.05771263055471348,0.1365662197094023,0.04377295055194364,0.05106363650724501,0.07794774054446307,0.07391148047856501,0.034979946707247606,0.03559592523964709,0.04685689031551505
2023-04-18 00:00:00+00:00,0.029583247847428454,0.31171160246998,0.1162280275789667,0.0540423480692572,0.13726363498313507,0.051302692668660735,0.0478379555933949,0.07263253252589237,0.06955975551398808,0.032675061200966825,0.03326331177256827,0.0438998297757614
2023-04-19 00:00:00+00:00,0.028893478123018772,0.3179913973307815,0.11355594652480273,0.05482905646281469,0.13418379798109228,0.050971372626284164,0.046580066025678435,0.07099877834834113,0.07408665989918667,0.03194056701529185,0.032475796160401284,0.043493083502306275
2023-04-20 00:00:00+00:00,0.03657018520496797,0.1407346751253272,0.14180287592793608,0.067632262035814,0.1718019596488933,0.0650540391205903,0.05775113783462299,0.08861240897144576,0.09438791175735198,0.04041773523616669,0.04028878263045817,0.054946026506425626
2023-04-21 00:00:00+00:00,0.03685313001420668,0.14207385437875517,0.1430705695027761,0.06841603170798084,0.1748078524345498,0.06558704397281842,0.05810709447940572,0.0894038236606697,0.08488469122562786,0.04079859525799604,0.04065526508052885,0.05534204828468457
2023-04-22 00:00:00+00:00,0.03947380284894776,0.14456624346972394,0.14317632462172952,0.06860466341155243,0.17527075268731024,0.0656163815786805,0.058194389431481044,0.08930109623456794,0.07854255692702626,0.04094881876972317,0.04088890994354755,0.05541606007570976
2023-04-23 00:00:00+00:00,0.042956376022943665,0.14505314204603648,0.1415402947088467,0.06838714251643949,0.1748140353497585,0.06584318377549607,0.05787262942497192,0.08877956684284104,0.077832847162229,0.04072544217029472,0.040853253430607514,0.05534208654953478
2023-04-24 00:00:00+00:00,0.043106491741300865,0.1454867151357931,0.14176047102221154,0.06849218501732068,0.1751459037088144,0.0663020136954015,0.05808957350232249,0.08866704281408751,0.07562558553573785,0.04074175823900058,0.04113798603100896,0.05544427355700092
2023-04-25 00:00:00+00:00,0.04309495812272703,0.145877434580836,0.14170728861998,0.06848643499160291,0.17544022368719003,0.06641878745415665,0.058105198986380634,0.0886264509479069,0.07482118195412588,0.040678923438752373,0.04113571043852895,0.05560740677781275
2023-04-26 00:00:00+00:00,0.0422916222904303,0.14514862641206897,0.13794780148704003,0.06768865645931361,0.19254606221640444,0.06582929581323224,0.056924015536133916,0.08701910236528315,0.07161113494748748,0.03701412444988366,0.04102038974477961,0.05495916827794258
2023-04-27 00:00:00+00:00,0.044785891156088026,0.15492859277791599,0.1469616465664429,0.07228352123742657,0.13440212770771465,0.07042559656262994,0.06000884695056071,0.09772213588419483,0.07632307918157603,0.039589042434706505,0.04395503982198459,0.0586144797187593
2023-04-28 00:00:00+00:00,0.04368158114135788,0.15099749003141252,0.15295828538256803,0.0703146068671216,0.14082181011875228,0.06992254275659798,0.05845455457311987,0.0992185058978803,0.07409200824663364,0.03944617791438068,0.042937071886307555,0.05715536518386777
2023-04-29 00:00:00+00:00,0.043387740039755755,0.15056394251241503,0.1521526064213185,0.0701613805285068,0.1405164981368603,0.07000682922766198,0.05834100106716113,0.10031743061468665,0.07390224530169814,0.040745340939102294,0.042827924073635226,0.057077061137198196
2023-04-30 00:00:00+00:00,0.04297890226737062,0.14937595159111994,0.1507344787916192,0.0693686527498824,0.1393252849310788,0.07299397227020794,0.058812889438670746,0.09963617778144833,0.07316569043978843,0.044755198653050964,0.04239112211392214,0.056461678971840464
2023-05-01 00:00:00+00:00,0.04232502679599425,0.14782679271645977,0.14842413741345561,0.06816538799407586,0.13740290462827567,0.07402653998339367,0.06210241309638114,0.09782807882390195,0.0718655036807383,0.052548660987204406,0.041761367249517144,0.0557231866306021
2023-05-02 00:00:00+00:00,0.04238985061776464,0.14896356301489547,0.14864113112745442,0.06827310057148829,0.1377839258758892,0.07558893410526457,0.06342857133282705,0.09190559419047135,0.07186817303409197,0.052700939225797105,0.042564946643563965,0.055891270260491885
2023-05-03 00:00:00+00:00,0.04209933391199638,0.14615033053262072,0.1458738639145854,0.06662772897070389,0.14031079320051537,0.07541612034323165,0.07188631258598589,0.09025432642612917,0.07119303083759085,0.051886435974611726,0.04288164321169534,0.05542008009033344
2023-05-04 00:00:00+00:00,0.043316437652223615,0.13290465544521282,0.1481795473127233,0.06868012720536212,0.13584023492495306,0.07603856028698375,0.07301263176587158,0.08983707423994597,0.07981479604975576,0.052837114156681415,0.043613121761562575,0.05592569919872373
2023-05-05 00:00:00+00:00,0.04407357068386615,0.13167195514480529,0.14834063056969554,0.0689421837173478,0.1358196366010127,0.07607416075194055,0.07290572261275088,0.08958811639487228,0.07993768707170658,0.05278055709221249,0.04372089840375331,0.05614488095603664
2023-05-06 00:00:00+00:00,0.04429288057717135,0.1259779995720624,0.14911537731788613,0.06961886752608903,0.13647343137272233,0.07695799204184516,0.07322536816727791,0.09004332461896072,0.08036097850753542,0.05232828557548537,0.04487011816657089,0.056735376556393234
2023-05-07 00:00:00+00:00,0.044879568616237694,0.114319251582647,0.1492323199069937,0.07047552389980263,0.13721667351870176,0.07798822996523617,0.07395321499935914,0.09034707799929419,0.08608405740133056,0.05325322878359874,0.045273934457684746,0.056976918869113664
2023-05-08 00:00:00+00:00,0.04335042309818169,0.1094833646210333,0.15945329689531268,0.07816217574813236,0.13243097505006152,0.07667257081935619,0.07189859754457428,0.08701056608782716,0.08320165956850488,0.05136698878863468,0.04557298289828872,0.061396398880092566
2023-05-09 00:00:00+00:00,0.045803335546492976,0.08691565181311858,0.14714450196779422,0.08712013341592766,0.13971321254473304,0.08148460368706198,0.05941647206754502,0.09031376267886457,0.08580539043743426,0.039204328378085566,0.055856894047486276,0.08122171341545584
2023-05-10 00:00:00+00:00,0.04531355704588961,0.08579630999547726,0.14473160686192174,0.09058006021252138,0.13819478403578075,0.08066960722049271,0.05862405059981008,0.08933338736175378,0.08488901899687164,0.03869071409554891,0.06383038250118704,0.07934652107274527
2023-05-11 00:00:00+00:00,0.04550718979962213,0.08621392562400194,0.14296639853212778,0.08824782927242168,0.13883805522345707,0.08185385942961847,0.05801503324729394,0.08982481314897292,0.08529233539836406,0.03870122175269493,0.06614055391524877,0.0783987846561762
2023-05-12 00:00:00+00:00,0.04567414785091255,0.08591195991593038,0.13044559957385451,0.0884689591122528,0.13885180969473793,0.0858350810502884,0.05817693222675621,0.0892465119245802,0.08629442089775917,0.03894837318463079,0.0734227411550247,0.07872346341327259
2023-05-13 00:00:00+00:00,0.045135029859235794,0.08497761892081203,0.13558201397465094,0.08785459432416179,0.13766184888723307,0.08624523012426197,0.05764490492945195,0.08843661237147854,0.0854640607974007,0.03862696430927736,0.07431564259228071,0.07805547890975531
2023-05-14 00:00:00+00:00,0.045240936936186256,0.08487428479085636,0.1329178625931087,0.08845888703365631,0.1376035471404448,0.08702257448126337,0.05778577888131572,0.08846175593564383,0.08550344039059309,0.03894690898093116,0.07473622809706512,0.0784477947389352
2023-05-15 00:00:00+00:00,0.04497468895912794,0.0838576708312989,0.1299318827948609,0.08813145288192746,0.13741472960017356,0.08889236827213393,0.05785916424107686,0.08790717044348692,0.08453074620856772,0.03883498703404156,0.07894136707136755,0.07872377166193671
2023-05-16 00:00:00+00:00,0.04530204464282841,0.0844498333920653,0.13134982921040153,0.08891764054032293,0.13845582194360948,0.08911846341636488,0.058050368204306875,0.08788392814790748,0.0853065303468904,0.039086314069693394,0.0730054652105448,0.07907376087506438
2023-05-17 00:00:00+00:00,0.045359561737861515,0.08322188347441645,0.1301346912174745,0.0891013185475364,0.1374937134025249,0.09306230548205194,0.057317986607275245,0.08698235071877204,0.08546777062329182,0.03918070355736277,0.07132181460410694,0.08135590002732562
2023-05-18 00:00:00+00:00,0.0472550510561793,0.08574922915195766,0.11893202509955811,0.09337760274662116,0.14464313589416314,0.0967276406948315,0.059097446960814905,0.07126501847205764,0.08857487889441741,0.04106582762956872,0.06870914649392719,0.08460299690590319
2023-05-19 00:00:00+00:00,0.046627567462949486,0.08671717831784007,0.12077720888281926,0.09352432867337851,0.1462338203415401,0.09852380316363193,0.05967358597456809,0.07174054811429109,0.08988754428849738,0.041598186039617166,0.06265022670480602,0.08204600203606106
2023-05-20 00:00:00+00:00,0.046509933778807536,0.08650461722803114,0.12045921718002292,0.09314659019840231,0.1466726195204455,0.09842123140425056,0.05954803765405717,0.0715551915382663,0.08997399155225387,0.041485395833701595,0.06410856512249978,0.08161460898926133
2023-05-21 00:00:00+00:00,0.04615341533510874,0.08588380900358235,0.11963202818727148,0.09244051875885988,0.14645671812676975,0.10314417563669036,0.05911922181469724,0.07103922573987054,0.08960925298146241,0.04119319303703112,0.06441115316283787,0.08091728821581817
2023-05-22 00:00:00+00:00,0.04511590208863202,0.08608243754955941,0.12009898662543148,0.09220709407157375,0.14594275671671675,0.10405570379638077,0.05910370667880862,0.07042964267725065,0.0896330849956644,0.041063124350058725,0.0656533572534204,0.08061420319650318
2023-05-23 00:00:00+00:00,0.04555465341678629,0.08697042688064732,0.12146379728832894,0.09335443043821981,0.14746582153516305,0.09658620752945114,0.059646720108499585,0.07071136722671088,0.09049106576304745,0.04151721291451143,0.06644947214165979,0.07978882475697432
2023-05-24 00:00:00+00:00,0.04482171150993944,0.08720492007785678,0.12068462674472975,0.09358926447589368,0.14792736482673122,0.09734010700813168,0.059649986166523186,0.07021828818887824,0.09056073798493261,0.041678038865629916,0.06663890260736732,0.07968605154338611
2023-05-25 00:00:00+00:00,0.044932149198946864,0.08821476282303012,0.12183003983364162,0.09393182641691261,0.14806022282019785,0.09815468367560444,0.060323067948249175,0.0700353927140398,0.08774089353240956,0.03942763939814786,0.06705189894774302,0.08029742269107698
2023-05-26 00:00:00+00:00,0.04501766905625346,0.08835130586109874,0.12217961897114686,0.09408954370425053,0.14828223083239256,0.09805622251831914,0.060385278340917115,0.06955602918240442,0.08769754856729663,0.039478571383965086,0.0669078160951453,0.07999816548681023
2023-05-27 00:00:00+00:00,0.04498345586618979,0.08831876708222025,0.12389346032969514,0.09410377101935433,0.14825554817567183,0.09790556967241336,0.060380501939023265,0.06958335140286985,0.08672525203654259,0.03939910061122448,0.06675227294630091,0.07969894891849422
2023-05-28 00:00:00+00:00,0.04504592943008552,0.08833068766384583,0.1239323459112993,0.09413961660704727,0.14796556526336901,0.09810199005333003,0.060386999317997146,0.06939095923794528,0.08680748056390339,0.03940537515371141,0.06678388270185988,0.079709168095606
2023-05-29 00:00:00+00:00,0.04544469559992244,0.08870427964930301,0.12426436611651463,0.09527740091554499,0.1458064524915355,0.09704563059935695,0.060864769982964126,0.07003668470363202,0.08930879385070677,0.039654952561376196,0.06448348316051461,0.0791084903686289
2023-05-30 00:00:00+00:00,0.04501809291967393,0.08785381711956633,0.12369822052140515,0.0955005579955119,0.14452441354139603,0.09607273633045238,0.060302944524208486,0.07222782891566282,0.09259225915374537,0.03936156049040245,0.06409484550318151,0.0787527229847934
2023-05-31 00:00:00+00:00,0.04405285943845898,0.08487560254722683,0.12173262338251091,0.10535326631303983,0.13954957475563304,0.09710445993616051,0.06107872793308751,0.07244078661427875,0.09394553056297042,0.03873006584176942,0.06266123393813895,0.07847526873672483
2023-06-01 00:00:00+00:00,0.04434872808697112,0.0854752290377396,0.12225308765336187,0.1058712576218059,0.13984917545508863,0.09636473343593446,0.061414650014871223,0.07274993588893225,0.09401868555412739,0.03843298035106763,0.06099156478798508,0.07822997211211478
2023-06-02 00:00:00+00:00,0.04416351938763957,0.08490446682101903,0.12284973565682174,0.10531225710355771,0.13935667543910848,0.09635559772938947,0.06491913836630345,0.07240224338272504,0.09363291094504993,0.03828966212462704,0.06033957292614943,0.07747422011760903
2023-06-03 00:00:00+00:00,0.04424707498268639,0.0838825232099658,0.12691477970980947,0.10682304297789227,0.14272966547181837,0.08848473195267675,0.06528817155946413,0.07265348429720042,0.0928190947176626,0.037894330566947326,0.06052501357646067,0.07773808697741576
2023-06-04 00:00:00+00:00,0.04428447843019709,0.08383960540974027,0.12688990696502278,0.10562210746767764,0.14268454362576488,0.08854371349489396,0.06657137729660584,0.0724999677356775,0.09288565043272352,0.03789372584931778,0.06052720484653968,0.07775771844583915
2023-06-05 00:00:00+00:00,0.04440522198749839,0.08299212173665231,0.12643931704351927,0.10577549007381223,0.14302006863080555,0.08864562722005923,0.0667712073503688,0.07248551185842975,0.09279724394337216,0.03818324893550645,0.060507476902281886,0.07797746431769399
2023-06-06 00:00:00+00:00,0.048920425629244306,0.09125449660274866,0.06715636525385978,0.11848715641788318,0.12637151816105305,0.09976984028977398,0.0740358855987602,0.07876950210366979,0.1042001624908674,0.04276868051999846,0.06496588583672483,0.08330008109541646
2023-06-07 00:00:00+00:00,0.0494240445620196,0.0907326624726259,0.06683568483190964,0.11817549681791743,0.12558690019004032,0.10040592506606756,0.07422997029790825,0.07915166516107817,0.10533353791263549,0.043203266947791745,0.06574665936939406,0.0811741863706118
2023-06-08 00:00:00+00:00,0.049408019416905376,0.09297727084184389,0.06649493422526895,0.1195098803705565,0.1272267931087049,0.09492039515440268,0.07584970702138646,0.07803311110018296,0.10256503273427145,0.044314516826076095,0.06733094289503729,0.08136939630536327
2023-06-09 00:00:00+00:00,0.049360882692685744,0.09278445538262972,0.06640456717657023,0.11940576071070962,0.12719940994920073,0.09489396108901485,0.07618176494375391,0.07860575319426116,0.10204451208785961,0.044512009896616904,0.06725674575358834,0.08135017712310921
2023-06-10 00:00:00+00:00,0.048517501654537304,0.0924592029494092,0.0666569517305921,0.11981998429569475,0.12746388919724935,0.09467507740221,0.07641374006014448,0.0798363785927323,0.09917029297180824,0.04508518646245032,0.0682245446224907,0.08167725006068145
2023-06-11 00:00:00+00:00,0.058228971793029535,0.09471100983619668,0.06855603055750854,0.11694414024731761,0.12361108409156905,0.09855591352832463,0.07348142285976436,0.0747571619387014,0.09310997647707318,0.047236172871076586,0.07122999247471846,0.07957812332471993
2023-06-12 00:00:00+00:00,0.059746977700683525,0.09310806270202517,0.06790008676362451,0.11579343316002419,0.1223906170126291,0.09789517377109408,0.0730480635013253,0.07902364115870257,0.09170135312840791,0.047615369305310705,0.0713844389914541,0.08039278280471882
2023-06-13 00:00:00+00:00,0.06069316143530784,0.0924747593893034,0.06747322437214022,0.11589354604100414,0.12189186529801943,0.10063491637443088,0.07289836185276921,0.07854469571236045,0.09107870744248264,0.04732925369468258,0.0710173514610583,0.08007015692644104
2023-06-14 00:00:00+00:00,0.06087929898981419,0.0922633643954373,0.066784982600338,0.11583277080080547,0.12167902165017905,0.10178134740215362,0.07283583939736196,0.07838132332262836,0.09085911370224635,0.04712684338551259,0.07106701084603695,0.08050908350748627
2023-06-15 00:00:00+00:00,0.062309412342471525,0.08937202298638558,0.06686565305101864,0.11611482456840866,0.12172868770708486,0.10298050196556961,0.07285030286587997,0.0784481398351043,0.09091066111590952,0.04721670335614683,0.07001271916466584,0.08119037104135471
2023-06-16 00:00:00+00:00,0.06918477504249397,0.08869344723131471,0.06649033078620972,0.11404774331202862,0.12075130272792352,0.1021642528950545,0.0732784156421274,0.0778534590489287,0.09008423618358974,0.046916653784625506,0.06978218614969028,0.08075319719601322
2023-06-17 00:00:00+00:00,0.0715629191903889,0.08834986943714429,0.06626009116053316,0.11377801954988799,0.12026494690277999,0.10270587065217636,0.07307576860368419,0.07749705518566083,0.08990046628914691,0.04671733747294378,0.06943375919329758,0.08045389636235604
2023-06-18 00:00:00+00:00,0.07159144838173839,0.08809144147629072,0.06594180729453246,0.11444068195926946,0.1200134734511989,0.1027827744100636,0.0732030608561541,0.0771888831791397,0.0892368640809775,0.04661209043994616,0.06956025329323659,0.08133722117745233
2023-06-19 00:00:00+00:00,0.07274934050605819,0.09422749461782157,0.06364149975309746,0.11952615232353034,0.11542800914301354,0.10023416489616721,0.07330681491351472,0.0760413115281858,0.08594836354269339,0.04580033278738031,0.07205011238714333,0.08104640360139419
2023-06-20 00:00:00+00:00,0.07260519795901259,0.09358156799782022,0.0632437156675711,0.11870058513618637,0.11482220731798047,0.10030634907432376,0.07314758435099825,0.07534525840170438,0.09040504242625932,0.045524049684853136,0.07158532502703784,0.08073311695625253
2023-06-21 00:00:00+00:00,0.07247068014998836,0.09301590456719949,0.0628427351587014,0.11802199584059327,0.11414687184635161,0.10009273806092472,0.07329782968881036,0.07445915003276303,0.09543906570024305,0.04517226147326635,0.07052645481672333,0.08051431266443489
2023-06-22 00:00:00+00:00,0.07291793954869107,0.09383552981972708,0.06338810291692115,0.11824217602339764,0.11452077927901023,0.10010940081447844,0.07019496830713107,0.07464329505550392,0.09701280616202798,0.04526012660483993,0.06930776797052182,0.0805671074977497
2023-06-23 00:00:00+00:00,0.07264361047000681,0.09346484992897387,0.06313689662447798,0.11813001057770259,0.1141257291582219,0.09996022621859266,0.06978496840032863,0.07445730324277249,0.09964852619334724,0.04519049552458349,0.06899357898584516,0.08046380467514719
2023-06-24 00:00:00+00:00,0.07295783653636005,0.0939892928970413,0.06340872551799596,0.11687477783319049,0.11415522388365461,0.10037662511044466,0.06909946505348101,0.07407996456348442,0.10129601680709342,0.045324387403737884,0.06935685828717521,0.07908082610634096
2023-06-25 00:00:00+00:00,0.07239330120662234,0.09331573408780974,0.06283018793067408,0.11622594218891896,0.11333064932378945,0.09940840514068724,0.06835032404586448,0.07267027642890526,0.10503511322080808,0.04897348037957723,0.06888012713103529,0.07858645891530792
2023-06-26 00:00:00+00:00,0.07193655699017723,0.09099410718742414,0.06126343943464504,0.11336844061116774,0.13248528860498257,0.09722357005060533,0.06751539327114185,0.07095489616422418,0.10251655882079605,0.04770236985532369,0.06731710547482397,0.07672227353468818
2023-06-27 00:00:00+00:00,0.07175795859086719,0.09098862687213936,0.06129591911953232,0.11367541589139432,0.13229131830590996,0.09674211038270024,0.06706069918249098,0.07105161103114249,0.10323690927048905,0.047699860998902104,0.06740191548596972,0.07679765486846245
2023-06-28 00:00:00+00:00,0.07218934998437185,0.09096568435999879,0.0613296617906616,0.11371912495994407,0.1320897165229102,0.09662986477632964,0.06705862353453923,0.07095970629816381,0.10317204886175094,0.04767712602329366,0.06737628946068674,0.07683280342734959
2023-06-29 00:00:00+00:00,0.07232332009843548,0.09114460232208631,0.06146313762945686,0.11443869826071838,0.13220692605826181,0.09487767375965003,0.06680135096817054,0.07113219690182863,0.10299015997773296,0.04795236711735044,0.06741293810815051,0.07725662879815796
2023-06-30 00:00:00+00:00,0.0702076077488013,0.09135982456409587,0.0615440694583779,0.11538057604660709,0.13247964504420776,0.09474914647791319,0.0666381618355209,0.07123368218242321,0.10339862393178417,0.04799305843790063,0.06753258699306808,0.07748301727929978
2023-07-01 00:00:00+00:00,0.07041469992417614,0.09141843417424146,0.061270926757850036,0.11581438097837303,0.1319400074407145,0.09575947849715444,0.06643486294844128,0.07221400215463437,0.10256057812129873,0.047934661926074776,0.06668770475892327,0.07755026231811808
2023-07-02 00:00:00+00:00,0.07026567546227076,0.0912288445718904,0.060705815328286616,0.1159512256602266,0.13163350927953743,0.09632811112167346,0.06632101286440877,0.0720964964697943,0.10260760009665126,0.047824604996351903,0.06712729511917433,0.07790980902973424
2023-07-03 00:00:00+00:00,0.0691927256817742,0.09250363529991745,0.05975665136706341,0.11694341272699527,0.13556460499685308,0.09611995878766837,0.06531638721561948,0.07200986654181753,0.10173275276285033,0.04729368699885691,0.06494945171585786,0.07861686590472604
2023-07-04 00:00:00+00:00,0.06920522487453773,0.09278076687771963,0.05972711428400189,0.11747969437025114,0.13550139108436113,0.09610869610689676,0.06528639929354485,0.07200122588099842,0.10180417275339938,0.047476005873954924,0.06389022570559844,0.07873908289473558
2023-07-05 00:00:00+00:00,0.06897499076478449,0.09424108974326488,0.059514268368038734,0.11733443982900144,0.13519021956170374,0.0957524736498858,0.06516046670765131,0.07174741750551993,0.10164304972652581,0.04794345194007628,0.06342314823128724,0.07907498397226016
2023-07-06 00:00:00+00:00,0.06842910705105312,0.09869972301440998,0.059034030020152214,0.11879733870558211,0.13414072270785624,0.09479858362549795,0.06456916203234211,0.07110919644904487,0.10080563330491259,0.0471497781664307,0.06356544599554026,0.0789012789271779
2023-07-07 00:00:00+00:00,0.06873566294591317,0.09866503930307373,0.059065234335199994,0.11882861583879824,0.1343181897280859,0.09497774892480021,0.06469176486836996,0.07123462600241208,0.10102456176076843,0.04746303176641271,0.06215973710133381,0.07883578742483184
2023-07-08 00:00:00+00:00,0.06223994986075456,0.11921530744638156,0.054901018338236525,0.12176376274799743,0.12404610183787358,0.08736772799611443,0.07287304828121971,0.06580454602995203,0.09506282618276714,0.062258322358637194,0.057559612169526334,0.07690777675053935
2023-07-09 00:00:00+00:00,0.06199705680261724,0.1190804340071169,0.054689758729465195,0.12348680689130041,0.12360448126331088,0.08706089607220094,0.07255137387828343,0.06557719815883821,0.09498990367512693,0.06237147511956904,0.05738117088940914,0.07720944451276161
2023-07-10 00:00:00+00:00,0.061184514016282464,0.1174851735921054,0.05413857599862701,0.1297021728521558,0.12198982994062978,0.0859198814063417,0.0735782445591938,0.06472398554258685,0.0937484874434896,0.06249804381405414,0.056463274907443094,0.07856781592709039
2023-07-11 00:00:00+00:00,0.06151819977293745,0.11860474027684804,0.05480659966990015,0.13239335337688046,0.12239465418142692,0.08640347258720925,0.07419001527112867,0.06498460286121578,0.08683278863891797,0.06290740777030641,0.05651428387761275,0.07844988171561626
2023-07-12 00:00:00+00:00,0.06171815107879965,0.11895870474086558,0.054783258801100444,0.13196979115363563,0.12241361470257443,0.08653136814812465,0.07424455713568837,0.06498251168157604,0.08651887291892378,0.0629274817959909,0.05652058424139781,0.07843110360132283
2023-07-13 00:00:00+00:00,0.06262301211349929,0.12114052908845199,0.05546791391905675,0.1258581593361402,0.12427831820848645,0.08793358947421932,0.07545207894957448,0.0659523190201125,0.08051054476613853,0.0640095892781611,0.05736503744575,0.07940890840040925
2023-07-14 00:00:00+00:00,0.06862842035055369,0.14351570466507013,0.06448816963520783,0.08726666923072651,0.1222551336832211,0.06528488097164413,0.09025959267563884,0.07755701384339418,0.09327717576915784,0.07076994907090742,0.06779276237897626,0.04890452772550204
2023-07-15 00:00:00+00:00,0.07006803343691463,0.14575616780896458,0.06399501149373335,0.08645279826819922,0.11543617471276249,0.06562681078392572,0.09270200316091931,0.0792262954870918,0.09471633132802203,0.06614422802245674,0.07084596573017964,0.04903017976683051
2023-07-16 00:00:00+00:00,0.06972803318660382,0.14638397884625454,0.06372509263349821,0.08603113176892113,0.11402082328040944,0.06530035004804396,0.09437961895899255,0.07881108140903792,0.09427558168373978,0.06576129049760492,0.07280614262806157,0.04877687505883223
2023-07-17 00:00:00+00:00,0.06893695688332921,0.14720203187665967,0.06340369923207186,0.0833459338212644,0.1103234741616751,0.06356310729801701,0.094277066393116,0.09035928931481271,0.09207033228424082,0.0634804184918548,0.07600251595843789,0.047035174284520684
2023-07-18 00:00:00+00:00,0.07055025587341034,0.14671566414494044,0.06249103673497251,0.08287726483083434,0.10888652090926758,0.0627729057865147,0.0935502413124639,0.0899396202207136,0.09085460510418204,0.06299289711753726,0.08267581617243487,0.045693171792728214
2023-07-19 00:00:00+00:00,0.07045317565013592,0.1472243510412727,0.06265848918066862,0.08285445323066515,0.10889517337564698,0.06301185097062735,0.09233853658203693,0.09021030574180393,0.09066553945357729,0.06306269290488802,0.08304536845662258,0.04558006341205455
2023-07-20 00:00:00+00:00,0.070445656944929,0.14726089415119117,0.06260039445017766,0.08293437347966261,0.10874872556372232,0.06296991476749335,0.09229601264563207,0.09024370448768318,0.09069604761287696,0.0630878346878127,0.08312665955149703,0.04558978165732178
2023-07-21 00:00:00+00:00,0.07324895312799817,0.14734683618312963,0.06254056968137735,0.08300084054234151,0.10892449758229987,0.0630044542228324,0.09252768705881897,0.09143730418123557,0.09079895716346043,0.0634511821845321,0.08318682219016094,0.040531895881813246
2023-07-22 00:00:00+00:00,0.07314846477082478,0.14712064476411488,0.06244545587537486,0.08256212347397385,0.1079135665555202,0.06449138346191742,0.09263036465472536,0.09200008342662773,0.09073998474324813,0.06331814450486743,0.08299185204024592,0.04063793172855941
2023-07-23 00:00:00+00:00,0.07571235718743174,0.14673826103926887,0.06243009071498678,0.08178359265942307,0.10665477329776539,0.06431204934871074,0.09221921729753992,0.09320379971122028,0.0903849966724227,0.06313466547552563,0.08285429854330374,0.04057189805240113
2023-07-24 00:00:00+00:00,0.07586671034119759,0.14445798462652493,0.0615062845053303,0.0806988532643541,0.10511168825746785,0.06325102871132969,0.09086429387928624,0.09323865517701482,0.09199457779648419,0.07065219897272876,0.0823317805157232,0.0400259439525583
2023-07-25 00:00:00+00:00,0.0758694124505439,0.145041342746894,0.06172074913539443,0.08028277029340358,0.1049376091224057,0.06314164522620326,0.09020521008128048,0.09473989647901107,0.0910496576344123,0.0701259832622516,0.08282366876707833,0.0400620548011214
2023-07-26 00:00:00+00:00,0.07688960018516561,0.14694580812949834,0.06255477919350733,0.08133076054982116,0.10075074673276485,0.06398505003522598,0.09038502504501333,0.0942551443230838,0.09067437800320605,0.06749248582566299,0.0841317891584841,0.04060443281856631
2023-07-27 00:00:00+00:00,0.07691017374849332,0.14779556833050153,0.06284168621112744,0.08186203488212859,0.10038108048198328,0.06437569234442231,0.09103644171669972,0.09502011165030565,0.08978988142598926,0.06502689736238883,0.08421293629162918,0.04074749555433068
2023-07-28 00:00:00+00:00,0.07637092288738129,0.14771329023679322,0.062178796761876744,0.08140581762970774,0.10020234741919241,0.06430134402798758,0.09066182500942982,0.09442702461342692,0.08763514979410773,0.06497529851523176,0.08963572034806334,0.04049246275680152
2023-07-29 00:00:00+00:00,0.07703319630925437,0.14866090586779027,0.061970345479585444,0.0811846497399997,0.10015948409375101,0.06427193038203101,0.09082183896772335,0.09352776287512325,0.08737105745269362,0.06528126933288413,0.08941484941480042,0.04030271008436347
2023-07-30 00:00:00+00:00,0.07773752939452498,0.1531906094133811,0.06133979951485357,0.0803674323760155,0.0996597241648169,0.06366170316546373,0.08991333822927913,0.09226085361655885,0.0871575576498742,0.06468047793607644,0.09011107648374184,0.03991989805541387
2023-07-31 00:00:00+00:00,0.0776053398282381,0.15276875192961142,0.06116777660679163,0.07998461994270667,0.09950718659586395,0.06391699643980064,0.0899348755791227,0.09024192426246239,0.08727121974700616,0.06610744442148271,0.0916337665604417,0.03986009808647181
2023-08-01 00:00:00+00:00,0.0758049326996793,0.1538812995315976,0.061064030560602306,0.07987089719366773,0.09936474549794877,0.06371847334168211,0.08973657150051638,0.09025513550782605,0.0871956225038093,0.06588340923889542,0.09340404875592612,0.039820833667848964
2023-08-02 00:00:00+00:00,0.07483412028852063,0.15848758626680703,0.06055612665110781,0.07937490509705944,0.0984532949964625,0.06425200811430483,0.08908414565962905,0.08930763398841372,0.0869373126532789,0.06645055486846144,0.09284490574956557,0.03941740566638886
2023-08-03 00:00:00+00:00,0.07458599323800512,0.15937037484800592,0.05980316214141707,0.08008751856977467,0.09779094076459827,0.06345016299627125,0.08938311257988821,0.08993055141223887,0.08733059336811666,0.06566023576982612,0.09315893761510587,0.039448416696752
2023-08-04 00:00:00+00:00,0.07415473540211673,0.16462706615658312,0.0594884097128368,0.07960216279459817,0.09716828514746195,0.0626274366275929,0.0889157000103492,0.08967724825814705,0.08708479040189329,0.06516885529185622,0.09232643229467596,0.039158877901888656
2023-08-05 00:00:00+00:00,0.07226622824473034,0.1642550215195222,0.08795074902711411,0.07375825695156871,0.1013984649309261,0.05802459232918085,0.08351141825320264,0.08659334891848053,0.0805670242228059,0.06293713865818654,0.09225996678245853,0.03647779016182367
2023-08-06 00:00:00+00:00,0.07111701623140294,0.17252891378917767,0.0886073920041375,0.07266622936982799,0.10045954187316228,0.05695256916181397,0.08824089609786691,0.08264951080170357,0.07878500909735199,0.061753685365563145,0.09014182303084038,0.036097413177151524
2023-08-07 00:00:00+00:00,0.07437390883560979,0.17008515236695934,0.09430366879399019,0.07108862513491605,0.0984325795076823,0.05709954594150115,0.08622859693895985,0.08478515217087794,0.08000047869863701,0.06039909563468698,0.08798618850702751,0.03521700746915175
2023-08-08 00:00:00+00:00,0.07468361430607065,0.17140042207696815,0.0944671975033377,0.07112653612033494,0.09854587754266332,0.05716897870952057,0.08375381309912627,0.08489637983129761,0.08033771677654056,0.06029898638267552,0.08804868482747007,0.03527179282399451
2023-08-09 00:00:00+00:00,0.0774678960282528,0.1755057482913623,0.09325736575528751,0.07004927625804107,0.09746946218051583,0.05700812719253156,0.08246145060525957,0.08412295464244182,0.0812795014742673,0.059654184084365555,0.08690764391095612,0.034816389576718496
2023-08-10 00:00:00+00:00,0.07515771262129095,0.1794096234568898,0.090554668112128,0.06472119044617158,0.09303683833040403,0.050918085536295406,0.0897609803876988,0.10575152136582458,0.08420486224001393,0.05670297126508592,0.07827195671661297,0.03150958952158397
2023-08-11 00:00:00+00:00,0.07399986254553056,0.18731678949433056,0.08999461857111704,0.0640602490883748,0.09215740830874447,0.0502986987282265,0.08884004007543252,0.10488848423274434,0.08363119706995105,0.05615382656459284,0.07744764059510056,0.03121118472585469
2023-08-12 00:00:00+00:00,0.07410801539991575,0.18848293907154284,0.09035728341792126,0.06407199007926857,0.09217322472040834,0.050243770310059846,0.08883081752317308,0.10376771162211004,0.08309512648581815,0.05615160248976885,0.0775231444697169,0.031194374410296367
2023-08-13 00:00:00+00:00,0.07334982573794047,0.18875466470518124,0.09202383362387057,0.06402482276048267,0.09201304035884701,0.05017771453608115,0.08877849912667475,0.10305782961721202,0.08298558409539146,0.05627452427556861,0.0774178527697877,0.031141808392962555
2023-08-14 00:00:00+00:00,0.0627395699240733,0.27120425758921973,0.0830741095126422,0.05728942548170388,0.0824148845425985,0.04498642233718941,0.07957680657382897,0.09232478391631255,0.07481772742242408,0.05051435390052831,0.07315977238601944,0.027897886413459607
2023-08-15 00:00:00+00:00,0.05901000874493264,0.2750899342920727,0.08316282068156917,0.057646918491398205,0.08249720454498602,0.04495369452240698,0.07903008212519062,0.0918973766107402,0.07540013002934924,0.050456455216586656,0.07326303410954288,0.02759234063122469
2023-08-16 00:00:00+00:00,0.06728306996296124,0.24937208004790085,0.09366711408380415,0.06435505855072608,0.0938300578197992,0.050019771722179994,0.07097245660499787,0.07736713096365194,0.07132080761793858,0.05605333146986174,0.07438707750108772,0.03137204365509057
2023-08-17 00:00:00+00:00,0.08071941576748816,0.15744265464769708,0.11119792521167864,0.07653526260209027,0.08777514490400266,0.05982687318656294,0.08341509484550332,0.07604469307156903,0.08266054000390825,0.058452155442314274,0.08830797200032595,0.037622268316859435
2023-08-18 00:00:00+00:00,0.10135763626659279,0.060997391543033026,0.12814535418954254,0.09394834157416146,0.07762653142171132,0.07329612910685705,0.0992484249380549,0.07610596345937161,0.07653559719997545,0.05807736511409106,0.10760787243400342,0.04705339275260538
2023-08-19 00:00:00+00:00,0.10216621456685698,0.061154858891760734,0.12837412320516106,0.09395293269602178,0.07644522585686857,0.07309549702633274,0.09909324424776139,0.07598387042387343,0.07676242859952508,0.05794844878129421,0.10784298021534237,0.047180175489201684
2023-08-20 00:00:00+00:00,0.10212691253786166,0.06094622963597974,0.12840033142840646,0.09397606208444353,0.07621467624088403,0.07285254229880739,0.09886104287428545,0.07602092105931701,0.07664870175593788,0.0576774221111477,0.10917510907399573,0.04710004889893344
2023-08-21 00:00:00+00:00,0.10101971969660918,0.05986181509691519,0.12638073846098785,0.09289893937030626,0.07524367551598528,0.07208471790250183,0.10529425093401591,0.07522267089846771,0.07566360078093956,0.05728944613343398,0.11253909586988606,0.04650132933995116
2023-08-22 00:00:00+00:00,0.10143297366682553,0.06000560929268515,0.12652128047686034,0.09272843366336365,0.07531743658538877,0.07201094386267047,0.10409676774939329,0.07536287103708682,0.07547543763860995,0.05730022736586747,0.11319890481285043,0.04654911384839826
2023-08-23 00:00:00+00:00,0.10111322362549986,0.05968617418476439,0.12597711011127857,0.09319629302378714,0.07512557520534915,0.07167192701540948,0.10620185676997858,0.07552788115575362,0.07513176244668192,0.05720393926624793,0.1124916937990825,0.046672563396166974
2023-08-24 00:00:00+00:00,0.10059246174035927,0.05962768470029092,0.12643772964022884,0.09297656380245838,0.07483427495207544,0.071164179572854,0.10722311504959994,0.07624145524272695,0.07502362839679974,0.056937838932389906,0.1124684473158447,0.04647262065437199
2023-08-25 00:00:00+00:00,0.10053152790448769,0.05958314812967804,0.12627871503900648,0.09285281198817985,0.07480246192829958,0.07114620417770712,0.10793281459628618,0.07613900265893156,0.07499892561537626,0.0569772625129268,0.11241672925034638,0.04634039619877407
2023-08-26 00:00:00+00:00,0.10066491914237255,0.0593802244010183,0.12619743174651657,0.09248458077323657,0.07463138407126643,0.07106649503775778,0.10935855997805637,0.07598357756980584,0.07484035313710653,0.056956410537264635,0.11219117829244624,0.04624488531315225
2023-08-27 00:00:00+00:00,0.10084867453907544,0.059389636181210285,0.12593810476247255,0.09246471534533815,0.07468828132570154,0.07116191365888196,0.10931609025272694,0.07605790973225143,0.07486978702248905,0.056815843690705366,0.11221111541085724,0.046237928078289935
2023-08-28 00:00:00+00:00,0.10054890289061981,0.05908362283397414,0.1270099658326128,0.09198443668660991,0.0742770102697675,0.071234609913766,0.1103931910518762,0.07573788101696176,0.07456687515563808,0.05648918696680364,0.11265869464903211,0.04601562273233802
2023-08-29 00:00:00+00:00,0.10552951303150306,0.05868300190649511,0.12615389911952715,0.09125737173082098,0.07371773531967082,0.07078873822215244,0.11059538563493719,0.07523777216582231,0.07401169237971816,0.05619489460532764,0.11212468086942129,0.045705315014603856
2023-08-30 00:00:00+00:00,0.10534165740562818,0.05859388779776777,0.1253595781886189,0.09129899303752821,0.07190120047806771,0.07170499041182395,0.10900455749959231,0.07564578391970835,0.07353724402178118,0.05583993237895328,0.11617251994780768,0.04559965491272244
2023-08-31 00:00:00+00:00,0.09705437922991597,0.059512405694194144,0.12908864264706624,0.09292296725303353,0.07250483648305563,0.07290454911135584,0.11089247720245715,0.07669733239327373,0.0735941458044139,0.05674441877123336,0.11179034893240387,0.04629349647759673
2023-09-01 00:00:00+00:00,0.09658399186224233,0.05978237659809751,0.12699982223833953,0.09103299802769836,0.07231062590633647,0.07268138568937309,0.11037039089657764,0.07687669831740129,0.07337562687677986,0.056776114520708305,0.1167966501751864,0.046413318891259395
2023-09-02 00:00:00+00:00,0.09631309260023921,0.05880130095140383,0.12628281689780094,0.09085426780961074,0.07211469184168678,0.07252626511226905,0.11018926721475061,0.07647893142330991,0.07322996837416956,0.056558380238223634,0.12037734099596373,0.04627367654057186
2023-09-03 00:00:00+00:00,0.09617076015533044,0.05871181339341744,0.12630736285940955,0.09079389621332885,0.07203068949125525,0.07241175618497411,0.11008133194588567,0.07645343078640236,0.07313376152358557,0.05652780025423876,0.1211325413434629,0.04624485584870918
2023-09-04 00:00:00+00:00,0.09606482571048063,0.05819088859897437,0.12645735180064416,0.09110686970563556,0.07198951326568977,0.07232940674621219,0.10995224285327365,0.07645234551206989,0.07305247289666887,0.05681358162216328,0.12127594249223712,0.046314558795950554
2023-09-05 00:00:00+00:00,0.09515969783880064,0.05759546953103409,0.12628953006707014,0.0903700490848133,0.07130359445936674,0.07161413783578453,0.10892361526037558,0.07568581631716005,0.07219841043131152,0.05629730536985948,0.12863507892714202,0.04592729487728194
2023-09-06 00:00:00+00:00,0.09637923086945477,0.05742818446117044,0.12601768841653493,0.09006828076467734,0.07096705371062048,0.07138301994932032,0.10868078690411655,0.07538278150776713,0.07193019962274678,0.056111165585244746,0.12993308196311842,0.045718526245228
2023-09-07 00:00:00+00:00,0.09617358106365066,0.05743870910858549,0.12603498721718007,0.09004619182868366,0.07098316974325157,0.07139197728050845,0.10880218529173373,0.0754118887216397,0.07192996695740886,0.056201575206433006,0.1299465049516988,0.04563926262922603
2023-09-08 00:00:00+00:00,0.09622432187030042,0.057343364293492426,0.1261105191824727,0.08990767508143231,0.07087267844692466,0.07127874821212168,0.10840330760083645,0.07524268534327894,0.07182716148878794,0.056086278038616766,0.13115332520795273,0.04554993523378299
2023-09-09 00:00:00+00:00,0.09584540477322723,0.057148231902283166,0.1264360656778524,0.0895624691662482,0.07063389182608547,0.07102022282071488,0.10807216824176408,0.07499819633223137,0.07372151930306618,0.05588599588174774,0.13114575958846816,0.04553007448631113
2023-09-10 00:00:00+00:00,0.09616115947442376,0.05705176249685698,0.12710548021792092,0.0894264839470989,0.07052696232989161,0.07091623397151485,0.10796891872558019,0.07489245291950705,0.0737885954869133,0.055793324820047785,0.1309107204709449,0.04545790513929976
2023-09-11 00:00:00+00:00,0.09290179788107221,0.05705061503352455,0.12876040749267842,0.09120298171879956,0.06968815519341284,0.07089564853924442,0.10661930745780653,0.07474173219533961,0.07651791877638367,0.055525289205627486,0.13064103377191472,0.04545511273419601
2023-09-12 00:00:00+00:00,0.09112851812011477,0.0499996854634256,0.12920396385821148,0.1100807723145183,0.06363532908048108,0.10124457682231089,0.09369016795388675,0.06619411363146682,0.0647226406402206,0.04969150074131709,0.12095169853516789,0.05945703283887868
2023-09-13 00:00:00+00:00,0.07983042793894865,0.04830045364954204,0.14149940361692714,0.11408496091096347,0.062050639884847145,0.10299126229548757,0.09048393505003043,0.06423910609669571,0.06138577865203342,0.05084792238817265,0.12755601916244372,0.05673009035390809
2023-09-14 00:00:00+00:00,0.08039371137365342,0.04861509141847897,0.14303963764871452,0.10822111712035604,0.06257258486097614,0.10356767167701841,0.091090891914474,0.06464029846244294,0.06172021104773032,0.05102299731221273,0.12798271303583275,0.05713307412810972
2023-09-15 00:00:00+00:00,0.0800243190260416,0.048431412313211526,0.1437636231264303,0.10906444435032052,0.06254190739453931,0.10431625853208704,0.09222114956258089,0.06149342792837153,0.06155556946059938,0.05104312009157432,0.12773556702955688,0.05780920118468672
2023-09-16 00:00:00+00:00,0.0799265369245702,0.0481875832955178,0.1436062773864188,0.10854158728223631,0.0624112774185947,0.10426641369571364,0.09204480113623681,0.06137617439330324,0.061322373336753146,0.05096858306763488,0.1262226680819327,0.061125723981087905
2023-09-17 00:00:00+00:00,0.07991223348935338,0.04796489197704837,0.14296382852792858,0.10915664976814031,0.06223600379019883,0.1038982150589515,0.09378122096737912,0.06105298978139005,0.06125862149135598,0.050691842267478686,0.12564124482473704,0.06144225805603818
2023-09-18 00:00:00+00:00,0.07999793407192911,0.04797169778182447,0.14369402105176066,0.10881588636167483,0.06226724581624639,0.10492435373211353,0.0935766302827748,0.060393779996173805,0.0611484684773982,0.050455569086040694,0.12528569003805767,0.061468723304005934
2023-09-19 00:00:00+00:00,0.07664647453870949,0.04613809285943592,0.13943621319161878,0.10543664177685699,0.060052893571740366,0.10122607668226087,0.09053309573927659,0.05821627474399486,0.05887088496981787,0.04876821828253607,0.12021108689543372,0.09446404674831872
2023-09-20 00:00:00+00:00,0.07749857947885151,0.04660647223866758,0.14112763060937863,0.10701897427447235,0.06046699763239266,0.10233001100920829,0.0914225862806168,0.058854904216891955,0.05938058473523904,0.04921865750869869,0.12167381731170443,0.08440078470387824
2023-09-21 00:00:00+00:00,0.07733262392944554,0.046402308421072715,0.1408365455184406,0.10890153823231027,0.05977737310437478,0.10205362002657702,0.0925903556947411,0.05863618729190744,0.05922678968981455,0.04900904341322062,0.12110095144833838,0.08413266322975692
2023-09-22 00:00:00+00:00,0.07786359414794705,0.046703451605356584,0.14163110497963474,0.10936609962873751,0.060157992771696776,0.10242100016685744,0.09335139608240056,0.058890649328752806,0.05966444302357666,0.0492974039783845,0.1218696326389773,0.07878323164767811
2023-09-23 00:00:00+00:00,0.07752792309046577,0.046294690145395986,0.14064960606759266,0.1115055175946902,0.05974424649699903,0.10392519466240913,0.09339766202381011,0.05843078840101749,0.059730109477383164,0.04911084585375442,0.12098335804443826,0.07870005814204376
2023-09-24 00:00:00+00:00,0.07701060143529084,0.04599989739589018,0.13994511518826305,0.11087521886024088,0.06067632640431919,0.103289944024678,0.09484117186756319,0.058441570498478757,0.06019089936547264,0.05027364892889412,0.1204094007018141,0.0780462053290951
2023-09-25 00:00:00+00:00,0.07709698961136262,0.04563648953565761,0.13933393058011345,0.10999118236278554,0.06046099523831461,0.10227970121574016,0.09414898397621635,0.05787456681825685,0.06026008683797245,0.05180808898558348,0.12238949700476247,0.0787194878332344
2023-09-26 00:00:00+00:00,0.07699247449105442,0.04546993747987729,0.14272888843407625,0.10952726430504514,0.06036859020398637,0.10169932095633312,0.09370533269268383,0.0575545720209505,0.06039250671674407,0.051624635089712566,0.1229003013852723,0.07703617622426412
2023-09-27 00:00:00+00:00,0.076866411249092,0.04551429476742748,0.14254164068808536,0.10892656932340211,0.06043265576945665,0.10179187135104095,0.09375749985946388,0.057839516996860366,0.060466913150572364,0.05159297199553698,0.12301672970630945,0.07725292514275238
2023-09-28 00:00:00+00:00,0.07741246986278041,0.045849034227882626,0.13916918669397554,0.10915163993884049,0.06105534149323624,0.10267685581932162,0.09283301316260764,0.05847959468479066,0.06095667919235809,0.05182653730432127,0.12376824697785259,0.07682140064203286
2023-09-29 00:00:00+00:00,0.07647335597688197,0.04543849456049002,0.13790243003880268,0.10885621588311778,0.060527997740682904,0.1010916336978406,0.09088179144195165,0.05871092141992528,0.059925121124812936,0.05142113982870692,0.1322705549307712,0.07650034335601619
2023-09-30 00:00:00+00:00,0.07822381282293245,0.04483712450373521,0.13776708855671463,0.10990684413653459,0.0603438158341941,0.10086869261765671,0.09053934809131409,0.0585897481677748,0.059736345808807136,0.05115767302838936,0.13190995769484898,0.07611954873709775
2023-10-01 00:00:00+00:00,0.06980976760576763,0.04481303008946831,0.13811354282171542,0.11170550650681735,0.06037015726812525,0.10682629401737964,0.09063371866269505,0.058609697411964985,0.0596188471531023,0.05190034535536488,0.13199293269172963,0.0756061604158696
2023-10-02 00:00:00+00:00,0.05494412956921199,0.04545602824760453,0.15550533084250234,0.11283499203824103,0.061414742590910384,0.09940704499598596,0.09020942508750798,0.05938127611361342,0.05741962669280866,0.05344127636095777,0.13270635225719882,0.07727977520345704
2023-10-03 00:00:00+00:00,0.055563880364485604,0.04606698161232315,0.15766966079269948,0.11457590913538802,0.062266767619804646,0.09642247215230057,0.08723471381555852,0.06008080073226253,0.05665929636637506,0.05394904380541411,0.1340463706924678,0.07546410291092064
2023-10-04 00:00:00+00:00,0.05555608907074024,0.04598054130209327,0.15799968916149476,0.11459619674308279,0.06225440774662166,0.09662740270781639,0.08702793379735621,0.060109399155443735,0.05644963088871278,0.05394499567273168,0.1340107074851421,0.07544300626876439
2023-10-05 00:00:00+00:00,0.055393078901592396,0.04595826123624869,0.15816316366684413,0.1145782136319094,0.062324623122809286,0.09661562828656335,0.08690911813630978,0.061346343750816455,0.0563739240042077,0.05401705256723301,0.1335342358449437,0.07478635685052211
2023-10-06 00:00:00+00:00,0.05527688390836722,0.045824391128809566,0.15818336299588073,0.11481158240716006,0.06237605697557795,0.09681002494275448,0.08724438262872229,0.061587551122720775,0.05585421942539074,0.053984266496142,0.13354107598660309,0.07450620198187118
2023-10-07 00:00:00+00:00,0.05516927412189118,0.04592460557222766,0.15853613123463137,0.11470277690501941,0.06247087653179978,0.09689021360925536,0.08695059045632442,0.061524302231446046,0.055571845511384735,0.05411616799439122,0.13377214126077175,0.07437107457085716
2023-10-08 00:00:00+00:00,0.055507864688475364,0.04579673846047735,0.15824026742466452,0.11552832894962838,0.06233799734406135,0.09758103908091662,0.08557920273431249,0.06181599380238916,0.05576452953335832,0.05409660879657789,0.1335995851941172,0.07415184399102148
2023-10-09 00:00:00+00:00,0.05560580911524218,0.045829025104036455,0.15857429993446676,0.115656943541676,0.062404410731070635,0.09781291106744129,0.0843361639231724,0.061905153459254514,0.055798613774834374,0.05416029035091433,0.13375597503065817,0.07416040396723288
2023-10-10 00:00:00+00:00,0.055510103900224254,0.04568805644240838,0.15846236318578324,0.11679780569019046,0.060800458374115685,0.09912155597202739,0.08262079705502709,0.06254311370630304,0.055788375225295596,0.05451772875414294,0.13446640108215901,0.07368324061232281
2023-10-11 00:00:00+00:00,0.056078088565438916,0.046091522792464756,0.15541606421016582,0.11405401307814028,0.06138407119123641,0.10062243213660495,0.0833939364264641,0.06319261163269274,0.05654961358926665,0.05514417701782809,0.13352460154564672,0.07454886781405037
2023-10-12 00:00:00+00:00,0.05654348490187502,0.046170192941929714,0.15631940051346477,0.11056601414568844,0.061656911302216545,0.10110745147272197,0.08376209815636866,0.06333981007243554,0.056830467903659566,0.05540945175033654,0.13329136517808368,0.07500335166121944
2023-10-13 00:00:00+00:00,0.05733699349497192,0.046108376647403554,0.15726439632333364,0.10772380230336616,0.061740562950351074,0.10147582112515656,0.08380736272858096,0.0638220581365386,0.056826409525585535,0.055434856590701964,0.13340509751510848,0.07505426265890149
2023-10-14 00:00:00+00:00,0.05891879472678302,0.04592827585700442,0.1571793101481765,0.10362898254964194,0.061636261701523976,0.10161048189390841,0.08430916754995645,0.0637671235892934,0.056665596996484095,0.05499503646569855,0.13347029674522268,0.07789067177630635
2023-10-15 00:00:00+00:00,0.05496727309091971,0.04308697717661526,0.1481777633985054,0.09882332787780071,0.0571399362217273,0.10040299257511281,0.09503106115640364,0.0637291584842436,0.05612744231882201,0.05164523748416681,0.15820778670979677,0.07266104350588597
2023-10-16 00:00:00+00:00,0.05311502662580357,0.042713134464142315,0.1457891370433493,0.09663174398512983,0.06074730314833034,0.09804613337889011,0.09411165889354291,0.07040137481288096,0.05512214152173394,0.05557528667182052,0.15736339911152336,0.07038366034285282
2023-10-17 00:00:00+00:00,0.040896421188215175,0.0789748698396362,0.1393735627983507,0.07918118055820858,0.07557630317975042,0.08574741367108873,0.08003202947348147,0.08714690821375694,0.058475255057177426,0.07438524576207549,0.14227311196113243,0.05793769829712647
2023-10-18 00:00:00+00:00,0.04066437857666303,0.07838744088119089,0.13895568967534164,0.07827218003620721,0.07826519085715275,0.08681537747587785,0.08030039079415402,0.08800278007375888,0.05819227061589375,0.0733097637588314,0.14127188218068182,0.057562655074246995
2023-10-19 00:00:00+00:00,0.04070269277996114,0.07881568144411329,0.13945434009444604,0.07850123929728636,0.0784897625408828,0.08708091947473683,0.08013924646427063,0.08813963260474225,0.05810319573715673,0.07475794390135278,0.13809706732170976,0.05771827833934156
2023-10-20 00:00:00+00:00,0.040826974186138135,0.0752532952483464,0.14091760344285434,0.07935033694205947,0.07931193710341047,0.08422121839796196,0.08031183794342694,0.08908617331282526,0.0586158843100658,0.07552254670606685,0.1382435776238807,0.058338614782963746
2023-10-21 00:00:00+00:00,0.039634528429411196,0.07514673171727557,0.14543027943788123,0.07870162004367039,0.07934207327186091,0.08446801100573156,0.08204338011545674,0.08819466790061274,0.057891094507462944,0.07493078382576773,0.13618635894942904,0.058030470795440076
2023-10-22 00:00:00+00:00,0.039654032872790825,0.07669458094415423,0.14852836903974934,0.07599812867082038,0.08069194461544317,0.08662237692181021,0.08370410061100601,0.08909506675463628,0.05800142875280434,0.07098032272718165,0.14001256096362136,0.05001708712598228
2023-10-23 00:00:00+00:00,0.03975214388054331,0.0767068576207621,0.15303894726601963,0.07571052299273327,0.0810865924190542,0.08817109156894026,0.08264601891418143,0.08897454046751135,0.055282658447975294,0.07076995508199241,0.13993156609865243,0.04792910524163428
2023-10-24 00:00:00+00:00,0.040952404618483394,0.07959383963009792,0.1565055904036089,0.07944294718598323,0.07963350682817551,0.08470268983441727,0.08509724449424368,0.07392155013851152,0.05731470078190932,0.06875044797419667,0.14316539254368194,0.0509196855666906
2023-10-25 00:00:00+00:00,0.04076465295113051,0.07997222643902285,0.1571472948530107,0.07835893051418327,0.08009510673037426,0.08553998497325259,0.08499948067418212,0.07111208320227586,0.0575242510102479,0.06904932774861545,0.1441839644811376,0.051252696422566926
2023-10-26 00:00:00+00:00,0.04035718889290081,0.0801034617703839,0.15762164207373408,0.07787860221508924,0.07964749471654688,0.08562890730534357,0.08452884406851895,0.07120476388121358,0.057557966782844444,0.0701396569174046,0.1444185005783563,0.05091297079766376
2023-10-27 00:00:00+00:00,0.040686159744762695,0.08063604021756889,0.15931408401452793,0.0782059206072514,0.07817424094072535,0.08568305066993505,0.08133662681425548,0.07078831211915243,0.05798066997554673,0.07060244095112296,0.14535646416042258,0.05123598978472862
2023-10-28 00:00:00+00:00,0.04084077521735402,0.08105015425135673,0.16066767215264277,0.0783766142216877,0.07668504609226891,0.08681734253638575,0.07938446241709092,0.07038371081131536,0.057756098091405285,0.0710760793537387,0.14532507872737155,0.05163696612738232
2023-10-29 00:00:00+00:00,0.04011291992295333,0.0799399690076239,0.17106168037139582,0.07705888500631855,0.07994354561048453,0.08538665806880799,0.07870842866709099,0.0656230405120331,0.05732751111162984,0.07127062666715468,0.14261157499487961,0.050955160059627726
2023-10-30 00:00:00+00:00,0.04012863377005661,0.07664311081807296,0.16611723438456136,0.07315589518514573,0.07847337654689382,0.08190974631327333,0.07433721725572742,0.05893498092188432,0.0558414409737872,0.06754086129377923,0.177748877167274,0.049168625369543945
2023-10-31 00:00:00+00:00,0.03898999411603338,0.07371091617392249,0.17519142068849358,0.07249123243594535,0.07815885387484477,0.08095706723937765,0.07337252150611108,0.057499164082013554,0.054897331971063966,0.06647746347097368,0.18027049020939515,0.04798354423182527
2023-11-01 00:00:00+00:00,0.038251438382543496,0.07820916987533366,0.17651375407396602,0.07206609173583861,0.07756012005614261,0.07895620598888958,0.07288504005373982,0.05666760733757642,0.05449741427816627,0.06636327878477845,0.1801838707232246,0.047846008709800575
2023-11-02 00:00:00+00:00,0.0385483292628117,0.07913247008695655,0.17872471093440162,0.07003815606996341,0.07859860927433966,0.07750561498519035,0.06839401856042882,0.05741407575222677,0.05403618116893676,0.06610519524460548,0.18302131696075447,0.04848132169938429
2023-11-03 00:00:00+00:00,0.038584590970006445,0.0816832148510685,0.1782533223004099,0.06993991750035487,0.07871077589777088,0.07559998062377953,0.06789776316552709,0.0575233859906512,0.05410915770821307,0.06530231540658883,0.18403967354116807,0.0483559020444616
2023-11-04 00:00:00+00:00,0.038517292879249244,0.08177650407227126,0.17826942631366735,0.06994648311709181,0.07874222359091292,0.07549719711375721,0.06774191529400163,0.057583639334473295,0.05418182780332734,0.06530468689500316,0.18415873318604437,0.04828007040020025
2023-11-05 00:00:00+00:00,0.03857431104149588,0.08205704519844928,0.17557519157881296,0.07005670264792549,0.07912207613304782,0.07578759285084934,0.06803274078199753,0.05764502326620292,0.054384807481195674,0.06537654030162159,0.18480808349717218,0.04857988522122963
2023-11-06 00:00:00+00:00,0.03872271628872151,0.07971190728728332,0.17469076513097492,0.07053304567737374,0.07935479564318833,0.07524415858778412,0.06858347246337394,0.05802180773814255,0.05469562527625719,0.06551751975203786,0.18593588592429006,0.04898830023057242
2023-11-07 00:00:00+00:00,0.03954792306549439,0.07854317240743991,0.17310486175778292,0.0709092003975429,0.07786372468882521,0.07454883660314844,0.06822805668982596,0.058702771550984516,0.05429834906991826,0.06667999984527057,0.18772282959321973,0.049850274330547055
2023-11-08 00:00:00+00:00,0.039730599196893396,0.07816156876443252,0.17130985051518105,0.07118683940477825,0.07735281413856783,0.07405697088272264,0.06820348998013276,0.058756013715538874,0.054599576760018385,0.06707678909403013,0.18949519664734835,0.050070290900355696
2023-11-09 00:00:00+00:00,0.039848267388132325,0.0784047627522238,0.17190879964347466,0.07121765670593655,0.07735780920706005,0.07419768051648562,0.06836915617311597,0.05883893515831751,0.05356627465776148,0.06725921627409812,0.19012314131567462,0.048908300207719246
2023-11-10 00:00:00+00:00,0.03987054295134657,0.07765237828943905,0.1710620172602406,0.07122328005763338,0.07976705363189289,0.0734572829167851,0.06885246850210527,0.058551023265417196,0.0518074099890347,0.06792684253923624,0.19130753646681498,0.04852216413005402
2023-11-11 00:00:00+00:00,0.035985504395795766,0.07816694519627433,0.1813366340850946,0.07682113685962014,0.07930408275543467,0.07129850563416681,0.05914729548343607,0.05753005924926788,0.05398693984723309,0.06781123829368191,0.19098684122927237,0.04762481697072213
2023-11-12 00:00:00+00:00,0.03721326704069535,0.07766465864251657,0.18431055754166856,0.07505604198487478,0.08208330338128919,0.07080754548103753,0.054357079723772066,0.05692162426507673,0.054235776587786715,0.06849745251066647,0.18856367497297502,0.05028901786764108
2023-11-13 00:00:00+00:00,0.03727118612531466,0.0776182556985551,0.18380769035305494,0.0785417149567319,0.08198970624608837,0.07084818394080572,0.05201345445416716,0.05691571843740237,0.05146813583964321,0.06863337765412937,0.19074080669264032,0.05015176960146701
2023-11-14 00:00:00+00:00,0.03732160167010691,0.07857900445826657,0.1833327224215002,0.07762076194707275,0.08227292822601338,0.06873533353812161,0.049253514192961895,0.061646692739907236,0.05204226010375323,0.0687666176450713,0.19053951867248284,0.04988904438474203
2023-11-15 00:00:00+00:00,0.03701187758314941,0.07749668405853688,0.18229695995356857,0.07692306286328399,0.08144688598984674,0.06822619676802426,0.04872980292949865,0.06119338723959998,0.05165512695981373,0.06843320961761895,0.19713235646984478,0.04945444956721413
2023-11-16 00:00:00+00:00,0.037254379918149665,0.07853067530512253,0.17932075593212732,0.07690165646564256,0.0821172750869621,0.06830178950827581,0.046292867414964335,0.061554560201354885,0.05250078401674116,0.06943830001792056,0.19763617851367657,0.05015077761906245
2023-11-17 00:00:00+00:00,0.036758838245348424,0.07818951550272527,0.1756434543571139,0.07691790123353227,0.08219298951538277,0.06829083149732842,0.046471685111239634,0.06266572337735787,0.05141786377100681,0.07092477165436618,0.20057207138374147,0.04995435435085689
2023-11-18 00:00:00+00:00,0.03684596280095767,0.0786529116809198,0.17510044883811235,0.07635678066916832,0.08014405889454035,0.06808215751877014,0.0462149110743418,0.062475188343665486,0.05120797704594831,0.07044856678137146,0.20432622603287479,0.05014481031932954
2023-11-19 00:00:00+00:00,0.03678181610923168,0.07882072678923555,0.1744604951444018,0.07616366066502818,0.08006438744926496,0.06788800005991791,0.046096836153082334,0.06166390032666569,0.051243313268247576,0.07045314564168563,0.20356579328812818,0.05279792510511055
2023-11-20 00:00:00+00:00,0.036746311326663623,0.07857631714442401,0.17393935628319684,0.07583250475686586,0.08259622182757441,0.06767297084268586,0.04595296179798893,0.06126157032799074,0.051140254693008876,0.07024687173240611,0.20337380993210333,0.05266084933509122
2023-11-21 00:00:00+00:00,0.03631624631296389,0.07837202919685547,0.17280090818519225,0.0756964313548566,0.0824203151023727,0.06768291553552427,0.045188156339581724,0.06112606380869472,0.05046102918753742,0.07035341386518015,0.20348811332590672,0.05609437778533408
2023-11-22 00:00:00+00:00,0.03685699946515153,0.08021888803353094,0.1625644710861676,0.0755221062886072,0.08359705143253306,0.0676014711914502,0.04575491104516411,0.06023333517370481,0.05038379600774647,0.07145726418096385,0.20841326218433698,0.05739644391064326
2023-11-23 00:00:00+00:00,0.03688255440321719,0.08039194410227996,0.1629458499412992,0.07516617493801829,0.08367197246412836,0.06672686341260835,0.045620087755573684,0.06026740398373361,0.050356502694226875,0.07152377861825224,0.20884554491952217,0.05760132276714001
2023-11-24 00:00:00+00:00,0.03677116888397806,0.08029294200430678,0.16290210978279482,0.0750546647519039,0.08376359579253241,0.06666093594245219,0.04552199075918795,0.0605810735158662,0.050308595766654446,0.07151608805282358,0.2087591376525489,0.057867697094950925
2023-11-25 00:00:00+00:00,0.03661223172082352,0.08056298525715787,0.1624868935840179,0.07484637788093304,0.08342683440431323,0.06652893421387304,0.045396366414492594,0.060781288805456093,0.0504159342144813,0.07151658322896226,0.20887402600563768,0.058551544269851395
2023-11-26 00:00:00+00:00,0.03656711740355763,0.08048647688746544,0.16331092976585154,0.07507614701384187,0.08333922688602603,0.06641277003551539,0.04539377022866347,0.0601815991617026,0.050353313295817353,0.07155534917724626,0.20854098678261176,0.058782313361700624
2023-11-27 00:00:00+00:00,0.03601376732289172,0.07942692308919888,0.17325341679010559,0.07421642479642572,0.08201440524253412,0.06518907258702923,0.04498603981625451,0.058694344020627315,0.04955475315851118,0.07098967222947092,0.20735985380291175,0.05830132714403895
2023-11-28 00:00:00+00:00,0.03636572051997671,0.08023959968875358,0.17562357399664516,0.07482313967305047,0.08327026650494104,0.06585346933780242,0.045462280700157294,0.05936312202106965,0.05046910658047867,0.07180466060400345,0.1978044775466128,0.05892058282650873
2023-11-29 00:00:00+00:00,0.036408340706264496,0.08611075581841628,0.17566828551609207,0.07488316227721951,0.08360747679038882,0.06625526301551507,0.045529556655599095,0.05935512971696391,0.050559527523596694,0.07268216060286635,0.18995054357911037,0.058989797797967335
2023-11-30 00:00:00+00:00,0.03764912296429976,0.08629750669292213,0.17551957270686377,0.0747927581641005,0.08350110421342911,0.0662463331753112,0.045480819185032224,0.058766496690147656,0.05065602613751558,0.07259461200839311,0.18930405405438522,0.059191594007599824
2023-12-01 00:00:00+00:00,0.04341473548795291,0.08502183567787222,0.17277958584481112,0.07372948376732902,0.08263133781997856,0.07171286048399848,0.04504362553712637,0.057755577388443655,0.05320507997034368,0.07149013486946491,0.1847811380162456,0.05843460513643353
2023-12-02 00:00:00+00:00,0.04295556192130031,0.0840707256209696,0.17040142153365548,0.07255771514525398,0.08166367564527863,0.07567050753596584,0.045342541680220505,0.057103115018164015,0.05458248776509558,0.07151329634242537,0.18342732464425018,0.06071162714742048
2023-12-03 00:00:00+00:00,0.043231667957504244,0.0862076694977763,0.17168765338403508,0.07307005932122303,0.08227759135961427,0.07528151698207233,0.04572698816003638,0.05751476377249688,0.05531180433950271,0.07202988242743229,0.17641938161014056,0.061241021188165906
2023-12-04 00:00:00+00:00,0.04337798747685284,0.08622577830959659,0.17144035089482695,0.07293705040611881,0.08213110974564876,0.07438332075129898,0.04570572001164336,0.05742659534333802,0.055363134676143025,0.07189257410581519,0.17761165865219386,0.061504719626523624
2023-12-05 00:00:00+00:00,0.043460683797244645,0.08723775185166696,0.1709460123465624,0.0727419132227584,0.08170038556474249,0.07408458760557679,0.045571306803978195,0.057344202232636726,0.05616248194735824,0.07197984046629051,0.17686175854853156,0.061909075612653214
2023-12-06 00:00:00+00:00,0.04341938405909408,0.08706712003981881,0.17081301946097552,0.07251746501674552,0.08177848233442692,0.07393207044478436,0.046317247517384676,0.05735389732032375,0.056749615952510435,0.07191616834167414,0.1762793608415161,0.061856168670745684
2023-12-07 00:00:00+00:00,0.043409007761745444,0.08719090700365724,0.17064256951609982,0.0724228012026403,0.08177466743789125,0.07487454243542609,0.04676670454097813,0.05723478103324782,0.05668964194572056,0.07186039782145494,0.17510876946327994,0.06202520983785848
2023-12-08 00:00:00+00:00,0.04344267224806388,0.0873562665995363,0.1706127206839849,0.07237133609427208,0.08180746218432573,0.07505920859537941,0.047202056727670576,0.05687652705888191,0.056771269398366374,0.07188857471427816,0.17452168175535301,0.06209022393988755
2023-12-09 00:00:00+00:00,0.04343783980877337,0.09244391894723976,0.17141349850932563,0.06983804614069966,0.09062004666293977,0.07188752500775926,0.047110491316565084,0.05549126501716605,0.05677805829285941,0.07138946446788484,0.1669959909495405,0.06259385487924658
2023-12-10 00:00:00+00:00,0.04241912276958932,0.09142959858157593,0.18060634773182596,0.06972780112701091,0.08871695757048356,0.07020843205457565,0.04603848861607077,0.0542047908704729,0.05546553165366765,0.06962752397493441,0.17039271904096165,0.061162686008831325
2023-12-11 00:00:00+00:00,0.04205352965175501,0.09365120697513975,0.17899707435227372,0.07122042913557285,0.08804086747496648,0.069606074457,0.04560481049769228,0.05385572853150313,0.05493007562993386,0.06897176833554512,0.17250752226019714,0.06056091269842072
2023-12-12 00:00:00+00:00,0.042680264134904465,0.096107113493353,0.17922353444217975,0.07263768458749893,0.08841940354451004,0.06940993754579347,0.045746718798007964,0.05243362386761065,0.05517243702590221,0.0689150888174669,0.16809458541092953,0.06115960833184321
2023-12-13 00:00:00+00:00,0.04235645644276945,0.09740767088515508,0.1778729477228104,0.07461112680623562,0.08812460422836202,0.06896472215356218,0.04544857692000097,0.05206803481506031,0.05502059072595557,0.0703049665131228,0.16710968083617975,0.060710621950785894
2023-12-14 00:00:00+00:00,0.04213597013920634,0.09702393594289539,0.17700998367852075,0.07431173815349228,0.09000075936436358,0.0682852508584567,0.04525400534651442,0.0536028312540737,0.05481922371624406,0.0708692834371498,0.16626899380661206,0.060418024302470785
2023-12-15 00:00:00+00:00,0.042147778744423256,0.09702083617988967,0.17702587857286575,0.07436564098601806,0.0901132444387786,0.06818618572935456,0.04526280538963978,0.053597859595114726,0.05479729498676999,0.07086226297417793,0.1662383510712938,0.060381861331674
2023-12-16 00:00:00+00:00,0.04283687006126241,0.09725874361119477,0.18559392084811244,0.07419923763612951,0.08910896157384374,0.06740410560729271,0.04513561666358002,0.05210660220851338,0.05449290733838967,0.06966324022372855,0.16291113602418944,0.05928865820376338
2023-12-17 00:00:00+00:00,0.042697831462211046,0.09711469973380316,0.1852128422363753,0.07480331826846173,0.08881376757806651,0.06715744750948878,0.04497002851271027,0.051893531943277324,0.05431478582864218,0.0708724303688896,0.1628470757921375,0.05930224076593659
2023-12-18 00:00:00+00:00,0.04268075940404548,0.0965731249857721,0.18413271736159567,0.07435368581020459,0.08829279137339563,0.06671893181701155,0.04469342859695848,0.05130117746645344,0.05408898173809184,0.07045186940117323,0.16777371454074022,0.05893881750455766
2023-12-19 00:00:00+00:00,0.04342367722817867,0.1127668684834057,0.16547204094887155,0.07521334248042631,0.089415835228176,0.07037776265325205,0.04546665718347332,0.05181067167234761,0.05493025693762482,0.07135979267129465,0.1727298012017755,0.04703329331117366
2023-12-20 00:00:00+00:00,0.04444603805050736,0.11228276566905282,0.16272459560599578,0.07551531645684512,0.0897955831725666,0.07048570049055893,0.04539962539180838,0.051773089454576454,0.05595475819840164,0.07194699520665379,0.1761012206151985,0.04357431168783461
2023-12-21 00:00:00+00:00,0.04489168644644709,0.11033561503047212,0.15915839344718183,0.07974904964407194,0.08915044878819076,0.06917412675050663,0.044760157840493656,0.0507970625832952,0.05577945917890881,0.07943773765896613,0.17305413571430422,0.043712126917161684
2023-12-22 00:00:00+00:00,0.04464130226499964,0.10954419022369835,0.1571960512094397,0.08016277676269072,0.08853027038106051,0.06873610130920615,0.044525392286720894,0.050379592760347515,0.05829028913514257,0.08035947461598572,0.17181119448766197,0.045823364563046295
2023-12-23 00:00:00+00:00,0.04361386624602355,0.1083051964272438,0.15629620310212466,0.07575077944998028,0.09347860886835958,0.0691529429622337,0.0419272177564747,0.0537860177232713,0.055947692378661276,0.08759548167193826,0.17131543709281707,0.04283055632087196
2023-12-24 00:00:00+00:00,0.044071797247493404,0.10827883151771416,0.155252911671297,0.07832652078918301,0.09296773900524427,0.06850490087620237,0.04169433627323443,0.0558474047530998,0.05573201410173249,0.08780589472634721,0.1692409609038369,0.0422766881346149
2023-12-25 00:00:00+00:00,0.04500003319721124,0.10824521718019535,0.15516489632065353,0.07881505919398885,0.09385984823353004,0.0682299449600754,0.041614673178138405,0.055701752639303125,0.05562961288845586,0.08761780251156136,0.16898227696426407,0.0411388827326227
2023-12-26 00:00:00+00:00,0.04464730190570297,0.10750705837055251,0.15399673548126022,0.07875613791323045,0.09872292157497312,0.06808524705444682,0.04190488020384093,0.05586623642854106,0.05521031639373655,0.08741838838734499,0.16774456676226554,0.04014020952410492
2023-12-27 00:00:00+00:00,0.044637982224514434,0.10804423238009768,0.14455718563829706,0.07968482670184289,0.10761434887309923,0.06740101574335926,0.042405524083497875,0.05648475564703844,0.05609585623553268,0.08676674596517359,0.17041846506857344,0.03588906143897334
2023-12-28 00:00:00+00:00,0.04454560089412283,0.10775738694420338,0.1414135515322556,0.07943327415731916,0.10787934625940708,0.06722413988789619,0.04252158704303842,0.059826229370512726,0.056121405346573214,0.0873044356216275,0.1701555322209868,0.03581751072205712
2023-12-29 00:00:00+00:00,0.04399886807837592,0.10747015376070376,0.13920331579775794,0.07936610116109236,0.106098075697154,0.06617981225610878,0.04204004956295019,0.06642736228182555,0.05579378961980877,0.08908610051973373,0.1692195918420364,0.03511677942245255
2023-12-30 00:00:00+00:00,0.044283467839093774,0.11217030854504005,0.13798376664779088,0.08219405687954408,0.10526689581323578,0.06609370524556117,0.04170072195583938,0.06610711254048933,0.05549997651503837,0.08890058549855905,0.16499023702979804,0.034809165490010036
2023-12-31 00:00:00+00:00,0.04539705885441951,0.11558711884872619,0.1362187811388467,0.08185876428861859,0.10521936616661103,0.06697737182722739,0.0412308351106244,0.06734880901121211,0.05518752595004821,0.08801710690858096,0.16267357184858394,0.03428369004650092
2024-01-01 00:00:00+00:00,0.045418200349734615,0.11394039510005166,0.13348728099567062,0.08797186159655378,0.10308224578948134,0.06790668655720183,0.041937347525445305,0.06597534024137194,0.05604402132987798,0.09088877593484969,0.15975245607137276,0.03359538850838839
2024-01-02 00:00:00+00:00,0.04507150563154831,0.11271791593818867,0.13271721866430367,0.08837638345426525,0.10280561685143248,0.06972799203666179,0.041829300798661255,0.06545121882580743,0.05563578963212057,0.09552880680966455,0.15683158715341222,0.03330666420393399
2024-01-03 00:00:00+00:00,0.0451737854526956,0.11298474076999587,0.13277813352995094,0.0884447614228985,0.10270108197830105,0.06980993296131287,0.041815605103226974,0.06541803085801615,0.055758309352633095,0.09558002487394485,0.15614782370313293,0.033387769993891134
2024-01-04 00:00:00+00:00,0.04594036141045804,0.11249634526579122,0.1348468959197823,0.08825475690818335,0.10190285981368126,0.06938172998634327,0.0415866159870144,0.06550471523022033,0.055489649198068265,0.09570107931544743,0.15567237549852894,0.03322261546648118
2024-01-05 00:00:00+00:00,0.04567967916519102,0.13147807989653254,0.1354312750377201,0.08749341984562728,0.08425732308225348,0.07034688691209791,0.041080396240384405,0.0649947581256149,0.05512511646809873,0.09687116742796516,0.15418050945078285,0.033061388347731785
2024-01-06 00:00:00+00:00,0.04282056541887717,0.1620455034026948,0.13296328314802772,0.08548777862921994,0.08064999739274259,0.06978656230693564,0.03909923849406962,0.06231210528269718,0.054819395857341364,0.09243191616424429,0.1464473007321848,0.031136353170965025
2024-01-07 00:00:00+00:00,0.04245661937349652,0.17245564704218494,0.13455740486545995,0.08500303943034732,0.07109664681916315,0.07059488207039173,0.038929666364028614,0.06223147563275901,0.05432932457425209,0.09273128062573303,0.14497594146109707,0.03063807174108682
2024-01-08 00:00:00+00:00,0.04259055502168052,0.1732552771498169,0.13498255054635333,0.08598593053460708,0.06291601275847503,0.07109878024379465,0.039053861048576693,0.06281520226463173,0.05810777248085539,0.09317534008205428,0.1442783364743025,0.03174038139485188
2024-01-09 00:00:00+00:00,0.042623542645728575,0.17832978764485785,0.13492279045012895,0.0853767748419227,0.05431504062614269,0.07124281571908112,0.038715556090329666,0.062396596613469565,0.06587456771514098,0.09510029404021086,0.1399479141763881,0.031154319436598944
2024-01-10 00:00:00+00:00,0.06378918985227475,0.1667820797530852,0.12571640430962153,0.0829344702157472,0.050701926123226305,0.06889244304660914,0.04074096087653718,0.05912152045963912,0.061564986560274156,0.12066862374141285,0.12998369746025593,0.02910369760131656
2024-01-11 00:00:00+00:00,0.06272615718725104,0.16432070301526303,0.1234592722993549,0.08527657205668082,0.049679162134993196,0.06769597612293682,0.044989314165618605,0.05859522577982927,0.06291890643745114,0.1253840054306904,0.12672443104066097,0.028230274329269726
2024-01-12 00:00:00+00:00,0.06071565297047491,0.15900444979951275,0.11992674406947368,0.08368334323539783,0.04803488396199083,0.06552731944574275,0.04827638044448741,0.05673295811167209,0.08231495485626059,0.12709219328264282,0.12136717661555609,0.02732394320678841
2024-01-13 00:00:00+00:00,0.06121402631946579,0.15406522182201093,0.11601004744814934,0.08649659052659966,0.04615929739109363,0.06960517444907072,0.05531687441480521,0.05516674500190233,0.07935070082710331,0.1326635260574952,0.11766860438131581,0.026283191360988112
2024-01-14 00:00:00+00:00,0.06243993591289144,0.187108501975827,0.10997580959488404,0.08342356097453973,0.04390523370271149,0.06597838862310929,0.0535343450505645,0.0523822635895421,0.07900002378850106,0.12577594853620858,0.11155598599332182,0.02492000225789892
2024-01-15 00:00:00+00:00,0.07118479299549266,0.18492910082578545,0.10473762910742385,0.0823401770231992,0.04010051148376905,0.06359301279426552,0.08434699175963808,0.04936332648115037,0.07161516550163835,0.12211061532374927,0.10296781412529296,0.02271086257859549
2024-01-16 00:00:00+00:00,0.07499613623512214,0.2454737891196449,0.09420078420342981,0.07412004525289384,0.03509010969885868,0.055481437557621735,0.07658378911724834,0.04348736996609479,0.07749601675506855,0.11302479201105864,0.09023515643038804,0.01981057365257059
2024-01-17 00:00:00+00:00,0.0751209546070554,0.24544741140609952,0.09436285776478621,0.07490740741459959,0.035921825002201965,0.051859530754164426,0.0766984894376955,0.04350020742298791,0.07828183670026674,0.11386644306004852,0.09022924352620908,0.01980379290388509
2024-01-18 00:00:00+00:00,0.07482797642114344,0.24447842123882088,0.09396974738800715,0.0746419546451412,0.036386780831929436,0.049635715962881834,0.0764115684119911,0.044529357502068594,0.07795349580923547,0.11759849312441258,0.08983384169542864,0.019732646968939876
2024-01-19 00:00:00+00:00,0.09239378813513473,0.19332592292049114,0.11263558721204917,0.06833335542988533,0.04341590880535078,0.04013719279647058,0.07742408824091679,0.05415661103600786,0.06310200640401989,0.12492811501024705,0.10688146527812875,0.02326595873129775
2024-01-20 00:00:00+00:00,0.11499295515311933,0.14761908773877203,0.12863874022020377,0.07154880179071056,0.048967487219415025,0.04515257742973118,0.07282061876731871,0.06148812543940873,0.06052561774196689,0.1034602381532315,0.11860332068174795,0.02618242966437418
2024-01-21 00:00:00+00:00,0.13557043612847888,0.12816538849459064,0.15029130643553804,0.0761483968747225,0.04306448690191932,0.04461579179468285,0.07620252650914441,0.06932069985232454,0.05519716396326795,0.07976003991158964,0.11602923330362254,0.025634529830118775
2024-01-22 00:00:00+00:00,0.22424956168852203,0.11524308442571402,0.13248429798752293,0.06682959561461552,0.03713819651876482,0.041255313653462806,0.07148083434364444,0.06308074138825383,0.050103892762346836,0.07038690953274582,0.10462407644416594,0.02312349564024111
2024-01-23 00:00:00+00:00,0.254349780544564,0.13054999943525308,0.09619894706067314,0.041440209100046914,0.042678725993709164,0.04728603788659185,0.030800225637990616,0.07258940347176963,0.05732419082848369,0.07992774401021192,0.12030472790584386,0.02655000812486209
2024-01-24 00:00:00+00:00,0.2393192634947805,0.13311215567917117,0.09849023957077101,0.04235413998059943,0.04364936865050142,0.04843468704777678,0.03029556805321484,0.07430860814497384,0.05871529437721672,0.08175360008897607,0.12239585196990725,0.02717122294211099
2024-01-25 00:00:00+00:00,0.07907231457244247,0.1606148872693465,0.11882936213059238,0.04921478760007187,0.052594088262832905,0.05852806202773425,0.036522047204678415,0.0939572382830225,0.07075742016373213,0.0993119846141879,0.14782533887551194,0.03277246899584672
2024-01-26 00:00:00+00:00,0.07858902089848678,0.15960153050647224,0.11812967899248929,0.04894450062128379,0.05229498754234524,0.05837326786119414,0.03632059401090022,0.09923017676753844,0.07042514265797498,0.09882393124401369,0.1468478549067238,0.03241931399057732
2024-01-27 00:00:00+00:00,0.07911620216012269,0.15702762413592233,0.11785774624207042,0.04917057779569488,0.051923032449161174,0.05840261472067035,0.03607121197680529,0.10021275350104084,0.06995572850913213,0.09242395519346297,0.1554861863017505,0.032352367014166605
2024-01-28 00:00:00+00:00,0.0757584379201192,0.15847338309928294,0.119809324020293,0.04995511460897633,0.05275983584791852,0.05938327199504318,0.03619149436188254,0.10208778141154186,0.06425044457627446,0.0816630981463457,0.16676171276667306,0.032906101245649085
2024-01-29 00:00:00+00:00,0.0745970634530669,0.1494195269056784,0.12102143885354914,0.04925892269382162,0.053210626533138794,0.05882480938039751,0.035844609063128974,0.10760037156197014,0.06488299778190955,0.08252674202986553,0.16956480458708703,0.03324808715638649
2024-01-30 00:00:00+00:00,0.05491653599973831,0.1343155332574301,0.12799456857960193,0.05131396767903442,0.05570716114831889,0.04819561868859275,0.03729631021762782,0.11486615416390462,0.06508166580883874,0.08051380103309312,0.19460796793033702,0.03519071549348248
2024-01-31 00:00:00+00:00,0.05590009627764412,0.12623110790457354,0.1306072383155062,0.0502219586763613,0.0568315691175407,0.04810298355391185,0.037454346625668655,0.11794700602192107,0.06455070181251231,0.07455277730972455,0.20184021944410022,0.0357599949405354
2024-02-01 00:00:00+00:00,0.05066656388268244,0.12526213004923953,0.12961493993576076,0.04981926827817851,0.05637776612100409,0.04798929320266395,0.0366430945718317,0.11194741040907658,0.061404522002419346,0.07321906586918049,0.22156247956475864,0.03549346611320408
2024-02-02 00:00:00+00:00,0.053138263348363475,0.1314207086653305,0.13600822692570613,0.05213738278129602,0.05911629627285486,0.05059409778526589,0.037674311302963066,0.11026179446402155,0.06390378959656302,0.07615939398351311,0.19383688538957317,0.03574884948454913
2024-02-03 00:00:00+00:00,0.055063823324080004,0.13637420762274352,0.14106669399820998,0.0538741267014665,0.06153775524636283,0.052431190633258705,0.036608891315154525,0.10837123311716337,0.06626428245251148,0.07532737307691481,0.17626837223886457,0.036812050273269795
2024-02-04 00:00:00+00:00,0.05538083064654589,0.13375405476479146,0.14190948817720347,0.05428647852221726,0.06192612107565395,0.05278568064478233,0.03682997922961339,0.1067912080020749,0.06659254988420225,0.07405041946622523,0.17864080597749232,0.03705238360919759
2024-02-05 00:00:00+00:00,0.06016623681182874,0.12801037926612444,0.15410233396395048,0.05895797661701117,0.0672780715387357,0.05721819276617935,0.04000906820594253,0.11615309924617225,0.0722955456123553,0.07540378223892266,0.13032562157384014,0.04007969215893716
2024-02-06 00:00:00+00:00,0.06036687941287987,0.1284867884777458,0.15441422619786754,0.05910099469096992,0.06514618158220926,0.057397528132107176,0.040143549109696613,0.12245600951487609,0.07244709989851641,0.06895042209103842,0.13140247845136677,0.039687842440726075
2024-02-07 00:00:00+00:00,0.05965761294134428,0.1281259080516087,0.1527795288938795,0.05894440400301517,0.06457032708015517,0.05793123132619543,0.03968931534499163,0.12563352493918709,0.07139229147477436,0.06804060107971037,0.1341382130155269,0.03909704184961141
2024-02-08 00:00:00+00:00,0.06006569159905023,0.12893903221186845,0.15384981374453716,0.05925826547447584,0.06476967527277308,0.054768405083054465,0.03993106177917089,0.12643046663861057,0.07174536816104866,0.06578006644250095,0.13526172348049995,0.03920043011240983
2024-02-09 00:00:00+00:00,0.0601062599111336,0.12913777802936394,0.15402657809608294,0.059300427340329455,0.06435904102291343,0.05396012211957947,0.03964385724524447,0.1282504925327979,0.07179380501823932,0.06453975257524308,0.13568793173174332,0.039193954377329095
2024-02-10 00:00:00+00:00,0.05983780306757086,0.12867421128878606,0.1533078247349248,0.05966633788199501,0.06361334594956644,0.053170338230369735,0.03545457433987168,0.14351607777675862,0.07164512622052821,0.05507739514545157,0.1369738198779278,0.03906314548624919
2024-02-11 00:00:00+00:00,0.05995031085700568,0.12902709310185276,0.15405121014079898,0.059843016391944934,0.06375339708450725,0.05240225958948471,0.033307806656373076,0.14432546662524018,0.07185050273688032,0.055291031603482685,0.137240233509516,0.03895767170291334
2024-02-12 00:00:00+00:00,0.06031376136113689,0.12990695072253358,0.15507349034587745,0.060236846919389554,0.0638474414835808,0.05195645779053892,0.03333148335571235,0.1444547994219812,0.07219717349253638,0.05243724594424565,0.13755159299731284,0.03869275616515437
2024-02-13 00:00:00+00:00,0.06385826587580459,0.1378127862655748,0.16370459519478253,0.06402568206013232,0.06781928646793292,0.05521451859221765,0.03524314624592089,0.09438867587334071,0.0761048719192068,0.055719469737097384,0.14505629331077483,0.04105240845721449
2024-02-14 00:00:00+00:00,0.06522229821468682,0.14072463857632422,0.16739319845966025,0.06552928592277094,0.06918353008935112,0.05625467928517467,0.035910672442224366,0.08009303560113477,0.07751305084388949,0.056876385070509426,0.1434191743288577,0.041880051165416425
2024-02-15 00:00:00+00:00,0.06510144054145497,0.1409303251937791,0.16635492050634834,0.06573180467586213,0.06900086596698238,0.056231091337779905,0.03576998945374777,0.08060078194925491,0.07762500827248073,0.05699883797091236,0.14373140618608274,0.04192352794531473
2024-02-16 00:00:00+00:00,0.06532810344771318,0.14186498942045217,0.161671221320481,0.066166281808289,0.06942445749547005,0.05578157713338533,0.03594276494636578,0.08162426319954368,0.07811223702289684,0.05735536057403291,0.14453631027927838,0.042192433352091836
2024-02-17 00:00:00+00:00,0.0641792157232134,0.13969186419927235,0.1726018297794638,0.0650003410067637,0.06834193065095676,0.054783517098916976,0.035244118539848275,0.08052166221590615,0.07493339876861921,0.05642637756841746,0.1417719090277392,0.04650383542088265
2024-02-18 00:00:00+00:00,0.06389891421612487,0.1389919193496665,0.17341597982313012,0.06476630452856952,0.06752241779546224,0.05452439995216549,0.03507734456855255,0.08005345313252363,0.07430116622123635,0.0561173170566772,0.14137437080676385,0.04995641254912765
2024-02-19 00:00:00+00:00,0.06354778945862556,0.1383588424782866,0.17345186930388512,0.06458452119114837,0.06707859951025043,0.05434009332578349,0.03497565134828483,0.080429869723356,0.07204553106795443,0.055588780580968604,0.14054728321327228,0.055051168798184336
2024-02-20 00:00:00+00:00,0.0635825099811646,0.13843001000512506,0.1748851036420724,0.06461191487315442,0.06548992729246127,0.05430829516872012,0.034930279936923075,0.0807710559396969,0.07207996753860486,0.05553636071523815,0.14022458650128228,0.05514998840555692
2024-02-21 00:00:00+00:00,0.06365020971028439,0.13909741231604295,0.17563091275820158,0.06408149749493477,0.06487331135999333,0.05442899771041741,0.034975515630882185,0.08089900111742886,0.07228509236627227,0.055672470571691876,0.13957730143250816,0.05482827753134224
2024-02-22 00:00:00+00:00,0.06419793051472049,0.14047913234476533,0.17211599573931988,0.06417742006984677,0.06558572695150135,0.054549108357780735,0.035360759179634625,0.08098636713346888,0.07128189426000235,0.0557021602635795,0.14125435447552015,0.05430915070985997
2024-02-23 00:00:00+00:00,0.06389595851445316,0.14044490164580012,0.17229689110865173,0.06414716345296254,0.06554771568041934,0.05430967070576886,0.035292220150584884,0.08094089822728327,0.07075761301236295,0.05566221039691526,0.14124507536312403,0.05545968174167371
2024-02-24 00:00:00+00:00,0.06380780351229226,0.14034192679547758,0.17186302674851142,0.06413566925715465,0.06552338721961207,0.054262306727577876,0.035202855237264755,0.08091158764771933,0.07069827649019078,0.05560304475008245,0.1411134846634799,0.05653663095063689
2024-02-25 00:00:00+00:00,0.06288728257849617,0.1382496479614696,0.1768839796845339,0.06313148577883719,0.06454491274437368,0.053397024425342374,0.034741690640697584,0.0796901218393779,0.06978906310395598,0.054009217742832114,0.13900882960325184,0.0636667438968317
2024-02-26 00:00:00+00:00,0.06268374150437302,0.1378583531007421,0.1789973645587619,0.06292143422219547,0.06433390254533569,0.05316319803403507,0.03461035562432998,0.07939475944286623,0.06956941911736975,0.05381024417422087,0.13922985816357714,0.0634273695121927
2024-02-27 00:00:00+00:00,0.06312966237722932,0.13907065949504288,0.17769176817972118,0.06334502837561069,0.064132840042712,0.05289593240796622,0.03470151092598372,0.07774141955047308,0.06920399702690609,0.05396313603701193,0.1397264757152511,0.0643975698660918
2024-02-28 00:00:00+00:00,0.06407207839203115,0.13321120532340147,0.18011817427092894,0.06413668545701791,0.06085270494366889,0.053762340814538206,0.03525485249904624,0.07847276225857376,0.06991326694550509,0.054694870002346796,0.13996878401984664,0.06554227507309485
2024-02-29 00:00:00+00:00,0.06282738726672035,0.13573151022517324,0.1781626599424809,0.0655677461247143,0.05172184597102896,0.05499817307220503,0.03602342352578794,0.08021395261184078,0.07131024936158398,0.05499872294644743,0.14285561847422765,0.06558871047778937
2024-03-01 00:00:00+00:00,0.06336442766169534,0.13711269288219494,0.17893695565923357,0.06675071853834195,0.052769040050389356,0.055629467499300075,0.03673486804555775,0.08009612349476111,0.07269272055884414,0.05578899527949649,0.13310194619387464,0.06702204413631065
2024-03-02 00:00:00+00:00,0.06435903977669265,0.13770001657702963,0.18171863541737265,0.06726322742480646,0.049130057605089636,0.053557179013659355,0.03720678670522657,0.08111112061555384,0.07397285990720913,0.05620929759450356,0.1296373813579451,0.06813439800491153
2024-03-03 00:00:00+00:00,0.0667642755034048,0.1300483859915273,0.18847379300630746,0.06670027298116658,0.05097754908301966,0.05545386612033184,0.03841699367383796,0.08129490930533527,0.07549875759929871,0.055969132731947556,0.1203179521349526,0.0700841118688703
2024-03-04 00:00:00+00:00,0.06783510750993774,0.1307477101202502,0.19147085305459546,0.0676318493912496,0.05134669149125482,0.056177707680572786,0.03868537211336683,0.08182190413801031,0.07666608647633864,0.04546695020600223,0.12128099312811087,0.07086877469031058
2024-03-05 00:00:00+00:00,0.06809471922033179,0.12943025232570177,0.19269390576523163,0.06807931902810806,0.05037863714799305,0.05576612043312098,0.038918007651163974,0.0818105615956381,0.076454518111663,0.04512048826481804,0.12186569854749732,0.07138777190873229
2024-03-06 00:00:00+00:00,0.06965281446842578,0.12346854338102083,0.19413362268568238,0.06922566186614462,0.050690511340793686,0.05473930095449698,0.03820833729597727,0.08127065742027165,0.07598985462457002,0.04715546920535277,0.12370050539374135,0.07176472136352265
2024-03-07 00:00:00+00:00,0.0706822113147395,0.1248156713115863,0.18712893213754797,0.06537145422924638,0.05277156141869067,0.0553609458777189,0.03912717539464962,0.0815287105228238,0.07616164946439533,0.04766141344643948,0.1251725570526793,0.07421771782948262
2024-03-08 00:00:00+00:00,0.06857874768297813,0.12611896430644035,0.17923360718374395,0.06630527620483943,0.05480138204839508,0.056275552197345875,0.039614258890643426,0.08262872687805992,0.07719503373525517,0.046630343070130864,0.12702414337143203,0.07559396443073603
2024-03-09 00:00:00+00:00,0.06836609917558666,0.12561719545096853,0.1784254349839757,0.06611463292939496,0.056862144547525396,0.05584347046260235,0.03945263260692361,0.0823689826330134,0.07655785956613106,0.0463478904749234,0.12722890186428273,0.07681475530467231
2024-03-10 00:00:00+00:00,0.06892380568750053,0.12667253565580633,0.1799843788540797,0.06651000315891058,0.05706812490853012,0.05624773598430469,0.039781675261003145,0.07533367799123278,0.07710648508146097,0.04663877306056688,0.1278932670488145,0.07783953730778996
2024-03-11 00:00:00+00:00,0.0691976687091061,0.12684208551712936,0.17600777209797788,0.06648120715994038,0.05728777039823712,0.05610050951736096,0.03986557881893984,0.07564777079392374,0.07671225697505309,0.04659373363440713,0.12827157636129294,0.08099207001663142
2024-03-12 00:00:00+00:00,0.07268392787828555,0.10272753967222986,0.1852058866042238,0.06894181436359806,0.06028312459233917,0.05790656187800857,0.0397405665962945,0.079688397329615,0.08083992215597227,0.04886431849284492,0.11777902162580854,0.08533891881077978
2024-03-13 00:00:00+00:00,0.07303037114538483,0.10245054070711973,0.1864507113436244,0.06887294386109251,0.060050848791602926,0.05777354812357641,0.03867703939314222,0.08010522379162362,0.08031501581088091,0.04912354012272811,0.11740794225604839,0.08574227465317574
2024-03-14 00:00:00+00:00,0.07263237572536531,0.10457122818120144,0.17323143397566954,0.06983265190509363,0.06133108599791437,0.05895668542009854,0.03944453078892907,0.08175397321013893,0.08077037413697487,0.05002680757967615,0.1198520113939867,0.08759684168495137
2024-03-15 00:00:00+00:00,0.07160629477890271,0.10471799081893977,0.17281400940280925,0.07015306804361561,0.06152819301864007,0.05904396906001174,0.03955877183989134,0.0816222235868344,0.0805031899899333,0.049819587486094705,0.12009646549361787,0.08853623648070925
2024-03-16 00:00:00+00:00,0.07193082707540777,0.10476806930836412,0.1737807027300156,0.06928398848726898,0.0615347077236299,0.05932682160739052,0.039476160633466706,0.08086826605799988,0.07976367700897179,0.05019123944316818,0.12061388328730954,0.08846165663700696
2024-03-17 00:00:00+00:00,0.07295976925811132,0.10577471789746735,0.17299005129966394,0.06747537487006422,0.06129262208241893,0.05885632983445221,0.03945845006452377,0.08038568779669655,0.07909063728252158,0.050439800808871095,0.12162580251138796,0.08965075629382112
2024-03-18 00:00:00+00:00,0.07092099811873469,0.10606251594681651,0.17358075910073908,0.06759102859461676,0.06129589641724398,0.05933540712029349,0.039121442700077516,0.08038413158446582,0.07933711043735173,0.05052013755369523,0.12199241069077368,0.08985816173519151
2024-03-19 00:00:00+00:00,0.06960929380960523,0.10551286384065439,0.17058780228289386,0.06796111594121992,0.06004838317517082,0.06317764487499351,0.03879222974879687,0.0785805798480707,0.08223666961469131,0.04981384051209095,0.12029935294318143,0.09338022340863088
2024-03-20 00:00:00+00:00,0.0663497857295824,0.10709959408421008,0.16864959452212724,0.06705557955357237,0.05988871306830709,0.06348086277626235,0.03833434828584529,0.07846642753904315,0.08723662354754994,0.05010298625931638,0.12062923538164341,0.09270624925254026
2024-03-21 00:00:00+00:00,0.06418121342793683,0.10797425069532683,0.16616469734705794,0.06681574308589446,0.06136094505753286,0.06354609015011244,0.0380577316006471,0.07816240520152547,0.09245037188131776,0.050808023028944146,0.12016216790605931,0.09031636061764468
2024-03-22 00:00:00+00:00,0.06347579982559852,0.10768295393451234,0.16629791316142337,0.06699853074517018,0.06231259798587237,0.06345590616531405,0.037817143104937036,0.07802795782831365,0.09265119771487547,0.05092215720349385,0.11995358796843963,0.09040425436204935
2024-03-23 00:00:00+00:00,0.05990664273079446,0.10176288679429638,0.19301264661614628,0.07704024703195585,0.05885596328345342,0.06001419470195897,0.040403378056515525,0.07368040853941561,0.08769201315224598,0.04809440569727464,0.11328644790879912,0.08625076548714379
2024-03-24 00:00:00+00:00,0.059931916999691894,0.10176940602796561,0.1931090253526814,0.0770248787710896,0.0588345196830094,0.05994668496290818,0.04092230953687854,0.07361360474624772,0.08779200475039393,0.04756584857063751,0.113330163410115,0.08615963718838111
2024-03-25 00:00:00+00:00,0.0653033060939224,0.10097950874107003,0.19174922348074408,0.07824754020132757,0.05844861863771229,0.05952051313932856,0.04058120815594919,0.07310709914443063,0.08718133545967748,0.04730480478430267,0.11221186891167938,0.08536497324985576
2024-03-26 00:00:00+00:00,0.06532538739459157,0.10103344237739136,0.19181110251157887,0.07828085803444655,0.058456740507197825,0.05952093396676107,0.04055337012525817,0.07313831582106077,0.08716002874958988,0.04732295294980979,0.11223760225790763,0.08515926530440666
2024-03-27 00:00:00+00:00,0.06533318836602872,0.1010478845987591,0.1922993951785333,0.07818554017100152,0.058575419875591145,0.05949184060808085,0.04053703680630299,0.07290461561212722,0.08729901383446621,0.047125076333869705,0.11149407764637696,0.08570691096886238
2024-03-28 00:00:00+00:00,0.0654670977638007,0.10048591253394874,0.1913241238888672,0.07773278396948723,0.05829408955057257,0.05916815343509996,0.04044828900656385,0.07230483914051823,0.09181251165136142,0.04701380388523589,0.11084542173757066,0.08510297343697354
2024-03-29 00:00:00+00:00,0.06543948259645653,0.10098412275664083,0.19062605822143772,0.07932928087416455,0.05795282519202406,0.059343542106016174,0.040631286026449415,0.07204536385729898,0.0914834524454501,0.046844073001729346,0.11042272958012767,0.08489778334220453
2024-03-30 00:00:00+00:00,0.0731934922637965,0.1016419906537567,0.18618085060015394,0.07887812057506012,0.05689548042345294,0.06570645407947942,0.039968744418561894,0.07034541623120331,0.0931983638137493,0.045924540286883773,0.10534189863156809,0.08272464802233397
2024-03-31 00:00:00+00:00,0.07280296223213598,0.10266182463365688,0.1848699083565256,0.08085098835427412,0.05633774838793583,0.06603658905249976,0.039885256177144175,0.0697264288589834,0.09421650454191355,0.04620817710575893,0.104076899405421,0.0823267128937509
2024-04-01 00:00:00+00:00,0.07811401718623653,0.10170119940200058,0.18324589093616636,0.08019846678860196,0.05577827414819769,0.06551093757590637,0.0397398204521679,0.06962069479304159,0.09664829023522527,0.045762442556713384,0.10304624428818651,0.08063372163755583
2024-04-02 00:00:00+00:00,0.07906738805838195,0.10279020695602797,0.18522830469273205,0.07882542752713823,0.05631824873917317,0.06557860425983815,0.04055218592256573,0.07073623519070253,0.09321766780451857,0.04619570760977133,0.10595244292358312,0.0755375803155673
2024-04-03 00:00:00+00:00,0.08362077456041399,0.10868285186088393,0.19613072244346005,0.06894742332267406,0.059381976639199696,0.05844645299304173,0.04173953096337751,0.062046969324722936,0.07978340756167271,0.049164382270714777,0.11388106750293737,0.07817444055690102
2024-04-04 00:00:00+00:00,0.08385904665807066,0.10953989673822451,0.19633920732221813,0.06852564595751935,0.05941389881717949,0.058083947893622666,0.041733404064853825,0.06263472312774876,0.07986136115552112,0.04927747711961533,0.11327944976119741,0.0774519413842287
2024-04-05 00:00:00+00:00,0.08233513572654015,0.11224454576376089,0.1933917788582271,0.06707743536238732,0.05834498707635339,0.0561440198341126,0.040897330253606916,0.060354097719731506,0.07776704997928095,0.048837103157869384,0.12642463400626824,0.0761818822618616
2024-04-06 00:00:00+00:00,0.08244819931741627,0.11238381540577352,0.19347354408807213,0.06697414188355874,0.059396271012541,0.05595389789516792,0.04081661936069116,0.05997136106874799,0.07608514735674067,0.05017174412421532,0.126741471590434,0.0755837868966412
2024-04-07 00:00:00+00:00,0.08278926825305631,0.11269535644070532,0.19411617707622408,0.06668429273285686,0.059580333064941884,0.05565573637502258,0.03961482510369455,0.05975535075622162,0.07554364090354179,0.05027769163649274,0.12717642441777477,0.0761109032394676
2024-04-08 00:00:00+00:00,0.08269202306737163,0.11272776418420632,0.19429197847896584,0.06603099341168986,0.059720321318670486,0.057232405276454706,0.03958474661404312,0.05946417841718278,0.07496787968948994,0.051044711038863794,0.12710672119735097,0.07513627730571042
2024-04-09 00:00:00+00:00,0.08291374587986942,0.11307821451064895,0.1949223810510968,0.0654649683811758,0.06024554871145404,0.05777515559407552,0.0399283945106254,0.05876648994292846,0.07523683043902536,0.05136661824063338,0.12749651393363295,0.07280513880483407
2024-04-10 00:00:00+00:00,0.08339581824497597,0.11401795663837938,0.19600113664809238,0.06298656200057418,0.06064976123486776,0.05763556811241847,0.04195279196623685,0.05719376794316541,0.07073168626535813,0.05456232813163434,0.12802140639615794,0.07285121641813913
2024-04-11 00:00:00+00:00,0.08316663946174875,0.11404297543382598,0.19609800164085014,0.06259853744254379,0.06073593306229385,0.057114073499733485,0.04392279112398336,0.056947096258339304,0.07073259900282648,0.054525216794251055,0.126767795629812,0.07334834064979175
2024-04-12 00:00:00+00:00,0.08181307701204199,0.1147724712178961,0.19750034760791968,0.06298531520315635,0.061367277530526086,0.05814720936789074,0.04389839250886199,0.057062598744151455,0.07094852723778901,0.056836709821091354,0.119410244850479,0.0752578288981962
2024-04-13 00:00:00+00:00,0.09991553264347394,0.13250388522439513,0.24105688497178238,0.04778292295169827,0.07173275040626327,0.0438567686244934,0.04084264333755398,0.04263521669816474,0.05380723281190869,0.06927518562766172,0.06472847511864457,0.09186250158396002
2024-04-14 00:00:00+00:00,0.1189714052547437,0.06877156342818656,0.28744567859618037,0.05095702663830997,0.05893162693901625,0.051769565139231324,0.04782306748599731,0.047292424459951396,0.05345054396414327,0.08254349986560355,0.0671807743901904,0.06486282383844602
2024-04-15 00:00:00+00:00,0.11999099857635498,0.06864373941643906,0.29031015077915223,0.05005803833631767,0.058379331602251984,0.05201285184599772,0.04775490379292389,0.0472446009990306,0.05253205758381454,0.08311644530410597,0.06687327263770212,0.06308360912590938
2024-04-16 00:00:00+00:00,0.11969268083153138,0.06819212446535973,0.2945839290660374,0.049733312086506345,0.05800132900093139,0.05179931676490645,0.047381616524510534,0.04690720525793335,0.05219079054850364,0.08253274116522584,0.06636092386772574,0.062624030420828
2024-04-17 00:00:00+00:00,0.12007333631006016,0.06813024867347973,0.2944093714520108,0.04972530140254522,0.05793688274138096,0.05181168434221047,0.0474843609193059,0.046824294076664476,0.05224114223020461,0.08257236890824207,0.06616237111920241,0.06262863782469309
2024-04-18 00:00:00+00:00,0.11999142800550561,0.06801577217938543,0.2952721049817763,0.0496242357879475,0.05795946332077794,0.05169403827055281,0.04741318471165447,0.046770270064357404,0.05217625767533012,0.0825518867990841,0.0660262972572557,0.06250506094637265
2024-04-19 00:00:00+00:00,0.11997573788738793,0.06798797768673354,0.29564239283884447,0.04954164084196886,0.05786877648550235,0.051636511955363874,0.047311917302343666,0.04672141375386166,0.05228938430267117,0.0827166373153058,0.06600722820035843,0.062300381429658235
2024-04-20 00:00:00+00:00,0.12002786310447248,0.06797954936692725,0.2955055737471315,0.04953682002326405,0.05796485472711397,0.05158974796971868,0.04738672130710901,0.04671683470908154,0.0522948796738953,0.08269768129188437,0.06598824226362011,0.06231123181578184
2024-04-21 00:00:00+00:00,0.12066035837846292,0.06771402535699558,0.29571051448653496,0.049335851384773,0.05831417894393832,0.05134416156296893,0.04694835252103937,0.046408163124114346,0.05197548894102588,0.08298727162524722,0.06610676488603114,0.06249486878886844
2024-04-22 00:00:00+00:00,0.12056530055561888,0.06714762432053756,0.29944397339310136,0.049037415820808325,0.057410382585298576,0.05106345341604093,0.04661543870336914,0.04592604895509511,0.051775792134822814,0.08316922599071934,0.06544167872917754,0.06240366539541053
2024-04-23 00:00:00+00:00,0.1213231175614679,0.06690348961475111,0.2993119006938701,0.04888250783828077,0.057357863015888015,0.051032709969669354,0.04642459132641153,0.045922407391802415,0.05167254058822021,0.0831887629428226,0.0654384758144246,0.06254163324239143
2024-04-24 00:00:00+00:00,0.11958059839484136,0.066845249908406,0.30058141090767043,0.04880762355146736,0.057331332261919006,0.0510871279155107,0.046562826909612144,0.04596008602789545,0.05174702013592556,0.08337492410438399,0.06548953340020823,0.06263226648215986
2024-04-25 00:00:00+00:00,0.10543417721562236,0.06799282688078288,0.3058337150255349,0.04963275970344131,0.05767114497426477,0.051917060449741294,0.047285380397393495,0.04674715842400469,0.05184529278206454,0.0853647482564635,0.06619126904115415,0.06408446684953213
2024-04-26 00:00:00+00:00,0.10539902046513237,0.06797221661490688,0.30610163632611714,0.049599183515347714,0.057654449769446926,0.0519298080780914,0.047264116887848165,0.04666708355615723,0.05178209516803611,0.08539199040154774,0.06615311412036272,0.06408528509700541
2024-04-27 00:00:00+00:00,0.1051086274285645,0.06780326596648875,0.3080974584018058,0.049444509664313,0.057275282632551695,0.051931032261703834,0.047213574175796164,0.046597617556415546,0.05172217084986354,0.08531431034053787,0.06553871543268515,0.06395343528927397
2024-04-28 00:00:00+00:00,0.1038874178960142,0.06805643311346088,0.3099908873356537,0.049458712553921945,0.058080804152804415,0.05197173343129459,0.047284664052149594,0.04641936747300097,0.05174587048797974,0.08361305087757827,0.06541394564918493,0.06407711297695677
2024-04-29 00:00:00+00:00,0.10452097155164235,0.06713681361621655,0.31342196754052143,0.048755843000165645,0.06056194057493512,0.0512371928261152,0.04662179427124327,0.045690272766912426,0.051056531653878585,0.08303606799553834,0.0644775423774951,0.06348306182533586
2024-04-30 00:00:00+00:00,0.10489389063082542,0.0661211902425142,0.317391905807287,0.04841334030881193,0.059843855117437554,0.05103193082560522,0.0462418001723856,0.0454775423029263,0.05078355108973348,0.08254458711834238,0.06416222149412677,0.06309418489000429
2024-05-01 00:00:00+00:00,0.11293572172421663,0.07019609550407362,0.28982237879145817,0.05213555497221125,0.06321974769814502,0.05588239171640577,0.049838342244349215,0.04902693158226358,0.05476807170394216,0.06778880295079949,0.06658693405940083,0.06779902705273425
2024-05-02 00:00:00+00:00,0.12000370611709736,0.07448380232969046,0.24841646922415742,0.05522295404626938,0.06721855424559159,0.05951408436197796,0.05311569704768551,0.05223718720299604,0.057505507717115704,0.06903438050321827,0.07091362373354436,0.0723340334706559
2024-05-03 00:00:00+00:00,0.11882550493617655,0.07387932964269785,0.24606704277425,0.05450055327197059,0.06610246958196565,0.058992414050324314,0.05290227514610264,0.051723250055840275,0.05687197503420416,0.07803295795202138,0.07035420080606122,0.0717480267483853
2024-05-04 00:00:00+00:00,0.12145785359292,0.07552274234786407,0.2286464238348685,0.055629363740577226,0.06817302216229036,0.06046262761095294,0.053953629326070555,0.05268731316352335,0.058076397879354404,0.08041592975519943,0.0718166788295869,0.07315801775679238
2024-05-05 00:00:00+00:00,0.12229875184113723,0.07535080972162951,0.22952112253691453,0.055237056064956165,0.06712467305534696,0.06100961497677597,0.05535156910878064,0.05239907696407952,0.05785097528097248,0.07943783859795954,0.07123849262422711,0.07318001922722041
2024-05-06 00:00:00+00:00,0.12219282813296836,0.07466004111198005,0.23355168306643306,0.05559051923601096,0.0664624034600056,0.06065842338105654,0.05477443122998386,0.05195391924125286,0.05746997935288123,0.07969657630463287,0.07054558177332304,0.07244361370947132
2024-05-07 00:00:00+00:00,0.12631493584642178,0.07367320718466148,0.23847984598421504,0.05489276434727346,0.06477888643286904,0.05985604302993688,0.05405082850297849,0.05118037974086811,0.05673646961573633,0.07974443404233432,0.06880686350429605,0.07148534176840912
2024-05-08 00:00:00+00:00,0.12187889231001964,0.07408556313744052,0.23979572804605118,0.05519212288990923,0.06510929883007678,0.06017798992826973,0.054414054448617806,0.05146312467531149,0.05679330031898049,0.08028207649504798,0.06891572333749868,0.07189212558277636
2024-05-09 00:00:00+00:00,0.12213566026792295,0.07424766908401373,0.24020861055999637,0.05533840355610546,0.06532097179509277,0.05897406070460473,0.053919848014726976,0.052215501438309116,0.056785447374444555,0.07981763476476524,0.06903010797973393,0.07200608446028402
2024-05-10 00:00:00+00:00,0.10101763975979947,0.0765040220691579,0.2531162813692364,0.0572622422292187,0.06324574059418966,0.06103075963648545,0.055120499078246024,0.05348600283713083,0.05852344476937498,0.07557707119388933,0.07139307647699941,0.07372321998627202
2024-05-11 00:00:00+00:00,0.1014562493015338,0.07776977588809686,0.2532616866037845,0.05750217079781206,0.060681688309880195,0.06155366011755642,0.056867234483282396,0.0529563693476531,0.0579189351624474,0.07609202554145007,0.07243079788341056,0.07150940656309263
2024-05-12 00:00:00+00:00,0.10132452222322287,0.0776537656192727,0.25314588417752476,0.057462202228535875,0.060719671724095946,0.06154128681790509,0.058064546694909895,0.05283358283971287,0.057884900420393286,0.07589393131308618,0.07235005576517371,0.07112565017616695
2024-05-13 00:00:00+00:00,0.10141667770459097,0.0755175762413105,0.2692437075106571,0.05614597914490708,0.05911552962810521,0.06002927073715753,0.05668362057055106,0.05151054188356059,0.05657388008251302,0.07424416546091663,0.07055739508815285,0.06896165594757737
2024-05-14 00:00:00+00:00,0.10364256855669157,0.07513706289055387,0.2698444346371129,0.05605610850401336,0.05729378812148024,0.06000714585414365,0.05667832082279983,0.05140019247903444,0.05656727854533002,0.0740900900781746,0.07051338813927552,0.06876962137138996
2024-05-15 00:00:00+00:00,0.10448686048935857,0.0753201429656827,0.27142445644605645,0.056346447001006786,0.057469354253160895,0.06013351905487004,0.05712758414504104,0.051420411405860234,0.05666881128800628,0.07078925894359855,0.0705794083262571,0.06823374568110137
2024-05-16 00:00:00+00:00,0.10038498911205199,0.07642739462361398,0.28026888155707935,0.05752148770969249,0.05874506500109978,0.06158745189710925,0.05855287153594147,0.05014067542648499,0.05636820062708791,0.06261895078286236,0.0715548276105333,0.06582920411644316
2024-05-17 00:00:00+00:00,0.10376098074558182,0.07613431761965378,0.279287103020341,0.05735057840899869,0.05862697662637186,0.061333003560292025,0.05891282989298525,0.04995519794105221,0.056161722114003346,0.06261926243327853,0.07129882801399184,0.06455919962344961
2024-05-18 00:00:00+00:00,0.09184099157012376,0.07720534302625681,0.2824203153524501,0.05821500185487062,0.059602243927465284,0.0621517278913041,0.0598109714478735,0.05074854929730202,0.0570699543744129,0.06390075053459052,0.07232026391497633,0.06471388680837394
2024-05-19 00:00:00+00:00,0.09307703133915793,0.07689436331164924,0.28392879231920076,0.058241978273367905,0.05930578806904506,0.06167607371205643,0.060739767478366596,0.05043379685830333,0.056622441494032,0.06288176786813339,0.07186447582848186,0.0643337234482054
2024-05-20 00:00:00+00:00,0.09501214920980876,0.07624537239903222,0.28714166275945857,0.057585552514354627,0.05900019909162017,0.06100332022057407,0.05946174013566998,0.04995349286750082,0.05631077963852353,0.06263464057070284,0.07140536136628939,0.06424572922646499
2024-05-21 00:00:00+00:00,0.07851134077152958,0.07796286110542165,0.28583481579545267,0.05979333832315462,0.0600798359531166,0.06329063098009508,0.06144827239422715,0.05156213557519902,0.0575991430874867,0.0644658041281282,0.0739407226778221,0.06551109920836673
2024-05-22 00:00:00+00:00,0.07825439702700934,0.08318945196926181,0.24460892476317442,0.0638669144124182,0.06374424607890575,0.06751393600913451,0.06561818503708576,0.055051319973519384,0.061403554256432985,0.06878729335500343,0.07893647150880961,0.06902530560924473
2024-05-23 00:00:00+00:00,0.07856987178766732,0.0834535643232643,0.24334243420435833,0.06404691029949887,0.06351925518803175,0.0677141889273155,0.06573705223702014,0.055246002153181144,0.061614280825367726,0.06920553388821683,0.07911280746219378,0.06843809870388405
2024-05-24 00:00:00+00:00,0.08035865842881766,0.08500365806138864,0.23068141663765807,0.06503292784455773,0.06363941633251584,0.06861055434466837,0.06678410554369504,0.056237085769584506,0.06278292250996852,0.07053414375239409,0.08057265245678685,0.06976245831796467
2024-05-25 00:00:00+00:00,0.07991867176089698,0.08505599024690182,0.2308462913732631,0.06508029149940789,0.06367300892413223,0.06866496316859258,0.06681751908706546,0.05600567154630344,0.06273415506293878,0.07073530475328199,0.08061487726928675,0.06985325530792925
2024-05-26 00:00:00+00:00,0.07993503340287428,0.08506330540374568,0.23087558733878447,0.06507659358836602,0.06342285408403427,0.06869734857010058,0.0669854710377774,0.055945553924396575,0.06275827273001262,0.07067159720285221,0.08065780653470142,0.0699105761823545
2024-05-27 00:00:00+00:00,0.07985806934782061,0.08502525664141129,0.23107252977278891,0.0651605037008326,0.06320933471875907,0.06875823488470441,0.06694232888299115,0.05588186275319901,0.06275263712082152,0.07079787834442833,0.0807180561388009,0.06982330769344222
2024-05-28 00:00:00+00:00,0.07958164807697327,0.0852475978604076,0.2316799028578281,0.06535876043412933,0.06342992798354696,0.0688984491912623,0.06707924577544952,0.056002470110547126,0.06290943152162655,0.0710129578267362,0.08093580154013724,0.06786380682135572
2024-05-29 00:00:00+00:00,0.07964619490028316,0.08527850934672584,0.23180948087092604,0.06506216369717115,0.06338354514631349,0.06888039495466647,0.06705576778668662,0.05600024197954059,0.06289460777949266,0.07105093402881536,0.08102498906365402,0.06791317044572462
2024-05-30 00:00:00+00:00,0.07970492735628325,0.08530026774684409,0.23180289860112782,0.06490162654212119,0.0634364883687046,0.06891920437028923,0.06695671695861556,0.056042901174970274,0.06279836706557321,0.07106116960003804,0.0811578445336212,0.06791758768181148
2024-05-31 00:00:00+00:00,0.080157948798402,0.08535971200550378,0.22971827481509768,0.06497202508217566,0.06366733961037405,0.0692475017625773,0.06714482798615742,0.05592394951999461,0.0629730468737352,0.07155772918836696,0.0810617480902294,0.0682158962673859
2024-06-01 00:00:00+00:00,0.08000940202729068,0.08520002560514053,0.2292837135873246,0.06494892897587774,0.063570876471511,0.06928500405095235,0.0668925950428834,0.05583084426002081,0.06317652588367298,0.07144334419442651,0.08079549962327247,0.06956324027762702
2024-06-02 00:00:00+00:00,0.0789130574932222,0.08404709961637619,0.22558181659805687,0.06662071827188772,0.06276532673457476,0.07262032389037475,0.06903036786452119,0.05691582079592894,0.06427521497028695,0.07053709032757088,0.07975481143247823,0.06893835200472118
2024-06-03 00:00:00+00:00,0.07884172374843065,0.08389986135484667,0.2255483461128273,0.06664753751854012,0.0627116608464497,0.07286151895037467,0.0690583909191122,0.056857686406299436,0.06428175573765617,0.07052733912271264,0.0798306067201529,0.06893357256259745
2024-06-04 00:00:00+00:00,0.0793289769606829,0.0840978869718274,0.22225877260641028,0.06709632076324733,0.06308194929305573,0.072530564413995,0.06957124450028189,0.05690896064540262,0.06472308827553833,0.07094852018329541,0.08031110690106784,0.06914260848519516
2024-06-05 00:00:00+00:00,0.08849835649119678,0.09400264844715646,0.13025895003349183,0.07519753528178032,0.07069850347130668,0.08150686962159802,0.07740070093614496,0.06388726095920311,0.07288797126371009,0.07783102660056515,0.08997083959188441,0.07785933730196219
2024-06-06 00:00:00+00:00,0.08826027279464244,0.09394917002448903,0.12867171293517168,0.07529448599264255,0.07065756302772218,0.08171407328799128,0.07934597719012534,0.06352391657773798,0.07300050110605644,0.07773432279375159,0.08982776196672972,0.0780202423029396
2024-06-07 00:00:00+00:00,0.08776888224928948,0.09398001787824894,0.12808799552117908,0.07548415261925902,0.07086690415259042,0.08211381417574934,0.07927853731464173,0.06376629082447359,0.07341536638757387,0.0770085618195775,0.08981741621433913,0.07841206084307789
2024-06-08 00:00:00+00:00,0.0885582019433876,0.09412793323266425,0.1222796666841975,0.07437596323109912,0.07175824270938615,0.08280754521831024,0.07991206804049054,0.06420581662284726,0.07376354744003344,0.07745623131167133,0.09032651927000776,0.08042826429590492
2024-06-09 00:00:00+00:00,0.08828436182887418,0.09382339939470023,0.12238006277641744,0.07426966817900417,0.07170676581388573,0.08335407536928637,0.0798882442977923,0.06459929035162243,0.0744882390033725,0.07620989315238326,0.09042339633803728,0.08057260349462424
2024-06-10 00:00:00+00:00,0.08811825231597263,0.09365419190148702,0.1222454529388434,0.07394938886942513,0.07169965740818109,0.08410074188986731,0.07969194605291728,0.06471058377262302,0.07445028435168938,0.07622098877805253,0.09052613439004895,0.08063237733089208
2024-06-11 00:00:00+00:00,0.08859473515019643,0.09397838448188267,0.11887348960353784,0.07423612647606873,0.07188806521048241,0.08441360410056047,0.08011748889277528,0.06504943344155097,0.07476407699037593,0.0757870964702041,0.09142185490406,0.0808756442783053
2024-06-12 00:00:00+00:00,0.06949057785236437,0.07540779135001462,0.09624960173805476,0.0734706466140729,0.05840515432680419,0.11957216872189624,0.08192360126613557,0.06654568096548732,0.0647695828485357,0.05930889616136371,0.09371831958387222,0.0659335810144797
2024-06-13 00:00:00+00:00,0.05704147446532571,0.10935037589746674,0.07989420128123177,0.07644951480343734,0.05857878383746074,0.10646177937115625,0.06876050125828716,0.06937016887941012,0.0691318934204657,0.04729191504424026,0.10982614226724333,0.0731569944066983
2024-06-14 00:00:00+00:00,0.05634367735891819,0.10866597288130224,0.07896997501438026,0.07777452869678161,0.058635968082484835,0.1040939836986628,0.06826662220671897,0.06908540711446977,0.06932836465630375,0.04662758309226696,0.1114510936270631,0.07602761021593274
2024-06-15 00:00:00+00:00,0.0563966851516224,0.10887468785152339,0.07904669423926065,0.07762511043381319,0.05862922189037328,0.10393617457530059,0.06905520754981194,0.069110380596135,0.0693008982966452,0.04657962939381173,0.11097222854829415,0.07622546457819084
2024-06-16 00:00:00+00:00,0.05643361950315745,0.10837235712502474,0.07913818158254145,0.07770314689601925,0.05865404142783726,0.10408279998829165,0.06911505757836058,0.06914540188947287,0.06896792356413775,0.04663493818872785,0.11098567008371796,0.07629476532840468
2024-06-17 00:00:00+00:00,0.056047951904451436,0.10822944498272964,0.07905891241663812,0.07754653916891152,0.05872735115280691,0.10446636989671408,0.06918816075468161,0.06900104688924896,0.06913445014270342,0.04655766743852782,0.11066343314774033,0.07620323826283908
2024-06-18 00:00:00+00:00,0.05678976641135317,0.1070512282065525,0.08042522379372481,0.07812957524716471,0.05881532189197068,0.10553435118055035,0.0703332478409739,0.06491821439215407,0.06944066363480603,0.046394488740520747,0.11164394770435102,0.07794898080479462
2024-06-19 00:00:00+00:00,0.057404123546777,0.10846784856094976,0.08186212706027624,0.07942470851579135,0.05768713856329068,0.10682495408758683,0.07147496288131139,0.06004165003734714,0.07067101823562016,0.0470445259877617,0.11156270624234316,0.07936944102192175
2024-06-20 00:00:00+00:00,0.05692462447862622,0.10835727065533333,0.08121140379921012,0.07966500855442846,0.05709450306162817,0.1082004538109079,0.07271964063968625,0.05878656223593709,0.07034190834847664,0.046688854107560046,0.11028642641056366,0.07909058987665778
2024-06-21 00:00:00+00:00,0.05681788946460624,0.10816422490689176,0.0811060258715286,0.079410545376811,0.05732961024403361,0.10825204442133873,0.07274540843043194,0.05889988566261444,0.0703894837057241,0.04663850694681268,0.11030263240307983,0.07906298845568521
2024-06-22 00:00:00+00:00,0.056651915426118,0.10831317704279973,0.08087481357843287,0.07937077302267942,0.0572716904193624,0.10796922324534526,0.07325199502243769,0.058801765370225884,0.07020110702369214,0.04642662437553482,0.11040513631561968,0.07886537182858831
2024-06-23 00:00:00+00:00,0.05675251889374281,0.10842153838211459,0.08081822598438111,0.0794992070966388,0.057298177965838415,0.1084992112454111,0.07262898572256898,0.05877972275294011,0.07023032052510816,0.04640322717865832,0.11036255265733277,0.07876049611653249
2024-06-24 00:00:00+00:00,0.057980130134497605,0.10735035536363156,0.08002574215012417,0.07860021001678516,0.057377465552068053,0.10897260239610637,0.07250664379523632,0.058205156774912795,0.0713800495327437,0.046029854705854946,0.11033533748421562,0.07833098437727062
2024-06-25 00:00:00+00:00,0.05806495670504096,0.107497950121953,0.07971144886730698,0.07916019501108026,0.05752679174856625,0.1093319151968806,0.07280805691748912,0.05840132086803615,0.07164586122772891,0.046119942500900346,0.108652650778785,0.0779717434387847
2024-06-26 00:00:00+00:00,0.05791427312295124,0.10751488537805752,0.0789249460792243,0.0794411008003621,0.05740612604717815,0.10854264581766798,0.07267069380106754,0.05814100244430245,0.0714732357179274,0.046023754429187026,0.1097313214186725,0.0772059557430423
2024-06-27 00:00:00+00:00,0.05797904394790157,0.10718686366398643,0.078705687337168,0.07911396565790357,0.05718694312921794,0.1077354636192811,0.0723208589098221,0.058165254302441606,0.07120007019497893,0.04602094445304657,0.11146438731557279,0.07696048548227516
2024-06-28 00:00:00+00:00,0.05678741027651128,0.10791477029560477,0.07901042391123732,0.07856395169766864,0.057321654427928866,0.10839231911891178,0.0718000768961148,0.05835685872057408,0.0714643966430872,0.0463116487476649,0.11142239692364354,0.07663588485236639
2024-06-29 00:00:00+00:00,0.055860784985502496,0.10942175680092495,0.07862270336032505,0.07950395558772398,0.05739603406592078,0.10786420546498512,0.07183679891964931,0.05806193727350034,0.07118183621738462,0.04611488309354416,0.11155126653675654,0.0764421186409568
2024-06-30 00:00:00+00:00,0.0529298835047704,0.10964815173754323,0.07526217172671068,0.07604396905624736,0.05766732514901403,0.10171462530984476,0.06833969854449116,0.05465125545978792,0.0668862774009101,0.050088304185305695,0.13236417422871877,0.07272971592282813
2024-07-01 00:00:00+00:00,0.05204095694164107,0.11080476874206467,0.07590873734625261,0.0770923540347714,0.057084859375213494,0.10024646946895553,0.0669237856619251,0.053648151452542016,0.06819797028727259,0.05092311047482445,0.1338912690945333,0.07061660860726343
2024-07-02 00:00:00+00:00,0.052022587358586315,0.11077771975910922,0.07578492905329383,0.07761696222450287,0.057595433316492174,0.09997465359470196,0.06680783426342952,0.05365086772002124,0.0684007231217914,0.05082061951893608,0.13354895907555303,0.07061817469029508
2024-07-03 00:00:00+00:00,0.051937405172475165,0.11027398032547603,0.07675008752924678,0.07758069122202703,0.05852504066275551,0.09971625355195174,0.06663326926497182,0.05384590430433713,0.06851378834933149,0.05076276311764061,0.13371009330738076,0.07065098706713027
2024-07-04 00:00:00+00:00,0.05263194099055281,0.11187524223941045,0.07780401811810335,0.07738856963428965,0.060586098437193904,0.10177801806221579,0.064441216440594,0.05478546377296012,0.06907719569614953,0.04975456355529559,0.13252953639379098,0.07054581260034491
2024-07-05 00:00:00+00:00,0.054100942837080716,0.1120468196023331,0.07989845130405962,0.07948133192411926,0.062186135631459034,0.09784159846515254,0.06013083319536989,0.05709115423810329,0.07304637958986178,0.04716993923138414,0.13240870258739332,0.07295183704640687
2024-07-06 00:00:00+00:00,0.053588800415920575,0.11139127021849989,0.07924397412447293,0.07875768495370868,0.06260500150349663,0.09639571517155747,0.059528932734903985,0.056614773348127756,0.07212222252846996,0.04712089453309887,0.1365806712632322,0.07249451791193233
2024-07-07 00:00:00+00:00,0.053896009738694996,0.11058829399022853,0.07885371305121189,0.07700640637788071,0.06241113147516449,0.09680650934092877,0.05878217258306855,0.056408896193941724,0.07282062889538923,0.04696841439485366,0.13817538660879108,0.07181773468222108
2024-07-08 00:00:00+00:00,0.053383859224574115,0.10743540979048909,0.07759387954425752,0.07580640096350671,0.061700578327875594,0.10202241455797995,0.05919979057291996,0.05531803009619733,0.07210328247224367,0.04688861503515617,0.1355500813371524,0.07088862166424446
2024-07-09 00:00:00+00:00,0.056408638819448666,0.10655697006709043,0.07620957425944823,0.07555963100202263,0.06612588677418701,0.10112430018710333,0.0601848009875737,0.05582432293048547,0.07232253907439457,0.04835690997504667,0.13498440581842036,0.07021278218446582
2024-07-10 00:00:00+00:00,0.05519923517773043,0.1123919148989136,0.07455186187920149,0.07517698741553237,0.0694314632984876,0.10070544355087335,0.05942098922401174,0.056247269610652316,0.07430021790498127,0.04728809448864784,0.1341490922939489,0.07152083880886533
2024-07-11 00:00:00+00:00,0.05513196724019308,0.11242797650212932,0.07440424728672124,0.07522263584044141,0.06938837547797636,0.10089490017423218,0.059327997085593366,0.05620550643984211,0.07426468354180399,0.04723401163371254,0.13408427691808691,0.07191724921489091
2024-07-12 00:00:00+00:00,0.05499805764401375,0.11352847789458631,0.07424449810459066,0.07520047134025999,0.06950045053158255,0.10088099136627295,0.05930311282169862,0.05625830236287958,0.07430966578458675,0.04721527859131577,0.13404745632430207,0.07209892166656985
2024-07-13 00:00:00+00:00,0.05464087974053054,0.11255847341827269,0.07386196046401022,0.07512254001959016,0.07342476461429863,0.10083131568699984,0.05911444571332074,0.05649825990331566,0.07455490802899578,0.04718573456558352,0.13387853064777788,0.07177780129330819
2024-07-14 00:00:00+00:00,0.05437278446992899,0.11117396537465424,0.07351468004497365,0.0752288831195889,0.07275686224340598,0.10040184979402308,0.05888857026240614,0.05671093628431688,0.07468714022740676,0.04813380167829806,0.13408262031225826,0.07300920161484847
2024-07-15 00:00:00+00:00,0.05316876188924171,0.10789210970171711,0.07045670094679647,0.07329346771328943,0.07018306542827182,0.09938173462231986,0.05693343716368615,0.060173696680470734,0.07768212470749965,0.05244339524688224,0.13253553911273422,0.07654158147550567
2024-07-16 00:00:00+00:00,0.05068917363078554,0.10796931309564459,0.0703436539474121,0.07395970491967245,0.0687280595062736,0.10002238210179104,0.057394465128704795,0.059914828498605514,0.0773379352796049,0.05291093754737918,0.13137068407162136,0.07940086332314619
2024-07-17 00:00:00+00:00,0.05359632796419659,0.1051800096603601,0.07069775317765659,0.07508061995739615,0.06742806667714624,0.1029528874085229,0.0579263001409689,0.058989479683822406,0.07289913980637255,0.05313535684565035,0.1321515730029171,0.0825244826306513
2024-07-18 00:00:00+00:00,0.05359694436771497,0.10321561501295223,0.0714039208927003,0.07602687501698215,0.06811949565749974,0.10423541723464697,0.05815094650351591,0.05967589597409329,0.07382338052429638,0.054156139903726135,0.1280874847464653,0.08342471092658825
2024-07-19 00:00:00+00:00,0.05325757351275448,0.10096726732199353,0.07121906776269203,0.07611418092511428,0.06794714025601449,0.10600050911332493,0.05937574750063758,0.05964084275198717,0.07317960934789511,0.05426006561912244,0.12568911036104097,0.08375258367357655
2024-07-20 00:00:00+00:00,0.056968960943868066,0.1022364516976662,0.06987449862822129,0.07520100885587214,0.06914895009781613,0.10470487445172987,0.05988472033468549,0.05942606474192147,0.07458323099029732,0.04895197512467713,0.12620010062549367,0.08705209141210493
2024-07-21 00:00:00+00:00,0.05977344760985425,0.10102633794179237,0.07121838911813956,0.07521824507468514,0.06941915918949389,0.10476137221883233,0.05990257032777271,0.05936039840994242,0.07468705701719516,0.04860538716689624,0.12607035695157218,0.08874546926799746
2024-07-22 00:00:00+00:00,0.055546868028544236,0.10124961563247892,0.07136758289989087,0.07518838508081126,0.07010861788937764,0.1051811019739127,0.05857723205044646,0.05944291228798771,0.07475461043382978,0.04870062411896229,0.12685575817301215,0.091512168739466
2024-07-23 00:00:00+00:00,0.054207757455568925,0.10071191406849753,0.071857162845038,0.07495686290058458,0.07250752694745492,0.10705692857497967,0.05851537737342693,0.05906237514008739,0.07445188347430169,0.04849688723898196,0.12595657253661968,0.09085407347648042
2024-07-24 00:00:00+00:00,0.05337656348987826,0.10069606057466066,0.07182961659738218,0.07489233101469761,0.07190396599734217,0.10679420645681649,0.05807555625099509,0.05990079114301992,0.07452166291236113,0.04850634040851496,0.12581545222210966,0.09185073184019624
2024-07-25 00:00:00+00:00,0.05324894037685204,0.10038605162805851,0.071770400099857,0.07515827928318956,0.07262234381325725,0.10674248352069111,0.05784551295913393,0.060006927339858324,0.07448553307131794,0.048359438853950325,0.12576126382580904,0.09194657060833739
2024-07-26 00:00:00+00:00,0.05310290692679298,0.10041524353384434,0.07158599354613596,0.07532748389748664,0.07303191531112531,0.10649238746605613,0.05788417180812286,0.0601582020197926,0.07439818746339888,0.04819611694439081,0.12573956734514288,0.09220572014803123
2024-07-27 00:00:00+00:00,0.0519940808379858,0.09899989990334342,0.07052489059086561,0.07485238636907926,0.07146921216136108,0.10673818397764391,0.05803855283461919,0.06025559748205623,0.07431283712327635,0.04721652515367744,0.12580244221332518,0.10665283260158682
2024-07-28 00:00:00+00:00,0.05186852483738457,0.09873124909948712,0.0703128402172829,0.07503222648520949,0.07141051830403655,0.10667414112625487,0.05785590804497725,0.060069131571399155,0.0740802680727996,0.047065364431139935,0.12628832469935972,0.10651460879618901
2024-07-29 00:00:00+00:00,0.051859428150602314,0.09872043950730895,0.07029379098316756,0.07512785551647533,0.0713803980678117,0.10640528155592041,0.05790584122232897,0.05999689373017163,0.0743828923486871,0.047079541811411205,0.12618123562641653,0.1064392583325575
2024-07-30 00:00:00+00:00,0.05132146481902692,0.09887968097589188,0.06974894232892624,0.07446987873134209,0.0709135314802688,0.10547881945417804,0.05722876954984813,0.060340034761389445,0.07379073397383487,0.046674228514565624,0.1286917635294074,0.1061318332744698
2024-07-31 00:00:00+00:00,0.05115985862473614,0.09818259903446538,0.0695280768888277,0.07437817443267293,0.07053526820799857,0.10522406195600897,0.057161646383299375,0.0602422490515612,0.0736050998626877,0.046568969767938506,0.12938876831376978,0.10746876372434372
2024-08-01 00:00:00+00:00,0.0510663584501835,0.09856331123461737,0.06978912436507108,0.07410407741015665,0.0705206969379876,0.10529684952124624,0.05655263759558979,0.061445273410719856,0.0734497730466139,0.046601957997432705,0.12915138901567352,0.10386290270326116
2024-08-02 00:00:00+00:00,0.05089990249669882,0.09852798903109117,0.06935789554876323,0.07409391122102153,0.07054822560135944,0.10564747845912272,0.056596747202118824,0.061461970927336365,0.07327894422453182,0.04654535291422307,0.1289209479658688,0.10395906249657642
2024-08-03 00:00:00+00:00,0.05108240538391318,0.10112066979953012,0.07123424247088819,0.07323294102926817,0.0716106750059736,0.11600751159763482,0.04932481673053311,0.06230418251737628,0.07235070444548378,0.047360438479834954,0.12677984367970382,0.08144341531595045
2024-08-04 00:00:00+00:00,0.0493428227133855,0.0981604898174383,0.10455546752492668,0.07327297340246049,0.06895481275478334,0.11618047792606423,0.049220265709161035,0.0620588585511901,0.07225814329778678,0.046057940787344265,0.1270092811133373,0.07760574489481738
2024-08-05 00:00:00+00:00,0.04986147718958823,0.09909280781850133,0.10740633541848746,0.0727558381179042,0.06936827564309403,0.11669259753747027,0.04779615079567741,0.06304393141013259,0.07156832284072763,0.0465649802623939,0.12814315929808792,0.0700464273803845
2024-08-06 00:00:00+00:00,0.05122570047511549,0.10223186854057739,0.11017290916312265,0.07297810343918741,0.06902519538016041,0.11871055703191649,0.0466580693620581,0.06285526793397474,0.07140607696913766,0.04761865699026433,0.12739192526372553,0.05837121432154491
2024-08-07 00:00:00+00:00,0.04789147730740346,0.1022792269865433,0.11852507402406101,0.07752534817567032,0.06637852566035066,0.1180222934837884,0.04410995827110268,0.06217892101390255,0.06999776936265249,0.04614884074452951,0.12816570969288352,0.05584729951121944
2024-08-08 00:00:00+00:00,0.04749371652672189,0.10237849170643927,0.1171279251047087,0.0812761888308211,0.06596607659095287,0.11677012387630196,0.0440362480227229,0.06185047090951396,0.07004454498650471,0.04621041566655387,0.1260224233741354,0.05527405486118947
2024-08-09 00:00:00+00:00,0.04799299982269934,0.10413197086685386,0.1170746003396465,0.08358938077516168,0.06385855286133885,0.118076498822143,0.0437747684527229,0.060045472826589556,0.06943737652581604,0.04600230757787726,0.1250765025975669,0.05462855008653954
2024-08-10 00:00:00+00:00,0.047412778649191425,0.1022395495676452,0.1255445092185119,0.08327858092026393,0.06313437232099114,0.11772406644761851,0.04379623422853792,0.059831578644198954,0.06928910061881793,0.045761661202175744,0.12608043914056277,0.05406584288858626
2024-08-11 00:00:00+00:00,0.04708205369511332,0.10810568587755473,0.1229621603324561,0.08239607998342074,0.0632320370566975,0.11850974182600416,0.04239120024482409,0.05763107805794958,0.07462376485711808,0.04571495780146333,0.12444813503068335,0.05196340739471003
2024-08-12 00:00:00+00:00,0.045954078100893136,0.1093759056976734,0.11834322113370091,0.08868523587429297,0.06539635359760501,0.11597116095450156,0.04202036210540513,0.05473908887857115,0.07859938901689295,0.04659537610270042,0.11998476317033618,0.050378466222789714
2024-08-13 00:00:00+00:00,0.04638525031665943,0.11191625306740438,0.119653268873494,0.09396455429579934,0.06504118547067246,0.10311660870867535,0.0428671919335594,0.055282267933657245,0.08294266351116404,0.04685115493626486,0.12182671361714462,0.050568760655894975
2024-08-14 00:00:00+00:00,0.046274371609925695,0.11166080272175619,0.11940264695351585,0.09447141419240211,0.06498412323433021,0.10311183688216137,0.04265229488549399,0.055248509945546406,0.08284528880158502,0.046635785833735816,0.12167065529281104,0.05042438061498649
2024-08-15 00:00:00+00:00,0.04625050228369069,0.11309372816622516,0.11922131686844303,0.09433203235005017,0.06481213797446371,0.100903993085047,0.04265590550905437,0.05513221137778683,0.08427460403583384,0.046576882754382154,0.12270125364222782,0.05035686648567813
2024-08-16 00:00:00+00:00,0.04707743879699936,0.1142083725407356,0.12035531439568127,0.09661419818764679,0.0654085978807257,0.09350569871768902,0.0434165225554372,0.05609756140662365,0.08565797703947942,0.04701285345763599,0.12470804209312394,0.05086817965497304
2024-08-17 00:00:00+00:00,0.04681243601052642,0.12075483060015207,0.11932023635220149,0.09980103594288237,0.06679069665231326,0.08023177041523581,0.043675377184496746,0.060635067509625065,0.08844154075308379,0.04788323077825129,0.12721520819467624,0.05043403155032039
2024-08-18 00:00:00+00:00,0.04584082858311825,0.11823641311237887,0.11595264773674432,0.09800989405000701,0.06933022045665162,0.07793210009726358,0.0420911842152644,0.06913490148964788,0.08485781263095964,0.04652551007547627,0.12797410751685753,0.04909692997491441
2024-08-19 00:00:00+00:00,0.04589410851934102,0.1183469455087269,0.1160908404583985,0.09429094012637108,0.06974488545640078,0.07808968808743898,0.041974030304504154,0.07132799739334046,0.08558408537821476,0.04654511663177909,0.12873325871013055,0.04938668152687082
2024-08-20 00:00:00+00:00,0.04595304178681725,0.11862586921915824,0.11628272268959741,0.09319791242548002,0.06987196784493718,0.07824641758070358,0.042106649676799876,0.07148423703723204,0.0856670912101137,0.04660035150493577,0.12929769206967073,0.049393732677885806
2024-08-21 00:00:00+00:00,0.046706281636676,0.12055102408170199,0.11818349975889399,0.09546046976955147,0.07006639311776033,0.08064171656511117,0.043053572635504335,0.07332875329794829,0.07752439759328165,0.047548411394659644,0.129991090138603,0.04976902497988863
2024-08-22 00:00:00+00:00,0.048619829779312396,0.12555476717434433,0.12307902973111316,0.09935591708469863,0.07248867384459548,0.07869553129976055,0.04608205636237012,0.07836760774083137,0.05792393471064891,0.0493593845266965,0.13957495280169044,0.050399580405729484
2024-08-23 00:00:00+00:00,0.048860146120642496,0.12609788072116654,0.12422993666157055,0.09984017899493892,0.0724903239671229,0.0784754106663167,0.045395369187881424,0.07890450997451492,0.05809240708090517,0.04943242348124741,0.1392921240954429,0.050362694669867765
2024-08-24 00:00:00+00:00,0.049967317853156834,0.1292625613664862,0.13114241544414285,0.09864598245450598,0.06981631878960533,0.07895018849970666,0.046475145810618845,0.07513941972212705,0.06049370346538453,0.050291214580424765,0.14029556004765695,0.05132216223789417
2024-08-25 00:00:00+00:00,0.0499500826942046,0.12878892142875464,0.13544948304117388,0.09873733016264404,0.07070544896610208,0.07978044024984152,0.04671310565659461,0.07617594569121278,0.05685717759135141,0.050221871017811504,0.1417360006483557,0.05142754975001603
2024-08-26 00:00:00+00:00,0.050677320228942946,0.13112607834280557,0.1376504479433076,0.09866880957013065,0.07063894755970894,0.0791318342263673,0.047961411930680896,0.07640306234178967,0.05209914570613993,0.051060822261753014,0.14573573622489153,0.051904834774899725
2024-08-27 00:00:00+00:00,0.05212702113303996,0.1288001545214832,0.13745300254218212,0.1010211838921474,0.0706023414997232,0.07846404181585756,0.04708127900967481,0.07593170959051608,0.0515956672077185,0.05013041344777272,0.14590611848408566,0.051820304517250323
2024-08-28 00:00:00+00:00,0.05397320101231185,0.11891849161400647,0.14159333717514072,0.10109877279721009,0.06612987114347231,0.07672018425832236,0.047159898474243046,0.07659598305645984,0.05168795835626899,0.0509620909570252,0.14673720305749569,0.05284839840302129
2024-08-29 00:00:00+00:00,0.05380455437511886,0.11854734890084925,0.14164313798977413,0.10070154290628529,0.06601155336308769,0.07657453543299471,0.04701965042600189,0.07629963541502674,0.05161711502360623,0.05085663922183516,0.14778752079608506,0.052812276341978444
2024-08-30 00:00:00+00:00,0.053772114069844064,0.11741596782538623,0.14334108598389605,0.10159482021033056,0.06612363343319667,0.07330949317297433,0.04759251334841055,0.07701260032988454,0.05194532359469641,0.05141379480301503,0.1485452493437035,0.053702608117351745
2024-08-31 00:00:00+00:00,0.05375604537260456,0.11670688499493335,0.14427283768568766,0.10192903757244186,0.06529296763715323,0.07358873324354402,0.04761591053987481,0.07624250317795474,0.05200955424762906,0.05167479808795731,0.14861426121855556,0.053712594860859574
2024-09-01 00:00:00+00:00,0.05355202159003344,0.1175140529889439,0.14408287322659213,0.10193292749678409,0.06526354314350871,0.0738072647388232,0.04777705876610275,0.0754010345714502,0.05203885257949477,0.05160409675926659,0.14904286184734505,0.053701460670886686
2024-09-02 00:00:00+00:00,0.051783878807160955,0.10804786797671984,0.14515699664979023,0.10564642771453536,0.06572122268841485,0.07287334740349981,0.048645464603477816,0.06851661989726644,0.05175018509752683,0.053957609001866025,0.15256795528369374,0.05426341828177328
2024-09-03 00:00:00+00:00,0.0489445378110202,0.09860264308064802,0.16240162073632017,0.09777373927152196,0.06474435395538053,0.07473817205995595,0.05115493300207064,0.06294467672131004,0.05018288816010353,0.06393649777622937,0.16320559078503788,0.05097172409538827
2024-09-04 00:00:00+00:00,0.04925035868586305,0.09881692647252469,0.16631282675583348,0.09063532549091446,0.0645517289726833,0.0748981876892315,0.051770947587460536,0.06307268926769848,0.05068584396158797,0.06558339346295206,0.1689370060031071,0.05008075445709061
2024-09-05 00:00:00+00:00,0.048623616764903996,0.09851119176962768,0.17257980465262823,0.09203412100137678,0.06402771260208055,0.07453465440555032,0.05196720235975079,0.06271198986283903,0.050335638050934196,0.06544814826073878,0.16841639431954897,0.04963646848358863
2024-09-06 00:00:00+00:00,0.04721977866124585,0.09797670484376761,0.19269095630851474,0.08887062052701956,0.06302220316630883,0.07308813136661053,0.05054897179475493,0.06097731190688032,0.048784602952835966,0.06381676644344744,0.16522083559103293,0.047783116437581326
2024-09-07 00:00:00+00:00,0.047366342653745265,0.09726666064927057,0.1981791971466781,0.08859586521565473,0.06163804820385646,0.0726724232506235,0.05032751319722265,0.060061983114635675,0.04869056278047927,0.0635101897468634,0.16505757828266174,0.046633635758308555
2024-09-08 00:00:00+00:00,0.04742500622995357,0.09752796543719251,0.19906255790926014,0.08853104683071328,0.06151386226995143,0.07222493170890416,0.05062661123348953,0.060190260940131704,0.04880738655322143,0.06380961247829164,0.16538083256539568,0.04489992584349492
2024-09-09 00:00:00+00:00,0.04740831327496105,0.09766109087318094,0.20020081514042906,0.08790027204438448,0.061553327695629205,0.0720420717308731,0.050200993836450304,0.06020742690357448,0.04891091025165662,0.06381245116303758,0.1652958214588301,0.04480650562699318
2024-09-10 00:00:00+00:00,0.04734799644341468,0.09823172803449658,0.20094480608617613,0.08786261344787337,0.059833534130328776,0.0721688156222022,0.05039266980996635,0.05993255119306402,0.049106570729517414,0.06347741172767798,0.16591986333340145,0.044781439441881024
2024-09-11 00:00:00+00:00,0.04730200976538336,0.09990255354905554,0.20149101058760058,0.08767441453956434,0.05939017804666542,0.07185850331262691,0.050418147808769374,0.05973706783485817,0.048922731356010433,0.06306326954275142,0.16552528233464497,0.044714831322069507
2024-09-12 00:00:00+00:00,0.04706963720135519,0.10195174747789916,0.2022998800542265,0.08673724272083393,0.058520035917058004,0.06985252073733574,0.05042951268984028,0.06000520531388221,0.04935001662169638,0.06322854209792347,0.16601466995324318,0.044540989214706034
2024-09-13 00:00:00+00:00,0.04686188650811693,0.10164206669280408,0.20513865284645244,0.0860656026740896,0.05841288511498397,0.06976519933473968,0.050485517728544364,0.059968692910805255,0.049286557602224224,0.0630036341107299,0.16484982604470527,0.04451947843180416
2024-09-14 00:00:00+00:00,0.0493094620712756,0.09935363263709228,0.2283989048307853,0.08353494009842455,0.05942809953986873,0.06842951154806362,0.04945110124792424,0.05964653287839369,0.04848098703994827,0.06173823170095338,0.14830388446669038,0.04392471194057992
2024-09-15 00:00:00+00:00,0.04961150096523855,0.09333027502009907,0.22992818429598086,0.0839952205764025,0.061122208134737954,0.06873279189891232,0.04973378164693077,0.06156779802472308,0.050733260378177936,0.06192208419009971,0.1451697544927119,0.044153140375985334
2024-09-16 00:00:00+00:00,0.05114622494157868,0.08912553431660603,0.2341488389230565,0.08555094402241899,0.0620485511851409,0.06933846789504489,0.05039553706169489,0.062261140648320015,0.05160083912736681,0.06245801000620614,0.1374016620860264,0.044524249786539745
2024-09-17 00:00:00+00:00,0.05142166096976681,0.09150663265710643,0.23276752975109077,0.08538248877066139,0.06182115504397109,0.06813533677701311,0.050113168994317794,0.06199075961907927,0.0514074280894792,0.062173811588454364,0.138950298041097,0.04432972969796282
2024-09-18 00:00:00+00:00,0.057591152981451,0.0959372136081365,0.18312257376041768,0.08952899841112663,0.06430072987289297,0.07010532062094506,0.0525784039651494,0.062129691806693706,0.05408987666167207,0.07873015376284077,0.14539739992215137,0.04648848462652274
2024-09-19 00:00:00+00:00,0.05906983504714738,0.09685421585670687,0.18371252802473453,0.08757479065420076,0.06447474869978895,0.07043664721952203,0.05122358716291147,0.06251171674860154,0.05445352551141734,0.07786475941370337,0.1461763082766616,0.04564733738460428
2024-09-20 00:00:00+00:00,0.06632416627426507,0.09612290581680341,0.1825123458555483,0.08577873594173446,0.06460104413895136,0.06989805772828189,0.051197260397021535,0.0618697311526914,0.05406911438905576,0.07724378138693357,0.1451051178608731,0.04527773905784016
2024-09-21 00:00:00+00:00,0.06672716150581516,0.09584674946580977,0.18347517317152412,0.08581960578517978,0.06430503129597437,0.06970656330176239,0.05105081942040663,0.06180198857607485,0.05388203159427468,0.07704525899779603,0.14510833947534793,0.0452312774100343
2024-09-22 00:00:00+00:00,0.06965213059826021,0.0969732030931388,0.17626032313445247,0.0867141624531828,0.06181866446793147,0.0704423436865334,0.052018014565059216,0.06233055978604092,0.054597307400148544,0.07715527161277896,0.1462863265493137,0.04575169265315955
2024-09-23 00:00:00+00:00,0.06831887270083516,0.09760558231943589,0.17733061809007525,0.08728520368824377,0.05938373877963345,0.0706682729255943,0.052409452271769595,0.06227969149900807,0.054885439258312595,0.0779442283447646,0.14610365463981814,0.04578524548250901
2024-09-24 00:00:00+00:00,0.07047894227554605,0.10034341855598115,0.15594785251964008,0.08955371783605333,0.06089545426677883,0.07215310806836481,0.053933913711703946,0.06375223740342105,0.05629624364368056,0.0805062972115303,0.14919637561996107,0.04694243888733878
2024-09-25 00:00:00+00:00,0.07158776056399599,0.10002032136672562,0.15546771019874384,0.09067905200029422,0.0611798595288175,0.07057868569881559,0.053574739956026005,0.06348996918233117,0.05633739108404164,0.08154598381023599,0.14918241631786092,0.04635611029211162
2024-09-26 00:00:00+00:00,0.0727267347288051,0.10182190809579661,0.14065305014013718,0.09234394644870561,0.06232235998072331,0.07172980475830688,0.054100338266920706,0.0646605851835493,0.057384012017429445,0.08311895540250004,0.1519306589180643,0.04720764605906143
2024-09-27 00:00:00+00:00,0.07236562158458477,0.1024109230850632,0.14131000255375578,0.09252579848664573,0.06121227075614906,0.07090553950369682,0.05382786350940095,0.06492362150668807,0.05773611875683774,0.0838001918190705,0.15160074763526762,0.0473813008028397
2024-09-28 00:00:00+00:00,0.0725051361903173,0.10262381122910189,0.1415896274116906,0.09270759172401237,0.06093444903429612,0.0710821318284189,0.05382447019345875,0.06503132115937493,0.05791852353745241,0.08397065416087279,0.15022704869286163,0.04758523483814241
2024-09-29 00:00:00+00:00,0.07259009694755152,0.10240837805610567,0.14222974100383978,0.09240323735687309,0.06075489343173103,0.0710547357624092,0.05335965218179931,0.06505042066794754,0.057912264120887645,0.08397165739327189,0.15066583345586923,0.04759908962171407
2024-09-30 00:00:00+00:00,0.07317580040144052,0.1004992084844876,0.14255633263451745,0.09249612704406211,0.06072653159474518,0.07098866970730341,0.05352242562736758,0.06493097701717487,0.05787185532509867,0.08526773497980941,0.15053212163461258,0.04743221554938065
2024-10-01 00:00:00+00:00,0.07389201782980176,0.10004015417096673,0.1468388494344056,0.08972468952512987,0.06010485395084916,0.07002060595126533,0.05345368405635535,0.06374295764552841,0.05837950938710567,0.08600133714786805,0.15044018205182103,0.04736115884890306
2024-10-02 00:00:00+00:00,0.07580871151311779,0.09979182066859144,0.13936917798916362,0.08960056371960917,0.05957941783529269,0.0684849759464317,0.058691626022825134,0.06312808032846304,0.05819918591681292,0.08821861354791534,0.14932612632877978,0.04980170018299739
2024-10-03 00:00:00+00:00,0.0752777351770353,0.09805956946657998,0.1391576989045077,0.08930231316897849,0.059483996911186,0.06827980842671046,0.05958228671527534,0.06322204587251488,0.058066430272937924,0.09076870836420485,0.1489477437522368,0.04985166296783221
2024-10-04 00:00:00+00:00,0.0744724703875414,0.09668553768298004,0.13975203336876763,0.08936372956219316,0.05901007516685033,0.06739991730582723,0.062049950807287035,0.06315773990811051,0.05770153590788809,0.09011420049187632,0.1482863279561415,0.0520064814545369
2024-10-05 00:00:00+00:00,0.07225671151454914,0.09229927455681025,0.13492322455492903,0.08788957474805482,0.05829362645504183,0.06469693599736424,0.06504425067250323,0.061707253115340824,0.05577188929289621,0.09444367046858844,0.1521897262801313,0.06048386234379067
2024-10-06 00:00:00+00:00,0.07773118271384369,0.09116562970098616,0.1341094663793781,0.08742053668833624,0.05760612817511213,0.06391478966645137,0.06644187125236801,0.06108151870997872,0.055349527647677664,0.09452408341795418,0.15063019317820658,0.06002507246970705
2024-10-07 00:00:00+00:00,0.07741192011039552,0.09104843854091725,0.13366892873097433,0.08711753312743258,0.05747208776306496,0.0637761730866741,0.06659041506264352,0.061165722603965564,0.05527986556798313,0.09516083639530076,0.1510510748874192,0.06025700412322911
2024-10-08 00:00:00+00:00,0.07665269254328094,0.08997677788856527,0.13179861060757528,0.08537611654810384,0.05849829465098661,0.06286673086848155,0.0683352017211645,0.06219544149253127,0.05525827910330941,0.09910703659814422,0.15047548974024988,0.059459328237607176
2024-10-09 00:00:00+00:00,0.07679298259169567,0.09045986806109398,0.13171892022944284,0.08506562388849721,0.05871365770397186,0.062742811523398,0.06848526503776452,0.062100497347107785,0.0551802506712727,0.09899146032397928,0.1503780458476738,0.05937061677410212
2024-10-10 00:00:00+00:00,0.07679948885092644,0.09033994802738408,0.13168620466804606,0.08487051258682532,0.05872316237473955,0.06268627402724171,0.06846269250859634,0.06198026378720975,0.05520432945551931,0.09971477758025162,0.15035048464933434,0.05918186148392556
2024-10-11 00:00:00+00:00,0.07659114693235208,0.08966148263249456,0.13107849831579424,0.08419477697194716,0.05855201003284587,0.062248894335259826,0.06846049845804748,0.062760170905994,0.05490315695175078,0.1026998531103835,0.1497426733031558,0.05910683804997467
2024-10-12 00:00:00+00:00,0.0764053445135114,0.08926492293340442,0.13086185112776363,0.0813433298451574,0.05890246669303022,0.06438078136487142,0.06817971187913964,0.06264742790571551,0.054881337317630174,0.10477623888254375,0.1494074994886553,0.05894908804857722
2024-10-13 00:00:00+00:00,0.07628812349706501,0.08912944297110763,0.13068299186384427,0.081228191209259,0.058879957587725074,0.0642992025831917,0.06765660010620277,0.06263747908850661,0.054791365238483554,0.10616769933427986,0.14938182258031835,0.05885712394001607
2024-10-14 00:00:00+00:00,0.07638483195227108,0.08918897059653144,0.13074239095736692,0.08097108904273623,0.0592657256439392,0.06420125685487864,0.06775230898878852,0.06186082579273264,0.05486207880099472,0.10629435457716972,0.14950850890522338,0.05896765788736766
2024-10-15 00:00:00+00:00,0.07515989945915343,0.08826358568035365,0.1298755596408072,0.08090301421502205,0.05884743644609876,0.06671855262344718,0.06792469415865662,0.06191825136876452,0.054839337374531595,0.10726807301516264,0.14932246315860553,0.05895913285939674
2024-10-16 00:00:00+00:00,0.07469014377193382,0.08771876204209034,0.1290401950664375,0.08040740888311321,0.05850888211870873,0.0724313368379009,0.06738152297294782,0.061874702407042986,0.054650427952582986,0.10842729510117954,0.14625960933196275,0.05860971351409937
2024-10-17 00:00:00+00:00,0.07448780277745923,0.08724898804093878,0.1287688912169748,0.07975955926014347,0.05846757590407027,0.07191229150717847,0.06708530061678951,0.06163723509550529,0.054845877902851385,0.11209986811969308,0.14545889464182712,0.058227714916568606
2024-10-18 00:00:00+00:00,0.07453173752402324,0.08746253086586109,0.12869800456753133,0.08129532960286573,0.05838792908655946,0.07185060709286357,0.06751904534651888,0.062408123488820806,0.055068910898905296,0.11249719302010984,0.14188466596932126,0.05839592253661956
2024-10-19 00:00:00+00:00,0.07441265032099431,0.08753387064843733,0.1287002984227942,0.08228807611573846,0.05763698145702053,0.07181633573302915,0.0677046142717284,0.0619974357654076,0.055110893007161474,0.11263022159063352,0.14192377996499486,0.05824484270206008
2024-10-20 00:00:00+00:00,0.07358308451037622,0.08703118253779497,0.127968865444338,0.08199117669060585,0.057271164690875086,0.07140468688679949,0.0684803150600903,0.061691201136438015,0.05747193987844528,0.11202844253128562,0.14269360507929976,0.05838433555365138
2024-10-21 00:00:00+00:00,0.06997367454630923,0.08384589463348344,0.12285336760188247,0.080470243590682,0.05540510024677391,0.07479264767373899,0.067031492769145,0.059500933086568335,0.07992795122676147,0.10955645004764464,0.13750269575375226,0.05913954882325823
2024-10-22 00:00:00+00:00,0.07009311022706127,0.08402330484900335,0.12281357849689095,0.08025373701151117,0.05552934187965864,0.07565438747051297,0.06653592175150196,0.059529104237994,0.08047458451452918,0.10988512235660172,0.1356585093184845,0.05954929788625022
2024-10-23 00:00:00+00:00,0.06775739418294974,0.0808123637886115,0.11808882508161013,0.08137896316272397,0.05618676835088267,0.07621164933849059,0.06855968002852011,0.06124335420823276,0.07785788505115052,0.11246810462753107,0.14080319029606295,0.05863182188323392
2024-10-24 00:00:00+00:00,0.06636067825492886,0.07836219752059642,0.11534766532645785,0.08068678173722098,0.055116385024917634,0.07483398200813524,0.06838444762046245,0.05946984316564743,0.09537273284331638,0.11017118279246922,0.13811979040183803,0.0577743133040095
2024-10-25 00:00:00+00:00,0.05511521181310198,0.06476522464578777,0.09611691574217567,0.0686287155651494,0.04668679027517795,0.06475456565389105,0.05716035142066194,0.05063091707113612,0.24056120204695616,0.09224942301059996,0.11492455468563384,0.048406128069728195
2024-10-26 00:00:00+00:00,0.056147930227660986,0.06642241549566744,0.09909434105309153,0.06801881181432161,0.048342816436147525,0.0655993387016724,0.05104532994632424,0.05312367615505248,0.2685055149747177,0.053700165630501784,0.11927021144922753,0.05072944811561482
2024-10-27 00:00:00+00:00,0.051720132555017916,0.06484517781000737,0.09179546886765207,0.06343243538555574,0.049288557448734546,0.06366285874834893,0.04711553053227817,0.04941595766003769,0.31352047450872295,0.04749656991096097,0.11064212476524449,0.04706471180743912
2024-10-28 00:00:00+00:00,0.05189504741602313,0.06509341755947341,0.09183998117178001,0.06381015921264444,0.04907967660324883,0.06373405093083863,0.04717273295360705,0.04964275021005103,0.31396975241047115,0.04768995575258962,0.10895288243693442,0.047119593342338305
2024-10-29 00:00:00+00:00,0.050906296837330105,0.06298134755532374,0.08775310565592466,0.06124143621694078,0.045666347956260636,0.06583713399175786,0.045269288505418934,0.047967009238590125,0.3367957534573331,0.04574351133938287,0.10461618981888694,0.04522257942685032
2024-10-30 00:00:00+00:00,0.05130782740972121,0.06333207751926599,0.08726085384554762,0.06139296651096509,0.04577777884241636,0.06586994645204146,0.045456167559507425,0.048495500557711395,0.33740903033367625,0.0456712876394086,0.10288889630389911,0.045137667025839524
2024-10-31 00:00:00+00:00,0.05210420121127033,0.06367986183475387,0.08448166257980222,0.0618566962920347,0.04594500811061196,0.06632518825176491,0.045699726640776324,0.049424775028921945,0.3394914196444452,0.0432867528116854,0.10274735824855535,0.044957349345377776
2024-11-01 00:00:00+00:00,0.054893166799712664,0.06494521708243431,0.08026208548482948,0.05844011551556832,0.04408144474640815,0.06348774010121155,0.04345520802551421,0.052924264215220736,0.3582331896691063,0.04026448233735901,0.09659701591120268,0.04241607011143265
2024-11-02 00:00:00+00:00,0.057385704014574934,0.06801505113498778,0.07563115802688226,0.05884275420791062,0.04201896165510601,0.05968974617218053,0.041137385658285446,0.05726788071982199,0.36996424775476866,0.0375625175419327,0.0913879406215267,0.04109665249202239
2024-11-03 00:00:00+00:00,0.04598998624913583,0.05416452193062538,0.05981905172497723,0.05316459537397863,0.03359558851444695,0.04871643343839299,0.032732518000064124,0.04650078527923657,0.4889630166182506,0.029267495031995883,0.07274116385009845,0.03434484398879749
2024-11-04 00:00:00+00:00,1.6918478423404418e-06,1.9661003441766103e-06,2.0899661637556763e-06,1.9416508110559465e-06,1.2174263480890357e-06,1.7599367312771204e-06,1.1881719667210824e-06,1.6774263612230704e-06,0.5,1.03889469271031e-06,2.6430657569971475e-06,1.2401127330592638e-06
2024-11-05 00:00:00+00:00,0.09306497263778496,0.10783309519378179,0.11366828828337389,0.10689016754269155,0.06637489724034237,0.0956769266379692,0.06485578807923746,0.08754748112219081,0.0,0.050154288293945325,0.14454244319469867,0.06939165177398388
2024-11-06 00:00:00+00:00,0.09282679665168359,0.10805696977678012,0.10975824593742294,0.10696223252557531,0.06719688745242439,0.09724055480771915,0.0642861997683647,0.08618308795676267,0.0,0.047310881198465604,0.14437874080684246,0.07579940311795909
2024-11-07 00:00:00+00:00,0.08777377088098834,0.10911113199984845,0.11151971012245888,0.10647761620830636,0.06647792716182285,0.0976760565830117,0.06390049024478038,0.07946383584497427,0.0,0.04682003392347884,0.14743966691808474,0.0833397601122451
2024-11-08 00:00:00+00:00,0.08752198691404828,0.10953046601720359,0.11184892333427433,0.10701162974876068,0.06676095594262184,0.09433249376761006,0.06471851096080929,0.07966730955063517,0.0,0.04707972993306243,0.14821769885034697,0.08331029498062743
2024-11-09 00:00:00+00:00,0.08874707639003988,0.10959840097305998,0.11184881456354391,0.10857294256046794,0.06919631095109637,0.09128735405722377,0.06473707727256461,0.08016972455926927,0.0,0.04720443412499657,0.1477346808159916,0.08090318373174608
2024-11-10 00:00:00+00:00,0.08960135775559705,0.11060526506821439,0.11134709256536086,0.10797990158732848,0.06961559715917055,0.08698306067651387,0.0651362352157759,0.08068820712748595,0.0,0.04759785362210511,0.14875579900710983,0.08168963021533795
2024-11-11 00:00:00+00:00,0.09273106628641342,0.11150548390846636,0.11339888395377348,0.10158597089072227,0.06720699166041139,0.08362457068001543,0.06586873396735282,0.08183636620044248,0.0,0.048547535503562195,0.15000316570346095,0.0836912312453792
2024-11-12 00:00:00+00:00,0.09473748610370794,0.11249461052210981,0.1111615850105974,0.09903136439405232,0.06611278716986797,0.08498949602611323,0.06416462800712938,0.08219953134407135,0.0,0.0491975791967273,0.1513158292861284,0.08459510293949486
2024-11-13 00:00:00+00:00,0.09486072255314167,0.10525807539408251,0.10761807625381961,0.09838002808999008,0.06629950269930647,0.08466176225900318,0.0640646194422265,0.08180434278344131,0.0,0.04863411800716052,0.16396129797587572,0.08445745454195232
2024-11-14 00:00:00+00:00,0.09319530646216762,0.11547638287114147,0.10568247597660502,0.09625713203468737,0.06522344005294609,0.083293494526242,0.06295319382177547,0.08072289269241541,0.0,0.04733490312510637,0.16698382698657874,0.08287695145033444
2024-11-15 00:00:00+00:00,0.09019187862297773,0.1205336962984215,0.10138453960457756,0.09163890347980612,0.06242918050162704,0.08065466285001067,0.06101366941821674,0.07676179555043806,0.0,0.045428287416603416,0.18939347340803492,0.08056991284928633
2024-11-16 00:00:00+00:00,0.09068425772131797,0.11974756249521279,0.10232843084784078,0.09009820338244195,0.06302843534127582,0.07875124000696104,0.06106723637249264,0.07738615172246728,0.0,0.04572270279853714,0.19113460619302358,0.08005117311842891
2024-11-17 00:00:00+00:00,0.0926161130728872,0.11518268221823166,0.11003929022527605,0.08557116388842649,0.06333164599440266,0.08023183541590004,0.06011763888210385,0.07736518423293809,0.0,0.04573115655114801,0.1909409200616371,0.07887236945704894
2024-11-18 00:00:00+00:00,0.09055925647404446,0.11437351465231971,0.10926139999667948,0.08622087174280628,0.06391642339830486,0.07980835782264291,0.062062544866958266,0.07559544709821023,0.0,0.04543249650672732,0.19006142697033712,0.08270826047096941
2024-11-19 00:00:00+00:00,0.09113941707165464,0.11450540319449273,0.10942708371467631,0.08507292107444114,0.0640976214889431,0.07989531124094526,0.06317696692044156,0.07497939863563566,0.0,0.045439843708195864,0.19032940025101258,0.08193663269956118
2024-11-20 00:00:00+00:00,0.09337144216064612,0.11416796086764247,0.10908177551393203,0.08490369404106814,0.06392348587354597,0.07968420589552237,0.06302646289432637,0.074793967878363,0.0,0.04522828254426151,0.18984655209601195,0.08197217023468015
2024-11-21 00:00:00+00:00,0.09394100609217225,0.1133399909636644,0.10996770709703704,0.08430625736110305,0.06645397980158656,0.07906828647698941,0.06253727420949755,0.07456202809527442,0.0,0.045073415910039334,0.18933594881096816,0.08141410518166796
2024-11-22 00:00:00+00:00,0.0993687884972585,0.11203059952130737,0.10773829671048235,0.08283168126428395,0.07106455095055082,0.07822636595910626,0.061239603571247414,0.07377076249038189,0.0,0.04448494483123008,0.18858972983261785,0.0806546763715334
2024-11-23 00:00:00+00:00,0.09923449298168413,0.11122141353695528,0.11641600383281285,0.08083882277055472,0.07085973622177545,0.07728776672845174,0.05723746927583504,0.07295415547284573,0.0,0.044162978370719655,0.19005595513436938,0.0797312056739961
2024-11-24 00:00:00+00:00,0.10072139753443475,0.11138513612147623,0.1155068464589958,0.0738126343483297,0.07093725291194596,0.0793677812997157,0.05764538998957167,0.0725280631524469,0.0,0.04280095123978771,0.19042129080075965,0.08487325614253588
2024-11-25 00:00:00+00:00,0.10115811452746525,0.11070526637224538,0.12551251919881606,0.0731478441711098,0.07052348050342838,0.0789617669706668,0.05778211388007976,0.06800518138835704,0.0,0.041277469081127505,0.1888839488716449,0.08404229503505915
2024-11-26 00:00:00+00:00,0.1020217037917661,0.1095462133119405,0.12222077987678588,0.07255774208683936,0.07170948560488896,0.0802577715743925,0.05863138514215043,0.06726150215436352,0.0,0.04081798260763121,0.18987236991203646,0.08510306393720506
2024-11-27 00:00:00+00:00,0.10163201472385416,0.10915126831557762,0.1199641496159784,0.07233700019824615,0.07187938976163961,0.07995173045502853,0.058920126459690254,0.06708270810353449,0.0,0.04016508312052077,0.19395725833329697,0.08495927091263307
2024-11-28 00:00:00+00:00,0.10162891823338929,0.10990583618472502,0.11836501939751941,0.07230453021003576,0.07209318361192647,0.07986382691766379,0.05934483471869273,0.06676590617647818,0.0,0.040079474130852076,0.19463376823134507,0.08501470218737216
2024-11-29 00:00:00+00:00,0.10113826224105886,0.11201609903893009,0.117618633443623,0.07196392651510339,0.07231391374750876,0.07955799753875217,0.0590532522823541,0.06661676882048968,0.0,0.03974520618904514,0.19400936532194096,0.08596657486119386
2024-11-30 00:00:00+00:00,0.100449575224681,0.11292379130396671,0.11492080890360834,0.07241212542870554,0.07412736239586826,0.08084775057200096,0.058219787812950424,0.06730601280353407,0.0,0.038751741612105595,0.19350822992278938,0.08653281401978989
2024-12-01 00:00:00+00:00,0.10005100315123205,0.11059353515377257,0.11649415004417536,0.07012221610326475,0.07435443966819844,0.08117886663594163,0.05797795020832603,0.06651859196106162,0.0,0.037518717975127513,0.19565321890482693,0.08953731019407307
2024-12-02 00:00:00+00:00,0.10129204284442132,0.11348550846340413,0.11614487757701374,0.06963924126543806,0.07434372558742372,0.08064366417771122,0.05791883783228207,0.06608969237118513,0.0,0.03720987616689366,0.194290442538985,0.08894209117524192
2024-12-03 00:00:00+00:00,0.10300029780932554,0.11466833010905193,0.1176519936486317,0.07040696070637577,0.07544231732519885,0.08176769839874751,0.05696632893919962,0.0660981325300795,0.0,0.037110693462142554,0.19698225323696777,0.07990499383427911
2024-12-04 00:00:00+00:00,0.10429533530376076,0.11716352594801509,0.10529514405058017,0.07127726016578506,0.07620812566448057,0.0828480163688826,0.057490534429867526,0.06699654908381424,0.0,0.03750583545785785,0.19978095939099394,0.08113871413596216
2024-12-05 00:00:00+00:00,0.10437487071142915,0.11684275847506592,0.10549924879386668,0.07105459686281061,0.07631429657415507,0.08289588536201108,0.057521696480519705,0.0669964970674406,0.0,0.037488199057259294,0.1998700132150013,0.08114193740044051
2024-12-06 00:00:00+00:00,0.10449228336218162,0.1169987501171757,0.10524572811090462,0.07120236317556121,0.07626132310009145,0.08294828772412015,0.057299613234198334,0.06692648558905401,0.0,0.03729277771659934,0.20022202682716106,0.08111036104295244
2024-12-07 00:00:00+00:00,0.10324416535830878,0.11535978529179931,0.10554469275870634,0.07117097996783768,0.07598289042980515,0.08241780464145172,0.056532505818846716,0.06587826789483663,0.0,0.03676205464336011,0.20292015151549572,0.08418670167955196
2024-12-08 00:00:00+00:00,0.10310887381810932,0.11544828523029689,0.10527011919024098,0.07137170733623661,0.07617080715088748,0.08228688781215156,0.05652692882050307,0.06579476710699061,0.0,0.03671432049965203,0.20284488004479648,0.08446242299013498
2024-12-09 00:00:00+00:00,0.10301606407935433,0.11532169762367155,0.10530278721071816,0.07133948679753627,0.07624452763961638,0.08221569090150789,0.056469600900162495,0.06591404883709578,0.0,0.036697801167174325,0.20263122413056162,0.08484707071260103
2024-12-10 00:00:00+00:00,0.10398095954143126,0.11582852657780665,0.10443330263083096,0.0711161387434878,0.07720454470660391,0.08212723357392865,0.05491410082773083,0.06447508222216135,0.0,0.03598134381963281,0.20435990190173112,0.08557886545465462
2024-12-11 00:00:00+00:00,0.10347240530898373,0.1159153529546851,0.10371452645765904,0.07317638104265038,0.07674199489796885,0.08254491737992257,0.05469820385921957,0.06438458855409221,0.0,0.035800980761786394,0.203448312641878,0.08610233614115428
2024-12-12 00:00:00+00:00,0.10354405852897378,0.11604327452402213,0.10316851096622845,0.07322935182733496,0.07680290053348275,0.08263145386161874,0.05466187842801024,0.0643696383769745,0.0,0.03566839909828604,0.20363052396767367,0.08625000988739469
2024-12-13 00:00:00+00:00,0.10296612100692872,0.11530011334713566,0.102721887948144,0.07362838862668405,0.07644210136111493,0.08452737188439974,0.0540549675536516,0.06584660392645014,0.0,0.035468055305465825,0.2032347803405635,0.08580960869946191
2024-12-14 00:00:00+00:00,0.10491068369753696,0.1177713618542334,0.10213862593681149,0.0733681431255986,0.07607421078293448,0.08430523993433327,0.05363942161613718,0.06536998871656241,0.0,0.035120574443036824,0.20178402718285882,0.08551772270995654
2024-12-15 00:00:00+00:00,0.10343855116864681,0.11707933608431367,0.10160738800406617,0.07293063595608226,0.07564764938567313,0.08428426333776592,0.05335279165510565,0.06510731385824244,0.0,0.034752150745490665,0.20633569939084026,0.08546422041377304
2024-12-16 00:00:00+00:00,0.09861873096697107,0.11780101701502897,0.10167082502793978,0.07353387422404432,0.07657543366273678,0.08517821255332357,0.0534241026857056,0.06511806430696152,0.0,0.034056480880882214,0.2076318478180719,0.08639141085833424
2024-12-17 00:00:00+00:00,0.08841053890973381,0.11722344964741528,0.10152445546312863,0.07328120279008171,0.07638662951410355,0.08497954936446789,0.053331371755765355,0.06483370450824706,0.0,0.03384831639974268,0.22016815211721233,0.08601262953010166
2024-12-18 00:00:00+00:00,0.07762833667179853,0.11819662240724049,0.10230347953828042,0.0741772484951988,0.0783068596497592,0.08600873829745663,0.05363475623456744,0.06605617667564616,0.0,0.033964838153088296,0.2217714678421938,0.08795147603477012
2024-12-19 00:00:00+00:00,0.07869101756787927,0.11863025919763527,0.10266089799066955,0.07511960220488575,0.06538408694993142,0.0868653286307397,0.053723575077664155,0.06669789046138404,0.0,0.033675870168401886,0.22953978323235336,0.0890116885184556
2024-12-20 00:00:00+00:00,0.08086895603976255,0.12049620645254171,0.10414594001407812,0.07655020927058126,0.048674742661505975,0.08815077294924514,0.05470626529813033,0.06776195928714712,0.0,0.034035155553427426,0.23353944379492242,0.09107034867865788
2024-12-21 00:00:00+00:00,0.07850367975926827,0.11660868176690571,0.10078984549982188,0.07520722201057597,0.04693190714066996,0.08585663010359618,0.05638439465145879,0.06589008859449322,0.0,0.03294180889272617,0.25201740915943954,0.0888683324210443
2024-12-22 00:00:00+00:00,0.07776867200498393,0.11633645465792221,0.10074729691859968,0.07521132943611195,0.04708647660759788,0.08570989517693085,0.0563286657400797,0.06584967008839619,0.0,0.03279811852582067,0.2531834138787353,0.08898000696482174
2024-12-23 00:00:00+00:00,0.07733216247785304,0.11747393902151629,0.10038655180415836,0.07466256420040754,0.04675521006153527,0.08569912155065854,0.05615890567563191,0.06653013883231512,0.0,0.03255261119142667,0.2515280964245588,0.0909206987599386
2024-12-24 00:00:00+00:00,0.07700239871146518,0.12074607965875718,0.0999518064838066,0.0741271858968546,0.04626675194177321,0.08507783225747988,0.05577983750070271,0.06600213925364556,0.0,0.03229769966915923,0.252431967172078,0.09031630145427787
2024-12-25 00:00:00+00:00,0.07654150901679917,0.12333703473889139,0.09691256297745868,0.07399932300645264,0.04477546604667276,0.08374598806219889,0.06215282899536964,0.06304436907970559,0.0,0.03471661199076385,0.253067630269904,0.08770667581578337
2024-12-26 00:00:00+00:00,0.0767223566267813,0.12449167830502265,0.09631782440940666,0.07416943890152185,0.04452725410341042,0.08380903802501934,0.06267687405957197,0.06265776840096665,0.0,0.03527058610176985,0.2520055047509354,0.08735167631559393
2024-12-27 00:00:00+00:00,0.07549265455734344,0.12242219634070038,0.09449784857236147,0.07346849127486611,0.043656922402027475,0.08261304158183412,0.06171880034219534,0.061750109405718866,0.0,0.0346280744829513,0.26407251375390733,0.08567934728609396
2024-12-28 00:00:00+00:00,0.07548362850993554,0.12264469566468693,0.09472841296676167,0.07381204082209507,0.04418063362421791,0.08269456225127148,0.06179324712722044,0.06180378036381016,0.0,0.03462484026809388,0.26249428816468656,0.08573987023722039
2024-12-29 00:00:00+00:00,0.07264425279575136,0.12043930630054854,0.09227780123419328,0.07190131425545333,0.042957074089212524,0.08080300841235116,0.060081372346368414,0.06009300204364881,0.0,0.03366664216602257,0.2816052673954139,0.08353095896103599
2024-12-30 00:00:00+00:00,0.07955911224349811,0.13120236009262817,0.09189408904884477,0.07839505378450545,0.047055162263030484,0.08824161518349471,0.06549456792725135,0.06547340736618029,0.0,0.037754735762540306,0.22245531024276352,0.0924745860852628
2024-12-31 00:00:00+00:00,0.08014426161082076,0.13165730938441883,0.0918016807355494,0.07923733274074954,0.04707254926014523,0.08254864027636252,0.06547821455441905,0.06585203943767372,0.0,0.038174595449414934,0.2226381931140835,0.09539518343636263
