,agg_fund7,breadth30
2020-01-01 00:00:00+00:00,,
2020-01-02 00:00:00+00:00,,
2020-01-03 00:00:00+00:00,,
2020-01-04 00:00:00+00:00,,
2020-01-05 00:00:00+00:00,,
2020-01-06 00:00:00+00:00,,
2020-01-07 00:00:00+00:00,,
2020-01-08 00:00:00+00:00,,
2020-01-09 00:00:00+00:00,,
2020-01-10 00:00:00+00:00,,
2020-01-11 00:00:00+00:00,,
2020-01-12 00:00:00+00:00,,
2020-01-13 00:00:00+00:00,,
2020-01-14 00:00:00+00:00,,
2020-01-15 00:00:00+00:00,,
2020-01-16 00:00:00+00:00,,
2020-01-17 00:00:00+00:00,,
2020-01-18 00:00:00+00:00,,
2020-01-19 00:00:00+00:00,,
2020-01-20 00:00:00+00:00,,
2020-01-21 00:00:00+00:00,,
2020-01-22 00:00:00+00:00,,
2020-01-23 00:00:00+00:00,,
2020-01-24 00:00:00+00:00,,
2020-01-25 00:00:00+00:00,,
2020-01-26 00:00:00+00:00,,
2020-01-27 00:00:00+00:00,,
2020-01-28 00:00:00+00:00,,
2020-01-29 00:00:00+00:00,,
2020-01-30 00:00:00+00:00,,
2020-01-31 00:00:00+00:00,,
2020-02-01 00:00:00+00:00,,
2020-02-02 00:00:00+00:00,,
2020-02-03 00:00:00+00:00,,
2020-02-04 00:00:00+00:00,,
2020-02-05 00:00:00+00:00,,
2020-02-06 00:00:00+00:00,,
2020-02-07 00:00:00+00:00,,
2020-02-08 00:00:00+00:00,,
2020-02-09 00:00:00+00:00,,
2020-02-10 00:00:00+00:00,,
2020-02-11 00:00:00+00:00,,
2020-02-12 00:00:00+00:00,,
2020-02-13 00:00:00+00:00,,
2020-02-14 00:00:00+00:00,,
2020-02-15 00:00:00+00:00,,
2020-02-16 00:00:00+00:00,,
2020-02-17 00:00:00+00:00,,
2020-02-18 00:00:00+00:00,,
2020-02-19 00:00:00+00:00,,
2020-02-20 00:00:00+00:00,,
2020-02-21 00:00:00+00:00,,
2020-02-22 00:00:00+00:00,,
2020-02-23 00:00:00+00:00,,
2020-02-24 00:00:00+00:00,,
2020-02-25 00:00:00+00:00,,
2020-02-26 00:00:00+00:00,,
2020-02-27 00:00:00+00:00,,
2020-02-28 00:00:00+00:00,,
2020-02-29 00:00:00+00:00,,
2020-03-01 00:00:00+00:00,,
2020-03-02 00:00:00+00:00,,
2020-03-03 00:00:00+00:00,,
2020-03-04 00:00:00+00:00,,
2020-03-05 00:00:00+00:00,,
2020-03-06 00:00:00+00:00,,
2020-03-07 00:00:00+00:00,,
2020-03-08 00:00:00+00:00,,
2020-03-09 00:00:00+00:00,,
2020-03-10 00:00:00+00:00,,
2020-03-11 00:00:00+00:00,,
2020-03-12 00:00:00+00:00,,
2020-03-13 00:00:00+00:00,,
2020-03-14 00:00:00+00:00,,
2020-03-15 00:00:00+00:00,,
2020-03-16 00:00:00+00:00,,
2020-03-17 00:00:00+00:00,,
2020-03-18 00:00:00+00:00,,
2020-03-19 00:00:00+00:00,,
2020-03-20 00:00:00+00:00,,
2020-03-21 00:00:00+00:00,,
2020-03-22 00:00:00+00:00,,
2020-03-23 00:00:00+00:00,,
2020-03-24 00:00:00+00:00,,
2020-03-25 00:00:00+00:00,,
2020-03-26 00:00:00+00:00,,
2020-03-27 00:00:00+00:00,,
2020-03-28 00:00:00+00:00,,
2020-03-29 00:00:00+00:00,,
2020-03-30 00:00:00+00:00,,
2020-03-31 00:00:00+00:00,,
2020-04-01 00:00:00+00:00,,
2020-04-02 00:00:00+00:00,,
2020-04-03 00:00:00+00:00,,
2020-04-04 00:00:00+00:00,,
2020-04-05 00:00:00+00:00,,
2020-04-06 00:00:00+00:00,,
2020-04-07 00:00:00+00:00,,
2020-04-08 00:00:00+00:00,,
2020-04-09 00:00:00+00:00,0.0014871560000000005,0.0
2020-04-10 00:00:00+00:00,0.0015515200000000005,0.0
2020-04-11 00:00:00+00:00,0.0014002110000000006,1.0
2020-04-12 00:00:00+00:00,0.0013251080000000004,1.0
2020-04-13 00:00:00+00:00,0.0006475400000000005,1.0
2020-04-14 00:00:00+00:00,-4.225099999999957e-05,1.0
2020-04-15 00:00:00+00:00,,
2020-04-16 00:00:00+00:00,,
2020-04-17 00:00:00+00:00,,
2020-04-18 00:00:00+00:00,,
2020-04-19 00:00:00+00:00,,
2020-04-20 00:00:00+00:00,,
2020-04-21 00:00:00+00:00,,
2020-04-22 00:00:00+00:00,,
2020-04-23 00:00:00+00:00,,
2020-04-24 00:00:00+00:00,,
2020-04-25 00:00:00+00:00,,
2020-04-26 00:00:00+00:00,,
2020-04-27 00:00:00+00:00,,
2020-04-28 00:00:00+00:00,,
2020-04-29 00:00:00+00:00,,
2020-04-30 00:00:00+00:00,,
2020-05-01 00:00:00+00:00,,
2020-05-02 00:00:00+00:00,,
2020-05-03 00:00:00+00:00,0.0025618810000000007,1.0
2020-05-04 00:00:00+00:00,0.0026309610000000002,1.0
2020-05-05 00:00:00+00:00,0.0031544130000000004,1.0
2020-05-06 00:00:00+00:00,0.0032323840000000005,0.7
2020-05-07 00:00:00+00:00,0.0032909750000000007,0.9
2020-05-08 00:00:00+00:00,0.004248806000000001,0.9
2020-05-09 00:00:00+00:00,0.005193616,1.0
2020-05-10 00:00:00+00:00,0.005127273,0.8
2020-05-11 00:00:00+00:00,0.005069688,0.8
2020-05-12 00:00:00+00:00,0.004848466000000001,0.9
2020-05-13 00:00:00+00:00,0.004343007000000001,1.0
2020-05-14 00:00:00+00:00,0.003885912000000001,1.0
2020-05-15 00:00:00+00:00,0.0027210300000000006,1.0
2020-05-16 00:00:00+00:00,0.0014771020000000005,0.9
2020-05-17 00:00:00+00:00,0.0010400370000000004,1.0
2020-05-18 00:00:00+00:00,0.0009464480000000004,0.9
2020-05-19 00:00:00+00:00,0.0010150320000000006,1.0
2020-05-20 00:00:00+00:00,0.0011222210000000007,1.0
2020-05-21 00:00:00+00:00,0.0014499936363636368,0.9090909090909091
2020-05-22 00:00:00+00:00,0.0015483710000000004,0.9
2020-05-23 00:00:00+00:00,0.0015616720000000005,0.8
2020-05-24 00:00:00+00:00,,
2020-05-25 00:00:00+00:00,0.0015915050000000007,0.6
2020-05-26 00:00:00+00:00,,
2020-05-27 00:00:00+00:00,,
2020-05-28 00:00:00+00:00,,
2020-05-29 00:00:00+00:00,,
2020-05-30 00:00:00+00:00,,
2020-05-31 00:00:00+00:00,,
2020-06-01 00:00:00+00:00,,
2020-06-02 00:00:00+00:00,,
2020-06-03 00:00:00+00:00,,
2020-06-04 00:00:00+00:00,,
2020-06-05 00:00:00+00:00,0.002922002000000001,0.8
2020-06-06 00:00:00+00:00,0.003256129000000001,0.6
2020-06-07 00:00:00+00:00,0.0034250670000000013,0.5
2020-06-08 00:00:00+00:00,0.0035860930000000007,0.6
2020-06-09 00:00:00+00:00,0.0028106100000000007,1.0
2020-06-10 00:00:00+00:00,0.0030522660000000005,1.0
2020-06-11 00:00:00+00:00,0.0032689730000000005,0.9
2020-06-12 00:00:00+00:00,0.0032067450000000013,0.9
2020-06-13 00:00:00+00:00,0.0029333100000000006,0.6
2020-06-14 00:00:00+00:00,0.0028239560000000003,0.7
2020-06-15 00:00:00+00:00,0.0019528760000000005,0.7
2020-06-16 00:00:00+00:00,0.0017564230000000007,0.5
2020-06-17 00:00:00+00:00,0.0017289860000000005,0.4
2020-06-18 00:00:00+00:00,0.0014294950000000005,0.4
2020-06-19 00:00:00+00:00,0.0014549140000000005,0.4
2020-06-20 00:00:00+00:00,0.0015744330000000005,0.8
2020-06-21 00:00:00+00:00,0.0014899190000000006,0.5
2020-06-22 00:00:00+00:00,0.0013426650000000003,0.8
2020-06-23 00:00:00+00:00,,
2020-06-24 00:00:00+00:00,,
2020-06-25 00:00:00+00:00,,
2020-06-26 00:00:00+00:00,0.0015003420000000006,0.4
2020-06-27 00:00:00+00:00,0.0015058020000000005,0.4
2020-06-28 00:00:00+00:00,0.0013542640000000004,0.4
2020-06-29 00:00:00+00:00,0.0011791450000000006,0.3
2020-06-30 00:00:00+00:00,0.0008853670000000004,0.3
2020-07-01 00:00:00+00:00,,
2020-07-02 00:00:00+00:00,,
2020-07-03 00:00:00+00:00,,
2020-07-04 00:00:00+00:00,,
2020-07-05 00:00:00+00:00,,
2020-07-06 00:00:00+00:00,,
2020-07-07 00:00:00+00:00,,
2020-07-08 00:00:00+00:00,,
2020-07-09 00:00:00+00:00,,
2020-07-10 00:00:00+00:00,,
2020-07-11 00:00:00+00:00,,
2020-07-12 00:00:00+00:00,,
2020-07-13 00:00:00+00:00,,
2020-07-14 00:00:00+00:00,,
2020-07-15 00:00:00+00:00,,
2020-07-16 00:00:00+00:00,,
2020-07-17 00:00:00+00:00,,
2020-07-18 00:00:00+00:00,,
2020-07-19 00:00:00+00:00,,
2020-07-20 00:00:00+00:00,,
2020-07-21 00:00:00+00:00,0.0021840760000000005,1.0
2020-07-22 00:00:00+00:00,0.002386675454545455,0.8181818181818182
2020-07-23 00:00:00+00:00,0.0031402491666666674,0.8333333333333334
2020-07-24 00:00:00+00:00,0.004030079166666666,1.0
2020-07-25 00:00:00+00:00,0.004844407500000001,1.0
2020-07-26 00:00:00+00:00,0.006862450000000002,1.0
2020-07-27 00:00:00+00:00,0.008190945,1.0
2020-07-28 00:00:00+00:00,0.010135789166666668,1.0
2020-07-29 00:00:00+00:00,0.011994411666666668,1.0
2020-07-30 00:00:00+00:00,0.012996920833333333,1.0
2020-07-31 00:00:00+00:00,0.01379643166666667,1.0
2020-08-01 00:00:00+00:00,0.015185436923076924,1.0
2020-08-02 00:00:00+00:00,0.015224034285714286,1.0
2020-08-03 00:00:00+00:00,0.014522766,1.0
2020-08-04 00:00:00+00:00,0.013707615333333334,1.0
2020-08-05 00:00:00+00:00,0.012940070625000001,1.0
2020-08-06 00:00:00+00:00,0.012866554999999998,1.0
2020-08-07 00:00:00+00:00,0.012729278125,0.9375
2020-08-08 00:00:00+00:00,0.011349434374999998,1.0
2020-08-09 00:00:00+00:00,0.010381551250000001,1.0
2020-08-10 00:00:00+00:00,0.011519373749999999,1.0
2020-08-11 00:00:00+00:00,0.01220532875,1.0
2020-08-12 00:00:00+00:00,0.011369781875,1.0
2020-08-13 00:00:00+00:00,0.010904304375,1.0
2020-08-14 00:00:00+00:00,0.012345070588235293,1.0
2020-08-15 00:00:00+00:00,0.014557333529411765,1.0
2020-08-16 00:00:00+00:00,0.015624200588235293,1.0
2020-08-17 00:00:00+00:00,0.01623433176470588,1.0
2020-08-18 00:00:00+00:00,0.01729756,1.0
2020-08-19 00:00:00+00:00,0.01739672470588235,1.0
2020-08-20 00:00:00+00:00,0.016794570588235296,1.0
2020-08-21 00:00:00+00:00,0.014944462105263158,0.9473684210526315
2020-08-22 00:00:00+00:00,0.012423368947368422,1.0
2020-08-23 00:00:00+00:00,0.010149497368421053,0.9473684210526315
2020-08-24 00:00:00+00:00,0.008110751052631579,0.8947368421052632
2020-08-25 00:00:00+00:00,0.005942486,0.8
2020-08-26 00:00:00+00:00,0.005769805238095239,0.9047619047619048
2020-08-27 00:00:00+00:00,0.005966811428571429,0.7142857142857143
2020-08-28 00:00:00+00:00,0.005197259545454545,0.8636363636363636
2020-08-29 00:00:00+00:00,0.005805425,0.7727272727272727
2020-08-30 00:00:00+00:00,0.006994924347826087,0.8260869565217391
2020-08-31 00:00:00+00:00,0.007141202608695653,0.6086956521739131
2020-09-01 00:00:00+00:00,0.007748788260869566,0.8260869565217391
2020-09-02 00:00:00+00:00,0.008666446521739132,0.6521739130434783
2020-09-03 00:00:00+00:00,0.00784515,0.391304347826087
2020-09-04 00:00:00+00:00,0.006907800416666666,0.375
2020-09-05 00:00:00+00:00,0.005281642916666667,0.3333333333333333
2020-09-06 00:00:00+00:00,0.003611755,0.4166666666666667
2020-09-07 00:00:00+00:00,0.002100607916666667,0.2916666666666667
2020-09-08 00:00:00+00:00,0.0001979041666666672,0.25
2020-09-09 00:00:00+00:00,-0.0015561499999999992,0.25
2020-09-10 00:00:00+00:00,-0.0016685691666666665,0.3333333333333333
2020-09-11 00:00:00+00:00,-0.000810903478260869,0.30434782608695654
2020-09-12 00:00:00+00:00,-0.0006526068181818179,0.18181818181818182
2020-09-13 00:00:00+00:00,-0.000660594285714285,0.19047619047619047
2020-09-14 00:00:00+00:00,-0.0007210789999999996,0.25
2020-09-15 00:00:00+00:00,-0.0010232390476190474,0.14285714285714285
2020-09-16 00:00:00+00:00,-0.00322322409090909,0.18181818181818182
2020-09-17 00:00:00+00:00,-0.0019177904999999995,0.15
2020-09-18 00:00:00+00:00,-0.0013226066666666664,0.19047619047619047
2020-09-19 00:00:00+00:00,-0.0013213147619047614,0.14285714285714285
2020-09-20 00:00:00+00:00,-0.0014129695454545453,0.18181818181818182
2020-09-21 00:00:00+00:00,-0.0013384261904761901,0.09523809523809523
2020-09-22 00:00:00+00:00,-0.0012320109999999997,0.15
2020-09-23 00:00:00+00:00,-0.0006408521052631575,0.10526315789473684
2020-09-24 00:00:00+00:00,-0.0004294921052631575,0.15789473684210525
2020-09-25 00:00:00+00:00,-0.0006072894736842102,0.15789473684210525
2020-09-26 00:00:00+00:00,-0.0004331294999999997,0.15
2020-09-27 00:00:00+00:00,-0.0008538809999999999,0.15
2020-09-28 00:00:00+00:00,-0.0026313385714285716,0.14285714285714285
2020-09-29 00:00:00+00:00,-0.0023824076190476187,0.09523809523809523
2020-09-30 00:00:00+00:00,-0.0023167257894736843,0.10526315789473684
2020-10-01 00:00:00+00:00,-0.0026947442105263153,0.10526315789473684
2020-10-02 00:00:00+00:00,-0.0031528442105263157,0.10526315789473684
2020-10-03 00:00:00+00:00,-0.0038570478947368416,0.42105263157894735
2020-10-04 00:00:00+00:00,-0.004347147368421052,0.15789473684210525
2020-10-05 00:00:00+00:00,-0.005232428888888889,0.5
2020-10-06 00:00:00+00:00,-0.005256212222222221,0.2777777777777778
2020-10-07 00:00:00+00:00,-0.005127189444444445,0.2777777777777778
2020-10-08 00:00:00+00:00,-0.005104813888888889,0.4444444444444444
2020-10-09 00:00:00+00:00,-0.004629508235294118,0.47058823529411764
2020-10-10 00:00:00+00:00,-0.0036663888235294114,0.47058823529411764
2020-10-11 00:00:00+00:00,-0.0023791005882352937,0.47058823529411764
2020-10-12 00:00:00+00:00,-0.0014038076470588234,0.35294117647058826
2020-10-13 00:00:00+00:00,-0.0010201011111111106,0.4444444444444444
2020-10-14 00:00:00+00:00,-0.0004256322222222218,0.4444444444444444
2020-10-15 00:00:00+00:00,4.894722222222263e-05,0.5
2020-10-16 00:00:00+00:00,-0.00010414277777777734,0.4444444444444444
2020-10-17 00:00:00+00:00,-0.0003457966666666662,0.3888888888888889
2020-10-18 00:00:00+00:00,-0.0004738477777777774,0.5555555555555556
2020-10-19 00:00:00+00:00,-0.0006693616666666659,0.5
2020-10-20 00:00:00+00:00,-0.00046447444444444434,0.5
2020-10-21 00:00:00+00:00,-0.0003753338888888885,0.8888888888888888
2020-10-22 00:00:00+00:00,0.00017654882352941237,0.9411764705882353
2020-10-23 00:00:00+00:00,0.0009295152941176476,1.0
2020-10-24 00:00:00+00:00,0.001642348235294118,0.8235294117647058
2020-10-25 00:00:00+00:00,0.0019411106250000003,0.6875
2020-10-26 00:00:00+00:00,0.002166066,0.7333333333333333
2020-10-27 00:00:00+00:00,0.0021144407142857148,0.8571428571428571
2020-10-28 00:00:00+00:00,0.0023991928571428576,0.7142857142857143
2020-10-29 00:00:00+00:00,0.0019022346666666668,0.6
2020-10-30 00:00:00+00:00,0.0014548973333333335,0.4
2020-10-31 00:00:00+00:00,0.0011893306666666667,0.5333333333333333
2020-11-01 00:00:00+00:00,0.0006223056250000004,0.6875
2020-11-02 00:00:00+00:00,0.0006155917647058827,0.4117647058823529
2020-11-03 00:00:00+00:00,0.0005912858823529418,0.35294117647058826
2020-11-04 00:00:00+00:00,0.0001025488235294123,0.35294117647058826
2020-11-05 00:00:00+00:00,0.0010503881250000006,0.625
2020-11-06 00:00:00+00:00,0.0017996481250000004,0.6875
2020-11-07 00:00:00+00:00,0.0022190041176470593,0.5882352941176471
2020-11-08 00:00:00+00:00,0.002528487647058824,0.6470588235294118
2020-11-09 00:00:00+00:00,0.0019420172222222225,0.5
2020-11-10 00:00:00+00:00,0.0021860872222222226,0.5
2020-11-11 00:00:00+00:00,0.0014752884210526317,0.42105263157894735
2020-11-12 00:00:00+00:00,0.0010645442105263164,0.42105263157894735
2020-11-13 00:00:00+00:00,0.00037359684210526325,0.5789473684210527
2020-11-14 00:00:00+00:00,-0.0012396078947368417,0.5789473684210527
2020-11-15 00:00:00+00:00,-0.0020207689473684216,0.5789473684210527
2020-11-16 00:00:00+00:00,-0.002188955,0.7
2020-11-17 00:00:00+00:00,-0.0019868535,0.9
2020-11-18 00:00:00+00:00,-0.0011569119999999997,0.75
2020-11-19 00:00:00+00:00,-0.00045348199999999914,0.85
2020-11-20 00:00:00+00:00,0.0010847295238095242,0.8095238095238095
2020-11-21 00:00:00+00:00,0.0036894995238095246,0.9047619047619048
2020-11-22 00:00:00+00:00,0.006784481250000001,0.875
2020-11-23 00:00:00+00:00,0.010245144583333332,1.0
2020-11-24 00:00:00+00:00,0.013000362500000001,1.0
2020-11-25 00:00:00+00:00,0.014998386923076923,0.9615384615384616
2020-11-26 00:00:00+00:00,0.014532592962962963,0.7407407407407407
2020-11-27 00:00:00+00:00,0.012885525862068967,0.8275862068965517
2020-11-28 00:00:00+00:00,0.011216968275862068,0.896551724137931
2020-11-29 00:00:00+00:00,0.009657902068965517,0.9655172413793104
2020-11-30 00:00:00+00:00,0.007023912413793104,1.0
2020-12-01 00:00:00+00:00,0.004970595,0.9375
2020-12-02 00:00:00+00:00,0.002929271612903226,1.0
2020-12-03 00:00:00+00:00,0.0033390674193548393,1.0
2020-12-04 00:00:00+00:00,0.0038083620000000005,1.0
2020-12-05 00:00:00+00:00,0.003824479,1.0
2020-12-06 00:00:00+00:00,0.0037545920689655175,0.9655172413793104
2020-12-07 00:00:00+00:00,0.0036627810714285718,0.9642857142857143
2020-12-08 00:00:00+00:00,0.002785439333333334,0.8
2020-12-09 00:00:00+00:00,0.0025714103448275867,0.9310344827586207
2020-12-10 00:00:00+00:00,0.0018327565517241382,0.7586206896551724
2020-12-11 00:00:00+00:00,0.0012852706666666672,0.8
2020-12-12 00:00:00+00:00,0.0010694313333333338,0.8666666666666667
2020-12-13 00:00:00+00:00,0.0011571500000000005,0.8275862068965517
2020-12-14 00:00:00+00:00,0.0012845832258064518,0.8709677419354839
2020-12-15 00:00:00+00:00,0.0013531525806451616,0.9032258064516129
2020-12-16 00:00:00+00:00,0.0017417322580645163,0.8709677419354839
2020-12-17 00:00:00+00:00,0.00322584625,0.78125
2020-12-18 00:00:00+00:00,0.004160346875,0.8125
2020-12-19 00:00:00+00:00,0.005739724375,0.8125
2020-12-20 00:00:00+00:00,0.0061846346875,0.75
2020-12-21 00:00:00+00:00,0.006820960000000001,0.5757575757575758
2020-12-22 00:00:00+00:00,0.007103308125000001,0.625
2020-12-23 00:00:00+00:00,0.0066933184375,0.3125
2020-12-24 00:00:00+00:00,0.0043939609375,0.3125
2020-12-25 00:00:00+00:00,0.0031894978125000008,0.4375
2020-12-26 00:00:00+00:00,0.0015934856250000003,0.53125
2020-12-27 00:00:00+00:00,0.00040933969696969706,0.5454545454545454
2020-12-28 00:00:00+00:00,0.0004786742424242428,0.6060606060606061
2020-12-29 00:00:00+00:00,0.0006961048484848485,0.5454545454545454
2020-12-30 00:00:00+00:00,0.0009382681250000004,0.5625
2020-12-31 00:00:00+00:00,0.0016289612500000003,0.5625
2021-01-01 00:00:00+00:00,0.0023169734374999997,0.5625
2021-01-02 00:00:00+00:00,0.0032356290624999994,0.53125
2021-01-03 00:00:00+00:00,0.005148625,0.6875
2021-01-04 00:00:00+00:00,0.008808664375,0.6875
2021-01-05 00:00:00+00:00,0.009752996875000001,0.71875
2021-01-06 00:00:00+00:00,0.013942689687499999,0.8125
2021-01-07 00:00:00+00:00,0.018413717058823525,0.8823529411764706
2021-01-08 00:00:00+00:00,0.020047598857142856,0.8857142857142857
2021-01-09 00:00:00+00:00,0.021574218055555556,0.9166666666666666
2021-01-10 00:00:00+00:00,0.0238068072972973,0.918918918918919
2021-01-11 00:00:00+00:00,0.020278664864864862,0.8378378378378378
2021-01-12 00:00:00+00:00,0.017461170249999998,0.8
2021-01-13 00:00:00+00:00,0.014558388095238097,0.9047619047619048
2021-01-14 00:00:00+00:00,0.011616716976744186,0.8837209302325582
2021-01-15 00:00:00+00:00,0.01085952534883721,0.813953488372093
2021-01-16 00:00:00+00:00,0.010099575116279071,0.8604651162790697
2021-01-17 00:00:00+00:00,0.006950812325581395,0.8837209302325582
2021-01-18 00:00:00+00:00,0.00850261976744186,0.9302325581395349
2021-01-19 00:00:00+00:00,0.012423993777777777,0.8888888888888888
2021-01-20 00:00:00+00:00,0.01293874888888889,0.9333333333333333
2021-01-21 00:00:00+00:00,0.012372995531914894,0.851063829787234
2021-01-22 00:00:00+00:00,0.011120898085106384,0.9574468085106383
2021-01-23 00:00:00+00:00,0.01031836306122449,0.9387755102040817
2021-01-24 00:00:00+00:00,0.009988159387755102,0.9387755102040817
2021-01-25 00:00:00+00:00,0.0091859534,0.9
2021-01-26 00:00:00+00:00,0.005621098679245284,0.9056603773584906
2021-01-27 00:00:00+00:00,0.005035576226415095,0.8490566037735849
2021-01-28 00:00:00+00:00,0.0051852551851851855,0.9259259259259259
2021-01-29 00:00:00+00:00,0.007424090740740741,0.9444444444444444
2021-01-30 00:00:00+00:00,0.00886187925925926,0.9444444444444444
2021-01-31 00:00:00+00:00,0.010640727777777779,0.9629629629629629
2021-02-01 00:00:00+00:00,0.011074635370370369,0.9629629629629629
2021-02-02 00:00:00+00:00,0.013307378518518518,0.9814814814814815
2021-02-03 00:00:00+00:00,0.018181186296296295,1.0
2021-02-04 00:00:00+00:00,0.022438051454545454,0.9272727272727272
2021-02-05 00:00:00+00:00,0.02686982482142857,0.9464285714285714
2021-02-06 00:00:00+00:00,0.0289519425,0.9464285714285714
2021-02-07 00:00:00+00:00,0.029319316315789472,0.9298245614035088
2021-02-08 00:00:00+00:00,0.031379434736842106,0.9122807017543859
2021-02-09 00:00:00+00:00,0.03661588842105263,0.9473684210526315
2021-02-10 00:00:00+00:00,0.04006212966101695,1.0
2021-02-11 00:00:00+00:00,0.04037305466666667,1.0
2021-02-12 00:00:00+00:00,0.040793700163934424,1.0
2021-02-13 00:00:00+00:00,0.04698187276923076,1.0
2021-02-14 00:00:00+00:00,0.05106705661538461,1.0
2021-02-15 00:00:00+00:00,0.048983058307692305,1.0
2021-02-16 00:00:00+00:00,0.04307956279411765,1.0
2021-02-17 00:00:00+00:00,0.03697767695652174,1.0
2021-02-18 00:00:00+00:00,0.03794062742857143,1.0
2021-02-19 00:00:00+00:00,0.037472868028169015,1.0
2021-02-20 00:00:00+00:00,0.03719246338028169,1.0
2021-02-21 00:00:00+00:00,0.03164023287671233,1.0
2021-02-22 00:00:00+00:00,0.030661314266666663,1.0
2021-02-23 00:00:00+00:00,0.02854600736842105,0.9868421052631579
2021-02-24 00:00:00+00:00,0.0260394974025974,1.0
2021-02-25 00:00:00+00:00,0.019768263421052635,0.9605263157894737
2021-02-26 00:00:00+00:00,0.013020045394736841,0.9868421052631579
2021-02-27 00:00:00+00:00,0.003987985526315789,0.9736842105263158
2021-02-28 00:00:00+00:00,0.0018815368421052636,0.9605263157894737
2021-03-01 00:00:00+00:00,0.0009063547368421055,0.9605263157894737
2021-03-02 00:00:00+00:00,0.0014147064473684211,0.9473684210526315
2021-03-03 00:00:00+00:00,0.0018417622368421052,0.9605263157894737
2021-03-04 00:00:00+00:00,0.002445747402597403,0.948051948051948
2021-03-05 00:00:00+00:00,0.0027464697402597403,0.9090909090909091
2021-03-06 00:00:00+00:00,0.002869552948717949,0.9230769230769231
2021-03-07 00:00:00+00:00,0.0033140355128205134,0.8461538461538461
2021-03-08 00:00:00+00:00,0.0038613682051282052,0.9102564102564102
2021-03-09 00:00:00+00:00,0.006101310256410256,0.9102564102564102
2021-03-10 00:00:00+00:00,0.008082513205128206,0.8717948717948718
2021-03-11 00:00:00+00:00,0.008913456410256409,0.7692307692307693
2021-03-12 00:00:00+00:00,0.010769084871794872,0.7051282051282052
2021-03-13 00:00:00+00:00,0.01229553423076923,0.6282051282051282
2021-03-14 00:00:00+00:00,0.015092654935064936,0.5454545454545454
2021-03-15 00:00:00+00:00,0.016713012467532467,0.4155844155844156
2021-03-16 00:00:00+00:00,0.015181631298701299,0.5324675324675324
2021-03-17 00:00:00+00:00,0.01454756935064935,0.6103896103896104
2021-03-18 00:00:00+00:00,0.016443811315789474,0.5789473684210527
2021-03-19 00:00:00+00:00,0.01656676407894737,0.6052631578947368
2021-03-20 00:00:00+00:00,0.018485285866666666,0.49333333333333335
2021-03-21 00:00:00+00:00,0.017630509200000002,0.48
2021-03-22 00:00:00+00:00,0.017634888552631577,0.4868421052631579
2021-03-23 00:00:00+00:00,0.017200641842105263,0.42105263157894735
2021-03-24 00:00:00+00:00,0.016307560131578944,0.42105263157894735
2021-03-25 00:00:00+00:00,0.013197211948051948,0.5974025974025974
2021-03-26 00:00:00+00:00,0.01142079575,0.7
2021-03-27 00:00:00+00:00,0.00832886125,0.9
2021-03-28 00:00:00+00:00,0.007389213414634147,0.8902439024390244
2021-03-29 00:00:00+00:00,0.007058121204819277,0.927710843373494
2021-03-30 00:00:00+00:00,0.009833957228915662,0.9518072289156626
2021-03-31 00:00:00+00:00,0.011926113373493974,0.8554216867469879
2021-04-01 00:00:00+00:00,0.016075823975903614,0.891566265060241
2021-04-02 00:00:00+00:00,0.02070117702380952,0.8928571428571429
2021-04-03 00:00:00+00:00,0.025756746235294118,0.9176470588235294
2021-04-04 00:00:00+00:00,0.02613571647058824,0.9411764705882353
2021-04-05 00:00:00+00:00,0.02776310588235294,0.9647058823529412
2021-04-06 00:00:00+00:00,0.03002784905882353,0.9294117647058824
2021-04-07 00:00:00+00:00,0.029308189529411766,0.8352941176470589
2021-04-08 00:00:00+00:00,0.02655065717647059,0.8352941176470589
2021-04-09 00:00:00+00:00,0.02403503552941176,0.8823529411764706
2021-04-10 00:00:00+00:00,0.02226092611764706,0.8470588235294118
2021-04-11 00:00:00+00:00,0.024821858117647054,0.8941176470588236
2021-04-12 00:00:00+00:00,0.02621537188235294,0.8823529411764706
2021-04-13 00:00:00+00:00,0.02601638305882353,0.9058823529411765
2021-04-14 00:00:00+00:00,0.030005241411764708,0.9176470588235294
2021-04-15 00:00:00+00:00,0.032930077647058825,0.9529411764705882
2021-04-16 00:00:00+00:00,0.036117429529411764,0.9411764705882353
2021-04-17 00:00:00+00:00,0.03743373588235294,0.9176470588235294
2021-04-18 00:00:00+00:00,0.03393793627906976,0.7441860465116279
2021-04-19 00:00:00+00:00,0.02925954875,0.6363636363636364
2021-04-20 00:00:00+00:00,0.023817199999999997,0.6818181818181818
2021-04-21 00:00:00+00:00,0.01770757295454545,0.75
2021-04-22 00:00:00+00:00,0.013485146853932586,0.651685393258427
2021-04-23 00:00:00+00:00,0.00785782288888889,0.7222222222222222
2021-04-24 00:00:00+00:00,0.0026394354945054946,0.6153846153846154
2021-04-25 00:00:00+00:00,0.0019091759340659343,0.4725274725274725
2021-04-26 00:00:00+00:00,0.0017083600000000001,0.6593406593406593
2021-04-27 00:00:00+00:00,0.0018413140659340659,0.7032967032967034
2021-04-28 00:00:00+00:00,0.0020321045054945055,0.6263736263736264
2021-04-29 00:00:00+00:00,0.00220341956043956,0.6263736263736264
2021-04-30 00:00:00+00:00,0.002789743626373626,0.6813186813186813
2021-05-01 00:00:00+00:00,0.004039370652173913,0.6847826086956522
2021-05-02 00:00:00+00:00,0.005277986304347826,0.6413043478260869
2021-05-03 00:00:00+00:00,0.0070647703260869575,0.7934782608695652
2021-05-04 00:00:00+00:00,0.008262998695652174,0.5
2021-05-05 00:00:00+00:00,0.00907622543478261,0.6086956521739131
2021-05-06 00:00:00+00:00,0.011559813043478261,0.6739130434782609
2021-05-07 00:00:00+00:00,0.012768671630434781,0.782608695652174
2021-05-08 00:00:00+00:00,0.013501645053763441,0.6881720430107527
2021-05-09 00:00:00+00:00,0.013611771182795699,0.6451612903225806
2021-05-10 00:00:00+00:00,0.013752829574468085,0.43617021276595747
2021-05-11 00:00:00+00:00,0.012575127234042553,0.5638297872340425
2021-05-12 00:00:00+00:00,0.011925003191489363,0.4148936170212766
2021-05-13 00:00:00+00:00,0.009143208333333335,0.4270833333333333
2021-05-14 00:00:00+00:00,0.007424261666666667,0.46875
2021-05-15 00:00:00+00:00,0.005639217216494845,0.31958762886597936
2021-05-16 00:00:00+00:00,0.004462511836734693,0.32653061224489793
2021-05-17 00:00:00+00:00,0.0027630716326530616,0.2653061224489796
2021-05-18 00:00:00+00:00,0.002830132346938776,0.4387755102040816
2021-05-19 00:00:00+00:00,-0.00418263581632653,0.09183673469387756
2021-05-20 00:00:00+00:00,-0.00513797090909091,0.18181818181818182
2021-05-21 00:00:00+00:00,-0.0057358477777777785,0.12121212121212122
2021-05-22 00:00:00+00:00,-0.0068304511,0.08
2021-05-23 00:00:00+00:00,-0.0076620615,0.06
2021-05-24 00:00:00+00:00,-0.0087360006,0.21
2021-05-25 00:00:00+00:00,-0.009465241188118811,0.18811881188118812
2021-05-26 00:00:00+00:00,-0.0032842600990099008,0.12871287128712872
2021-05-27 00:00:00+00:00,-0.002788376274509804,0.0784313725490196
2021-05-28 00:00:00+00:00,-0.0027676638834951456,0.05825242718446602
2021-05-29 00:00:00+00:00,-0.0023554310576923074,0.057692307692307696
2021-05-30 00:00:00+00:00,-0.0023367327619047617,0.0380952380952381
2021-05-31 00:00:00+00:00,-0.0017981159047619046,0.047619047619047616
2021-06-01 00:00:00+00:00,-0.001360225333333333,0.0380952380952381
2021-06-02 00:00:00+00:00,-0.0009327989320388348,0.04854368932038835
2021-06-03 00:00:00+00:00,-0.0005704634951456311,0.07766990291262135
2021-06-04 00:00:00+00:00,-0.00018166615384615378,0.028846153846153848
2021-06-05 00:00:00+00:00,0.00011608913461538467,0.028846153846153848
2021-06-06 00:00:00+00:00,0.0004894382692307692,0.028846153846153848
2021-06-07 00:00:00+00:00,0.0008136071428571428,0.009523809523809525
2021-06-08 00:00:00+00:00,0.0006475317142857141,0.009523809523809525
2021-06-09 00:00:00+00:00,8.702403846153842e-05,0.019230769230769232
2021-06-10 00:00:00+00:00,-0.0002552614285714287,0.01904761904761905
2021-06-11 00:00:00+00:00,-0.00028243790476190496,0.009523809523809525
2021-06-12 00:00:00+00:00,-0.0003527629126213593,0.009708737864077669
2021-06-13 00:00:00+00:00,-0.0005567261764705883,0.0
2021-06-14 00:00:00+00:00,-0.0006982657843137255,0.0
2021-06-15 00:00:00+00:00,-0.0004744103000000001,0.0
2021-06-16 00:00:00+00:00,0.00015322959999999989,0.01
2021-06-17 00:00:00+00:00,0.0003448587999999999,0.01
2021-06-18 00:00:00+00:00,0.0002892159999999999,0.19
2021-06-19 00:00:00+00:00,0.0003654831313131313,0.030303030303030304
2021-06-20 00:00:00+00:00,0.00034059739583333317,0.10416666666666667
2021-06-21 00:00:00+00:00,0.00020676810526315778,0.010526315789473684
2021-06-22 00:00:00+00:00,-0.0002514853684210527,0.12631578947368421
2021-06-23 00:00:00+00:00,-0.0010116873684210528,0.021052631578947368
2021-06-24 00:00:00+00:00,-0.0014005306315789474,0.05263157894736842
2021-06-25 00:00:00+00:00,-0.0016682498924731185,0.0
2021-06-26 00:00:00+00:00,-0.0018621424731182796,0.0
2021-06-27 00:00:00+00:00,-0.0019508033707865172,0.056179775280898875
2021-06-28 00:00:00+00:00,-0.00199468125,0.10227272727272728
2021-06-29 00:00:00+00:00,-0.0017789161363636363,0.125
2021-06-30 00:00:00+00:00,-0.0011034171264367818,0.08045977011494253
2021-07-01 00:00:00+00:00,-0.0009634471590909092,0.056818181818181816
2021-07-02 00:00:00+00:00,-0.0009555645348837211,0.046511627906976744
2021-07-03 00:00:00+00:00,-0.0009806624705882352,0.03529411764705882
2021-07-04 00:00:00+00:00,-0.0005038801204819277,0.060240963855421686
2021-07-05 00:00:00+00:00,-0.0006385688095238095,0.07142857142857142
2021-07-06 00:00:00+00:00,-0.00040350756097560993,0.06097560975609756
2021-07-07 00:00:00+00:00,-0.0008247815476190478,0.19047619047619047
2021-07-08 00:00:00+00:00,-0.000529303023255814,0.1744186046511628
2021-07-09 00:00:00+00:00,-0.0005109408235294119,0.15294117647058825
2021-07-10 00:00:00+00:00,-0.0006625435632183909,0.21839080459770116
2021-07-11 00:00:00+00:00,-0.0007187896511627908,0.27906976744186046
2021-07-12 00:00:00+00:00,-0.0007313591860465114,0.26744186046511625
2021-07-13 00:00:00+00:00,-0.0008732737931034483,0.13793103448275862
2021-07-14 00:00:00+00:00,-0.0009900868965517242,0.13793103448275862
2021-07-15 00:00:00+00:00,-0.0011800861904761903,0.08333333333333333
2021-07-16 00:00:00+00:00,-0.0009394764634146341,0.08536585365853659
2021-07-17 00:00:00+00:00,-0.0008575778571428572,0.07142857142857142
2021-07-18 00:00:00+00:00,-0.001041093411764706,0.11764705882352941
2021-07-19 00:00:00+00:00,-0.0012785759770114944,0.09195402298850575
2021-07-20 00:00:00+00:00,-0.001746354651162791,0.06976744186046512
2021-07-21 00:00:00+00:00,-0.0021294108235294117,0.5176470588235295
2021-07-22 00:00:00+00:00,-0.0021825480722891567,0.6987951807228916
2021-07-23 00:00:00+00:00,-0.002261133493975904,0.4457831325301205
2021-07-24 00:00:00+00:00,-0.0020575455952380954,0.42857142857142855
2021-07-25 00:00:00+00:00,-0.0016578827380952382,0.7857142857142857
2021-07-26 00:00:00+00:00,-0.0012753582352941174,0.8
2021-07-27 00:00:00+00:00,-0.0006339001162790698,0.7558139534883721
2021-07-28 00:00:00+00:00,0.00023088579545454548,0.75
2021-07-29 00:00:00+00:00,0.0006636964772727273,0.6136363636363636
2021-07-30 00:00:00+00:00,0.0009786959550561799,0.6741573033707865
2021-07-31 00:00:00+00:00,0.0011063538202247193,0.8764044943820225
2021-08-01 00:00:00+00:00,0.0013735115555555558,0.7888888888888889
2021-08-02 00:00:00+00:00,0.0014947081521739134,0.75
2021-08-03 00:00:00+00:00,0.0016226510869565218,0.6630434782608695
2021-08-04 00:00:00+00:00,0.0016430578260869563,0.8369565217391305
2021-08-05 00:00:00+00:00,0.001722807765957447,0.8297872340425532
2021-08-06 00:00:00+00:00,0.0019873797872340423,0.8617021276595744
2021-08-07 00:00:00+00:00,0.0025070132291666668,0.9895833333333334
2021-08-08 00:00:00+00:00,0.0029786618556701034,0.9175257731958762
2021-08-09 00:00:00+00:00,0.0030259585999999994,0.96
2021-08-10 00:00:00+00:00,0.0032685010000000005,0.97
2021-08-11 00:00:00+00:00,0.0040707961386138615,0.9900990099009901
2021-08-12 00:00:00+00:00,0.004510114476190477,0.9904761904761905
2021-08-13 00:00:00+00:00,0.004660180000000001,1.0
2021-08-14 00:00:00+00:00,0.0048089550925925935,1.0
2021-08-15 00:00:00+00:00,0.005312563302752294,1.0
2021-08-16 00:00:00+00:00,0.006835927272727273,1.0
2021-08-17 00:00:00+00:00,0.00701313009090909,1.0
2021-08-18 00:00:00+00:00,0.00627673,1.0
2021-08-19 00:00:00+00:00,0.005807637927927928,1.0
2021-08-20 00:00:00+00:00,0.005984410353982302,1.0
2021-08-21 00:00:00+00:00,0.006396781504424778,1.0
2021-08-22 00:00:00+00:00,0.006214884513274336,1.0
2021-08-23 00:00:00+00:00,0.005878359292035397,0.9911504424778761
2021-08-24 00:00:00+00:00,0.006877847345132743,0.9823008849557522
2021-08-25 00:00:00+00:00,0.006987184867256637,1.0
2021-08-26 00:00:00+00:00,0.007061643451327433,1.0
2021-08-27 00:00:00+00:00,0.006630181238938052,1.0
2021-08-28 00:00:00+00:00,0.005936713008849557,1.0
2021-08-29 00:00:00+00:00,0.005633561415929204,1.0
2021-08-30 00:00:00+00:00,0.004875899115044248,1.0
2021-08-31 00:00:00+00:00,0.003930567522123894,0.9911504424778761
2021-09-01 00:00:00+00:00,0.00444460796460177,1.0
2021-09-02 00:00:00+00:00,0.005991805132743363,1.0
2021-09-03 00:00:00+00:00,0.007671743362831858,1.0
2021-09-04 00:00:00+00:00,0.00958482185840708,0.9911504424778761
2021-09-05 00:00:00+00:00,0.011191683716814158,1.0
2021-09-06 00:00:00+00:00,0.012667152035398229,0.9911504424778761
2021-09-07 00:00:00+00:00,0.010441925663716815,0.9380530973451328
2021-09-08 00:00:00+00:00,0.009817669203539822,0.8584070796460177
2021-09-09 00:00:00+00:00,0.008149426637168142,0.8053097345132744
2021-09-10 00:00:00+00:00,0.006411333982300885,0.5929203539823009
2021-09-11 00:00:00+00:00,0.004158660265486725,0.6902654867256637
2021-09-12 00:00:00+00:00,0.0021083942477876107,0.5221238938053098
2021-09-13 00:00:00+00:00,0.00011437157894736836,0.40350877192982454
2021-09-14 00:00:00+00:00,0.0018803551754385966,0.4649122807017544
2021-09-15 00:00:00+00:00,0.0018918778070175443,0.631578947368421
2021-09-16 00:00:00+00:00,0.0020107586842105264,0.7105263157894737
2021-09-17 00:00:00+00:00,0.0020972697368421053,0.6140350877192983
2021-09-18 00:00:00+00:00,0.0021843093859649125,0.5087719298245614
2021-09-19 00:00:00+00:00,0.0021519532456140355,0.35964912280701755
2021-09-20 00:00:00+00:00,0.0020565822807017543,0.22807017543859648
2021-09-21 00:00:00+00:00,0.0019664645614035085,0.14912280701754385
2021-09-22 00:00:00+00:00,0.0017542079824561406,0.22807017543859648
2021-09-23 00:00:00+00:00,0.0014992064912280705,0.2719298245614035
2021-09-24 00:00:00+00:00,0.0012849447368421052,0.21929824561403508
2021-09-25 00:00:00+00:00,0.001026333245614035,0.2543859649122807
2021-09-26 00:00:00+00:00,0.0008849445614035088,0.20175438596491227
2021-09-27 00:00:00+00:00,0.0009472186842105263,0.19298245614035087
2021-09-28 00:00:00+00:00,0.000894699649122807,0.17543859649122806
2021-09-29 00:00:00+00:00,0.0009639912280701755,0.21052631578947367
2021-09-30 00:00:00+00:00,0.0009530816666666667,0.20175438596491227
2021-10-01 00:00:00+00:00,0.0009678047368421052,0.19298245614035087
2021-10-02 00:00:00+00:00,0.0011595498245614035,0.20175438596491227
2021-10-03 00:00:00+00:00,0.0012946026315789475,0.19298245614035087
2021-10-04 00:00:00+00:00,0.001312606902654867,0.168141592920354
2021-10-05 00:00:00+00:00,0.001475790796460177,0.168141592920354
2021-10-06 00:00:00+00:00,0.0016392577876106194,0.168141592920354
2021-10-07 00:00:00+00:00,0.002210022831858407,0.3893805309734513
2021-10-08 00:00:00+00:00,0.0029632570796460176,0.36283185840707965
2021-10-09 00:00:00+00:00,0.0032970381415929205,0.34513274336283184
2021-10-10 00:00:00+00:00,0.0036985323684210524,0.35964912280701755
2021-10-11 00:00:00+00:00,0.003766513391304348,0.28695652173913044
2021-10-12 00:00:00+00:00,0.0036838367826086955,0.17391304347826086
2021-10-13 00:00:00+00:00,0.0036125141739130435,0.391304347826087
2021-10-14 00:00:00+00:00,0.0034633182608695655,0.34782608695652173
2021-10-15 00:00:00+00:00,0.003258062608695652,0.26956521739130435
2021-10-16 00:00:00+00:00,0.0037910263478260864,0.3652173913043478
2021-10-17 00:00:00+00:00,0.004234118275862069,0.41379310344827586
2021-10-18 00:00:00+00:00,0.004448612905982906,0.37606837606837606
2021-10-19 00:00:00+00:00,0.004786333418803418,0.46153846153846156
2021-10-20 00:00:00+00:00,0.005296323931623932,0.9316239316239316
2021-10-21 00:00:00+00:00,0.0064282517948717945,0.9572649572649573
2021-10-22 00:00:00+00:00,0.006797973644067797,0.8813559322033898
2021-10-23 00:00:00+00:00,0.006662451779661017,0.8135593220338984
2021-10-24 00:00:00+00:00,0.007048939572649573,0.8803418803418803
2021-10-25 00:00:00+00:00,0.007765405423728813,0.923728813559322
2021-10-26 00:00:00+00:00,0.009279941864406779,0.9491525423728814
2021-10-27 00:00:00+00:00,0.009640806440677966,0.8389830508474576
2021-10-28 00:00:00+00:00,0.008184649491525423,0.9661016949152542
2021-10-29 00:00:00+00:00,0.007522589243697479,0.957983193277311
2021-10-30 00:00:00+00:00,0.007175969999999999,0.9411764705882353
2021-10-31 00:00:00+00:00,0.0065285123529411765,0.8571428571428571
2021-11-01 00:00:00+00:00,0.006092058583333334,0.8666666666666667
2021-11-02 00:00:00+00:00,0.005258960916666666,0.8416666666666667
2021-11-03 00:00:00+00:00,0.005453825916666666,0.9
2021-11-04 00:00:00+00:00,0.006724851833333333,0.8333333333333334
2021-11-05 00:00:00+00:00,0.007385764166666666,0.8416666666666667
2021-11-06 00:00:00+00:00,0.007330375666666666,0.775
2021-11-07 00:00:00+00:00,0.007255235,0.8333333333333334
2021-11-08 00:00:00+00:00,0.007978021157024793,0.8512396694214877
2021-11-09 00:00:00+00:00,0.008109241074380165,0.9090909090909091
2021-11-10 00:00:00+00:00,0.007839928016528925,0.8347107438016529
2021-11-11 00:00:00+00:00,0.005269417438016529,0.8512396694214877
2021-11-12 00:00:00+00:00,0.0043498625619834705,0.8016528925619835
2021-11-13 00:00:00+00:00,0.004103186446280991,0.8181818181818182
2021-11-14 00:00:00+00:00,0.0038329114876033063,0.8181818181818182
2021-11-15 00:00:00+00:00,0.003225829180327869,0.7950819672131147
2021-11-16 00:00:00+00:00,0.0021968562601626016,0.5447154471544715
2021-11-17 00:00:00+00:00,0.0013255516260162598,0.6178861788617886
2021-11-18 00:00:00+00:00,0.002568231707317073,0.42276422764227645
2021-11-19 00:00:00+00:00,0.0026949677235772354,0.44715447154471544
2021-11-20 00:00:00+00:00,0.002555060487804878,0.5528455284552846
2021-11-21 00:00:00+00:00,0.0023348938211382115,0.4959349593495935
2021-11-22 00:00:00+00:00,0.001729836829268293,0.35772357723577236
2021-11-23 00:00:00+00:00,0.0016358871544715446,0.5203252032520326
2021-11-24 00:00:00+00:00,0.0018381522764227645,0.37398373983739835
2021-11-25 00:00:00+00:00,0.0022615126612903222,0.4596774193548387
2021-11-26 00:00:00+00:00,0.00261183096,0.496
2021-11-27 00:00:00+00:00,0.0025051388,0.472
2021-11-28 00:00:00+00:00,0.0023621659999999997,0.432
2021-11-29 00:00:00+00:00,0.0022804308,0.4
2021-11-30 00:00:00+00:00,0.00221593784,0.36
2021-12-01 00:00:00+00:00,0.00208775392,0.336
2021-12-02 00:00:00+00:00,0.00171739736,0.304
2021-12-03 00:00:00+00:00,0.00143485336,0.224
2021-12-04 00:00:00+00:00,0.00095199072,0.152
2021-12-05 00:00:00+00:00,0.0007583107199999998,0.112
2021-12-06 00:00:00+00:00,0.0006095051999999998,0.12
2021-12-07 00:00:00+00:00,0.0002855362399999998,0.12
2021-12-08 00:00:00+00:00,6.891975999999998e-05,0.12
2021-12-09 00:00:00+00:00,-0.0001178454400000001,0.08
2021-12-10 00:00:00+00:00,-0.00038794064,0.072
2021-12-11 00:00:00+00:00,6.976584000000005e-05,0.072
2021-12-12 00:00:00+00:00,0.00015887193548387105,0.08870967741935484
2021-12-13 00:00:00+00:00,0.00011621395161290326,0.04032258064516129
2021-12-14 00:00:00+00:00,0.00017609588709677427,0.04032258064516129
2021-12-15 00:00:00+00:00,0.00023422822580645172,0.06451612903225806
2021-12-16 00:00:00+00:00,0.0002613544354838711,0.08870967741935484
2021-12-17 00:00:00+00:00,0.00022705120000000024,0.096
2021-12-18 00:00:00+00:00,0.00013005370967741965,0.11290322580645161
2021-12-19 00:00:00+00:00,0.0008718804032258064,0.08064516129032258
2021-12-20 00:00:00+00:00,0.0008828871544715448,0.056910569105691054
2021-12-21 00:00:00+00:00,0.0008585185365853658,0.08943089430894309
2021-12-22 00:00:00+00:00,0.0007255728225806454,0.0967741935483871
2021-12-23 00:00:00+00:00,0.0006987559349593499,0.08130081300813008
2021-12-24 00:00:00+00:00,-0.0001644385599999999,0.072
2021-12-25 00:00:00+00:00,0.0007379131451612904,0.056451612903225805
2021-12-26 00:00:00+00:00,0.0007492750000000002,0.18548387096774194
2021-12-27 00:00:00+00:00,0.0008666460483870971,0.1532258064516129
2021-12-28 00:00:00+00:00,0.0008860923577235775,0.056910569105691054
2021-12-29 00:00:00+00:00,0.0008541795121951222,0.04878048780487805
2021-12-30 00:00:00+00:00,0.0008100027642276425,0.06504065040650407
2021-12-31 00:00:00+00:00,0.0007851026229508197,0.08196721311475409
2022-01-01 00:00:00+00:00,0.0007359274166666668,0.14166666666666666
2022-01-02 00:00:00+00:00,0.0006881405000000001,0.16666666666666666
2022-01-03 00:00:00+00:00,0.0007068655462184876,0.36134453781512604
2022-01-04 00:00:00+00:00,0.0008625668907563028,0.5042016806722689
2022-01-05 00:00:00+00:00,0.0011118194957983195,0.2773109243697479
2022-01-06 00:00:00+00:00,0.001029477118644068,0.22033898305084745
2022-01-07 00:00:00+00:00,0.0009648731623931628,0.1452991452991453
2022-01-08 00:00:00+00:00,0.0009127705217391307,0.2
2022-01-09 00:00:00+00:00,0.0010452268421052631,0.3157894736842105
2022-01-10 00:00:00+00:00,0.0008225803508771929,0.19298245614035087
2022-01-11 00:00:00+00:00,0.0006442770175438597,0.22807017543859648
2022-01-12 00:00:00+00:00,0.0003915046846846847,0.5855855855855856
2022-01-13 00:00:00+00:00,0.0004278444144144144,0.3783783783783784
2022-01-14 00:00:00+00:00,0.0004818045045045045,0.34234234234234234
2022-01-15 00:00:00+00:00,0.00038405609090909077,0.41818181818181815
2022-01-16 00:00:00+00:00,0.0005423344859813084,0.4766355140186916
2022-01-17 00:00:00+00:00,0.0006402085981308412,0.3177570093457944
2022-01-18 00:00:00+00:00,0.0007071455555555557,0.32407407407407407
2022-01-19 00:00:00+00:00,0.0007564550925925928,0.2222222222222222
2022-01-20 00:00:00+00:00,0.0007367534579439254,0.11214953271028037
2022-01-21 00:00:00+00:00,0.0004922402803738317,0.07476635514018691
2022-01-22 00:00:00+00:00,8.086943925233641e-05,0.028037383177570093
2022-01-23 00:00:00+00:00,-0.0005229511214953272,0.028037383177570093
2022-01-24 00:00:00+00:00,-0.0010136060185185185,0.027777777777777776
2022-01-25 00:00:00+00:00,-0.0014198837272727275,0.02727272727272727
2022-01-26 00:00:00+00:00,-0.0019173269724770642,0.027522935779816515
2022-01-27 00:00:00+00:00,-0.0023452635779816515,0.01834862385321101
2022-01-28 00:00:00+00:00,-0.0025459409259259262,0.018518518518518517
2022-01-29 00:00:00+00:00,-0.0024058162616822426,0.009345794392523364
2022-01-30 00:00:00+00:00,-0.0019146706603773587,0.009433962264150943
2022-01-31 00:00:00+00:00,-0.0018911665714285717,0.009523809523809525
2022-02-01 00:00:00+00:00,-0.0015688278301886792,0.009433962264150943
2022-02-02 00:00:00+00:00,-0.0010937509345794393,0.009345794392523364
2022-02-03 00:00:00+00:00,-0.001062714953271028,0.009345794392523364
2022-02-04 00:00:00+00:00,-0.0010180372897196262,0.018691588785046728
2022-02-05 00:00:00+00:00,-0.0007865434579439253,0.018691588785046728
2022-02-06 00:00:00+00:00,-0.0007067364814814817,0.05555555555555555
2022-02-07 00:00:00+00:00,-0.00027354805555555563,0.2777777777777778
2022-02-08 00:00:00+00:00,-0.00016753416666666682,0.19444444444444445
2022-02-09 00:00:00+00:00,-0.000143454351851852,0.28703703703703703
2022-02-10 00:00:00+00:00,0.00024983324074074063,0.1388888888888889
2022-02-11 00:00:00+00:00,0.00027776440366972477,0.01834862385321101
2022-02-12 00:00:00+00:00,-4.7839909090909174e-05,0.06363636363636363
2022-02-13 00:00:00+00:00,-0.0003054249541284404,0.03669724770642202
2022-02-14 00:00:00+00:00,-0.000537059633027523,0.027522935779816515
2022-02-15 00:00:00+00:00,-0.0007095894495412844,0.09174311926605505
2022-02-16 00:00:00+00:00,-0.0006609128037383178,0.14953271028037382
2022-02-17 00:00:00+00:00,-0.0006349372222222221,0.08333333333333333
2022-02-18 00:00:00+00:00,-0.000660634770642202,0.08256880733944955
2022-02-19 00:00:00+00:00,-0.0004462205504587156,0.10091743119266056
2022-02-20 00:00:00+00:00,-0.0003931335514018692,0.205607476635514
2022-02-21 00:00:00+00:00,-0.0004274627777777779,0.24074074074074073
2022-02-22 00:00:00+00:00,-0.0007602077064220184,0.25688073394495414
2022-02-23 00:00:00+00:00,-0.0011559316822429908,0.2897196261682243
2022-02-24 00:00:00+00:00,-0.0017146067889908256,0.28440366972477066
2022-02-25 00:00:00+00:00,-0.0016756800000000004,0.37962962962962965
2022-02-26 00:00:00+00:00,-0.0016514333823529415,0.35294117647058826
2022-02-27 00:00:00+00:00,-0.0017994821739130437,0.2318840579710145
2022-02-28 00:00:00+00:00,-0.0018687488405797104,0.4782608695652174
2022-03-01 00:00:00+00:00,-0.0013162295652173915,0.5652173913043478
2022-03-02 00:00:00+00:00,-0.0009588988732394368,0.4647887323943662
2022-03-03 00:00:00+00:00,-0.0003711545070422538,0.323943661971831
2022-03-04 00:00:00+00:00,-0.0003225887323943664,0.28169014084507044
2022-03-05 00:00:00+00:00,-0.0005264770000000002,0.3
2022-03-06 00:00:00+00:00,-0.0007183006060606064,0.07575757575757576
2022-03-07 00:00:00+00:00,-0.0007900725373134332,0.014925373134328358
2022-03-08 00:00:00+00:00,-0.0010564417910447763,0.014925373134328358
2022-03-09 00:00:00+00:00,-0.0011814855882352946,0.04411764705882353
2022-03-10 00:00:00+00:00,-0.0013095413235294118,0.029411764705882353
2022-03-11 00:00:00+00:00,-0.0012936310294117649,0.014705882352941176
2022-03-12 00:00:00+00:00,-0.001072517575757576,0.030303030303030304
2022-03-13 00:00:00+00:00,-0.0008767453846153847,0.03076923076923077
2022-03-14 00:00:00+00:00,-0.0006822218461538464,0.03076923076923077
2022-03-15 00:00:00+00:00,-0.0006144842424242428,0.06060606060606061
2022-03-16 00:00:00+00:00,-0.00046048090909090947,0.12121212121212122
2022-03-17 00:00:00+00:00,-0.0002866727272727275,0.030303030303030304
2022-03-18 00:00:00+00:00,-7.846939393939423e-05,0.10606060606060606
2022-03-19 00:00:00+00:00,4.576523076923047e-05,0.36923076923076925
2022-03-20 00:00:00+00:00,0.0003722537499999998,0.40625
2022-03-21 00:00:00+00:00,0.000558170952380952,0.42857142857142855
2022-03-22 00:00:00+00:00,0.0007587017741935482,0.6774193548387096
2022-03-23 00:00:00+00:00,0.0007609898387096773,0.967741935483871
2022-03-24 00:00:00+00:00,0.00092377,0.9344262295081968
2022-03-25 00:00:00+00:00,0.0010304983606557376,0.9344262295081968
2022-03-26 00:00:00+00:00,0.0011645308196721314,1.0
2022-03-27 00:00:00+00:00,0.0012087234426229512,1.0
2022-03-28 00:00:00+00:00,0.0014247232258064516,0.9516129032258065
2022-03-29 00:00:00+00:00,0.0014532772580645162,1.0
2022-03-30 00:00:00+00:00,0.0013463858252427186,0.96875
2022-03-31 00:00:00+00:00,0.001377008737864078,0.9029126213592233
2022-04-01 00:00:00+00:00,0.0015457678125,0.96875
2022-04-02 00:00:00+00:00,0.0016022889062499998,0.984375
2022-04-03 00:00:00+00:00,0.001639661230769231,1.0
2022-04-04 00:00:00+00:00,0.00168317696969697,1.0
2022-04-05 00:00:00+00:00,0.0017504564705882353,1.0
2022-04-06 00:00:00+00:00,0.0015548986111111112,0.9861111111111112
2022-04-07 00:00:00+00:00,0.0013648137500000001,0.9861111111111112
2022-04-08 00:00:00+00:00,0.001273037361111111,0.7916666666666666
2022-04-09 00:00:00+00:00,0.001248662191780822,0.958904109589041
2022-04-10 00:00:00+00:00,0.001202105616438356,0.9726027397260274
2022-04-11 00:00:00+00:00,0.001021138904109589,0.726027397260274
2022-04-12 00:00:00+00:00,0.0007245112499999998,0.9583333333333334
2022-04-13 00:00:00+00:00,0.000573460136986301,0.958904109589041
2022-04-14 00:00:00+00:00,0.0006796126027397258,0.8493150684931506
2022-04-15 00:00:00+00:00,0.0006632573972602738,0.7397260273972602
2022-04-16 00:00:00+00:00,0.0006725895890410957,0.7397260273972602
2022-04-17 00:00:00+00:00,0.0002229582191780821,0.4246575342465753
2022-04-18 00:00:00+00:00,0.00012788383561643802,0.4657534246575342
2022-04-19 00:00:00+00:00,0.00043576219178082177,0.6986301369863014
2022-04-20 00:00:00+00:00,0.0008086747945205478,0.6301369863013698
2022-04-21 00:00:00+00:00,0.0009021072602739726,0.3561643835616438
2022-04-22 00:00:00+00:00,0.0009349533783783784,0.28378378378378377
2022-04-23 00:00:00+00:00,0.0009285625675675676,0.22972972972972974
2022-04-24 00:00:00+00:00,0.000986894054054054,0.22972972972972974
2022-04-25 00:00:00+00:00,0.001058092533333333,0.18666666666666668
2022-04-26 00:00:00+00:00,0.0010078791780821917,0.0684931506849315
2022-04-27 00:00:00+00:00,0.0008201531944444442,0.1388888888888889
2022-04-28 00:00:00+00:00,0.0007313184507042251,0.056338028169014086
2022-04-29 00:00:00+00:00,0.0006819544285714284,0.02857142857142857
2022-04-30 00:00:00+00:00,0.0006154291428571427,0.04285714285714286
2022-05-01 00:00:00+00:00,0.0002627065217391302,0.014492753623188406
2022-05-02 00:00:00+00:00,0.00019850254716981117,0.014492753623188406
2022-05-03 00:00:00+00:00,8.220584905660362e-05,0.018867924528301886
2022-05-04 00:00:00+00:00,2.798415094339611e-05,0.05660377358490566
2022-05-05 00:00:00+00:00,1.86269811320754e-05,0.02830188679245283
2022-05-06 00:00:00+00:00,-0.0002517271962616823,0.037383177570093455
2022-05-07 00:00:00+00:00,-0.0003539426415094341,0.018867924528301886
2022-05-08 00:00:00+00:00,-0.0002060235849056605,0.02830188679245283
2022-05-09 00:00:00+00:00,-0.00016663018518518532,0.009259259259259259
2022-05-10 00:00:00+00:00,-0.00040733203703703717,0.009259259259259259
2022-05-11 00:00:00+00:00,-0.001675619074074074,0.009259259259259259
2022-05-12 00:00:00+00:00,-0.003984786146788991,0.009174311926605505
2022-05-13 00:00:00+00:00,-0.004583946422018348,0.009174311926605505
2022-05-14 00:00:00+00:00,-0.004812291481481482,0.009259259259259259
2022-05-15 00:00:00+00:00,-0.005198042545454546,0.00909090909090909
2022-05-16 00:00:00+00:00,-0.005605040818181818,0.00909090909090909
2022-05-17 00:00:00+00:00,-0.0058576236363636364,0.00909090909090909
2022-05-18 00:00:00+00:00,-0.005356431018518519,0.009259259259259259
2022-05-19 00:00:00+00:00,-0.004115344678899083,0.009174311926605505
2022-05-20 00:00:00+00:00,-0.003607676422018349,0.009174311926605505
2022-05-21 00:00:00+00:00,-0.003562946296296296,0.009259259259259259
2022-05-22 00:00:00+00:00,-0.0034206676635514023,0.009345794392523364
2022-05-23 00:00:00+00:00,-0.0030527949074074076,0.009259259259259259
2022-05-24 00:00:00+00:00,-0.0033076274545454547,0.00909090909090909
2022-05-25 00:00:00+00:00,-0.00327984633027523,0.009174311926605505
2022-05-26 00:00:00+00:00,-0.0033623972477064223,0.009174311926605505
2022-05-27 00:00:00+00:00,-0.003952065535714286,0.008928571428571428
2022-05-28 00:00:00+00:00,-0.003781953636363637,0.00909090909090909
2022-05-29 00:00:00+00:00,-0.004391051981981982,0.018018018018018018
2022-05-30 00:00:00+00:00,-0.0046072996396396395,0.018018018018018018
2022-05-31 00:00:00+00:00,-0.003915562053571429,0.026785714285714284
2022-06-01 00:00:00+00:00,-0.003525270087719298,0.02631578947368421
2022-06-02 00:00:00+00:00,-0.0032179394782608697,0.02608695652173913
2022-06-03 00:00:00+00:00,-0.0029858807207207207,0.018018018018018018
2022-06-04 00:00:00+00:00,-0.0026710489189189193,0.02702702702702703
2022-06-05 00:00:00+00:00,-0.002125772363636364,0.01818181818181818
2022-06-06 00:00:00+00:00,-0.002003863727272727,0.01818181818181818
2022-06-07 00:00:00+00:00,-0.002434913982300885,0.061946902654867256
2022-06-08 00:00:00+00:00,-0.0023883458928571433,0.15178571428571427
2022-06-09 00:00:00+00:00,-0.0019280566666666668,0.0990990990990991
2022-06-10 00:00:00+00:00,-0.0016478484112149535,0.4485981308411215
2022-06-11 00:00:00+00:00,-0.0016609344660194177,0.4077669902912621
2022-06-12 00:00:00+00:00,-0.002170961553398058,0.14563106796116504
2022-06-13 00:00:00+00:00,-0.002986225047619048,0.08571428571428572
2022-06-14 00:00:00+00:00,-0.0032181158181818184,0.08181818181818182
2022-06-15 00:00:00+00:00,-0.003728015446428572,0.15178571428571427
2022-06-16 00:00:00+00:00,-0.004175285504587157,0.08256880733944955
2022-06-17 00:00:00+00:00,-0.004540821363636364,0.12727272727272726
2022-06-18 00:00:00+00:00,-0.004613942272727273,0.06363636363636363
2022-06-19 00:00:00+00:00,-0.004212178623853211,0.12844036697247707
2022-06-20 00:00:00+00:00,-0.003457034770642202,0.11009174311926606
2022-06-21 00:00:00+00:00,-0.0029312657798165136,0.10091743119266056
2022-06-22 00:00:00+00:00,-0.002370557747747748,0.12612612612612611
2022-06-23 00:00:00+00:00,-0.002167407567567568,0.18018018018018017
2022-06-24 00:00:00+00:00,-0.0017904206306306306,0.23423423423423423
2022-06-25 00:00:00+00:00,-0.0012100556880733943,0.3669724770642202
2022-06-26 00:00:00+00:00,-0.000774829633027523,0.30275229357798167
2022-06-27 00:00:00+00:00,-0.0006318593577981651,0.27522935779816515
2022-06-28 00:00:00+00:00,-0.0008905987037037037,0.14814814814814814
2022-06-29 00:00:00+00:00,-0.0011018769811320754,0.09433962264150944
2022-06-30 00:00:00+00:00,-0.0013510819230769231,0.057692307692307696
2022-07-01 00:00:00+00:00,-0.0016207189215686276,0.11764705882352941
2022-07-02 00:00:00+00:00,-0.0017850913861386139,0.1188118811881188
2022-07-03 00:00:00+00:00,-0.0021470365686274513,0.13725490196078433
2022-07-04 00:00:00+00:00,-0.002111819215686275,0.17647058823529413
2022-07-05 00:00:00+00:00,-0.0019328405882352944,0.17647058823529413
2022-07-06 00:00:00+00:00,-0.0017681942718446601,0.13592233009708737
2022-07-07 00:00:00+00:00,-0.001344820980392157,0.19607843137254902
2022-07-08 00:00:00+00:00,-0.000921188725490196,0.14705882352941177
2022-07-09 00:00:00+00:00,-0.0008862978640776699,0.14705882352941177
2022-07-10 00:00:00+00:00,-0.0009112827184466019,0.18446601941747573
2022-07-11 00:00:00+00:00,-0.0011767443137254902,0.21568627450980393
2022-07-12 00:00:00+00:00,-0.0015408033999999998,0.31
2022-07-13 00:00:00+00:00,-0.0020918172,0.63
2022-07-14 00:00:00+00:00,-0.0023699882653061225,0.6938775510204082
2022-07-15 00:00:00+00:00,-0.0023208107216494845,0.4639175257731959
2022-07-16 00:00:00+00:00,-0.0022318670652173916,0.9021739130434783
2022-07-17 00:00:00+00:00,-0.001936060543478261,0.7717391304347826
2022-07-18 00:00:00+00:00,-0.001393797032967033,0.967032967032967
2022-07-19 00:00:00+00:00,-0.0007096874725274726,0.945054945054945
2022-07-20 00:00:00+00:00,0.00015848901098901096,0.8021978021978022
2022-07-21 00:00:00+00:00,0.0005253386363636365,0.7613636363636364
2022-07-22 00:00:00+00:00,0.000617206976744186,0.7790697674418605
2022-07-23 00:00:00+00:00,0.0006386680952380953,0.6904761904761905
2022-07-24 00:00:00+00:00,0.0005839081707317073,0.573170731707317
2022-07-25 00:00:00+00:00,0.00035441170731707314,0.2682926829268293
2022-07-26 00:00:00+00:00,-0.00016158365853658534,0.4146341463414634
2022-07-27 00:00:00+00:00,-0.0006235210975609757,0.6585365853658537
2022-07-28 00:00:00+00:00,-0.0004910616049382718,0.8888888888888888
2022-07-29 00:00:00+00:00,-0.00040876804878048795,0.8902439024390244
2022-07-30 00:00:00+00:00,-0.00020661385542168688,0.9397590361445783
2022-07-31 00:00:00+00:00,1.2676867469879432e-05,0.9518072289156626
2022-08-01 00:00:00+00:00,0.00020677917647058818,0.9529411764705882
2022-08-02 00:00:00+00:00,0.0005546198863636364,0.9204545454545454
2022-08-03 00:00:00+00:00,0.0009050402272727274,0.8977272727272727
2022-08-04 00:00:00+00:00,0.0007480878160919541,0.9540229885057471
2022-08-05 00:00:00+00:00,0.0006684685057471264,0.9540229885057471
2022-08-06 00:00:00+00:00,0.0006867384090909093,0.9090909090909091
2022-08-07 00:00:00+00:00,0.0006941144318181818,0.9318181818181818
2022-08-08 00:00:00+00:00,0.0006702992045454545,0.9545454545454546
2022-08-09 00:00:00+00:00,0.0008146024719101125,0.9438202247191011
2022-08-10 00:00:00+00:00,0.0008202410869565218,1.0
2022-08-11 00:00:00+00:00,0.000859556559139785,1.0
2022-08-12 00:00:00+00:00,0.0009350216494845362,0.9896907216494846
2022-08-13 00:00:00+00:00,0.0009256650515463919,1.0
2022-08-14 00:00:00+00:00,0.0009103176041666668,0.9791666666666666
2022-08-15 00:00:00+00:00,0.0007894318750000001,0.9479166666666666
2022-08-16 00:00:00+00:00,0.0007421441237113402,0.9587628865979382
2022-08-17 00:00:00+00:00,0.0008055215463917525,0.6907216494845361
2022-08-18 00:00:00+00:00,0.0007182608247422679,0.422680412371134
2022-08-19 00:00:00+00:00,-0.00012314072164948463,0.31958762886597936
2022-08-20 00:00:00+00:00,-0.0009651985567010312,0.21649484536082475
2022-08-21 00:00:00+00:00,-0.0017576217346938778,0.40816326530612246
2022-08-22 00:00:00+00:00,-0.0022445032653061222,0.35714285714285715
2022-08-23 00:00:00+00:00,-0.0024772506122448983,0.35714285714285715
2022-08-24 00:00:00+00:00,-0.002656391020408164,0.7040816326530612
2022-08-25 00:00:00+00:00,-0.002728281632653062,0.7551020408163265
2022-08-26 00:00:00+00:00,-0.0022530154639175256,0.17525773195876287
2022-08-27 00:00:00+00:00,-0.002234901958762887,0.10309278350515463
2022-08-28 00:00:00+00:00,-0.00229963,0.07291666666666667
2022-08-29 00:00:00+00:00,-0.0023429055434782613,0.08695652173913043
2022-08-30 00:00:00+00:00,-0.0023663067032967033,0.0989010989010989
2022-08-31 00:00:00+00:00,-0.0025125456179775287,0.10112359550561797
2022-09-01 00:00:00+00:00,-0.0027263782954545456,0.11363636363636363
2022-09-02 00:00:00+00:00,-0.0028387447727272726,0.10227272727272728
2022-09-03 00:00:00+00:00,-0.002587881931818182,0.10227272727272728
2022-09-04 00:00:00+00:00,-0.0020175854022988506,0.09195402298850575
2022-09-05 00:00:00+00:00,-0.0016175693023255814,0.11627906976744186
2022-09-06 00:00:00+00:00,-0.0014274716279069769,0.06976744186046512
2022-09-07 00:00:00+00:00,-0.0016768494252873566,0.08045977011494253
2022-09-08 00:00:00+00:00,-0.0014510343529411764,0.1411764705882353
2022-09-09 00:00:00+00:00,-0.0010047523529411768,0.10588235294117647
2022-09-10 00:00:00+00:00,-0.0004387231764705885,0.10588235294117647
2022-09-11 00:00:00+00:00,-0.00017053630952380968,0.0963855421686747
2022-09-12 00:00:00+00:00,-1.6676626506024225e-05,0.0963855421686747
2022-09-13 00:00:00+00:00,-8.24789156626508e-05,0.07228915662650602
2022-09-14 00:00:00+00:00,6.655547619047605e-05,0.07142857142857142
2022-09-15 00:00:00+00:00,-0.00023679481927710863,0.04819277108433735
2022-09-16 00:00:00+00:00,-0.0006614344578313255,0.060240963855421686
2022-09-17 00:00:00+00:00,-0.0010157525925925928,0.14814814814814814
2022-09-18 00:00:00+00:00,-0.0012557013580246916,0.13580246913580246
2022-09-19 00:00:00+00:00,-0.0018170472500000003,0.2
2022-09-20 00:00:00+00:00,-0.0020087915000000004,0.1375
2022-09-21 00:00:00+00:00,-0.0018392252500000004,0.125
2022-09-22 00:00:00+00:00,-0.0019270013750000003,0.15
2022-09-23 00:00:00+00:00,-0.0017416181250000003,0.2
2022-09-24 00:00:00+00:00,-0.0014919065822784816,0.16455696202531644
2022-09-25 00:00:00+00:00,-0.0014973392207792212,0.23376623376623376
2022-09-26 00:00:00+00:00,-0.0013220663291139243,0.27848101265822783
2022-09-27 00:00:00+00:00,-0.0010048240740740742,0.3333333333333333
2022-09-28 00:00:00+00:00,-0.0010646739506172842,0.20987654320987653
2022-09-29 00:00:00+00:00,-0.0005270511111111114,0.2839506172839506
2022-09-30 00:00:00+00:00,-0.0002600980246913582,0.2839506172839506
2022-10-01 00:00:00+00:00,-0.0002216348750000002,0.275
2022-10-02 00:00:00+00:00,-0.00021233118421052654,0.25
2022-10-03 00:00:00+00:00,-0.0006542419480519483,0.3116883116883117
2022-10-04 00:00:00+00:00,-0.001222741710526316,0.32894736842105265
2022-10-05 00:00:00+00:00,-0.0008011271794871795,0.34615384615384615
2022-10-06 00:00:00+00:00,-0.0008569718421052633,0.5
2022-10-07 00:00:00+00:00,-0.001026825466666667,0.37333333333333335
2022-10-08 00:00:00+00:00,-0.0010431394594594594,0.3108108108108108
2022-10-09 00:00:00+00:00,-0.0010529891666666668,0.2222222222222222
2022-10-10 00:00:00+00:00,-0.0003364543661971833,0.15492957746478872
2022-10-11 00:00:00+00:00,0.0002117098591549293,0.1267605633802817
2022-10-12 00:00:00+00:00,0.00011315628571428554,0.12857142857142856
2022-10-13 00:00:00+00:00,-0.00014115885714285735,0.24285714285714285
2022-10-14 00:00:00+00:00,-0.00022396814285714306,0.2
2022-10-15 00:00:00+00:00,-0.0004270505797101452,0.2318840579710145
2022-10-16 00:00:00+00:00,-0.0006353636764705885,0.27941176470588236
2022-10-17 00:00:00+00:00,-0.0008938647058823532,0.29411764705882354
2022-10-18 00:00:00+00:00,-0.0007520247058823532,0.39705882352941174
2022-10-19 00:00:00+00:00,-0.0007208578260869567,0.2753623188405797
2022-10-20 00:00:00+00:00,-0.0005051113432835824,0.29850746268656714
2022-10-21 00:00:00+00:00,-0.00046524134328358236,0.43283582089552236
2022-10-22 00:00:00+00:00,-0.00042687246153846187,0.23076923076923078
2022-10-23 00:00:00+00:00,-0.00020552781250000028,0.265625
2022-10-24 00:00:00+00:00,-3.7576562500001e-06,0.265625
2022-10-25 00:00:00+00:00,-0.00012217400000000007,0.38461538461538464
2022-10-26 00:00:00+00:00,-2.363846153846164e-05,0.4307692307692308
2022-10-27 00:00:00+00:00,0.00014403075757575746,0.4393939393939394
2022-10-28 00:00:00+00:00,0.0003425684848484847,0.5
2022-10-29 00:00:00+00:00,0.0006422789552238805,0.5223880597014925
2022-10-30 00:00:00+00:00,0.000934426119402985,0.5373134328358209
2022-10-31 00:00:00+00:00,0.0009820867605633801,0.5915492957746479
2022-11-01 00:00:00+00:00,0.001124283888888889,0.6527777777777778
2022-11-02 00:00:00+00:00,0.0009632838666666665,0.4666666666666667
2022-11-03 00:00:00+00:00,0.0008401699999999999,0.5066666666666667
2022-11-04 00:00:00+00:00,0.0008270508974358975,0.6923076923076923
2022-11-05 00:00:00+00:00,0.0008755778749999999,0.6875
2022-11-06 00:00:00+00:00,0.0008911482716049382,0.5061728395061729
2022-11-07 00:00:00+00:00,0.0008227010843373493,0.5542168674698795
2022-11-08 00:00:00+00:00,0.0005549687209302324,0.1511627906976744
2022-11-09 00:00:00+00:00,-0.0015922333333333331,0.05747126436781609
2022-11-10 00:00:00+00:00,-0.005136625111111111,0.2
2022-11-11 00:00:00+00:00,-0.006035921758241758,0.16483516483516483
2022-11-12 00:00:00+00:00,-0.006590517,0.14444444444444443
2022-11-13 00:00:00+00:00,-0.0072915979120879125,0.15384615384615385
2022-11-14 00:00:00+00:00,-0.013247293440860215,0.15053763440860216
2022-11-15 00:00:00+00:00,-0.013514434193548388,0.15053763440860216
2022-11-16 00:00:00+00:00,-0.006412881956521739,0.10869565217391304
2022-11-17 00:00:00+00:00,-0.003642676595744681,0.1276595744680851
2022-11-18 00:00:00+00:00,-0.0023931319148936168,0.1702127659574468
2022-11-19 00:00:00+00:00,-0.0019844005319148935,0.1702127659574468
2022-11-20 00:00:00+00:00,-0.001464813789473684,0.09473684210526316
2022-11-21 00:00:00+00:00,-0.0009554809374999999,0.10416666666666667
2022-11-22 00:00:00+00:00,-0.00039387673684210505,0.08421052631578947
2022-11-23 00:00:00+00:00,-0.0004968915957446806,0.11702127659574468
2022-11-24 00:00:00+00:00,-0.0011766656989247312,0.11827956989247312
2022-11-25 00:00:00+00:00,-0.0014077226595744679,0.11702127659574468
2022-11-26 00:00:00+00:00,-0.001799605054945055,0.13186813186813187
2022-11-27 00:00:00+00:00,-0.001700520224719101,0.11235955056179775
2022-11-28 00:00:00+00:00,-0.0014167424137931034,0.05747126436781609
2022-11-29 00:00:00+00:00,-0.0012431361904761905,0.09523809523809523
2022-11-30 00:00:00+00:00,-0.001103445301204819,0.13253012048192772
2022-12-01 00:00:00+00:00,-0.000996234578313253,0.14457831325301204
2022-12-02 00:00:00+00:00,-0.0007265397560975609,0.14634146341463414
2022-12-03 00:00:00+00:00,-0.00032119784810126566,0.05063291139240506
2022-12-04 00:00:00+00:00,-0.0003001271052631578,0.039473684210526314
2022-12-05 00:00:00+00:00,-1.957863013698616e-05,0.0273972602739726
2022-12-06 00:00:00+00:00,-0.00013807027777777757,0.05555555555555555
2022-12-07 00:00:00+00:00,-0.00025107549295774636,0.028169014084507043
2022-12-08 00:00:00+00:00,-0.000676535072463768,0.36231884057971014
2022-12-09 00:00:00+00:00,-0.0011835679411764703,0.8088235294117647
2022-12-10 00:00:00+00:00,-0.0014378580882352938,0.35294117647058826
2022-12-11 00:00:00+00:00,-0.0014182186567164177,0.3582089552238806
2022-12-12 00:00:00+00:00,-0.0018903129411764702,0.5147058823529411
2022-12-13 00:00:00+00:00,-0.002026059117647059,0.6176470588235294
2022-12-14 00:00:00+00:00,-0.0019666605882352937,0.5147058823529411
2022-12-15 00:00:00+00:00,-0.00199242552238806,0.34328358208955223
2022-12-16 00:00:00+00:00,-0.0016476767164179103,0.1791044776119403
2022-12-17 00:00:00+00:00,-0.002029874925373134,0.22388059701492538
2022-12-18 00:00:00+00:00,-0.0025978691044776115,0.19402985074626866
2022-12-19 00:00:00+00:00,-0.0031410383823529415,0.16176470588235295
2022-12-20 00:00:00+00:00,-0.003646077462686567,0.34328358208955223
2022-12-21 00:00:00+00:00,-0.00204953953125,0.375
2022-12-22 00:00:00+00:00,-0.002484321746031746,0.2698412698412698
2022-12-23 00:00:00+00:00,-0.0024432631746031746,0.2222222222222222
2022-12-24 00:00:00+00:00,-0.002124558387096774,0.20967741935483872
2022-12-25 00:00:00+00:00,-0.0020622990163934422,0.21311475409836064
2022-12-26 00:00:00+00:00,-0.0024247466129032253,0.24193548387096775
2022-12-27 00:00:00+00:00,-0.0027399242622950814,0.21311475409836064
2022-12-28 00:00:00+00:00,-0.0028414383333333335,0.16666666666666666
2022-12-29 00:00:00+00:00,-0.0026873524999999994,0.13333333333333333
2022-12-30 00:00:00+00:00,-0.003173092033898305,0.06779661016949153
2022-12-31 00:00:00+00:00,-0.003264303220338983,0.06779661016949153
2023-01-01 00:00:00+00:00,-0.0031349117241379304,0.06896551724137931
2023-01-02 00:00:00+00:00,-0.0027533615517241375,0.08620689655172414
2023-01-03 00:00:00+00:00,-0.00240055033898305,0.1016949152542373
2023-01-04 00:00:00+00:00,-0.002382528813559321,0.11864406779661017
2023-01-05 00:00:00+00:00,-0.0022652056896551725,0.08620689655172414
2023-01-06 00:00:00+00:00,-0.002028857068965517,0.22413793103448276
2023-01-07 00:00:00+00:00,-0.0023157971186440673,0.1864406779661017
2023-01-08 00:00:00+00:00,-0.002618146206896552,0.29310344827586204
2023-01-09 00:00:00+00:00,-0.001970003898305084,0.3220338983050847
2023-01-10 00:00:00+00:00,-0.001292886949152542,0.5254237288135594
2023-01-11 00:00:00+00:00,-0.0009142822033898301,0.6101694915254238
2023-01-12 00:00:00+00:00,-0.0006095781666666663,0.6333333333333333
2023-01-13 00:00:00+00:00,-0.00023309849999999944,0.8
2023-01-14 00:00:00+00:00,0.0006629598387096781,0.9032258064516129
2023-01-15 00:00:00+00:00,0.0016481957142857149,1.0
2023-01-16 00:00:00+00:00,0.001979998,0.9846153846153847
2023-01-17 00:00:00+00:00,0.002024437164179105,1.0
2023-01-18 00:00:00+00:00,0.0021120447058823534,0.9558823529411765
2023-01-19 00:00:00+00:00,0.0021236930882352944,0.9705882352941176
2023-01-20 00:00:00+00:00,0.002093796666666667,1.0
2023-01-21 00:00:00+00:00,0.001986784666666667,1.0
2023-01-22 00:00:00+00:00,0.0018320174683544306,1.0
2023-01-23 00:00:00+00:00,0.0016618210000000002,1.0
2023-01-24 00:00:00+00:00,0.0016925460975609759,1.0
2023-01-25 00:00:00+00:00,0.0017744101190476193,1.0
2023-01-26 00:00:00+00:00,0.0019599573255813956,0.9883720930232558
2023-01-27 00:00:00+00:00,0.002132361428571429,1.0
2023-01-28 00:00:00+00:00,0.002092829560439561,1.0
2023-01-29 00:00:00+00:00,0.002018438804347826,1.0
2023-01-30 00:00:00+00:00,0.0019441643157894742,1.0
2023-01-31 00:00:00+00:00,0.0018568118556701034,1.0
2023-02-01 00:00:00+00:00,0.0018704937113402066,1.0
2023-02-02 00:00:00+00:00,0.002199182574257426,1.0
2023-02-03 00:00:00+00:00,0.0023671480198019807,1.0
2023-02-04 00:00:00+00:00,0.0025242495049504956,1.0
2023-02-05 00:00:00+00:00,0.0025282750000000004,1.0
2023-02-06 00:00:00+00:00,0.0022421846078431373,1.0
2023-02-07 00:00:00+00:00,0.002278293557692308,1.0
2023-02-08 00:00:00+00:00,0.0024840495192307694,1.0
2023-02-09 00:00:00+00:00,0.0022175490384615387,0.9711538461538461
2023-02-10 00:00:00+00:00,0.0018494752380952381,0.9809523809523809
2023-02-11 00:00:00+00:00,0.0013637299038461543,0.9807692307692307
2023-02-12 00:00:00+00:00,0.0009691317592592598,0.9166666666666666
2023-02-13 00:00:00+00:00,0.0010766905555555561,0.7592592592592593
2023-02-14 00:00:00+00:00,0.0009717214678899087,0.8073394495412844
2023-02-15 00:00:00+00:00,0.0007787780909090912,0.9636363636363636
2023-02-16 00:00:00+00:00,0.0008460615178571433,0.8571428571428571
2023-02-17 00:00:00+00:00,0.0008367970796460181,0.9823008849557522
2023-02-18 00:00:00+00:00,0.001270690720720721,0.963963963963964
2023-02-19 00:00:00+00:00,0.0016477101801801808,0.9009009009009009
2023-02-20 00:00:00+00:00,0.0016470186486486492,0.9459459459459459
2023-02-21 00:00:00+00:00,0.0017402507207207214,0.9009009009009009
2023-02-22 00:00:00+00:00,0.0017689781981981988,0.8198198198198198
2023-02-23 00:00:00+00:00,0.0016944230630630635,0.9009009009009009
2023-02-24 00:00:00+00:00,0.0016710098198198203,0.7027027027027027
2023-02-25 00:00:00+00:00,0.0015857396363636368,0.6272727272727273
2023-02-26 00:00:00+00:00,0.0014610621621621628,0.6486486486486487
2023-02-27 00:00:00+00:00,0.001528176666666667,0.6756756756756757
2023-02-28 00:00:00+00:00,0.0015109647747747754,0.4864864864864865
2023-03-01 00:00:00+00:00,0.00149502936936937,0.7657657657657657
2023-03-02 00:00:00+00:00,0.001376879464285715,0.6517857142857143
2023-03-03 00:00:00+00:00,0.0012691725000000004,0.3392857142857143
2023-03-04 00:00:00+00:00,0.0012015957657657663,0.2702702702702703
2023-03-05 00:00:00+00:00,0.0011025582568807341,0.21100917431192662
2023-03-06 00:00:00+00:00,0.0009605300000000003,0.22429906542056074
2023-03-07 00:00:00+00:00,0.0008292381308411218,0.22429906542056074
2023-03-08 00:00:00+00:00,0.000737436728971963,0.12149532710280374
2023-03-09 00:00:00+00:00,0.0005009834905660381,0.02830188679245283
2023-03-10 00:00:00+00:00,0.00011931113207547188,0.018867924528301886
2023-03-11 00:00:00+00:00,-0.00022873914285714264,0.06666666666666667
2023-03-12 00:00:00+00:00,-0.00043808495145631043,0.20388349514563106
2023-03-13 00:00:00+00:00,-0.00041603980769230745,0.25
2023-03-14 00:00:00+00:00,-0.0002622798095238093,0.41904761904761906
2023-03-15 00:00:00+00:00,-7.136180952380927e-05,0.22857142857142856
2023-03-16 00:00:00+00:00,5.111747572815761e-06,0.21359223300970873
2023-03-17 00:00:00+00:00,0.0003383078431372552,0.22549019607843138
2023-03-18 00:00:00+00:00,0.0007763070588235297,0.27450980392156865
2023-03-19 00:00:00+00:00,0.0010998965000000001,0.2
2023-03-20 00:00:00+00:00,0.0011312827450980396,0.12745098039215685
2023-03-21 00:00:00+00:00,0.000885103762376238,0.16831683168316833
2023-03-22 00:00:00+00:00,0.0007063319000000005,0.09
2023-03-23 00:00:00+00:00,0.0008023962376237628,0.11
2023-03-24 00:00:00+00:00,0.0009212099000000004,0.11
2023-03-25 00:00:00+00:00,0.0007872629292929297,0.08080808080808081
2023-03-26 00:00:00+00:00,0.0006402815306122453,0.16326530612244897
2023-03-27 00:00:00+00:00,0.0005903049484536087,0.12371134020618557
2023-03-28 00:00:00+00:00,0.0006614052577319591,0.14432989690721648
2023-03-29 00:00:00+00:00,0.000725005204081633,0.21428571428571427
2023-03-30 00:00:00+00:00,0.0007433245918367352,0.22448979591836735
2023-03-31 00:00:00+00:00,0.0006940996938775514,0.1836734693877551
2023-04-01 00:00:00+00:00,0.0007969206060606065,0.26262626262626265
2023-04-02 00:00:00+00:00,0.0009761721428571433,0.32653061224489793
2023-04-03 00:00:00+00:00,0.0010621551515151517,0.46464646464646464
2023-04-04 00:00:00+00:00,0.0012129410891089112,0.5742574257425742
2023-04-05 00:00:00+00:00,0.0012570608910891093,0.6237623762376238
2023-04-06 00:00:00+00:00,0.0011580556435643568,0.6831683168316832
2023-04-07 00:00:00+00:00,0.0011083142307692312,0.8653846153846154
2023-04-08 00:00:00+00:00,0.00024016384615384642,0.9519230769230769
2023-04-09 00:00:00+00:00,0.0003074035922330101,0.9611650485436893
2023-04-10 00:00:00+00:00,0.0005067368269230774,0.9903846153846154
2023-04-11 00:00:00+00:00,0.0008011759615384619,0.8557692307692307
2023-04-12 00:00:00+00:00,0.0008716408737864083,0.7184466019417476
2023-04-13 00:00:00+00:00,0.0010476284466019422,0.6407766990291263
2023-04-14 00:00:00+00:00,0.0011797119417475733,0.9611650485436893
2023-04-15 00:00:00+00:00,0.0014142821359223305,0.941747572815534
2023-04-16 00:00:00+00:00,0.0015792750961538468,0.7403846153846154
2023-04-17 00:00:00+00:00,0.0019691814285714287,0.8095238095238095
2023-04-18 00:00:00+00:00,0.0021768909708737866,0.7864077669902912
2023-04-19 00:00:00+00:00,0.0023081559223300974,0.6019417475728155
2023-04-20 00:00:00+00:00,0.002360731047619048,0.3523809523809524
2023-04-21 00:00:00+00:00,0.0023662708411214955,0.3644859813084112
2023-04-22 00:00:00+00:00,0.001953155607476636,0.2897196261682243
2023-04-23 00:00:00+00:00,0.0015480733644859816,0.411214953271028
2023-04-24 00:00:00+00:00,0.001178612803738318,0.45794392523364486
2023-04-25 00:00:00+00:00,0.0008592333944954132,0.46788990825688076
2023-04-26 00:00:00+00:00,0.0007268351376146793,0.6330275229357798
2023-04-27 00:00:00+00:00,0.0004075106481481485,0.5833333333333334
2023-04-28 00:00:00+00:00,0.0003283863551401872,0.35514018691588783
2023-04-29 00:00:00+00:00,0.00039162759259259297,0.46296296296296297
2023-04-30 00:00:00+00:00,0.0005586589719626172,0.27102803738317754
2023-05-01 00:00:00+00:00,0.0006321419444444449,0.2037037037037037
2023-05-02 00:00:00+00:00,0.0007066257943925237,0.2897196261682243
2023-05-03 00:00:00+00:00,0.0006912312149532713,0.308411214953271
2023-05-04 00:00:00+00:00,0.0008765435922330101,0.20388349514563106
2023-05-05 00:00:00+00:00,0.0009194871568627454,0.22549019607843138
2023-05-06 00:00:00+00:00,0.0008723369230769234,0.17307692307692307
2023-05-07 00:00:00+00:00,0.0008170017475728158,0.1941747572815534
2023-05-08 00:00:00+00:00,0.0005372428301886797,0.11320754716981132
2023-05-09 00:00:00+00:00,0.0002565337735849059,0.08490566037735849
2023-05-10 00:00:00+00:00,1.8871698113209374e-06,0.08490566037735849
2023-05-11 00:00:00+00:00,-0.00026584509615384597,0.038461538461538464
2023-05-12 00:00:00+00:00,-0.0004297093069306928,0.04950495049504951
2023-05-13 00:00:00+00:00,-0.0004397827722772276,0.039603960396039604
2023-05-14 00:00:00+00:00,-0.0004339198979591834,0.05102040816326531
2023-05-15 00:00:00+00:00,-0.00037257295918367324,0.04081632653061224
2023-05-16 00:00:00+00:00,-0.00016025536082474212,0.030927835051546393
2023-05-17 00:00:00+00:00,-5.3491546391752264e-05,0.041237113402061855
2023-05-18 00:00:00+00:00,8.441762886597957e-05,0.041237113402061855
2023-05-19 00:00:00+00:00,0.00020127478723404286,0.06382978723404255
2023-05-20 00:00:00+00:00,0.00016063642105263186,0.07368421052631578
2023-05-21 00:00:00+00:00,0.0003099834375000002,0.125
2023-05-22 00:00:00+00:00,0.0003370621875000003,0.09375
2023-05-23 00:00:00+00:00,0.0003064278947368424,0.12631578947368421
2023-05-24 00:00:00+00:00,0.0004359562105263162,0.10526315789473684
2023-05-25 00:00:00+00:00,0.00027024170212765984,0.0851063829787234
2023-05-26 00:00:00+00:00,0.0002550376595744684,0.09574468085106383
2023-05-27 00:00:00+00:00,0.00020512472527472555,0.0989010989010989
2023-05-28 00:00:00+00:00,0.00015810622222222265,0.17777777777777778
2023-05-29 00:00:00+00:00,0.0002347530000000003,0.12222222222222222
2023-05-30 00:00:00+00:00,0.00010662466666666724,0.17777777777777778
2023-05-31 00:00:00+00:00,3.979833333333423e-05,0.17777777777777778
2023-06-01 00:00:00+00:00,0.00021013415730337126,0.14606741573033707
2023-06-02 00:00:00+00:00,6.0764772727275555e-06,0.18181818181818182
2023-06-03 00:00:00+00:00,-0.00010906045454545462,0.2159090909090909
2023-06-04 00:00:00+00:00,6.353977272727288e-05,0.18181818181818182
2023-06-05 00:00:00+00:00,0.00020788818181818219,0.14772727272727273
2023-06-06 00:00:00+00:00,0.00026826863636363713,0.23863636363636365
2023-06-07 00:00:00+00:00,-8.081862068965467e-05,0.2988505747126437
2023-06-08 00:00:00+00:00,-0.00013588287356321808,0.3103448275862069
2023-06-09 00:00:00+00:00,5.994116279069836e-05,0.2441860465116279
2023-06-10 00:00:00+00:00,-0.0002997862790697673,0.12790697674418605
2023-06-11 00:00:00+00:00,-0.0012047518823529403,0.08235294117647059
2023-06-12 00:00:00+00:00,-0.001617049418604651,0.12790697674418605
2023-06-13 00:00:00+00:00,-0.0016604743181818176,0.10227272727272728
2023-06-14 00:00:00+00:00,-0.0014538960465116275,0.09302325581395349
2023-06-15 00:00:00+00:00,-0.001519895813953488,0.09302325581395349
2023-06-16 00:00:00+00:00,-0.0017656636046511625,0.06976744186046512
2023-06-17 00:00:00+00:00,-0.0012818910344827583,0.09195402298850575
2023-06-18 00:00:00+00:00,-0.0006640951724137927,0.05747126436781609
2023-06-19 00:00:00+00:00,-0.000537390689655172,0.06896551724137931
2023-06-20 00:00:00+00:00,-0.00048663729411764663,0.12941176470588237
2023-06-21 00:00:00+00:00,-0.0001734591860465112,0.1744186046511628
2023-06-22 00:00:00+00:00,6.410011363636403e-05,0.1590909090909091
2023-06-23 00:00:00+00:00,0.00034887741573033757,0.2808988764044944
2023-06-24 00:00:00+00:00,0.0004107838202247196,0.24719101123595505
2023-06-25 00:00:00+00:00,0.0005433021348314611,0.2696629213483146
2023-06-26 00:00:00+00:00,0.0007680950000000005,0.22826086956521738
2023-06-27 00:00:00+00:00,0.0009014476086956527,0.1956521739130435
2023-06-28 00:00:00+00:00,0.0008416308695652179,0.10869565217391304
2023-06-29 00:00:00+00:00,0.0006500056521739134,0.11956521739130435
2023-06-30 00:00:00+00:00,0.0006175371875000004,0.25
2023-07-01 00:00:00+00:00,0.0006216019387755106,0.2755102040816326
2023-07-02 00:00:00+00:00,0.0006225077319587634,0.25773195876288657
2023-07-03 00:00:00+00:00,0.0007106541414141418,0.2727272727272727
2023-07-04 00:00:00+00:00,0.0008859644117647064,0.2549019607843137
2023-07-05 00:00:00+00:00,0.0006487501980198023,0.33663366336633666
2023-07-06 00:00:00+00:00,0.000545564653465347,0.19801980198019803
2023-07-07 00:00:00+00:00,0.00034464938144329935,0.38144329896907214
2023-07-08 00:00:00+00:00,0.0001371245918367352,0.35714285714285715
2023-07-09 00:00:00+00:00,4.747940000000049e-05,0.36
2023-07-10 00:00:00+00:00,-0.00020076232323232304,0.8888888888888888
2023-07-11 00:00:00+00:00,-0.00033846051546391716,0.8762886597938144
2023-07-12 00:00:00+00:00,-0.0004634238383838381,0.8484848484848485
2023-07-13 00:00:00+00:00,-0.0002941608080808078,0.9191919191919192
2023-07-14 00:00:00+00:00,0.00016687460000000033,0.92
2023-07-15 00:00:00+00:00,0.0003755504040404044,0.9292929292929293
2023-07-16 00:00:00+00:00,0.00042169530612244936,0.8673469387755102
2023-07-17 00:00:00+00:00,0.0005270235353535359,0.8686868686868687
2023-07-18 00:00:00+00:00,0.0007498175510204086,0.8673469387755102
2023-07-19 00:00:00+00:00,0.0009968893939393945,0.8484848484848485
2023-07-20 00:00:00+00:00,0.0012270304040404045,0.7575757575757576
2023-07-21 00:00:00+00:00,0.0011509220430107531,0.7311827956989247
2023-07-22 00:00:00+00:00,0.0011285301098901102,0.7032967032967034
2023-07-23 00:00:00+00:00,-0.0007731396774193544,0.5913978494623656
2023-07-24 00:00:00+00:00,-0.001267993085106383,0.43617021276595747
2023-07-25 00:00:00+00:00,-0.001400220752688172,0.3763440860215054
2023-07-26 00:00:00+00:00,-0.0016826384782608684,0.5434782608695652
2023-07-27 00:00:00+00:00,-0.001842601195652173,0.4673913043478261
2023-07-28 00:00:00+00:00,-0.0020555965217391313,0.7282608695652174
2023-07-29 00:00:00+00:00,-0.002031288,0.7222222222222222
2023-07-30 00:00:00+00:00,-0.000732876395348837,0.4883720930232558
2023-07-31 00:00:00+00:00,-0.000225942906976744,0.3488372093023256
2023-08-01 00:00:00+00:00,-0.00030443809523809495,0.35714285714285715
2023-08-02 00:00:00+00:00,-0.0004039568235294114,0.24705882352941178
2023-08-03 00:00:00+00:00,-0.0005360404761904758,0.23809523809523808
2023-08-04 00:00:00+00:00,-0.0007672518072289154,0.3132530120481928
2023-08-05 00:00:00+00:00,-0.0007500099999999997,0.49382716049382713
2023-08-06 00:00:00+00:00,-0.000929568518518518,0.3950617283950617
2023-08-07 00:00:00+00:00,-0.000804153333333333,0.38271604938271603
2023-08-08 00:00:00+00:00,-0.0006645693749999999,0.45
2023-08-09 00:00:00+00:00,-0.00021471481012658202,0.45569620253164556
2023-08-10 00:00:00+00:00,5.928637500000012e-05,0.3875
2023-08-11 00:00:00+00:00,0.0005136452564102569,0.38461538461538464
2023-08-12 00:00:00+00:00,0.0008659205063291143,0.25316455696202533
2023-08-13 00:00:00+00:00,0.0009663424358974364,0.2564102564102564
2023-08-14 00:00:00+00:00,0.0010464466233766237,0.2727272727272727
2023-08-15 00:00:00+00:00,0.001117321538461539,0.20512820512820512
2023-08-16 00:00:00+00:00,0.0009427648051948056,0.12987012987012986
2023-08-17 00:00:00+00:00,0.0008091903797468359,0.08860759493670886
2023-08-18 00:00:00+00:00,0.00029021641975308677,0.12345679012345678
2023-08-19 00:00:00+00:00,8.851898734177245e-05,0.11392405063291139
2023-08-20 00:00:00+00:00,-0.00022612948051948018,0.1038961038961039
2023-08-21 00:00:00+00:00,-0.0015851059493670883,0.10126582278481013
2023-08-22 00:00:00+00:00,-0.0020333937037037035,0.09876543209876543
2023-08-23 00:00:00+00:00,-0.001894822469135802,0.1728395061728395
2023-08-24 00:00:00+00:00,-0.0020150029999999996,0.15
2023-08-25 00:00:00+00:00,-0.0018424817721518986,0.13924050632911392
2023-08-26 00:00:00+00:00,-0.0047707125316455695,0.11392405063291139
2023-08-27 00:00:00+00:00,-0.005428589350649351,0.12987012987012986
2023-08-28 00:00:00+00:00,-0.005614805657894737,0.11842105263157894
2023-08-29 00:00:00+00:00,-0.005530767407407407,0.18518518518518517
2023-08-30 00:00:00+00:00,-0.00539534164556962,0.17721518987341772
2023-08-31 00:00:00+00:00,-0.005361784230769231,0.15384615384615385
2023-09-01 00:00:00+00:00,-0.004722115194805195,0.15584415584415584
2023-09-02 00:00:00+00:00,-0.0038841156410256415,0.16666666666666666
2023-09-03 00:00:00+00:00,-0.00338428670886076,0.17721518987341772
2023-09-04 00:00:00+00:00,-0.0038640154545454544,0.18181818181818182
2023-09-05 00:00:00+00:00,-0.003876425897435897,0.1794871794871795
2023-09-06 00:00:00+00:00,-0.003635318974358974,0.1794871794871795
2023-09-07 00:00:00+00:00,-0.004048334805194806,0.16883116883116883
2023-09-08 00:00:00+00:00,-0.005232695064935065,0.18181818181818182
2023-09-09 00:00:00+00:00,-0.005734022337662337,0.16883116883116883
2023-09-10 00:00:00+00:00,-0.006040114249999999,0.15
2023-09-11 00:00:00+00:00,-0.0064520380246913586,0.1111111111111111
2023-09-12 00:00:00+00:00,-0.0067969040740740744,0.1111111111111111
2023-09-13 00:00:00+00:00,-0.007772854125000001,0.1125
2023-09-14 00:00:00+00:00,-0.008550692025316454,0.12658227848101267
2023-09-15 00:00:00+00:00,-0.008175585789473685,0.23684210526315788
2023-09-16 00:00:00+00:00,-0.00864638554054054,0.5945945945945946
2023-09-17 00:00:00+00:00,-0.009264260555555555,0.3611111111111111
2023-09-18 00:00:00+00:00,-0.008264696756756756,0.3783783783783784
2023-09-19 00:00:00+00:00,-0.008126948533333334,0.4533333333333333
2023-09-20 00:00:00+00:00,-0.007613051333333332,0.48
2023-09-21 00:00:00+00:00,-0.006469192800000001,0.44
2023-09-22 00:00:00+00:00,-0.005582335616438354,0.3972602739726027
2023-09-23 00:00:00+00:00,-0.004636624166666666,0.4583333333333333
2023-09-24 00:00:00+00:00,-0.0034707395774647887,0.4084507042253521
2023-09-25 00:00:00+00:00,-0.0026117956756756752,0.4594594594594595
2023-09-26 00:00:00+00:00,-0.001767947662337662,0.45454545454545453
2023-09-27 00:00:00+00:00,-0.0019283437179487169,0.46153846153846156
2023-09-28 00:00:00+00:00,-0.0023996381578947363,0.4342105263157895
2023-09-29 00:00:00+00:00,-0.0024642145333333334,0.4666666666666667
2023-09-30 00:00:00+00:00,-0.002553284054054054,0.6486486486486487
2023-10-01 00:00:00+00:00,-0.0029991906666666664,0.8933333333333333
2023-10-02 00:00:00+00:00,-0.0027617671794871795,0.7948717948717948
2023-10-03 00:00:00+00:00,-0.002364728354430379,0.6962025316455697
2023-10-04 00:00:00+00:00,-0.0016534517105263157,0.6578947368421053
2023-10-05 00:00:00+00:00,-0.001094528133333333,0.52
2023-10-06 00:00:00+00:00,-0.0009704359999999998,0.6
2023-10-07 00:00:00+00:00,-0.0007097946666666662,0.56
2023-10-08 00:00:00+00:00,0.00012947405405405442,0.5675675675675675
2023-10-09 00:00:00+00:00,0.00012862893333333376,0.41333333333333333
2023-10-10 00:00:00+00:00,-9.881173333333304e-05,0.48
2023-10-11 00:00:00+00:00,-0.00014840287671232842,0.6575342465753424
2023-10-12 00:00:00+00:00,-8.579643835616398e-05,0.547945205479452
2023-10-13 00:00:00+00:00,-7.271418918918871e-05,0.5
2023-10-14 00:00:00+00:00,-0.0001638362499999998,0.4027777777777778
2023-10-15 00:00:00+00:00,-0.00020529253521126727,0.323943661971831
2023-10-16 00:00:00+00:00,-3.985722222222185e-05,0.4166666666666667
2023-10-17 00:00:00+00:00,0.00021998944444444484,0.4444444444444444
2023-10-18 00:00:00+00:00,0.0002763963888888893,0.3333333333333333
2023-10-19 00:00:00+00:00,0.00023349342465753468,0.273972602739726
2023-10-20 00:00:00+00:00,0.00019808541666666701,0.2638888888888889
2023-10-21 00:00:00+00:00,0.0002612170422535215,0.6619718309859155
2023-10-22 00:00:00+00:00,0.00026213055555555605,0.7083333333333334
2023-10-23 00:00:00+00:00,-3.6007999999996403e-06,0.8266666666666667
2023-10-24 00:00:00+00:00,4.293815789474068e-06,0.881578947368421
2023-10-25 00:00:00+00:00,-0.0005428740789473684,0.9078947368421053
2023-10-26 00:00:00+00:00,-0.0009582447499999997,0.9
2023-10-27 00:00:00+00:00,-0.0008826246249999996,0.8375
2023-10-28 00:00:00+00:00,-0.0005866997530864197,0.8641975308641975
2023-10-29 00:00:00+00:00,-0.0004927533333333324,0.8589743589743589
2023-10-30 00:00:00+00:00,-9.271088607594914e-05,0.8860759493670886
2023-10-31 00:00:00+00:00,4.344695121951237e-05,0.8170731707317073
2023-11-01 00:00:00+00:00,0.0007642285542168685,0.8674698795180723
2023-11-02 00:00:00+00:00,0.0017209657831325307,0.927710843373494
2023-11-03 00:00:00+00:00,0.0019066734939759042,0.9156626506024096
2023-11-04 00:00:00+00:00,0.002019634470588236,0.9294117647058824
2023-11-05 00:00:00+00:00,0.0020162501136363645,0.9204545454545454
2023-11-06 00:00:00+00:00,0.0022221719354838716,0.946236559139785
2023-11-07 00:00:00+00:00,0.0022535986315789474,0.9368421052631579
2023-11-08 00:00:00+00:00,0.0021053431578947376,0.9789473684210527
2023-11-09 00:00:00+00:00,0.0018275939795918375,0.9795918367346939
2023-11-10 00:00:00+00:00,0.0017330049000000008,0.97
2023-11-11 00:00:00+00:00,0.0020716382352941186,0.9705882352941176
2023-11-12 00:00:00+00:00,0.002560494807692308,0.9807692307692307
2023-11-13 00:00:00+00:00,0.003044045412844037,0.9724770642201835
2023-11-14 00:00:00+00:00,0.0033380797321428575,0.9553571428571429
2023-11-15 00:00:00+00:00,0.003627387105263158,0.9824561403508771
2023-11-16 00:00:00+00:00,0.0038439034782608702,0.9652173913043478
2023-11-17 00:00:00+00:00,0.0039771660683760686,0.9743589743589743
2023-11-18 00:00:00+00:00,0.003620100084745763,0.9745762711864406
2023-11-19 00:00:00+00:00,0.003059076890756303,0.9747899159663865
2023-11-20 00:00:00+00:00,0.0026532192436974794,0.9663865546218487
2023-11-21 00:00:00+00:00,0.0025282835833333336,0.925
2023-11-22 00:00:00+00:00,0.002349409833333334,0.9083333333333333
2023-11-23 00:00:00+00:00,0.0020754090677966106,0.8813559322033898
2023-11-24 00:00:00+00:00,0.0020496021551724137,0.9051724137931034
2023-11-25 00:00:00+00:00,0.002028326,0.9304347826086956
2023-11-26 00:00:00+00:00,0.001690742,0.9304347826086956
2023-11-27 00:00:00+00:00,0.0013437421739130439,0.8695652173913043
2023-11-28 00:00:00+00:00,0.0013109064655172412,0.8706896551724138
2023-11-29 00:00:00+00:00,0.001312692347826087,0.8260869565217391
2023-11-30 00:00:00+00:00,0.0012542436842105263,0.8596491228070176
2023-12-01 00:00:00+00:00,0.001223255535714286,0.8571428571428571
2023-12-02 00:00:00+00:00,0.001303185535714286,0.9107142857142857
2023-12-03 00:00:00+00:00,0.0018537097368421056,0.8859649122807017
2023-12-04 00:00:00+00:00,0.002532948275862069,0.9051724137931034
2023-12-05 00:00:00+00:00,0.002866044051724138,0.9051724137931034
2023-12-06 00:00:00+00:00,0.003234912051282052,0.8205128205128205
2023-12-07 00:00:00+00:00,0.0034861858119658124,0.905982905982906
2023-12-08 00:00:00+00:00,0.004080248305084746,0.9067796610169492
2023-12-09 00:00:00+00:00,0.0050403245833333336,0.8833333333333333
2023-12-10 00:00:00+00:00,0.0053848870000000005,0.8916666666666667
2023-12-11 00:00:00+00:00,0.005171865666666667,0.6666666666666666
2023-12-12 00:00:00+00:00,0.0049879809166666665,0.6833333333333333
2023-12-13 00:00:00+00:00,0.004784998991596639,0.8403361344537815
2023-12-14 00:00:00+00:00,0.0048217226086956525,0.8695652173913043
2023-12-15 00:00:00+00:00,0.004858799912280702,0.6929824561403509
2023-12-16 00:00:00+00:00,0.004125678125,0.8660714285714286
2023-12-17 00:00:00+00:00,0.003996650625000001,0.8125
2023-12-18 00:00:00+00:00,0.0039145723008849566,0.8407079646017699
2023-12-19 00:00:00+00:00,0.0038144211504424785,0.7787610619469026
2023-12-20 00:00:00+00:00,0.003521514102564103,0.8717948717948718
2023-12-21 00:00:00+00:00,0.0037472725,0.9642857142857143
2023-12-22 00:00:00+00:00,0.003857025175438597,0.9298245614035088
2023-12-23 00:00:00+00:00,0.004208954956521739,0.9043478260869565
2023-12-24 00:00:00+00:00,0.00471370376068376,0.8717948717948718
2023-12-25 00:00:00+00:00,0.005506671092436975,0.8907563025210085
2023-12-26 00:00:00+00:00,0.006490896974789916,0.8991596638655462
2023-12-27 00:00:00+00:00,0.006975051818181819,0.9338842975206612
2023-12-28 00:00:00+00:00,0.0071950782400000005,0.92
2023-12-29 00:00:00+00:00,0.0072238015999999995,0.92
2023-12-30 00:00:00+00:00,0.007105180238095239,0.9126984126984127
2023-12-31 00:00:00+00:00,0.006477509285714286,0.8968253968253969
2024-01-01 00:00:00+00:00,0.00624468421875,0.8828125
2024-01-02 00:00:00+00:00,0.006520568359375,0.84375
2024-01-03 00:00:00+00:00,0.006387706821705427,0.6976744186046512
2024-01-04 00:00:00+00:00,0.00528671023255814,0.6976744186046512
2024-01-05 00:00:00+00:00,0.004527869076923077,0.6538461538461539
2024-01-06 00:00:00+00:00,0.003997670077519381,0.5813953488372093
2024-01-07 00:00:00+00:00,0.0038689807751937986,0.3875968992248062
2024-01-08 00:00:00+00:00,0.002936885196850394,0.5039370078740157
2024-01-09 00:00:00+00:00,0.001545367165354331,0.3700787401574803
2024-01-10 00:00:00+00:00,0.0010576154687500002,0.703125
2024-01-11 00:00:00+00:00,0.0013159014615384617,0.7
2024-01-12 00:00:00+00:00,0.0013495922137404582,0.5648854961832062
2024-01-13 00:00:00+00:00,0.0014238121538461541,0.5307692307692308
2024-01-14 00:00:00+00:00,0.001505086230769231,0.5538461538461539
2024-01-15 00:00:00+00:00,0.0018303662686567166,0.5671641791044776
2024-01-16 00:00:00+00:00,0.0018893158778625957,0.648854961832061
2024-01-17 00:00:00+00:00,0.0018834964393939398,0.6212121212121212
2024-01-18 00:00:00+00:00,0.0018942476153846156,0.5
2024-01-19 00:00:00+00:00,0.00187090465648855,0.44274809160305345
2024-01-20 00:00:00+00:00,0.0017943828030303035,0.4166666666666667
2024-01-21 00:00:00+00:00,0.0016996796212121216,0.3181818181818182
2024-01-22 00:00:00+00:00,0.001647409398496241,0.2556390977443609
2024-01-23 00:00:00+00:00,0.001621951832061069,0.2366412213740458
2024-01-24 00:00:00+00:00,0.0015376124806201555,0.21705426356589147
2024-01-25 00:00:00+00:00,0.0013801411111111115,0.1746031746031746
2024-01-26 00:00:00+00:00,0.0013011490909090914,0.19008264462809918
2024-01-27 00:00:00+00:00,0.0013948773949579835,0.24369747899159663
2024-01-28 00:00:00+00:00,0.001455072288135594,0.2627118644067797
2024-01-29 00:00:00+00:00,0.0012419573109243701,0.3025210084033613
2024-01-30 00:00:00+00:00,0.0012784798275862071,0.29310344827586204
2024-01-31 00:00:00+00:00,0.0010159767241379315,0.1810344827586207
2024-02-01 00:00:00+00:00,0.0011348753913043483,0.1826086956521739
2024-02-02 00:00:00+00:00,0.0015008772321428575,0.33035714285714285
2024-02-03 00:00:00+00:00,0.0014808841964285718,0.24107142857142858
2024-02-04 00:00:00+00:00,0.0015406797222222224,0.25
2024-02-05 00:00:00+00:00,0.0016039263461538463,0.3173076923076923
2024-02-06 00:00:00+00:00,0.0016362335000000006,0.52
2024-02-07 00:00:00+00:00,0.0015407280808080813,0.37373737373737376
2024-02-08 00:00:00+00:00,0.0014802350505050512,0.5656565656565656
2024-02-09 00:00:00+00:00,0.0014199888888888894,0.3939393939393939
2024-02-10 00:00:00+00:00,0.0013865418556701036,0.31958762886597936
2024-02-11 00:00:00+00:00,0.001405038842105264,0.4631578947368421
2024-02-12 00:00:00+00:00,0.0015492313541666672,0.5208333333333334
2024-02-13 00:00:00+00:00,0.0019162188297872345,0.6170212765957447
2024-02-14 00:00:00+00:00,0.0022249219148936174,0.723404255319149
2024-02-15 00:00:00+00:00,0.003087268210526316,0.7052631578947368
2024-02-16 00:00:00+00:00,0.0040534851546391755,0.7422680412371134
2024-02-17 00:00:00+00:00,0.004664768105263158,0.8526315789473684
2024-02-18 00:00:00+00:00,0.005324342021276596,0.9042553191489362
2024-02-19 00:00:00+00:00,0.006129948969072165,0.8969072164948454
2024-02-20 00:00:00+00:00,0.0066420588,0.89
2024-02-21 00:00:00+00:00,0.0066363780198019804,0.9306930693069307
2024-02-22 00:00:00+00:00,0.006258366500000001,0.96
2024-02-23 00:00:00+00:00,0.006014007425742574,0.9306930693069307
2024-02-24 00:00:00+00:00,0.005903564,0.9523809523809523
2024-02-25 00:00:00+00:00,0.005740834821428571,0.9464285714285714
2024-02-26 00:00:00+00:00,0.00602030814159292,0.9557522123893806
2024-02-27 00:00:00+00:00,0.0066623928070175436,0.9736842105263158
2024-02-28 00:00:00+00:00,0.007946296532258066,0.9596774193548387
2024-02-29 00:00:00+00:00,0.009489269679999999,0.944
2024-03-01 00:00:00+00:00,0.010510829841269841,0.9761904761904762
2024-03-02 00:00:00+00:00,0.012674364806201552,0.9767441860465116
2024-03-03 00:00:00+00:00,0.014245212180451128,0.9699248120300752
2024-03-04 00:00:00+00:00,0.015254774316546761,0.9568345323741008
2024-03-05 00:00:00+00:00,0.016676775448275862,0.9310344827586207
2024-03-06 00:00:00+00:00,0.015607626122448977,0.9387755102040817
2024-03-07 00:00:00+00:00,0.014706111428571431,0.974025974025974
2024-03-08 00:00:00+00:00,0.01463509093167702,0.9751552795031055
2024-03-09 00:00:00+00:00,0.014113102134146342,0.975609756097561
2024-03-10 00:00:00+00:00,0.013963122865497075,0.9590643274853801
2024-03-11 00:00:00+00:00,0.013729918994413408,0.9720670391061452
2024-03-12 00:00:00+00:00,0.012424022989130435,0.967391304347826
2024-03-13 00:00:00+00:00,0.01366826946236559,0.967741935483871
2024-03-14 00:00:00+00:00,0.014553681473684209,0.9526315789473684
2024-03-15 00:00:00+00:00,0.013979740207253887,0.8808290155440415
2024-03-16 00:00:00+00:00,0.012436812216494848,0.8247422680412371
2024-03-17 00:00:00+00:00,0.010690739999999999,0.8578680203045685
2024-03-18 00:00:00+00:00,0.009404408,0.805
2024-03-19 00:00:00+00:00,0.007984498146341465,0.6585365853658537
2024-03-20 00:00:00+00:00,0.006413306407766991,0.7621359223300971
2024-03-21 00:00:00+00:00,0.004678053804878049,0.8097560975609757
2024-03-22 00:00:00+00:00,0.0038869708292682934,0.8
2024-03-23 00:00:00+00:00,0.0036018037019230767,0.7884615384615384
2024-03-24 00:00:00+00:00,0.003529901904761905,0.8809523809523809
2024-03-25 00:00:00+00:00,0.003472887476190476,0.8952380952380953
2024-03-26 00:00:00+00:00,0.004011659857819905,0.8815165876777251
2024-03-27 00:00:00+00:00,0.004832821706161137,0.8246445497630331
2024-03-28 00:00:00+00:00,0.005636691238095239,0.8238095238095238
2024-03-29 00:00:00+00:00,0.006511358904761905,0.8095238095238095
2024-03-30 00:00:00+00:00,0.007698624903846154,0.7932692307692307
2024-03-31 00:00:00+00:00,0.008898316298076924,0.7211538461538461
2024-04-01 00:00:00+00:00,0.009824603640776699,0.5242718446601942
2024-04-02 00:00:00+00:00,0.009420310343137256,0.4215686274509804
2024-04-03 00:00:00+00:00,0.008555453383838384,0.35858585858585856
2024-04-04 00:00:00+00:00,0.007776235282051282,0.5538461538461539
2024-04-05 00:00:00+00:00,0.006771636564102564,0.36923076923076925
2024-04-06 00:00:00+00:00,0.005510452827225129,0.33507853403141363
2024-04-07 00:00:00+00:00,0.004221451322751323,0.35978835978835977
2024-04-08 00:00:00+00:00,0.0033201791099476442,0.36649214659685864
2024-04-09 00:00:00+00:00,0.00336060920212766,0.30319148936170215
2024-04-10 00:00:00+00:00,0.0033908285082872927,0.2430939226519337
2024-04-11 00:00:00+00:00,0.0033039865730337082,0.23595505617977527
2024-04-12 00:00:00+00:00,0.0033012572625698328,0.11731843575418995
2024-04-13 00:00:00+00:00,0.0030036128491620112,0.061452513966480445
2024-04-14 00:00:00+00:00,0.0024181877528089892,0.10112359550561797
2024-04-15 00:00:00+00:00,0.0018500243428571433,0.12571428571428572
2024-04-16 00:00:00+00:00,0.001236552716763006,0.09248554913294797
2024-04-17 00:00:00+00:00,0.0008295744767441864,0.12209302325581395
2024-04-18 00:00:00+00:00,0.0004506572189349116,0.20118343195266272
2024-04-19 00:00:00+00:00,-7.081547619047248e-06,0.13095238095238096
2024-04-20 00:00:00+00:00,-0.00013753054545454513,0.17575757575757575
2024-04-21 00:00:00+00:00,0.00012515950617283982,0.19753086419753085
2024-04-22 00:00:00+00:00,-5.085521472392299e-06,0.20245398773006135
2024-04-23 00:00:00+00:00,-9.690693251533711e-05,0.147239263803681
2024-04-24 00:00:00+00:00,-8.105716049382685e-05,0.08024691358024691
2024-04-25 00:00:00+00:00,-9.303118012422327e-05,0.062111801242236024
2024-04-26 00:00:00+00:00,-0.00012731999999999972,0.07051282051282051
2024-04-27 00:00:00+00:00,-0.00020970329032258034,0.06451612903225806
2024-04-28 00:00:00+00:00,-0.00028042210526315757,0.07236842105263158
2024-04-29 00:00:00+00:00,-0.0003901749677419352,0.06451612903225806
2024-04-30 00:00:00+00:00,-0.00022844337662337623,0.045454545454545456
2024-05-01 00:00:00+00:00,-0.00023913276315789446,0.05263157894736842
2024-05-02 00:00:00+00:00,-8.129402684563731e-05,0.10738255033557047
2024-05-03 00:00:00+00:00,0.00011574213333333361,0.14666666666666667
2024-05-04 00:00:00+00:00,0.00027537369127516806,0.12751677852348994
2024-05-05 00:00:00+00:00,0.0004089539583333337,0.16666666666666666
2024-05-06 00:00:00+00:00,0.0005851181944444447,0.1388888888888889
2024-05-07 00:00:00+00:00,0.0007196902097902102,0.1258741258741259
2024-05-08 00:00:00+00:00,0.0009167036363636366,0.055944055944055944
2024-05-09 00:00:00+00:00,0.001016691102941177,0.14705882352941177
2024-05-10 00:00:00+00:00,0.0010596300740740746,0.14814814814814814
2024-05-11 00:00:00+00:00,0.0008265031617647063,0.1323529411764706
2024-05-12 00:00:00+00:00,0.0009860179699248124,0.2857142857142857
2024-05-13 00:00:00+00:00,0.000805368549618321,0.5648854961832062
2024-05-14 00:00:00+00:00,0.0007240119847328248,0.25190839694656486
2024-05-15 00:00:00+00:00,0.0005789167460317464,0.6111111111111112
2024-05-16 00:00:00+00:00,0.0005553150806451616,0.5887096774193549
2024-05-17 00:00:00+00:00,0.0005584925806451616,0.7661290322580645
2024-05-18 00:00:00+00:00,0.0006368921774193552,0.6854838709677419
2024-05-19 00:00:00+00:00,0.0006321906666666671,0.55
2024-05-20 00:00:00+00:00,0.0007921268067226895,0.5630252100840336
2024-05-21 00:00:00+00:00,0.0010353323333333337,0.6333333333333333
2024-05-22 00:00:00+00:00,0.0013611483471074387,0.4793388429752066
2024-05-23 00:00:00+00:00,0.0015607745528455287,0.45528455284552843
2024-05-24 00:00:00+00:00,0.001666952377049181,0.6147540983606558
2024-05-25 00:00:00+00:00,0.001793946585365854,0.6422764227642277
2024-05-26 00:00:00+00:00,0.0019945283739837404,0.6504065040650406
2024-05-27 00:00:00+00:00,0.002294948852459017,0.7540983606557377
2024-05-28 00:00:00+00:00,0.0024048508000000007,0.744
2024-05-29 00:00:00+00:00,0.002553371031746032,0.7222222222222222
2024-05-30 00:00:00+00:00,0.0025753030645161296,0.8467741935483871
2024-05-31 00:00:00+00:00,0.0025689050000000007,0.819672131147541
2024-06-01 00:00:00+00:00,0.0022893608130081307,0.7886178861788617
2024-06-02 00:00:00+00:00,0.0023858877868852464,0.5983606557377049
2024-06-03 00:00:00+00:00,0.002366056587301588,0.6349206349206349
2024-06-04 00:00:00+00:00,0.0022331938400000006,0.664
2024-06-05 00:00:00+00:00,0.0023622600787401578,0.7952755905511811
2024-06-06 00:00:00+00:00,0.0027085744881889767,0.8110236220472441
2024-06-07 00:00:00+00:00,0.0028352096875000005,0.609375
2024-06-08 00:00:00+00:00,0.00260099,0.3709677419354839
2024-06-09 00:00:00+00:00,0.0023620755645161295,0.532258064516129
2024-06-10 00:00:00+00:00,0.00225247185483871,0.4274193548387097
2024-06-11 00:00:00+00:00,0.0022429864800000004,0.32
2024-06-12 00:00:00+00:00,0.0020759746825396823,0.42857142857142855
2024-06-13 00:00:00+00:00,0.0018415844800000005,0.416
2024-06-14 00:00:00+00:00,0.001641711417322835,0.2283464566929134
2024-06-15 00:00:00+00:00,0.0016458713953488376,0.27906976744186046
2024-06-16 00:00:00+00:00,0.0016882262015503878,0.24806201550387597
2024-06-17 00:00:00+00:00,0.0016478283076923079,0.19230769230769232
2024-06-18 00:00:00+00:00,0.0013936817557251913,0.15267175572519084
2024-06-19 00:00:00+00:00,0.0011458341221374049,0.09923664122137404
2024-06-20 00:00:00+00:00,0.0009086779844961244,0.08527131782945736
2024-06-21 00:00:00+00:00,0.0008206809375000004,0.1015625
2024-06-22 00:00:00+00:00,0.0007866453174603178,0.1111111111111111
2024-06-23 00:00:00+00:00,0.0006852754400000002,0.056
2024-06-24 00:00:00+00:00,0.0006659653968253971,0.06349206349206349
2024-06-25 00:00:00+00:00,0.0008554083333333337,0.06349206349206349
2024-06-26 00:00:00+00:00,0.001011784796747968,0.04878048780487805
2024-06-27 00:00:00+00:00,0.0005092195121951222,0.07317073170731707
2024-06-28 00:00:00+00:00,0.0009313872649572653,0.06837606837606838
2024-06-29 00:00:00+00:00,0.0010556714912280706,0.05263157894736842
2024-06-30 00:00:00+00:00,0.001050272105263158,0.06140350877192982
2024-07-01 00:00:00+00:00,0.001013291315789474,0.05263157894736842
2024-07-02 00:00:00+00:00,0.0010231106250000004,0.07142857142857142
2024-07-03 00:00:00+00:00,0.000890625675675676,0.05405405405405406
2024-07-04 00:00:00+00:00,0.0007500324770642206,0.01834862385321101
2024-07-05 00:00:00+00:00,0.00015107036036036088,0.02702702702702703
2024-07-06 00:00:00+00:00,-0.00023715669724770603,0.045871559633027525
2024-07-07 00:00:00+00:00,-0.00045819588785046687,0.028037383177570093
2024-07-08 00:00:00+00:00,-0.0005967486792452828,0.04716981132075472
2024-07-09 00:00:00+00:00,-0.0008475298095238093,0.0380952380952381
2024-07-10 00:00:00+00:00,-0.0007889842307692304,0.057692307692307696
2024-07-11 00:00:00+00:00,-0.0009616903883495142,0.06796116504854369
2024-07-12 00:00:00+00:00,-0.0006460642156862742,0.049019607843137254
2024-07-13 00:00:00+00:00,-0.001613227403846154,0.10576923076923077
2024-07-14 00:00:00+00:00,-0.0014023179047619042,0.12380952380952381
2024-07-15 00:00:00+00:00,-0.0008107896226415091,0.1792452830188679
2024-07-16 00:00:00+00:00,-0.00012517809523809493,0.19047619047619047
2024-07-17 00:00:00+00:00,5.373788461538496e-05,0.27884615384615385
2024-07-18 00:00:00+00:00,0.0004848500961538465,0.49038461538461536
2024-07-19 00:00:00+00:00,0.0007345248076923081,0.49038461538461536
2024-07-20 00:00:00+00:00,0.0007899994285714289,0.5714285714285714
2024-07-21 00:00:00+00:00,0.000943781682242991,0.616822429906542
2024-07-22 00:00:00+00:00,0.0010989676635514024,0.514018691588785
2024-07-23 00:00:00+00:00,0.001119483302752294,0.5229357798165137
2024-07-24 00:00:00+00:00,0.0011129514018691593,0.4205607476635514
2024-07-25 00:00:00+00:00,0.0010553671962616827,0.2897196261682243
2024-07-26 00:00:00+00:00,0.000954465094339623,0.44339622641509435
2024-07-27 00:00:00+00:00,0.0008910927619047623,0.4
2024-07-28 00:00:00+00:00,0.0009472705660377362,0.42452830188679247
2024-07-29 00:00:00+00:00,0.0009138865094339625,0.4716981132075472
2024-07-30 00:00:00+00:00,0.0009281180769230774,0.3076923076923077
2024-07-31 00:00:00+00:00,0.0009628241346153851,0.25
2024-08-01 00:00:00+00:00,0.0008960725714285718,0.20952380952380953
2024-08-02 00:00:00+00:00,0.000834135384615385,0.22115384615384615
2024-08-03 00:00:00+00:00,0.0006965624271844663,0.3592233009708738
2024-08-04 00:00:00+00:00,0.00040672900990099044,0.27722772277227725
2024-08-05 00:00:00+00:00,-6.816147058823497e-05,0.09803921568627451
2024-08-06 00:00:00+00:00,-0.0005529560784313721,0.20588235294117646
2024-08-07 00:00:00+00:00,-0.000828536336633663,0.13861386138613863
2024-08-08 00:00:00+00:00,-0.0019166050980392152,0.29411764705882354
2024-08-09 00:00:00+00:00,-0.0016055055769230767,0.22115384615384615
2024-08-10 00:00:00+00:00,-0.0013968782857142854,0.29523809523809524
2024-08-11 00:00:00+00:00,-0.001051025714285714,0.18095238095238095
2024-08-12 00:00:00+00:00,-0.0005811396226415091,0.22641509433962265
2024-08-13 00:00:00+00:00,-0.0002150918691588782,0.17757009345794392
2024-08-14 00:00:00+00:00,-0.0007481366666666664,0.12962962962962962
2024-08-15 00:00:00+00:00,-0.0006280011818181815,0.09090909090909091
2024-08-16 00:00:00+00:00,-0.0008979509090909088,0.09090909090909091
2024-08-17 00:00:00+00:00,-0.0002455455045871557,0.11009174311926606
2024-08-18 00:00:00+00:00,-0.0001944766666666663,0.0990990990990991
2024-08-19 00:00:00+00:00,-0.00023587054054054023,0.10810810810810811
2024-08-20 00:00:00+00:00,-0.000292531351351351,0.09009009009009009
2024-08-21 00:00:00+00:00,-0.0003075968749999997,0.10714285714285714
2024-08-22 00:00:00+00:00,-0.0003624379279279275,0.15315315315315314
2024-08-23 00:00:00+00:00,-9.249837837837802e-05,0.25225225225225223
2024-08-24 00:00:00+00:00,-0.0002194951351351347,0.3783783783783784
2024-08-25 00:00:00+00:00,5.7318392857143175e-05,0.19642857142857142
2024-08-26 00:00:00+00:00,0.00026895315315315373,0.12612612612612611
2024-08-27 00:00:00+00:00,0.00046826359649122833,0.09649122807017543
2024-08-28 00:00:00+00:00,0.00047703072072072115,0.07207207207207207
2024-08-29 00:00:00+00:00,0.0002778442727272731,0.08181818181818182
2024-08-30 00:00:00+00:00,1.0233333333333661e-05,0.10185185185185185
2024-08-31 00:00:00+00:00,-9.685264150943363e-05,0.08490566037735849
2024-09-01 00:00:00+00:00,-0.00017979233009708708,0.10679611650485436
2024-09-02 00:00:00+00:00,-0.00044157139999999957,0.28
2024-09-03 00:00:00+00:00,-0.0004709916326530608,0.32653061224489793
2024-09-04 00:00:00+00:00,-0.00013883821052631536,0.7368421052631579
2024-09-05 00:00:00+00:00,0.00018658574468085142,0.40425531914893614
2024-09-06 00:00:00+00:00,0.00044252755319148975,0.4148936170212766
2024-09-07 00:00:00+00:00,0.00039458709677419397,0.21505376344086022
2024-09-08 00:00:00+00:00,0.0004429026881720434,0.27956989247311825
2024-09-09 00:00:00+00:00,0.00034481663043478295,0.358695652173913
2024-09-10 00:00:00+00:00,0.0004348276086956526,0.6521739130434783
2024-09-11 00:00:00+00:00,0.00033071677419354884,0.3118279569892473
2024-09-12 00:00:00+00:00,-1.1883846153845729e-05,0.38461538461538464
2024-09-13 00:00:00+00:00,-0.00037434455555555526,0.6222222222222222
2024-09-14 00:00:00+00:00,-0.00042718303370786493,0.7191011235955056
2024-09-15 00:00:00+00:00,-0.00045645818181818125,0.5909090909090909
2024-09-16 00:00:00+00:00,-0.000626579431818181,0.42045454545454547
2024-09-17 00:00:00+00:00,-0.0008630482022471904,0.5842696629213483
2024-09-18 00:00:00+00:00,-0.0008889971590909086,0.6022727272727273
2024-09-19 00:00:00+00:00,-0.0005636640909090904,0.7159090909090909
2024-09-20 00:00:00+00:00,-8.356850574712603e-05,0.6551724137931034
2024-09-21 00:00:00+00:00,0.00013713363636363673,0.6818181818181818
2024-09-22 00:00:00+00:00,0.0003020205747126441,0.2988505747126437
2024-09-23 00:00:00+00:00,0.0003408720689655178,0.39080459770114945
2024-09-24 00:00:00+00:00,0.0005721656818181822,0.5681818181818182
2024-09-25 00:00:00+00:00,0.0006992920454545461,0.6931818181818182
2024-09-26 00:00:00+00:00,0.0006752881818181824,0.9431818181818182
2024-09-27 00:00:00+00:00,0.0004750551111111117,0.9666666666666667
2024-09-28 00:00:00+00:00,0.0005765633695652178,0.967391304347826
2024-09-29 00:00:00+00:00,0.0007605876842105268,0.968421052631579
2024-09-30 00:00:00+00:00,0.00090470852631579,0.9473684210526315
2024-10-01 00:00:00+00:00,0.0008965109278350521,0.8969072164948454
2024-10-02 00:00:00+00:00,0.0007061860204081636,0.7142857142857143
2024-10-03 00:00:00+00:00,0.0005765719000000004,0.84
2024-10-04 00:00:00+00:00,0.00011786141414141448,0.8585858585858586
2024-10-05 00:00:00+00:00,-0.00017528178217821736,0.900990099009901
2024-10-06 00:00:00+00:00,-0.00030388217821782136,0.9306930693069307
2024-10-07 00:00:00+00:00,-0.0003231770873786404,0.9320388349514563
2024-10-08 00:00:00+00:00,-0.0002153678095238092,0.8857142857142857
2024-10-09 00:00:00+00:00,6.745518867924562e-05,0.6792452830188679
2024-10-10 00:00:00+00:00,0.00025472352380952423,0.6095238095238096
2024-10-11 00:00:00+00:00,0.0006861466981132079,0.8207547169811321
2024-10-12 00:00:00+00:00,0.0008860941346153851,0.8173076923076923
2024-10-13 00:00:00+00:00,0.00065249046728972,0.7102803738317757
2024-10-14 00:00:00+00:00,7.72249541284407e-05,0.8807339449541285
2024-10-15 00:00:00+00:00,-0.00013126908256880685,0.9174311926605505
2024-10-16 00:00:00+00:00,-0.00027023236363636334,0.8727272727272727
2024-10-17 00:00:00+00:00,-5.740333333333301e-05,0.8148148148148148
2024-10-18 00:00:00+00:00,0.00011979915887850512,0.8037383177570093
2024-10-19 00:00:00+00:00,0.0001623654128440373,0.7706422018348624
2024-10-20 00:00:00+00:00,0.0001931198181818187,0.8181818181818182
2024-10-21 00:00:00+00:00,0.0006632658558558564,0.6396396396396397
2024-10-22 00:00:00+00:00,0.0010302977678571434,0.7142857142857143
2024-10-23 00:00:00+00:00,0.0012919518750000006,0.5178571428571429
2024-10-24 00:00:00+00:00,0.0011054951785714293,0.4732142857142857
2024-10-25 00:00:00+00:00,0.0011420384070796464,0.3274336283185841
2024-10-26 00:00:00+00:00,0.0009931893859649126,0.23684210526315788
2024-10-27 00:00:00+00:00,0.0010577375892857146,0.24107142857142858
2024-10-28 00:00:00+00:00,0.0007693231818181822,0.3181818181818182
2024-10-29 00:00:00+00:00,0.0007728994495412847,0.3119266055045872
2024-10-30 00:00:00+00:00,0.0008875405714285718,0.4095238095238095
2024-10-31 00:00:00+00:00,0.0009566112500000004,0.47115384615384615
2024-11-01 00:00:00+00:00,0.0009217266346153852,0.5
2024-11-02 00:00:00+00:00,0.0012188061904761906,0.5047619047619047
2024-11-03 00:00:00+00:00,0.0012925662264150948,0.3113207547169811
2024-11-04 00:00:00+00:00,0.0012993128301886795,0.2358490566037736
2024-11-05 00:00:00+00:00,0.0012521350000000004,0.26851851851851855
2024-11-06 00:00:00+00:00,0.0010192992592592597,0.6481481481481481
2024-11-07 00:00:00+00:00,0.0009775472477064223,0.6880733944954128
2024-11-08 00:00:00+00:00,0.0010513484684684688,0.7657657657657657
2024-11-09 00:00:00+00:00,0.0012209873873873876,0.8468468468468469
2024-11-10 00:00:00+00:00,0.001957017477477478,0.8108108108108109
2024-11-11 00:00:00+00:00,0.0025831728205128208,0.8717948717948718
2024-11-12 00:00:00+00:00,0.003474333418803419,0.7606837606837606
2024-11-13 00:00:00+00:00,0.003474703949579832,0.6470588235294118
2024-11-14 00:00:00+00:00,0.003974846885245902,0.6229508196721312
2024-11-15 00:00:00+00:00,0.0041181458196721315,0.7213114754098361
2024-11-16 00:00:00+00:00,0.004358134516129033,0.8225806451612904
2024-11-17 00:00:00+00:00,0.00403785109375,0.703125
2024-11-18 00:00:00+00:00,0.004207151755725191,0.8015267175572519
2024-11-19 00:00:00+00:00,0.003908184885496184,0.6412213740458015
2024-11-20 00:00:00+00:00,0.003888106641221375,0.6030534351145038
2024-11-21 00:00:00+00:00,0.003742276717557252,0.7480916030534351
2024-11-22 00:00:00+00:00,0.004140431127819549,0.849624060150376
2024-11-23 00:00:00+00:00,0.004655836518518519,0.8666666666666667
2024-11-24 00:00:00+00:00,0.004784983071428572,0.9714285714285714
2024-11-25 00:00:00+00:00,0.004683666148648649,0.9459459459459459
2024-11-26 00:00:00+00:00,0.0043713909868421065,0.8947368421052632
2024-11-27 00:00:00+00:00,0.004427961907894737,0.9407894736842105
2024-11-28 00:00:00+00:00,0.0046772509740259744,0.922077922077922
2024-11-29 00:00:00+00:00,0.004689541935483871,0.9548387096774194
2024-11-30 00:00:00+00:00,0.004420217735849057,0.9685534591194969
2024-12-01 00:00:00+00:00,0.004331321768292683,0.975609756097561
2024-12-02 00:00:00+00:00,0.0045861437869822485,0.9763313609467456
2024-12-03 00:00:00+00:00,0.005316796,0.9944444444444445
2024-12-04 00:00:00+00:00,0.006272745828877004,1.0
2024-12-05 00:00:00+00:00,0.007280409948186528,1.0
2024-12-06 00:00:00+00:00,0.007987329639175257,0.9639175257731959
2024-12-07 00:00:00+00:00,0.00794205228426396,0.9746192893401016
2024-12-08 00:00:00+00:00,0.008526479086294416,0.9796954314720813
2024-12-09 00:00:00+00:00,0.00816521112195122,0.8682926829268293
2024-12-10 00:00:00+00:00,0.007307139095238095,0.8523809523809524
2024-12-11 00:00:00+00:00,0.006054571650485437,0.8495145631067961
2024-12-12 00:00:00+00:00,0.0051939357352941175,0.9166666666666666
2024-12-13 00:00:00+00:00,0.0041682125,0.91
2024-12-14 00:00:00+00:00,0.0031008102525252527,0.9242424242424242
2024-12-15 00:00:00+00:00,0.001985050918367347,0.8928571428571429
2024-12-16 00:00:00+00:00,0.0015044429292929296,0.8636363636363636
2024-12-17 00:00:00+00:00,0.0015251857070707074,0.8181818181818182
2024-12-18 00:00:00+00:00,0.0015285464467005077,0.6548223350253807
2024-12-19 00:00:00+00:00,0.001414798663366337,0.5346534653465347
2024-12-20 00:00:00+00:00,0.0012028223671497586,0.7053140096618358
2024-12-21 00:00:00+00:00,0.0010413450970873789,0.48058252427184467
2024-12-22 00:00:00+00:00,0.0007272713106796118,0.3786407766990291
2024-12-23 00:00:00+00:00,0.0003950776381909551,0.35678391959798994
2024-12-24 00:00:00+00:00,0.00017341634020618565,0.32989690721649484
2024-12-25 00:00:00+00:00,-0.00011085797872340409,0.35106382978723405
2024-12-26 00:00:00+00:00,-0.0007148960989010988,0.2967032967032967
2024-12-27 00:00:00+00:00,-0.0010753343888888886,0.26666666666666666
2024-12-28 00:00:00+00:00,-0.001276886815642458,0.25139664804469275
2024-12-29 00:00:00+00:00,-0.001217144457142857,0.22857142857142856
2024-12-30 00:00:00+00:00,-0.0012887053672316383,0.192090395480226
2024-12-31 00:00:00+00:00,-0.0017293847976878607,0.15606936416184972
