kind,symbol,tf,arch,params,case,cost,bh_sharpe,bh_max_dd,cagr,sharpe,sortino,max_dd,trades,win_rate,profit_factor,payoff,expectancy,skew,avg_bars,exposure,trades_per_year,top5_trade_share,positive_years
perp,BTCUSDT,4h,C1_control,"{""n"": 20}",opt,0.000505,1.119632785713717,-0.7708301064203099,0.058744004824383245,0.3371379045522676,0.5405114060004893,-0.7332147558800002,196,0.4030612244897959,1.2474535631994066,1.8474945176497544,0.004268402510052914,1.6895333635806546,18.6734693877551,0.33388067870826493,39.157088122605366,0.2733465737134285,0.8
perp,BTCUSDT,4h,C1_control,"{""n"": 20}",real,0.000705,1.119632785713717,-0.7708301064203099,0.04228131284786274,0.2957036960804809,0.4723481161743138,-0.7359241920854979,196,0.4030612244897959,1.2474535631994066,1.8474945176497544,0.004268402510052915,1.6895333635806546,18.6734693877551,0.33388067870826493,39.157088122605366,0.2733465737134285,0.8
perp,BTCUSDT,4h,C1_control,"{""n"": 20}",stress,0.000905,1.119632785713717,-0.7708301064203099,0.026074586317752946,0.2543816918080883,0.4048619413481542,-0.7386061376374928,196,0.4030612244897959,1.2474535631994066,1.8474945176497544,0.004268402510052915,1.6895333635806549,18.6734693877551,0.33388067870826493,39.157088122605366,0.2733465737134286,0.8
perp,BTCUSDT,4h,D1_compression_breakout,"{""n"": 20, ""pct"": 0.1}",opt,0.000505,1.119632785713717,-0.7708301064203099,0.07124262837921536,0.45652220272813016,0.9259792058739723,-0.25473107631946956,62,0.4032258064516129,1.6988067545046257,2.5142339966668463,0.007823645189694283,2.7083662604126646,14.983870967741936,0.08474730888523992,12.386425834701697,0.6397980266948862,0.6
perp,BTCUSDT,4h,D1_compression_breakout,"{""n"": 20, ""pct"": 0.1}",real,0.000705,1.119632785713717,-0.7708301064203099,0.06596908979968674,0.43007041311473443,0.8664943084571962,-0.2603763170005464,62,0.4032258064516129,1.6988067545046255,2.5142339966668454,0.007823645189694285,2.708366260412666,14.983870967741936,0.08474730888523992,12.386425834701697,0.6397980266948864,0.6
perp,BTCUSDT,4h,D1_compression_breakout,"{""n"": 20, ""pct"": 0.1}",stress,0.000905,1.119632785713717,-0.7708301064203099,0.06072151645562185,0.4036529598708849,0.8078638859643307,-0.2659788010837615,62,0.4032258064516129,1.698806754504625,2.514233996666845,0.007823645189694285,2.708366260412665,14.983870967741936,0.08474730888523992,12.386425834701697,0.6397980266948864,0.6
perp,BTCUSDT,4h,D2_compression_volume,"{""n"": 20, ""pct"": 0.1}",opt,0.000505,1.119632785713717,-0.7708301064203099,0.03193087922727589,0.28749019105543333,0.638526357925576,-0.26317363932336146,41,0.3902439024390244,1.6395402984732665,2.5617817163644787,0.006023748798465194,3.6423002110476306,14.902439024390244,0.05573800401386608,8.191023535851121,0.8723748961202452,0.4
perp,BTCUSDT,4h,D2_compression_volume,"{""n"": 20, ""pct"": 0.1}",real,0.000705,1.119632785713717,-0.7708301064203099,0.028565148520014905,0.2645216455705262,0.582710683171564,-0.27228787165481205,41,0.3902439024390244,1.6395402984732665,2.5617817163644787,0.006023748798465196,3.64230021104763,14.902439024390244,0.05573800401386608,8.191023535851121,0.8723748961202454,0.4
perp,BTCUSDT,4h,D2_compression_volume,"{""n"": 20, ""pct"": 0.1}",stress,0.000905,1.119632785713717,-0.7708301064203099,0.025210396876706342,0.24158872793768424,0.5278740390517608,-0.2812893811471231,41,0.3902439024390244,1.6395402984732665,2.5617817163644787,0.006023748798465196,3.6423002110476306,14.902439024390244,0.05573800401386608,8.191023535851121,0.8723748961202454,0.4
perp,BTCUSDT,4h,D1_compression_breakout,"{""n"": 20, ""pct"": 0.2}",opt,0.000505,1.119632785713717,-0.7708301064203099,0.2914450244545004,1.1616241776059752,2.4940132445773266,-0.23374830377805078,92,0.44565217391304346,2.5333591718450283,3.15125165278284,0.0168805742321683,2.170284436869766,17.967391304347824,0.15079365079365079,18.379857690202517,0.40351184030063153,1.0
perp,BTCUSDT,4h,D1_compression_breakout,"{""n"": 20, ""pct"": 0.2}",real,0.000705,1.119632785713717,-0.7708301064203099,0.2820604320187532,1.1311966549099377,2.4129374058099184,-0.23803379345577036,92,0.44565217391304346,2.5333591718450283,3.15125165278284,0.0168805742321683,2.170284436869765,17.967391304347824,0.15079365079365079,18.379857690202517,0.40351184030063153,1.0
perp,BTCUSDT,4h,D1_compression_breakout,"{""n"": 20, ""pct"": 0.2}",stress,0.000905,1.119632785713717,-0.7708301064203099,0.27274405535371704,1.1007943985459527,2.3329519871776543,-0.2422953212601875,92,0.44565217391304346,2.5333591718450283,3.15125165278284,0.0168805742321683,2.170284436869766,17.967391304347824,0.15079365079365079,18.379857690202517,0.4035118403006315,1.0
perp,BTCUSDT,4h,D2_compression_volume,"{""n"": 20, ""pct"": 0.2}",opt,0.000505,1.119632785713717,-0.7708301064203099,0.16771450490104023,0.8166337718817827,1.8065867073951996,-0.18089299730655184,74,0.40540540540540543,2.1638670188641576,3.1736716276674306,0.013441883672352842,2.5515688219395387,16.58108108108108,0.11193212917350849,14.783798576902024,0.5598415655805437,0.6
perp,BTCUSDT,4h,D2_compression_volume,"{""n"": 20, ""pct"": 0.2}",real,0.000705,1.119632785713717,-0.7708301064203099,0.16087725867322833,0.7892039576470872,1.7338881298188455,-0.18353013094488224,74,0.40540540540540543,2.1638670188641576,3.1736716276674306,0.013441883672352838,2.5515688219395387,16.58108108108108,0.11193212917350849,14.783798576902024,0.5598415655805437,0.6
perp,BTCUSDT,4h,D2_compression_volume,"{""n"": 20, ""pct"": 0.2}",stress,0.000905,1.119632785713717,-0.7708301064203099,0.15408005785099022,0.7618032630923192,1.6622388440763627,-0.18615878337843983,74,0.40540540540540543,2.1638670188641576,3.1736716276674306,0.013441883672352838,2.5515688219395387,16.58108108108108,0.11193212917350849,14.783798576902024,0.5598415655805437,0.6
perp,BTCUSDT,4h,D1_compression_breakout,"{""n"": 20, ""pct"": 0.3}",opt,0.000505,1.119632785713717,-0.7708301064203099,0.23292492769160345,0.9167071160011917,1.802736113721076,-0.302599213481374,111,0.44144144144144143,1.9317583486011087,2.4442656655769133,0.01222866620590035,2.1110909673817964,17.81981981981982,0.18044152526911147,22.175697865353037,0.3679024021721796,0.8
perp,BTCUSDT,4h,D1_compression_breakout,"{""n"": 20, ""pct"": 0.3}",real,0.000705,1.119632785713717,-0.7708301064203099,0.22210764368801938,0.882885673591865,1.7264335836789895,-0.3064996340436972,111,0.44144144144144143,1.9317583486011087,2.4442656655769133,0.01222866620590035,2.111090967381796,17.81981981981982,0.18044152526911147,22.175697865353037,0.3679024021721795,0.8
perp,BTCUSDT,4h,D1_compression_breakout,"{""n"": 20, ""pct"": 0.3}",stress,0.000905,1.119632785713717,-0.7708301064203099,0.21138528497308107,0.8491228142724728,1.6511038179647115,-0.3103782458069404,111,0.44144144144144143,1.9317583486011087,2.4442656655769133,0.01222866620590035,2.111090967381796,17.81981981981982,0.18044152526911147,22.175697865353037,0.3679024021721795,0.8
perp,BTCUSDT,4h,D2_compression_volume,"{""n"": 20, ""pct"": 0.3}",opt,0.000505,1.119632785713717,-0.7708301064203099,0.19388711493077437,0.85056336067402,1.773152090346028,-0.24491951750859775,89,0.4606741573033708,2.0487953698746306,2.398589701316641,0.012774081105724078,2.4523422486880064,18.168539325842698,0.1475095785440613,17.780514504652434,0.46618328682143545,0.8
perp,BTCUSDT,4h,D2_compression_volume,"{""n"": 20, ""pct"": 0.3}",real,0.000705,1.119632785713717,-0.7708301064203099,0.1854749321604796,0.8206919225885511,1.700538134232554,-0.24796714303635115,89,0.4606741573033708,2.0487953698746306,2.398589701316641,0.012774081105724078,2.4523422486880064,18.168539325842698,0.1475095785440613,17.780514504652434,0.46618328682143545,0.8
perp,BTCUSDT,4h,D2_compression_volume,"{""n"": 20, ""pct"": 0.3}",stress,0.000905,1.119632785713717,-0.7708301064203099,0.17712203303208796,0.7908661106902698,1.6288895989156722,-0.25100248257942126,89,0.4606741573033708,2.0487953698746306,2.398589701316641,0.012774081105724078,2.452342248688006,18.168539325842698,0.1475095785440613,17.780514504652434,0.4661832868214355,0.8
perp,BTCUSDT,4h,C1_control,"{""n"": 50}",opt,0.000505,1.119632785713717,-0.7708301064203099,0.02763020771425162,0.23180917063145082,0.3811976070774219,-0.41103436574781893,94,0.3617021276595745,1.2360552408246515,2.1812739543964437,0.004125977497062944,2.0069846424191176,17.72340425531915,0.15197956577266922,18.77941981390257,0.4343163420816088,0.6
perp,BTCUSDT,4h,C1_control,"{""n"": 50}",real,0.000705,1.119632785713717,-0.7708301064203099,0.019913862236161206,0.20122551737394914,0.3295090988967132,-0.4196726699398914,94,0.3617021276595745,1.2360552408246515,2.1812739543964437,0.004125977497062943,2.0069846424191176,17.72340425531915,0.15197956577266922,18.77941981390257,0.43431634208160874,0.6
perp,BTCUSDT,4h,C1_control,"{""n"": 50}",stress,0.000905,1.119632785713717,-0.7708301064203099,0.012255441283173019,0.17072402707564513,0.2783916317953587,-0.42818434642126235,94,0.3617021276595745,1.2360552408246515,2.1812739543964437,0.004125977497062945,2.0069846424191184,17.72340425531915,0.15197956577266922,18.77941981390257,0.4343163420816088,0.6
perp,BTCUSDT,4h,D1_compression_breakout,"{""n"": 50, ""pct"": 0.1}",opt,0.000505,1.119632785713717,-0.7708301064203099,0.04562297111553226,0.37853584941887525,0.8483005865265673,-0.1947167924651565,23,0.34782608695652173,1.8847237796955403,3.5338570869291384,0.01298254735209524,2.3538867768000165,14.73913043478261,0.030925013683634373,4.594964422550629,0.9239595254735768,0.6
perp,BTCUSDT,4h,D1_compression_breakout,"{""n"": 50, ""pct"": 0.1}",real,0.000705,1.119632785713717,-0.7708301064203099,0.043705468764464905,0.36570010197881847,0.8149624246828479,-0.19724744819822604,23,0.34782608695652173,1.8847237796955407,3.533857086929139,0.012982547352095248,2.3538867768000165,14.73913043478261,0.030925013683634373,4.594964422550629,0.9239595254735766,0.6
perp,BTCUSDT,4h,D1_compression_breakout,"{""n"": 50, ""pct"": 0.1}",stress,0.000905,1.119632785713717,-0.7708301064203099,0.04179148170082936,0.35286831183334805,0.7819965421204488,-0.19977014059087284,23,0.34782608695652173,1.8847237796955403,3.5338570869291384,0.012982547352095242,2.3538867768000173,14.73913043478261,0.030925013683634373,4.594964422550629,0.9239595254735768,0.6
perp,BTCUSDT,4h,D2_compression_volume,"{""n"": 50, ""pct"": 0.1}",opt,0.000505,1.119632785713717,-0.7708301064203099,0.06027231740390393,0.5112342235219894,1.381461377397707,-0.1548883812547731,19,0.42105263157894735,2.6623104665098816,3.660676891451087,0.01912919539741405,2.2755902517923814,17.42105263157895,0.030195219850392266,3.79584017515052,0.9711970278134773,0.4
perp,BTCUSDT,4h,D2_compression_volume,"{""n"": 50, ""pct"": 0.1}",real,0.000705,1.119632785713717,-0.7708301064203099,0.05867014924192482,0.4996043576771609,1.3414503526417094,-0.1577821316229887,19,0.42105263157894735,2.6623104665098825,3.6606768914510885,0.019129195397414055,2.275590251792382,17.42105263157895,0.030195219850392266,3.79584017515052,0.9711970278134773,0.4
perp,BTCUSDT,4h,D2_compression_volume,"{""n"": 50, ""pct"": 0.1}",stress,0.000905,1.119632785713717,-0.7708301064203099,0.057070402712599666,0.487967676601888,1.301890629293937,-0.160666018218092,19,0.42105263157894735,2.662310466509882,3.6606768914510877,0.01912919539741405,2.2755902517923814,17.42105263157895,0.030195219850392266,3.79584017515052,0.9711970278134773,0.4
perp,BTCUSDT,4h,D1_compression_breakout,"{""n"": 50, ""pct"": 0.2}",opt,0.000505,1.119632785713717,-0.7708301064203099,0.1308389933347427,0.742752771097466,1.6932240659959825,-0.20631350697148498,46,0.34782608695652173,2.2814963469607257,4.27780565055136,0.016887805839070787,2.40329609828891,15.173913043478262,0.06367451195037402,9.189928845101258,0.695183890747783,0.8
perp,BTCUSDT,4h,D1_compression_breakout,"{""n"": 50, ""pct"": 0.2}",real,0.000705,1.119632785713717,-0.7708301064203099,0.1267175856899041,0.7231498428941285,1.637674127011878,-0.2094421848041892,46,0.34782608695652173,2.2814963469607252,4.27780565055136,0.01688780583907079,2.40329609828891,15.173913043478262,0.06367451195037402,9.189928845101258,0.6951838907477831,0.8
perp,BTCUSDT,4h,D1_compression_breakout,"{""n"": 50, ""pct"": 0.2}",stress,0.000905,1.119632785713717,-0.7708301064203099,0.12261120467313602,0.7035523162727457,1.5828525527791537,-0.21255851999120834,46,0.34782608695652173,2.2814963469607252,4.27780565055136,0.016887805839070787,2.4032960982889096,15.173913043478262,0.06367451195037402,9.189928845101258,0.695183890747783,0.8
perp,BTCUSDT,4h,D2_compression_volume,"{""n"": 50, ""pct"": 0.2}",opt,0.000505,1.119632785713717,-0.7708301064203099,0.1720611469065314,0.9177172109115699,2.1841657792228655,-0.23309890993527527,43,0.4186046511627907,2.8768319475565174,3.99559992716183,0.022188879070180374,2.178065915829036,17.13953488372093,0.0672322568874293,8.590585659551177,0.6791035539463683,0.6
perp,BTCUSDT,4h,D2_compression_volume,"{""n"": 50, ""pct"": 0.2}",real,0.000705,1.119632785713717,-0.7708301064203099,0.16808079330162484,0.8996267949613178,2.127678556903984,-0.23587799880802496,43,0.4186046511627907,2.8768319475565174,3.99559992716183,0.022188879070180377,2.178065915829036,17.13953488372093,0.0672322568874293,8.590585659551177,0.6791035539463685,0.6
perp,BTCUSDT,4h,D2_compression_volume,"{""n"": 50, ""pct"": 0.2}",stress,0.000905,1.119632785713717,-0.7708301064203099,0.164113967817199,0.8815430737013642,2.0718922282740646,-0.23864702716628938,43,0.4186046511627907,2.8768319475565174,3.99559992716183,0.022188879070180374,2.178065915829036,17.13953488372093,0.0672322568874293,8.590585659551177,0.6791035539463685,0.6
perp,BTCUSDT,4h,D1_compression_breakout,"{""n"": 50, ""pct"": 0.3}",opt,0.000505,1.119632785713717,-0.7708301064203099,0.06180185624842571,0.3965302257733103,0.7846427701751205,-0.32784844376611644,59,0.3220338983050847,1.5042183260778903,3.166775423321875,0.008207508130660162,2.583943926530918,15.576271186440678,0.08383506659368728,11.787082649151614,0.6655452396608382,0.6
perp,BTCUSDT,4h,D1_compression_breakout,"{""n"": 50, ""pct"": 0.3}",real,0.000705,1.119632785713717,-0.7708301064203099,0.056820288584641165,0.3727997709816616,0.7333643696570471,-0.3324006699129082,59,0.3220338983050847,1.5042183260778903,3.166775423321875,0.008207508130660162,2.583943926530918,15.576271186440678,0.08383506659368728,11.787082649151614,0.6655452396608383,0.6
perp,BTCUSDT,4h,D1_compression_breakout,"{""n"": 50, ""pct"": 0.3}",stress,0.000905,1.119632785713717,-0.7708301064203099,0.05186209206544534,0.34910801271766656,0.6827612616224442,-0.3369220710405204,59,0.3220338983050847,1.5042183260778903,3.166775423321875,0.008207508130660162,2.5839439265309183,15.576271186440678,0.08383506659368728,11.787082649151614,0.6655452396608385,0.6
perp,BTCUSDT,4h,D2_compression_volume,"{""n"": 50, ""pct"": 0.3}",opt,0.000505,1.119632785713717,-0.7708301064203099,0.16846032489210394,0.8492664859016855,1.8128673205558565,-0.2930446898816548,55,0.41818181818181815,2.4327500368560395,3.3846957034518814,0.01744790404736017,2.3803970695944017,18.654545454545456,0.09359605911330049,10.987958401751504,0.6095311631047832,0.6
perp,BTCUSDT,4h,D2_compression_volume,"{""n"": 50, ""pct"": 0.3}",real,0.000705,1.119632785713717,-0.7708301064203099,0.16337035378806375,0.8277180270270823,1.7569320086866722,-0.29618363958708604,55,0.41818181818181815,2.4327500368560395,3.3846957034518814,0.017447904047360175,2.3803970695944012,18.654545454545456,0.09359605911330049,10.987958401751504,0.6095311631047833,0.6
perp,BTCUSDT,4h,D2_compression_volume,"{""n"": 50, ""pct"": 0.3}",stress,0.000905,1.119632785713717,-0.7708301064203099,0.15830256308917612,0.8061945553632237,1.701671318135151,-0.29930866748126816,55,0.41818181818181815,2.4327500368560395,3.384695703451881,0.01744790404736017,2.380397069594402,18.654545454545456,0.09359605911330049,10.987958401751504,0.6095311631047834,0.6
perp,BTCUSDT,1D,C1_control,"{""n"": 20}",opt,0.000505,1.1193488903623787,-0.7666956183209539,0.12300386198924063,0.48837839605358574,0.8112136978607605,-0.3947465699174999,35,0.42857142857142855,1.7122425220394522,2.282990029385936,0.028429743259821005,1.4099579511870524,18.571428571428573,0.35577449370552816,6.992337164750958,0.6626653491213355,0.4
perp,BTCUSDT,1D,C1_control,"{""n"": 20}",real,0.000705,1.1193488903623787,-0.7666956183209539,0.1198565687836537,0.4810171021898576,0.7981482282883215,-0.4004674991819761,35,0.42857142857142855,1.7122425220394528,2.282990029385937,0.02842974325982101,1.4099579511870526,18.571428571428573,0.35577449370552816,6.992337164750958,0.6626653491213355,0.4
perp,BTCUSDT,1D,C1_control,"{""n"": 20}",stress,0.000905,1.1193488903623787,-0.7666956183209539,0.11671808207249224,0.47366074405745867,0.785117104918646,-0.40613441179477283,35,0.42857142857142855,1.7122425220394522,2.282990029385936,0.028429743259821005,1.4099579511870524,18.571428571428573,0.35577449370552816,6.992337164750958,0.6626653491213355,0.4
perp,BTCUSDT,1D,D1_compression_breakout,"{""n"": 20, ""pct"": 0.1}",opt,0.000505,1.1193488903623787,-0.7666956183209539,-0.014937754855669283,0.007021514733979125,0.010647549484516928,-0.27954703272791503,9,0.3333333333333333,0.9669753533094341,1.9339507066188681,-0.0014838903538311574,0.9055054554216917,17.77777777777778,0.08757525998905309,1.7980295566502462,0.840584602728248,0.2
perp,BTCUSDT,1D,D1_compression_breakout,"{""n"": 20, ""pct"": 0.1}",real,0.000705,1.1193488903623787,-0.7666956183209539,-0.015635194297017208,0.003193075333134995,0.004837020918686792,-0.2804342345048747,9,0.3333333333333333,0.966975353309434,1.933950706618868,-0.0014838903538311613,0.905505455421692,17.77777777777778,0.08757525998905309,1.7980295566502462,0.840584602728248,0.2
perp,BTCUSDT,1D,D1_compression_breakout,"{""n"": 20, ""pct"": 0.1}",stress,0.000905,1.1193488903623787,-0.7666956183209539,-0.01633213703501535,-0.000631929263672465,-0.0009562860506186531,-0.2813203539741269,9,0.3333333333333333,0.9669753533094338,1.933950706618868,-0.0014838903538311604,0.9055054554216915,17.77777777777778,0.08757525998905309,1.7980295566502462,0.840584602728248,0.2
perp,BTCUSDT,1D,D2_compression_volume,"{""n"": 20, ""pct"": 0.1}",opt,0.000505,1.1193488903623787,-0.7666956183209539,0.007377336312685445,0.12702714355181582,0.18677269103200256,-0.16295752902704363,3,0.3333333333333333,1.6077903321446945,3.215580664289389,0.02157440214033544,1.543806572047992,15.0,0.024630541871921183,0.599343185550082,0.37802835356892533,0.2
perp,BTCUSDT,1D,D2_compression_volume,"{""n"": 20, ""pct"": 0.1}",real,0.000705,1.1193488903623787,-0.7666956183209539,0.007129113363103956,0.12426664482466772,0.1824196832485132,-0.16348628752183736,3,0.3333333333333333,1.6077903321446947,3.2155806642893894,0.021574402140335448,1.543806572047992,15.0,0.024630541871921183,0.599343185550082,0.37802835356892533,0.2
perp,BTCUSDT,1D,D2_compression_volume,"{""n"": 20, ""pct"": 0.1}",stress,0.000905,1.1193488903623787,-0.7666956183209539,0.006880948604860437,0.12150859434300407,0.17808488411504309,-0.1640147570619045,3,0.3333333333333333,1.6077903321446945,3.215580664289389,0.02157440214033544,1.543806572047992,15.0,0.024630541871921183,0.599343185550082,0.3780283535689254,0.2
perp,BTCUSDT,1D,D1_compression_breakout,"{""n"": 20, ""pct"": 0.2}",opt,0.000505,1.1193488903623787,-0.7666956183209539,-0.054793688689428466,-0.1929567784790339,-0.27318375481554646,-0.39190249505597874,11,0.2727272727272727,0.6625903050803859,1.766907480214362,-0.01810261606852946,0.6737301548645845,16.0,0.0963327859879584,2.197591680350301,0.9098545533644832,0.2
perp,BTCUSDT,1D,D1_compression_breakout,"{""n"": 20, ""pct"": 0.2}",real,0.000705,1.1193488903623787,-0.7666956183209539,-0.055626878448896244,-0.19725208234351427,-0.27898600967441034,-0.3944598358217314,11,0.2727272727272727,0.6625903050803857,1.766907480214362,-0.018102616068529455,0.6737301548645849,16.0,0.0963327859879584,2.197591680350301,0.9098545533644832,0.2
perp,BTCUSDT,1D,D1_compression_breakout,"{""n"": 20, ""pct"": 0.2}",stress,0.000905,1.1193488903623787,-0.7666956183209539,-0.056459337597043247,-0.20154067079255966,-0.2847675496949908,-0.3970064581066136,11,0.2727272727272727,0.6625903050803857,1.766907480214362,-0.018102616068529462,0.6737301548645851,16.0,0.0963327859879584,2.197591680350301,0.9098545533644832,0.2
perp,BTCUSDT,1D,D2_compression_volume,"{""n"": 20, ""pct"": 0.2}",opt,0.000505,1.1193488903623787,-0.7666956183209539,-0.023079301545746778,-0.15271114427591131,-0.1913676888319021,-0.26325658412941655,4,0.25,0.7073576418609738,2.1220729255829216,-0.017708174630959608,0.45715730536910126,13.0,0.028461959496442254,0.7991242474001095,-0.413712018957085,0.2
perp,BTCUSDT,1D,D2_compression_volume,"{""n"": 20, ""pct"": 0.2}",real,0.000705,1.1193488903623787,-0.7666956183209539,-0.023411509388413076,-0.15548093354146814,-0.19464567993848395,-0.2637651943394055,4,0.25,0.7073576418609737,2.122072925582921,-0.017708174630959615,0.45715730536910076,13.0,0.028461959496442254,0.7991242474001095,-0.41371201895708526,0.2
perp,BTCUSDT,1D,D2_compression_volume,"{""n"": 20, ""pct"": 0.2}",stress,0.000905,1.1193488903623787,-0.7666956183209539,-0.023743613966592414,-0.1582438308087994,-0.19790940692759923,-0.2642735156573257,4,0.25,0.7073576418609738,2.1220729255829216,-0.017708174630959608,0.45715730536910126,13.0,0.028461959496442254,0.7991242474001095,-0.41371201895708504,0.2
perp,BTCUSDT,1D,D1_compression_breakout,"{""n"": 20, ""pct"": 0.3}",opt,0.000505,1.1193488903623787,-0.7666956183209539,-0.03087204942323496,-0.030949158259012646,-0.04526213694688216,-0.32512787191705617,15,0.4,0.9290149332436751,1.3935223998655126,-0.003396533604585867,0.2115519514062042,15.533333333333333,0.12753147235905857,2.9967159277504103,0.9216679522846142,0.2
perp,BTCUSDT,1D,D1_compression_breakout,"{""n"": 20, ""pct"": 0.3}",real,0.000705,1.1193488903623787,-0.7666956183209539,-0.03204002428322961,-0.03628057801499513,-0.053003400000327675,-0.3261725427084837,15,0.4,0.9290149332436751,1.3935223998655126,-0.0033965336045858672,0.2115519514062043,15.533333333333333,0.12753147235905857,2.9967159277504103,0.9216679522846142,0.2
perp,BTCUSDT,1D,D1_compression_breakout,"{""n"": 20, ""pct"": 0.3}",stress,0.000905,1.1193488903623787,-0.7666956183209539,-0.03320659815811222,-0.04160689365216955,-0.06072099753543069,-0.32721567153676656,15,0.4,0.9290149332436751,1.3935223998655126,-0.0033965336045858672,0.21155195140620464,15.533333333333333,0.12753147235905857,2.9967159277504103,0.9216679522846142,0.2
perp,BTCUSDT,1D,D2_compression_volume,"{""n"": 20, ""pct"": 0.3}",opt,0.000505,1.1193488903623787,-0.7666956183209539,0.02126842543478369,0.22054196854101765,0.30792634945595576,-0.26325658412941655,5,0.4,1.8424827558911094,2.7637241338366643,0.04078379318636947,0.20482044145232922,18.8,0.051450465243568694,0.9989053092501368,0.45725407914802757,0.4
perp,BTCUSDT,1D,D2_compression_volume,"{""n"": 20, ""pct"": 0.3}",real,0.000705,1.1193488903623787,-0.7666956183209539,0.020838751147061574,0.21751174379335964,0.3033924401882885,-0.2637651943394055,5,0.4,1.8424827558911097,2.7637241338366647,0.040783793186369474,0.20482044145232944,18.8,0.051450465243568694,0.9989053092501368,0.4572540791480277,0.4
perp,BTCUSDT,1D,D2_compression_volume,"{""n"": 20, ""pct"": 0.3}",stress,0.000905,1.1193488903623787,-0.7666956183209539,0.02040924714259873,0.21448560507894143,0.2988739999515391,-0.2642735156573257,5,0.4,1.8424827558911097,2.7637241338366647,0.040783793186369474,0.20482044145232944,18.8,0.051450465243568694,0.9989053092501368,0.4572540791480277,0.4
perp,BTCUSDT,1D,C1_control,"{""n"": 50}",opt,0.000505,1.1193488903623787,-0.7666956183209539,0.03553103970575622,0.25678088922662623,0.44220127978322515,-0.3048149895429402,18,0.4444444444444444,1.5123405471391917,1.8904256839239897,0.018038732814590782,0.8863068041212124,19.72222222222222,0.19430760810071154,3.5960591133004924,0.9053453782967612,0.8
perp,BTCUSDT,1D,C1_control,"{""n"": 50}",real,0.000705,1.1193488903623787,-0.7666956183209539,0.03405502103737357,0.25208018799090653,0.43371250753408963,-0.3079533824757791,18,0.4444444444444444,1.5123405471391917,1.8904256839239897,0.01803873281459077,0.8863068041212128,19.72222222222222,0.19430760810071154,3.5960591133004924,0.905345378296761,0.8
perp,BTCUSDT,1D,C1_control,"{""n"": 50}",stress,0.000905,1.1193488903623787,-0.7666956183209539,0.03258110633984734,0.24738302667694326,0.4252447565085471,-0.3110776484794969,18,0.4444444444444444,1.5123405471391917,1.8904256839239897,0.01803873281459078,0.8863068041212124,19.72222222222222,0.19430760810071154,3.5960591133004924,0.9053453782967611,0.8
perp,BTCUSDT,1D,D1_compression_breakout,"{""n"": 50, ""pct"": 0.1}",opt,0.000505,1.1193488903623787,-0.7666956183209539,-0.03138556990666996,-0.2534191784595686,-0.352192629906135,-0.23965526084325306,5,0.2,0.4969308095076331,1.9877232380305323,-0.026942326310089904,1.9766437532740255,11.0,0.030103995621237,0.9989053092501368,-1.0123525868537226,0.0
perp,BTCUSDT,1D,D1_compression_breakout,"{""n"": 50, ""pct"": 0.1}",real,0.000705,1.1193488903623787,-0.7666956183209539,-0.03176965676789212,-0.25696855863195167,-0.3567349372084335,-0.2404399460694474,5,0.2,0.4969308095076331,1.9877232380305323,-0.026942326310089904,1.976643753274026,11.0,0.030103995621237,0.9989053092501368,-1.0123525868537229,0.0
perp,BTCUSDT,1D,D1_compression_breakout,"{""n"": 50, ""pct"": 0.1}",stress,0.000905,1.1193488903623787,-0.7666956183209539,-0.032153590920873665,-0.26051064906560933,-0.36125850526558284,-0.24122386267271612,5,0.2,0.4969308095076331,1.9877232380305323,-0.026942326310089904,1.9766437532740264,11.0,0.030103995621237,0.9989053092501368,-1.0123525868537226,0.0
perp,BTCUSDT,1D,D2_compression_volume,"{""n"": 50, ""pct"": 0.1}",opt,0.000505,1.1193488903623787,-0.7666956183209539,0.007377336312685445,0.12702714355181582,0.18677269103200256,-0.16295752902704363,3,0.3333333333333333,1.6077903321446945,3.215580664289389,0.02157440214033544,1.543806572047992,15.0,0.024630541871921183,0.599343185550082,0.37802835356892533,0.2
perp,BTCUSDT,1D,D2_compression_volume,"{""n"": 50, ""pct"": 0.1}",real,0.000705,1.1193488903623787,-0.7666956183209539,0.007129113363103956,0.12426664482466772,0.1824196832485132,-0.16348628752183736,3,0.3333333333333333,1.6077903321446947,3.2155806642893894,0.021574402140335448,1.543806572047992,15.0,0.024630541871921183,0.599343185550082,0.37802835356892533,0.2
perp,BTCUSDT,1D,D2_compression_volume,"{""n"": 50, ""pct"": 0.1}",stress,0.000905,1.1193488903623787,-0.7666956183209539,0.006880948604860437,0.12150859434300407,0.17808488411504309,-0.1640147570619045,3,0.3333333333333333,1.6077903321446945,3.215580664289389,0.02157440214033544,1.543806572047992,15.0,0.024630541871921183,0.599343185550082,0.3780283535689254,0.2
perp,BTCUSDT,1D,D1_compression_breakout,"{""n"": 50, ""pct"": 0.2}",opt,0.000505,1.1193488903623787,-0.7666956183209539,-0.029490714139509544,-0.1344123451786179,-0.18664468164022377,-0.28912970052485687,9,0.2222222222222222,0.7757008815397254,2.714953085389039,-0.009776082338463738,1.3518188376582099,14.88888888888889,0.07334428024083196,1.7980295566502462,0.7580274525711309,0.2
perp,BTCUSDT,1D,D1_compression_breakout,"{""n"": 50, ""pct"": 0.2}",real,0.000705,1.1193488903623787,-0.7666956183209539,-0.03019529573823443,-0.13925423863021055,-0.193154970194208,-0.2905395400229105,9,0.2222222222222222,0.7757008815397254,2.714953085389039,-0.009776082338463738,1.3518188376582105,14.88888888888889,0.07334428024083196,1.7980295566502462,0.7580274525711308,0.2
perp,BTCUSDT,1D,D1_compression_breakout,"{""n"": 50, ""pct"": 0.2}",stress,0.000905,1.1193488903623787,-0.7666956183209539,-0.030899369663418885,-0.14408834705101173,-0.19964060656106347,-0.2919465819603504,9,0.2222222222222222,0.7757008815397254,2.714953085389039,-0.009776082338463738,1.3518188376582103,14.88888888888889,0.07334428024083196,1.7980295566502462,0.7580274525711308,0.2
perp,BTCUSDT,1D,D2_compression_volume,"{""n"": 50, ""pct"": 0.2}",opt,0.000505,1.1193488903623787,-0.7666956183209539,0.0021515937612970326,0.06970081543583354,0.10028940352942435,-0.16295752902704363,4,0.25,1.3014208508317882,3.9042625524953647,0.0099135953729225,1.765965885197406,14.0,0.03065134099616858,0.7991242474001095,0.23160905301243523,0.2
perp,BTCUSDT,1D,D2_compression_volume,"{""n"": 50, ""pct"": 0.2}",real,0.000705,1.1193488903623787,-0.7666956183209539,0.0018225523391335319,0.06617379085966205,0.09504848234147116,-0.16348628752183736,4,0.25,1.3014208508317882,3.9042625524953642,0.009913595372922506,1.765965885197406,14.0,0.03065134099616858,0.7991242474001095,0.23160905301243517,0.2
perp,BTCUSDT,1D,D2_compression_volume,"{""n"": 50, ""pct"": 0.2}",stress,0.000905,1.1193488903623787,-0.7666956183209539,0.0014936151348103888,0.06265090086572023,0.08983220555815324,-0.1640147570619045,4,0.25,1.301420850831788,3.9042625524953634,0.0099135953729225,1.765965885197406,14.0,0.03065134099616858,0.7991242474001095,0.23160905301243506,0.2
perp,BTCUSDT,1D,D1_compression_breakout,"{""n"": 50, ""pct"": 0.3}",opt,0.000505,1.1193488903623787,-0.7666956183209539,-0.025749039603318646,-0.10744212709085564,-0.1493821876580891,-0.28912970052485687,9,0.3333333333333333,0.8194626087547641,1.6389252175095281,-0.007551606296692707,1.25982990289351,15.222222222222221,0.0749863163656267,1.7980295566502462,0.8125762698893992,0.2
perp,BTCUSDT,1D,D1_compression_breakout,"{""n"": 50, ""pct"": 0.3}",real,0.000705,1.1193488903623787,-0.7666956183209539,-0.026456371939135637,-0.11229834420237192,-0.15596003972148578,-0.2905395400229105,9,0.3333333333333333,0.8194626087547641,1.6389252175095281,-0.007551606296692707,1.2598299028935103,15.222222222222221,0.0749863163656267,1.7980295566502462,0.8125762698893992,0.2
perp,BTCUSDT,1D,D1_compression_breakout,"{""n"": 50, ""pct"": 0.3}",stress,0.000905,1.1193488903623787,-0.7666956183209539,-0.02716319460811878,-0.11714710706679902,-0.16251340381455712,-0.2919465819603504,9,0.3333333333333333,0.8194626087547641,1.6389252175095281,-0.007551606296692707,1.25982990289351,15.222222222222221,0.0749863163656267,1.7980295566502462,0.8125762698893992,0.2
perp,BTCUSDT,1D,D2_compression_volume,"{""n"": 50, ""pct"": 0.3}",opt,0.000505,1.1193488903623787,-0.7666956183209539,0.04764468787175069,0.4308091933002049,0.6800144601843594,-0.16295752902704363,5,0.4,3.3898629687611197,5.084794453141679,0.06288120918947515,0.795384159619141,19.6,0.05363984674329502,0.9989053092501368,0.7050028248293864,0.4
perp,BTCUSDT,1D,D2_compression_volume,"{""n"": 50, ""pct"": 0.3}",real,0.000705,1.1193488903623787,-0.7666956183209539,0.04721619498134677,0.4274651247799073,0.6738383595137447,-0.16348628752183736,5,0.4,3.3898629687611193,5.084794453141678,0.06288120918947517,0.7953841596191408,19.6,0.05363984674329502,0.9989053092501368,0.7050028248293864,0.4
perp,BTCUSDT,1D,D2_compression_volume,"{""n"": 50, ""pct"": 0.3}",stress,0.000905,1.1193488903623787,-0.7666956183209539,0.04678787299923548,0.42412218272567237,0.6676815737302141,-0.1640147570619045,5,0.4,3.3898629687611197,5.084794453141679,0.06288120918947517,0.7953841596191416,19.6,0.05363984674329502,0.9989053092501368,0.7050028248293865,0.4
perp,ETHUSDT,4h,C1_control,"{""n"": 20}",opt,0.000505,1.1977752869718647,-0.8115523763386553,0.05759391924376889,0.3579372493067559,0.6204564311743875,-0.8064218559821155,228,0.39473684210526316,1.2441613758675174,1.9077141096635268,0.005669532039729095,3.2830534883444766,17.285087719298247,0.359514687100894,45.55008210180624,0.32613328849236084,0.4
perp,ETHUSDT,4h,C1_control,"{""n"": 20}",real,0.000705,1.1977752869718647,-0.8115523763386553,0.03845691102151427,0.3232822276459432,0.5586194349277304,-0.8169436130326675,228,0.39473684210526316,1.2441613758675174,1.9077141096635266,0.005669532039729096,3.2830534883444766,17.285087719298247,0.359514687100894,45.55008210180624,0.3261332884923609,0.4
perp,ETHUSDT,4h,C1_control,"{""n"": 20}",stress,0.000905,1.1977752869718647,-0.8115523763386553,0.019666143817358206,0.2887033377676159,0.4973016889648974,-0.8268935027311197,228,0.39473684210526316,1.2441613758675174,1.9077141096635268,0.005669532039729096,3.2830534883444766,17.285087719298247,0.359514687100894,45.55008210180624,0.32613328849236084,0.4
perp,ETHUSDT,4h,D1_compression_breakout,"{""n"": 20, ""pct"": 0.1}",opt,0.000505,1.1977752869718647,-0.8115523763386553,0.12780481721140768,0.6134618273510789,1.1232938224035263,-0.4439852001895678,62,0.45161290322580644,1.721223985998272,2.0900576972836165,0.015034378578850824,3.5422442435170636,16.241935483870968,0.09186279875935048,12.386425834701697,0.6273965344635978,0.6
perp,ETHUSDT,4h,D1_compression_breakout,"{""n"": 20, ""pct"": 0.1}",real,0.000705,1.1977752869718647,-0.8115523763386553,0.12223899979872477,0.5926712898417681,1.0804851411829675,-0.44812870227778223,62,0.45161290322580644,1.721223985998272,2.0900576972836165,0.015034378578850822,3.5422442435170636,16.241935483870968,0.09186279875935048,12.386425834701697,0.6273965344635978,0.6
perp,ETHUSDT,4h,D1_compression_breakout,"{""n"": 20, ""pct"": 0.1}",stress,0.000905,1.1977752869718647,-0.8115523763386553,0.1167006472521881,0.5719248818805626,1.0381371457617463,-0.4522413690577407,62,0.45161290322580644,1.721223985998272,2.0900576972836165,0.015034378578850822,3.542244243517064,16.241935483870968,0.09186279875935048,12.386425834701697,0.6273965344635978,0.6
perp,ETHUSDT,4h,D2_compression_volume,"{""n"": 20, ""pct"": 0.1}",opt,0.000505,1.1977752869718647,-0.8115523763386553,0.15242289492091876,0.8475633325387155,1.7041247577665024,-0.23422724966379516,41,0.43902439024390244,2.4568361935712706,3.1392906917855123,0.023492337628683174,3.722409694221218,14.634146341463415,0.05473453749315818,8.191023535851121,0.7315884304873239,0.4
perp,ETHUSDT,4h,D2_compression_volume,"{""n"": 20, ""pct"": 0.1}",real,0.000705,1.1977752869718647,-0.8115523763386553,0.14865779022874115,0.8296451884263712,1.6592722234234687,-0.23625736994259983,41,0.43902439024390244,2.4568361935712706,3.1392906917855123,0.023492337628683174,3.7224096942212186,14.634146341463415,0.05473453749315818,8.191023535851121,0.731588430487324,0.4
perp,ETHUSDT,4h,D2_compression_volume,"{""n"": 20, ""pct"": 0.1}",stress,0.000905,1.1977752869718647,-0.8115523763386553,0.14490498369940297,0.8117416088137169,1.6149317600306752,-0.2382821567207808,41,0.43902439024390244,2.4568361935712706,3.1392906917855123,0.023492337628683174,3.722409694221218,14.634146341463415,0.05473453749315818,8.191023535851121,0.7315884304873239,0.4
perp,ETHUSDT,4h,D1_compression_breakout,"{""n"": 20, ""pct"": 0.2}",opt,0.000505,1.1977752869718647,-0.8115523763386553,0.22700502218897434,0.868314194154111,1.581783180645347,-0.2523296576494546,82,0.5365853658536586,2.004573656018831,1.7312227029253544,0.016985974063046787,3.707434014422016,17.29268292682927,0.12935595694216384,16.382047071702242,0.5021598340657228,1.0
perp,ETHUSDT,4h,D1_compression_breakout,"{""n"": 20, ""pct"": 0.2}",real,0.000705,1.1977752869718647,-0.8115523763386553,0.2190333098413051,0.8444945228194694,1.5321739774959622,-0.253257633407426,82,0.5365853658536586,2.004573656018831,1.7312227029253544,0.016985974063046787,3.707434014422015,17.29268292682927,0.12935595694216384,16.382047071702242,0.5021598340657228,1.0
perp,ETHUSDT,4h,D1_compression_breakout,"{""n"": 20, ""pct"": 0.2}",stress,0.000905,1.1977752869718647,-0.8115523763386553,0.2111133974929027,0.8207091117746692,1.4830307565074932,-0.2545416712249786,82,0.5365853658536586,2.004573656018831,1.7312227029253544,0.016985974063046787,3.707434014422016,17.29268292682927,0.12935595694216384,16.382047071702242,0.5021598340657228,1.0
perp,ETHUSDT,4h,D2_compression_volume,"{""n"": 20, ""pct"": 0.2}",opt,0.000505,1.1977752869718647,-0.8115523763386553,0.2646326733232056,1.120205044080249,2.46646889684674,-0.1761146931009383,56,0.5178571428571429,3.0720551445692537,2.8601892725299947,0.026216952673893002,3.8226390060140223,16.5,0.0842911877394636,11.187739463601533,0.598935753679536,1.0
perp,ETHUSDT,4h,D2_compression_volume,"{""n"": 20, ""pct"": 0.2}",real,0.000705,1.1977752869718647,-0.8115523763386553,0.25902747849630403,1.1006173617191715,2.410735096508299,-0.17761318132622372,56,0.5178571428571429,3.0720551445692537,2.8601892725299947,0.026216952673893006,3.8226390060140223,16.5,0.0842911877394636,11.187739463601533,0.5989357536795359,1.0
perp,ETHUSDT,4h,D2_compression_volume,"{""n"": 20, ""pct"": 0.2}",stress,0.000905,1.1977752869718647,-0.8115523763386553,0.25344713753366954,1.0810386472572522,2.355588307549154,-0.17910898419286203,56,0.5178571428571429,3.0720551445692537,2.8601892725299947,0.02621695267389301,3.822639006014022,16.5,0.0842911877394636,11.187739463601533,0.598935753679536,1.0
perp,ETHUSDT,4h,D1_compression_breakout,"{""n"": 20, ""pct"": 0.3}",opt,0.000505,1.1977752869718647,-0.8115523763386553,0.16398635837289333,0.6304298419077103,1.1134132050788306,-0.3435123627496244,101,0.4752475247524752,1.6071015344572372,1.774507944296533,0.011994476323264265,3.5337129318679446,17.0,0.15663200145958767,20.177887246852762,0.48012536355810964,0.8
perp,ETHUSDT,4h,D1_compression_breakout,"{""n"": 20, ""pct"": 0.3}",real,0.000705,1.1977752869718647,-0.8115523763386553,0.15464752899186163,0.604932871618601,1.0643604573836898,-0.3518602938617573,101,0.4752475247524752,1.607101534457237,1.7745079442965326,0.011994476323264265,3.5337129318679437,17.0,0.15663200145958767,20.177887246852762,0.48012536355810964,0.8
perp,ETHUSDT,4h,D1_compression_breakout,"{""n"": 20, ""pct"": 0.3}",stress,0.000905,1.1977752869718647,-0.8115523763386553,0.14538362408999728,0.5794901242297308,1.0157762600187321,-0.3601020773156579,101,0.4752475247524752,1.6071015344572372,1.774507944296533,0.011994476323264265,3.5337129318679446,17.0,0.15663200145958767,20.177887246852762,0.48012536355810964,0.6
perp,ETHUSDT,4h,D2_compression_volume,"{""n"": 20, ""pct"": 0.3}",opt,0.000505,1.1977752869718647,-0.8115523763386553,0.19438804920607522,0.8304235995409859,1.6794825155799646,-0.2492714319692475,65,0.47692307692307695,2.125959865439464,2.3316979169336056,0.018746422607932543,3.786893304085104,16.43076923076923,0.09742747673782157,12.985769020251778,0.586144439307323,0.6
perp,ETHUSDT,4h,D2_compression_volume,"{""n"": 20, ""pct"": 0.3}",real,0.000705,1.1977752869718647,-0.8115523763386553,0.18823944732433517,0.8093154575070586,1.6290326975505414,-0.2555846841245676,65,0.47692307692307695,2.125959865439464,2.3316979169336056,0.018746422607932547,3.786893304085104,16.43076923076923,0.09742747673782157,12.985769020251778,0.586144439307323,0.6
perp,ETHUSDT,4h,D2_compression_volume,"{""n"": 20, ""pct"": 0.3}",stress,0.000905,1.1977752869718647,-0.8115523763386553,0.182122506379647,0.7882363932216468,1.5791212474455159,-0.26184486270380225,65,0.47692307692307695,2.1259598654394645,2.331697916933606,0.018746422607932547,3.786893304085104,16.43076923076923,0.09742747673782157,12.985769020251778,0.586144439307323,0.6
perp,ETHUSDT,4h,C1_control,"{""n"": 50}",opt,0.000505,1.1977752869718647,-0.8115523763386553,0.067737107568278,0.34768901428828686,0.6821297840294375,-0.6111387016371619,94,0.44680851063829785,1.3463212163379636,1.6668738868946218,0.007195243002612752,2.519292069647805,17.71276595744681,0.15188834154351397,18.77941981390257,0.4654732630067732,0.6
perp,ETHUSDT,4h,C1_control,"{""n"": 50}",real,0.000705,1.1977752869718647,-0.8115523763386553,0.05971781209911997,0.32786257908504246,0.6411131703872991,-0.6176951096563834,94,0.44680851063829785,1.3463212163379639,1.6668738868946218,0.007195243002612752,2.5192920696478045,17.71276595744681,0.15188834154351397,18.77941981390257,0.4654732630067732,0.6
perp,ETHUSDT,4h,C1_control,"{""n"": 50}",stress,0.000905,1.1977752869718647,-0.8115523763386553,0.0517587263767334,0.30806018599724716,0.6004124485745107,-0.6241410091816673,94,0.44680851063829785,1.3463212163379639,1.6668738868946218,0.007195243002612752,2.519292069647804,17.71276595744681,0.15188834154351397,18.77941981390257,0.4654732630067732,0.6
perp,ETHUSDT,4h,D1_compression_breakout,"{""n"": 50, ""pct"": 0.1}",opt,0.000505,1.1977752869718647,-0.8115523763386553,-0.06451186682136278,-0.36830285982456246,-0.5448893049966205,-0.5067614968273166,33,0.36363636363636365,0.708224182651626,1.2393923196403456,-0.007478062424603825,0.6821009707407902,14.757575757575758,0.044426199598613395,6.592775041050903,0.6995264899685885,0.4
perp,ETHUSDT,4h,D1_compression_breakout,"{""n"": 50, ""pct"": 0.1}",real,0.000705,1.1977752869718647,-0.8115523763386553,-0.06700352217640082,-0.3852136041871241,-0.567887765796255,-0.50958767888433,33,0.36363636363636365,0.708224182651626,1.2393923196403456,-0.007478062424603826,0.6821009707407903,14.757575757575758,0.044426199598613395,6.592775041050903,0.6995264899685882,0.4
perp,ETHUSDT,4h,D1_compression_breakout,"{""n"": 50, ""pct"": 0.1}",stress,0.000905,1.1977752869718647,-0.8115523763386553,-0.06948855396263698,-0.4020622160239872,-0.5906417410080104,-0.5123976988281538,33,0.36363636363636365,0.708224182651626,1.2393923196403456,-0.007478062424603826,0.6821009707407901,14.757575757575758,0.044426199598613395,6.592775041050903,0.6995264899685883,0.4
perp,ETHUSDT,4h,D2_compression_volume,"{""n"": 50, ""pct"": 0.1}",opt,0.000505,1.1977752869718647,-0.8115523763386553,0.019280584180802807,0.2144780031266769,0.3675398103885342,-0.22336678656995235,21,0.42857142857142855,1.4407539737566206,1.9210052983421608,0.007040061747219175,1.0532339735234604,16.904761904761905,0.03238460135011859,4.195402298850574,0.8344831943653247,0.6
perp,ETHUSDT,4h,D2_compression_volume,"{""n"": 50, ""pct"": 0.1}",real,0.000705,1.1977752869718647,-0.8115523763386553,0.017562482096092236,0.20086741664085303,0.34275119967075696,-0.2252586926797827,21,0.42857142857142855,1.4407539737566206,1.9210052983421608,0.007040061747219175,1.0532339735234604,16.904761904761905,0.03238460135011859,4.195402298850574,0.8344831943653247,0.6
perp,ETHUSDT,4h,D2_compression_volume,"{""n"": 50, ""pct"": 0.1}",stress,0.000905,1.1977752869718647,-0.8115523763386553,0.01584727166261879,0.1872779360951872,0.3182106066147747,-0.2271460030719077,21,0.42857142857142855,1.4407539737566206,1.9210052983421606,0.007040061747219172,1.0532339735234606,16.904761904761905,0.03238460135011859,4.195402298850574,0.8344831943653246,0.6
perp,ETHUSDT,4h,D1_compression_breakout,"{""n"": 50, ""pct"": 0.2}",opt,0.000505,1.1977752869718647,-0.8115523763386553,0.05201057171863899,0.34293728311691424,0.6180983956250361,-0.4966614161528312,45,0.4666666666666667,1.4771744984097719,1.688199426754025,0.009755495492114703,2.9474714343362787,17.266666666666666,0.07088122605363985,8.990147783251231,0.6543397502344369,0.6
perp,ETHUSDT,4h,D1_compression_breakout,"{""n"": 50, ""pct"": 0.2}",real,0.000705,1.1977752869718647,-0.8115523763386553,0.04820705677248838,0.3256190703035984,0.5845786374990061,-0.49994778488928016,45,0.4666666666666667,1.4771744984097712,1.6881994267540243,0.0097554954921147,2.9474714343362787,17.266666666666666,0.07088122605363985,8.990147783251231,0.6543397502344371,0.6
perp,ETHUSDT,4h,D1_compression_breakout,"{""n"": 50, ""pct"": 0.2}",stress,0.000905,1.1977752869718647,-0.8115523763386553,0.04441728003242096,0.3083269753802746,0.5513719711347574,-0.5032127294977928,45,0.4666666666666667,1.4771744984097714,1.6881994267540246,0.009755495492114703,2.9474714343362787,17.266666666666666,0.07088122605363985,8.990147783251231,0.6543397502344371,0.6
perp,ETHUSDT,4h,D2_compression_volume,"{""n"": 50, ""pct"": 0.2}",opt,0.000505,1.1977752869718647,-0.8115523763386553,0.1567323726253964,0.866253609194565,1.892054174920711,-0.2233667865699529,31,0.5483870967741935,3.65367197069586,3.0089063288083544,0.028240949852161475,3.158120873482648,19.774193548387096,0.05592045247217661,6.193212917350849,0.7377282534656303,0.8
perp,ETHUSDT,4h,D2_compression_volume,"{""n"": 50, ""pct"": 0.2}",real,0.000705,1.1977752869718647,-0.8115523763386553,0.15386533559805748,0.8527341465204196,1.854112558779987,-0.22525869267978282,31,0.5483870967741935,3.65367197069586,3.0089063288083544,0.02824094985216147,3.158120873482648,19.774193548387096,0.05592045247217661,6.193212917350849,0.7377282534656303,0.8
perp,ETHUSDT,4h,D2_compression_volume,"{""n"": 50, ""pct"": 0.2}",stress,0.000905,1.1977752869718647,-0.8115523763386553,0.151005401358425,0.8392175992022495,1.8165177685679126,-0.22714600307190747,31,0.5483870967741935,3.65367197069586,3.0089063288083544,0.02824094985216147,3.158120873482648,19.774193548387096,0.05592045247217661,6.193212917350849,0.7377282534656303,0.8
perp,ETHUSDT,4h,D1_compression_breakout,"{""n"": 50, ""pct"": 0.3}",opt,0.000505,1.1977752869718647,-0.8115523763386553,-0.008282728007820594,0.06945489411106205,0.11701081123481072,-0.5874446826849697,53,0.39622641509433965,1.1329109008428044,1.7263404203318928,0.0030458015266916147,3.0703725733280756,16.264150943396228,0.07863528553183725,10.58839627805145,0.6563487339904608,0.4
perp,ETHUSDT,4h,D1_compression_breakout,"{""n"": 50, ""pct"": 0.3}",real,0.000705,1.1977752869718647,-0.8115523763386553,-0.012512660252052443,0.05026640905120984,0.08437652516553537,-0.5921296739335664,53,0.39622641509433965,1.1329109008428042,1.7263404203318924,0.003045801526691616,3.070372573328075,16.264150943396228,0.07863528553183725,10.58839627805145,0.6563487339904608,0.4
perp,ETHUSDT,4h,D1_compression_breakout,"{""n"": 50, ""pct"": 0.3}",stress,0.000905,1.1977752869718647,-0.8115523763386553,-0.016724568838591303,0.031121606576106187,0.05205182379844241,-0.5967615016599601,53,0.39622641509433965,1.1329109008428044,1.7263404203318928,0.0030458015266916147,3.070372573328076,16.264150943396228,0.07863528553183725,10.58839627805145,0.6563487339904608,0.4
perp,ETHUSDT,4h,D2_compression_volume,"{""n"": 50, ""pct"": 0.3}",opt,0.000505,1.1977752869718647,-0.8115523763386553,0.13382092113538624,0.7429271941319453,1.556098403873935,-0.23831088772936315,37,0.5135135135135135,2.6695640391069726,2.5290606686276584,0.021214697017450924,3.3230081496785226,19.216216216216218,0.06486042692939245,7.391899288451012,0.7085066106445902,0.6
perp,ETHUSDT,4h,D2_compression_volume,"{""n"": 50, ""pct"": 0.3}",real,0.000705,1.1977752869718647,-0.8115523763386553,0.1304662587867056,0.7272831686680099,1.5162885857082176,-0.24260944711044408,37,0.5135135135135135,2.6695640391069726,2.5290606686276584,0.021214697017450927,3.3230081496785226,19.216216216216218,0.06486042692939245,7.391899288451012,0.7085066106445902,0.6
perp,ETHUSDT,4h,D2_compression_volume,"{""n"": 50, ""pct"": 0.3}",stress,0.000905,1.1977752869718647,-0.8115523763386553,0.12712151753337486,0.7116492778788635,1.4768652963378044,-0.24688376747523944,37,0.5135135135135135,2.669564039106974,2.5290606686276598,0.021214697017450924,3.3230081496785226,19.216216216216218,0.06486042692939245,7.391899288451012,0.70850661064459,0.6
perp,ETHUSDT,1D,C1_control,"{""n"": 20}",opt,0.000505,1.1975404758412551,-0.7935130756288556,0.05188832136303678,0.3538990745043181,0.5543352600831325,-0.7197869924613712,32,0.4375,1.4377230751140564,1.8485010965752153,0.02405488698399269,1.1848492469857994,21.46875,0.3765736179529283,6.392993979200876,0.7393385340021975,0.2
perp,ETHUSDT,1D,C1_control,"{""n"": 20}",real,0.000705,1.1975404758412551,-0.7935130756288556,0.04913091947247206,0.3490248984943868,0.546390534258901,-0.7217713727979645,32,0.4375,1.4377230751140564,1.8485010965752153,0.024054886983992697,1.1848492469857992,21.46875,0.3765736179529283,6.392993979200876,0.7393385340021975,0.2
perp,ETHUSDT,1D,C1_control,"{""n"": 20}",stress,0.000905,1.1975404758412551,-0.7935130756288556,0.04638070168054509,0.3441545369067727,0.5384602931202054,-0.7237417396601775,32,0.4375,1.4377230751140564,1.8485010965752153,0.02405488698399269,1.184849246985799,21.46875,0.3765736179529283,6.392993979200876,0.7393385340021975,0.2
perp,ETHUSDT,1D,D1_compression_breakout,"{""n"": 20, ""pct"": 0.1}",opt,0.000505,1.1975404758412551,-0.7935130756288556,0.09118041862942716,0.4814049292695157,0.7753755236921029,-0.46934546004848277,9,0.3333333333333333,2.501315846236575,5.00263169247315,0.07268752453175499,1.148750345529909,21.333333333333332,0.10509031198686371,1.7980295566502462,0.9811562361941532,0.4
perp,ETHUSDT,1D,D1_compression_breakout,"{""n"": 20, ""pct"": 0.1}",real,0.000705,1.1975404758412551,-0.7935130756288556,0.09040855474721776,0.4783852062371887,0.7698899263511058,-0.4707686161421092,9,0.3333333333333333,2.501315846236575,5.00263169247315,0.07268752453175499,1.148750345529909,21.333333333333332,0.10509031198686371,1.7980295566502462,0.9811562361941532,0.4
perp,ETHUSDT,1D,D1_compression_breakout,"{""n"": 20, ""pct"": 0.1}",stress,0.000905,1.1975404758412551,-0.7935130756288556,0.08963723608658558,0.4753671678217017,0.7644156396130971,-0.472187997762475,9,0.3333333333333333,2.501315846236575,5.00263169247315,0.07268752453175499,1.148750345529909,21.333333333333332,0.10509031198686371,1.7980295566502462,0.9811562361941532,0.4
perp,ETHUSDT,1D,D2_compression_volume,"{""n"": 20, ""pct"": 0.1}",opt,0.000505,1.1975404758412551,-0.7935130756288556,0.12453412013581633,0.7800243796775904,1.3608747744978904,-0.16764200094960846,4,0.5,20.716611778176908,20.716611778176908,0.17718436877387533,0.4404403492637499,23.0,0.05035577449370553,0.7991242474001095,0.9517295583511677,0.4
perp,ETHUSDT,1D,D2_compression_volume,"{""n"": 20, ""pct"": 0.1}",real,0.000705,1.1975404758412551,-0.7935130756288556,0.12420056982441752,0.7781453627968475,1.3562776650651291,-0.1679748776923925,4,0.5,20.716611778176908,20.716611778176908,0.17718436877387533,0.4404403492637499,23.0,0.05035577449370553,0.7991242474001095,0.9517295583511677,0.4
perp,ETHUSDT,1D,D2_compression_volume,"{""n"": 20, ""pct"": 0.1}",stress,0.000905,1.1975404758412551,-0.7935130756288556,0.1238671251012946,0.7762659881926857,1.3516897612509813,-0.16830762140487188,4,0.5,20.716611778176905,20.716611778176905,0.1771843687738753,0.44044034926375014,23.0,0.05035577449370553,0.7991242474001095,0.9517295583511677,0.4
perp,ETHUSDT,1D,D1_compression_breakout,"{""n"": 20, ""pct"": 0.2}",opt,0.000505,1.1975404758412551,-0.7935130756288556,-0.06880265917755701,-0.09088522165160917,-0.12969188998925443,-0.7388784485700151,19,0.2631578947368421,0.9548612820352083,2.673611589698583,-0.002945113009761671,1.9526693650412488,15.789473684210526,0.16420361247947454,3.79584017515052,1.0000000000000002,0.2
perp,ETHUSDT,1D,D1_compression_breakout,"{""n"": 20, ""pct"": 0.2}",real,0.000705,1.1975404758412551,-0.7935130756288556,-0.07025189690524347,-0.0958749911851862,-0.13670820364322103,-0.7403543440700352,19,0.2631578947368421,0.9548612820352083,2.673611589698583,-0.0029451130097616737,1.9526693650412486,15.789473684210526,0.16420361247947454,3.79584017515052,1.0000000000000002,0.2
perp,ETHUSDT,1D,D1_compression_breakout,"{""n"": 20, ""pct"": 0.2}",stress,0.000905,1.1975404758412551,-0.7935130756288556,-0.07169890180744753,-0.10085755359891853,-0.1437035923173203,-0.7418219401833438,19,0.2631578947368421,0.9548612820352083,2.673611589698583,-0.002945113009761676,1.9526693650412488,15.789473684210526,0.16420361247947454,3.79584017515052,1.0000000000000002,0.2
perp,ETHUSDT,1D,D2_compression_volume,"{""n"": 20, ""pct"": 0.2}",opt,0.000505,1.1975404758412551,-0.7935130756288556,0.09813843651277354,0.52550174789874,0.7955415251314276,-0.298230851370509,9,0.4444444444444444,3.031047435041735,3.7888092938021694,0.07243810476955957,0.9798550709193194,20.22222222222222,0.09961685823754789,1.7980295566502462,0.9890418333775636,0.6
perp,ETHUSDT,1D,D2_compression_volume,"{""n"": 20, ""pct"": 0.2}",real,0.000705,1.1975404758412551,-0.7935130756288556,0.09735102729047518,0.522244094726788,0.7899838958302542,-0.29985343044286017,9,0.4444444444444444,3.0310474350417347,3.7888092938021685,0.07243810476955957,0.9798550709193192,20.22222222222222,0.09961685823754789,1.7980295566502462,0.9890418333775636,0.6
perp,ETHUSDT,1D,D2_compression_volume,"{""n"": 20, ""pct"": 0.2}",stress,0.000905,1.1975404758412551,-0.7935130756288556,0.09656417810909002,0.518988499935456,0.7844385634112755,-0.301472323776521,9,0.4444444444444444,3.0310474350417347,3.7888092938021685,0.07243810476955957,0.9798550709193194,20.22222222222222,0.09961685823754789,1.7980295566502462,0.9890418333775636,0.6
perp,ETHUSDT,1D,D1_compression_breakout,"{""n"": 20, ""pct"": 0.3}",opt,0.000505,1.1975404758412551,-0.7935130756288556,-0.0484447816791288,-0.02213967477849506,-0.032744141628505904,-0.7388784485700154,19,0.3157894736842105,1.0221476106429919,2.214653156393149,0.0012732484378139527,2.063779964842309,17.894736842105264,0.18609742747673783,3.79584017515052,0.9967668319165548,0.4
perp,ETHUSDT,1D,D1_compression_breakout,"{""n"": 20, ""pct"": 0.3}",real,0.000705,1.1975404758412551,-0.7935130756288556,-0.049899535887192314,-0.02716757881557568,-0.04015077713735732,-0.7403543440700355,19,0.3157894736842105,1.0221476106429916,2.2146531563931484,0.0012732484378139403,2.06377996484231,17.894736842105264,0.18609742747673783,3.79584017515052,0.9967668319165548,0.4
perp,ETHUSDT,1D,D1_compression_breakout,"{""n"": 20, ""pct"": 0.3}",stress,0.000905,1.1975404758412551,-0.7935130756288556,-0.05135207872171499,-0.032189456650466367,-0.04753760517627592,-0.7418219401833439,19,0.3157894736842105,1.0221476106429919,2.214653156393149,0.001273248437813949,2.06377996484231,17.894736842105264,0.18609742747673783,3.79584017515052,0.9967668319165546,0.4
perp,ETHUSDT,1D,D2_compression_volume,"{""n"": 20, ""pct"": 0.3}",opt,0.000505,1.1975404758412551,-0.7935130756288556,-0.0017126435565157916,0.0939002712735019,0.13201086287711766,-0.3729355560217683,9,0.3333333333333333,1.2425822620887987,2.4851645241775975,0.011150080122250532,0.8899576835196985,15.0,0.07389162561576355,1.7980295566502462,0.9300695205134353,0.4
perp,ETHUSDT,1D,D2_compression_volume,"{""n"": 20, ""pct"": 0.3}",real,0.000705,1.1975404758412551,-0.7935130756288556,-0.0024617565574351907,0.09024277278168782,0.12676407805916456,-0.3749113852477508,9,0.3333333333333333,1.2425822620887987,2.4851645241775975,0.011150080122250529,0.8899576835196983,15.0,0.07389162561576355,1.7980295566502462,0.9300695205134353,0.4
perp,ETHUSDT,1D,D2_compression_volume,"{""n"": 20, ""pct"": 0.3}",stress,0.000905,1.1975404758412551,-0.7935130756288556,-0.003210322068482485,0.08658876118873418,0.12153098550662089,-0.37688105899867064,9,0.3333333333333333,1.2425822620887987,2.4851645241775975,0.01115008012225053,0.8899576835196981,15.0,0.07389162561576355,1.7980295566502462,0.9300695205134353,0.4
perp,ETHUSDT,1D,C1_control,"{""n"": 50}",opt,0.000505,1.1975404758412551,-0.7935130756288556,-0.2119030555983512,-0.285047692034913,-0.320104298686685,-0.7381014405347572,16,0.3125,0.6145632832761446,1.3520392232075182,-0.03196121126132946,-0.7017387531323349,16.8125,0.14723590585659552,3.196496989600438,1.0,0.2
perp,ETHUSDT,1D,C1_control,"{""n"": 50}",real,0.000705,1.1975404758412551,-0.7935130756288556,-0.2130429402005095,-0.2880985697931893,-0.3234536510900984,-0.7386032603901314,16,0.3125,0.6145632832761446,1.3520392232075182,-0.03196121126132945,-0.701738753132334,16.8125,0.14723590585659552,3.196496989600438,1.0,0.2
perp,ETHUSDT,1D,C1_control,"{""n"": 50}",stress,0.000905,1.1975404758412551,-0.7935130756288556,-0.21418136590273773,-0.29114549912882887,-0.3267972244875999,-0.7391044244642897,16,0.3125,0.6145632832761446,1.352039223207518,-0.03196121126132946,-0.701738753132336,16.8125,0.14723590585659552,3.196496989600438,1.0,0.2
perp,ETHUSDT,1D,D1_compression_breakout,"{""n"": 50, ""pct"": 0.1}",opt,0.000505,1.1975404758412551,-0.7935130756288556,0.10527626636229015,0.6346497683423085,1.0318686079610877,-0.2133001241685426,7,0.42857142857142855,4.017047640816241,5.356063521088321,0.09537258238622759,1.319802425081186,21.857142857142858,0.08374384236453201,1.3984674329501916,0.9604431970999592,0.6
perp,ETHUSDT,1D,D1_compression_breakout,"{""n"": 50, ""pct"": 0.1}",real,0.000705,1.1975404758412551,-0.7935130756288556,0.10468475453654946,0.6316558532993091,1.0259617125391602,-0.21409657083687794,7,0.42857142857142855,4.017047640816242,5.3560635210883225,0.09537258238622762,1.319802425081186,21.857142857142858,0.08374384236453201,1.3984674329501916,0.9604431970999592,0.6
perp,ETHUSDT,1D,D1_compression_breakout,"{""n"": 50, ""pct"": 0.1}",stress,0.000905,1.1975404758412551,-0.7935130756288556,0.10409356555017002,0.6286619482812713,1.0200672151409942,-0.21489224692482445,7,0.42857142857142855,4.017047640816242,5.3560635210883225,0.09537258238622763,1.319802425081186,21.857142857142858,0.08374384236453201,1.3984674329501916,0.9604431970999592,0.6
perp,ETHUSDT,1D,D2_compression_volume,"{""n"": 50, ""pct"": 0.1}",opt,0.000505,1.1975404758412551,-0.7935130756288556,0.13851421714729573,0.8414671942072036,1.4743947843322782,-0.16764200094960846,4,0.75,31.875855274418537,10.625285091472845,0.1951714152848852,0.3775360245387529,26.75,0.05856595511767926,0.7991242474001095,0.9686282927503899,0.6
perp,ETHUSDT,1D,D2_compression_volume,"{""n"": 50, ""pct"": 0.1}",real,0.000705,1.1975404758412551,-0.7935130756288556,0.13817613754252167,0.8396007182339998,1.470025482446179,-0.1679748776923925,4,0.75,31.875855274418537,10.625285091472845,0.1951714152848852,0.3775360245387529,26.75,0.05856595511767926,0.7991242474001095,0.9686282927503899,0.6
perp,ETHUSDT,1D,D2_compression_volume,"{""n"": 50, ""pct"": 0.1}",stress,0.000905,1.1975404758412551,-0.7935130756288556,0.1378381649117162,0.8377338372016004,1.4656619923515768,-0.16830762140487188,4,0.75,31.875855274418537,10.625285091472845,0.19517141528488519,0.37753602453875273,26.75,0.05856595511767926,0.7991242474001095,0.9686282927503898,0.6
perp,ETHUSDT,1D,D1_compression_breakout,"{""n"": 50, ""pct"": 0.2}",opt,0.000505,1.1975404758412551,-0.7935130756288556,0.06579732708185126,0.43123654999697353,0.6757183838860741,-0.3442452604632782,9,0.3333333333333333,2.2692314847963413,4.538462969592683,0.055241558575740805,1.6541005539963434,18.11111111111111,0.08921729611384784,1.7980295566502462,0.9604431970999592,0.4
perp,ETHUSDT,1D,D1_compression_breakout,"{""n"": 50, ""pct"": 0.2}",real,0.000705,1.1975404758412551,-0.7935130756288556,0.06504740338551307,0.4274351202062518,0.669018718363575,-0.34546162320560847,9,0.3333333333333333,2.2692314847963417,4.5384629695926835,0.05524155857574083,1.6541005539963434,18.11111111111111,0.08921729611384784,1.7980295566502462,0.9604431970999592,0.4
perp,ETHUSDT,1D,D1_compression_breakout,"{""n"": 50, ""pct"": 0.2}",stress,0.000905,1.1975404758412551,-0.7935130756288556,0.0642980092374279,0.4236355545782908,0.6623374198885218,-0.34667577226324575,9,0.3333333333333333,2.2692314847963417,4.5384629695926835,0.05524155857574083,1.6541005539963436,18.11111111111111,0.08921729611384784,1.7980295566502462,0.9604431970999592,0.4
perp,ETHUSDT,1D,D2_compression_volume,"{""n"": 50, ""pct"": 0.2}",opt,0.000505,1.1975404758412551,-0.7935130756288556,0.13851421714729573,0.8414671942072036,1.4743947843322782,-0.16764200094960846,4,0.75,31.875855274418537,10.625285091472845,0.1951714152848852,0.3775360245387529,26.75,0.05856595511767926,0.7991242474001095,0.9686282927503899,0.6
perp,ETHUSDT,1D,D2_compression_volume,"{""n"": 50, ""pct"": 0.2}",real,0.000705,1.1975404758412551,-0.7935130756288556,0.13817613754252167,0.8396007182339998,1.470025482446179,-0.1679748776923925,4,0.75,31.875855274418537,10.625285091472845,0.1951714152848852,0.3775360245387529,26.75,0.05856595511767926,0.7991242474001095,0.9686282927503899,0.6
perp,ETHUSDT,1D,D2_compression_volume,"{""n"": 50, ""pct"": 0.2}",stress,0.000905,1.1975404758412551,-0.7935130756288556,0.1378381649117162,0.8377338372016004,1.4656619923515768,-0.16830762140487188,4,0.75,31.875855274418537,10.625285091472845,0.19517141528488519,0.37753602453875273,26.75,0.05856595511767926,0.7991242474001095,0.9686282927503898,0.6
perp,ETHUSDT,1D,D1_compression_breakout,"{""n"": 50, ""pct"": 0.3}",opt,0.000505,1.1975404758412551,-0.7935130756288556,-0.03529815021569005,-0.09184778721432829,-0.13427600495457906,-0.3442452604632784,11,0.18181818181818182,0.968085048125023,4.356382716562604,-0.0018075159109526473,2.84334475362189,18.636363636363637,0.11220580186097427,2.197591680350301,0.8541941932012809,0.2
perp,ETHUSDT,1D,D1_compression_breakout,"{""n"": 50, ""pct"": 0.3}",real,0.000705,1.1975404758412551,-0.7935130756288556,-0.03613904778926358,-0.09629543381806295,-0.1406463738728617,-0.3454616232056086,11,0.18181818181818182,0.968085048125023,4.356382716562604,-0.0018075159109526436,2.84334475362189,18.636363636363637,0.11220580186097427,2.197591680350301,0.8541941932012809,0.2
perp,ETHUSDT,1D,D1_compression_breakout,"{""n"": 50, ""pct"": 0.3}",stress,0.000905,1.1975404758412551,-0.7935130756288556,-0.036979214265071225,-0.10073897948689418,-0.14699888636701453,-0.34667577226324575,11,0.18181818181818182,0.968085048125023,4.356382716562604,-0.0018075159109526512,2.8433447536218894,18.636363636363637,0.11220580186097427,2.197591680350301,0.8541941932012809,0.2
perp,ETHUSDT,1D,D2_compression_volume,"{""n"": 50, ""pct"": 0.3}",opt,0.000505,1.1975404758412551,-0.7935130756288556,0.03499186470382387,0.32205795150916167,0.5010048754820892,-0.20562197700691587,4,0.5,2.941910770519401,2.941910770519401,0.05727335982843985,1.1897801824711771,15.0,0.03284072249589491,0.7991242474001095,0.6600848638847576,0.4
perp,ETHUSDT,1D,D2_compression_volume,"{""n"": 50, ""pct"": 0.3}",real,0.000705,1.1975404758412551,-0.7935130756288556,0.034649985953737916,0.3195976014050358,0.49673097747546696,-0.2061311775221566,4,0.5,2.9419107705194008,2.9419107705194008,0.057273359828439833,1.1897801824711776,15.0,0.03284072249589491,0.7991242474001095,0.6600848638847575,0.4
perp,ETHUSDT,1D,D2_compression_volume,"{""n"": 50, ""pct"": 0.3}",stress,0.000905,1.1975404758412551,-0.7935130756288556,0.03430821522578098,0.3171370257492919,0.49246467489606294,-0.20664009789753568,4,0.5,2.9419107705194008,2.9419107705194008,0.057273359828439833,1.1897801824711776,15.0,0.03284072249589491,0.7991242474001095,0.6600848638847575,0.4
spot,BTCUSDT,4h,C1_control,"{""n"": 20}",opt,0.001,0.9118870521753252,-0.93673061760841,0.03729920727700842,0.2692042906924765,0.4309109474340007,-0.584329737736738,148,0.4391891891891892,1.2846449606079995,1.6403927958532918,0.00582789508154126,0.8660132182404472,19.93243243243243,0.1825156220998577,20.05320794406979,0.2347716518859715,0.625
spot,BTCUSDT,4h,C1_control,"{""n"": 20}",real,0.0012,0.9118870521753252,-0.93673061760841,0.02901200796049519,0.24161615752975427,0.3855582823801656,-0.5896164165829164,148,0.4391891891891892,1.2846449606079995,1.6403927958532918,0.00582789508154126,0.8660132182404472,19.93243243243243,0.1825156220998577,20.05320794406979,0.23477165188597157,0.625
spot,BTCUSDT,4h,C1_control,"{""n"": 20}",stress,0.0024,0.9118870521753252,-0.93673061760841,-0.019339283960444598,0.0774192268604203,0.1213097016086794,-0.620706111946391,148,0.4391891891891892,1.2846449606079995,1.6403927958532918,0.00582789508154126,0.8660132182404472,19.93243243243243,0.1825156220998577,20.05320794406979,0.2347716518859715,0.625
spot,BTCUSDT,4h,D1_compression_breakout,"{""n"": 20, ""pct"": 0.1}",opt,0.001,0.9118870521753252,-0.93673061760841,0.07577976617548488,0.5555877711263177,1.1807837369205687,-0.22487054726861833,48,0.4791666666666667,2.1533349088140668,2.3405814226239854,0.01485028797135538,1.4074719497741814,17.729166666666668,0.05265111674812844,6.503743116995607,0.5439635795281792,1.0
spot,BTCUSDT,4h,D1_compression_breakout,"{""n"": 20, ""pct"": 0.1}",real,0.0012,0.9118870521753252,-0.93673061760841,0.07298476185869829,0.5380784986092622,1.137144151607982,-0.227810623278638,48,0.4791666666666667,2.1533349088140668,2.3405814226239854,0.014850287971355382,1.4074719497741812,17.729166666666668,0.05265111674812844,6.503743116995607,0.5439635795281792,0.875
spot,BTCUSDT,4h,D1_compression_breakout,"{""n"": 20, ""pct"": 0.1}",stress,0.0024,0.9118870521753252,-0.93673061760841,0.0563665387887331,0.4334858270138854,0.8861213818983205,-0.24521903848377058,48,0.4791666666666667,2.1533349088140668,2.3405814226239854,0.014850287971355383,1.407471949774181,17.729166666666668,0.05265111674812844,6.503743116995607,0.5439635795281792,0.875
spot,BTCUSDT,4h,D2_compression_volume,"{""n"": 20, ""pct"": 0.1}",opt,0.001,0.9118870521753252,-0.93673061760841,0.09347432836757763,0.6924605525885961,1.559390141199509,-0.17452924158878014,31,0.6129032258064516,3.6604326303659374,2.311852187599539,0.02517730327949586,1.1086765065755702,19.903225806451612,0.03817360638495329,4.2003340963929965,0.6252791249897764,0.75
spot,BTCUSDT,4h,D2_compression_volume,"{""n"": 20, ""pct"": 0.1}",real,0.0012,0.9118870521753252,-0.93673061760841,0.09163868563270805,0.6803402804455844,1.5241009624531177,-0.17782453364287787,31,0.6129032258064516,3.6604326303659374,2.311852187599539,0.02517730327949586,1.1086765065755704,19.903225806451612,0.03817360638495329,4.2003340963929965,0.6252791249897764,0.75
spot,BTCUSDT,4h,D2_compression_volume,"{""n"": 20, ""pct"": 0.1}",stress,0.0024,0.9118870521753252,-0.93673061760841,0.0806893374116151,0.6078309122573914,1.3202169021054695,-0.1973219060102085,31,0.6129032258064516,3.6604326303659374,2.311852187599539,0.02517730327949586,1.1086765065755702,19.903225806451612,0.03817360638495329,4.2003340963929965,0.6252791249897764,0.75
spot,BTCUSDT,4h,D1_compression_breakout,"{""n"": 20, ""pct"": 0.2}",opt,0.001,0.9118870521753252,-0.93673061760841,0.04381219919116397,0.3329038018872614,0.6257568861613579,-0.4026573744922122,72,0.4027777777777778,1.4932079550557644,2.214066967841306,0.008019360497634985,1.4769862332680332,17.88888888888889,0.07968817669987008,9.75561467549341,0.47725455976118275,0.75
spot,BTCUSDT,4h,D1_compression_breakout,"{""n"": 20, ""pct"": 0.2}",real,0.0012,0.9118870521753252,-0.93673061760841,0.039746919434323624,0.3100192002402797,0.5796980957283211,-0.4065869895763786,72,0.4027777777777778,1.4932079550557644,2.214066967841306,0.008019360497634985,1.4769862332680335,17.88888888888889,0.07968817669987008,9.75561467549341,0.47725455976118275,0.75
spot,BTCUSDT,4h,D1_compression_breakout,"{""n"": 20, ""pct"": 0.2}",stress,0.0024,0.9118870521753252,-0.93673061760841,0.01568552941281376,0.17378005147034772,0.31511051753081315,-0.42962825083091727,72,0.4027777777777778,1.4932079550557642,2.2140669678413056,0.008019360497634985,1.4769862332680328,17.88888888888889,0.07968817669987008,9.75561467549341,0.47725455976118275,0.75
spot,BTCUSDT,4h,D2_compression_volume,"{""n"": 20, ""pct"": 0.2}",opt,0.001,0.9118870521753252,-0.93673061760841,0.09205514042121665,0.6472498205167775,1.3862023622145028,-0.17094144217585272,47,0.48936170212765956,2.6404452461006436,2.7552472133224106,0.017370749012996966,1.360915857528452,19.595744680851062,0.056981995916599644,6.3682484687248655,0.5396875526283638,0.75
spot,BTCUSDT,4h,D2_compression_volume,"{""n"": 20, ""pct"": 0.2}",real,0.0012,0.9118870521753252,-0.93673061760841,0.08927688568554193,0.6302594410312201,1.342294190376196,-0.1724325891830375,47,0.48936170212765956,2.640445246100644,2.7552472133224106,0.017370749012996966,1.3609158575284515,19.595744680851062,0.056981995916599644,6.3682484687248655,0.5396875526283638,0.75
spot,BTCUSDT,4h,D2_compression_volume,"{""n"": 20, ""pct"": 0.2}",stress,0.0024,0.9118870521753252,-0.93673061760841,0.0727551233511361,0.5287632652261869,1.0896757738635061,-0.18132402482645738,47,0.48936170212765956,2.640445246100644,2.7552472133224106,0.017370749012996966,1.3609158575284517,19.595744680851062,0.056981995916599644,6.3682484687248655,0.5396875526283638,0.75
spot,BTCUSDT,4h,D1_compression_breakout,"{""n"": 20, ""pct"": 0.3}",opt,0.001,0.9118870521753252,-0.93673061760841,0.09301268016587638,0.5403080346977118,1.0033300046393152,-0.3015248574831547,86,0.43023255813953487,1.6906270864803599,2.2389385739875034,0.011520567642847899,1.3092775219205495,19.0,0.10109509373259914,11.652539751283797,0.37114114439761847,0.625
spot,BTCUSDT,4h,D1_compression_breakout,"{""n"": 20, ""pct"": 0.3}",real,0.0012,0.9118870521753252,-0.93673061760841,0.0879299789944823,0.5167632442603459,0.9552954106379599,-0.3051475055716515,86,0.43023255813953487,1.6906270864803596,2.238938573987503,0.0115205676428479,1.3092775219205495,19.0,0.10109509373259914,11.652539751283797,0.37114114439761847,0.625
spot,BTCUSDT,4h,D1_compression_breakout,"{""n"": 20, ""pct"": 0.3}",stress,0.0024,0.9118870521753252,-0.93673061760841,0.057926224016511485,0.3765125868013338,0.6777703660174397,-0.3335399551197613,86,0.43023255813953487,1.6906270864803599,2.2389385739875034,0.0115205676428479,1.3092775219205495,19.0,0.10109509373259914,11.652539751283797,0.37114114439761847,0.625
spot,BTCUSDT,4h,D2_compression_volume,"{""n"": 20, ""pct"": 0.3}",opt,0.001,0.9118870521753252,-0.93673061760841,0.12075256688915359,0.7459941929886063,1.5499173606418188,-0.18927366048650596,57,0.47368421052631576,2.5838623730990293,2.8709581923322545,0.018366559667902942,1.163756752515781,20.43859649122807,0.07207820330384211,7.7231949514322835,0.43222814878914784,0.875
spot,BTCUSDT,4h,D2_compression_volume,"{""n"": 20, ""pct"": 0.3}",real,0.0012,0.9118870521753252,-0.93673061760841,0.11729558900031001,0.7275258358324779,1.5037293281968087,-0.19170237564997417,57,0.47368421052631576,2.5838623730990284,2.8709581923322536,0.018366559667902942,1.1637567525157813,20.43859649122807,0.07207820330384211,7.7231949514322835,0.43222814878914784,0.875
spot,BTCUSDT,4h,D2_compression_volume,"{""n"": 20, ""pct"": 0.3}",stress,0.0024,0.9118870521753252,-0.93673061760841,0.09677645549280922,0.6172295265222886,1.2372694758346445,-0.230862376625116,57,0.47368421052631576,2.5838623730990284,2.8709581923322536,0.018366559667902942,1.1637567525157808,20.43859649122807,0.07207820330384211,7.7231949514322835,0.43222814878914784,0.875
spot,BTCUSDT,4h,C1_control,"{""n"": 50}",opt,0.001,0.9118870521753252,-0.93673061760841,0.047276162145372336,0.35548552001221423,0.6132711680900605,-0.2826377568419839,70,0.42857142857142855,1.5111769809053117,2.0149026412070827,0.008396317324836415,1.2402275431347833,18.37142857142857,0.0795644372950566,9.484625378951927,0.41752883371290367,0.5
spot,BTCUSDT,4h,C1_control,"{""n"": 50}",real,0.0012,0.9118870521753252,-0.93673061760841,0.04331047587351633,0.3329324290564843,0.5717383228641795,-0.28692904875806713,70,0.42857142857142855,1.511176980905312,2.0149026412070827,0.008396317324836417,1.2402275431347836,18.37142857142857,0.0795644372950566,9.484625378951927,0.41752883371290367,0.5
spot,BTCUSDT,4h,C1_control,"{""n"": 50}",stress,0.0024,0.9118870521753252,-0.93673061760841,0.019829677124563627,0.19883979594370482,0.33243084593869154,-0.31214311152318464,70,0.42857142857142855,1.511176980905312,2.0149026412070827,0.008396317324836417,1.2402275431347836,18.37142857142857,0.0795644372950566,9.484625378951927,0.41752883371290367,0.5
spot,BTCUSDT,4h,D1_compression_breakout,"{""n"": 50, ""pct"": 0.1}",opt,0.001,0.9118870521753252,-0.93673061760841,-0.002955805087898611,0.0017856493739997678,0.00299336695007,-0.24454178004116278,20,0.35,1.1153274750075788,2.0713224535855037,0.0018295848584886428,1.5045687445727258,17.25,0.02134504733032234,2.7098929654148365,0.9405498392432615,0.375
spot,BTCUSDT,4h,D1_compression_breakout,"{""n"": 50, ""pct"": 0.1}",real,0.0012,0.9118870521753252,-0.93673061760841,-0.00403597408426748,-0.011774477590927226,-0.0196426089213197,-0.24695538544528028,20,0.35,1.1153274750075788,2.0713224535855037,0.0018295848584886421,1.504568744572726,17.25,0.02134504733032234,2.7098929654148365,0.9405498392432615,0.375
spot,BTCUSDT,4h,D1_compression_breakout,"{""n"": 50, ""pct"": 0.1}",stress,0.0024,0.9118870521753252,-0.93673061760841,-0.010492471497626887,-0.0923971124501072,-0.14981623727052304,-0.26127597259804713,20,0.35,1.1153274750075788,2.0713224535855037,0.0018295848584886421,1.5045687445727258,17.25,0.02134504733032234,2.7098929654148365,0.9405498392432615,0.375
spot,BTCUSDT,4h,D2_compression_volume,"{""n"": 50, ""pct"": 0.1}",opt,0.001,0.9118870521753252,-0.93673061760841,0.028953195688178557,0.33936846136081655,0.7062658223032021,-0.1449629144256538,16,0.5,2.311199796013241,2.311199796013241,0.01708443822190841,1.4277173499083802,19.5,0.019303347150900204,2.167914372331869,0.949966773726736,0.5
spot,BTCUSDT,4h,D2_compression_volume,"{""n"": 50, ""pct"": 0.1}",real,0.0012,0.9118870521753252,-0.93673061760841,0.028061308400410212,0.3302837323403847,0.6842301809456026,-0.14684211831309146,16,0.5,2.3111997960132404,2.3111997960132404,0.01708443822190841,1.4277173499083795,19.5,0.019303347150900204,2.167914372331869,0.9499667737267361,0.5
spot,BTCUSDT,4h,D2_compression_volume,"{""n"": 50, ""pct"": 0.1}",stress,0.0024,0.9118870521753252,-0.93673061760841,0.022726184493551127,0.27604138724601013,0.5566088038814628,-0.15803165720295953,16,0.5,2.311199796013241,2.311199796013241,0.01708443822190841,1.42771734990838,19.5,0.019303347150900204,2.167914372331869,0.949966773726736,0.5
spot,BTCUSDT,4h,D1_compression_breakout,"{""n"": 50, ""pct"": 0.2}",opt,0.001,0.9118870521753252,-0.93673061760841,0.012734050365162286,0.16931346612653456,0.3057313701410502,-0.2797915488736823,36,0.3333333333333333,1.3551074127027831,2.7102148254055662,0.006173112380571517,1.8110850092268902,16.97222222222222,0.0378023881705129,4.877807337746705,0.7751326355025466,0.5
spot,BTCUSDT,4h,D1_compression_breakout,"{""n"": 50, ""pct"": 0.2}",real,0.0012,0.9118870521753252,-0.93673061760841,0.010760005765258818,0.1513858153520827,0.2719124251627958,-0.28438617006490385,36,0.3333333333333333,1.3551074127027831,2.7102148254055662,0.006173112380571517,1.8110850092268902,16.97222222222222,0.0378023881705129,4.877807337746705,0.7751326355025466,0.5
spot,BTCUSDT,4h,D1_compression_breakout,"{""n"": 50, ""pct"": 0.2}",stress,0.0024,0.9118870521753252,-0.93673061760841,-0.0010037440199861525,0.044868826310540476,0.07812445751560632,-0.3113449112649451,36,0.3333333333333333,1.3551074127027831,2.7102148254055662,0.006173112380571516,1.8110850092268902,16.97222222222222,0.0378023881705129,4.877807337746705,0.7751326355025466,0.375
spot,BTCUSDT,4h,D2_compression_volume,"{""n"": 50, ""pct"": 0.2}",opt,0.001,0.9118870521753252,-0.93673061760841,0.016411253575493445,0.2013449133728984,0.389345224467821,-0.21838228255139214,28,0.39285714285714285,1.5229284141532362,2.3536166400550016,0.007590970671536476,1.708914333209016,17.071428571428573,0.02957371775041762,3.793850151580771,0.8346262325660583,0.625
spot,BTCUSDT,4h,D2_compression_volume,"{""n"": 50, ""pct"": 0.2}",real,0.0012,0.9118870521753252,-0.93673061760841,0.01486997668053669,0.1874227967083905,0.36054713472167144,-0.22087946465484565,28,0.39285714285714285,1.5229284141532362,2.3536166400550016,0.0075909706715364764,1.708914333209016,17.071428571428573,0.02957371775041762,3.793850151580771,0.8346262325660583,0.625
spot,BTCUSDT,4h,D2_compression_volume,"{""n"": 50, ""pct"": 0.2}",stress,0.0024,0.9118870521753252,-0.93673061760841,0.005671252546395111,0.1046201791053325,0.19520821148937464,-0.23569593543661715,28,0.39285714285714285,1.522928414153236,2.353616640055001,0.007590970671536476,1.708914333209016,17.071428571428573,0.02957371775041762,3.793850151580771,0.8346262325660583,0.625
spot,BTCUSDT,4h,D1_compression_breakout,"{""n"": 50, ""pct"": 0.3}",opt,0.001,0.9118870521753252,-0.93673061760841,0.011099507611118442,0.149091954406917,0.2592421155491191,-0.21866071264290254,47,0.3404255319148936,1.2986175041329775,2.516071414257644,0.005141815389425687,1.6680242173669435,17.340425531914892,0.05042380746148611,6.3682484687248655,0.6254842241643549,0.375
spot,BTCUSDT,4h,D1_compression_breakout,"{""n"": 50, ""pct"": 0.3}",real,0.0012,0.9118870521753252,-0.93673061760841,0.008527208931973451,0.12903464441475715,0.22326068641308597,-0.2248864981494918,47,0.3404255319148936,1.2986175041329775,2.516071414257644,0.005141815389425686,1.6680242173669433,17.340425531914892,0.05042380746148611,6.3682484687248655,0.6254842241643549,0.375
spot,BTCUSDT,4h,D1_compression_breakout,"{""n"": 50, ""pct"": 0.3}",stress,0.0024,0.9118870521753252,-0.93673061760841,-0.006769771177238093,0.009943432373957277,0.01671396667829467,-0.2612132517183108,47,0.3404255319148936,1.2986175041329775,2.516071414257644,0.005141815389425687,1.6680242173669435,17.340425531914892,0.05042380746148611,6.3682484687248655,0.6254842241643549,0.375
spot,BTCUSDT,4h,D2_compression_volume,"{""n"": 50, ""pct"": 0.3}",opt,0.001,0.9118870521753252,-0.93673061760841,0.020450865541511876,0.22397184666517767,0.42403658067575445,-0.2144574062723721,35,0.37142857142857144,1.5139060168012848,2.5619947976637123,0.0074674059679508496,1.5803910052645938,17.542857142857144,0.037987997277733096,4.7423126894759635,0.6789379151440015,0.625
spot,BTCUSDT,4h,D2_compression_volume,"{""n"": 50, ""pct"": 0.3}",real,0.0012,0.9118870521753252,-0.93673061760841,0.018516979158289093,0.20845073659983426,0.392652433987366,-0.21681067779686813,35,0.37142857142857144,1.513906016801285,2.5619947976637127,0.007467405967950851,1.580391005264594,17.542857142857144,0.037987997277733096,4.7423126894759635,0.6789379151440014,0.625
spot,BTCUSDT,4h,D2_compression_volume,"{""n"": 50, ""pct"": 0.3}",stress,0.0024,0.9118870521753252,-0.93673061760841,0.006990357882064924,0.11624746993743292,0.2125343414038872,-0.24977108468990272,35,0.37142857142857144,1.5139060168012848,2.5619947976637123,0.0074674059679508496,1.580391005264594,17.542857142857144,0.037987997277733096,4.7423126894759635,0.6789379151440015,0.625
spot,BTCUSDT,1D,C1_control,"{""n"": 20}",opt,0.001,1.1312285351614524,-0.9391585412574714,0.09036136640929437,0.4283863346064063,0.6771853648460334,-0.4742543460240699,23,0.30434782608695654,2.0326530058691126,4.646064013415114,0.0439928800367353,1.376803404016194,20.347826086956523,0.17371937639198218,3.1161841128433556,0.9043842130844361,0.625
spot,BTCUSDT,1D,C1_control,"{""n"": 20}",real,0.0012,1.1312285351614524,-0.9391585412574714,0.08900310474890727,0.4244192573916813,0.6705062213217865,-0.47572437663556266,23,0.30434782608695654,2.032653005869112,4.646064013415113,0.043992880036735314,1.3768034040161936,20.347826086956523,0.17371937639198218,3.1161841128433556,0.9043842130844361,0.625
spot,BTCUSDT,1D,C1_control,"{""n"": 20}",stress,0.0024,1.1312285351614524,-0.9391585412574714,0.08088897543397522,0.4006613202733477,0.6306641063999632,-0.4844586630195362,23,0.30434782608695654,2.0326530058691126,4.646064013415114,0.043992880036735314,1.3768034040161936,20.347826086956523,0.17371937639198218,3.1161841128433556,0.9043842130844361,0.625
spot,BTCUSDT,1D,D1_compression_breakout,"{""n"": 20, ""pct"": 0.1}",opt,0.001,1.1312285351614524,-0.9391585412574714,-0.05784479412550969,-0.6224087213981238,-0.7351986578616266,-0.3798976788899927,6,0.0,0.0,,-0.0683045112955675,-0.3881097605424186,9.333333333333334,0.020786933927245732,0.8129175946547884,,0.0
spot,BTCUSDT,1D,D1_compression_breakout,"{""n"": 20, ""pct"": 0.1}",real,0.0012,1.1312285351614524,-0.9391585412574714,-0.05815110251127009,-0.6253133408773983,-0.7383044945287446,-0.38126054222317385,6,0.0,0.0,,-0.0683045112955675,-0.3881097605424186,9.333333333333334,0.020786933927245732,0.8129175946547884,,0.0
spot,BTCUSDT,1D,D1_compression_breakout,"{""n"": 20, ""pct"": 0.1}",stress,0.0024,1.1312285351614524,-0.9391585412574714,-0.05998686660387542,-0.642514900935472,-0.7566387017072279,-0.3893755809212872,6,0.0,0.0,,-0.0683045112955675,-0.38810976054241925,9.333333333333334,0.020786933927245732,0.8129175946547884,,0.0
spot,BTCUSDT,1D,D2_compression_volume,"{""n"": 20, ""pct"": 0.1}",opt,0.001,1.1312285351614524,-0.9391585412574714,0.010513125897838593,0.17152174921311272,0.2739374880653908,-0.1621188186441891,3,0.3333333333333333,2.325887214755905,4.65177442951181,0.03269601714962693,1.6362761392727978,20.666666666666668,0.02301410541945063,0.4064587973273942,0.5700565385734119,0.125
spot,BTCUSDT,1D,D2_compression_volume,"{""n"": 20, ""pct"": 0.1}",real,0.0012,1.1312285351614524,-0.9391585412574714,0.01034884627351973,0.16943086789711853,0.27023987467594573,-0.16245390450166286,3,0.3333333333333333,2.3258872147559053,4.651774429511811,0.032696017149626944,1.6362761392727974,20.666666666666668,0.02301410541945063,0.4064587973273942,0.570056538573412,0.125
spot,BTCUSDT,1D,D2_compression_volume,"{""n"": 20, ""pct"": 0.1}",stress,0.0024,1.1312285351614524,-0.9391585412574714,0.009363727109409137,0.1569152197806023,0.24831075037456277,-0.16446161166446027,3,0.3333333333333333,2.3258872147559053,4.651774429511811,0.03269601714962694,1.6362761392727965,20.666666666666668,0.02301410541945063,0.4064587973273942,0.5700565385734119,0.125
spot,BTCUSDT,1D,D1_compression_breakout,"{""n"": 20, ""pct"": 0.2}",opt,0.001,1.1312285351614524,-0.9391585412574714,-0.03912129734659198,-0.1522217674479445,-0.2230820153302035,-0.3799160099888066,8,0.125,0.47884084177433744,3.351885892420362,-0.02980381799034687,2.379237165761349,13.25,0.03934669636228656,1.0838901262063847,0.1989718971070872,0.125
spot,BTCUSDT,1D,D1_compression_breakout,"{""n"": 20, ""pct"": 0.2}",real,0.0012,1.1312285351614524,-0.9391585412574714,-0.0395378023316143,-0.15467644660708696,-0.2265685369097651,-0.38127883303382604,8,0.125,0.47884084177433744,3.351885892420362,-0.02980381799034687,2.3792371657613494,13.25,0.03934669636228656,1.0838901262063847,0.1989718971070872,0.125
spot,BTCUSDT,1D,D1_compression_breakout,"{""n"": 20, ""pct"": 0.2}",stress,0.0024,1.1312285351614524,-0.9391585412574714,-0.04203304900301941,-0.1693508125891511,-0.24733332323057733,-0.38939363183995535,8,0.125,0.4788408417743375,3.3518858924203623,-0.029803817990346863,2.3792371657613494,13.25,0.03934669636228656,1.0838901262063847,0.19897189710708732,0.125
spot,BTCUSDT,1D,D2_compression_volume,"{""n"": 20, ""pct"": 0.2}",opt,0.001,1.1312285351614524,-0.9391585412574714,0.049726739317508706,0.48854121201245737,0.856412352331543,-0.1621188186441891,4,0.5,6.747470369680301,6.747470369680301,0.10629828899623014,0.5972966355417335,28.0,0.041573867854491464,0.5419450631031923,0.8517963110303542,0.25
spot,BTCUSDT,1D,D2_compression_volume,"{""n"": 20, ""pct"": 0.2}",real,0.0012,1.1312285351614524,-0.9391585412574714,0.04949920601484359,0.4864937928615752,0.8519467411617099,-0.16245390450166286,4,0.5,6.747470369680305,6.747470369680305,0.10629828899623019,0.5972966355417338,28.0,0.041573867854491464,0.5419450631031923,0.8517963110303542,0.25
spot,BTCUSDT,1D,D2_compression_volume,"{""n"": 20, ""pct"": 0.2}",stress,0.0024,1.1312285351614524,-0.9391585412574714,0.04813503859588186,0.4742112955582992,0.8253200283386563,-0.16446161166446027,4,0.5,6.747470369680304,6.747470369680304,0.10629828899623017,0.5972966355417335,28.0,0.041573867854491464,0.5419450631031923,0.8517963110303544,0.25
spot,BTCUSDT,1D,D1_compression_breakout,"{""n"": 20, ""pct"": 0.3}",opt,0.001,1.1312285351614524,-0.9391585412574714,-0.0033798233153831125,0.10041037224407129,0.16013878863109998,-0.40225037067245295,9,0.2222222222222222,1.1608256601771152,4.062889810619903,0.00817531224547833,1.5729165030274836,16.555555555555557,0.055308092056421676,1.2193763919821827,0.7709329017365393,0.25
spot,BTCUSDT,1D,D1_compression_breakout,"{""n"": 20, ""pct"": 0.3}",real,0.0012,1.1312285351614524,-0.9391585412574714,-0.0038658074219889427,0.09838675823498041,0.15684441663340457,-0.40356410717125313,9,0.2222222222222222,1.1608256601771152,4.062889810619903,0.008175312245478334,1.5729165030274834,16.555555555555557,0.055308092056421676,1.2193763919821827,0.7709329017365394,0.25
spot,BTCUSDT,1D,D1_compression_breakout,"{""n"": 20, ""pct"": 0.3}",stress,0.0024,1.1312285351614524,-0.9391585412574714,-0.006776745732274714,0.08626692037867568,0.13716954262592693,-0.4113866248568717,9,0.2222222222222222,1.1608256601771152,4.062889810619903,0.008175312245478334,1.5729165030274834,16.555555555555557,0.055308092056421676,1.2193763919821827,0.7709329017365393,0.25
spot,BTCUSDT,1D,D2_compression_volume,"{""n"": 20, ""pct"": 0.3}",opt,0.001,1.1312285351614524,-0.9391585412574714,0.049726739317508706,0.48854121201245737,0.856412352331543,-0.1621188186441891,4,0.5,6.747470369680301,6.747470369680301,0.10629828899623014,0.5972966355417335,28.0,0.041573867854491464,0.5419450631031923,0.8517963110303542,0.25
spot,BTCUSDT,1D,D2_compression_volume,"{""n"": 20, ""pct"": 0.3}",real,0.0012,1.1312285351614524,-0.9391585412574714,0.04949920601484359,0.4864937928615752,0.8519467411617099,-0.16245390450166286,4,0.5,6.747470369680305,6.747470369680305,0.10629828899623019,0.5972966355417338,28.0,0.041573867854491464,0.5419450631031923,0.8517963110303542,0.25
spot,BTCUSDT,1D,D2_compression_volume,"{""n"": 20, ""pct"": 0.3}",stress,0.0024,1.1312285351614524,-0.9391585412574714,0.04813503859588186,0.4742112955582992,0.8253200283386563,-0.16446161166446027,4,0.5,6.747470369680304,6.747470369680304,0.10629828899623017,0.5972966355417335,28.0,0.041573867854491464,0.5419450631031923,0.8517963110303544,0.25
spot,BTCUSDT,1D,C1_control,"{""n"": 50}",opt,0.001,1.1312285351614524,-0.9391585412574714,0.006871264175188019,0.11786789923572397,0.16428102015345925,-0.3189696605540483,10,0.4,1.3716823510402083,2.0575235265603125,0.012235825120567888,1.2729643833466935,18.5,0.06867112100965107,1.3548626577579808,0.9997561031007113,0.25
spot,BTCUSDT,1D,C1_control,"{""n"": 50}",real,0.0012,1.1312285351614524,-0.9391585412574714,0.006325742437246262,0.1136554002193293,0.15823511720382527,-0.32019456359965703,10,0.4,1.3716823510402083,2.0575235265603125,0.012235825120567891,1.2729643833466935,18.5,0.06867112100965107,1.3548626577579808,0.9997561031007113,0.25
spot,BTCUSDT,1D,C1_control,"{""n"": 50}",stress,0.0024,1.1312285351614524,-0.9391585412574714,0.0030588062308063435,0.08850537088971124,0.12241566436161946,-0.32749843541577106,10,0.4,1.3716823510402083,2.0575235265603125,0.012235825120567891,1.2729643833466933,18.5,0.06867112100965107,1.3548626577579808,0.9997561031007113,0.25
spot,BTCUSDT,1D,D1_compression_breakout,"{""n"": 50, ""pct"": 0.1}",opt,0.001,1.1312285351614524,-0.9391585412574714,-0.034654117017165476,-0.7408820946194885,-0.7545561915089652,-0.2291895881315148,3,0.0,0.0,,-0.08125269221632316,1.7037467894424618,4.333333333333333,0.004825538233110616,0.4064587973273942,,0.0
spot,BTCUSDT,1D,D1_compression_breakout,"{""n"": 50, ""pct"": 0.1}",real,0.0012,1.1312285351614524,-0.9391585412574714,-0.034811053780211654,-0.7423491098312257,-0.7558608883195785,-0.23011400698514228,3,0.0,0.0,,-0.08125269221632316,1.7037467894424618,4.333333333333333,0.004825538233110616,0.4064587973273942,,0.0
spot,BTCUSDT,1D,D1_compression_breakout,"{""n"": 50, ""pct"": 0.1}",stress,0.0024,1.1312285351614524,-0.9391585412574714,-0.035752140743804284,-0.7508101956121046,-0.7634432046388069,-0.23563729698842828,3,0.0,0.0,,-0.08125269221632314,1.7037467894424578,4.333333333333333,0.004825538233110616,0.4064587973273942,,0.0
spot,BTCUSDT,1D,D2_compression_volume,"{""n"": 50, ""pct"": 0.1}",opt,0.001,1.1312285351614524,-0.9391585412574714,0.021467229376611607,0.4415176265136522,0.9340797948645566,-0.07054429201247592,1,1.0,,,0.17206723335609814,,27.0,0.01002227171492205,0.1354862657757981,1.0,0.125
spot,BTCUSDT,1D,D2_compression_volume,"{""n"": 50, ""pct"": 0.1}",real,0.0012,1.1312285351614524,-0.9391585412574714,0.021411872897259654,0.44054523284779157,0.9301816386399625,-0.07073036923129228,1,1.0,,,0.1720672333560981,,27.0,0.01002227171492205,0.1354862657757981,1.0,0.125
spot,BTCUSDT,1D,D2_compression_volume,"{""n"": 50, ""pct"": 0.1}",stress,0.0024,1.1312285351614524,-0.9391585412574714,0.02107979630144219,0.43466569961189416,0.9069826268963295,-0.07184683254419033,1,1.0,,,0.1720672333560981,,27.0,0.01002227171492205,0.1354862657757981,1.0,0.125
spot,BTCUSDT,1D,D1_compression_breakout,"{""n"": 50, ""pct"": 0.2}",opt,0.001,1.1312285351614524,-0.9391585412574714,-0.017461269308360006,-0.1996008198011419,-0.2708559565156314,-0.2291895881315148,5,0.2,0.6421994977600901,2.5687979910403604,-0.019173401015907723,1.963419431957466,10.8,0.0200445434298441,0.6774313288789904,-0.5571485239211063,0.125
spot,BTCUSDT,1D,D1_compression_breakout,"{""n"": 50, ""pct"": 0.2}",real,0.0012,1.1312285351614524,-0.9391585412574714,-0.017727474569772972,-0.2029276495153099,-0.2749368891286074,-0.23011400698514228,5,0.2,0.6421994977600901,2.5687979910403604,-0.019173401015907723,1.963419431957466,10.8,0.0200445434298441,0.6774313288789904,-0.5571485239211063,0.125
spot,BTCUSDT,1D,D1_compression_breakout,"{""n"": 50, ""pct"": 0.2}",stress,0.0024,1.1312285351614524,-0.9391585412574714,-0.01932319562750673,-0.22267250082954382,-0.29890535909744614,-0.23563729698842828,5,0.2,0.6421994977600901,2.5687979910403604,-0.01917340101590772,1.9634194319574658,10.8,0.0200445434298441,0.6774313288789904,-0.5571485239211064,0.125
spot,BTCUSDT,1D,D2_compression_volume,"{""n"": 50, ""pct"": 0.2}",opt,0.001,1.1312285351614524,-0.9391585412574714,0.10158527094266767,0.8583133652068482,1.6123310295819058,-0.1338508663954191,3,1.0,,,0.2733637797104272,-1.7223784445764985,37.333333333333336,0.041573867854491464,0.4064587973273942,1.0,0.375
spot,BTCUSDT,1D,D2_compression_volume,"{""n"": 50, ""pct"": 0.2}",real,0.0012,1.1312285351614524,-0.9391585412574714,0.10140618567417614,0.8568408854589356,1.6080795607219582,-0.13419725718637165,3,1.0,,,0.27336377971042713,-1.7223784445764936,37.333333333333336,0.041573867854491464,0.4064587973273942,1.0,0.375
spot,BTCUSDT,1D,D2_compression_volume,"{""n"": 50, ""pct"": 0.2}",stress,0.0024,1.1312285351614524,-0.9391585412574714,0.10033228298702057,0.8479848199747126,1.5826622496666127,-0.13627269921596197,3,1.0,,,0.27336377971042713,-1.7223784445764958,37.333333333333336,0.041573867854491464,0.4064587973273942,0.9999999999999999,0.375
spot,BTCUSDT,1D,D1_compression_breakout,"{""n"": 50, ""pct"": 0.3}",opt,0.001,1.1312285351614524,-0.9391585412574714,-0.024028566899638393,-0.30164038031737445,-0.39170024836986983,-0.2291895881315148,5,0.2,0.5461400290160171,2.1845601160640684,-0.028598683630275557,2.2128325972303275,8.8,0.016332590942835932,0.6774313288789904,-0.8310322387496561,0.125
spot,BTCUSDT,1D,D1_compression_breakout,"{""n"": 50, ""pct"": 0.3}",real,0.0012,1.1312285351614524,-0.9391585412574714,-0.024292992842722794,-0.3049675888663561,-0.39543746521997847,-0.23011400698514228,5,0.2,0.5461400290160171,2.1845601160640684,-0.02859868363027555,2.212832597230327,8.8,0.016332590942835932,0.6774313288789904,-0.831032238749656,0.125
spot,BTCUSDT,1D,D1_compression_breakout,"{""n"": 50, ""pct"": 0.3}",stress,0.0024,1.1312285351614524,-0.9391585412574714,-0.025878048086752314,-0.32468636033838166,-0.4173916584734276,-0.23563729698842828,5,0.2,0.5461400290160171,2.1845601160640684,-0.028598683630275547,2.212832597230327,8.8,0.016332590942835932,0.6774313288789904,-0.8310322387496564,0.125
spot,BTCUSDT,1D,D2_compression_volume,"{""n"": 50, ""pct"": 0.3}",opt,0.001,1.1312285351614524,-0.9391585412574714,0.10158527094266767,0.8583133652068482,1.6123310295819058,-0.1338508663954191,3,1.0,,,0.2733637797104272,-1.7223784445764985,37.333333333333336,0.041573867854491464,0.4064587973273942,1.0,0.375
spot,BTCUSDT,1D,D2_compression_volume,"{""n"": 50, ""pct"": 0.3}",real,0.0012,1.1312285351614524,-0.9391585412574714,0.10140618567417614,0.8568408854589356,1.6080795607219582,-0.13419725718637165,3,1.0,,,0.27336377971042713,-1.7223784445764936,37.333333333333336,0.041573867854491464,0.4064587973273942,1.0,0.375
spot,BTCUSDT,1D,D2_compression_volume,"{""n"": 50, ""pct"": 0.3}",stress,0.0024,1.1312285351614524,-0.9391585412574714,0.10033228298702057,0.8479848199747126,1.5826622496666127,-0.13627269921596197,3,1.0,,,0.27336377971042713,-1.7223784445764958,37.333333333333336,0.041573867854491464,0.4064587973273942,0.9999999999999999,0.375
spot,ETHUSDT,4h,C1_control,"{""n"": 20}",opt,0.001,0.7861327026745005,-0.9408005648333597,-0.05138949563250861,0.03632532363895275,0.05902513249867507,-0.7245593917369921,169,0.33727810650887574,1.1314757077332436,2.2232505134407594,0.003319407690876053,3.2282165903307645,17.449704142011836,0.18245375239745096,22.898595557755367,0.4195293745328389,0.375
spot,ETHUSDT,4h,C1_control,"{""n"": 20}",real,0.0012,0.7861327026745005,-0.9408005648333597,-0.06003857461884887,0.01181909657641142,0.019154121523408965,-0.7276816480367965,169,0.33727810650887574,1.1314757077332436,2.2232505134407594,0.0033194076908760525,3.2282165903307636,17.449704142011836,0.18245375239745096,22.898595557755367,0.4195293745328389,0.25
spot,ETHUSDT,4h,C1_control,"{""n"": 20}",stress,0.0024,0.7861327026745005,-0.9408005648333597,-0.1103020495558118,-0.1341742940846762,-0.21406562905350232,-0.7651257189185668,169,0.33727810650887574,1.1314757077332436,2.2232505134407594,0.003319407690876053,3.2282165903307645,17.449704142011836,0.18245375239745096,22.898595557755367,0.4195293745328389,0.25
spot,ETHUSDT,4h,D1_compression_breakout,"{""n"": 20, ""pct"": 0.1}",opt,0.001,0.7861327026745005,-0.9408005648333597,0.10869004322358466,0.6137786698525802,1.1986864549087881,-0.41453528039976995,46,0.41304347826086957,2.242274201105809,3.186389654202992,0.024939330327249386,3.231109327534177,17.369565217391305,0.04943389222297841,6.232753820454124,0.7521667110896706,0.5
spot,ETHUSDT,4h,D1_compression_breakout,"{""n"": 20, ""pct"": 0.1}",real,0.0012,0.7861327026745005,-0.9408005648333597,0.10592940573764764,0.6009742002887032,1.1694735463398094,-0.417338780672053,46,0.41304347826086957,2.242274201105809,3.186389654202992,0.024939330327249386,3.2311093275341767,17.369565217391305,0.04943389222297841,6.232753820454124,0.7521667110896706,0.5
spot,ETHUSDT,4h,D1_compression_breakout,"{""n"": 20, ""pct"": 0.1}",stress,0.0024,0.7861327026745005,-0.9408005648333597,0.08950930195461582,0.5244693557043656,0.9991464592896424,-0.4338801404599223,46,0.41304347826086957,2.242274201105809,3.186389654202992,0.024939330327249386,3.2311093275341767,17.369565217391305,0.04943389222297841,6.232753820454124,0.7521667110896706,0.5
spot,ETHUSDT,4h,D2_compression_volume,"{""n"": 20, ""pct"": 0.1}",opt,0.001,0.7861327026745005,-0.9408005648333597,0.08662127699228739,0.6673603816263105,1.3206772448842623,-0.14170280609170327,29,0.4827586206896552,3.173447220831503,3.4001220223194677,0.028029175763006644,4.027117903934588,14.724137931034482,0.026418362927674317,3.9293447998515125,0.7972595823324264,0.5
spot,ETHUSDT,4h,D2_compression_volume,"{""n"": 20, ""pct"": 0.1}",real,0.0012,0.7861327026745005,-0.9408005648333597,0.0849147325276558,0.6556402063850554,1.2915602454162594,-0.14290377144165944,29,0.4827586206896552,3.173447220831503,3.4001220223194677,0.028029175763006647,4.027117903934588,14.724137931034482,0.026418362927674317,3.9293447998515125,0.7972595823324266,0.5
spot,ETHUSDT,4h,D2_compression_volume,"{""n"": 20, ""pct"": 0.1}",stress,0.0024,0.7861327026745005,-0.9408005648333597,0.07473157977244504,0.5855121078354187,1.122740110437677,-0.1500750857313281,29,0.4827586206896552,3.1734472208315028,3.4001220223194673,0.028029175763006647,4.027117903934588,14.724137931034482,0.026418362927674317,3.9293447998515125,0.7972595823324266,0.5
spot,ETHUSDT,4h,D1_compression_breakout,"{""n"": 20, ""pct"": 0.2}",opt,0.001,0.7861327026745005,-0.9408005648333597,0.09321193368167058,0.5118459996481748,0.9553133410459965,-0.42448741240926624,62,0.4032258064516129,1.9195554451748815,2.8409420588588246,0.01749941083167264,3.691867453811379,16.838709677419356,0.0645919693126276,8.400668192785993,0.6876859079095515,0.5
spot,ETHUSDT,4h,D1_compression_breakout,"{""n"": 20, ""pct"": 0.2}",real,0.0012,0.7861327026745005,-0.9408005648333597,0.0895446099889532,0.49640772023055135,0.9233503927298792,-0.42861622648240105,62,0.4032258064516129,1.9195554451748815,2.8409420588588246,0.01749941083167264,3.6918674538113776,16.838709677419356,0.0645919693126276,8.400668192785993,0.6876859079095515,0.5
spot,ETHUSDT,4h,D1_compression_breakout,"{""n"": 20, ""pct"": 0.2}",stress,0.0024,0.7861327026745005,-0.9408005648333597,0.06779753493536433,0.4040963134064217,0.736627823383854,-0.4527745107381751,62,0.4032258064516129,1.9195554451748815,2.8409420588588246,0.017499410831672647,3.6918674538113785,16.838709677419356,0.0645919693126276,8.400668192785993,0.6876859079095515,0.5
spot,ETHUSDT,4h,D2_compression_volume,"{""n"": 20, ""pct"": 0.2}",opt,0.001,0.7861327026745005,-0.9408005648333597,0.07541352621256414,0.5249140499931568,1.0609370143553105,-0.2058918902456367,40,0.425,2.3462721673423013,3.17436822640429,0.01936869748836288,4.2135692680887,15.125,0.03743116995607251,5.419785930829673,0.7707741018662683,0.5
spot,ETHUSDT,4h,D2_compression_volume,"{""n"": 20, ""pct"": 0.2}",real,0.0012,0.7861327026745005,-0.9408005648333597,0.07308464426761563,0.5113134883342229,1.0287465156594193,-0.20747852123039512,40,0.425,2.3462721673423017,3.1743682264042907,0.01936869748836288,4.213569268088702,15.125,0.03743116995607251,5.419785930829673,0.7707741018662682,0.5
spot,ETHUSDT,4h,D2_compression_volume,"{""n"": 20, ""pct"": 0.2}",stress,0.0024,0.7861327026745005,-0.9408005648333597,0.05921685202180926,0.4300847894398992,0.8423852601611831,-0.21693197656567065,40,0.425,2.3462721673423017,3.1743682264042907,0.019368697488362886,4.213569268088701,15.125,0.03743116995607251,5.419785930829673,0.7707741018662682,0.5
spot,ETHUSDT,4h,D1_compression_breakout,"{""n"": 20, ""pct"": 0.3}",opt,0.001,0.7861327026745005,-0.9408005648333597,0.09777553799627658,0.4959460898696506,0.9229636374646591,-0.33054093329513434,80,0.3875,1.7506281220513058,2.7671218703391607,0.014934263617367008,3.7007635398926872,16.5125,0.08172987687929222,10.839571861659346,0.6057730889592351,0.5
spot,ETHUSDT,4h,D1_compression_breakout,"{""n"": 20, ""pct"": 0.3}",real,0.0012,0.7861327026745005,-0.9408005648333597,0.09302606938263103,0.47830019573878446,0.8869807528107225,-0.3369369978643669,80,0.3875,1.7506281220513058,2.7671218703391607,0.014934263617367004,3.7007635398926872,16.5125,0.08172987687929222,10.839571861659346,0.6057730889592351,0.5
spot,ETHUSDT,4h,D1_compression_breakout,"{""n"": 20, ""pct"": 0.3}",stress,0.0024,0.7861327026745005,-0.9408005648333597,0.06495761500343611,0.3729312841404377,0.6772575060932325,-0.37405042422220725,80,0.3875,1.7506281220513058,2.7671218703391607,0.014934263617367011,3.7007635398926872,16.5125,0.08172987687929222,10.839571861659346,0.6057730889592351,0.5
spot,ETHUSDT,4h,D2_compression_volume,"{""n"": 20, ""pct"": 0.3}",opt,0.001,0.7861327026745005,-0.9408005648333597,0.010921088227109355,0.14581329632414147,0.2661730022895757,-0.30456101697591587,47,0.3404255319148936,1.3432475205355852,2.6025420710376963,0.007232936758368568,4.430124249619885,14.02127659574468,0.04077213388603601,6.3682484687248655,0.7752512491236998,0.375
spot,ETHUSDT,4h,D2_compression_volume,"{""n"": 20, ""pct"": 0.3}",real,0.0012,0.7861327026745005,-0.9408005648333597,0.008349243457735467,0.13089479449321154,0.2379380871624682,-0.3092739655929889,47,0.3404255319148936,1.3432475205355854,2.6025420710376967,0.00723293675836857,4.430124249619883,14.02127659574468,0.04077213388603601,6.3682484687248655,0.7752512491236999,0.25
spot,ETHUSDT,4h,D2_compression_volume,"{""n"": 20, ""pct"": 0.3}",stress,0.0024,0.7861327026745005,-0.9408005648333597,-0.006945037334793902,0.04203652869849614,0.07454755303636422,-0.3368885132136157,47,0.3404255319148936,1.3432475205355852,2.6025420710376963,0.0072329367583685664,4.430124249619885,14.02127659574468,0.04077213388603601,6.3682484687248655,0.7752512491236998,0.25
spot,ETHUSDT,4h,C1_control,"{""n"": 50}",opt,0.001,0.7861327026745005,-0.9408005648333597,0.16140830085721003,0.727187478094012,1.4512914290858003,-0.3212881767477308,65,0.4153846153846154,2.202014222989373,3.09913112865171,0.02352057195554837,2.2862843830340718,18.43076923076923,0.07411990348326425,8.807152137598218,0.5638760262580939,0.5
spot,ETHUSDT,4h,C1_control,"{""n"": 50}",real,0.0012,0.7861327026745005,-0.9408005648333597,0.15732401447213862,0.7126059504730958,1.417165164150298,-0.32440323376368907,65,0.4153846153846154,2.202014222989373,3.09913112865171,0.02352057195554837,2.2862843830340713,18.43076923076923,0.07411990348326425,8.807152137598218,0.5638760262580939,0.5
spot,ETHUSDT,4h,C1_control,"{""n"": 50}",stress,0.0024,0.7861327026745005,-0.9408005648333597,0.1331181076836918,0.6253564580205715,1.2178555997697693,-0.3540542215218717,65,0.4153846153846154,2.202014222989373,3.09913112865171,0.02352057195554837,2.286284383034071,18.43076923076923,0.07411990348326425,8.807152137598218,0.5638760262580937,0.5
spot,ETHUSDT,4h,D1_compression_breakout,"{""n"": 50, ""pct"": 0.1}",opt,0.001,0.7861327026745005,-0.9408005648333597,0.053735618186607104,0.4464532625289151,0.8429475646194903,-0.2551807372471053,23,0.43478260869565216,2.2107534747028152,2.8739795171136593,0.022165006366484333,1.8969119791622522,18.17391304347826,0.025861535606013734,3.116376910227062,0.7804100691476207,0.5
spot,ETHUSDT,4h,D1_compression_breakout,"{""n"": 50, ""pct"": 0.1}",real,0.0012,0.7861327026745005,-0.9408005648333597,0.05242290000875105,0.43726678741371744,0.8226425328357975,-0.2569661622769869,23,0.43478260869565216,2.2107534747028144,2.873979517113659,0.022165006366484333,1.8969119791622524,18.17391304347826,0.025861535606013734,3.116376910227062,0.7804100691476207,0.5
spot,ETHUSDT,4h,D1_compression_breakout,"{""n"": 50, ""pct"": 0.1}",stress,0.0024,0.7861327026745005,-0.9408005648333597,0.04458084535331941,0.38229108004416473,0.7041019883158123,-0.26758921568280714,23,0.43478260869565216,2.210753474702815,2.8739795171136593,0.022165006366484333,1.8969119791622528,18.17391304347826,0.025861535606013734,3.116376910227062,0.7804100691476207,0.5
spot,ETHUSDT,4h,D2_compression_volume,"{""n"": 50, ""pct"": 0.1}",opt,0.001,0.7861327026745005,-0.9408005648333597,0.04104541827337971,0.45240745739153876,0.9002665358140445,-0.11791448162245977,16,0.5,3.2751926808075225,3.2751926808075225,0.02200117054060982,0.7783213574664246,18.625,0.018437171317205965,2.167914372331869,0.8733757530242945,0.75
spot,ETHUSDT,4h,D2_compression_volume,"{""n"": 50, ""pct"": 0.1}",real,0.0012,0.7861327026745005,-0.9408005648333597,0.04014304955686443,0.44350529695872787,0.8789658098092828,-0.11897235067968193,16,0.5,3.275192680807522,3.275192680807522,0.02200117054060982,0.7783213574664245,18.625,0.018437171317205965,2.167914372331869,0.8733757530242944,0.75
spot,ETHUSDT,4h,D2_compression_volume,"{""n"": 50, ""pct"": 0.1}",stress,0.0024,0.7861327026745005,-0.9408005648333597,0.03474522745724795,0.39020167055476274,0.7548943929401682,-0.12529298938756805,16,0.5,3.275192680807522,3.275192680807522,0.022001170540609814,0.7783213574664246,18.625,0.018437171317205965,2.167914372331869,0.8733757530242944,0.625
spot,ETHUSDT,4h,D1_compression_breakout,"{""n"": 50, ""pct"": 0.2}",opt,0.001,0.7861327026745005,-0.9408005648333597,0.1681728980077608,0.8922050419318652,2.015714820826536,-0.2891727103143943,30,0.5,3.578615501450133,3.5786155014501335,0.04753677377805829,1.7547705197257548,20.866666666666667,0.03873043370661387,4.064839448122254,0.7068975187828567,0.75
spot,ETHUSDT,4h,D1_compression_breakout,"{""n"": 50, ""pct"": 0.2}",real,0.0012,0.7861327026745005,-0.9408005648333597,0.16627506488932586,0.8836575237806605,1.9894250418678792,-0.29172709101258687,30,0.5,3.578615501450133,3.5786155014501335,0.04753677377805828,1.7547705197257548,20.866666666666667,0.03873043370661387,4.064839448122254,0.7068975187828566,0.75
spot,ETHUSDT,4h,D1_compression_breakout,"{""n"": 50, ""pct"": 0.2}",stress,0.0024,0.7861327026745005,-0.9408005648333597,0.15495261523371662,0.8323605110312984,1.8353185577267555,-0.3068617934780785,30,0.5,3.578615501450133,3.5786155014501335,0.04753677377805829,1.7547705197257548,20.866666666666667,0.03873043370661387,4.064839448122254,0.7068975187828567,0.75
spot,ETHUSDT,4h,D2_compression_volume,"{""n"": 50, ""pct"": 0.2}",opt,0.001,0.7861327026745005,-0.9408005648333597,0.1866475929878837,1.1073879542641027,2.612247300150276,-0.1186221081871578,22,0.5454545454545454,8.585035714708548,7.15419642892379,0.06750003198812274,1.8056412735563172,24.318181818181817,0.033100290787601315,2.98088226195632,0.748394782276058,0.875
spot,ETHUSDT,4h,D2_compression_volume,"{""n"": 50, ""pct"": 0.2}",real,0.0012,0.7861327026745005,-0.9408005648333597,0.1852335317652385,1.1000290273055586,2.5856779289809606,-0.11932692938971945,22,0.5454545454545454,8.585035714708551,7.154196428923794,0.06750003198812274,1.8056412735563168,24.318181818181817,0.033100290787601315,2.98088226195632,0.748394782276058,0.875
spot,ETHUSDT,4h,D2_compression_volume,"{""n"": 50, ""pct"": 0.2}",stress,0.0024,0.7861327026745005,-0.9408005648333597,0.17678446236336298,1.0557815860470934,2.429605646570641,-0.12354404512351702,22,0.5454545454545454,8.585035714708551,7.154196428923792,0.06750003198812274,1.8056412735563168,24.318181818181817,0.033100290787601315,2.98088226195632,0.7483947822760579,0.875
spot,ETHUSDT,4h,D1_compression_breakout,"{""n"": 50, ""pct"": 0.3}",opt,0.001,0.7861327026745005,-0.9408005648333597,0.09003938382185761,0.555731344227334,1.0982443300827176,-0.2771250029583424,36,0.4166666666666667,2.1403600000537386,2.9965040000752334,0.02449893632585969,2.266601378350206,18.916666666666668,0.0421332673389841,4.877807337746705,0.6885665227129318,0.75
spot,ETHUSDT,4h,D1_compression_breakout,"{""n"": 50, ""pct"": 0.3}",real,0.0012,0.7861327026745005,-0.9408005648333597,0.08791465388062614,0.5449733421420472,1.0731894254673218,-0.280010731143847,36,0.4166666666666667,2.1403600000537386,2.9965040000752334,0.024498936325859696,2.266601378350205,18.916666666666668,0.0421332673389841,4.877807337746705,0.6885665227129321,0.75
spot,ETHUSDT,4h,D1_compression_breakout,"{""n"": 50, ""pct"": 0.3}",stress,0.0024,0.7861327026745005,-0.9408005648333597,0.07525293823798584,0.4806122442196336,0.9268567020962263,-0.2970848223199911,36,0.4166666666666667,2.1403600000537386,2.9965040000752334,0.024498936325859696,2.2666013783502055,18.916666666666668,0.0421332673389841,4.877807337746705,0.6885665227129321,0.75
spot,ETHUSDT,4h,D2_compression_volume,"{""n"": 50, ""pct"": 0.3}",opt,0.001,0.7861327026745005,-0.9408005648333597,0.15814538011136303,0.9636832792927288,2.218957107173065,-0.12483890750743865,25,0.56,6.0960419219010005,4.789747224350787,0.05101701540104687,2.112684913980814,23.76,0.036750603229598465,3.3873662067685455,0.7059227362027891,0.875
spot,ETHUSDT,4h,D2_compression_volume,"{""n"": 50, ""pct"": 0.3}",real,0.0012,0.7861327026745005,-0.9408005648333597,0.15657721582866446,0.9552402877759589,2.1908477994120314,-0.12641297466054735,25,0.56,6.0960419219010005,4.789747224350787,0.05101701540104687,2.1126849139808135,23.76,0.036750603229598465,3.3873662067685455,0.7059227362027891,0.875
spot,ETHUSDT,4h,D2_compression_volume,"{""n"": 50, ""pct"": 0.3}",stress,0.0024,0.7861327026745005,-0.9408005648333597,0.14721269981109586,0.9045618032217415,2.0265195276823413,-0.13579884789964025,25,0.56,6.0960419219010005,4.789747224350787,0.051017015401046875,2.1126849139808135,23.76,0.036750603229598465,3.3873662067685455,0.7059227362027891,0.875
spot,ETHUSDT,1D,C1_control,"{""n"": 20}",opt,0.001,1.0141020166942514,-0.9396550481981528,0.2044820990259002,0.6243373904367531,1.0988064835997988,-0.4943545329425798,24,0.5416666666666666,3.0685085773324183,2.5964303346658926,0.07800236272098061,1.2619028429897146,16.5,0.14699331848552338,3.2516703786191536,0.7059344096689745,0.75
spot,ETHUSDT,1D,C1_control,"{""n"": 20}",real,0.0012,1.0141020166942514,-0.9396550481981528,0.2029164840146045,0.6214397744817882,1.0930837958683626,-0.4964739036902225,24,0.5416666666666666,3.0685085773324183,2.5964303346658926,0.07800236272098061,1.2619028429897148,16.5,0.14699331848552338,3.2516703786191536,0.7059344096689746,0.75
spot,ETHUSDT,1D,C1_control,"{""n"": 20}",stress,0.0024,1.0141020166942514,-0.9396550481981528,0.19356541700125574,0.6040776904093346,1.0589054554993311,-0.5090053184086835,24,0.5416666666666666,3.0685085773324183,2.5964303346658926,0.07800236272098061,1.2619028429897141,16.5,0.14699331848552338,3.2516703786191536,0.7059344096689746,0.75
spot,ETHUSDT,1D,D1_compression_breakout,"{""n"": 20, ""pct"": 0.1}",opt,0.001,1.0141020166942514,-0.9396550481981528,0.07800015092819979,0.38850953998828636,0.6966728356674163,-0.3545873819012225,6,0.5,4.2083773539093,4.2083773539093,0.1294384257183718,1.4212688292047024,17.666666666666668,0.03934669636228656,0.8129175946547884,0.922018969955935,0.375
spot,ETHUSDT,1D,D1_compression_breakout,"{""n"": 20, ""pct"": 0.1}",real,0.0012,1.0141020166942514,-0.9396550481981528,0.07764967737137884,0.3874451930626928,0.6945034563294038,-0.3545873819012225,6,0.5,4.208377353909299,4.208377353909299,0.1294384257183718,1.4212688292047022,17.666666666666668,0.03934669636228656,0.8129175946547884,0.922018969955935,0.375
spot,ETHUSDT,1D,D1_compression_breakout,"{""n"": 20, ""pct"": 0.1}",stress,0.0024,1.0141020166942514,-0.9396550481981528,0.07554922305497946,0.3810649090385219,0.6815203639109851,-0.3545873819012225,6,0.5,4.2083773539093,4.2083773539093,0.1294384257183718,1.4212688292047024,17.666666666666668,0.03934669636228656,0.8129175946547884,0.922018969955935,0.375
spot,ETHUSDT,1D,D2_compression_volume,"{""n"": 20, ""pct"": 0.1}",opt,0.001,1.0141020166942514,-0.9396550481981528,0.04152489488294586,0.30072654618547395,0.4873837920510911,-0.25849639546858916,3,0.3333333333333333,6.368080565574589,12.736161131149178,0.13055999001241042,1.6479561725920069,16.666666666666668,0.01855976243504083,0.4064587973273942,0.8429668108462806,0.125
spot,ETHUSDT,1D,D2_compression_volume,"{""n"": 20, ""pct"": 0.1}",real,0.0012,1.0141020166942514,-0.9396550481981528,0.04135557365983167,0.2999060834898902,0.4858762552569598,-0.25849639546858916,3,0.3333333333333333,6.368080565574589,12.736161131149178,0.13055999001241042,1.6479561725920069,16.666666666666668,0.01855976243504083,0.4064587973273942,0.8429668108462806,0.125
spot,ETHUSDT,1D,D2_compression_volume,"{""n"": 20, ""pct"": 0.1}",stress,0.0024,1.0141020166942514,-0.9396550481981528,0.04034022204533794,0.2949869270408765,0.4768591175166827,-0.25849639546858905,3,0.3333333333333333,6.368080565574588,12.736161131149176,0.1305599900124104,1.6479561725920069,16.666666666666668,0.01855976243504083,0.4064587973273942,0.8429668108462804,0.125
spot,ETHUSDT,1D,D1_compression_breakout,"{""n"": 20, ""pct"": 0.2}",opt,0.001,1.0141020166942514,-0.9396550481981528,0.043987708950223636,0.2857415151096031,0.49519921952835244,-0.5008937711198598,12,0.4166666666666667,2.035580971202308,2.849813359683231,0.047471841801004,2.2387582591240296,14.166666666666666,0.06310319227913883,1.6258351893095768,1.0000000000000002,0.25
spot,ETHUSDT,1D,D1_compression_breakout,"{""n"": 20, ""pct"": 0.2}",real,0.0012,1.0141020166942514,-0.9396550481981528,0.04330898806652228,0.2837411919572071,0.49148792423860643,-0.5021898728857941,12,0.4166666666666667,2.035580971202308,2.849813359683231,0.04747184180100401,2.2387582591240296,14.166666666666666,0.06310319227913883,1.6258351893095768,1.0000000000000002,0.25
spot,ETHUSDT,1D,D1_compression_breakout,"{""n"": 20, ""pct"": 0.2}",stress,0.0024,1.0141020166942514,-0.9396550481981528,0.03924591032486835,0.27175711531637736,0.46931709883532274,-0.5098965354081442,12,0.4166666666666667,2.0355809712023074,2.8498133596832305,0.04747184180100399,2.2387582591240305,14.166666666666666,0.06310319227913883,1.6258351893095768,1.0000000000000002,0.25
spot,ETHUSDT,1D,D2_compression_volume,"{""n"": 20, ""pct"": 0.2}",opt,0.001,1.0141020166942514,-0.9396550481981528,0.06399267499667816,0.3921866600274832,0.6512004666296936,-0.25849639546858916,6,0.5,5.3058084878239935,5.3058084878239935,0.09513139425784282,1.5644451605644312,18.166666666666668,0.04046028210838901,0.8129175946547884,0.9122661290636993,0.25
spot,ETHUSDT,1D,D2_compression_volume,"{""n"": 20, ""pct"": 0.2}",real,0.0012,1.0141020166942514,-0.9396550481981528,0.06364675547438803,0.3906685990575139,0.6483900310991604,-0.25849639546858905,6,0.5,5.305808487823994,5.305808487823994,0.09513139425784284,1.5644451605644318,18.166666666666668,0.04046028210838901,0.8129175946547884,0.9122661290636993,0.25
spot,ETHUSDT,1D,D2_compression_volume,"{""n"": 20, ""pct"": 0.2}",stress,0.0024,1.0141020166942514,-0.9396550481981528,0.06157359434830689,0.38156200304059795,0.6315798408616854,-0.25849639546858916,6,0.5,5.305808487823994,5.305808487823994,0.09513139425784284,1.5644451605644312,18.166666666666668,0.04046028210838901,0.8129175946547884,0.9122661290636993,0.25
spot,ETHUSDT,1D,D1_compression_breakout,"{""n"": 20, ""pct"": 0.3}",opt,0.001,1.0141020166942514,-0.9396550481981528,0.043987708950223636,0.2857415151096031,0.49519921952835244,-0.5008937711198598,12,0.4166666666666667,2.035580971202308,2.849813359683231,0.047471841801004,2.2387582591240296,14.166666666666666,0.06310319227913883,1.6258351893095768,1.0000000000000002,0.25
spot,ETHUSDT,1D,D1_compression_breakout,"{""n"": 20, ""pct"": 0.3}",real,0.0012,1.0141020166942514,-0.9396550481981528,0.04330898806652228,0.2837411919572071,0.49148792423860643,-0.5021898728857941,12,0.4166666666666667,2.035580971202308,2.849813359683231,0.04747184180100401,2.2387582591240296,14.166666666666666,0.06310319227913883,1.6258351893095768,1.0000000000000002,0.25
spot,ETHUSDT,1D,D1_compression_breakout,"{""n"": 20, ""pct"": 0.3}",stress,0.0024,1.0141020166942514,-0.9396550481981528,0.03924591032486835,0.27175711531637736,0.46931709883532274,-0.5098965354081442,12,0.4166666666666667,2.0355809712023074,2.8498133596832305,0.04747184180100399,2.2387582591240305,14.166666666666666,0.06310319227913883,1.6258351893095768,1.0000000000000002,0.25
spot,ETHUSDT,1D,D2_compression_volume,"{""n"": 20, ""pct"": 0.3}",opt,0.001,1.0141020166942514,-0.9396550481981528,0.06399267499667816,0.3921866600274832,0.6512004666296936,-0.25849639546858916,6,0.5,5.3058084878239935,5.3058084878239935,0.09513139425784282,1.5644451605644312,18.166666666666668,0.04046028210838901,0.8129175946547884,0.9122661290636993,0.25
spot,ETHUSDT,1D,D2_compression_volume,"{""n"": 20, ""pct"": 0.3}",real,0.0012,1.0141020166942514,-0.9396550481981528,0.06364675547438803,0.3906685990575139,0.6483900310991604,-0.25849639546858905,6,0.5,5.305808487823994,5.305808487823994,0.09513139425784284,1.5644451605644318,18.166666666666668,0.04046028210838901,0.8129175946547884,0.9122661290636993,0.25
spot,ETHUSDT,1D,D2_compression_volume,"{""n"": 20, ""pct"": 0.3}",stress,0.0024,1.0141020166942514,-0.9396550481981528,0.06157359434830689,0.38156200304059795,0.6315798408616854,-0.25849639546858916,6,0.5,5.305808487823994,5.305808487823994,0.09513139425784284,1.5644451605644312,18.166666666666668,0.04046028210838901,0.8129175946547884,0.9122661290636993,0.25
spot,ETHUSDT,1D,C1_control,"{""n"": 50}",opt,0.001,1.0141020166942514,-0.9396550481981528,0.07141809083802131,0.3905568782385744,0.7121821197303458,-0.2654960429227522,10,0.6,3.048709335275211,2.032472890183474,0.06237923711865843,0.49126730662049317,14.8,0.05493689680772086,1.3548626577579808,0.9201831374010956,0.5
spot,ETHUSDT,1D,C1_control,"{""n"": 50}",real,0.0012,1.0141020166942514,-0.9396550481981528,0.07083759770074338,0.3883889346453205,0.707763329343793,-0.26623034207008545,10,0.6,3.0487093352752113,2.032472890183474,0.062379237118658434,0.4912673066204938,14.8,0.05493689680772086,1.3548626577579808,0.9201831374010955,0.5
spot,ETHUSDT,1D,C1_control,"{""n"": 50}",stress,0.0024,1.0141020166942514,-0.9396550481981528,0.06736123018710605,0.37539951722011544,0.681389094117755,-0.270621368709532,10,0.6,3.0487093352752113,2.032472890183474,0.06237923711865843,0.4912673066204935,14.8,0.05493689680772086,1.3548626577579808,0.9201831374010955,0.5
spot,ETHUSDT,1D,D1_compression_breakout,"{""n"": 50, ""pct"": 0.1}",opt,0.001,1.0141020166942514,-0.9396550481981528,-0.022575616428342715,-0.21721827387410594,-0.2878442507985459,-0.2085881589852614,4,0.25,0.37223175512233453,1.1166952653670035,-0.03666573551241749,1.688186501640062,13.25,0.01967334818114328,0.5419450631031923,-1.6864983608702286,0.125
spot,ETHUSDT,1D,D1_compression_breakout,"{""n"": 50, ""pct"": 0.1}",real,0.0012,1.0141020166942514,-0.9396550481981528,-0.02278747784881463,-0.2195175805998274,-0.2906879509786806,-0.2096955355505692,4,0.25,0.3722317551223345,1.1166952653670033,-0.036665735512417495,1.688186501640062,13.25,0.01967334818114328,0.5419450631031923,-1.6864983608702289,0.125
spot,ETHUSDT,1D,D1_compression_breakout,"{""n"": 50, ""pct"": 0.1}",stress,0.0024,1.0141020166942514,-0.9396550481981528,-0.024057685083351044,-0.233222762004818,-0.307559939210039,-0.21630800391789362,4,0.25,0.3722317551223345,1.1166952653670033,-0.03666573551241749,1.6881865016400615,13.25,0.01967334818114328,0.5419450631031923,-1.6864983608702289,0.125
spot,ETHUSDT,1D,D2_compression_volume,"{""n"": 50, ""pct"": 0.1}",opt,0.001,1.0141020166942514,-0.9396550481981528,0.008502086464485581,0.1669138843870877,0.26409890377278145,-0.09713401103547059,1,1.0,,,0.06661184674118897,,28.0,0.010393466963622866,0.1354862657757981,1.0,0.125
spot,ETHUSDT,1D,D2_compression_volume,"{""n"": 50, ""pct"": 0.1}",real,0.0012,1.0141020166942514,-0.9396550481981528,0.008447432606466299,0.16604429467022325,0.262614191897878,-0.09731476498721514,1,1.0,,,0.06661184674118897,,28.0,0.010393466963622866,0.1354862657757981,1.0,0.125
spot,ETHUSDT,1D,D2_compression_volume,"{""n"": 50, ""pct"": 0.1}",stress,0.0024,1.0141020166942514,-0.9396550481981528,0.008119570948141419,0.16082056273985013,0.25372028917296197,-0.09839928869768322,1,1.0,,,0.06661184674118899,,28.0,0.010393466963622866,0.1354862657757981,1.0,0.125
spot,ETHUSDT,1D,D1_compression_breakout,"{""n"": 50, ""pct"": 0.2}",opt,0.001,1.0141020166942514,-0.9396550481981528,0.03766766991078363,0.3114102491949704,0.508361372306475,-0.22501949812344046,5,0.6,3.1528761678467716,2.101917445231181,0.06760257180446805,0.845919342473666,17.0,0.03155159613956941,0.6774313288789904,0.6828292813406176,0.25
spot,ETHUSDT,1D,D1_compression_breakout,"{""n"": 50, ""pct"": 0.2}",real,0.0012,1.0141020166942514,-0.9396550481981528,0.03738652822679711,0.30966312761218173,0.5052427838083674,-0.2254845179134517,5,0.6,3.152876167846771,2.101917445231181,0.06760257180446805,0.845919342473666,17.0,0.03155159613956941,0.6774313288789904,0.6828292813406176,0.25
spot,ETHUSDT,1D,D1_compression_breakout,"{""n"": 50, ""pct"": 0.2}",stress,0.0024,1.0141020166942514,-0.9396550481981528,0.03570127338636908,0.29919321981310737,0.4866129657647536,-0.22826943708658143,5,0.6,3.1528761678467716,2.101917445231181,0.06760257180446805,0.8459193424736661,17.0,0.03155159613956941,0.6774313288789904,0.6828292813406176,0.25
spot,ETHUSDT,1D,D2_compression_volume,"{""n"": 50, ""pct"": 0.2}",opt,0.001,1.0141020166942514,-0.9396550481981528,0.02069519003527498,0.2845443163869418,0.5042514990243382,-0.09713401103547059,2,1.0,,,0.08077686753034521,,26.0,0.019302152932442463,0.2709725315515962,1.0,0.125
spot,ETHUSDT,1D,D2_compression_volume,"{""n"": 50, ""pct"": 0.2}",real,0.0012,1.0141020166942514,-0.9396550481981528,0.020584563752658935,0.2832525739580821,0.5017376306823051,-0.09731476498721514,2,1.0,,,0.08077686753034521,,26.0,0.019302152932442463,0.2709725315515962,1.0,0.125
spot,ETHUSDT,1D,D2_compression_volume,"{""n"": 50, ""pct"": 0.2}",stress,0.0024,1.0141020166942514,-0.9396550481981528,0.019921056378419788,0.27549063994953965,0.48666828949512153,-0.09839928869768322,2,1.0,,,0.08077686753034521,,26.0,0.019302152932442463,0.2709725315515962,1.0,0.125
spot,ETHUSDT,1D,D1_compression_breakout,"{""n"": 50, ""pct"": 0.3}",opt,0.001,1.0141020166942514,-0.9396550481981528,0.030153426948057893,0.262180281274369,0.4190779758246183,-0.2654960429227523,6,0.5,2.3875058016260016,2.387505801626002,0.04794686407792375,1.1721207274254977,16.5,0.036748329621380846,0.8129175946547884,0.7551879422914493,0.25
spot,ETHUSDT,1D,D1_compression_breakout,"{""n"": 50, ""pct"": 0.3}",real,0.0012,1.0141020166942514,-0.9396550481981528,0.02981850905838712,0.26017056635762287,0.41565303238076406,-0.26623034207008545,6,0.5,2.3875058016260016,2.387505801626002,0.04794686407792375,1.1721207274254977,16.5,0.036748329621380846,0.8129175946547884,0.7551879422914493,0.25
spot,ETHUSDT,1D,D1_compression_breakout,"{""n"": 50, ""pct"": 0.3}",stress,0.0024,1.0141020166942514,-0.9396550481981528,0.027811282797497006,0.2481295020931399,0.39519854791029757,-0.270621368709532,6,0.5,2.387505801626002,2.3875058016260025,0.047946864077923756,1.1721207274254977,16.5,0.036748329621380846,0.8129175946547884,0.7551879422914493,0.25
spot,ETHUSDT,1D,D2_compression_volume,"{""n"": 50, ""pct"": 0.3}",opt,0.001,1.0141020166942514,-0.9396550481981528,0.02069519003527498,0.2845443163869418,0.5042514990243382,-0.09713401103547059,2,1.0,,,0.08077686753034521,,26.0,0.019302152932442463,0.2709725315515962,1.0,0.125
spot,ETHUSDT,1D,D2_compression_volume,"{""n"": 50, ""pct"": 0.3}",real,0.0012,1.0141020166942514,-0.9396550481981528,0.020584563752658935,0.2832525739580821,0.5017376306823051,-0.09731476498721514,2,1.0,,,0.08077686753034521,,26.0,0.019302152932442463,0.2709725315515962,1.0,0.125
spot,ETHUSDT,1D,D2_compression_volume,"{""n"": 50, ""pct"": 0.3}",stress,0.0024,1.0141020166942514,-0.9396550481981528,0.019921056378419788,0.27549063994953965,0.48666828949512153,-0.09839928869768322,2,1.0,,,0.08077686753034521,,26.0,0.019302152932442463,0.2709725315515962,1.0,0.125
