event_id,code,entry_idx,exit_idx,bought,sold,pnl,delisted
E8B-0000732712-0000950134-04-000633,VZ,4809,5061,1.0011525261039464,0.9963202495047422,-0.004832276599204266,False
E8B-0000010795-0000950117-04-000405,BDX,4812,5064,0.4969147486248699,0.5254248811169792,0.028510132492109264,False
E8B-0000004977-0000004977-04-000005,AFL,4816,5068,0.3350789289005962,0.3397548680442008,0.0046759391436045905,False
E8B-0000018926-0000018926-04-000004,LUMN,4818,5070,0.16908312958720895,0.18271382063123762,0.01363069104402867,False
E8B-0000723612-0001047469-04-003195,CAR,4818,5070,0.16942821746028575,0.17387475770239047,0.004446540242104724,False
E8B-0000745732-0001104659-04-002684,ROST,4818,5070,0.17634973801634604,0.18102638489108486,0.004676646874738816,False
E8B-0001062231-0000950124-04-000342,DCH,4820,5072,0.15247282766007605,0.12857144947385482,-0.023901378186221234,False
E8B-0000088941-0001157523-04-001739,SMTC,4831,5083,0.1402584791930201,0.12392345328271931,-0.016335025910300782,False
E8B-0000701985-0001193125-04-029764,BBWI,4832,5084,0.11788639681620015,0.11912657240502775,0.001240175588827594,False
E8B-0001067294-0000906318-04-000092,CBRL,4834,5086,0.10809174970760628,0.1075294033929558,-0.0005623463146504776,False
E8B-0000875045-0000950135-04-001111,BIIB,4838,5090,0.10315459476603807,0.09838170681749478,-0.004772887948543289,False
E8B-0000866787-0000891092-04-001315,AZO,4847,5099,0.08773086344970737,0.08857826082905591,0.0008473973793485384,False
E8B-0000077476-0000077476-04-000003,PEP,4855,5107,0.08055986824804949,0.0805274536932299,-3.241455481958755e-05,False
E8B-0000079879-0001193125-04-063037,PPG,4867,5119,0.07509126469445614,0.07715133680151562,0.0020600721070594824,False
E8B-0000049826-0000049826-04-000007,ITW,4870,5122,0.07185587744924762,0.0765790741525822,0.00472319670333457,False
E8B-0001109357-0000950159-04-000441,EXC,4875,5127,0.06724404090187332,0.07709685926379485,0.009852818361921534,False
E8B-0001121788-0001121788-04-000011,GRMN,4876,5128,0.07192816170480766,0.08348110404187298,0.011552942337065317,False
E8B-0000021076-0000021076-04-000020,CLX,4882,5134,0.059003094383208665,0.062498123038532506,0.003495028655323841,False
E8B-0001001250-0001001250-04-000080,EL,4885,5137,0.058981783720030496,0.05636938401164358,-0.00261239970838692,False
E8B-0001041061-0001041061-04-000186,YUM,4893,5145,0.05217306037031225,0.06075539784111634,0.008582337470804086,False
E8B-0000719955-0000950149-04-001060,WSM,4895,5147,0.05346010877671256,0.05808341505195548,0.004623306275242919,False
E8B-0000109198-0001157523-04-005218,TJX,4896,5148,0.05246130893669963,0.04949550884975442,-0.0029658000869452125,False
E8B-0000889900-0000950129-04-003914,PTEN,4903,5155,0.056019185795533534,0.07261259212171352,0.016593406326179984,False
E8B-0000320187-0000320187-04-000101,NKE,4917,5169,0.04732093315424818,0.0498512554448266,0.002530322290578424,False
E8B-0000789570-0000950153-04-001617,MGM,4929,5181,0.04829689650262253,0.06410235894123913,0.015805462438616594,False
E8B-0000794367-0000794367-04-000113,M,4932,5184,0.044211512109633165,0.05291635183961417,0.008704839729981005,False
E8B-0001022079-0000950117-04-002651,DGX,4933,5185,0.03969223216745145,0.044858604112318914,0.005166371944867465,False
E8B-0000087347-0001193125-04-123245,SLB,4934,5186,0.041205591502969416,0.04498053732068721,0.003774945817717791,False
E8B-0000009389-0000009389-04-000273,BALL,4939,5191,0.03844429306043432,0.04119934282069427,0.0027550497602599477,False
E8B-0001018840-0000950152-04-005732,ANF,4939,5191,0.04347304161042404,0.0558912545284616,0.01241821291803756,False
E8B-0001158449-0001158449-04-000081,AAP,4948,5200,0.03490419557375814,0.04736580261377835,0.012461607040020216,False
E8B-0000006281-0001157523-04-007681,ADI,4949,5201,0.037571931449584234,0.04359262410342124,0.0060206926538370065,False
E8B-0001140859-0001193125-04-140332,COR,4950,5202,0.035478094564813975,0.04278880159376925,0.007310707028955275,False
E8B-0001140536-0001157523-04-008367,WTW,4968,5220,0.03912646652205088,0.04045591304052699,0.0013294465184761073,False
E8B-0000097476-0000097476-04-000032,TXN,4974,5226,0.03821307171275108,0.0449867399696427,0.006773668256891616,False
E8B-0001095073-0001095073-04-000036,EG,4976,5228,0.032772495356508925,0.03765232696004358,0.004879831603534654,False
E8B-0000829224-0000950124-04-004498,SBUX,4978,5230,0.03646751792615893,0.040458851933902314,0.0039913340077433815,False
E8B-0000940944-0000891092-04-004591,DRI,4982,5234,0.03401320070180292,0.03955416057144888,0.0055409598696459575,False
E8B-0000039911-0001193125-04-168276,GAP,4988,5240,0.03531591490256077,0.035587803537359686,0.00027188863479891273,False
E8B-0000707549-0000950134-04-014955,LRCX,4992,5244,0.03725049076575216,0.04456887409775262,0.00731838333200046,False
E8B-0000001800-0001104659-04-030445,ABT,4993,5245,0.032550543281675434,0.0343539490767447,0.0018034057950692683,False
E8B-0000217346-0000217346-04-000094,TXT,4997,5249,0.030214708660078766,0.033231263674324316,0.00301655501424555,False
E8B-0000920148-0000920148-04-000179,LH,4997,5249,0.03025237509770047,0.0342019895908089,0.003949614493108426,False
E8B-0001090727-0000950144-04-009980,UPS,5000,5252,0.030953346496518614,0.030763011977553906,-0.00019033451896470835,False
E8B-0001022671-0001125282-04-005303,STLD,5001,5253,0.04082748845843482,0.04073709790029783,-9.03905581369907e-05,False
E8B-0001133421-0001193125-04-178805,NOC,5001,5253,0.028123910988610674,0.029971314184354243,0.0018474031957435681,False
E8B-0001156039-0001193125-04-178703,ELV,5001,5253,0.028307820890115996,0.04072309229261373,0.012415271402497732,False
E8B-0000350698-0000950144-04-010118,AN,5002,5254,0.02755103295020107,0.030726452099874388,0.0031754191496733176,False
E8B-0000823768-0000950129-04-008173,WM,5003,5255,0.027595053947412587,0.028487327848879928,0.0008922739014673407,False
E8B-0000871763-0001193125-04-182926,MAN,5005,5257,0.030905801544639656,0.03084589553811518,-5.9906006524477334e-05,False
E8B-0000891103-0001047469-04-032959,MTCH,5007,5259,0.03219608264657058,0.031938314216318923,-0.0002577684302516592,False
E8B-0000066740-0001104659-04-034583,MMM,5011,5263,0.02668189240825875,0.02617376741279193,-0.0005081249954668188,False
E8B-0000858877-0001193125-04-191303,CSCO,5011,5263,0.028608558585140234,0.027755147117889307,-0.0008534114672509273,False
E8B-0000798354-0001193125-04-203272,FISV,5022,5274,0.027375287716349492,0.02975144990832752,0.0023761621919780283,False
E8B-0000084792-0000893220-04-002620,ROH,5030,5282,0.02751333412619943,0.029092145897025985,0.0015788117708265548,False
E8B-0000031462-0001104659-04-038977,ECL,5032,5284,0.02664189384406146,0.026076364831155763,-0.000565529012905696,False
E8B-0000721371-0000950152-04-008959,CAH,5035,5287,0.026538197398622333,0.028385411020074837,0.0018472136214525044,False
E8B-0000075488-0001004980-04-000286,PCG,5036,5288,0.025414318254615386,0.027826474689469038,0.0024121564348536517,False
E8B-0000728535-0001104659-04-039778,JBHT,5036,5288,0.03142382254280189,0.032778389497263645,0.0013545669544617542,False
E8B-0000815097-0001169232-04-006080,CCL,5037,5289,0.027771253926267055,0.027062855215101194,-0.0007083987111658613,False
E8B-0000036270-0001299933-04-002358,MTB,5039,5291,0.024133243220914462,0.02461632051084276,0.00048307728992829854,False
E8B-0000069970-0000950152-04-009101,NCC_old,5040,5292,0.02453961839086998,0.0236109086834856,-0.00092870970738438,False
E8B-0000085974-0000950129-04-010062,RYL,5042,5294,0.026639677242476675,0.03084008839449516,0.004200411152018486,False
E8B-0000777001-0000777001-05-000005,BSC_old,5051,5303,0.024013792794294733,0.024908192220005263,0.0008943994257105299,False
E8B-0000035527-0001193125-05-007506,FITB,5058,5310,0.026220706157400245,0.024046172291826113,-0.0021745338655741325,False
E8B-0000036104-0000950134-05-000837,USB,5058,5310,0.022923716591201803,0.0225644004594654,-0.00035931613173640145,False
E8B-0000051143-0001104659-05-001773,IBM,5058,5310,0.026096813237793264,0.024302565292774893,-0.0017942479450183714,False
E8B-0000870517-0000870517-05-000003,KRB,5059,5311,0.040608362509278795,0.030292153916474582,-0.010316208592804212,False
E8B-0000804269-0001181431-05-004660,ACF,5063,5315,0.025418068006706637,0.027179501853916075,0.0017614338472094378,False
E8B-0001130713-0001104659-05-002789,OSTK,5065,5317,0.03768303573709954,0.029088363838536423,-0.008594671898563114,False
E8B-0000060667-0000060667-05-000006,LOW,5066,5318,0.022928472237735604,0.02436875276525383,0.0014402805275182257,False
E8B-0000109380-0000109380-05-000008,ZION,5066,5318,0.022126826586750144,0.024382450388010717,0.0022556238012605735,False
E8B-0001038357-0001038357-05-000028,PXD,5067,5319,0.026856396362498588,0.03117463636429552,0.004318240001796932,False
E8B-0000936340-0000950124-05-000495,DTE,5068,5320,0.021402610034454764,0.02180117410889806,0.00039856407444329583,False
E8B-0001037038-0000950142-05-000242,RL,5068,5320,0.02426812539039739,0.028940180361436415,0.004672054971039025,False
E8B-0000018926-0000018926-05-000003,CTL,5070,5322,0.023536959687284302,0.023893962573590867,0.00035700288630656496,False
E8B-0000731939-0000731939-05-000009,TIN,5071,5323,0.023145544826020277,0.025076809071368097,0.0019312642453478204,False
E8B-0000701221-0000950159-05-000107,CI,5073,5325,0.022711761849485673,0.026831057704698437,0.004119295855212764,False
E8B-0000701985-0001193125-05-035583,LTD,5083,5335,0.024401385701195967,0.024544399022160164,0.00014301332096419705,False
E8B-0000039911-0001193125-05-036200,GPS,5084,5336,0.02557032396316919,0.02372614776694483,-0.0018441761962243591,False
E8B-0001037461-0001193125-05-039176,BJ_old,5086,5338,0.026947151915376027,0.027044928387439958,9.777647206393042e-05,False
E8B-0000072333-0000072333-05-000086,JWN,5087,5339,0.024059943522921533,0.02856429415976803,0.004504350636846496,False
E8B-0001054374-0000892569-05-000086,BRCM,5087,5339,0.024878667126837627,0.03680854756156074,0.011929880434723112,False
E8B-0000004904-0000004904-05-000050,AEP,5093,5345,0.021173837396814454,0.022504247059379395,0.0013304096625649416,False
E8B-0000070530-0000070530-05-000009,NSM_old,5094,5346,0.0237201942594892,0.026209746190514444,0.0024895519310252426,False
E8B-0000098246-0000098246-05-000060,TIF,5099,5351,0.02286683950438832,0.025243486981099666,0.0023766474767113466,False
E8B-0000002969-0000950123-05-003338,APD,5100,5352,0.02175671099804513,0.021854038555369045,9.732755732391393e-05,False
E8B-0000935703-0001193125-05-056101,DLTR,5101,5353,0.02395677448932405,0.023123271221622967,-0.0008335032677010829,False
E8B-0000070858-0001193125-05-057663,BAC,5102,5354,0.01985320606186635,0.02094424998496441,0.0010910439230980597,False
E8B-0000351346-0000351346-05-000024,BMET,5102,5354,0.02351272649090963,0.022649116373363042,-0.0008636101175465878,False
E8B-0000006951-0001193125-05-058563,AMAT,5103,5355,0.023150952662469592,0.02420522704739744,0.0010542743849278474,False
E8B-0001011006-0001104659-05-012777,YHOO,5104,5356,0.023182703605149183,0.023831303358643276,0.0006485997534940932,False
E8B-0000849399-0000950134-05-006395,SYMC,5107,5359,0.027037482661070995,0.02476817725984782,-0.0022693054012231755,False
E8B-0000845752-0000950136-05-001882,AH,5110,5362,0.02034000359040442,0.024950312134776966,0.0046103085443725475,False
E8B-0000831001-0001047469-05-010264,C,5118,5370,0.019156802088558994,0.019892275229240582,0.0007354731406815883,False
E8B-0000031277-0000950152-05-003220,ETN,5120,5372,0.018089230421818,0.020995613942246666,0.0029063835204286674,False
E8B-0000065100-0001157523-05-003428,MER,5120,5372,0.016982079694955902,0.020712684229010125,0.003730604534054223,False
E8B-0000796343-0001047469-05-010560,ADBE,5120,5372,0.021328998571657435,0.024301699005351445,0.0029727004336940095,False
E8B-0001116521-0001104659-05-017066,AV_old1,5121,5373,0.02481512315379954,0.028108993869919757,0.003293870716120216,False
E8B-0000317771-0000317771-05-000008,TLAB,5122,5374,0.021190823293072914,0.027874100403045526,0.006683277109972612,False
E8B-0000877890-0001157523-05-003550,CTXS,5122,5374,0.02057143262549311,0.026203350471107167,0.005631917845614058,False
E8B-0000817720-0000950153-05-000836,SYNA,5123,5375,0.02786674125542403,0.030927735559597876,0.0030609943041738467,False
E8B-0001166691-0001275287-05-001549,CMCSA,5127,5379,0.020511417980365793,0.01988788361305074,-0.0006235343673150519,False
E8B-0001060391-0000950144-05-004544,RSG,5128,5380,0.01795179821888921,0.02005562935946849,0.0021038311405792813,False
E8B-0000764478-0001104659-05-019273,BBY,5129,5381,0.020768251141095036,0.026952858929907904,0.006184607788812867,False
E8B-0000899171-0000950137-05-005204,CDWC,5129,5381,0.018801058854919686,0.019725549638099492,0.0009244907831798058,False
E8B-0000062996-0000950124-05-002899,MAS,5131,5383,0.018145219492015377,0.019195365941301893,0.001050146449286516,False
E8B-0000723254-0000892251-05-000354,CTAS,5131,5383,0.018896340314804503,0.019789814812078727,0.0008934744972742235,False
E8B-0000877212-0001104659-05-020138,ZBRA,5131,5383,0.023160030114129662,0.023181334806149076,2.1304692019413762e-05,False
E8B-0000874016-0000874016-05-000016,JNY,5132,5384,0.020341810607020838,0.02048196933173958,0.00014015872471874122,False
E8B-0001054102-0001275287-05-001720,PDII,5132,5384,0.026921459917382966,0.027747759452193158,0.0008262995348101917,False
E8B-0000793952-0000897069-05-001128,HOG,5133,5385,0.020105336343947514,0.020981221855595582,0.0008758855116480675,False
E8B-0000890801-0001275287-05-001776,MFE,5133,5385,0.02267718126861382,0.024706895935698928,0.002029714667085108,False
E8B-0001063761-0001104659-05-023052,SPG,5138,5390,0.017260451879122108,0.01946870080147421,0.0022082489223521004,False
E8B-0001140859-0001193125-05-107226,ABC,5139,5391,0.023431748870009,0.028573453020837344,0.005141704150828343,False
E8B-0001001250-0000909518-05-000352,EL,5142,5394,0.0204657138221604,0.020796162842389092,0.00033044902022869374,False
E8B-0000068505-0000950137-05-006229,MSI,5143,5395,0.02049118307731464,0.023057117268934453,0.0025659341916198126,False
E8B-0000028917-0001157523-05-005042,DDS,5146,5398,0.02040007950417198,0.02137824219380153,0.000978162689629549,False
E8B-0000022444-0000950134-05-010933,CMC,5148,5400,0.022226843727358832,0.028468145332779266,0.006241301605420434,False
E8B-0000091388-0001193125-05-119646,SFD_old,5153,5405,0.021298035068482265,0.021154865403025098,-0.00014316966545716708,False
E8B-0000352915-0001193125-05-120019,UHS,5153,5405,0.02197627357084878,0.020189912271391778,-0.001786361299457001,False
E8B-0001101215-0000950134-05-011722,ADS,5156,5408,0.01940380540246295,0.023441391433714664,0.004037586031251712,False
E8B-0000078003-0000078003-05-000160,PFE,5167,5419,0.020504550029139344,0.01867079637525296,-0.001833753653886383,False
E8B-0001106851-0001193125-05-130022,OVTI,5167,5419,0.024550638081194363,0.029006716332021842,0.004456078250827479,False
E8B-0000949589-0001104659-05-032448,IFIN_old,5181,5433,0.01856859317934781,0.021035501950803056,0.002466908771455247,False
E8B-0001144331-0001144331-05-000072,XJT,5181,5433,0.025577464588752142,0.02318588917362946,-0.0023915754151226827,False
E8B-0000009626-0000009626-05-000173,BK,5185,5437,0.01768170436154274,0.018797206091247,0.0011155017297042602,False
E8B-0000355811-0001275287-05-002583,GNTX,5185,5437,0.021132112565282024,0.01936260486281625,-0.001769507702465773,False
E8B-0000878736-0001299933-05-003635,HCR_old,5186,5438,0.017248825728054945,0.019343038498738772,0.0020942127706838273,False
E8B-0001305014-0001305014-05-000050,ASH,5186,5438,0.01902273383807166,0.019605963127911716,0.0005832292898400558,False
E8B-0000098222-0001193125-05-148055,TDW,5188,5440,0.023437303525304046,0.025022536168490556,0.00158523264318651,False
E8B-0001163302-0001163302-05-000102,X,5189,5441,0.02218982168464077,0.025623821659560564,0.0034339999749197943,False
E8B-0000010427-0000010427-05-000248,BOL,5190,5442,0.023662986885075836,0.01976145857567557,-0.003901528309400267,False
E8B-0000012927-0001193125-05-149530,BA,5190,5442,0.01765471778267921,0.019316048493416633,0.0016613307107374228,False
E8B-0001064728-0001299933-05-003762,BTU_old,5190,5442,0.029834222468677018,0.02992542687171362,9.12044030366016e-05,False
E8B-0001001288-0001001288-05-000098,LXK,5191,5443,0.02161000001070414,0.02016275500699595,-0.0014472450037081898,False
E8B-0001050446-0001193125-05-151582,MSTR,5191,5443,0.020791608676226148,0.022035374335912367,0.0012437656596862197,False
E8B-0000008868-0000950103-05-001817,AVP,5194,5446,0.021594212723828315,0.01986993261081276,-0.0017242801130155534,False
E8B-0001105705-0000950144-05-008080,TWX,5194,5446,0.017298952478993154,0.017450482467590348,0.00015152998859719463,False
E8B-0000023666-0001193125-05-156918,SLE_old,5195,5447,0.017664064008362804,0.016427969518103182,-0.0012360944902596212,False
E8B-0000792985-0001193125-05-155896,HMA_old,5195,5447,0.018900601209767887,0.017527497423689867,-0.0013731037860780192,False
E8B-0000949341-0000950152-05-006452,CKFR,5195,5447,0.021728223573108378,0.021962738084233744,0.0002345145111253659,False
E8B-0000895648-0001299933-05-003959,GGP,5196,5448,0.01850664319904343,0.018870314679695792,0.0003636714806523611,False
E8B-0001090012-0000950134-05-014853,DVN,5196,5448,0.02277830807307153,0.024087622041850328,0.0013093139687787997,False
E8B-0001048286-0001193125-05-160699,MAR,5198,5450,0.017399509844642426,0.01767441500060633,0.0002749051559639039,False
E8B-0000028823-0000950152-05-006816,DBD_old,5200,5452,0.02000886394981976,0.018544199115704634,-0.0014646648341151251,False
E8B-0001158449-0001158449-05-000168,AAP,5200,5452,0.022018228452609978,0.018844421459974593,-0.003173806992635385,False
E8B-0001098277-0001104659-05-039295,WBSN,5202,5454,0.02073341808139262,0.019484635686658258,-0.0012487823947343601,False
E8B-0000036995-0001193125-05-169183,WB_old1,5204,5456,0.016001514155264886,0.016738656220445194,0.0007371420651803087,False
E8B-0000703351-0000703351-05-000072,EAT,5207,5459,0.016980246773633745,0.01634955860777285,-0.0006306881658608952,False
E8B-0001018840-0000950152-05-007157,ANF,5207,5459,0.02224260471310363,0.022943974467987058,0.0007013697548834269,False
E8B-0000918386-0000892569-05-000727,QLGC,5213,5465,0.018500287941193582,0.02674744703539854,0.008247159094204957,False
E8B-0000927653-0001299933-05-004372,MCK,5214,5466,0.016571857184217952,0.0175118254905123,0.0009399683062943469,False
E8B-0001061571-0001157523-05-008071,OMM,5222,5474,0.018659399195687973,0.01979937871801471,0.0011399795223267367,False
E8B-0000055785-0000055785-05-000156,KMB,5225,5477,0.0159969317529877,0.016498368854912328,0.0005014371019246289,False
E8B-0000018532-0000950134-05-017884,CTX,5226,5478,0.020744068734652843,0.019050529634383518,-0.001693539100269325,False
E8B-0000765258-0001104659-05-044592,IMCL,5227,5479,0.022041938279998306,0.022855870302127733,0.0008139320221294266,False
E8B-0000758004-0000758004-05-000092,NOVL,5230,5482,0.021432708873838285,0.021295327609504706,-0.00013738126433357825,False
E8B-0000829224-0000891020-05-000257,SBUX,5230,5482,0.017834145738169216,0.021277755099177148,0.003443609361007932,False
E8B-0001272547-0001157523-05-008348,FSL_old,5231,5483,0.0176077113766764,0.02204300689282963,0.00443529551615323,False
E8B-0000064782-0001193125-05-191254,MEL_old,5232,5484,0.014649796057066955,0.016483949188947286,0.0018341531318803311,False
E8B-0000909832-0001193125-05-197326,COST,5239,5491,0.016313457516781444,0.017824745341976096,0.0015112878251946522,False
E8B-0000869087-0000950137-05-013592,MVK,5264,5491,0.01589520539099736,0.02172924728373099,0.005834041892733632,True
E8B-0000919012-0000919012-05-000059,AEO,5240,5492,0.0190648692520177,0.02407130727600467,0.005006438023986971,False
E8B-0001110783-0000950137-05-012336,MON_old,5243,5495,0.01627049829914008,0.0201084042690075,0.0038379059698674216,False
E8B-0000085961-0001299933-05-005250,R,5246,5498,0.0159880855405558,0.02040475142548577,0.00441666588492997,False
E8B-0001137789-0001193125-05-203356,STX,5248,5500,0.021182817404175096,0.024953924268436373,0.003771106864261277,False
E8B-0000921847-0000950123-05-012341,HCBK,5250,5502,0.014434845386840848,0.015630206403939764,0.0011953610170989167,False
E8B-0001206264-0001193125-05-205043,TPX,5250,5502,0.018819589594155528,0.023219173080218005,0.004399583486062477,False
E8B-0000106535-0000106535-05-000146,WY,5251,5503,0.01558300650013088,0.016542426758543408,0.0009594202584125282,False
E8B-0000049196-0001299933-05-005414,HBAN,5252,5504,0.014969330647009055,0.015856200899117476,0.0008868702521084206,False
E8B-0000732713-0000732713-05-000223,BLS,5252,5504,0.014902905488727195,0.019429124375825196,0.004526218887098001,False
E8B-0000768251-0001193125-05-206908,ALTR_old,5252,5504,0.017630498308421692,0.018317248510197653,0.0006867502017759604,False
E8B-0000075362-0001104659-05-049922,PCAR,5253,5505,0.01501683803786606,0.01768856587666063,0.002671727838794569,False
E8B-0000078814-0000078814-05-000061,PBI,5253,5505,0.014774018224288648,0.015751085514148763,0.000977067289860115,False
E8B-0000356028-0000950123-05-012534,CA_old,5253,5505,0.01746234603633399,0.01645001727603285,-0.0010123287603011413,False
E8B-0000882235-0001193125-05-207839,LNCR,5253,5505,0.018122905623740054,0.01693943727132171,-0.0011834683524183445,False
E8B-0001059556-0001157523-05-009187,MCO,5253,5505,0.0163845880860595,0.018113762828103033,0.0017291747420435342,False
E8B-0001129446-0000950123-05-012580,AGR,5253,5505,0.02238245566643371,0.0173919383340717,-0.004990517332362009,False
E8B-0001156039-0001193125-05-208263,ELV,5253,5505,0.01766490870716389,0.01778557520966619,0.00012066650250229863,False
E8B-0000714603-0000714603-05-000065,DST,5254,5506,0.015029802300425617,0.016034572649853886,0.0010047703494282696,False
E8B-0000070866-0001193125-05-209530,NCR,5255,5507,0.01620081379725774,0.018668022054854738,0.002467208257596998,False
E8B-0000808362-0000950134-05-019925,BHI,5255,5507,0.020009424972881416,0.022727735017635444,0.0027183100447540284,False
E8B-0000055067-0000950124-05-006007,K,5256,5508,0.01555806226617155,0.016548558642202088,0.0009904963760305387,False
E8B-0000822416-0000950124-05-005994,PHM,5256,5508,0.021672810876412693,0.02082851945011317,-0.0008442914262995239,False
E8B-0000077281-0000950116-05-003333,PEI,5257,5509,0.015374531645616165,0.01664836732317811,0.001273835677561945,False
E8B-0000783280-0001104659-05-051145,DRE,5257,5509,0.014790806297956193,0.016432113221587257,0.0016413069236310644,False
E8B-0001170650-0001193125-05-212445,MHS,5257,5509,0.018821473292393844,0.019809084844705227,0.0009876115523113835,False
E8B-0000740670-0000950134-05-022109,MIK_old,5273,5509,0.01490206474222636,0.016248385657101704,0.0013463209148753437,True
E8B-0000316793-0001104659-05-051563,IRF,5258,5510,0.01893484218998717,0.020789374182330587,0.0018545319923434188,False
E8B-0000931336-0000950134-05-020255,DF,5258,5510,0.016405738696338906,0.017867885411656376,0.0014621467153174694,False
E8B-0000835729-0000950129-05-010439,BMC,5259,5511,0.015317701493240752,0.018663717125742513,0.003346015632501762,False
E8B-0001287286-0001193125-05-214933,NEW,5259,5511,0.020591046408566627,0.022266447076308694,0.001675400667742067,False
E8B-0000050104-0000950134-05-020367,TSO,5260,5512,0.0217189463172012,0.022472813916094965,0.0007538675988937663,False
E8B-0000315293-0001104659-05-052444,AON,5260,5512,0.01662207631116396,0.01677021755466654,0.00014814124350258015,False
E8B-0001096325-0001193125-05-215125,ISIL,5260,5512,0.019538495344048376,0.019980760936652086,0.00044226559260370987,False
E8B-0000003133-0001193125-06-084475,ASO_old,5374,5512,0.012520762693382984,0.012768837769046174,0.00024807507566318963,True
E8B-0001023291-0001193125-05-217465,TXU,5261,5513,0.01927512319398266,0.020687851317189927,0.0014127281232072658,False
E8B-0001015923-0001015923-05-000065,OPMR,5262,5514,0.026477200873300383,0.02163801239711624,-0.004839188476184142,False
E8B-0001090425-0000950134-05-020823,LAMR,5262,5514,0.015464811345153439,0.017392440802365565,0.001927629457212126,False
E8B-0001015293-0000950129-05-010689,THX,5263,5515,0.01993982441226219,0.020212291217666028,0.00027246680540383636,False
E8B-0000880430-0001341004-06-001296,FSH,5386,5516,0.012485714030331987,0.013688545889002679,0.0012028318586706915,True
E8B-0000027419-0001104659-05-054340,TGT,5265,5517,0.017162126597765236,0.017165322140827954,3.1955430627172987e-06,False
E8B-0001020416-0001104659-05-054375,MNST,5265,5517,0.028250477167503386,0.0339075648607483,0.0056570876932449145,False
E8B-0000109198-0001157523-05-010157,TJX,5268,5520,0.01605015036162642,0.018590956386623555,0.002540806024997136,False
E8B-0000745732-0001206774-05-001827,ROST,5268,5520,0.0179952470104113,0.0200327495968412,0.0020375025864299012,False
E8B-0000850209-0000950117-05-004413,FL,5271,5523,0.018744954553121754,0.019718606241815626,0.0009736516886938718,False
E8B-0000915840-0001104659-05-056699,BZH,5271,5523,0.020582736616505,0.017301023684756275,-0.003281712931748726,False
E8B-0001039684-0001181431-05-062213,OKE,5271,5523,0.015990688825108446,0.01942280188284041,0.003432113057731962,False
E8B-0000106040-0001299933-05-006087,WDC,5272,5524,0.020857053389050327,0.025103679358015017,0.00424662596896469,False
E8B-0000702165-0000702165-05-000237,NSC,5273,5525,0.01898527389234317,0.020438878901988467,0.0014536050096452986,False
E8B-0001041061-0001157523-05-010405,YUM,5274,5526,0.01622637487865025,0.018415658234765524,0.002189283356115273,False
E8B-0000010795-0000950117-05-004477,BDX,5276,5528,0.016143283622506818,0.017661571039512214,0.0015182874170053956,False
E8B-0000315189-0001104659-05-058368,DE,5278,5530,0.017672802668607046,0.02086013682372314,0.0031873341551160936,False
E8B-0000891456-0001193125-05-237197,PXP,5282,5534,0.020002378019674794,0.02047808629605864,0.00047570827638384466,False
E8B-0000073309-0001193125-05-238192,NUE,5283,5535,0.019997658823060937,0.02633507946522306,0.006337420642162122,False
E8B-0001046327-0001299933-05-006390,RNWK,5283,5535,0.01975090578866504,0.022430325572220206,0.0026794197835551675,False
E8B-0000020171-0001104659-05-059808,CB,5284,5536,0.01726469493425689,0.018039915537750004,0.0007752206034931132,False
E8B-0000812900-0001193125-05-239918,SKS,5285,5537,0.01731577177170349,0.020910587069588843,0.003594815297885353,False
E8B-0000047111-0000047111-05-000269,HSY,5286,5538,0.018526535336131106,0.017715262540149185,-0.000811272795981921,False
E8B-0001168054-0001275287-05-005008,XEC,5288,5540,0.0198617494833215,0.01930197339544612,-0.0005597760878753785,False
E8B-0001018952-0000950144-06-004622,KOSP,5386,5540,0.014643630697408027,0.019836206876236284,0.005192576178828257,True
E8B-0001136869-0000950137-05-014987,ZBH,5289,5541,0.019415716930770672,0.020251849370524277,0.0008361324397536049,False
E8B-0000795266-0000950129-05-012019,KBH,5290,5542,0.021006600004069412,0.018474329598140878,-0.0025322704059285335,False
E8B-0001108109-0000950144-05-012847,CYH,5290,5542,0.01934343756556188,0.01913203991573001,-0.00021139764983187093,False
E8B-0000088205-0001104659-05-061892,SPW,5293,5545,0.0156468237226984,0.01814619099937717,0.0024993672766787725,False
E8B-0001085280-0001193125-05-246606,TIBX,5293,5545,0.019824479460364856,0.02151460953993372,0.0016901300795688634,False
E8B-0001276520-0001193125-05-246586,GNW,5293,5545,0.01806536332987367,0.018210876722906912,0.00014551339303324126,False
E8B-0001070412-0001193125-05-247761,CNX,5294,5546,0.023469927180463056,0.023985299382720232,0.0005153722022571763,False
E8B-0000059558-0000950159-06-000033,LNC,5307,5559,0.016104288545376343,0.017949439879276174,0.0018451513338998311,False
E8B-0000732712-0001193125-06-009379,VZ,5312,5564,0.015693825529884697,0.017975248772386983,0.002281423242502287,False
E8B-0000092380-0001299933-06-000452,LUV,5314,5566,0.019285975319770183,0.018630997592960368,-0.0006549777268098148,False
E8B-0000108772-0001193125-06-011219,XRX,5314,5566,0.01633466435450034,0.017505718512878004,0.001171054158377663,False
E8B-0001001039-0001193125-06-010897,DIS,5314,5566,0.015743012376155253,0.018376616815421357,0.002633604439266104,False
E8B-0000064040-0001275287-06-000371,MHP,5315,5567,0.016704379268677596,0.01936633910849373,0.0026619598398161352,False
E8B-0000217346-0000217346-06-000014,TXT,5315,5567,0.01731284471800649,0.018793806059011674,0.0014809613410051853,False
E8B-0000918646-0000950134-06-001143,EXP,5315,5567,0.0242291368245567,0.02531206848282951,0.00108293165827281,False
E8B-0000005187-0000005187-06-000005,WYE,5318,5570,0.017943246552098887,0.018513736454601026,0.0005704899025021394,False
E8B-0000101778-0001299933-06-000689,MRO,5320,5572,0.02065156945664663,0.022656637580492207,0.0020050681238455784,False
E8B-0000878560-0001193125-06-018684,SPF,5321,5573,0.02255743666273578,0.021649651894253483,-0.0009077847684822969,False
E8B-0000060667-0000060667-06-000008,LOW,5324,5576,0.01820317463066386,0.0194681836863149,0.0012650090556510403,False
E8B-0001091171-0000950124-06-000469,NILE_old,5324,5576,0.02207125450190855,0.02538480311461314,0.003313548612704588,False
E8B-0000103379-0001157523-06-001259,VFC,5325,5577,0.01632749513944531,0.018642745935475186,0.0023152507960298753,False
E8B-0000745308-0001157523-06-001257,JOE,5325,5577,0.022173050060116616,0.02200440871414759,-0.00016864134596902489,False
E8B-0000891103-0001104659-06-006787,MTCH,5325,5577,0.01685945158623426,0.020083472895883168,0.0032240213096489077,False
E8B-0001038339-0000950137-06-005228,EOP,5382,5577,0.013540116557240996,0.018258460656548563,0.004718344099307567,True
E8B-0000012355-0000012355-06-000018,BDK,5326,5578,0.01815184385344402,0.018649677378189577,0.0004978335247455556,False
E8B-0000743988-0001104659-06-007982,XLNX,5327,5579,0.021320237543772134,0.02105249712450075,-0.0002677404192713839,False
E8B-0000874691-0000874691-06-000039,OSI_old,5329,5581,0.01925540125902704,0.020059293253704872,0.0008038919946778307,False
E8B-0000047217-0000047217-06-000041,HPQ,5330,5582,0.01856093370832761,0.020903402304250904,0.0023424685959232937,False
E8B-0000016918-0000016918-06-000010,STZ,5331,5583,0.01992384183813453,0.01917845817973297,-0.0007453836584015612,False
E8B-0000884629-0001104659-06-010181,WPI,5331,5583,0.01871637654501973,0.018389749840602845,-0.00032662670441688593,False
E8B-0000010456-0000950137-06-002006,BAX,5332,5584,0.017131305222219586,0.01960650364590628,0.0024751984236866947,False
E8B-0000833079-0001104659-06-010862,MTH,5333,5585,0.02473644865840575,0.022378451518335653,-0.0023579971400700984,False
E8B-0000916076-0000950144-06-001396,MLM,5334,5586,0.018780524092157552,0.02264437944322,0.0038638553510624493,False
E8B-0001166126-0001166126-06-000003,JCP,5335,5587,0.01716316276706456,0.020273859926537525,0.003110697159472965,False
E8B-0000033185-0001104659-06-012242,EFX,5337,5589,0.017373087374261454,0.017724814121709797,0.0003517267474483429,False
E8B-0001274057-0001104659-06-012412,HSP,5338,5590,0.01926088658368588,0.019937431044928587,0.0006765444612427084,False
E8B-0000064892-0000064892-06-000012,MNT,5342,5594,0.01961311374225814,0.020143729601078048,0.0005306158588199092,False
E8B-0000885639-0000892712-06-000269,KSS,5342,5594,0.017724169672033094,0.020499708384987214,0.0027755387129541204,False
E8B-0001045810-0001045810-06-000010,NVDA,5343,5595,0.02503488303307252,0.027358199135352312,0.002323316102279791,False
E8B-0001065865-0001047469-06-002930,JNS,5343,5595,0.01873401897047329,0.018646916270418076,-8.710270005521381e-05,False
E8B-0000200406-0000200406-06-000061,JNJ,5345,5597,0.016676964059720398,0.01695517047742815,0.0002782064177077534,False
E8B-0000897429-0000950144-06-002154,CHS,5347,5599,0.026492956793001024,0.022728891461678568,-0.003764065331322456,False
E8B-0000912615-0001193125-06-052091,URBN,5347,5599,0.022526608968635335,0.023207330768800178,0.0006807218001648428,False
E8B-0000314808-0000314808-06-000021,ESV,5350,5602,0.02310485794789923,0.024722494899282174,0.0016176369513829433,False
E8B-0000006281-0000950135-06-001683,ADI,5351,5603,0.019323584690156246,0.019850631728135306,0.0005270470379790601,False
E8B-0000719955-0001193125-06-058613,WSM,5352,5604,0.020481804311422453,0.01973934292131705,-0.0007424613901054027,False
E8B-0000002969-0001299933-06-002134,APD,5354,5606,0.015915937718385096,0.017262186372528326,0.0013462486541432304,False
E8B-0000866787-0001171843-06-000055,AZO,5354,5606,0.0162023943999814,0.018696184365715993,0.0024937899657345927,False
E8B-0001134538-0000950137-06-003858,ACN,5358,5610,0.018310590198820267,0.021153194627802047,0.0028426044289817792,False
E8B-0000889900-0001299933-06-002295,PTEN,5359,5611,0.02524420013890954,0.022898741664252136,-0.0023454584746574053,False
E8B-0001047122-0001193125-06-068663,RTN,5360,5612,0.016905167248160623,0.018255532153828826,0.0013503649056682034,False
E8B-0001004434-0001104659-06-021779,AMG,5362,5614,0.01718989010581964,0.01806112508378323,0.0008712349779635906,False
E8B-0000203077-0000897101-06-000790,STJ,5372,5624,0.02178861523005417,0.024099369025644614,0.002310753795590443,False
E8B-0000006769-0000950129-06-004149,APA,5374,5626,0.0202883836268544,0.020962516408081402,0.0006741327812270041,False
E8B-0001080099-0000950134-06-007620,INFA_old,5374,5626,0.022355125161043907,0.022030129141493115,-0.00032499601955079255,False
E8B-0000080661-0000950152-06-003380,PGR,5375,5627,0.019064778324326244,0.018056951464984945,-0.0010078268593412994,False
E8B-0000716006-0001193125-06-085899,YRCW,5375,5627,0.019925339126916474,0.019614263733469105,-0.00031107539344736937,False
E8B-0000051143-0001104659-06-027263,IBM,5377,5629,0.016384548352709964,0.018218022363916515,0.0018334740112065512,False
E8B-0000798354-0000897069-06-001134,FISV,5377,5629,0.016465037560689275,0.018143576568047888,0.0016785390073586134,False
E8B-0000070858-0000895527-06-000029,BAC,5378,5630,0.01667204279158928,0.017380470302082424,0.0007084275104931453,False
E8B-0000014930-0000014930-06-000051,BC,5379,5631,0.019909258307206558,0.01877232976696249,-0.001136928540244067,False
E8B-0000086312-0001104659-06-030028,TRV,5381,5633,0.018458216440566465,0.020513878568252812,0.0020556621276863474,False
E8B-0000701221-0000950159-06-000658,CI,5382,5634,0.01895348042891214,0.02345641954015089,0.004502939111238748,False
E8B-0000077476-0001299933-06-003088,PEP,5383,5635,0.017353343395461462,0.018839960359495363,0.001486616964033901,False
E8B-0000078890-0000078890-06-000024,BCO,5385,5637,0.01855237507765376,0.020719600135557858,0.0021672250579040965,False
E8B-0000879933-0001104659-06-031449,IPS_old,5385,5637,0.021925675135362765,0.02703002888156403,0.005104353746201266,False
E8B-0000097745-0000898822-06-000487,TMO,5386,5638,0.017665474872185692,0.020535610061209443,0.002870135189023751,False
E8B-0000703361-0001157523-06-004807,IDTI,5386,5638,0.022126762212025766,0.021678238752258275,-0.0004485234597674907,False
E8B-0000764065-0001299933-06-003314,CLF,5388,5640,0.020351711394675523,0.025382767919926507,0.005031056525250984,False
E8B-0000062996-0000950124-06-002750,MAS,5390,5642,0.020212248285831912,0.01995334277255644,-0.000258905513275471,False
E8B-0000072207-0000950129-06-005663,NBL,5394,5646,0.021353328150443388,0.0256954951427195,0.0043421669922761134,False
E8B-0000944868-0001104659-06-036025,DTV_old,5394,5646,0.02038147659304126,0.022963921747047995,0.0025824451540067336,False
E8B-0000316206-0001299933-06-003703,HOT,5397,5649,0.019526813544364235,0.020902306326728636,0.0013754927823644014,False
E8B-0001047202-0001193125-06-117766,GYI,5397,5649,0.022172907435097325,0.021330324294156374,-0.0008425831409409508,False
E8B-0000105319-0001104659-06-037901,WTW,5400,5652,0.016872264481586585,0.01961952295461107,0.0027472584730244866,False
E8B-0000320186-0000950129-06-005870,GW,5400,5652,0.021068263626302246,0.021659404465357853,0.0005911408390556067,False
E8B-0000072333-0000072333-06-000139,JWN,5401,5653,0.01987362473863483,0.023306872613516053,0.0034332478748812234,False
E8B-0000350698-0001299933-06-003885,AN,5403,5655,0.018564140688242577,0.019231867804796975,0.000667727116554398,False
E8B-0000940944-0000940944-06-000069,DRI,5416,5668,0.018500541442402024,0.02020846452572358,0.001707923083321558,False
E8B-0001031296-0001031296-06-000164,FE,5416,5668,0.018200457002051838,0.02045781176753555,0.0022573547654837108,False
E8B-0000764478-0001104659-06-043384,BBY,5419,5671,0.022384232622759823,0.021075152741188645,-0.0013090798815711784,False
E8B-0000320187-0000320187-06-000055,NKE,5421,5673,0.016809477051955752,0.020361334640219567,0.0035518575882638147,False
E8B-0001172852-0001193125-06-138980,PTT,5423,5675,0.02287703267718958,0.025838088261655352,0.0029610555844657716,False
E8B-0000023082-0000023082-06-000089,CSC,5424,5676,0.019001306639866232,0.02101514586148784,0.0020138392216216064,False
E8B-0000866829-0000950129-06-007003,HLX,5426,5678,0.02383236446754286,0.025014578473500672,0.0011822140059578115,False
E8B-0000038777-0000038777-06-000466,BEN,5430,5682,0.016570853015825397,0.020993725735417888,0.004422872719592491,False
E8B-0000051434-0001193125-06-145827,IP,5432,5684,0.016988055153841605,0.019498674493912863,0.002510619340071258,False
E8B-0000277948-0001193125-06-148516,CSX,5435,5687,0.021727763272646798,0.02685938108359709,0.005131617810950291,False
E8B-0000022444-0000950134-06-013447,CMC,5436,5688,0.02105892377384176,0.025709826429913898,0.004650902656072136,False
E8B-0000097210-0001193125-06-149347,TER,5436,5688,0.01982472349832376,0.02340438460267636,0.003579661104352601,False
E8B-0001043604-0001299933-06-004782,JNPR,5436,5688,0.02064991458394148,0.028499016222816358,0.007849101638874877,False
E8B-0001065088-0000950134-06-013452,EBAY,5436,5688,0.022332149303277926,0.02445779821851105,0.0021256489152331227,False
E8B-0001014473-0001193125-06-150178,VRSN,5437,5689,0.019603325029543102,0.024763107030484982,0.00515978200094188,False
E8B-0000797468-0001104659-06-048194,OXY,5438,5690,0.02087920120504224,0.023476335597911086,0.002597134392868846,False
E8B-0001038074-0001104659-06-048300,SLAB,5438,5690,0.02354079644477581,0.02527601333697264,0.0017352168921968315,False
E8B-0000068505-0000950137-06-008023,MSI,5439,5691,0.021731448380592096,0.019870812386457173,-0.001860635994134923,False
E8B-0000095521-0001157523-06-007319,SVU,5440,5692,0.018969122779497083,0.022376223943225318,0.003407101163728235,False
E8B-0000026172-0000026172-06-000015,CMI,5442,5694,0.017836225277015703,0.02624969913420921,0.008413473857193508,False
E8B-0000097854-0001299933-06-004962,TNB,5442,5694,0.01778260592905725,0.02085577608652789,0.0030731701574706373,False
E8B-0000723254-0000892251-06-000505,CTAS,5442,5694,0.01856055160087528,0.01854843487675376,-1.2116724121522676e-05,False
E8B-0000823768-0000950129-06-007337,WM,5443,5695,0.01850396531468175,0.019850402113111752,0.0013464367984300021,False
E8B-0000317771-0001104659-06-049935,TLAB,5444,5696,0.023357749047017526,0.025808867417008885,0.002451118369991359,False
E8B-0001096376-0001181431-06-044618,NTRI,5445,5697,0.028885218692295843,0.03037810760628004,0.0014928889139841986,False
E8B-0001163739-0000950129-06-007434,NBR,5445,5697,0.022656502546405954,0.021190321390667455,-0.001466181155738499,False
E8B-0000039911-0001193125-06-160773,GPS,5447,5699,0.021120828497457653,0.02046716326172383,-0.0006536652357338225,False
E8B-0001121788-0001144204-06-031152,GRMN,5448,5700,0.020323926261619326,0.02968222778160545,0.009358301519986123,False
E8B-0000858339-0001104659-06-052512,HET,5450,5702,0.017215160367563247,0.02021473434144151,0.002999573973878261,False
E8B-0001054374-0000892569-06-000977,BRCM,5451,5703,0.023016497259528472,0.02661728248289804,0.003600785223369568,False
E8B-0000885708-0000950137-06-008991,JNC,5452,5704,0.018476836838292626,0.021605101684033002,0.0031282648457403757,False
E8B-0001037038-0000950142-06-001601,RL,5456,5708,0.01999816409002123,0.022478963274267738,0.0024807991842465092,False
E8B-0000874214-0001193125-06-175716,ANN,5457,5709,0.02447894040243283,0.020641750771306082,-0.0038371896311267494,False
E8B-0000034408-0001104659-06-056267,FDO,5459,5711,0.023063871243046867,0.024336369277470675,0.001272498034423808,False
E8B-0000703351-0001104659-06-057663,EAT,5464,5716,0.02025193890794712,0.02121660866378567,0.0009646697558385493,False
E8B-0000831967-0001341004-06-002348,KCI,5464,5716,0.02063052129555172,0.027820284706980586,0.007189763411428865,False
E8B-0001018724-0001193125-06-180302,AMZN,5464,5716,0.020872434434690425,0.031734572861298375,0.01086213842660795,False
E8B-0000794367-0000794367-06-000168,M,5465,5717,0.024475440003561215,0.022387202007075776,-0.002088237996485439,False
E8B-0001022671-0001104659-06-057984,STLD,5465,5717,0.0221802631905292,0.027470217469114246,0.005289954278585047,False
E8B-0000098246-0000098246-06-000120,TIF,5467,5719,0.019620242370487054,0.024383782601405373,0.004763540230918319,False
E8B-0000813347-0000950134-07-006312,KOMG,5604,5719,0.01971123218353448,0.01962506188520609,-8.617029832838977e-05,True
E8B-0000804269-0001193125-06-190189,ACF,5475,5727,0.02716399391687734,0.024377235976503226,-0.0027867579403741127,False
E8B-0001174735-0001193125-06-191115,LEND_old1,5476,5728,0.05897218543636353,0.05667162417298443,-0.002300561263379103,False
E8B-0001305014-0001305014-06-000223,ASH,5476,5728,0.020134917967834856,0.02106631533472573,0.0009313973668908723,False
E8B-0001090872-0001104659-06-062162,A,5480,5732,0.020904404983786307,0.022776146130132725,0.0018717411463464173,False
E8B-0000097476-0001140361-06-013541,TXN,5481,5733,0.020599296295134895,0.022458383349354544,0.0018590870542196485,False
E8B-0001037676-0001299933-06-006094,ACI_old,5481,5733,0.02664250192827028,0.02837868835653542,0.0017361864282651393,False
E8B-0001101215-0001299933-06-006329,ADS,5488,5740,0.021317564639946853,0.025291498692477543,0.00397393405253069,False
E8B-0001037949-0001104659-06-064908,Q_old,5490,5742,0.022370696886899143,0.023681935861370802,0.001311238974471659,False
E8B-0000793952-0000897069-06-002190,HOG,5496,5748,0.022832518397126605,0.02010933048475244,-0.0027231879123741642,False
E8B-0000277135-0000277135-06-000037,GWW,5497,5749,0.017643819935408003,0.02101106098665527,0.003367241051247267,False
E8B-0000916085-0001193125-06-207974,HNT,5498,5750,0.021365265231761497,0.022831875490376095,0.0014666102586145986,False
E8B-0000065100-0001157523-06-009941,MER,5499,5751,0.02248483766550588,0.02060372273607131,-0.0018811149294345707,False
E8B-0001011006-0001157523-06-009974,YHOO,5499,5751,0.025327573409913956,0.027546568939314238,0.002218995529400282,False
E8B-0000920148-0000920148-06-000208,LH,5503,5755,0.020026284285970634,0.020448978994287804,0.00042269470831717004,False
E8B-0001097313-0000950129-06-009117,GRP_old,5504,5756,0.02458689321970117,0.027654795076452472,0.003067901856751303,False
E8B-0001137789-0001193125-06-213813,STX,5504,5756,0.022455119236752728,0.02502136758768624,0.0025662483509335116,False
E8B-0001116521-0001104659-07-012028,AV_old1,5582,5756,0.018800952719442595,0.02239407312844824,0.0035931204090056436,True
E8B-0001116132-0001157523-06-010332,COH,5505,5757,0.024953874322607667,0.02420151760228434,-0.0007523567203233279,False
E8B-0000031462-0001104659-06-068951,ECL,5506,5758,0.02020433764602318,0.020862728838889826,0.0006583911928666475,False
E8B-0001170650-0001193125-06-222778,MHS,5511,5763,0.021341014446613984,0.027931113229236467,0.006590098782622483,False
E8B-0000871763-0001193125-06-224722,MAN,5513,5765,0.021664700063370176,0.021639003311942972,-2.5696751427203846e-05,False
E8B-0000949341-0000950152-06-008870,CKFR,5513,5765,0.021829238905288526,0.024305136878512778,0.0024758979732242524,False
E8B-0001054102-0001054102-06-000073,PDII,5514,5766,0.027572575246959437,0.02858404374148602,0.0010114684945265809,False
E8B-0000790070-0001193125-06-231572,EMC_old,5517,5769,0.02156856690575278,0.027225571926188987,0.005657005020436208,False
E8B-0000850460-0000950134-06-021533,WIRE,5519,5771,0.028395367046926204,0.026385170358649943,-0.002010196688276261,False
E8B-0000315293-0001104659-06-077031,AON,5524,5776,0.018064155395747964,0.02151715870301591,0.003453003307267947,False
E8B-0000935703-0000935703-06-000049,DLTR,5524,5776,0.023567330880087556,0.022635625611464833,-0.0009317052686227227,False
E8B-0000721371-0001193125-06-244231,CAH,5530,5782,0.022162315484073013,0.021301274667787327,-0.0008610408162856853,False
E8B-0000931336-0000950134-06-022378,DF,5530,5782,0.02698172033857143,0.022778393057528733,-0.004203327281042696,False
E8B-0000840467-0001193125-06-250463,BEC_old,5537,5789,0.029016392102539586,0.03234727063091722,0.0033308785283776322,False
E8B-0000040704-0000897101-06-002566,GIS,5538,5790,0.020177200774874907,0.020708546414336355,0.0005313456394614481,False
E8B-0000813672-0000950134-06-022987,CDNS,5538,5790,0.022580566637369973,0.022501333983108978,-7.92326542609946e-05,False
E8B-0000350894-0001193125-06-252941,SEIC,5540,5792,0.021876328110771066,0.022679782455126776,0.0008034543443557092,False
E8B-0000097216-0000097216-06-000361,TEX,5541,5793,0.02642895296351828,0.02741102218544826,0.00098206922192998,False
E8B-0000777001-0000777001-06-000123,BSC_old,5541,5793,0.02858652774815936,0.02328377491721032,-0.00530275283094904,False
E8B-0000895421-0001157523-06-012247,MS,5542,5794,0.0239668644549989,0.02141601703680594,-0.0025508474181929613,False
E8B-0001053507-0001193125-06-256678,AMT,5543,5795,0.02258682697635661,0.02412687495962033,0.0015400479832637197,False
E8B-0001096325-0001193125-06-256195,ISIL,5543,5795,0.02432522964786881,0.025575807515466484,0.0012505778675976735,False
E8B-0000069970-0000950152-06-010319,NCC_old,5544,5796,0.026914990945250166,0.019950400100424252,-0.006964590844825914,False
E8B-0001085280-0001193125-06-258124,TIBX,5545,5797,0.024738942622162915,0.023395502899152532,-0.0013434397230103826,False
E8B-0000354913-0001157523-06-012415,IDCC,5549,5801,0.030454224090148887,0.02714032912234867,-0.0033138949678002162,False
E8B-0000815556-0001193125-07-008609,FAST,5561,5813,0.022925087278225748,0.02322077494154521,0.0002956876633194612,False
E8B-0000791915-0001193125-07-011989,CY,5565,5817,0.026320168933724356,0.03052248605577163,0.004202317122047272,False
E8B-0000849399-0000891618-07-000022,SYMC,5565,5817,0.023018774754142785,0.02289806504134329,-0.0001207097127994966,False
E8B-0000786110-0001275287-07-000359,GYMB,5567,5819,0.030182006808930323,0.028661590083751833,-0.0015204167251784903,False
E8B-0000927628-0001193125-07-014167,COF,5567,5819,0.026828962273113273,0.022614527975869995,-0.004214434297243278,False
E8B-0000100885-0001193125-07-016382,UNP,5569,5821,0.020556120519290285,0.022994260067068128,0.002438139547777843,False
E8B-0000064040-0001193125-07-017207,MHP,5570,5822,0.026116604817835825,0.02199524233767585,-0.004121362480159974,False
E8B-0000929008-0000950152-07-000660,WCC,5571,5823,0.02705000885648472,0.02279452563425851,-0.0042554832222262105,False
E8B-0000731939-0000950134-07-001963,TIN,5572,5824,0.04146080119223937,0.05455034300167513,0.013089541809435765,False
E8B-0000814585-0001157523-07-000945,MBI,5572,5824,0.04848925201290638,0.03937824254724873,-0.009111009465657648,False
E8B-0000928753-0000950134-07-008932,BOBJ,5627,5825,0.019707941295974814,0.025429911914522492,0.005721970618547678,True
E8B-0000885721-0000885721-07-000008,ESRX,5575,5827,0.02181061972533355,0.027967336408293037,0.006156716682959487,False
E8B-0000018230-0000018230-07-000045,CAT,5581,5833,0.02021421573440774,0.021077235867458702,0.0008630201330509617,False
E8B-0001001250-0000909518-07-000147,EL,5581,5833,0.024072618204971714,0.023497711272102276,-0.000574906932869438,False
E8B-0001113169-0000950133-07-000641,TROW,5581,5833,0.023740087182877966,0.02476843584862847,0.0010283486657505052,False
E8B-0001103982-0001104659-07-012241,KFT,5583,5835,0.022986828997314895,0.022679318587135473,-0.0003075104101794221,False
E8B-0000109198-0001157523-07-001830,TJX,5584,5836,0.02311375856204884,0.024384566363174768,0.0012708078011259283,False
E8B-0000036270-0001299933-07-001090,MTB,5585,5837,0.02477218707653171,0.021229086372081513,-0.0035431007044501965,False
E8B-0000319201-0000950134-07-003878,KLAC,5585,5837,0.02223850593707888,0.02047037336504271,-0.001768132572036167,False
E8B-0001090425-0000950134-07-003853,LAMR,5585,5837,0.025336110456787436,0.021106529691538225,-0.004229580765249211,False
E8B-0000707549-0000950134-07-003979,LRCX,5586,5838,0.023375537153484838,0.022361861136512777,-0.0010136760169720607,False
E8B-0000875159-0001299933-07-001159,XL_old,5587,5839,0.028663155295203423,0.02388858556162393,-0.004774569733579495,False
E8B-0000743988-0001104659-07-014386,XLNX,5588,5840,0.02324598408548769,0.022161390196053878,-0.001084593889433813,False
E8B-0000016918-0001275287-07-001069,STZ,5589,5841,0.023070758293481652,0.023257116427474148,0.00018635813399249523,False
E8B-0000005272-0000950123-07-003046,AIG,5590,5842,0.023013031769415947,0.019802815105921443,-0.0032102166634945042,False
E8B-0001106851-0000950134-07-004580,OVTI,5590,5842,0.02766353073832261,0.03196553059717569,0.00430199985885308,False
E8B-0001060232-0001275287-07-001156,PSS,5593,5845,0.03292434402885897,0.025879756735331858,-0.007044587293527114,False
E8B-0000850209-0000930413-07-002065,FL,5595,5847,0.029132669207461704,0.023294039691676784,-0.00583862951578492,False
E8B-0000887596-0001104659-07-017429,CAKE,5595,5847,0.025589214688889972,0.02290363887300045,-0.0026855758158895217,False
E8B-0000919012-0000919012-07-000016,AEO,5596,5848,0.027662311487251786,0.022603532203074067,-0.005058779284177719,False
E8B-0000912242-0001104659-07-018423,MAC,5597,5849,0.02348677424472003,0.02023756267873221,-0.003249211565987821,False
E8B-0000010456-0000950137-07-003723,BAX,5598,5850,0.02091165400354675,0.022647852982496487,0.001736198978949735,False
E8B-0000047217-0001104659-07-019765,HPQ,5601,5853,0.01919701808112158,0.021361439255170134,0.002164421174048553,False
E8B-0000092380-0001299933-07-001683,LUV,5602,5854,0.02444916638445201,0.02265392527231745,-0.001795241112134558,False
E8B-0001040971-0001047469-07-001983,SLG,5603,5855,0.027207586917109453,0.023061453572241875,-0.004146133344867579,False
E8B-0000719955-0001193125-07-061197,WSM,5605,5857,0.02831620312040254,0.025834507758621093,-0.0024816953617814476,False
E8B-0000702165-0000702165-07-000082,NSC,5608,5860,0.02223442005021484,0.023365047556714737,0.0011306275064998962,False
E8B-0000768251-0001193125-07-070204,ALTR_old,5611,5863,0.022179846331558048,0.022034168880103514,-0.00014567745145453379,False
E8B-0000906345-0000950134-07-007611,CPT,5615,5867,0.025583528439266187,0.023166476813698864,-0.0024170516255673236,False
E8B-0001123360-0001275287-07-001688,GPN,5615,5867,0.02168290391002222,0.023344459622149143,0.001661555712126922,False
E8B-0000918386-0000892569-07-000417,QLGC,5617,5869,0.025109288594593222,0.02412717643287796,-0.000982112161715263,False
E8B-0000019617-0000950123-07-005573,JPM,5622,5874,0.022713818772337236,0.021521451232013333,-0.0011923675403239034,False
E8B-0001065280-0001193125-07-083453,NFLX,5622,5874,0.028070074916588663,0.03419359748714877,0.006123522570560109,False
E8B-0000353944-0000892569-07-000462,IGT,5623,5875,0.022620379103890774,0.02260307036301516,-1.730874087561493e-05,False
E8B-0000899051-0001104659-07-029179,ALL,5623,5875,0.020787713588381017,0.0192597993590158,-0.001527914229365216,False
E8B-0001015780-0001157523-07-003752,ETFC,5623,5875,0.051839068495796226,0.041540286362552636,-0.01029878213324359,False
E8B-0001035002-0000950134-07-009119,VLO,5629,5881,0.0247330657211188,0.022383266999314706,-0.0023497987218040924,False
E8B-0001031798-0001193125-07-116864,BEAS,5643,5883,0.02339607495321691,0.028940157427701552,0.005544082474484641,True
E8B-0000202058-0000950144-07-004054,HRS,5632,5884,0.02184262216879023,0.023703604389638165,0.0018609822208479343,False
E8B-0000906107-0001157523-07-004380,EQR,5633,5885,0.024630917804244205,0.02413839146398116,-0.0004925263402630435,False
E8B-0001046327-0000950134-07-009910,RNWK,5633,5885,0.02565413618073008,0.024079588681801208,-0.001574547498928873,False
E8B-0000728535-0001104659-07-035295,JBHT,5634,5886,0.023911052635248082,0.025984789298850067,0.0020737366636019855,False
E8B-0000829224-0000891020-07-000125,SBUX,5634,5886,0.02621130183748665,0.020101063772278722,-0.006110238065207926,False
E8B-0000062709-0000062709-07-000083,MMC,5637,5889,0.023729204168708114,0.022602450020870368,-0.0011267541478377462,False
E8B-0000085961-0001299933-07-002848,R,5637,5889,0.02252387168893383,0.024897729657882332,0.0023738579689485013,False
E8B-0001001039-0001193125-07-106024,DIS,5637,5889,0.02053391915839836,0.02037080800615897,-0.00016311115223939174,False
E8B-0000064803-0000950103-07-001178,CVS,5638,5890,0.02195576658021953,0.022978493580440008,0.0010227270002204775,False
E8B-0000318154-0001193125-07-114408,AMGN,5641,5893,0.025852512033376004,0.02450736637504553,-0.001345145658330476,False
E8B-0001273931-0001299933-07-003018,MGI,5641,5893,0.054171455919730965,0.03606291438658369,-0.018108541533147275,False
E8B-0000035527-0001193125-07-119159,FITB,5645,5897,0.02834301680812518,0.022614246252477436,-0.005728770555647744,False
E8B-0000936340-0000950124-07-002980,DTE,5645,5897,0.023263601715008603,0.021979796228783148,-0.0012838054862254547,False
E8B-0001009626-0000950134-07-012012,BRCD,5645,5897,0.038212618594330346,0.02646681679199097,-0.011745801802339376,False
E8B-0000865570-0001104659-07-041689,THQI,5646,5898,0.028914290449167525,0.023997973137900832,-0.004916317311266693,False
E8B-0001276520-0001193125-07-119248,GNW,5646,5898,0.025936656149994776,0.02178275177468172,-0.004153904375313055,False
E8B-0000060667-0000060667-07-000057,LOW,5650,5902,0.02525598872187601,0.022291316448848433,-0.0029646722730275778,False
E8B-0000701985-0001193125-07-124774,LTD,5651,5903,0.027183292769091205,0.024770490850314162,-0.002412801918777043,False
E8B-0000732485-0001104659-07-043320,GENZ_old,5651,5903,0.02520578682537462,0.026509765225928333,0.0013039784005537125,False
E8B-0001140859-0001193125-07-124855,ABC,5651,5903,0.027341375586000433,0.025913068507453625,-0.0014283070785468081,False
E8B-0000101778-0001299933-07-003342,MRO,5652,5904,0.025369310337462224,0.024613467789865374,-0.0007558425475968494,False
E8B-0000866787-0001171843-07-000288,AZO,5657,5909,0.021747565404418433,0.021085775016964247,-0.0006617903874541857,False
E8B-0000006281-0001157523-07-005957,ADI,5658,5910,0.022128071728756197,0.022021892883737744,-0.00010617884501845296,False
E8B-0000070530-0001104659-07-046200,NSM_old,5658,5910,0.023486931543543796,0.02224821479143684,-0.0012387167521069574,False
E8B-0000080661-0000950152-07-005106,PGR,5663,5915,0.024446717554047193,0.02381412150093412,-0.0006325960531130721,False
E8B-0000354950-0000898822-07-000840,HD,5667,5919,0.023327597741693483,0.019603624612074724,-0.0037239731296187586,False
E8B-0001062530-0001157523-07-006430,DRIV_old,5672,5924,0.026327391667195235,0.026203105006924007,-0.0001242866602712278,False
E8B-0000929887-0000950153-07-001406,APOL,5673,5925,0.031015172392701653,0.03194015576671339,0.000924983374011739,False
E8B-0000764478-0001104659-07-051720,BBY,5675,5927,0.022394398349504588,0.021338570596457135,-0.001055827753047453,False
E8B-0000200406-0000200406-07-000100,JNJ,5681,5933,0.021340628752772636,0.022073996652882746,0.0007333679001101101,False
E8B-0000098222-0001193125-07-156170,TDW,5685,5937,0.027182190854200455,0.024832671968979217,-0.0023495188852212384,False
E8B-0000024741-0001299933-07-004254,GLW,5686,5938,0.023151265373386385,0.020740538161970894,-0.0024107272114154907,False
E8B-0000096021-0000096021-07-000073,SYY,5686,5938,0.02091869409649052,0.020538527680223833,-0.00038016641626668554,False
E8B-0000217346-0000217346-07-000095,TXT,5686,5938,0.023479936732249563,0.02104693298557955,-0.0024330037466700136,False
E8B-0000773840-0000930413-07-006089,HON,5687,5939,0.02135622600846095,0.020078423020082035,-0.001277802988378915,False
E8B-0000107263-0001299933-07-004302,WMB,5688,5940,0.0247763424176538,0.025368096765521757,0.0005917543478679566,False
E8B-0000010795-0000930413-07-006179,BDX,5690,5942,0.022344792258437215,0.023982551512487797,0.0016377592540505817,False
E8B-0000045012-0001140361-07-014590,HAL,5690,5942,0.023562328014598132,0.02564702959296316,0.0020847015783650273,False
E8B-0001043277-0001181431-07-047301,CHRW,5690,5942,0.022692128776980437,0.022143279878737463,-0.0005488488982429741,False
E8B-0001065865-0001104659-07-056331,JNS,5691,5943,0.028064487819097598,0.02927751746451373,0.0012130296454161311,False
E8B-0000808362-0000950134-07-016003,BHI,5692,5944,0.024542523861238386,0.025390485437536064,0.0008479615762976775,False
E8B-0000835729-0001299933-07-004471,BMC,5694,5946,0.02319510427915222,0.02506048738372742,0.001865383104575201,False
E8B-0000062996-0000950124-07-003878,MAS,5695,5947,0.02596479995611914,0.022008223110742763,-0.003956576845376376,False
E8B-0001059556-0001157523-07-007585,MCO,5695,5947,0.03031768943557696,0.027030982087458424,-0.003286707348118534,False
E8B-0001105705-0000950144-07-007052,TWX,5695,5947,0.022474947604486248,0.020156674856419157,-0.0023182727480670906,False
E8B-0000889900-0001299933-07-004565,PTEN,5696,5948,0.026681107146908665,0.029237679529975243,0.0025565723830665785,False
E8B-0000046080-0000046080-07-000087,HAS,5697,5949,0.023970051511931604,0.02686460129611825,0.002894549784186646,False
E8B-0000080424-0000080424-07-000131,PG,5698,5950,0.020270579567330048,0.021113032604755277,0.0008424530374252295,False
E8B-0001158449-0001158449-07-000128,AAP,5701,5953,0.02086184028295438,0.024303555617276026,0.0034417153343216447,False
E8B-0000916076-0000950144-07-007897,MLM,5706,5958,0.02408611790101047,0.023237705575552457,-0.0008484123254580145,False
E8B-0001002047-0001299933-07-004933,NTAP,5706,5958,0.02371880187919401,0.023976320026622238,0.0002575181474282276,False
E8B-0000076334-0001193125-07-184696,PH,5707,5959,0.02178951318111142,0.022329619193590246,0.0005401060124788255,False
E8B-0000049826-0000049826-07-000040,ITW,5710,5962,0.019306983382251477,0.01811854616142487,-0.0011884372208266075,False
E8B-0000072333-0000072333-07-000172,JWN,5710,5962,0.029315887614772083,0.025717033472002406,-0.0035988541427696766,False
E8B-0000018926-0000018926-07-000016,CTL,5711,5963,0.024020628903714838,0.02236269610246186,-0.001657932801252978,False
E8B-0000039911-0001193125-07-188191,GPS,5712,5964,0.02224170834338019,0.02359493605982184,0.0013532277164416476,False
E8B-0000874214-0001193125-07-188570,ANN,5712,5964,0.029460090240200403,0.028160652755719794,-0.001299437484480609,False
E8B-0000872448-0000891618-07-000524,ATML,5714,5966,0.028561080437503134,0.026822792209088654,-0.0017382882284144793,False
E8B-0000920522-0000920522-07-000057,ESS,5717,5969,0.021991092469127855,0.02256771669208664,0.0005766242229587847,False
E8B-0001109357-0001193125-07-194434,EXC,5718,5970,0.023643084443874324,0.024559029072552224,0.0009159446286778998,False
E8B-0001020416-0001104659-07-066837,MNST,5719,5971,0.034015540290503334,0.03125747477017347,-0.0027580655203298665,False
E8B-0000073309-0001193125-07-196363,NUE,5721,5973,0.027017066530483736,0.027043541478207218,2.647494772348158e-05,False
E8B-0000894267-0000896595-07-000371,CWLZ,5721,5973,0.033928982431570706,0.028495605260934836,-0.00543337717063587,False
E8B-0001058290-0001193125-07-201912,CTSH,5728,5980,0.026526155308153998,0.024169622492248553,-0.0023565328159054454,False
E8B-0000886835-0000950129-07-004614,SPN,5729,5981,0.029656777640671737,0.02940762974291696,-0.00024914789775477494,False
E8B-0000885639-0000892712-07-001022,KSS,5731,5983,0.026004325588298866,0.02465075753338379,-0.0013535680549150754,False
E8B-0000086104-0001193125-07-266781,SAF_old1,5792,5984,0.01745537537787764,0.019785812913707554,0.002330437535829913,True
E8B-0000002969-0001299933-07-005588,APD,5733,5985,0.02180781624331546,0.020096084186551462,-0.0017117320567639968,False
E8B-0000904080-0000950129-07-004729,SGY,5734,5986,0.029096598115539565,0.03214436636258433,0.003047768247044766,False
E8B-0001099219-0000950123-07-013035,MET,5735,5987,0.02067182036618835,0.018534845523253896,-0.0021369748429344547,False
E8B-0000005187-0001193125-07-211997,WYE,5739,5991,0.024579035632586833,0.023568411228839698,-0.0010106244037471346,False
E8B-0001096376-0001181431-07-060799,NTRI,5740,5992,0.041129614325065005,0.03681714800815731,-0.0043124663169076954,False
E8B-0000927653-0000950134-07-020873,MCK,5741,5993,0.02336365952133146,0.02219448481194893,-0.0011691747093825304,False
E8B-0001041061-0001157523-07-009663,YUM,5743,5995,0.022738949694928533,0.020248110619495406,-0.0024908390754331267,False
E8B-0001018005-0001193125-07-216970,CWTR,5746,5998,0.03730543343905979,0.03475887105147468,-0.002546562387585105,False
E8B-0000004281-0001193125-07-217862,AA,5747,5999,0.028411670738837155,0.021443828695281227,-0.006967842043555928,False
E8B-0000008868-0001193125-07-217370,AVP,5747,5999,0.022766550883487786,0.022285761490037227,-0.00048078939345055915,False
E8B-0000012355-0000012355-07-000162,BDK,5750,6002,0.023219062391792715,0.02017437978636096,-0.0030446826054317533,False
E8B-0000713676-0001193125-07-220784,PNC,5750,6002,0.02287666049342418,0.022926640290054073,4.99797966298926e-05,False
E8B-0001206264-0001206264-07-000012,TPX,5751,6003,0.03978355671480016,0.029846177538913433,-0.009937379175886728,False
E8B-0000350698-0000950144-07-009494,AN,5755,6007,0.0318060378340211,0.023458248735498576,-0.008347789098522521,False
E8B-0000703361-0001157523-07-010174,IDTI,5755,6007,0.0251490219147392,0.017252488217521487,-0.007896533697217715,False
E8B-0000861459-0001144204-07-056187,GVA,5755,6007,0.027683989685181397,0.022382046423747217,-0.00530194326143418,False
E8B-0001047122-0001193125-07-225269,RTN,5755,6007,0.021803454009173027,0.019191533828466757,-0.0026119201807062696,False
E8B-0001166691-0001193125-07-225256,CMCSA,5755,6007,0.0238690990982891,0.019845494535387507,-0.0040236045629015935,False
E8B-0000865941-0001008886-07-000155,CLDN,5756,6008,0.028124640975078382,0.029257351025598382,0.00113271005052,False
E8B-0001134538-0000950137-07-016004,ACN,5756,6008,0.02102696290554684,0.018975394073722625,-0.002051568831824214,False
E8B-0000055067-0000950124-07-005391,K,5757,6009,0.021341221538312867,0.02100811861452353,-0.0003331029237893385,False
E8B-0000318996-0001104659-07-078150,KEG,5759,6011,0.031599753439042616,0.02709644130652167,-0.0045033121325209445,False
E8B-0001090727-0000950144-07-009705,UPS,5759,6011,0.021281419847627523,0.018185477015812534,-0.0030959428318149892,False
E8B-0000005513-0001193125-07-231260,UNM,5760,6012,0.022609267039666134,0.02051374818292218,-0.0020955188567439546,False
E8B-0000070866-0001193125-07-230564,NCR,5760,6012,0.025095295424249122,0.022286706070414133,-0.0028085893538349893,False
E8B-0000916085-0001193125-07-231895,HNT,5761,6013,0.03318662150984685,0.024065575626360716,-0.009121045883486136,False
E8B-0001018963-0001157523-07-010600,ATI,5761,6013,0.03476375292343612,0.024770632262689937,-0.009993120660746185,False
E8B-0000920148-0000920148-07-000254,LH,5763,6015,0.023255640726791937,0.02273555373009736,-0.000520086996694577,False
E8B-0000811669-0000950123-07-015004,UST_old,5764,6016,0.022765706226012282,0.0253718094672309,0.0026061032412186165,False
E8B-0001138118-0001193125-07-239293,CBG,5765,6017,0.035355810539315274,0.027531808192232374,-0.0078240023470829,False
E8B-0000022444-0000950134-07-023343,CMC,5766,6018,0.031402851134987975,0.025133226936294887,-0.006269624198693088,False
E8B-0000317771-0001193125-07-240249,TLAB,5766,6018,0.027458077529214798,0.021779370928739133,-0.005678706600475664,False
E8B-0001024478-0000893838-07-000320,ROK,5766,6018,0.02443884705960014,0.01662763982383499,-0.007811207235765151,False
E8B-0001011657-0000059255-07-000120,TIE,5768,6020,0.03700259587653142,0.028881463881815273,-0.00812113199471615,False
E8B-0000029905-0000950123-07-015543,DOV,5770,6022,0.01972615719277785,0.016532808229007837,-0.003193348963770014,False
E8B-0000078814-0000930413-07-008743,PBI,5770,6022,0.021939609561455933,0.019219219759371412,-0.0027203898020845205,False
E8B-0000909832-0001193125-07-247639,COST,5770,6022,0.020903876893526574,0.018941257865606277,-0.001962619027920297,False
E8B-0001054374-0001299933-07-006700,BRCM,5771,6023,0.028795880524373756,0.024090950263365184,-0.004704930261008572,False
E8B-0001090872-0001104659-07-083523,A,5771,6023,0.0203531187618829,0.016623531790677746,-0.0037295869712051545,False
E8B-0001037461-0001193125-07-250785,BJ_old,5773,6025,0.023912051484384723,0.024284171933185498,0.0003721204488007744,False
E8B-0000027419-0001104659-07-084262,TGT,5774,6026,0.02216064912711856,0.018232463346003883,-0.003928185781114677,False
E8B-0000028917-0001157523-07-011542,DDS,5775,6027,0.04440311442587419,0.0358134430294548,-0.00858967139641939,False
E8B-0001018840-0000950152-07-009248,ANF,5777,6029,0.027721924956385213,0.017632185498178587,-0.010089739458206626,False
E8B-0000078239-0000078239-07-000050,PVH,5782,6034,0.02669709838208434,0.021190886440653835,-0.0055062119414305034,False
E8B-0000040533-0001193125-07-259696,GD,5784,6036,0.0223119494517997,0.017812822570572526,-0.004499126881227174,False
E8B-0000789570-0000950153-07-002565,MGM,5786,6038,0.04140627419107299,0.027304951890902308,-0.014101322300170683,False
E8B-0001156039-0001193125-07-263042,ELV,5788,6040,0.02743457071532988,0.021447404466048498,-0.005987166249281382,False
E8B-0001056239-0000950136-07-008353,LLL_old,5789,6041,0.02157312627321137,0.018091363473278502,-0.0034817627999328693,False
E8B-0000026172-0000026172-07-000031,CMI,5790,6042,0.03103435285112244,0.025529524929288117,-0.0055048279218343245,False
E8B-0001097864-0001193125-07-264855,ONNN,5790,6042,0.029930503045167336,0.02522280043377843,-0.004707702611388906,False
E8B-0000793952-0000897069-07-002139,HOG,5791,6043,0.02476587142139309,0.018646386704340462,-0.006119484717052627,False
E8B-0000891456-0001193125-07-266009,PXP,5791,6043,0.034264668980448165,0.02867034032466896,-0.005594328655779204,False
E8B-0000097216-0000097216-07-000375,TEX,5793,6045,0.03400551710156629,0.025726679345541046,-0.008278837756025243,False
E8B-0000099780-0001299933-07-007262,TRN,5793,6045,0.027432249019834685,0.025530634677473,-0.0019016143423616835,False
E8B-0000315293-0001104659-07-090049,AON,5795,6047,0.021200556074484147,0.02061286322483449,-0.000587692849649657,False
E8B-0000017843-0001188112-07-003675,CRS,5799,6051,0.03107951807946485,0.02072468798297676,-0.010354830096488087,False
E8B-0000817473-0001193125-08-003896,ACAS,5807,6059,0.03752359572628927,0.032581603700957945,-0.0049419920253313265,False
E8B-0001038357-0000950134-08-000530,PXD,5810,6062,0.032774335471957156,0.02875227586657738,-0.0040220596053797755,False
E8B-0000098246-0000098246-08-000007,TIF,5813,6065,0.025204001532179016,0.022537211954695154,-0.002666789577483862,False
E8B-0000820313-0001104659-08-003513,APH,5814,6066,0.021411154133821133,0.01913278294169027,-0.0022783711921308646,False
E8B-0000877890-0001157523-08-000471,CTXS,5816,6068,0.026082396727336525,0.02275784054266281,-0.0033245561846737166,False
E8B-0001048695-0000950134-08-000969,FFIV,5816,6068,0.028617850962174392,0.028825476787123945,0.0002076258249495526,False
E8B-0001133421-0000950134-08-001014,NOC,5816,6068,0.023045006375421197,0.019597039142617064,-0.0034479672328041333,False
E8B-0000038777-0001193125-08-011101,BEN,5817,6069,0.024184197385885214,0.02051927678477122,-0.003664920601113994,False
E8B-0000086312-0001104659-08-005266,TRV,5819,6071,0.02285630102101159,0.02192696406595316,-0.000929336955058431,False
E8B-0000931015-0000950134-08-001242,PII,5819,6071,0.027252955262922523,0.02448873843636711,-0.0027642168265554143,False
E8B-0000004977-0000950144-08-000475,AFL,5820,6072,0.025565067409226597,0.020021433074356915,-0.005543634334869683,False
E8B-0000021665-0001193125-08-016125,CL,5821,6073,0.0213821001459081,0.020712937924896316,-0.0006691622210117827,False
E8B-0000911160-0000911160-08-000006,RFMD,5822,6074,0.03570760923178379,0.031020654764105808,-0.00468695446767798,False
E8B-0000764180-0001193125-08-018864,MO,5824,6076,0.028610933056600698,0.021558109620880627,-0.007052823435720071,False
E8B-0001137789-0001193125-08-019262,STX,5824,6076,0.03394289066650745,0.023794088504499197,-0.010148802162008252,False
E8B-0000927628-0001193125-08-020587,COF,5825,6077,0.034773419963957546,0.027718946590271524,-0.007054473373686022,False
E8B-0001060391-0000950144-08-000658,RSG,5825,6077,0.021330652984689603,0.02046019659719612,-0.0008704563874934838,False
E8B-0000745732-0001206774-08-000276,ROST,5826,6078,0.02024102987168487,0.02144732898053822,0.001206299108853351,False
E8B-0000915912-0000950133-08-000385,AVB,5826,6078,0.023706910046934742,0.019950362059683372,-0.00375654798725137,False
E8B-0000817720-0000950153-08-000201,SYNA,5827,6079,0.027671387768653695,0.03205934105162489,0.004387953282971195,False
E8B-0000840467-0001193125-08-023578,BEC_old,5827,6079,0.028558852196893362,0.026773344728370365,-0.0017855074685229969,False
E8B-0000890801-0001144204-08-006791,MFE,5827,6079,0.022407290703078217,0.02182658564030154,-0.000580705062776677,False
E8B-0000732712-0001193125-08-024449,VZ,5828,6080,0.020634491034005074,0.019599603020688187,-0.001034888013316887,False
E8B-0000804055-0000804055-08-000041,CCE,5830,6082,0.02586788938732398,0.02158441726652496,-0.00428347212079902,False
E8B-0001091171-0000891020-08-000033,NILE_old,5830,6082,0.03559776922297729,0.033057448833662365,-0.002540320389314926,False
E8B-0000310764-0000310764-08-000018,SYK,5831,6083,0.023300502771699216,0.0201473835539454,-0.0031531192177538143,False
E8B-0001265888-0000950133-08-000677,NSR_old,5834,6086,0.026843315753547592,0.02385175377896031,-0.0029915619745872826,False
E8B-0000813672-0000950134-08-003082,CDNS,5835,6087,0.031542233679490966,0.025730079061472278,-0.005812154618018688,False
E8B-0000203077-0000897101-08-000375,STJ,5838,6090,0.022605898517538737,0.02154199977580096,-0.001063898741737776,False
E8B-0000051143-0001104659-08-012803,IBM,5839,6091,0.020071289622688438,0.018042369482791136,-0.002028920139897302,False
E8B-0000800240-0001144204-08-011849,ODP,5839,6091,0.04531994891766707,0.031120370190845643,-0.01419957872682143,False
E8B-0000021076-0001193125-08-039616,CLX,5840,6092,0.02292492097253625,0.021805503901118038,-0.0011194170714182126,False
E8B-0001005010-0001144204-08-012096,ARTC_old,5840,6092,0.05036580747268215,0.04114728661153,-0.00921852086115215,False
E8B-0001013871-0000950123-08-002217,NRG,5840,6092,0.03034562719448951,0.025124030456909315,-0.005221596737580197,False
E8B-0000030625-0001362310-08-001165,FLS,5841,6093,0.030084468253172635,0.025444080671713786,-0.004640387581458849,False
E8B-0000790715-0001266454-08-000190,SIGM,5842,6094,0.034934060224163385,0.030188304165065318,-0.004745756059098067,False
E8B-0001043604-0001299933-08-001243,JNPR,5846,6098,0.02641075819913583,0.021191887040264725,-0.005218871158871104,False
E8B-0000018230-0000018230-08-000110,CAT,5850,6102,0.023819229001089612,0.016623622203098667,-0.007195606797990944,False
E8B-0000720005-0000720005-08-000058,RJF,5850,6102,0.029924043204514188,0.03041624780466974,0.0004922046001555533,False
E8B-0001053507-0001193125-08-057118,AMT,5852,6104,0.021260085108586492,0.019732451583254595,-0.0015276335253318965,False
E8B-0000277948-0000950157-08-000217,CSX,5853,6105,0.023829627836817403,0.019104813670243248,-0.004724814166574155,False
E8B-0000912463-0001157523-08-002360,GES,5855,6107,0.030037681838234263,0.02707167276128704,-0.002966009076947225,False
E8B-0001368007-0001181431-08-019974,NYX_old,5855,6107,0.031198450250738856,0.02341279339167954,-0.007785656859059315,False
E8B-0000106040-0000950124-08-001720,WDC,5865,6117,0.025646527492999976,0.02416250781776477,-0.0014840196752352076,False
E8B-0000077476-0001193125-08-076397,PEP,5867,6119,0.02418509190671545,0.022331606838201998,-0.0018534850685134538,False
E8B-0001334036-0001104659-08-024291,CROX,5872,6124,0.04840458721981362,0.04031550313881348,-0.00808908408100014,False
E8B-0000791915-0001104659-08-024952,CY,5875,6127,0.032132259860695865,0.028562864838323123,-0.003569395022372742,False
E8B-0000820027-0001104659-08-025882,AMP,5878,6130,0.030838989655186035,0.029222942553856008,-0.0016160471013300266,False
E8B-0000106640-0001193125-08-088536,WHR,5879,6131,0.027734443637905785,0.02524618472522968,-0.002488258912676105,False
E8B-0000914208-0000914208-08-000067,IVZ,5880,6132,0.032905942496154354,0.031529775840453175,-0.001376166655701179,False
E8B-0000100885-0001193125-08-099209,UNP,5885,6137,0.025508226024487136,0.023874777575260527,-0.00163344844922661,False
E8B-0000908255-0000908255-08-000043,BWA,5886,6138,0.029638460232823252,0.02841974141128772,-0.0012187188215355312,False
E8B-0000944868-0000944868-08-000019,DTV_old,5888,6140,0.027076757343840116,0.027346964432112632,0.00027020708827251577,False
E8B-0001101215-0001299933-08-002385,ADS,5888,6140,0.02843940379077217,0.028279447561093213,-0.0001599562296789557,False
E8B-0001393311-0001393311-08-000100,PSA,5890,6142,0.028660022096507805,0.02776094112908749,-0.000899080967420314,False
E8B-0000730464-0001157523-08-004254,CVSA,5893,6145,0.03192299748791528,0.03007804127054155,-0.0018449562173737284,False
E8B-0000912093-0001193125-08-116501,JDSU,5895,6147,0.03220423186566988,0.02858810310596486,-0.0036161287597050243,False
E8B-0001001288-0001001288-08-000030,LXK,5898,6150,0.029498460780467244,0.023462627077859503,-0.00603583370260774,False
E8B-0000315189-0001104659-08-036146,DE,5903,6155,0.02808438423791699,0.02405121446150521,-0.004033169776411778,False
E8B-0001310067-0001193125-08-124064,SHLD_old,5903,6155,0.03459022757619295,0.0340530270745425,-0.0005372005016504519,False
E8B-0000095521-0001193125-08-126667,SVU,5906,6158,0.0325791024195101,0.028644372265824572,-0.003934730153685527,False
E8B-0001113169-0000950133-08-002172,TROW,5909,6161,0.02902757923826417,0.029201561357301883,0.00017398211903771332,False
E8B-0001121788-0001144204-08-034038,GRMN,5910,6162,0.033787285789889904,0.028888116611001182,-0.004899169178888722,False
E8B-0001365135-0001193125-08-136992,WU,5919,6171,0.027890615134192793,0.02640693143749205,-0.0014836836967007418,False
E8B-0000023217-0000900440-08-000067,CAG,5921,6173,0.029620217489408,0.03011317026385975,0.0004929527744517506,False
E8B-0001156375-0001299933-08-003116,CME,5921,6173,0.031128681183071893,0.0325925411110915,0.001463859928019607,False
E8B-0000031235-0000031235-08-000077,EK,5922,6174,0.04189534538698745,0.030681515151648346,-0.011213830235339103,False
E8B-0000866787-0001341004-08-001491,AZO,5923,6175,0.026138026558163396,0.028041145181778776,0.0019031186236153803,False
E8B-0000016732-0000893220-08-001969,CPB,5926,6178,0.02928992902504216,0.03002775817486198,0.0007378291498198221,False
E8B-0000319201-0001181431-08-040804,KLAC,5926,6178,0.027806770502753105,0.025256814072012877,-0.0025499564307402273,False
E8B-0000929887-0000950153-08-001200,APOL,5927,6179,0.030308319597316523,0.03270963527256347,0.0024013156752469497,False
E8B-0000798354-0001193125-08-147919,FISV,5931,6183,0.024510363189298758,0.025259533288181008,0.00074917009888225,False
E8B-0001424847-0001193125-08-149315,LO,5933,6185,0.030037771436105722,0.03042517850285916,0.0003874070667534389,False
E8B-0001135152-0001193125-08-150265,FTI,5935,6187,0.03394253450343153,0.03083471472818357,-0.0031078197752479574,False
E8B-0000853816-0000950144-08-005529,LSTR,5937,6189,0.028974476696333892,0.025783756225982626,-0.003190720470351266,False
E8B-0000096289-0000096289-08-000024,RSH,5942,6194,0.030282239941202098,0.03392802569760848,0.0036457857564063806,False
E8B-0000108772-0001193125-08-156758,XRX,5942,6194,0.030111228539407477,0.027808126723990766,-0.0023031018154167117,False
E8B-0000945436-0000950138-08-000504,WFR_old,5942,6194,0.03905223316855053,0.035419525871885696,-0.0036327072966648374,False
E8B-0000070858-0000895527-08-000085,BAC,5943,6195,0.05323312886002355,0.05880604503313666,0.005572916173113111,False
E8B-0000719739-0001193125-08-157244,SIVB,5943,6195,0.0353354360068956,0.037828232789021046,0.0024927967821254463,False
E8B-0000789073-0001157523-08-005884,FO,5943,6195,0.029387766142631992,0.02910464162076451,-0.00028312452186748244,False
E8B-0000866374-0000950134-08-013256,FLEX,5943,6195,0.0358855076617186,0.03891517160364391,0.0030296639419253105,False
E8B-0000024741-0000024741-08-000246,GLW,5946,6198,0.030403152246406533,0.031165039662435622,0.0007618874160290889,False
E8B-0001022671-0001104659-08-048314,STLD,5946,6198,0.04445505730242099,0.04417906429769552,-0.00027599300472547217,False
E8B-0000885721-0000885721-08-000068,ESRX,5947,6199,0.031935825090699366,0.03504298478012931,0.003107159689429942,False
E8B-0000701221-0000950159-08-001128,CI,5948,6200,0.03746309641745631,0.04130325395230966,0.003840157534853353,False
E8B-0000709519-0001193125-08-163286,JAVA_old,5948,6200,0.037663402474811716,0.04190107895698891,0.004237676482177197,False
E8B-0001174746-0000950144-08-005952,ICE,5949,6201,0.037505705531397225,0.04013282910518778,0.002627123573790552,False
E8B-0000098222-0001193125-08-164690,TDW,5950,6202,0.031513438867367606,0.03115522548511758,-0.00035821338225002636,False
E8B-0000895663-0000950129-08-004246,GLBL_old1,5951,6203,0.045452715206574,0.05500154344310135,0.009548828236527349,False
E8B-0000874761-0001104659-08-051027,AES,5953,6205,0.036628096412378186,0.04156293982520165,0.004934843412823464,False
E8B-0001045810-0001045810-08-000018,NVDA,5956,6208,0.036231865875767516,0.04022437018359824,0.003992504307830727,False
E8B-0001357615-0001140361-08-018972,KBR,5956,6208,0.03173775008975468,0.03531410168248622,0.003576351592731543,False
E8B-0000061478-0001299933-08-003885,ADCT_old,5957,6209,0.040685920104716895,0.04700849043930314,0.006322570334586247,False
E8B-0001002047-0001299933-08-003924,NTAP,5958,6210,0.034640004656455184,0.036580064250031866,0.0019400595935766818,False
E8B-0000721083-0000950129-08-004516,SII_old,5959,6211,0.040428118324112645,0.035259044895249746,-0.0051690734288629,False
E8B-0001056288-0001193125-08-180518,FII,5961,6213,0.03584571653851461,0.03717242692692642,0.0013267103884118114,False
E8B-0000773910-0000950129-08-004623,APC_old,5965,6217,0.03387910502869532,0.036114293160547054,0.002235188131851737,False
E8B-0001109357-0001193125-08-189742,EXC,5971,6223,0.03731809807402176,0.034913297591718476,-0.002404800482303286,False
E8B-0000707549-0000891618-08-000434,LRCX,5974,6226,0.035074550231759455,0.0377724572916046,0.002697907059845142,False
E8B-0000801898-0000801898-08-000192,JOYG,5977,6229,0.04067778654886415,0.044766969765508015,0.004089183216643866,False
E8B-0001070412-0001193125-08-196063,CNX,5979,6231,0.04516327524903057,0.05292606142607686,0.007762786177046288,False
E8B-0000812074-0001104659-08-058836,OI,5980,6232,0.03558386545399442,0.04639720943973448,0.010813343985740062,False
E8B-0001130385-0001144204-08-053048,FWLT,5980,6232,0.04235529002260141,0.050113064152721445,0.007757774130120035,False
E8B-0000047217-0001104659-08-059713,HPQ,5984,6236,0.033928106638828684,0.03733686220902631,0.0034087555701976247,False
E8B-0000788784-0000930413-08-005660,PEG,5985,6237,0.04036499661633133,0.040715534880093586,0.00035053826376225256,False
E8B-0000837173-0001104659-08-061698,WLT,5992,6244,0.04278236439767537,0.05549115833297762,0.012708793935302255,False
E8B-0000920321-0001068800-08-000396,CVO,5997,6249,0.047665225385601834,0.06873595669239024,0.02107073130678841,False
E8B-0000701985-0000950103-08-002541,LTD,6000,6252,0.03485570437988197,0.04845904787197581,0.013603343492093842,False
E8B-0000001800-0001104659-08-064172,ABT,6001,6253,0.041867229259778475,0.04491324752555468,0.003046018265776204,False
E8B-0000090185-0001193125-08-213647,SIAL,6005,6257,0.034136963511291155,0.03985689452639046,0.005719931015099308,False
E8B-0000831967-0000831967-08-000034,KCI,6005,6257,0.036429140031283676,0.04406886576817746,0.007639725736893782,False
E8B-0000918160-0000918160-08-000041,AKS,6005,6257,0.04966918918656599,0.06041645965928942,0.010747270472723433,False
E8B-0001058090-0001193125-08-214438,CMG,6006,6258,0.040814370326617895,0.04748978208236024,0.006675411755742343,False
E8B-0000037785-0001193125-08-217006,FMC,6009,6261,0.03661433366119787,0.04312056583071588,0.0065062321695180045,False
E8B-0000088205-0001104659-08-066392,SPW,6010,6262,0.040816018866552284,0.044093008130197626,0.0032769892636453427,False
E8B-0001110803-0001299933-08-004997,ILMN,6010,6262,0.048077744922479945,0.049392662446709756,0.0013149175242298111,False
E8B-0001324404-0001104659-08-066137,CF,6010,6262,0.039171823944645905,0.0448959082969164,0.005724084352270495,False
E8B-0000356028-0001157523-08-008530,CA_old,6011,6263,0.03973289866786271,0.043255178091432915,0.003522279423570203,False
E8B-0001104188-0001193125-08-220880,SOHU,6012,6264,0.049000042510892225,0.04988051475014291,0.000880472239250682,False
E8B-0001170650-0000950123-08-014406,MHS,6015,6267,0.04018066361293174,0.04631626335005009,0.006135599737118351,False
E8B-0000718877-0001104659-08-068258,ATVI,6016,6268,0.04645627892947397,0.04628341878316502,-0.00017286014630894797,False
E8B-0000857737-0001144204-08-061252,ICON_old,6016,6268,0.051974578687121666,0.05028100011831844,-0.0016935785688032279,False
E8B-0000918386-0000950123-08-014965,QLGC,6020,6272,0.03792047518332269,0.048626470767624004,0.010705995584301312,False
E8B-0001140859-0001193125-08-236417,ABC,6023,6275,0.04064667752724824,0.049710954454923566,0.009064276927675328,False
E8B-0000040987-0001299933-08-005391,GPC,6024,6276,0.03947676173238938,0.041962972335589,0.0024862106031996248,False
E8B-0000203527-0001144204-08-065017,VAR,6024,6276,0.04275545702508699,0.04920551473971693,0.006450057714629941,False
E8B-0000885245-0001144204-08-066165,BKE,6028,6280,0.050051751635757,0.054511090438139446,0.004459338802382445,False
E8B-0001070750-0001193125-08-241036,HST,6028,6280,0.05509042143035993,0.06611327401540985,0.011022852585049925,False
E8B-0001058290-0001193125-08-248624,CTSH,6037,6289,0.03624171085548445,0.05183202701350896,0.01559031615802451,False
E8B-0000036104-0001299933-08-005772,USB,6039,6291,0.04926235319604469,0.0545532885610782,0.005290935365033514,False
E8B-0000216228-0001157523-08-009878,ITT,6043,6295,0.040471882106809846,0.045076842059698016,0.00460495995288817,False
E8B-0001389050-0001389050-08-000006,EXH,6044,6296,0.053546610875229,0.05798905235587455,0.0044424414806455495,False
E8B-0001087423-0001157523-08-010052,RHT,6048,6300,0.04111286475816397,0.05664539246697174,0.015532527708807774,False
E8B-0000314808-0000314808-09-000003,ESV,6062,6314,0.04289716442299524,0.050948043958299695,0.008050879535304457,False
E8B-0001022079-0000930413-09-000424,DGX,6069,6321,0.04732590405708203,0.050418154682402266,0.003092250625320238,False
E8B-0001065280-0001193125-09-011121,NFLX,6070,6322,0.050499780006138945,0.05744043881727169,0.006940658811132747,False
E8B-0000202058-0001299933-09-000978,HRS,6094,6346,0.04367161606096016,0.05489120098612355,0.011219584925163395,False
E8B-0001035267-0001193125-09-046427,ISRG,6097,6349,0.03944214999682771,0.06545323561141365,0.02601108561458594,False
E8B-0001352801-0000950144-09-001982,BKC_old,6098,6350,0.05032377971719926,0.049877968426462804,-0.0004458112907364531,False
E8B-0000038777-0001193125-09-055224,BEN,6104,6356,0.03822100099278921,0.05283079437941082,0.014609793386621613,False
E8B-0000816284-0001362310-09-005866,CELG,6133,6385,0.04880135467707206,0.05604122709137749,0.007239872414305425,False
E8B-0000877890-0001157523-09-003148,CTXS,6135,6387,0.04328716480375158,0.05457716694965613,0.011290002145904546,False
E8B-0001086222-0001193125-09-091977,AKAM,6135,6387,0.045099904126615416,0.06343122015660464,0.018331316029989227,False
E8B-0001171500-0001299933-09-001895,PTP,6136,6388,0.048841864091948455,0.053864710331550665,0.0050228462396022105,False
E8B-0000816761-0001193125-09-102569,TDC,6140,6392,0.05024472300249603,0.05856627298626128,0.008321549983765247,False
E8B-0000107263-0000950137-09-004132,WMB,6155,6407,0.046074312654875244,0.05371789205627887,0.007643579401403623,False
E8B-0000943819-0001193125-09-125156,RMD,6160,6412,0.04654382689657484,0.05943257091507443,0.012888744018499591,False
E8B-0001060391-0000950123-09-011838,RSG,6161,6413,0.0472039739114184,0.052037165821873746,0.004833191910455344,False
E8B-0000944868-0000944868-09-000019,DTV_old,6170,6422,0.045675120610517775,0.05762269359737689,0.011947572986859112,False
E8B-0001385157-0001047469-09-006520,TEL,6175,6427,0.04361927701737861,0.05441249947017853,0.01079322245279992,False
E8B-0000815556-0001171843-09-000657,FAST,6185,6437,0.044779165263855454,0.057748332395100736,0.012969167131245282,False
E8B-0000203077-0000897101-09-001451,STJ,6193,6445,0.05311724925754593,0.053515117906105504,0.0003978686485595767,False
E8B-0001424847-0000950123-09-025555,LO,6195,6447,0.051254786070531556,0.05242457020553698,0.0011697841350054236,False
E8B-0000350077-0001193125-09-167400,WMS_old,6204,6456,0.057254241282747156,0.05688288615694274,-0.00037135512580441926,False
E8B-0000920148-0000920148-09-000059,LH,6206,6458,0.04852838212735428,0.05174678552397207,0.003218403396617789,False
E8B-0000096289-0001193125-09-179042,RSH,6214,6466,0.05608290853208383,0.06548374878156989,0.009400840249486057,False
E8B-0000023666-0001299933-09-003925,SLE_old,6242,6494,0.04949308145721822,0.05609803851564147,0.006604957058423247,False
E8B-0001467373-0001193125-09-201992,ACN,6243,6495,0.045387546263869094,0.0501135047140597,0.004725958450190609,False
E8B-0000875045-0000950123-09-051425,BIIB,6255,6507,0.048943779136795124,0.05384552480774591,0.004901745670950787,False
E8B-0001008654-0001144204-09-053827,TUP,6256,6508,0.052073614345642595,0.05273111687217474,0.0006575025265321416,False
E8B-0000086312-0001104659-09-059857,TRV,6257,6509,0.04948009323004421,0.05190899119087714,0.0024288979608329334,False
E8B-0001403161-0001193125-09-214847,V,6261,6513,0.048940219491771575,0.051638554187592105,0.00269833469582053,False
E8B-0000350698-0001193125-09-216876,AN,6262,6514,0.05151116196824026,0.056021109877972326,0.004509947909732068,False
E8B-0000849399-0000950123-09-054151,SYMC,6262,6514,0.049806887522315844,0.048667539374805495,-0.0011393481475103495,False
E8B-0001034054-0001193125-09-217791,SBAC,6263,6515,0.04533758754077775,0.05265000688959318,0.007312419348815435,False
E8B-0000065984-0000065984-09-000213,ETR,6264,6516,0.04498870473770105,0.04553623586359214,0.0005475311258910862,False
E8B-0000858877-0001193125-09-223763,CSCO,6267,6519,0.04818857985995625,0.04859972916015349,0.0004111493001972416,False
E8B-0000064803-0001193125-09-224940,CVS,6268,6520,0.0496680799795475,0.05333409838274143,0.0036660184031939297,False
E8B-0000887936-0001193125-09-226891,FCN,6269,6521,0.05859153886853512,0.05332905534072337,-0.005262483527811744,False
E8B-0001029506-0001029506-09-000044,RAH,6271,6523,0.04634412737407133,0.051428176988516414,0.005084049614445085,False
E8B-0001058090-0001193125-09-230301,CMG,6271,6523,0.040637103437125593,0.060121742446050536,0.019484639008924942,False
E8B-0001133421-0000950123-09-060658,NOC,6271,6523,0.043054556108521214,0.04836317622430725,0.0053086201157860335,False
E8B-0000730464-0000730464-09-000018,CVSA,6273,6525,0.05683513128504145,0.05735109777797572,0.0005159664929342694,False
E8B-0001089976-0001157523-10-001163,PTV,6342,6527,0.03187598573766285,0.03838436730852552,0.00650838157086267,True
E8B-0000039911-0001193125-09-238462,GPS,6278,6530,0.052783831234216164,0.052327513890616906,-0.0004563173435992579,False
E8B-0001418135-0001299933-09-004631,DPS,6279,6531,0.04518943821708042,0.05277086802596398,0.007581429808883558,False
E8B-0000047217-0000047217-09-000039,HPQ,6280,6532,0.04446581152021309,0.041766020649786115,-0.002699790870426974,False
E8B-0000812900-0001193125-09-241465,SKS,6281,6533,0.05267144106466563,0.06630216692218827,0.013630725857522633,False
E8B-0001090872-0001104659-09-066827,A,6281,6533,0.04517207306697675,0.04956202526160787,0.004389952194631119,False
E8B-0000310764-0000310764-09-000094,SYK,6287,6539,0.04744543751727723,0.048137615757568926,0.0006921782402916979,False
E8B-0001168213-0001168213-09-000046,ARO,6289,6541,0.051404795708284795,0.05862226066226904,0.007217464953984246,False
E8B-0000079879-0001193125-09-250592,PPG,6292,6544,0.04188731327744591,0.048345581515661915,0.006458268238216006,False
E8B-0000866787-0001171843-09-001263,AZO,6296,6548,0.04076277184647021,0.04999911936033836,0.009236347513868148,False
E8B-0001326380-0000950138-10-000010,GME,6314,6566,0.053456504376330344,0.05420349080450328,0.0007469864281729396,False
E8B-0001018724-0001193125-10-015621,AMZN,6324,6576,0.04763783393826095,0.051527750424233076,0.003889916485972124,False
E8B-0001101215-0001193125-10-019518,ADS,6327,6579,0.04384081105093975,0.049423796566748314,0.005582985515808561,False
E8B-0001105705-0000950123-10-008010,TWX,6327,6579,0.0405234345293816,0.04442653712450661,0.0039031025951250103,False
E8B-0000707549-0001193125-10-021207,LRCX,6328,6580,0.04170554249310542,0.05091361333152457,0.009208070838419145,False
E8B-0000745732-0001206774-10-000230,ROST,6328,6580,0.03795905072336195,0.04575157247055783,0.007792521747195885,False
E8B-0000768251-0000950123-10-008230,ALTR_old,6328,6580,0.03798844395770286,0.04874080798680834,0.010752364029105482,False
E8B-0001267238-0001193125-10-021070,AIZ,6328,6580,0.03954742798324727,0.044317765059570774,0.004770337076323503,False
E8B-0000315293-0001104659-10-005038,AON,6329,6581,0.03968595938878717,0.04348007832605183,0.003794118937264661,False
E8B-0000718877-0001104659-10-006086,ATVI,6333,6585,0.04035555050450163,0.041629434529500124,0.0012738840249984923,False
E8B-0000840467-0001193125-10-028700,BEC_old,6334,6586,0.04618844687511712,0.0522631451233977,0.00607469824828058,False
E8B-0000890801-0001157523-10-000855,MFE,6334,6586,0.04185765883084698,0.046815665990402176,0.004958007159555196,False
E8B-0001091171-0000950123-10-011565,NILE_old,6334,6586,0.041670388715635526,0.04666857111033541,0.004998182394699888,False
E8B-0001413329-0001193125-10-028499,PM,6334,6586,0.038266581628094924,0.04233962893350725,0.004073047305412324,False
E8B-0000023217-0000950123-10-012802,CAG,6335,6587,0.03836354556519054,0.038501928690344724,0.0001383831251541845,False
E8B-0000085961-0001299933-10-000652,R,6337,6589,0.03748657344681012,0.045721592939183715,0.008235019492373596,False
E8B-0000060667-0000060667-10-000010,LOW,6339,6591,0.04083784218705152,0.04348628472791692,0.002648442540865402,False
E8B-0000073756-0000950123-10-015304,OII,6340,6592,0.04335014113315279,0.048568785671825786,0.0052186445386729965,False
E8B-0001043604-0001299933-10-000750,JNPR,6341,6593,0.037152472267157066,0.04482803868475638,0.007675566417599311,False
E8B-0001102741-0001193125-10-037645,STEC_old,6341,6593,0.05157308118510991,0.06933172492780985,0.01775864374269994,False
E8B-0001316631-0001104659-10-009278,LBTYA,6342,6594,0.03642026052769862,0.04404766486971285,0.007627404342014234,False
E8B-0000917273-0000917273-10-000010,RMBS,6343,6595,0.04343641491564808,0.043208895862684324,-0.00022751905296375385,False
E8B-0000031462-0001104659-10-010733,ECL,6345,6597,0.03613207133099885,0.03947780131438926,0.0033457299833904094,False
E8B-0001054374-0001299933-10-000866,BRCM,6345,6597,0.03822699291353945,0.043299792749741634,0.005072799836202187,False
E8B-0001124610-0001193125-10-045897,VMW,6346,6598,0.039204938377062314,0.04911638365215202,0.009911445275089706,False
E8B-0000850209-0000930413-10-001270,FL,6347,6599,0.03861448872499963,0.046337441950891664,0.007722953225892032,False
E8B-0000077476-0001299933-10-001062,PEP,6355,6607,0.03721402151065128,0.03690102692456967,-0.0003129945860816108,False
E8B-0000701985-0000950103-10-000824,LTD,6358,6610,0.03691890958978981,0.04238365672545934,0.00546474713566953,False
E8B-0000916085-0001299933-10-001146,HNT,6358,6610,0.040897534336671384,0.043333239177029,0.0024357048403576137,False
E8B-0001385187-0001193125-10-060079,COV,6358,6610,0.03626193546595294,0.03607770011374482,-0.0001842353522081147,False
E8B-0000829224-0000950123-10-027732,SBUX,6362,6614,0.03493451531371961,0.04190961565799108,0.00697510034427147,False
E8B-0001087423-0001193125-10-065783,RHT,6362,6614,0.03658933683952147,0.043389188376482715,0.006799851536961242,False
E8B-0000703351-0001181431-10-018256,EAT,6363,6615,0.04050615568888521,0.042569953399827665,0.002063797710942457,False
E8B-0000002491-0001104659-10-018940,BYI,6372,6624,0.04155249553118303,0.04044278727360269,-0.00110970825758034,False
E8B-0000046080-0000046080-10-000048,HAS,6378,6630,0.035701061915164006,0.03783835843707383,0.0021372965219098247,False
E8B-0001206264-0001140361-10-016992,TPX,6380,6632,0.0382482915285135,0.04785708240673385,0.00960879087822035,False
E8B-0001123360-0001193125-10-091697,GPN,6383,6635,0.038189440056029096,0.03981541497386238,0.0016259749178332839,False
E8B-0000055067-0001193125-10-097949,K,6386,6638,0.03651914047175324,0.03815584373107406,0.001636703259320818,False
E8B-0000728535-0001437749-10-001262,JBHT,6388,6640,0.03351575999091564,0.03783402320865445,0.004318263217738809,False
E8B-0000927653-0000950123-10-042758,MCK,6389,6641,0.03626317495603565,0.039770405072661025,0.003507230116625376,False
E8B-0000899923-0001193125-10-106525,MYGN,6390,6642,0.043184385613365926,0.047175881492673453,0.003991495879307527,False
E8B-0000835729-0001157523-10-002811,BMC,6391,6643,0.03137576789349596,0.03698862512150554,0.005612857228009582,False
E8B-0001090012-0000950123-10-044155,DVN,6391,6643,0.03268017332583477,0.036529263513662896,0.0038490901878281275,False
E8B-0000100885-0001193125-10-111042,UNP,6392,6644,0.03160360290406122,0.03788335677632844,0.006279753872267216,False
E8B-0000033185-0001144204-10-025795,EFX,6394,6646,0.0302091482528292,0.03283906952567321,0.0026299212728440116,False
E8B-0000704051-0000704051-10-000183,LM,6394,6646,0.03545642933222094,0.03713509796234149,0.0016786686301205472,False
E8B-0000945436-0001193125-10-114590,WFR_old,6394,6646,0.04609620841173461,0.04472761102112105,-0.0013685973906135615,False
E8B-0000882095-0001299933-10-001921,GILD,6395,6647,0.03616760662257695,0.03654809127818258,0.0003804846556056257,False
E8B-0001170650-0000950123-10-048745,MHS,6396,6648,0.03548218125768652,0.036329834401712224,0.0008476531440257049,False
E8B-0000356028-0001144204-10-026936,CA_old,6397,6649,0.031534676391742775,0.03266725449926716,0.0011325781075243874,False
E8B-0000005513-0001193125-10-127140,UNM,6404,6656,0.03145624225318634,0.03547006032028386,0.004013818067097517,False
E8B-0000719955-0001193125-10-130890,WSM,6407,6659,0.03812211164881725,0.04310236066833575,0.004980249019518497,False
E8B-0000866374-0000950123-10-053923,FLEX,6408,6660,0.0373092032367577,0.03924941834399302,0.00194021510723532,False
E8B-0001144519-0000947871-10-000687,BG,6415,6667,0.033311654805776046,0.03856990001245695,0.005258245206680903,False
E8B-0001357615-0001357615-10-000057,KBR,6415,6667,0.02960639549052223,0.03778472366245099,0.008178328171928758,False
E8B-0000009389-0000009389-10-000026,BLL,6423,6675,0.028764833219008232,0.033917059390191615,0.005152226171183383,False
E8B-0000935703-0000935703-10-000031,DLTR,6425,6677,0.03152560970848121,0.03870034598497247,0.0071747362764912614,False
E8B-0000060751-0001193125-10-150807,LZ_old,6430,6682,0.03158781212144024,0.04066999847351138,0.009082186352071142,False
E8B-0001011006-0001193125-10-151558,YHOO,6430,6682,0.0339558337871006,0.03510307137170456,0.0011472375846039648,False
E8B-0000038074-0000038074-10-000018,FRX_old,6443,6695,0.03244435269149522,0.03757489053296037,0.005130537841465152,False
E8B-0000316300-0001193125-10-163866,XCO,6445,6697,0.03651743205498516,0.039496157827044485,0.0029787257720593277,False
E8B-0001035267-0001193125-10-165189,ISRG,6446,6698,0.0358924331066071,0.0399678992995755,0.004075466192968398,False
E8B-0000007536-0001157523-10-004338,ARW,6448,6700,0.031050377673192953,0.036979556515863606,0.005929178842670652,False
E8B-0001297401-0001193125-10-167366,DWA,6448,6700,0.04151804309486909,0.03472530177475159,-0.0067927413201175,False
E8B-0001265888-0000950123-10-069046,NSR_old,6449,6701,0.02938885043701103,0.030900871071022854,0.001512020634011825,False
E8B-0000702165-0001193125-10-170256,NSC,6450,6702,0.026766835239204822,0.03226521917808314,0.005498383938878321,False
E8B-0001060391-0000950123-10-069769,RSG,6450,6702,0.030862272625828125,0.02977227995288469,-0.001089992672943435,False
E8B-0000908255-0000908255-10-000039,BWA,6451,6703,0.030560967121761443,0.040353184593580414,0.009792217471818972,False
E8B-0001066134-0001299933-10-002901,COCO_old,6451,6703,0.06527185359695972,0.05809933038221922,-0.007172523214740503,False
E8B-0001100682-0000950103-10-002253,CRL,6451,6703,0.03089545439984942,0.03614785473868933,0.005252400338839912,False
E8B-0001437107-0001181431-10-039719,DISCA,6452,6704,0.032262076461270064,0.03209348905304748,-0.0001685874082225855,False
E8B-0001370946-0001193125-10-176162,OC,6453,6705,0.034372818276626665,0.03703512617149539,0.0026623078948687234,False
E8B-0000350077-0001193125-10-180905,WMS_old,6456,6708,0.04126422567182533,0.0304955395493377,-0.010768686122487634,False
E8B-0000203527-0001144204-10-042055,VAR,6457,6709,0.029989451240524705,0.02942957786874098,-0.0005598733717837243,False
E8B-0000004977-0001193125-10-185943,AFL,6459,6711,0.032893771470462525,0.02921381597022982,-0.0036799555002327046,False
E8B-0001158449-0001158449-10-000087,AAP,6459,6711,0.03192645487747989,0.03282820448646404,0.0009017496089841551,False
E8B-0000104169-0001193125-10-190753,WMT,6462,6714,0.030060108948452346,0.030681234685243912,0.0006211257367915654,False
E8B-0000897429-0000950123-10-078733,CHS,6463,6715,0.035487577677054336,0.042114021688700695,0.00662644401164636,False
E8B-0000072333-0000072333-10-000114,JWN,6465,6717,0.029523928741129805,0.03373936414964297,0.004215435408513168,False
E8B-0001058057-0001193125-10-193118,MRVL,6465,6717,0.03778450873405191,0.03411047704850396,-0.003674031685547953,False
E8B-0000103145-0001104659-10-045783,VECO,6468,6720,0.041132044276629226,0.0442200600499671,0.0030880157733378724,False
E8B-0000918386-0000950123-10-082254,QLGC,6472,6724,0.030079104811604328,0.028743380594543805,-0.0013357242170605223,False
E8B-0000096021-0000914062-10-000406,SYY,6473,6725,0.029065257785103226,0.030034501562102585,0.0009692437769993588,False
E8B-0000804055-0001193125-10-205240,CCE,6476,6728,0.02761500893361796,0.0326036070733057,0.004988598139687741,False
E8B-0001113169-0000950123-10-084538,TROW,6478,6730,0.028367185711277935,0.029749501594458,0.0013823158831800658,False
E8B-0001141391-0001193125-10-210238,MA,6482,6734,0.02971736885929469,0.03766683086468159,0.0079494620053869,False
E8B-0001064863-0001299933-10-003401,AGP,6483,6735,0.03552924056160894,0.038682485983805845,0.0031532454221969083,False
E8B-0001306830-0000950123-10-086245,CE,6483,6735,0.03424247378312918,0.04076515096913802,0.006522677186008838,False
E8B-0001108109-0000950123-10-086687,CYH,6484,6736,0.0447572953767501,0.03887419003128688,-0.00588310534546322,False
E8B-0000097476-0000097476-10-000038,TXN,6487,6739,0.02792683317621649,0.02945263771561717,0.001525804539400679,False
E8B-0000723254-0000892251-10-000182,CTAS,6488,6740,0.027529676129302714,0.029102727700956853,0.0015730515716541396,False
E8B-0001020569-0001157523-10-005707,IRM,6496,6748,0.02838244233903955,0.034811396839093234,0.006428954500053683,False
E8B-0000203077-0001104659-10-052610,STJ,6506,6758,0.03295904571838224,0.03288552040416495,-7.352531421728897e-05,False
E8B-0001022079-0000930413-10-005141,DGX,6507,6759,0.03175517164867854,0.031908707834027585,0.0001535361853490444,False
E8B-0001065088-0001193125-10-232699,EBAY,6508,6760,0.0316820570691698,0.034451490629380535,0.0027694335602107337,False
E8B-0000791915-0001193125-10-233409,CY,6509,6761,0.03802933844055095,0.04444929238747304,0.006419953946922088,False
E8B-0001424847-0001144204-10-055233,LO,6510,6762,0.035469297659642546,0.040144550486782365,0.00467525282713982,False
E8B-0001039684-0001039684-10-000037,OKE,6511,6763,0.02569740867678361,0.03262194210969719,0.00692453343291358,False
E8B-0001385157-0001104659-10-054122,TEL,6513,6765,0.02980395569780683,0.032327328960102576,0.0025233732622957465,False
E8B-0001403161-0001193125-10-237985,V,6513,6765,0.03186671055844501,0.03446289370306442,0.0025961831446194086,False
E8B-0001324424-0001193125-10-239711,EXPE,6514,6766,0.035415532032385545,0.03609772407833366,0.0006821920459481115,False
E8B-0000875159-0000930413-10-005375,XL_old,6517,6769,0.03251736393869338,0.033061495529962834,0.0005441315912694533,False
E8B-0001130385-0001104659-10-055790,FWLT,6518,6770,0.039335973155415704,0.038567323279795854,-0.0007686498756198507,False
E8B-0000772406-0001157523-10-006627,CRUS,6519,6771,0.0473346913849843,0.0532734505819121,0.005938759196927802,False
E8B-0001124198-0001104659-10-057331,FLR,6522,6774,0.03167626570821438,0.03249674846751816,0.0008204827593037839,False
E8B-0001262976-0000950123-10-103275,VPRT,6522,6774,0.04060653758501907,0.04014702582460521,-0.0004595117604138596,False
E8B-0000063276-0001193125-10-261115,MAT,6526,6778,0.03020045299343869,0.03378708724387765,0.003586634250438956,False
E8B-0000912615-0001193125-10-262292,URBN,6527,6779,0.03944042116396419,0.03543201488679727,-0.0040084062771669204,False
E8B-0001137789-0001104659-10-060338,STX,6535,6787,0.03712605208780575,0.042249917478720214,0.005123865390914466,False
E8B-0001058290-0001193125-10-272248,CTSH,6537,6789,0.03267661821810758,0.03330306711337903,0.0006264488952714489,False
E8B-0000023082-0000023082-10-000081,CSC,6545,6797,0.03886652241316133,0.030438539346082375,-0.008427983067078957,False
E8B-0000009892-0001193125-10-281549,BCR,6547,6799,0.030190247535045317,0.029774722747561738,-0.0004155247874835788,False
E8B-0000871763-0000871763-10-000042,MAN,6549,6801,0.038046670584109855,0.029756974469003057,-0.008289696115106798,False
E8B-0000940944-0001193125-10-284589,DRI,6550,6802,0.03124578823928195,0.03041473525541439,-0.0008310529838675591,False
E8B-0000712515-0001193125-11-020283,ERTS,6579,6802,0.02753730423153159,0.03076399968472066,0.0032266954531890678,True
E8B-0000808450-0001193125-10-285881,NAV,6551,6803,0.04083147238072156,0.03619016069486443,-0.00464131168585713,False
E8B-0001085280-0001193125-10-285567,TIBX,6551,6803,0.037969964207997926,0.03956683234985636,0.001596868141858436,False
E8B-0000038777-0001193125-10-286506,BEN,6552,6804,0.030115209455927626,0.02924107581269777,-0.0008741336432298574,False
E8B-0000816284-0000950123-11-001695,CELG,6564,6816,0.030970459397439386,0.03406706229927385,0.003096602901834465,False
E8B-0000898173-0001193125-11-005582,ORLY,6565,6817,0.030301582909729126,0.03524636633591746,0.004944783426188336,False
E8B-0001378946-0001193125-11-011588,PBCT,6572,6824,0.02991275534206209,0.030157749589756408,0.0002449942476943183,False
E8B-0000050863-0000050863-11-000013,INTC,6573,6825,0.029286172394631695,0.03327495734559515,0.003988784950963456,False
E8B-0000086312-0001104659-11-002747,TRV,6573,6825,0.029479702952477864,0.02997842285835266,0.000498719905874797,False
E8B-0000911160-0000911160-11-000005,RFMD,6574,6826,0.04455370993230564,0.04077065718039408,-0.003783052751911556,False
E8B-0001116132-0001157523-11-000352,COH,6574,6826,0.030926075054898056,0.03554613227064855,0.004620057215750498,False
E8B-0000764180-0001193125-11-015372,MO,6575,6827,0.029313056544560574,0.03268256709142109,0.0033695105468605144,False
E8B-0000849399-0000950123-11-005573,SYMC,6575,6827,0.0296052197301717,0.02868902659844231,-0.0009161931317293905,False
E8B-0000091419-0001299933-11-000293,SJM,6576,6828,0.02892451181824837,0.0330638077216439,0.00413929590339553,False
E8B-0000820313-0001104659-11-003319,APH,6576,6828,0.030898186286886602,0.02991538532497954,-0.0009828009619070634,False
E8B-0000912513-0001157523-11-000431,CYT_old,6576,6828,0.035303421140808505,0.03451100537610393,-0.0007924157647045751,False
E8B-0001080099-0000950123-11-006074,INFA_old,6576,6828,0.03703826372795851,0.037428232922774016,0.0003899691948155079,False
E8B-0000078003-0001157523-11-000491,PFE,6579,6831,0.030718230902152945,0.03258521767547917,0.001866986773326227,False
E8B-0001105705-0000950123-11-008112,TWX,6579,6831,0.027712025035192954,0.029955575522396277,0.0022435504872033232,False
E8B-0000008818-0000950123-11-008122,AVY,6580,6832,0.03529752407402091,0.030807844850580295,-0.004489679223440617,False
E8B-0000745732-0001206774-11-000194,ROST,6580,6832,0.026626810493339557,0.03292554975049309,0.006298739257153532,False
E8B-0000732712-0001193125-11-023291,VZ,6581,6833,0.029789069371216694,0.0309132249468722,0.0011241555756555041,False
E8B-0001326380-0001157523-11-000630,GME,6582,6834,0.033553903480842126,0.03636433274819282,0.0028104292673506934,False
E8B-0000078814-0001157523-11-000689,PBI,6584,6836,0.029952059532105547,0.02689799866147327,-0.0030540608706322754,False
E8B-0001037038-0000950142-11-000263,RL,6584,6836,0.031334649708897724,0.03717267025616729,0.005838020547269562,False
E8B-0000718877-0001104659-11-005944,ATVI,6585,6837,0.030509520423668914,0.0331079124172358,0.0025983919935668835,False
E8B-0000920148-0000920148-11-000011,LH,6585,6837,0.029044020906587743,0.02973919557335651,0.0006951746667687685,False
E8B-0000319201-0001181431-11-009519,KLAC,6587,6839,0.0337331427184923,0.034315356822087285,0.0005822141035949843,False
E8B-0000842162-0000950123-11-014941,LEA,6590,6842,0.03623276254991174,0.03386585707949823,-0.002366905470413516,False
E8B-0000028917-0001157523-11-001061,DDS,6593,6845,0.03914440162767354,0.04478379389732588,0.005639392269652342,False
E8B-0000109198-0001157523-11-001078,TJX,6594,6846,0.027672006415171084,0.033458792096187254,0.00578678568101617,False
E8B-0001156039-0001193125-11-043642,ELV,6594,6846,0.0313241435372099,0.03207855736686471,0.0007544138296548125,False
E8B-0000039911-0001193125-11-045403,GPS,6595,6847,0.032939119580194985,0.03315274744095531,0.00021362786076032508,False
E8B-0000947484-0001104659-11-010146,ACGL,6596,6848,0.031233812912343964,0.03415618760142906,0.002922374689085093,False
E8B-0000051644-0000903423-11-000117,IPG,6598,6850,0.03762056162750058,0.03738282063150923,-0.00023774099599135207,False
E8B-0000034408-0001193125-11-054300,FDO,6599,6851,0.033020807047321944,0.03457715087920995,0.0015563438318880046,False
E8B-0000056873-0001104659-11-011989,KR,6600,6852,0.03173879133928914,0.032621748274130224,0.0008829569348410837,False
E8B-0000912463-0001144204-11-015223,GES,6609,6861,0.038093539878936725,0.036342058901761405,-0.0017514809771753195,False
E8B-0001305014-0001305014-11-000021,ASH,6609,6861,0.031175150543996073,0.03319455011980137,0.002019399575805301,False
E8B-0000036104-0000950123-11-026851,USB,6611,6863,0.03006062893058358,0.032494170524303284,0.0024335415937197027,False
E8B-0000072971-0000950123-11-026766,WFC,6611,6863,0.0318863767280134,0.03278017091386878,0.0008937941858553761,False
E8B-0000701985-0001193125-11-074593,LTD,6614,6866,0.029431729251089004,0.03743550764118695,0.008003778390097947,False
E8B-0000278130-0001157523-11-001921,PIR,6624,6876,0.03379537895792195,0.04110974582982756,0.007314366871905606,False
E8B-0001466258-0001193125-11-093622,TT,6627,6879,0.03701719837499895,0.034663156157632095,-0.0023540422173668543,False
E8B-0000936468-0001144204-11-023919,LMT,6636,6888,0.029614065047429135,0.03238198147259062,0.002767916425161481,False
E8B-0001274057-0001104659-11-022253,HSP,6636,6888,0.0380515017597638,0.031033616515788547,-0.007017885243975255,False
E8B-0000049071-0000049071-11-000080,HUM,6637,6889,0.032882664163598495,0.03482191724280957,0.001939253079211077,False
E8B-0000909832-0001193125-11-110027,COST,6637,6889,0.030002014557423167,0.0313665479742164,0.0013645334167932295,False
E8B-0001133421-0000950123-11-039731,NOC,6637,6889,0.029009724711195378,0.029452943703029335,0.0004432189918339574,False
E8B-0001361658-0000950123-11-039689,WYN,6637,6889,0.029247891859714208,0.03507164988054728,0.00582375802083307,False
E8B-0000833444-0001104659-11-023137,TYC,6638,6890,0.02920910042251889,0.03169109251251476,0.0024819920899958672,False
E8B-0000877890-0001157523-11-002335,CTXS,6638,6890,0.03454535504764618,0.03582635264496122,0.0012809975973150436,False
E8B-0001086222-0001193125-11-111873,AKAM,6638,6890,0.03759653892144927,0.037085934853135716,-0.000510604068313554,False
E8B-0000041719-0001299933-11-001247,GLT,6639,6891,0.03239762195521626,0.034942228655227586,0.0025446067000113246,False
E8B-0000069499-0000950123-11-043363,MYL,6641,6893,0.03333038529986403,0.03133711110686475,-0.0019932741929992795,False
E8B-0001310067-0001193125-11-122461,SHLD_old,6641,6893,0.053456641394322914,0.054187642231162486,0.0007310008368395723,False
E8B-0001050915-0000950123-11-044257,PWR,6642,6894,0.032488643640231504,0.03459431428651951,0.002105670646288006,False
E8B-0000277948-0000277948-11-000021,CSX,6643,6895,0.03284590244897006,0.03130132465425045,-0.001544577794719608,False
E8B-0000872448-0001104659-11-025780,ATML,6643,6895,0.04581634395927226,0.037938924176896704,-0.007877419782375557,False
E8B-0001124804-0001193125-11-128429,MDRX,6644,6896,0.04300753176797583,0.034612172750190226,-0.008395359017785604,False
E8B-0000070318-0001193125-11-131649,THC,6646,6898,0.042187283131411825,0.038604630768414125,-0.0035826523629977,False
E8B-0000783325-0000950123-11-047362,WEC,6646,6898,0.030267542598767738,0.03269285334108175,0.002425310742314009,False
E8B-0000040704-0000950123-11-048680,GIS,6648,6900,0.032217371827036774,0.03272033259760429,0.0005029607705675163,False
E8B-0000068505-0001193125-11-137663,MSI,6649,6901,0.02953800451577363,0.0301447329673159,0.0006067284515422731,False
E8B-0000356028-0001144204-11-028598,CA_old,6649,6901,0.027633542016884286,0.029297548635504496,0.0016640066186202097,False
E8B-0000046080-0000046080-11-000047,HAS,6654,6906,0.03447458681749659,0.030137813737849104,-0.004336773079647489,False
E8B-0000353230-0001442643-11-000027,OCR,6659,6911,0.03551887601908554,0.03607956399748031,0.0005606879783947721,False
E8B-0001390844-0001193125-11-152433,WBC,6659,6911,0.03729159678052205,0.03400081114682398,-0.0032907856336980706,False
E8B-0000006951-0001193125-11-155613,AMAT,6662,6914,0.03398647953355967,0.030885818089609763,-0.0031006614439499057,False
E8B-0000353944-0001437749-11-003893,IGT,6666,6918,0.034703597038116554,0.03327474094555027,-0.0014288560925662872,False
E8B-0000703351-0001193125-11-159926,EAT,6666,6918,0.0315260276613593,0.03636666559233648,0.004840637930977179,False
E8B-0000866787-0001171843-11-001807,AZO,6671,6923,0.029172011436084447,0.03306439873565898,0.0038923872995745325,False
E8B-0000091388-0000091388-11-000035,SFD_old,6672,6924,0.034423012105051096,0.03255296704082215,-0.0018700450642289423,False
E8B-0001393612-0001181431-11-036781,DFS,6672,6924,0.029047153360826368,0.034672973733342966,0.0056258203725165976,False
E8B-0001385187-0001193125-11-218861,COV,6711,6925,0.024391761252168295,0.02688679858376617,0.002495037331597876,True
E8B-0000898293-0000950123-11-060519,JBL,6676,6928,0.03322855042561587,0.0344100336579899,0.0011814832323740268,False
E8B-0000914024-0001157523-11-003793,SHAW,6681,6933,0.036195060675702995,0.034905503995425954,-0.0012895566802770403,False
E8B-0001430602-0001193125-11-178652,SNI,6683,6935,0.029129415044501984,0.03167759550581962,0.002548180461317634,False
E8B-0000104207-0000950123-11-065923,WAG,6693,6945,0.034972785907493836,0.030849408285196604,-0.004123377622297232,False
E8B-0000047217-0000047217-11-000032,HPQ,6697,6949,0.039084633360750985,0.03014868928961795,-0.008935944071133035,False
E8B-0000723125-0001104659-11-040139,MU,6697,6949,0.050890818967166296,0.049024734301915646,-0.0018660846652506502,False
E8B-0000866374-0001104659-11-040160,FLEX,6697,6949,0.033972632187913604,0.03312249826039936,-0.0008501339275142419,False
E8B-0000007536-0001157523-11-004280,ARW,6700,6952,0.03538460730903592,0.0342692432218971,-0.0011153640871388176,False
E8B-0001206264-0001206264-11-000024,TPX,6700,6952,0.05097769774067828,0.042561068814846593,-0.008416628925831685,False
E8B-0000885725-0000885725-11-000037,BSX,6701,6953,0.03592586584071882,0.03119310022883483,-0.004732765611883991,False
E8B-0000024545-0001157523-11-004538,TAP,6704,6956,0.030899073389397617,0.030815383042626102,-8.369034677151513e-05,False
E8B-0001001838-0001104659-11-042287,SCCO,6704,6956,0.03245863349573294,0.03254297927387755,8.43457781446108e-05,False
E8B-0000202058-0000950123-11-071646,HRS,6705,6957,0.027779482679704093,0.02833657843545903,0.0005570957557549383,False
E8B-0000874766-0000950123-11-072309,HIG,6706,6958,0.03819320037672629,0.0353548522033125,-0.0028383481734137947,False
E8B-0001437107-0001181431-11-043820,DISCA,6706,6958,0.02874371963338331,0.03311691385083454,0.004373194217451231,False
E8B-0001324404-0001104659-11-043764,CF,6707,6959,0.03572464660249107,0.041003724549037036,0.005279077946545967,False
E8B-0000859368-0000950123-11-074477,MRX_old,6709,6961,0.030167168435664696,0.02988683368559764,-0.0002803347500670572,False
E8B-0000945436-0001193125-11-216730,WFR_old,6710,6962,0.06502003053116372,0.05554117056124293,-0.009478859969920789,False
E8B-0000008858-0000950123-11-075391,AVT,6711,6963,0.028560617468829905,0.031817235543750544,0.0032566180749206385,False
E8B-0001158449-0001158449-11-000028,AAP,6711,6963,0.03123646418285996,0.033910968335006376,0.002674504152146418,False
E8B-0001278752-0001341004-11-001596,AINV,6712,6964,0.03276916566211805,0.033776846205109665,0.0010076805429916139,False
E8B-0001140859-0000950123-11-076728,ABC,6713,6965,0.02909056262359454,0.029229225380846793,0.0001386627572522517,False
E8B-0000764065-0001299933-11-002531,CLF,6714,6966,0.045198035442221056,0.03830188100835672,-0.006896154433864335,False
E8B-0001048695-0000950123-11-077650,FFIV,6714,6966,0.03265334456348799,0.03529143408640882,0.002638089522920828,False
E8B-0001060391-0000950123-11-077403,RSG,6714,6966,0.03011626941353477,0.03080416950382502,0.0006879000902902492,False
E8B-0000062709-0000062709-11-000024,MMC,6716,6968,0.0266029702139821,0.029841584377542568,0.003238614163560468,False
E8B-0000743316-0001445305-11-002610,MXIM,6719,6971,0.028073413816839286,0.03194118246425052,0.003867768647411233,False
E8B-0001301063-0001301063-11-000160,ANR,6719,6971,0.06873663603010768,0.05138159169265242,-0.017355044337455265,False
E8B-0001486800-0001486800-11-000016,ONE,6720,6972,0.046095285400144126,0.04223856048282895,-0.003856724917315174,False
E8B-0000064803-0001193125-11-230870,CVS,6721,6973,0.02722385888422493,0.031157194208750193,0.003933335324525264,False
E8B-0000790070-0001193125-11-230974,EMC_old,6721,6973,0.028316961385933256,0.030963790525290375,0.0026468291393571194,False
E8B-0001316656-0001144204-11-050159,DRC,6723,6975,0.030578497823497502,0.03455138935308947,0.003972891529591967,False
E8B-0001357615-0001357615-11-000076,KBR,6723,6975,0.03703240004111065,0.036629711284888615,-0.00040268875622203465,False
E8B-0000707549-0001193125-11-239168,LRCX,6727,6979,0.030700981248568206,0.02991088876143164,-0.0007900924871365664,False
E8B-0000031462-0001104659-11-050364,ECL,6729,6981,0.026689056179308706,0.02966354899264167,0.0029744928133329657,False
E8B-0000945764-0000945764-11-000004,DNR,6731,6983,0.03741172309855146,0.03943694532890436,0.0020252222303529036,False
E8B-0001137411-0001144204-11-053149,COL,6735,6987,0.029404874429597674,0.029869543847839238,0.0004646694182415638,False
E8B-0000817473-0001181431-11-050002,ACAS,6739,6991,0.030363815038380038,0.03575773945931532,0.005393924420935281,False
E8B-0001067983-0001193125-11-256263,BRK-A,6743,6995,0.026463998184117626,0.02910330568820931,0.002639307504091682,False
E8B-0001467373-0001193125-11-257370,ACN,6744,6996,0.02697595559010768,0.029922108570742963,0.002946152980635282,False
E8B-0000050104-0000050104-11-000072,TSO,6745,6997,0.03549088937597329,0.0466830297241123,0.011192140348139007,False
E8B-0000024741-0001299933-11-002952,GLW,6750,7002,0.031409327861546495,0.03318275888646135,0.0017734310249148538,False
E8B-0000075829-0001206774-11-002237,PLL_old,6752,7004,0.02708741806367361,0.03196469707227268,0.004877279008599071,False
E8B-0000935703-0000935703-11-000048,DLTR,6754,7006,0.03143749601796851,0.0338916257244873,0.0024541297065187873,False
E8B-0001082554-0001104659-11-055754,UTHR,6754,7006,0.030790948575288014,0.03571682290787608,0.004925874332588068,False
E8B-0001265888-0001193125-11-268381,NSR_old,6754,7006,0.026805393693857742,0.031024123013622933,0.004218729319765191,False
E8B-0000865752-0000865752-11-000010,MNST,6755,7007,0.03866814467767288,0.04196210931400671,0.0032939646363338293,False
E8B-0000915913-0001193125-11-270677,ALB,6756,7008,0.03197671610691282,0.03305422611925923,0.0010775100123464054,False
E8B-0000929887-0001193125-11-274325,APOL,6759,7011,0.04295795640888131,0.03125322427788713,-0.011704732130994176,False
E8B-0000350698-0000350698-11-000003,AN,6760,7012,0.03224255207211915,0.03692592506882314,0.004683372996703988,False
E8B-0000723254-0001104659-11-056883,CTAS,6761,7013,0.025910836747214856,0.03103674763264447,0.005125910885429616,False
E8B-0000079879-0001193125-11-276775,PPG,6762,7014,0.025169386063701477,0.030265341664248654,0.005095955600547177,False
E8B-0000318154-0001193125-11-278629,AMGN,6763,7015,0.028673851037961252,0.034976597150185786,0.006302746112224533,False
E8B-0001004434-0001104659-11-057443,AMG,6763,7015,0.024593562963905753,0.02952881337685158,0.0049352504129458255,False
E8B-0001120193-0001193125-11-281138,NDAQ,6764,7016,0.02930769915574602,0.02908640376642119,-0.00022129538932482914,False
E8B-0000835729-0001157523-11-006000,BMC,6765,7017,0.031520277704853134,0.034075395066266535,0.002555117361413402,False
E8B-0001008654-0001008654-11-000017,TUP,6765,7017,0.02949104125910178,0.029521791324904168,3.075006580238737e-05,False
E8B-0001020416-0000950123-11-092242,MWW,6765,7017,0.049179098395953406,0.04626957533758219,-0.0029095230583712148,False
E8B-0000857737-0001144204-11-059809,ICON_old,6766,7018,0.036913592700733494,0.037900439692743045,0.0009868469920095504,False
E8B-0001035267-0001193125-11-286677,ISRG,6767,7019,0.030782290528581287,0.03456749326643409,0.003785202737852801,False
E8B-0001136893-0001136893-11-000021,FIS,6768,7020,0.027252838650288585,0.03222806240075354,0.004975223750464958,False
E8B-0000728535-0001437749-11-007917,JBHT,6769,7021,0.028963732689959207,0.034037955116762955,0.005074222426803748,False
E8B-0000865436-0001171843-11-003253,WFM,6770,7022,0.028151193473805666,0.034097415530115215,0.005946222056309548,False
E8B-0000730464-0001157523-11-006481,CVSA,6772,7024,0.041147894514382145,0.0370802051426584,-0.004067689371723748,False
E8B-0001141982-0001299933-11-003229,CBE,6772,7024,0.028110620719180086,0.03323631595291437,0.0051256952337342815,False
E8B-0001106851-0001104659-11-063244,OVTI,6776,7028,0.041621125611157286,0.04370721087061925,0.0020860852594619603,False
E8B-0000096021-0001193125-11-313626,SYY,6779,7031,0.029430109827887366,0.031100983745351245,0.001670873917463879,False
E8B-0001101239-0001157523-11-006877,EQIX,6780,7032,0.04761223131322487,0.057060188560990224,0.009447957247765357,False
E8B-0001418135-0001299933-11-003376,DPS,6781,7033,0.046916278654284646,0.0500094322152637,0.003093153560979056,False
E8B-0000897429-0001193125-11-319399,CHS,6784,7036,0.04725987080593333,0.0568531899509659,0.009593319145032572,False
E8B-0001125914-0001144204-11-067687,OPEN_old,6789,7041,0.05878523183816915,0.06244158526181206,0.0036563534236429066,False
E8B-0000029534-0001157523-11-007050,DG,6791,7043,0.05288069327827329,0.05412399495259464,0.001243301674321344,False
E8B-0000316206-0001299933-11-003473,HOT,6791,7043,0.046718425214085,0.04811220246161739,0.0013937772475323892,False
E8B-0000019617-0001193125-11-333869,JPM,6794,7046,0.04886475428810666,0.05425586495332298,0.005391110665216317,False
E8B-0001437071-0000914208-11-000527,IVR,6798,7050,0.07891154928302897,0.08600620772760957,0.007094658444580598,False
E8B-0000023217-0001299933-11-003562,CAG,6799,7051,0.07733855598229991,0.08231163930815343,0.004973083325853514,False
E8B-0001135152-0001193125-11-340938,FTI,6799,7051,0.08670066992996989,0.08227767364792397,-0.004422996282045913,False
E8B-0000711404-0001193125-11-342463,COO,6800,7052,0.07966854384931922,0.08568988578063597,0.0060213419313167454,False
E8B-0001058057-0001193125-11-341683,MRVL,6800,7052,0.09027827943498756,0.08805509287012384,-0.0022231865648637272,False
E8B-0001316631-0001316631-11-000070,LBTYA,6800,7052,0.07666599654977492,0.08650442382026456,0.009838427270489641,False
E8B-0001101215-0001101215-11-000163,ADS,6801,7053,0.14161724886636676,0.14939564159616797,0.0077783927298012145,False
E8B-0001341439-0001193125-11-347232,ORCL,6803,7055,0.1401457121075318,0.1467917632855705,0.006646051178038709,False
E8B-0000027419-0001104659-12-001772,TGT,6818,7070,0.2754491121963885,0.27989909661005213,0.004449984413663621,False
E8B-0000719955-0001193125-12-010088,WSM,6818,7070,0.2753364414370434,0.2986809908009248,0.023344549363881417,False
E8B-0001089063-0001181431-12-002318,DKS,6818,7070,0.2768402458535117,0.2917368141842563,0.014896568330744597,False
E8B-0001022079-0000930413-12-000256,DGX,6824,7076,0.29069515113191424,0.2874050035206727,-0.003290147611241523,False
E8B-0000108772-0001193125-12-022518,XRX,6825,7077,0.28031354294337324,0.31352434681308317,0.033210803869709926,False
E8B-0000884905-0001193125-12-022941,PX_old,6826,7078,0.28708739634516045,0.2925217627965281,0.005434366451367634,False
E8B-0000009389-0000009389-12-000003,BLL,6827,7079,0.2879319141477459,0.30004407972257435,0.01211216557482847,False
E8B-0001032033-0001193125-12-025238,SLM,6827,7079,0.2992054272706372,0.29824993208370265,-0.0009554951869345518,False
E8B-0001137789-0001104659-12-004299,STX,6827,7079,0.2977599080515472,0.34047979745141244,0.04271988939986526,False
E8B-0001058090-0001193125-12-034342,CMG,6831,7083,0.3159511123968856,0.33475942985086954,0.018808317453983925,False
E8B-0001105705-0001193125-12-045181,TWX,6835,7087,0.29515508227130777,0.32472706123948963,0.029571978968181867,False
E8B-0001403161-0001193125-12-046550,V,6836,7088,0.2968665781408436,0.31359461509445835,0.016728036953614744,False
E8B-0000920148-0000920148-12-000023,LH,6837,7089,0.29907701670665965,0.30633630611362334,0.007259289406963687,False
E8B-0000098362-0001193125-12-051991,TKR,6838,7090,0.29641610560279036,0.3474264305905755,0.05101032498778513,False
E8B-0001457543-0001193125-12-050982,CFN,6838,7090,0.28099207146522964,0.3204927544030703,0.03950068293784065,False
E8B-0001166691-0001193125-12-062176,CMCSA,6840,7092,0.31361201839532526,0.3465816212029232,0.03296960280759792,False
E8B-0000088205-0001104659-12-010344,SPW,6841,7093,0.2897708542808098,0.34548193516450637,0.055711080883696584,False
E8B-0001048286-0001193125-12-063574,MAR,6841,7093,0.2875126503888436,0.3090107760913385,0.021498125702494875,False
E8B-0001091171-0001193125-12-063422,NILE_old,6841,7093,0.39539874002026176,0.3609008017282905,-0.034497938291971286,False
E8B-0000766421-0000766421-12-000012,ALK,6842,7094,0.29659738976948097,0.3310566761278126,0.03445928635833162,False
E8B-0000072333-0000072333-12-000002,JWN,6844,7096,0.3011812655319788,0.3096359976519663,0.008454732119987485,False
E8B-0001095073-0001095073-12-000009,EG,6845,7097,0.2864225066670502,0.32485881578795794,0.03843630912090773,False
E8B-0001130385-0001193125-12-073944,FWLT,6845,7097,0.3286767973389544,0.33018449947362255,0.0015077021346681652,False
E8B-0000910521-0001157523-12-001010,DECK,6846,7098,0.3748770051069445,0.4028049678337828,0.027927962726838285,False
E8B-0000028917-0001157523-12-001122,DDS,6850,7102,0.3273087935371095,0.3270874335317602,-0.00022136000534933586,False
E8B-0001124610-0001193125-12-090133,VMW,6850,7102,0.38357204845509774,0.32370131940936037,-0.05987072904573737,False
E8B-0000004962-0000004962-12-000011,AXP,6868,7120,0.30208437403888294,0.3452236476743819,0.043139273635498965,False
E8B-0001326380-0001157523-12-001532,GME,6868,7120,0.3631102845060706,0.3866827818196145,0.02357249731354394,False
E8B-0001130258-0001193125-12-300862,APKT,6943,7120,0.32720588852882987,0.41923856225726214,0.09203267372843227,True
E8B-0001087423-0001193125-12-137481,RHT,6870,7122,0.3438446013361875,0.3225801991837518,-0.02126440215243569,False
E8B-0001085280-0001193125-12-139872,TIBX,6871,7123,0.4101497379483094,0.3775909899186011,-0.03255874802970826,False
E8B-0001441634-0001193125-12-151957,AVGO,6876,7128,0.35708131795507475,0.38227801403620243,0.02519669608112768,False
E8B-0000796343-0001104659-12-025271,ADBE,6881,7133,0.3193923643891237,0.37367115278040985,0.05427878839128614,False
E8B-0000036966-0001171843-12-001311,FHN,6884,7136,0.35049883587755865,0.35701886275548517,0.006520026877926521,False
E8B-0001110803-0001110803-12-000101,ILMN,6887,7139,0.3493681386955164,0.39212409597529174,0.042755957279775325,False
E8B-0000916457-0000916457-12-000032,CPN,6890,7142,0.32151880448305176,0.3724729543434759,0.050954149860424125,False
E8B-0001324424-0001193125-12-185911,EXPE,6890,7142,0.39657440777573194,0.3897660523491288,-0.00680835542660313,False
E8B-0000049071-0001157523-12-002238,HUM,6891,7143,0.3906470367871101,0.43008131260415516,0.03943427581704506,False
E8B-0000908255-0000908255-12-000042,BWA,6891,7143,0.34241070070185853,0.3781678271010641,0.035757126399205585,False
E8B-0000927653-0001193125-12-196072,MCK,6892,7144,0.3410404979109275,0.3699361795961308,0.02889568168520329,False
E8B-0000051644-0000903423-12-000247,IPG,6893,7145,0.3293096116489633,0.3947442008482067,0.06543458919924344,False
E8B-0000891103-0001104659-12-031746,MTCH,6894,7146,0.37732174572606253,0.3952975229668365,0.017975777240773982,False
E8B-0001058290-0001193125-12-213391,CTSH,6896,7148,0.38374108676750124,0.37319806642616493,-0.010543020341336307,False
E8B-0001000228-0001000228-12-000018,HSIC,6897,7149,0.334982746920803,0.37171134108254494,0.036728594161741956,False
E8B-0000069499-0001193125-12-223750,MYL,6899,7151,0.3589983040591879,0.379151498419565,0.020153194360377102,False
E8B-0001010552-0001193125-12-226236,PLCM,6900,7152,0.44009208214886575,0.4605693246210167,0.020477242472150936,False
E8B-0000891288-0001193125-12-235671,QCOR,6903,7155,0.5134330652632342,0.5949874469094998,0.0815543816462656,False
E8B-0000106040-0001299933-12-001255,WDC,6906,7158,0.35606324049149457,0.4678295244215872,0.11176628393009264,False
E8B-0001018840-0001193125-12-241768,ANF,6907,7159,0.3685707504496161,0.3972688142724937,0.028698063822877595,False
E8B-0001357326-0001193125-12-241736,RVBD,6907,7159,0.47287780830285564,0.421319101279669,-0.051558707023186656,False
E8B-0000098222-0001193125-12-244557,TDW,6909,7161,0.35814433841597015,0.4175938995547957,0.059449561138825546,False
E8B-0000041719-0001299933-12-001336,GLT,6912,7164,0.35908249472904535,0.46089190798554414,0.10180941325649878,False
E8B-0000768835-0000768835-12-000061,BIG,6912,7164,0.3880409808452608,0.43297039005016674,0.04492940920490596,False
E8B-0000898173-0001171843-12-002114,ORLY,6915,7167,0.36264598251023417,0.4094617283847245,0.04681574587449033,False
E8B-0000046640-0000046640-12-000029,HNZ,7032,7169,0.3563181396604176,0.418562717480651,0.062244577820233404,True
E8B-0000215466-0000215466-12-000012,CDE,6919,7171,0.5956250157513984,0.47188273992286095,-0.12374227582853742,False
E8B-0001043604-0001299933-12-001452,JNPR,6921,7173,0.45705719604912226,0.46360249815475213,0.006545302105629869,False
E8B-0001137774-0001193125-12-268298,PRU,6922,7174,0.37031680393284494,0.45795630366732865,0.0876394997344837,False
E8B-0000816284-0001193125-12-269778,CELG,6923,7175,0.40753756565569177,0.519847985358029,0.11231041970233724,False
E8B-0001173752-0001193125-12-269366,ARUN,6923,7175,0.5792227183235445,0.5202726851227831,-0.05895003320076142,False
E8B-0000056873-0001104659-12-043466,KR,6924,7176,0.3740975497445187,0.45915641069388197,0.08505886094936327,False
E8B-0000353944-0001437749-12-006104,IGT,6924,7176,0.4022973898536681,0.46027992695194886,0.05798253709828077,False
E8B-0001502034-0001104659-12-044563,GNC,6927,7179,0.43411300426001664,0.520001667454474,0.08588866319445732,False
E8B-0000912463-0001144204-12-036518,GES,6932,7184,0.3990206871042202,0.4676027107588176,0.06858202365459742,False
E8B-0001080099-0001080099-12-000013,INFA_old,6938,7190,0.461960331045053,0.5288662394308762,0.06690590838582317,False
E8B-0001339048-0000950103-12-003636,WNR,6946,7198,0.5592486091931568,0.5663961003353631,0.007147491142206364,False
E8B-0000097745-0001193125-12-306156,TMO,6947,7199,0.38608937275252714,0.48087496337310176,0.09478559062057462,False
E8B-0000791915-0001193125-12-307241,CY,6948,7200,0.48681831486728405,0.5560735016721688,0.0692551868048848,False
E8B-0000068505-0001193125-12-313360,MSI,6951,7203,0.4317329457037205,0.4348312333716403,0.003098287667919808,False
E8B-0000768251-0000768251-12-000044,ALTR_old,6951,7203,0.44192426076084673,0.4556526463951416,0.013728385634294848,False
E8B-0001361658-0001193125-12-313335,WYN,6951,7203,0.40347207038486144,0.45227672947752173,0.048804659092660296,False
E8B-0000877890-0001157523-12-003852,CTXS,6952,7204,0.48082157101248796,0.503068965907429,0.02224739489494104,False
E8B-0000889900-0001299933-12-001741,PTEN,6952,7204,0.4946169856189397,0.5223899730394687,0.027772987420528972,False
E8B-0000880266-0001193125-12-315836,AGCO,6953,7205,0.4378662275422645,0.4887696846086045,0.050903457066339974,False
E8B-0001180262-0001157523-12-004009,HLF,6955,7207,0.6665850567616868,0.8932875710591018,0.22670251429741506,False
E8B-0000712515-0001193125-12-325805,EA,6956,7208,0.43997277891207887,0.6228085336805436,0.1828357547684647,False
E8B-0000005513-0000005513-12-000025,UNM,6957,7209,0.4033741782039439,0.5327934627471851,0.1294192845432412,False
E8B-0000909954-0001157523-12-004125,GMCR,6957,7209,0.5194715257683409,0.744407655366372,0.2249361295980311,False
E8B-0001097864-0001193125-12-331881,ONNN,6958,7210,0.5235767060385712,0.5482750949125184,0.024698388873947152,False
E8B-0001430602-0001193125-12-330665,SNI,6958,7210,0.43653614068694563,0.5013895707822155,0.06485343009526984,False
E8B-0001115222-0001193125-12-344141,DNB_old,6962,7214,0.4323222967579295,0.5098039031626181,0.07748160640468865,False
E8B-0001043277-0001193125-12-350162,CHRW,6964,7216,0.48076543837883223,0.4534237288052861,-0.027341709573546147,False
E8B-0000203527-0001144204-12-044635,VAR,6965,7217,0.4653171432912512,0.485892404092388,0.020575260801136808,False
E8B-0000035527-0001193125-12-363541,FITB,6971,7223,0.4046972789523861,0.47984140008926396,0.07514412113687785,False
E8B-0000703351-0001181431-12-047237,EAT,6973,7225,0.4524905374046307,0.5262962598263359,0.07380572242170519,False
E8B-0000724606-0000724606-12-000032,PNRA,6973,7225,0.479277211563313,0.4867709961352634,0.007493784571950435,False
E8B-0001368458-0001104659-12-060263,SBH,6975,7227,0.4929505105073162,0.5084172872635586,0.015466776756242417,False
E8B-0000091388-0000091388-12-000037,SFD_old,6979,7231,1.0440307142541188,31.418994024248605,30.374963309994484,False
E8B-0000005272-0001193125-12-381770,AIG,6981,7233,0.4593790127059735,0.5632257437717881,0.10384673106581466,False
E8B-0000064803-0001193125-12-398494,CVS,6992,7244,0.4459795540054274,0.4959587421019906,0.04997918809656321,False
E8B-0000898293-0001193125-12-403331,JBL,6995,7247,0.5042814599169309,0.5446145634541302,0.04033310353719932,False
E8B-0000320187-0000320187-12-000148,NKE,6997,7249,0.4346442229962176,0.5401488017848788,0.10550457878866121,False
E8B-0000866787-0001171843-12-003502,AZO,6998,7250,0.4774188983610538,0.5186057454316846,0.041186847070630805,False
E8B-0001267097-0001193125-12-409982,TRW,6998,7250,0.44953164374707266,0.5450625038816194,0.0955308601345467,False
E8B-0000070318-0001104659-12-066816,THC,6999,7251,0.597408507331719,0.7150671045468391,0.11765859721512006,False
E8B-0000077360-0001193125-12-411468,PNR,6999,7251,0.46026655814853545,0.5555038888205023,0.09523733067196682,False
E8B-0001316360-0001316360-12-000119,IHS_old,7008,7260,0.5216804132782948,0.5762539633468836,0.05457355006858877,False
E8B-0000717423-0001193125-12-424000,MUR,7009,7261,0.48758072820701953,0.5491069471292463,0.061526218922226816,False
E8B-0000203077-0000897101-12-001760,STJ,7010,7262,0.4618055724275601,0.6019611376377979,0.1401555652102378,False
E8B-0001043219-0001157523-12-005133,NLY,7010,7262,0.5647022349025588,0.5401707349981024,-0.024531499904456355,False
E8B-0001170010-0001193125-12-427289,KMX,7012,7264,0.4814192702407068,0.5611176942301366,0.07969842398942978,False
E8B-0001116132-0001157523-12-005242,COH,7014,7266,0.5920882842763534,0.5560466748162172,-0.03604160946013624,False
E8B-0000764180-0000764180-12-000025,MO,7016,7268,0.48786588307307593,0.5379399582381048,0.050074075165028875,False
E8B-0000820027-0001104659-12-070838,AMP,7016,7268,0.43741227840422897,0.5781104889513021,0.14069821054707315,False
E8B-0000826083-0000826083-13-000024,DELL_old,7210,7269,0.38111131597537845,0.38701424574253046,0.00590292976715201,True
E8B-0001365135-0001365135-12-000007,WU,7018,7270,0.5530620708532694,0.6304712815951823,0.07740921074191287,False
E8B-0000078003-0001157523-12-005612,PFE,7020,7272,0.4859008170850498,0.5558993652148855,0.06999854812983569,False
E8B-0001140859-0001104659-12-072999,ABC,7020,7272,0.4543100506955033,0.5822661242977729,0.12795607360226963,False
E8B-0000313927-0001193125-12-450515,CHD,7021,7273,0.503468881137821,0.5636347916831507,0.060165910545329715,False
E8B-0000319201-0001181431-12-057669,KLAC,7025,7277,0.5210605260448825,0.6163185879825112,0.09525806193762865,False
E8B-0000899866-0000899866-12-000008,ALXN,7025,7277,0.6488509137918917,0.7328782356270774,0.08402732183518569,False
E8B-0000865752-0000865752-12-000013,MNST,7028,7280,0.6922275583672056,0.7294252176252793,0.03719765925807372,False
E8B-0001002047-0001102624-12-000925,NTAP,7029,7281,0.5407659466391774,0.6059226655939488,0.06515671895477138,False
E8B-0001465740-0001465740-12-000076,TWO,7029,7281,0.5958891236730809,0.5986597899799255,0.002770666306844638,False
E8B-0001396446-0001193125-12-472552,CYS,7030,7282,0.7214742788299475,0.6335262617279762,-0.08794801710197131,False
E8B-0000829224-0000829224-12-000005,SBUX,7031,7283,0.49445406893476007,0.6195038500725357,0.12504978113777565,False
E8B-0000865436-0001171843-12-004222,WFM,7032,7284,0.5272471034680192,0.5945694464724851,0.06732234300446593,False
E8B-0000772406-0001157523-12-006165,CRUS,7033,7285,0.8582042422825875,0.7813427093687959,-0.07686153291379161,False
E8B-0001144519-0001104659-12-082439,BG,7044,7296,0.5600623030448855,0.6000073185787869,0.039945015533901396,False
E8B-0001466258-0001193125-12-496101,TT,7045,7297,0.5063936888644621,0.6297689146093484,0.12337522574488624,False
E8B-0000816761-0001193125-12-497099,TDC,7046,7298,0.7601373853331383,0.6516638416812005,-0.10847354365193784,False
E8B-0000026172-0000026172-12-000029,CMI,7048,7300,0.5342673642127626,0.6031977838596531,0.0689304196468905,False
E8B-0000278130-0001157523-12-006360,PIR,7048,7300,0.5647245211012699,0.5701959273048962,0.0054714062036262945,False
E8B-0000804753-0000804753-12-000013,CERN,7048,7300,0.5194054119723606,0.9067530308494182,0.3873476188770576,False
E8B-0001437107-0001437107-12-000028,DISCA,7049,7301,0.5848259756636398,0.6694340421018063,0.08460806643816654,False
E8B-0001219601-0001193125-12-503378,CCK,7050,7302,0.531888159779332,0.5739445833741132,0.042056423594781234,False
E8B-0001428205-0001398432-12-000903,ARR,7051,7303,0.749739668567223,0.6389507437724119,-0.11078892479481106,False
E8B-0001058057-0001193125-12-505809,MRVL,7052,7304,0.6238085097637303,0.7718003846210147,0.1479918748572845,False
E8B-0001491675-0001491675-12-000062,CCE,7052,7304,0.5239977135478533,0.6139851826414641,0.08998746909361077,False
E8B-0000039911-0000039911-13-000002,GPS,7062,7314,0.5708250404226454,0.6315054067911418,0.060680366368496386,False
E8B-0001101215-0001101215-13-000006,ADS,7064,7316,0.48373401121316273,0.6360984016705649,0.15236439045740213,False
E8B-0001123360-0001193125-13-006826,GPN,7065,7317,0.5304785597060806,0.6256916431344108,0.09521308342833024,False
E8B-0001315695-0001104659-13-001722,ROC_old,7067,7319,0.5724246442568725,0.6707527270036687,0.09832808274679627,False
E8B-0001316625-0001316625-13-000004,SGI,7069,7321,0.7376262570039422,0.8592409483424216,0.12161469133847935,False
E8B-0000820313-0001104659-13-003106,APH,7072,7324,0.5275961616788408,0.6216048215415322,0.09400865986269136,False
E8B-0000034408-0000034408-13-000006,FDO,7075,7327,0.616359911176961,0.6467799532001663,0.030420042023205363,False
E8B-0000079958-0000079958-13-000003,PCP,7075,7327,0.5250257836033287,0.6212368148200921,0.09621103121676333,False
E8B-0000320345-0001144204-13-003835,MCRS,7076,7328,0.5555787444618646,0.6263973908109564,0.07081864634909174,False
E8B-0000059478-0000059478-13-000004,LLY,7078,7330,0.5650722379033574,0.5875161162407324,0.022443878337375045,False
E8B-0000885725-0000885725-13-000004,BSX,7078,7330,0.5555402715916635,0.7386663357478974,0.1831260641562339,False
E8B-0001510295-0001193125-13-029049,MPC,7079,7331,0.73208085299975,0.8087609734465935,0.07668012044684347,False
E8B-0001082554-0001104659-13-006932,UTHR,7082,7334,0.5672258003570912,0.757313661113043,0.19008786075595174,False
E8B-0001032033-0001193125-13-038832,SLM,7084,7336,0.5887913097843452,0.6635215436472557,0.07473023386291044,False
E8B-0001058090-0001193125-13-039155,CMG,7084,7336,0.5125946188184314,0.691588027812058,0.1789934089936266,False
E8B-0000745732-0001206774-13-000488,ROST,7085,7337,0.5806930500619251,0.6305110555373489,0.04981800547542381,False
E8B-0001468516-0001193125-13-047254,AOL,7087,7339,0.7014729754491251,0.8002185255919974,0.09874555014287223,False
E8B-0000842162-0001193125-13-052696,LEA,7089,7341,0.5296066736903102,0.6340437669027192,0.10443709321240902,False
E8B-0000915913-0001193125-13-051741,ALB,7089,7341,0.558403426095577,0.567134608232599,0.008731182137021953,False
E8B-0000018926-0001193125-13-055403,CTL,7090,7342,0.5880754983450318,0.5736805643457671,-0.014394933999264725,False
E8B-0000077476-0001193125-13-057536,PEP,7090,7342,0.5428853757125931,0.5765507514594616,0.03366537574686845,False
E8B-0000316206-0001299933-13-000300,HOT,7090,7342,0.5398539677621771,0.6092567926056325,0.06940282484345539,False
E8B-0001465112-0001157523-13-000775,DTV_old,7091,7343,0.5885051655011976,0.6984935112460743,0.1099883457448767,False
E8B-0001048286-0001193125-13-065389,MAR,7093,7345,0.5169040889161168,0.5963096275468827,0.07940553863076583,False
E8B-0001121788-0001144204-13-010136,GRMN,7094,7346,0.5567906029286648,0.699255911182221,0.1424653082535562,False
E8B-0000060667-0000060667-13-000018,LOW,7096,7348,0.5784565820044645,0.6543796247116641,0.07592304270719963,False
E8B-0000097476-0000097476-13-000011,TXN,7096,7348,0.5091388590777691,0.5989704122501074,0.08983155317233826,False
E8B-0000354950-0000354950-13-000003,HD,7097,7349,0.5469081338133885,0.6126473723653904,0.06573923855200181,False
E8B-0000857737-0001193125-13-074289,ICON_old,7097,7349,0.5479511330018125,0.7065195052501388,0.15856837224832632,False
E8B-0000072333-0000072333-13-000003,JWN,7100,7352,0.5405921542533035,0.5792610001024545,0.03866884584915098,False
E8B-0000897429-0001193125-13-084293,CHS,7100,7352,0.6542372924479052,0.6472916553945608,-0.006945637053344389,False
E8B-0001532063-0001193125-13-095034,ESRX,7105,7357,0.5860494390350234,0.6749158242502414,0.08886638521521806,False
E8B-0001089063-0001104659-13-019027,DKS,7106,7358,0.5704099439882279,0.6255040100933779,0.05509406610515,False
E8B-0000036104-0001299933-13-000501,USB,7110,7362,0.5120559353865797,0.5849330072693057,0.07287707188272607,False
E8B-0000091576-0001193125-13-107809,KEY,7110,7362,0.5482928206071527,0.6568832272853862,0.1085904066782335,False
E8B-0001103982-0001181431-13-016825,MDLZ,7110,7362,0.5766809595850336,0.6432721307643567,0.06659117117932312,False
E8B-0001393612-0001193125-13-109868,DFS,7111,7363,0.5624053955556108,0.6527798286987466,0.09037443314313587,False
E8B-0001403568-0001193125-13-111214,ULTA,7111,7363,0.6872418678597357,0.7808734119198495,0.09363154406011376,False
E8B-0000719955-0001193125-13-115118,WSM,7113,7365,0.547299421509933,0.6511958235149098,0.10389640200497674,False
E8B-0001281761-0001193125-13-115230,RF,7113,7365,0.5563605253938395,0.647264046439735,0.0909035210458955,False
E8B-0001035267-0001193125-13-117818,ISRG,7114,7366,0.7219183776225564,0.6998210428083432,-0.022097334814213165,False
E8B-0000929887-0000929887-13-000013,APOL,7116,7368,0.6968636633838056,0.9041454330085129,0.20728176962470735,False
E8B-0001441634-0001193125-13-150361,AVGO,7129,7381,0.5735105409865504,0.7479809303348303,0.17447038934827985,False
E8B-0001087423-0001193125-13-154979,RHT,7131,7383,0.6774637833822322,0.6878092983071568,0.010345514924924526,False
E8B-0000277948-0000277948-13-000014,CSX,7132,7384,0.5560224692107903,0.6050514552937363,0.049028986082945925,False
E8B-0001048695-0001193125-13-170403,FFIV,7138,7390,0.6764463280221302,0.7933429631892465,0.11689663516711624,False
E8B-0001085280-0001085280-13-000091,TIBX,7140,7392,0.6774119692776334,0.6712831817147639,-0.006128787562869498,False
E8B-0001002517-0001193125-13-184200,NUAN,7141,7393,0.6950175961180892,0.6411161116405594,-0.05390148447752985,False
E8B-0000037785-0000037785-13-000012,FMC,7142,7394,0.5485070760778432,0.6439424482926634,0.09543537221482024,False
E8B-0000789073-0001193125-13-325593,BEAM_old,7211,7394,0.5169756861378259,0.6060249386479172,0.08904925251009133,True
E8B-0000055067-0001193125-13-194196,K,7143,7395,0.5722758180299788,0.5862635768963631,0.013987758866384259,False
E8B-0001265888-0001193125-13-196088,NSR_old,7144,7396,0.7892530760993064,0.636479563962763,-0.15277351213654344,False
E8B-0001343719-0001343719-13-000014,EXXI,7146,7398,0.7908050549509757,0.781452777413421,-0.009352277537554743,False
E8B-0000027904-0001019687-13-001666,DAL,7147,7399,0.618821213276784,0.8652034034107033,0.24638219013391938,False
E8B-0001060822-0001060822-13-000017,CRI,7149,7401,0.598877275864986,0.6263078951249307,0.027430619259944722,False
E8B-0001273813-0001273813-13-000024,AGO,7149,7401,0.6784374605270453,0.7181235456032893,0.03968608507624394,False
E8B-0001090872-0001090872-13-000009,A,7152,7404,0.5836509213905853,0.6508283672326498,0.06717744584206453,False
E8B-0001305014-0001305014-13-000073,ASH,7152,7404,0.5704014739384294,0.6275164138562543,0.0571149399178249,False
E8B-0001095073-0001095073-13-000060,EG,7153,7405,0.5883298851383998,0.6452600570457072,0.056930171907307425,False
E8B-0001489393-0001193125-13-236119,LYB,7160,7412,0.5682296927300379,0.7067303315681894,0.13850063883815156,False
E8B-0000790070-0000790070-13-000059,EMC_old,7162,7414,0.60478337344053,0.6285292145828465,0.02374584114231648,False
E8B-0001171825-0000891092-13-004934,CIT,7163,7415,0.6186739008299725,0.6040993767538637,-0.014574524076108819,False
E8B-0001300514-0000950142-13-001458,LVS,7168,7420,0.6685486006410342,0.7599077937196914,0.09135919307865725,False
E8B-0000832988-0001181431-13-035411,SIG,7176,7428,0.5853516442215598,0.7382049944889879,0.15285335026742808,False
E8B-0001341439-0001193125-13-265781,ORCL,7178,7430,0.5189540409305052,0.614592348175251,0.09563830724474576,False
E8B-0001018840-0001018840-13-000021,ANF,7179,7431,0.8026894092851876,0.82279934800579,0.020109938720602405,False
E8B-0000038074-0001193125-13-458550,FRX_old,7292,7436,0.4885231685898652,0.6854108993837299,0.19688773079386468,True
E8B-0001173752-0001193125-13-289915,ARUN,7193,7445,0.8996374738303187,0.9288533743948995,0.029215900564580788,False
E8B-0001043604-0001193125-13-298913,JNPR,7200,7452,0.6989520379840239,0.7177492368445628,0.018797198860538877,False
E8B-0001137789-0001104659-13-056052,STX,7200,7452,0.6347697525787526,0.7596386519247919,0.12486889934603929,False
E8B-0000822416-0000822416-13-000035,PHM,7201,7453,0.7267254512219874,0.7779188322907985,0.051193381068811106,False
E8B-0001403161-0001193125-13-300529,V,7201,7453,0.6309926657094078,0.6724945418234691,0.04150187611406131,False
E8B-0001037646-0001037646-13-000019,MTD,7202,7454,0.6197704045899524,0.6805375205552401,0.06076711596528772,False
E8B-0001492633-0001564590-13-000141,NLSN,7204,7456,0.5727559958858658,0.6886912326312518,0.11593523674538597,False
E8B-0001104188-0001193125-13-309091,SOHU,7205,7457,0.9324731799976748,0.9217149011454906,-0.010758278852184167,False
E8B-0001534701-0001157523-13-003719,PSX,7206,7458,0.6125735826521741,0.7077398292209618,0.0951662465687877,False
E8B-0000046080-0000046080-13-000077,HAS,7207,7459,0.6436074926176643,0.6729462085163311,0.02933871589866688,False
E8B-0000817720-0001193125-13-315111,SYNA,7207,7459,0.8188533792714827,1.048943097293878,0.2300897180223953,False
E8B-0000723612-0000723612-13-000038,CAR,7210,7462,0.6771369941232038,0.9160734023017547,0.23893640817855089,False
E8B-0001057758-0001057758-13-000034,TWTC,7211,7463,0.6141533239651736,0.7103355842403555,0.09618226027518184,False
E8B-0001124610-0001124610-13-000029,VMW,7211,7463,0.6885729053719984,0.8986580698245548,0.21008516445255632,False
E8B-0001490281-0001490281-13-000031,GRPN,7211,7463,1.0332671018331894,0.873598611522284,-0.15966849031090535,False
E8B-0001357326-0001193125-13-338835,RVBD,7218,7470,0.7168247408056102,0.7589728245844718,0.04214808377886159,False
E8B-0001022079-0001022079-13-000062,DGX,7222,7474,0.6218069045397421,0.6533344504281342,0.03152754588839213,False
E8B-0000890319-0000890319-13-000138,TCO,7223,7475,0.609400864359886,0.6770192033473106,0.06761833898742453,False
E8B-0001043277-0001193125-13-345894,CHRW,7223,7475,0.6082177493160096,0.6776062996513719,0.06938855033536229,False
E8B-0000768251-0000768251-13-000038,ALTR_old,7226,7478,0.6880816291292688,0.6956032467468071,0.007521617617538223,False
E8B-0000801898-0001140361-13-034403,JOY,7226,7478,0.59942839177383,0.6932842830805575,0.09385589130672745,False
E8B-0000912615-0001193125-13-350594,URBN,7226,7478,0.69819796076446,0.6917168190446177,-0.006481141719842265,False
E8B-0000889900-0001299933-13-001627,PTEN,7232,7484,0.5896069115409664,0.7532521646107698,0.16364525306980338,False
E8B-0001121484-0001437749-13-011718,OIS,7232,7484,0.635731355792691,0.6868594165221191,0.051128060729428104,False
E8B-0000935703-0000935703-13-000045,DLTR,7239,7491,0.6712204452698727,0.668682852709242,-0.002537592560630686,False
E8B-0001467373-0001467373-13-000438,ACN,7246,7498,0.592305389261196,0.6161552441543726,0.023849854893176592,False
E8B-0001560385-0001104659-13-075041,LMCA,7255,7507,0.885909904499161,0.6329569773569815,-0.25295292714217943,False
E8B-0000886835-0001193125-13-398890,SPN,7258,7510,0.6547990666701589,0.6417277737710846,-0.013071292899074272,False
E8B-0001067701-0001193125-13-401384,URI,7260,7512,0.6256713912065075,0.811938207129158,0.18626681592265049,False
E8B-0000920148-0000920148-13-000088,LH,7261,7513,0.6237736637012388,0.612193308685684,-0.011580355015554766,False
E8B-0000086312-0001104659-13-076857,TRV,7263,7515,0.5724064943800711,0.602579364624718,0.030172870244646877,False
E8B-0000936468-0001144204-13-056178,LMT,7263,7515,0.540509656135421,0.6415998362642672,0.10109018012884619,False
E8B-0000024741-0001299933-13-001832,GLW,7264,7516,0.6143924645002581,0.634544207461389,0.02015174296113087,False
E8B-0000040533-0001193125-13-407428,GD,7264,7516,0.527593965609661,0.6559301085546911,0.12833614294503015,False
E8B-0000877890-0001157523-13-004856,CTXS,7265,7517,0.7003675340521417,0.7293559520762899,0.0289884180241482,False
E8B-0000941548-0001140361-13-039420,CAM_old,7265,7517,0.634499633263571,0.64765208285065,0.013152449587079063,False
E8B-0001086222-0001266432-13-000096,AKAM,7265,7517,0.6553268475754751,0.7115055681815946,0.0561787206061195,False
E8B-0001423689-0001423689-13-000047,AGNC,7268,7520,0.6461461347726168,0.7001037708253112,0.053957636052694324,False
E8B-0001297996-0001193125-13-416162,DLR,7269,7521,0.6564748606092393,0.7570813946372665,0.10060653402802722,False
E8B-0001385157-0001104659-13-078938,TEL,7269,7521,0.6110272756855031,0.6503489873750455,0.03932171168954246,False
E8B-0000721371-0000721371-13-000177,CAH,7270,7522,0.5694277807833601,0.6829194544917022,0.11349167370834212,False
E8B-0000873860-0001019056-13-001209,OCN,7270,7522,1.028479736704735,0.7681321132736414,-0.2603476234310935,False
E8B-0000069499-0000069499-13-000041,MYL,7271,7523,0.6942719305324423,0.8148943917560871,0.12062246122364484,False
E8B-0001060391-0001060391-13-000044,RSG,7271,7523,0.5546072850186902,0.5963682329799389,0.04176094796124874,False
E8B-0001364479-0001104659-13-081737,HTZ_old,7275,7527,0.7817584307608914,0.7991841161026086,0.01742568534171729,False
E8B-0000916457-0000916457-13-000054,CPN,7276,7528,0.6334714406899652,0.7036273625712578,0.0701559218812926,False
E8B-0001045810-0001045810-13-000104,NVDA,7276,7528,0.6137042139471367,0.7114024331373062,0.09769821919016952,False
E8B-0000108772-0001193125-13-436962,XRX,7278,7530,0.6289766036526457,0.7283165314275001,0.09933992777485434,False
E8B-0000859737-0001144204-13-060155,HOLX,7278,7530,0.6086545824361433,0.7115761684634024,0.1029215860272591,False
E8B-0000931336-0001193125-13-437061,DF,7278,7530,0.7361685710109529,0.7034632508885961,-0.03270532012235683,False
E8B-0000858877-0001193125-13-440194,CSCO,7280,7532,0.5825709264454187,0.664312843416091,0.08174191697067223,False
E8B-0000945764-0000945764-13-000071,DNR,7280,7532,0.7456875948158874,0.6057834304768037,-0.1399041643390837,False
E8B-0000203527-0001144204-13-062594,VAR,7283,7535,0.5990331959073434,0.656335173927317,0.05730197801997361,False
E8B-0001011006-0001193125-13-447085,YHOO,7284,7536,0.6983316199492222,0.8243606849297433,0.12602906498052113,False
E8B-0000909954-0001157523-13-005572,GMCR,7285,7537,0.7660563425321221,1.0441937934242558,0.2781374508921337,False
E8B-0000053669-0000053669-13-000025,JCI,7286,7538,0.5788577169129359,0.6308375483052516,0.05197983139231577,False
E8B-0000100885-0001193125-13-449751,UNP,7286,7538,0.5200989846060985,0.6639778139969099,0.14387882939081142,False
E8B-0001326380-0001157523-13-005590,GME,7286,7538,0.8714035868062787,0.8181994354395301,-0.05320415136674861,False
E8B-0001502034-0001104659-13-087885,GNC,7292,7544,0.8014775452054275,0.7155069273255544,-0.08597061787987303,False
E8B-0000029534-0001157523-13-005697,DG,7294,7546,0.66612998908454,0.7234832278453218,0.0573532387607818,False
E8B-0000315189-0001104659-13-088267,DE,7294,7546,0.5923261915404597,0.6152172381973322,0.02289104665687247,False
E8B-0001050915-0001193125-13-466773,PWR,7297,7549,0.641837605507914,0.6435656290617779,0.0017280235538639221,False
E8B-0000097216-0000097216-13-000238,TEX,7298,7550,0.8691813556444347,0.7644977110491948,-0.10468364459523982,False
E8B-0000038777-0001193125-13-469528,BEN,7299,7551,0.5931439286851213,0.6092540799649337,0.016110151279812412,False
E8B-0000874761-0001193125-13-472425,AES,7300,7552,0.6614650401845499,0.6723446458702091,0.010879605685659266,False
E8B-0000005513-0001193125-13-472568,UNM,7301,7553,0.6083071474198758,0.5942994183915394,-0.014007729028336358,False
E8B-0000804753-0000804753-13-000049,CERN,7301,7553,0.6528567561387406,0.6973709765219439,0.044514220383203296,False
E8B-0000012927-0000012927-13-000047,BA,7302,7554,0.6340944097416457,0.608119250742524,-0.025975158999121617,False
E8B-0000064803-0000064803-13-000033,CVS,7303,7555,0.5280060930630773,0.6478427699593596,0.1198366768962823,False
E8B-0000898293-0001193125-13-476042,JBL,7303,7555,0.6119605763431443,0.719569910220894,0.10760933387774974,False
E8B-0001545158-0001193125-13-476509,KRFT,7303,7555,0.5857068251371692,0.6281660127449957,0.04245918760782652,False
E8B-0000866787-0001171843-13-005080,AZO,7304,7556,0.59468061167712,0.6862314724185912,0.09155086074147112,False
E8B-0001491675-0001491675-13-000055,CCE,7305,7557,0.6071615907301294,0.6346710510700784,0.027509460339948943,False
E8B-0001101215-0001101215-14-000004,ADS,7316,7568,0.6368398626687115,0.6707051116962172,0.03386524902750565,False
E8B-0001315695-0001104659-14-015203,ROC_old,7353,7571,0.5823680666603314,0.5798974615712369,-0.0024706050890944686,True
E8B-0001521332-0001521332-14-000003,DLPH,7321,7573,0.6360740788715625,0.6584277057559742,0.02235362688441167,False
E8B-0001065088-0001065088-14-000004,EBAY,7326,7578,0.6843625212689243,0.6971643040177653,0.012801782748841029,False
E8B-0000018230-0001104659-14-004203,CAT,7329,7581,0.6663484097323301,0.6286102129748002,-0.037738196757529874,False
E8B-0001166691-0001104659-14-004395,CMCSA,7329,7581,0.6480612099847209,0.6741042674734808,0.026043057488759902,False
E8B-0000823094-0000823094-14-000004,BID,7330,7582,0.7473394531836599,0.7366849228741762,-0.010654530309483712,False
E8B-0000884905-0001157523-14-000254,PX_old,7330,7582,0.5784865764763878,0.5672569210978831,-0.011229655378504733,False
E8B-0001166126-0001166126-14-000005,JCP,7330,7582,1.0740378183181236,1.196250843475849,0.12221302515772536,False
E8B-0001339048-0001339048-14-000010,WNR,7330,7582,0.8018396096832691,0.8103790232486354,0.00853941356536636,False
E8B-0000350698-0000350698-14-000011,AN,7331,7583,0.5830833335693405,0.658921151213964,0.0758378176446235,False
E8B-0000009389-0000009389-14-000003,BLL,7332,7584,0.6047048905017419,0.6801444844909559,0.07543959398921396,False
E8B-0001110803-0001110803-14-000064,ILMN,7334,7586,0.7790665145919464,0.8698020004197202,0.0907354858277738,False
E8B-0001136893-0001136893-14-000005,FIS,7334,7586,0.5441503644825425,0.6385339217992202,0.09438355731667769,False
E8B-0001037038-0000950142-14-000264,RL,7335,7587,0.6688243165352078,0.6192518494359079,-0.049572467099299855,False
E8B-0001105705-0001193125-14-036007,TWX,7335,7587,0.6566236463299259,0.7748303893499721,0.11820674302004619,False
E8B-0001108827-0001108827-14-000007,QEP,7335,7587,0.9021835861665125,0.8120571330589424,-0.09012645310757006,False
E8B-0001466258-0001466258-14-000004,TT,7335,7587,0.5896613974887512,0.6391953573937583,0.049533959905007086,False
E8B-0000898173-0000898173-14-000038,ORLY,7337,7589,0.5869435930246965,0.7015263703930991,0.11458277736840261,False
E8B-0001285785-0001193125-14-044352,MOS,7339,7591,0.6122250914622569,0.6457400185841286,0.03351492712187165,False
E8B-0001365135-0001365135-14-000010,WU,7340,7592,0.620316518819868,0.6711622327584736,0.0508457139386056,False
E8B-0001437107-0001437107-14-000011,DISCA,7341,7593,0.8326427813010628,0.7456694690898823,-0.08697331221118054,False
E8B-0001533932-0001533932-14-000034,VNTV,7341,7593,0.6420210116512732,0.7153732811014609,0.07335226945018769,False
E8B-0000005272-0001193125-14-051411,AIG,7342,7594,0.635783144562074,0.6737178609509976,0.03793471638892365,False
E8B-0000051644-0000051644-14-000003,IPG,7343,7595,0.6203647020233731,0.7300926247077728,0.10972792268439968,False
E8B-0000797468-0000797468-14-000007,OXY,7343,7595,0.6910316820315122,0.6685232049027248,-0.022508477128787452,False
E8B-0000006281-0001157523-14-000669,ADI,7344,7596,0.663065233033308,0.720000297174744,0.05693506414143601,False
E8B-0001180262-0001157523-14-000672,HLF,7344,7596,1.1008243666075068,0.890173230622642,-0.21065113598486485,False
E8B-0001396033-0001144204-14-010441,LL,7344,7596,0.9802424076525839,0.8841941777064363,-0.09604822994614759,False
E8B-0001048286-0001193125-14-058917,MAR,7345,7597,0.5688247400818233,0.744421259531796,0.1755965194499728,False
E8B-0000916365-0000916365-14-000062,TSCO,7348,7600,0.6726562580250774,0.7760294465738815,0.10337318854880406,False
E8B-0001519751-0001193125-14-067347,FBHS,7349,7601,0.7163606064467168,0.7398191285906536,0.023458522143936733,False
E8B-0000060667-0000060667-14-000019,LOW,7350,7602,0.5971500347258699,0.7374564793616084,0.1403064446357385,False
E8B-0000943819-0001193125-14-072273,RMD,7351,7603,0.6710802277526665,0.8189966897949015,0.14791646204223496,False
E8B-0001357615-0001193125-14-073687,KBR,7351,7603,0.9087573370517829,0.7369247319361316,-0.17183260511565124,False
E8B-0000857737-0001193125-14-080287,ICON_old,7353,7605,0.7355897620257263,0.672888267724768,-0.0627014943009584,False
E8B-0000732712-0001193125-14-089313,VZ,7357,7609,0.6487877520459003,0.6737553508605382,0.024967598814637837,False
E8B-0001457543-0001502823-14-000037,CFN,7463,7614,0.5275608433907695,0.6502184121327625,0.12265756874199307,True
E8B-0000035527-0001193125-14-110314,FITB,7367,7619,0.6894181076706521,0.6352229155023555,-0.0541951921682966,False
E8B-0000098246-0000098246-14-000086,TIF,7367,7619,0.6898630392810318,0.6894735721068596,-0.0003894671741722089,False
E8B-0000019617-0000019617-14-000310,JPM,7370,7622,0.6367866113631142,0.6472926897478696,0.010506078384755368,False
E8B-0000036104-0001299933-14-000470,USB,7370,7622,0.6148590487386225,0.6244341601000597,0.009575111361437183,False
E8B-0000070858-0000070858-14-000035,BAC,7370,7622,0.6997732067820952,0.6683443229441496,-0.03142888383794562,False
E8B-0000927628-0001193125-14-116598,COF,7370,7622,0.6173983736502063,0.636612853333772,0.01921447968356571,False
E8B-0001170010-0001170010-14-000006,KMX,7376,7628,0.6332482861232087,0.8126671889588842,0.17941890283567552,False
E8B-0000106640-0001193125-14-144325,WHR,7384,7636,0.6557995250161097,0.7370208750795267,0.08122135006341702,False
E8B-0000713676-0001193125-14-144978,PNC,7384,7636,0.5978298097893691,0.638891180064729,0.04106137027535994,False
E8B-0001506307-0001506307-14-000023,KMI,7385,7637,0.6524832296954548,0.7770607687736864,0.12457753907823155,False
E8B-0001058090-0001193125-14-147184,CMG,7386,7638,0.665029322495868,0.7704295439692243,0.10540022147335626,False
E8B-0000816284-0001104659-14-029716,CELG,7389,7641,0.6746874450791336,0.8481621132450877,0.17347466816595414,False
E8B-0001097149-0001102624-14-000614,ALGN,7389,7641,0.7676537505754081,0.8373482482164432,0.06969449764103508,False
E8B-0001281761-0001281761-14-000025,RF,7390,7642,0.7037552298078323,0.6932587861549968,-0.01049644365283553,False
E8B-0000820027-0001104659-14-031270,AMP,7392,7644,0.6012693389269007,0.6614673120723052,0.06019797314540454,False
E8B-0000041719-0001299933-14-000682,GLT,7395,7647,0.7311288675644237,0.7180198112993722,-0.013109056265051544,False
E8B-0000712515-0000712515-14-000017,EA,7398,7650,0.6580691790495011,0.8870385451981405,0.22896936614863939,False
E8B-0000023082-0000023082-14-000035,CSC,7400,7652,0.6681790752440038,0.7144479529335328,0.04626887768952903,False
E8B-0000945436-0000945436-14-000070,SUNE_old,7400,7652,0.9847557780535673,1.215628473886892,0.23087269583332481,False
E8B-0000356028-0001157523-14-002186,CA_old,7404,7656,0.6697493674722864,0.7032857006479991,0.033536333175712696,False
E8B-0000717423-0001193125-14-200166,MUR,7404,7656,0.8908100759352645,0.796469546307479,-0.0943405296277855,False
E8B-0000766421-0000766421-14-000038,ALK,7404,7656,0.7143442369785413,0.836079207501982,0.12173497052344062,False
E8B-0001000697-0001193125-14-202590,WAT,7406,7658,0.6275953671601396,0.7152233134873028,0.0876279463271632,False
E8B-0001140859-0001104659-14-040444,ABC,7408,7660,0.5999280145820475,0.7806841888549039,0.1807561742728564,False
E8B-0000912093-0001193125-14-212910,JDSU,7412,7664,0.8059391991018261,0.8661934669364083,0.06025426783458221,False
E8B-0000724606-0000724606-14-000018,PNRA,7419,7671,0.757494941505632,0.8172511070174402,0.05975616551180818,False
E8B-0001137774-0001193125-14-232088,PRU,7422,7674,0.7040488921613038,0.7259189063362429,0.021870014174939056,False
E8B-0001397187-0001397187-14-000037,LULU,7423,7675,0.7141806613803227,0.924929523612605,0.2107488622322824,False
E8B-0001468516-0001193125-14-399686,AOL,7526,7682,0.5915912705525175,0.6864330725460189,0.09484180199350145,True
E8B-0001082554-0001104659-14-048832,UTHR,7434,7686,0.8399534385872751,1.098315744842923,0.25836230625564793,False
E8B-0000319201-0000319201-14-000020,KLAC,7441,7693,0.7317875847580624,0.7192145234031591,-0.012573061354903325,False
E8B-0000045012-0000045012-14-000275,HAL,7450,7702,0.9691571461300926,0.8190640744960024,-0.15009307163409025,False
E8B-0000200406-0000200406-14-000087,JNJ,7450,7702,0.6400609808229631,0.6444922690053421,0.004431288182378923,False
E8B-0000764180-0000764180-14-000057,MO,7450,7702,0.628595186760678,0.7287225045445105,0.10012731778383244,False
E8B-0000813672-0000813672-14-000019,CDNS,7450,7702,0.6713594280931162,0.7440183085877655,0.0726588804946493,False
E8B-0001171825-0000891092-14-005510,CIT,7450,7702,0.6792761780228952,0.6855014255247016,0.006225247501806419,False
E8B-0000790070-0000790070-14-000087,EMC_old,7451,7703,0.7199761455289696,0.6850650775614844,-0.03491106796748522,False
E8B-0000352915-0001193125-14-279708,UHS,7453,7705,0.6708271109350562,0.7890774186717429,0.11825030773668666,False
E8B-0001099800-0001104659-14-054433,EW,7456,7708,0.6431468469563099,0.8290237201549241,0.18587687319861423,False
E8B-0001123360-0001123360-14-000032,GPN,7456,7708,0.588236033284853,0.750280849944107,0.16204481665925408,False
E8B-0000050104-0000050104-14-000040,TSO,7457,7709,0.7615090825447497,0.9487262890937728,0.18721720654902307,False
E8B-0001510295-0001193125-14-288249,MPC,7457,7709,0.7346351336825282,0.8498264960655793,0.11519136238305105,False
E8B-0000026780-0001193125-14-292387,DAN,7459,7711,0.8053070555579195,0.7502079724135919,-0.05509908314432754,False
E8B-0000316206-0001299933-14-001190,HOT,7459,7711,0.6972955268955394,0.7148000252763447,0.017504498380805256,False
E8B-0001058290-0001193125-14-296811,CTSH,7461,7713,0.5974218780588311,0.7599845742751552,0.16256269621632413,False
E8B-0001535929-0001193125-14-296887,VOYA,7461,7713,0.6329671041692094,0.7044660297640222,0.07149892559481275,False
E8B-0000030697-0001193125-14-299397,WEN,7462,7714,0.7041219884739898,0.7942946083300795,0.09017261985608971,False
E8B-0001324404-0001104659-14-057620,CF,7462,7714,0.7293776492034546,0.8275238688797744,0.09814621967631976,False
E8B-0001080099-0001080099-14-000024,INFA_old,7517,7714,0.5669852135765157,0.7153039595602211,0.14831874598370542,True
E8B-0001273813-0001273813-14-000039,AGO,7463,7715,0.6978187392716634,0.7395964609813176,0.041777721709654214,False
E8B-0000864749-0001193125-14-306509,TRMB,7466,7718,0.8500269509579248,0.6634346046174011,-0.18659234634052368,False
E8B-0000106535-0000106535-14-000054,WY,7467,7719,0.6458155671738715,0.6371292635465586,-0.008686303627312819,False
E8B-0000079958-0000079958-14-000036,PCP,7468,7720,0.7302196901426351,0.7276164511229244,-0.0026032390197107125,False
E8B-0001368458-0001104659-14-062297,SBH,7472,7724,0.7333817068024435,0.7256341672239046,-0.007747539578538909,False
E8B-0000052988-0000052988-14-000152,JEC,7473,7725,0.7359813122080837,0.6249559369957334,-0.11102537521235034,False
E8B-0000764065-0000764065-14-000169,CLF,7475,7727,2.0460523570334477,1.6557229498802168,-0.39032940715323083,False
E8B-0000866374-0001104659-14-064280,FLEX,7480,7732,0.7093144917667618,0.6762988498160392,-0.033015641950722596,False
E8B-0000072333-0000072333-14-000142,JWN,7482,7734,0.665936976700696,0.6868834202476065,0.020946443546910554,False
E8B-0000048039-0000048039-14-000057,HFC,7486,7738,0.8179926432721069,0.851772458439565,0.033779815167458094,False
E8B-0000833444-0000833444-14-000108,TYC,7487,7739,0.6773009535828096,0.608133207789866,-0.0691677457929436,False
E8B-0001341439-0001193125-14-345688,ORCL,7492,7744,0.650686418617816,0.6231343543203417,-0.027552064297474255,False
E8B-0001137411-0001137411-14-000107,COL,7493,7745,0.6436113098787873,0.658188023701373,0.01457671382258563,False
E8B-0001021860-0001193125-14-359110,NOV,7500,7752,0.9888535761121281,0.7744680188588512,-0.2143855572532769,False
E8B-0000723612-0000723612-14-000176,CAR,7511,7763,0.7616656101192765,0.7731612297539814,0.011495619634704912,False
E8B-0001300514-0000950142-14-002070,LVS,7511,7763,0.8852757656090195,0.8271241277503211,-0.05815163785869848,False
E8B-0000039911-0000039911-14-000156,GPS,7512,7764,0.7334369415479797,0.6393600069794341,-0.0940769345685456,False
E8B-0000001800-0001104659-14-072891,ABT,7516,7768,0.6344371916651953,0.6604258450398914,0.025988653374696136,False
E8B-0000822416-0000822416-14-000039,PHM,7516,7768,0.7443419125552623,0.7373125789903836,-0.00702933356487867,False
E8B-0001492633-0001564590-14-004431,NLSN,7516,7768,0.6613615711081284,0.7306663302048791,0.06930475909675071,False
E8B-0001306830-0001306830-14-000156,CE,7517,7769,0.692567674113608,0.7697278256534894,0.07716015153988143,False
E8B-0000723125-0000723125-14-000193,MU,7519,7771,1.0605919939545574,0.8463268424549729,-0.21426515149958447,False
E8B-0000076334-0000076334-14-000130,PH,7520,7772,0.7003411744653684,0.6467125064886762,-0.05362866797669219,False
E8B-0000078003-0000078003-14-000043,PFE,7520,7772,0.5978500560672956,0.6687495013817296,0.07089944531443404,False
E8B-0000860730-0001193125-14-384281,HCA,7520,7772,0.7226396033987695,0.7390739605231574,0.0164343571243879,False
E8B-0000800459-0001193125-14-388325,HAR,7521,7773,0.8725525182222681,0.8866053700079116,0.014052851785643528,False
E8B-0000923120-0001193125-14-388189,GBX,7521,7773,1.0842835917573668,0.9503494917739229,-0.13393409998344386,False
E8B-0001403161-0001193125-14-387186,V,7521,7773,0.5835163357262159,0.6994516093028068,0.11593527357659095,False
E8B-0000880631-0001193125-14-390916,WETF,7522,7774,0.910852776389825,1.0854197439372015,0.17456696754737655,False
E8B-0001411207-0001193125-14-389633,ALSN,7522,7774,0.699640560095618,0.6609970744148437,-0.03864348568077436,False
E8B-0001551152-0001104659-14-075412,ABBV,7522,7774,0.7601185407193104,0.7774890027700544,0.017370462050743996,False
E8B-0000068505-0001193125-14-395045,MSI,7524,7776,0.6663368458754225,0.689501825363742,0.023164979488319526,False
E8B-0001530721-0001193125-14-395137,KORS,7524,7776,0.9859435933938525,0.794279074737217,-0.19166451865663547,False
E8B-0000108772-0001193125-14-407813,XRX,7530,7782,0.7402807952931971,0.6533037368456387,-0.08697705844755843,False
E8B-0000814453-0000814453-14-000148,NWL,7532,7784,0.6097186305189046,0.6916619717656258,0.0819433412467212,False
E8B-0000861361-0000947871-14-000703,BEAV,7532,7784,0.7569833119540319,0.7040253659624385,-0.052957945991593425,False
E8B-0000883569-0001104659-14-080235,FOSL,7532,7784,0.9703237162112904,0.5981255440470222,-0.3721981721642682,False
E8B-0001124198-0001104659-14-081508,FLR,7534,7786,0.7722494597133606,0.6777037130092624,-0.09454574670409821,False
E8B-0001555280-0001555280-14-000350,ZTS,7534,7786,0.7320641952069202,0.7551585265387036,0.023094331331783402,False
E8B-0001095073-0001095073-14-000049,EG,7536,7788,0.6378497201824533,0.6744206686434521,0.03657094846099873,False
E8B-0000028917-0000028917-14-000196,DDS,7538,7790,0.7993197540064659,0.6668827411254041,-0.1324370128810618,False
E8B-0001390844-0001193125-14-435630,WBC,7548,7800,0.713267061017545,0.714710626589164,0.0014435655716189544,False
E8B-0001099219-0001193125-14-440610,MET,7551,7803,0.6628777906838091,0.6349300357345187,-0.02794775494929047,False
E8B-0001113169-0001113169-14-000032,TROW,7551,7803,0.6284088766416784,0.5889860571037149,-0.03942281953796356,False
E8B-0000886835-0001193125-14-441356,SPN,7552,7804,1.113684005198138,1.0757465094728489,-0.03793749572528915,False
E8B-0000899866-0000899866-14-000262,ALXN,7552,7804,0.8223102554100096,0.8339494598420062,0.01163920443199662,False
E8B-0001058057-0001193125-14-440780,MRVL,7552,7804,0.9628284083412391,0.8101435936250799,-0.15268481471615913,False
E8B-0001090425-0001193125-14-441320,LAMR,7552,7804,0.6181009111585328,0.6692186553891424,0.05111774423060955,False
E8B-0000816761-0001193125-14-448163,TDC,7557,7809,0.8783370138934921,0.7115308541020835,-0.16680615979140856,False
E8B-0000895126-0000895126-14-000287,CHK_old,7558,7810,1.5339017926080836,1.0647438909154203,-0.46915790169266325,False
E8B-0000203077-0001104659-15-002249,STJ,7573,7825,0.6609807159188483,0.6091496989114671,-0.05183101700738124,False
E8B-0000815556-0000815556-15-000008,FAST,7573,7825,0.692265467619002,0.6256019206704487,-0.06666354694855325,False
E8B-0000087347-0001193125-15-011936,SLB,7574,7826,0.756634471321788,0.7142073540851135,-0.04242711723667447,False
E8B-0000820313-0001104659-15-003575,APH,7577,7829,0.6330142089023185,0.6076743047819907,-0.025339904120327827,False
E8B-0001048695-0001628280-15-000184,FFIV,7577,7829,0.7167933334952815,0.678255908799993,-0.038537424695288536,False
E8B-0001567892-0001567892-15-000002,MNK_old,7579,7831,1.050307044462847,0.9239132048445504,-0.12639383961829664,False
E8B-0000006201-0001193125-15-021007,AAL,7580,7832,0.9244081999740564,0.8446338420294318,-0.07977435794462462,False
E8B-0001357204-0001193125-15-020385,DNKN,7580,7832,0.728596299511513,0.6929783930737266,-0.035617906437786395,False
E8B-0001124610-0001193125-15-021871,VMW,7581,7833,0.8295288989841669,0.8201520523385981,-0.009376846645568815,False
E8B-0001385157-0001104659-15-004867,TEL,7581,7833,0.6253066158991863,0.5868060500858285,-0.03850056581335781,False
E8B-0000056047-0001140361-15-003054,KEX,7582,7834,0.8113695580055211,0.6858977548176849,-0.12547180318783624,False
E8B-0000320193-0001193125-15-023732,AAPL,7582,7834,0.7126292716395615,0.6704211183801888,-0.04220815325937266,False
E8B-0000704051-0000704051-15-000010,LM,7583,7835,0.7623899713608819,0.5922613544183573,-0.17012861694252468,False
E8B-0001009672-0001193125-15-024798,CRR,7583,7835,1.4436708532064955,1.2908282056562457,-0.1528426475502498,False
E8B-0000313927-0001140361-15-003648,CHD,7585,7837,0.5877329557915123,0.6128206619788009,0.025087706187288616,False
E8B-0001035267-0001035267-15-000012,ISRG,7585,7837,0.6887050606328121,0.7151720362387444,0.026466975605932253,False
E8B-0000106040-0001193125-15-032071,WDC,7586,7838,0.9177036161048067,0.7062009812477879,-0.2115026348570188,False
E8B-0000849399-0001157523-15-000422,SYMC,7588,7840,0.7152594849577957,0.633496636427158,-0.08176284853063764,False
E8B-0001324424-0001193125-15-035420,EXPE,7588,7840,0.7120904693868672,0.8087095156304018,0.09661904624353468,False
E8B-0001418135-0001299933-15-000198,DPS,7588,7840,0.6381611618714683,0.6891556586657925,0.05099449679432422,False
E8B-0001604778-0001604778-15-000014,QRVO,7588,7840,1.183518287236216,1.0518521281921032,-0.13166615904411283,False
E8B-0000046080-0000046080-15-000013,HAS,7589,7841,0.6416871043938711,0.7458607336791009,0.10417362928522977,False
E8B-0000062996-0001104659-15-007560,MAS,7589,7841,0.6671390619986616,0.6965113726343329,0.02937231063567136,False
E8B-0000024545-0001157523-15-000484,TAP,7590,7842,0.6789481234352632,0.7242412406683355,0.04529311723307228,False
E8B-0001490349-0001144204-15-007083,MCC,7590,7842,0.7655010848758897,0.6760218890013534,-0.08947919587453634,False
E8B-0000908255-0000908255-15-000010,BWA,7593,7845,0.881182127615058,0.703207612481705,-0.17797451513335294,False
E8B-0000842162-0000950123-15-002357,LEA,7595,7847,0.7021008473918369,0.7160304643006915,0.013929616908854636,False
E8B-0001121788-0001144204-15-010507,GRMN,7596,7848,0.7306279831458788,0.6630938083293855,-0.06753417481649338,False
E8B-0000354950-0000354950-15-000006,HD,7599,7851,0.6111839127734526,0.6376544533664295,0.02647054059297682,False
E8B-0001166691-0001104659-15-013199,CMCSA,7599,7851,0.6452324779585799,0.6485607631644651,0.0033282852058852397,False
E8B-0000031462-0001104659-15-013272,ECL,7600,7852,0.6483961824621349,0.6278749641329541,-0.020521218329180857,False
E8B-0000745732-0000745732-15-000006,ROST,7602,7854,0.669342532223894,0.695859844784773,0.02651731256087908,False
E8B-0000912615-0001193125-15-065830,URBN,7602,7854,0.8980973942452674,0.7736303043626858,-0.1244670898825816,False
E8B-0000909954-0001104659-15-056489,GMCR,7713,7857,0.6814220716785182,0.9073054921956323,0.22588342051711408,True
E8B-0001467858-0001467858-15-000087,GM,7609,7861,0.7699962733122787,0.7259220319622607,-0.04407424135001803,False
E8B-0000768835-0000768835-15-000005,BIG,7610,7862,0.8115828633529334,0.7975689570670075,-0.014013906285925914,False
E8B-0001390777-0001193125-15-087482,BK,7611,7863,0.6767070203559126,0.6713825619185375,-0.005324458437375057,False
E8B-0000866787-0001171843-15-001601,AZO,7620,7872,0.6230901887983,0.6861560166366664,0.06306582783836634,False
E8B-0001087423-0001157523-15-001013,RHT,7621,7873,0.6809191960054176,0.6993840455311159,0.018464849525698268,False
E8B-0001011006-0001193125-15-107195,YHOO,7622,7874,0.8873613124097607,0.813899365684208,-0.07346194672555273,False
E8B-0001265888-0001265888-15-000013,NSR_old,7622,7874,0.8864108083813715,0.9737056764263485,0.08729486804497699,False
E8B-0001063761-0001104659-15-025410,SPG,7627,7879,0.6706163911807221,0.6902224174647196,0.019606026283997435,False
E8B-0001037868-0001299933-15-000522,AME,7629,7881,0.6308248099564853,0.6126321008406591,-0.018192709115826156,False
E8B-0000040545-0000040545-15-000036,GE,7631,7883,0.6273866086441658,0.678995056179104,0.05160844753493821,False
E8B-0000277948-0000277948-15-000015,CSX,7634,7886,0.7765827750294546,0.7167432354273041,-0.05983953960215049,False
E8B-0000927066-0001193125-15-128446,DVA,7634,7886,0.671314047064208,0.6433402953075156,-0.027973751756692478,False
E8B-0001101215-0001101215-15-000093,ADS,7636,7888,0.7512881732946579,0.6594387756341427,-0.09184939766051525,False
E8B-0000086312-0001104659-15-028878,TRV,7638,7890,0.6184186469697448,0.6613726117286307,0.04295396475888591,False
E8B-0001490281-0001193125-15-137083,GRPN,7638,7890,1.2321536791914838,1.1074342000180568,-0.12471947917342696,False
E8B-0001137789-0001104659-15-029483,STX,7640,7892,1.0373269134022924,0.8076209789864319,-0.2297059344158605,False
E8B-0000945436-0000945436-15-000164,SUNE_old,7687,7892,1.6086623843156929,1.2851213169710352,-0.3235410673446577,True
E8B-0000006951-0001193125-15-147980,AMAT,7642,7894,0.7212703238202469,0.7363679217266087,0.015097597906361782,False
E8B-0001305014-0001305014-15-000030,ASH,7645,7897,0.6964745541100446,0.6621238490869351,-0.03435070502310944,False
E8B-0000005272-0001193125-15-161887,AIG,7646,7898,0.6321957800826483,0.6480798227587927,0.015884042676144405,False
E8B-0001070750-0001564590-15-003040,HST,7646,7898,0.7568300878446537,0.7023947072421038,-0.05443538060254982,False
E8B-0001546640-0001546640-15-000022,ADT_old,7707,7898,0.6025396794400365,0.7202427653495842,0.1177030859095477,True
E8B-0000033185-0001144204-15-027305,EFX,7648,7900,0.6258756594075301,0.6925911305776498,0.06671547117011967,False
E8B-0000703361-0001628280-15-003571,IDTI,7648,7900,0.8661697675328345,0.9293956979215386,0.06322593038870417,False
E8B-0000874716-0001144204-15-027797,IDXX,7649,7901,0.6891805230260922,0.7831841864817954,0.09400366345570321,False
E8B-0000004962-0000004962-15-000048,AXP,7654,7906,0.6734240693733125,0.6293399309799186,-0.04408413839339387,False
E8B-0001037038-0000950142-15-001034,RL,7654,7906,0.8426778600247719,0.7504382688636951,-0.09223959116107672,False
E8B-0000807882-0001157523-15-001776,JACK,7655,7907,0.8536362631670876,0.8063639756616136,-0.047272287505474075,False
E8B-0000054480-0001193125-15-186997,KSU,7656,7908,0.7586776209725167,0.7485230186655241,-0.01015460230699261,False
E8B-0000746515-0000746515-15-000023,EXPD,7658,7910,0.694445465070011,0.7006844083334398,0.006238943263428776,False
E8B-0000946581-0001104659-15-039036,TTWO,7658,7910,0.7277646149003077,0.8387096429147924,0.11094502801448469,False
E8B-0000005513-0001193125-15-196165,UNM,7661,7913,0.6817761000887502,0.7058632791112579,0.024087179022507677,False
E8B-0001144519-0001104659-15-040016,BG,7661,7913,0.8045446005246186,0.704176852599088,-0.1003677479255306,False
E8B-0001090872-0001090872-15-000029,A,7665,7917,0.6451414203248584,0.6794143562351111,0.03427293591025271,False
E8B-0000898173-0000898173-15-000141,ORLY,7666,7918,0.666561999446696,0.734478199786353,0.06791620033965695,False
E8B-0000078239-0000078239-15-000022,PVH,7667,7919,0.8007431990767835,0.7699070481676776,-0.030836150909105853,False
E8B-0000050863-0000050863-15-000038,INTC,7671,7923,0.6704811589049346,0.6862430845644935,0.015761925659558806,False
E8B-0001579298-0001193125-15-217150,BURL,7672,7924,0.8407082319629599,0.9314260382514669,0.09071780628850701,False
E8B-0000816284-0001571049-15-005083,CELG,7678,7930,0.8289689716080055,0.8146184546766708,-0.014350516931334711,False
E8B-0000793952-0001104659-15-045915,HOG,7679,7931,0.7719577653462241,0.7143006146532787,-0.057657150692945414,False
E8B-0001316360-0001316360-15-000065,IHS_old,7682,7934,0.6769575681464193,0.6453622450183054,-0.03159532312811386,False
E8B-0001474464-0001144204-15-038343,NYRT,7682,7934,0.7167986960893721,0.7037616418781767,-0.013037054211195387,False
E8B-0000895419-0000895419-15-000041,CREE,7684,7936,0.8494402556762307,0.8048832180754922,-0.04455703760073848,False
E8B-0000056873-0001104659-15-047569,KR,7685,7937,0.732635158329507,0.7311643275702695,-0.0014708307592374847,False
E8B-0000096021-0001193125-15-239493,SYY,7687,7939,0.609042001458146,0.7127567274901095,0.10371472603196352,False
E8B-0000101829-0001193125-15-256545,UTX,7700,7952,0.6669622741202869,0.6571131827333249,-0.009849091386961994,False
E8B-0000075677-0000075677-15-000016,PKG,7702,7954,0.7160325248928171,0.7667495224558577,0.0507169975630406,False
E8B-0001058090-0001058090-15-000028,CMG,7702,7954,0.9377127630376564,0.793490532976333,-0.1442222300613234,False
E8B-0000100517-0001193125-15-260541,UAL,7703,7955,0.8952475065566171,0.8497757843784252,-0.04547172217819195,False
E8B-0001067701-0001067701-15-000024,URI,7703,7955,0.8882421119670878,0.9594466249237298,0.07120451295664199,False
E8B-0000829224-0000829224-15-000026,SBUX,7704,7956,0.6839142617983088,0.6851178701114958,0.001203608313186999,False
E8B-0000764180-0000764180-15-000070,MO,7707,7959,0.6526622194627304,0.7249990414447072,0.07233682198197677,False
E8B-0000884905-0001157523-15-002567,PX_old,7707,7959,0.6449907329955958,0.6556700188669815,0.010679285871385669,False
E8B-0001364885-0001628280-15-005510,SPR,7707,7959,0.7446094692775577,0.6693892938349866,-0.07522017544257109,False
E8B-0001012100-0001564590-15-005824,SEE,7708,7960,0.7307198328778188,0.7204832633816417,-0.010236569496177128,False
E8B-0001103982-0001193125-15-269412,MDLZ,7708,7960,0.6961474370283376,0.7082454720614652,0.012098035033127563,False
E8B-0000817720-0001193125-15-270846,SYNA,7709,7961,1.0410915154409808,0.9485515732153107,-0.09253994222567008,False
E8B-0001502034-0001628280-15-005988,GNC,7711,7963,1.077305017735248,0.818684088556649,-0.2586209291785989,False
E8B-0001050915-0001193125-15-277549,PWR,7712,7964,0.7847083424304369,0.796239411354893,0.0115310689244561,False
E8B-0001043219-0001157523-15-002780,NLY,7713,7965,0.6467903821926548,0.7184913645761959,0.07170098238354106,False
E8B-0001379895-0001104659-15-057223,DYN_old,7714,7966,1.313047183483346,1.3412258198890086,0.02817863640566265,False
E8B-0000918646-0001193125-15-283958,EXP,7715,7967,0.7464626951078512,0.7712727822166896,0.024810087108838363,False
E8B-0000051253-0001157523-15-002867,IFF,7716,7968,0.6329796512779948,0.7012142470132352,0.06823459573524038,False
E8B-0001107694-0001107694-15-000031,RAX,7716,7968,1.074199919578077,1.1370851267249018,0.06288520714682488,False
E8B-0000703351-0000703351-15-000043,EAT,7724,7976,0.777447640459152,0.7975531493405804,0.02010550888142837,False
E8B-0000012659-0001193125-15-309327,HRB,7732,7984,0.8081757356321472,0.6655414355828595,-0.14263430004928768,False
E8B-0000073309-0001144204-15-053493,NUE,7733,7985,0.7053755517185388,0.7676869734360704,0.06231142171753157,False
E8B-0000804753-0000804753-15-000041,CERN,7736,7988,0.7207326731050175,0.7444388503124798,0.023706177207462265,False
E8B-0000350698-0000350698-15-000199,AN,7739,7991,0.7544547878697457,0.7104649875893896,-0.04398980028035615,False
E8B-0000865752-0001104659-15-064756,MNST,7739,7991,0.7506825453047655,0.7947954755150817,0.04411293021031615,False
E8B-0001594617-0001193125-15-322468,LQ_old,7743,7995,0.8813255312917776,0.7778695970032345,-0.10345593428854305,False
E8B-0000097476-0001564590-15-008038,TXN,7744,7996,0.6315898429853669,0.7741026097171971,0.14251276673183022,False
E8B-0001339048-0001339048-15-000060,WNR,7744,7996,1.0478936941855173,0.9924891665189756,-0.05540452766654169,False
E8B-0001467373-0001467373-15-000403,ACN,7747,7999,0.643739445791913,0.694823858942299,0.05108441315038603,False
E8B-0001492691-0001492691-15-000031,SWFT,7748,8000,0.914664615543874,1.0102504505747198,0.09558583503084583,False
E8B-0001009626-0001009626-15-000105,BRCD,7751,8003,0.7998276005864247,0.7822557243992769,-0.017571876187147728,False
E8B-0000912242-0001104659-15-068494,MAC,7752,8004,0.6675439215998302,0.7140586264473523,0.04651470484752207,False
E8B-0000072333-0000072333-15-000143,JWN,7754,8006,0.9124857772205733,0.8646187020183944,-0.04786707520217892,False
E8B-0001012620-0001193125-15-336505,GWR,7754,8006,0.7949580171625945,0.8540232241956501,0.05906520703305562,False
E8B-0000200406-0000200406-15-000056,JNJ,7760,8012,0.6084556148273466,0.6865568242170417,0.07810120938969511,False
E8B-0001420800-0001420800-15-000027,CFX,7761,8013,0.9793489182276717,0.893991426178944,-0.08535749204872767,False
E8B-0000104169-0000104169-15-000049,WMT,7762,8014,0.6779357047690525,0.7275261534925785,0.049590448723526026,False
E8B-0001082554-0001104659-15-070746,UTHR,7762,8014,0.8781514440237469,0.8908014601465299,0.012650016122783048,False
E8B-0001452575-0001452575-15-000045,MJN,7767,8019,0.7035717516413946,0.7461372298522665,0.042565478210871865,False
E8B-0001578318-0001104659-15-072034,EVHC,7767,8019,0.910754484246521,0.8737744234570626,-0.03698006078945837,False
E8B-0000038777-0000038777-15-000261,BEN,7768,8020,0.7201159364974921,0.6890232695554984,-0.03109266694199364,False
E8B-0000791915-0001564590-15-008551,CY,7768,8020,0.8322342038738577,0.898139950367822,0.0659057464939643,False
E8B-0000024741-0000024741-15-000054,GLW,7770,8022,0.6277735433312485,0.7291170310683183,0.1013434877370698,False
E8B-0000728535-0001437749-15-018852,JBHT,7770,8022,0.6816436755256027,0.689563942148596,0.007920266622993277,False
E8B-0001307954-0001104659-15-072857,HUN,7770,8022,0.96198725765165,1.1069922316739649,0.14500497402231483,False
E8B-0001498710-0001498710-15-000157,SAVE,7770,8022,0.9230144744901745,1.0328003061977993,0.10978583170762479,False
E8B-0001286681-0001193125-15-354925,DPZ,7771,8023,0.6397289549219434,0.8025621929813701,0.16283323805942673,False
E8B-0000050104-0000050104-15-000032,TSO,7772,8024,0.8801781844679407,0.8453837505634728,-0.0347944339044679,False
E8B-0000871763-0000871763-15-000050,MAN,7773,8025,0.7360502614132527,0.7099025448277813,-0.026147716585471437,False
E8B-0001060391-0001060391-15-000043,RSG,7773,8025,0.6280115254120638,0.6948650626094525,0.06685353719738862,False
E8B-0001403161-0001193125-15-361234,V,7774,8026,0.6497724543047888,0.6912762671591581,0.041503812854369326,False
E8B-0000070318-0001193125-15-362369,THC,7775,8027,1.09955526592844,0.937617757400519,-0.161937508527921,False
E8B-0001095651-0001104659-15-075095,STAR,7775,8027,0.8525657320386907,0.8248919500294676,-0.027673782009223102,False
E8B-0001437107-0001437107-15-000050,DISCA,7775,8027,0.8436482157677547,0.7939138567978462,-0.04973435896990852,False
E8B-0001319947-0001319947-15-000029,DSW,7776,8028,0.8601301166560841,0.847269295324828,-0.0128608213312561,False
E8B-0001530721-0001530721-15-000063,KORS,7776,8028,0.7973301386782926,0.8877353136309271,0.09040517495263445,False
E8B-0000865436-0001171843-15-005986,WFM,7777,8029,0.8308693723236817,0.831802977914227,0.0009336055905452278,False
E8B-0001037646-0001037646-15-000031,MTD,7778,8030,0.593071031525015,0.6911078379487061,0.09803680642369117,False
E8B-0001478242-0001193125-15-368536,Q_old1,7778,8030,0.7023282159551162,0.7448558235304028,0.04252760757528662,False
E8B-0001108109-0001193125-15-371010,CYH,7779,8031,1.574109630439347,1.1671496520756597,-0.40695997836368725,False
E8B-0000943452-0001193125-15-372166,WAB,7780,8032,0.7529468113322232,0.776751943366937,0.023805132034713794,False
E8B-0000026172-0000897069-15-000515,CMI,7783,8035,0.6575076056629041,0.80311717810618,0.14560957244327588,False
E8B-0000356028-0001193125-15-380228,CA_old,7786,8038,0.6794870686009565,0.7252097262227541,0.04572265762179761,False
E8B-0000036270-0001193125-15-380788,MTB,7787,8039,0.6615073173605616,0.7328166914232954,0.07130937406273385,False
E8B-0000320187-0000320187-15-000226,NKE,7788,8040,0.7944078441735126,0.7164816042641751,-0.07792623990933756,False
E8B-0001015780-0001157523-15-003900,ETFC,7788,8040,0.8169169789105734,0.9064298940626198,0.0895129151520464,False
E8B-0001062449-0001062449-15-000044,BWLD,7790,8042,0.8315367284277091,0.8791979899648034,0.04766126153709427,False
E8B-0001262823-0001193125-15-385536,WLK,7790,8042,0.8695068475910593,0.893122556765569,0.023615709174509614,False
E8B-0000203527-0001144204-15-068100,VAR,7792,8044,0.6945889024916376,0.741855619827788,0.0472667173361504,False
E8B-0000029534-0001104659-15-082594,DG,7796,8048,0.7653629753327045,0.7945012039202257,0.029138228587521242,False
E8B-0001532063-0001193125-15-394417,ESRX,7797,8049,0.7560528286688882,0.7403917627342053,-0.01566106593468297,False
E8B-0001022079-0001022079-15-000157,DGX,7798,8050,0.6265704859307276,0.7278962700576991,0.10132578412697146,False
E8B-0001041061-0001041061-15-000043,YUM,7802,8054,0.6505184264812317,0.7330692092623378,0.08255078278110606,False
E8B-0001137774-0001193125-15-399684,PRU,7802,8054,0.7058202561613489,0.8469296833024827,0.14110942714113384,False
E8B-0001593538-0001193125-15-400230,NAVI,7802,8054,0.8636409637801046,1.0455228381040167,0.18188187432391212,False
E8B-0000012927-0000012927-15-000083,BA,7805,8057,0.7394360335029357,0.797046034073356,0.057610000570420206,False
E8B-0001498301-0001193125-15-404029,ASNA,7805,8057,1.2650319753778723,1.2610683575845072,-0.003963617793365071,False
E8B-0000940944-0000940944-15-000085,DRI,7807,8059,0.6906777844619072,0.7975528356331012,0.106875051171194,False
E8B-0000098246-0000098246-16-000164,TIF,7829,8081,0.6962193259331737,0.8029136351814535,0.10669430924827983,False
E8B-0000723612-0001193125-16-436931,CAR,7831,8083,1.07627042803565,1.2520639694712845,0.17579354143563442,False
E8B-0000877890-0001157523-16-004309,CTXS,7833,8085,0.6970941678284112,0.7860908526802183,0.08899668485180712,False
E8B-0001206264-0001206264-16-000100,TPX,7838,8090,1.0807866178844348,1.01827510440147,-0.0625115134829648,False
E8B-0000100493-0000100493-16-000174,TSN,7839,8091,0.8104747492724471,0.8750018962373682,0.06452714696492112,False
E8B-0000720005-0000720005-16-000098,RJF,7839,8091,0.6668055612037093,0.8977178802110379,0.23091231900732867,False
E8B-0001175454-0001193125-16-450691,FLT,7839,8091,0.7293457287990863,0.7994634430772317,0.0701177142781454,False
E8B-0000042582-0001193125-16-454680,GT,7841,8093,0.7905972674759624,0.8578046379750833,0.06720737049912096,False
E8B-0001535929-0001193125-16-456380,VOYA,7842,8094,0.7790024928538933,0.9409565943879775,0.16195410153408418,False
E8B-0000858877-0001193125-16-457586,CSCO,7843,8095,0.6360749668131862,0.741201934860641,0.1051269680474548,False
E8B-0001018724-0001018724-16-000176,AMZN,7843,8095,0.721642507478761,0.9068948074222445,0.18525229994348347,False
E8B-0001409970-0001409970-16-001711,LC,7843,8095,1.3264467115812262,1.3891335902804889,0.0626868786992627,False
E8B-0001418135-0001299933-16-002043,DPS,7844,8096,0.7254934000982018,0.7435086824131383,0.01801528231493643,False
E8B-0000051644-0000051644-16-000046,IPG,7845,8097,0.6940373261257736,0.7762072369711963,0.08216991084542269,False
E8B-0000006281-0001157523-16-004606,ADI,7846,8098,0.6860602294067145,0.8828483618302203,0.1967881324235058,False
E8B-0001645494-0001193125-16-467174,ARRS,7847,8099,0.83254821507514,0.9609453817083873,0.1283971666332473,False
E8B-0001519751-0001193125-16-471661,FBHS,7850,8102,0.7613145787534117,0.8103023715917017,0.04898779283829002,False
E8B-0000067215-0000067215-16-000056,DY,7851,8103,0.9275203614105212,1.0687684330581841,0.14124807164766295,False
E8B-0001308606-0001308606-16-000192,SRC,7852,8104,0.830937647475646,0.8408208197850552,0.00988317230940916,False
E8B-0000028917-0000028917-16-000240,DDS,7853,8105,1.1176440452092289,1.00642191920856,-0.11122212600066894,False
E8B-0000832988-0001157523-16-004769,SIG,7855,8107,1.0441046077661784,0.8630293642985674,-0.18107524346761106,False
E8B-0001326380-0001326380-16-000273,GME,7856,8108,0.9448178096973762,0.8967379504648826,-0.04807985923249358,False
E8B-0001385157-0001104659-16-102023,TEL,7857,8109,0.6832668081990886,0.7982985983276197,0.11503179012853115,False
E8B-0001514991-0001514991-16-000045,AMCX,7860,8112,0.9275633832258817,0.908907205210612,-0.018656178015269753,False
E8B-0000919012-0001193125-16-505238,AEO,7866,8118,0.9240229746033197,0.8951947482337709,-0.02882822636954885,False
E8B-0001341439-0001193125-16-505164,ORCL,7866,8118,0.696874416248149,0.7718934051093304,0.0750189888611813,False
E8B-0000719955-0001193125-16-506695,WSM,7867,8119,0.8735808660573288,0.847313931233839,-0.02626693482348974,False
E8B-0000019617-0001193125-16-508869,JPM,7868,8120,0.6507481617044458,0.8351894571951006,0.1844412954906548,False
E8B-0000070858-0000070858-16-000144,BAC,7868,8120,0.6819067375333169,0.9435107324402588,0.261603994906942,False
E8B-0001089063-0001089063-16-000104,DKS,7870,8122,0.8751117177344967,0.875827065998437,0.0007153482639402631,False
E8B-0001521332-0001521332-16-000090,DLPH,7885,8137,0.8663124388325798,0.8963416900619596,0.030029251229379827,False
E8B-0000106640-0000106640-16-000081,WHR,7889,8141,0.852885479046032,0.8277634785500665,-0.02512200049596547,False
E8B-0001124610-0001193125-16-546562,VMW,7890,8142,0.6761015737016316,0.8751863127982124,0.19908473909658075,False
E8B-0001048695-0001048695-16-000033,FFIV,7891,8143,0.7651029666787297,0.8871485124998679,0.12204554582113825,False
E8B-0001174922-0001174922-16-000171,WYNN,7891,8143,1.0003064807068227,1.1091004159036875,0.10879393519686475,False
E8B-0000006201-0001193125-16-551218,AAL,7892,8144,0.9191723179438529,1.031281757083907,0.11210943914005411,False
E8B-0000016875-0001628280-16-014643,CP,7892,8144,0.8372493202294405,0.8695223417134106,0.032273021483970044,False
E8B-0001024478-0001024478-16-000041,ROK,7895,8147,0.6919330154144179,0.8508700652434771,0.1589370498290592,False
E8B-0001575828-0001575828-16-000048,FI,7895,8147,0.7561000475540894,0.8601110680095553,0.10401102045546584,False
E8B-0001359841-0001359841-16-000359,HBI,7896,8148,0.9408602152209622,0.8540210545455196,-0.08683916067544262,False
E8B-0000880631-0001193125-16-566179,WETF,7897,8149,1.2822428790286948,1.1691187036685446,-0.11312417536015018,False
E8B-0001000228-0001000228-16-000063,HSIC,7899,8151,0.7905203541074913,0.812652081740036,0.022131727632544673,False
E8B-0001594012-0001594012-16-000129,ISBC,7899,8151,0.7172606624628854,0.8006030141606942,0.08334235169780879,False
E8B-0001578845-0001144204-16-100120,AGN,7904,8156,0.8664241618283948,0.903486902536127,0.03706274070773219,False
E8B-0001037038-0000950142-16-003709,RL,7906,8158,0.9615436767314783,0.9137365282724487,-0.04780714845902967,False
E8B-0000743988-0000743988-16-000060,XLNX,7909,8161,0.6977550080094245,0.8777719718749083,0.18001696386548383,False
E8B-0000707549-0001193125-16-598317,LRCX,7914,8166,0.6485101164746828,0.9442447881309965,0.29573467165631373,False
E8B-0000005513-0001193125-16-603319,UNM,7917,8169,0.7596307563371388,0.8699511368799557,0.1103203805428169,False
E8B-0000800240-0001193125-16-607286,ODP,7918,8170,0.9878778630816892,1.1677293340630437,0.17985147098135446,False
E8B-0000898173-0000898173-16-000339,ORLY,7918,8170,0.8617546427110464,0.8340191525453066,-0.02773549016573984,False
E8B-0001339048-0001339048-16-000155,WNR,8053,8172,0.6852518918779774,0.6618459932108003,-0.023405898667177127,True
E8B-0001087423-0001193125-16-628928,RHT,7935,8187,0.7856499383496564,0.9121669306792591,0.12651699232960278,False
E8B-0000730255-0001206774-16-006289,CAMP_old,7939,8191,0.8113845853750465,0.9908036366165486,0.17941905124150204,False
E8B-0000036104-0001299933-16-002678,USB,7940,8192,0.6778309398270591,0.8003774425298238,0.12254650270276468,False
E8B-0000927628-0000927628-16-000185,COF,7940,8192,0.7232762182845585,0.8492427372404331,0.12596651895587463,False
E8B-0001390777-0001193125-16-636687,BK,7940,8192,0.730609921956687,0.8641147026869772,0.13350478073029026,False
E8B-0001170010-0001170010-16-000147,KMX,7942,8194,0.8205155055075963,0.9393643103862513,0.11884880487865501,False
E8B-0001601712-0001601712-16-000137,SYF,7945,8197,0.8133602042123428,0.8697652847482378,0.05640508053589499,False
E8B-0001281761-0001281761-16-000144,RF,7950,8202,0.7793409366629879,1.002762364345799,0.22342142768281115,False
E8B-0000822416-0000822416-16-000081,PHM,7954,8206,0.8385755979864763,0.9194602051616018,0.08088460717512547,False
E8B-0000875045-0000875045-16-000063,BIIB,7954,8206,0.9525214117289785,0.9647047239944749,0.012183312265496404,False
E8B-0001065088-0001065088-16-000314,EBAY,7954,8206,0.7977897474652961,0.9035864056885613,0.10579665822326523,False
E8B-0000004127-0000004127-16-000057,SWKS,7955,8207,0.859821282943522,1.088124928282039,0.2283036453385171,False
E8B-0001275283-0001193125-16-657263,RAI,7957,8208,0.770408210330978,0.9043244201771479,0.13391620984616992,True
E8B-0000859737-0001144204-16-114705,HOLX,7959,8211,0.7969943148371749,0.8721474659180306,0.07515315108085574,False
E8B-0000914208-0000914208-16-001071,IVZ,7959,8211,0.7362755920877142,0.8318186005593761,0.09554300847166186,False
E8B-0001082923-0001140361-16-073941,STMP,7961,8213,0.9703989390343359,1.2827474269035073,0.31234848786917135,False
E8B-0000005272-0001193125-16-668375,AIG,7963,8215,0.7760122452323861,0.8523130810399717,0.07630083580758562,False
E8B-0001571949-0001571049-16-017027,ICE,7963,8215,0.7358764969881241,0.8165982884824038,0.08072179149427972,False
E8B-0000003116-0001171843-16-011501,AKRX,7964,8216,1.187307986916474,1.2350740424686728,0.047766055552198816,False
E8B-0000006769-0001673379-16-000014,APA,7965,8217,1.0150439820765051,0.9851620655948885,-0.029881916481616644,False
E8B-0000068505-0001193125-16-671842,MSI,7965,8217,0.724466855820637,0.8413410949093476,0.11687423908871064,False
E8B-0001058290-0001058290-16-000072,CTSH,7965,8217,0.8474296415657513,0.9560033391148766,0.10857369754912527,False
E8B-0001624899-0001193125-16-675914,STE,7967,8219,0.7494563314591097,0.8350517370201914,0.0855954055610817,False
E8B-0000865436-0001171843-17-002921,WFM,8157,8232,0.5365498302541868,0.5952336379116935,0.05868380765750669,True
E8B-0001327567-0001327567-16-000057,PANW,7983,8235,1.0289615787463533,1.0542537036466748,0.02529212490032151,False
E8B-0000866787-0001171843-16-012220,AZO,7998,8250,0.9942869809170479,0.8657441872524382,-0.12854279366460974,False
E8B-0000807882-0001157523-16-006763,JACK,7999,8251,0.9198818555138029,0.9207525744545844,0.0008707189407815008,False
E8B-0000004962-0000004962-16-000195,AXP,8002,8254,0.7167804505018845,0.8730417544675885,0.15626130396570392,False
E8B-0000723531-0000723531-16-000049,PAYX,8003,8255,0.7591605237448128,0.7978115882586508,0.03865106451383804,False
E8B-0000079879-0000079879-16-000112,PPG,8010,8262,0.7433167178811948,0.8315069368960746,0.08819021901487978,False
E8B-0000764180-0000764180-16-000196,MO,8012,8264,0.8396090828231798,0.8793213219449929,0.0397122391218131,False
E8B-0000047217-0001104659-16-150081,HPQ,8014,8266,0.8143480522911746,1.0084056549642608,0.19405760267308625,False
E8B-0001022671-0001104659-16-151077,STLD,8019,8271,0.9226085197454328,1.1166183105866672,0.19400979084123438,False
E8B-0001058090-0001058090-16-000086,CMG,8022,8274,1.1221887537491044,0.987402034563185,-0.13478671918591945,False
E8B-0001278021-0001193125-16-747223,MKTX,8022,8274,0.8986208825101458,0.9853048876832938,0.086684005173148,False
E8B-0001370946-0001370946-16-000316,OC,8022,8274,0.7459690443189252,0.9435316977047405,0.19756265338581536,False
E8B-0000014272-0000014272-16-000490,BMY,8023,8275,0.8576311050917904,0.9452377055673306,0.08760660047554014,False
E8B-0001138118-0001104659-16-152348,CBG,8023,8275,0.742198119924634,0.9206144495810629,0.17841632965642884,False
E8B-0001408198-0001157523-16-007056,MSCI,8023,8275,0.7463844141669622,0.9162209521628547,0.1698365379958925,False
E8B-0000350698-0000350698-16-000352,AN,8024,8276,0.9722761316022916,1.0207019068118077,0.048425775209516075,False
E8B-0000874766-0000874766-16-000071,HIG,8024,8276,0.7595559107183343,0.8718640528765419,0.11230814215820761,False
E8B-0000916365-0000916365-16-000202,TSCO,8027,8279,0.9838657440478406,0.9659940067386966,-0.01787173730914393,False
E8B-0001110803-0001110803-16-000211,ILMN,8027,8279,0.8781722498651837,1.090847451083668,0.21267520121848438,False
E8B-0001303652-0001303652-16-000054,DATA,8027,8279,0.820857616128069,1.0968602917950117,0.2760026756669427,False
E8B-0001332349-0001332349-16-000104,BKD,8027,8279,1.1771290936720729,1.1592452762603924,-0.017883817411680436,False
E8B-0000313927-0001564590-16-027161,CHD,8028,8280,0.8679343410891505,0.8830165145659675,0.015082173476817062,False
E8B-0001597033-0001597033-16-000299,SABR,8028,8280,0.9366552192529618,0.8442675621991325,-0.09238765705382934,False
E8B-0001604778-0001604778-16-000207,QRVO,8029,8281,0.9533183628690292,1.154616187339909,0.20129782447087985,False
E8B-0000064803-0000064803-16-000096,CVS,8031,8283,0.9538527613907526,0.9703008308277395,0.016448069436986956,False
E8B-0000866121-0000866121-16-000102,OA,8031,8283,0.7525187322476659,1.0044701855909934,0.2519514533433276,False
E8B-0001232524-0001232524-16-000383,JAZZ,8032,8284,0.9858198827878621,1.0816389006847404,0.0958190178968783,False
E8B-0001099219-0001193125-16-765107,MET,8033,8285,0.8095209050881896,0.8801442316896047,0.07062332660141502,False
E8B-0001355096-0001355096-16-000130,QVCA,8033,8285,1.0021120725462147,1.092237425309883,0.09012535276366829,False
E8B-0001045810-0001045810-16-000343,NVDA,8034,8286,0.962214703150994,1.4403071835331653,0.47809248038217134,False
E8B-0000804753-0000804753-16-000094,CERN,8036,8288,0.8378120172593391,0.9706780522572965,0.13286603499795746,False
E8B-0000860730-0001193125-16-768058,HCA,8036,8288,0.9103825908258889,0.9358576052574042,0.02547501443151534,False
E8B-0001478242-0001193125-17-181676,Q_old1,8167,8288,0.6096470120516292,0.6988932529434578,0.08924624089182864,True
E8B-0000100885-0000100885-16-000457,UNP,8039,8291,0.8141886797305207,0.8987652829690528,0.08457660323853211,False
E8B-0001058057-0001193125-16-770966,MRVL,8039,8291,0.8914332951702605,1.0684134491074317,0.17698015393717126,False
E8B-0001326801-0001326801-16-000093,FB_old,8040,8292,0.7916637220745099,0.9820984279725878,0.19043470589807798,False
E8B-0000016918-0000016918-16-000113,STZ,8041,8293,0.8441068223110977,1.0031868173738845,0.1590799950627868,False
E8B-0001099800-0001099800-16-000080,EW,8044,8296,0.8883570632867085,1.016101948542537,0.1277448852558286,False
E8B-0001390844-0001193125-16-784393,WBC,8049,8301,0.830589997310217,0.9761236576677556,0.14553366035753856,False
E8B-0001555280-0001555280-16-000494,ZTS,8051,8303,0.776676398976974,0.9304233376243104,0.15374693864733635,False
E8B-0001397187-0001397187-16-000133,LULU,8052,8304,1.0431055182259101,1.0996483616878725,0.05654284346196237,False
E8B-0001035267-0001035267-16-000248,ISRG,8056,8308,0.7935350092426098,1.0409665765641023,0.24743156732149252,False
E8B-0001137774-0001193125-16-793941,PRU,8058,8310,0.8246396987721553,0.8876934319930565,0.06305373322090124,False
E8B-0000026172-0000897069-16-001140,CMI,8059,8311,0.7834366106468058,0.9102656460381932,0.12682903539138735,False
E8B-0001101215-0001101215-17-000003,ADS,8069,8318,0.9592744783945246,1.0134247215144294,0.054150243119904795,False
E8B-0001467858-0001467858-17-000022,GM,8074,8318,0.8499943215466963,0.9178581443047197,0.06786382275802338,False
E8B-0001681459-0001193125-17-010419,FTI,8077,8318,1.139305864697738,1.1243899804515531,-0.014915884246184952,False
E8B-0000796343-0000796343-17-000026,ADBE,8078,8318,0.8169004054604416,1.0341231493660064,0.21722274390556473,False
E8B-0000217346-0001104659-17-003911,TXT,8083,8318,0.8298842421863218,0.9424685078262814,0.1125842656399596,False
E8B-0001062449-0001062449-17-000004,BWLD,8083,8318,1.147890469363957,1.2000822454762226,0.052191776112265664,False
E8B-0001593538-0001193125-17-016712,NAVI,8083,8318,1.0646617283944673,1.0608284169667734,-0.0038333114276938307,False
E8B-0000820313-0001558370-17-000189,APH,8084,8318,0.7550357187706884,0.8816975709717237,0.12666185220103532,False
E8B-0001166691-0001104659-17-004122,CMCSA,8084,8318,0.9018506971702316,0.9652670611234327,0.06341636395320116,False
E8B-0001004434-0001193125-17-022621,AMG,8086,8318,0.7756620329989431,0.9524257377389351,0.17676370473999203,False
E8B-0000713676-0001193125-17-023637,PNC,8087,8318,0.795608661920764,0.9027995463199799,0.10719088439921598,False
E8B-0000898174-0000898174-17-000005,RGA,8087,8318,0.7624325717693576,0.8604352171824625,0.09800264541310488,False
E8B-0000202058-0000202058-17-000008,HRS,8089,8318,0.7441100356104874,0.9106595535679524,0.16654951795746498,False
E8B-0001219601-0001219601-17-000003,CCK,8090,8318,0.7729683577727817,0.79212035033233,0.019151992559548248,False
E8B-0001584509-0001584509-17-000038,ARMK,8092,8318,0.7402926389227129,0.8457623760280977,0.10546973710538476,False
E8B-0000042582-0001193125-17-033923,GT,8093,8318,0.8483335100462377,0.8866092034235175,0.03827569337727976,False
E8B-0001408075-0001408075-17-000007,GPK,8093,8318,0.8258471113405017,0.9323260636593876,0.10647895231888593,False
E8B-0001466258-0001466258-17-000025,TT,8093,8318,0.7549888120106661,0.8201715263434615,0.06518271433279532,False
E8B-0001365135-0001365135-17-000004,WU,8095,8318,0.8038451690122677,0.8045650376422112,0.0007198686299435542,False
E8B-0000842162-0001193125-17-039342,LEA,8096,8318,0.8021785616319569,0.9196762698738948,0.11749770824193795,False
E8B-0000701221-0000950159-17-000051,CI,8098,8318,0.7465113910523965,0.904685585487043,0.15817419443464653,False
E8B-0000912242-0001193125-17-043480,MAC,8098,8318,0.899318024999228,0.9331039499580277,0.03378592495879973,False
E8B-0001206264-0001206264-17-000018,TPX,8099,8318,0.9235678302370018,1.06004132193292,0.13647349169591827,False
E8B-0001526520-0001564590-17-001633,TRIP,8099,8318,1.1803566957686236,1.0554224166038724,-0.1249342791647512,False
E8B-0000899866-0000899866-17-000041,ALXN,8100,8318,1.059740563879056,1.061286978867571,0.0015464149885149325,False
E8B-0000354950-0000354950-17-000002,HD,8101,8318,0.6879254740572389,0.8286817113346813,0.14075623727744235,False
E8B-0000072333-0000072333-17-000003,JWN,8102,8318,0.9513133207220464,1.0150649303278956,0.06375160960584914,False
E8B-0001053532-0001053532-17-000009,LHO,8103,8318,0.8375592784831678,0.8530661294942345,0.015506851011066747,False
E8B-0001070750-0001564590-17-001952,HST,8103,8318,0.7837376312948361,0.8499149907381865,0.06617735944335046,False
E8B-0001517228-0001193125-17-052967,COMM,8103,8318,0.9158241107869735,0.9310016788219915,0.015177568035018019,False
E8B-0001180262-0001157523-17-000606,HLF,8104,8318,0.8732680331470485,0.9589873671518365,0.08571933400478804,False
E8B-0001528849-0001193125-17-054070,RH,8104,8318,1.1135931544191233,1.7211448730742953,0.607551718655172,False
E8B-0001575515-0001564590-17-002106,SFM,8104,8318,0.9095888464036697,1.0633331383778861,0.15374429197421646,False
E8B-0000067215-0000067215-17-000010,DY,8107,8318,0.9212833076515993,1.0319137646179033,0.11063045696630402,False
E8B-0000745732-0000745732-17-000002,ROST,8107,8318,0.8077643593108299,0.9133618433651295,0.10559748405429958,False
E8B-0000764478-0000764478-17-000005,BBY,8107,8318,0.8259533348214172,1.077712347412333,0.2517590125909157,False
E8B-0001679688-0001679688-17-000020,CLNS,8107,8318,0.7965091433800228,0.7397800428300161,-0.056729100550006684,False
E8B-0000865752-0001104659-17-013039,MNST,8108,8318,0.7746976710233117,0.9056374412938646,0.13093977027055292,False
E8B-0001519751-0001193125-17-065699,FBHS,8108,8318,0.7092590659730478,0.785258715802389,0.07599964982934126,False
E8B-0000732712-0001193125-17-069284,VZ,8110,8318,0.7692756914311507,0.8295503303323805,0.06027463890122975,False
E8B-0000726958-0000726958-17-000010,CASY,8111,8318,0.8001231756985379,0.8246525690019127,0.02452939330337489,False
E8B-0000768835-0000768835-17-000005,BIG,8111,8318,0.8256016401936667,0.8848135351871863,0.05921189499351964,False
E8B-0001260221-0001193125-17-074698,TDG,8113,8318,0.7643538750639804,0.8715708563147138,0.10721698125073331,False
E8B-0001616862-0001616862-17-000018,AXTA,8115,8318,0.8588591817110007,0.8877379658033039,0.028878784092303156,False
E8B-0000016732-0000016732-17-000027,CPB,8123,8318,0.8276714836392836,0.7725838139222169,-0.05508766971706669,False
E8B-0001012100-0001193125-17-096513,SEE,8125,8318,0.7010406721805705,0.7674081535842129,0.06636748140364235,False
E8B-0000103379-0001157523-17-000911,VFC,8128,8318,0.6882267133790629,0.8336960584891635,0.14546934511010057,False
E8B-0001688568-0001193125-17-113595,DXC,8134,8318,0.7173231072290841,0.8317068832561523,0.11438377602706817,False
E8B-0000086312-0001104659-17-024698,TRV,8142,8318,0.6810752950195497,0.7576262985000948,0.07655100348054511,False
E8B-0001403161-0001403161-17-000026,V,8143,8318,0.6882091446997555,0.7892030072878112,0.10099386258805576,False
E8B-0000028412-0000028412-17-000070,CMA,8145,8318,0.7071037560563189,0.8183103409609152,0.11120658490459623,False
E8B-0000728535-0001437749-17-007048,JBHT,8145,8318,0.7042502160615811,0.8185009894070574,0.11425077334547629,False
E8B-0001633917-0001633917-17-000073,PYPL,8147,8318,0.6955658999245318,0.9005873204764308,0.20502142055189898,False
E8B-0000050863-0000050863-17-000028,INTC,8148,8318,0.6596559952365422,0.7856957552058013,0.1260397599692591,False
E8B-0001082554-0001104659-17-027093,UTHR,8148,8318,0.8444900161962142,0.9735269654212942,0.12903694922508002,False
E8B-0000008818-0001104659-17-027783,AVY,8149,8318,0.6226292508958541,0.7825135229826978,0.15988427208684375,False
E8B-0000874716-0001144204-17-024774,IDXX,8154,8318,0.7426938067881665,0.7380003562668881,-0.004693450521278453,False
E8B-0001000228-0001000228-17-000021,HSIC,8155,8318,0.8292588030198456,0.7243458792289469,-0.10491292379089867,False
E8B-0000712515-0000712515-17-000025,EA,8156,8318,0.81651141677975,0.8130308106215398,-0.00348060615821022,False
E8B-0001507385-0001507385-17-000071,VER,8159,8318,0.7146442380002602,0.7500460629917475,0.03540182499148725,False
E8B-0000062996-0000062996-17-000022,MAS,8161,8318,0.6266320765052699,0.7166515112738735,0.09001943476860363,False
E8B-0001050915-0001193125-17-185772,PWR,8169,8318,0.6503802456218962,0.7689474584231908,0.11856721280129456,False
E8B-0001530721-0001530721-17-000020,KORS,8170,8318,0.6689406289954296,0.9903564307798352,0.32141580178440554,False
E8B-0001573097-0001104659-17-037556,HDS,8174,8318,0.7564012449855134,0.813506698328157,0.05710545334264361,False
E8B-0000019617-0000019617-17-000452,JPM,8191,8318,0.6358510944227023,0.7199286064072613,0.08407751198455904,False
E8B-0000023217-0001193125-17-217442,CAG,8191,8318,0.6987981505216329,0.7224020604940165,0.023603909972383597,False
E8B-0000070858-0000070858-17-000028,BAC,8191,8318,0.6318092098052452,0.734130302769645,0.10232109296439973,False
E8B-0000091576-0001193125-17-216650,KEY,8191,8318,0.6732911407287376,0.7245649996789548,0.05127385895021719,False
E8B-0001144215-0001144215-17-000070,AYI,8192,8318,0.7943123714224257,0.7639812402169527,-0.03033113120547304,False
E8B-0001297996-0001193125-17-224675,DLR,8197,8318,0.7221748119490139,0.7457445650414204,0.023569753092406498,False
E8B-0000815556-0000815556-17-000031,FAST,8199,8318,0.7040542198402178,0.803969065961271,0.09991484612105328,False
E8B-0000036270-0001193125-17-230281,MTB,8204,8318,0.6514739012271202,0.678423723627332,0.02694982240021182,False
E8B-0000277948-0000277948-17-000041,CSX,8204,8318,0.7514163769539669,0.786882728206117,0.03546635125215014,False
E8B-0001171825-0000891092-17-005168,CIT,8204,8318,0.671190404374407,0.6847651368224916,0.013574732448084603,False
E8B-0001306830-0001306830-17-000174,CE,8204,8318,0.6332797926288325,0.678308329423636,0.04502853679480345,False
E8B-0001506307-0001506307-17-000032,KMI,8205,8318,0.711873532722997,0.6683943713736006,-0.043479161349396445,False
E8B-0000049196-0000049196-17-000039,HBAN,8206,8318,0.6424952394645339,0.6975003533636067,0.05500511389907281,False
E8B-0000743316-0000743316-17-000026,MXIM,8206,8318,0.6144078501243059,0.6869127531031957,0.07250490297888978,False
E8B-0001015780-0001157523-17-002015,ETFC,8206,8318,0.6251127925883369,0.7237757877762803,0.09866299518794341,False
E8B-0001065088-0001065088-17-000026,EBAY,8206,8318,0.6897475510250071,0.7148380309021489,0.025090479877141858,False
E8B-0001262039-0001262039-17-000025,FTNT,8210,8318,0.6775237361829017,0.7384284844869615,0.060904748304059786,False
E8B-0000310568-0000310568-17-000121,MSCC,8211,8318,0.7037280289057606,0.6855022891426239,-0.018225739763136684,False
E8B-0001011006-0001193125-17-241492,AABA,8213,8318,0.6648322591145391,0.745551117441463,0.08071885832692383,False
E8B-0000899051-0000899051-17-000043,ALL,8214,8318,0.5895198824946738,0.6544937887665827,0.06497390627190891,False
E8B-0001286681-0001193125-17-244950,DPZ,8214,8318,0.7174666500493697,0.7311694791371228,0.01370282908775311,False
E8B-0001364885-0001628280-17-007826,SPR,8214,8318,0.6124459654751881,0.7253822627398742,0.11293629726468601,False
E8B-0001402057-0001171843-17-004648,CDW,8215,8318,0.6218407022219977,0.6658909394561963,0.04405023723419854,False
E8B-0001345016-0001157523-17-002288,YELP,8216,8318,0.6587226762906955,0.7010314060116886,0.04230872972099309,False
E8B-0001411579-0001104659-17-049400,AMC,8216,8318,0.9237634697233693,0.9503887555848549,0.026625285861485604,False
E8B-0001124610-0001193125-17-256736,VMW,8223,8318,0.5950243078731243,0.713772517972583,0.11874821009945868,False
E8B-0001308606-0001193125-17-257789,SRC,8223,8318,0.6278952642157701,0.6541663223016702,0.026271058085900023,False
E8B-0000054480-0000054480-17-000148,KSU,8224,8318,0.606954863701817,0.6086092092901768,0.0016543455883598623,False
E8B-0000040987-0001299933-17-000854,GPC,8228,8318,0.6124196857797856,0.690335485209086,0.07791579942930049,False
E8B-0000912615-0001193125-17-268123,URBN,8232,8318,0.5985643793575847,0.8482371847596234,0.24967280540203873,False
E8B-0001168696-0001104659-17-055004,RGC_old,8236,8318,0.6266660260886152,0.8584649995316945,0.23179897344307931,False
E8B-0000898173-0000898173-17-000160,ORLY,8237,8318,0.6106635730767064,0.7172489869581715,0.10658541388146514,False
E8B-0000789570-0001193125-17-276757,MGM,8238,8318,0.637358299433781,0.6507353186676569,0.013377019233875909,False
E8B-0000857005-0001654954-17-008582,PTC,8248,8318,0.6008069050759989,0.6409291658860631,0.0401222608100642,False
E8B-0001678531-0001678531-17-000175,EVHC,8248,8318,0.8594692024735471,0.807515799703681,-0.05195340276986604,False
E8B-0000773910-0001193125-17-289433,APC_old,8249,8318,0.6241841427839196,0.6889073282514429,0.0647231854675232,False
E8B-0000097476-0001564590-17-018928,TXN,8250,8318,0.5291027311127575,0.6218382083560166,0.09273547724325903,False
E8B-0001645590-0001645590-17-000002,HPE,8269,8318,0.6167789420337912,0.632381784416783,0.01560284238299181,False
E8B-0001142596-0001564590-17-019866,NUVA,8273,8318,0.5769616289588894,0.5888237846082874,0.011862155649398076,False
E8B-0001361658-0001144204-17-053955,WYN,8273,8318,0.5366594375113611,0.6074312951767411,0.07077185766537997,False
E8B-0000047111-0000047111-17-000039,HSY,8274,8318,0.5576131188333634,0.5927043386097274,0.03509121977636398,False
E8B-0001048695-0001048695-17-000026,FFIV,8274,8318,0.5559055606320962,0.608875714006279,0.05297015337418287,False
E8B-0001498710-0001498710-17-000162,SAVE,8274,8318,0.5395022820093011,0.6747984661126009,0.1352961841032998,False
E8B-0001535929-0001193125-17-327224,VOYA,8278,8318,0.5558449728626127,0.6651913386144026,0.10934636575178991,False
E8B-0000814453-0001193125-17-330197,NWL,8279,8318,0.629073050460783,0.6178503284929258,-0.01122272196785723,False
E8B-0001320695-0001564590-17-020969,THS,8279,8318,0.6462679126051769,0.6391923098317139,-0.0070756027734629745,False
E8B-0001060391-0001060391-17-000045,RSG,8280,8318,0.5429476286410042,0.5719324194129848,0.028984790771980573,False
E8B-0001082923-0001140361-17-041097,STMP,8282,8318,0.589492450622053,0.6168656118671482,0.027373161245095146,False
E8B-0001524741-0001193125-17-335032,SLCA,8282,8318,0.6271917571195471,0.6100100994859267,-0.01718165763362045,False
E8B-0001411207-0001193125-17-337258,ALSN,8284,8318,0.5935867561839644,0.6000166933639434,0.006429937179978973,False
E8B-0001001039-0001001039-17-000192,DIS,8285,8318,0.5656939215044717,0.5864627037717678,0.02076878226729606,False
E8B-0001289490-0001628280-17-011391,EXR,8286,8318,0.5553612963152282,0.5671946800110741,0.011833383695845856,False
E8B-0000877890-0001193125-17-341922,CTXS,8288,8318,0.5419205983931056,0.5609378182895041,0.019017219896398485,False
E8B-0001483510-0001483510-17-000089,EXPR,8298,8318,0.576793473799385,0.6793271036870967,0.10253362988771175,False
E8B-0001627223-0001564590-17-024430,CC,8300,8318,0.596498170514747,0.5760597939212473,-0.020438376593499674,False
E8B-0001040971-0001104659-17-071531,SLG,8301,8318,0.553989147284536,0.5286951064987598,-0.02529404078577613,False
E8B-0001581068-0001193125-17-360763,BRX,8301,8318,0.5606183794269339,0.5601313435183147,-0.00048703590861920443,False
E8B-0001283699-0001283699-17-000048,TMUS,8302,8318,0.5345694682411046,0.564244779632318,0.029675311391213377,False
E8B-0000936395-0000936395-17-000057,CIEN,8303,8318,0.5758958999182393,0.5585197250410912,-0.017376174877148154,False
E8B-0000100517-0001193125-17-363913,UAL,8304,8318,0.5350783560077342,0.5545247462546742,0.01944639024693995,False
E8B-0001053507-0001053507-17-000062,AMT,8304,8318,0.5368858832580822,0.534172270314499,-0.002713612943583188,False
E8B-0001156039-0001193125-17-363937,ANTM,8304,8318,0.5372556648141893,0.5418797376914191,0.004624072877229768,False
E8B-0000012927-0000012927-17-000082,BA,8306,8318,0.5297265137367511,0.5390156082683795,0.009289094531628406,False
E8B-0000049071-0001193125-17-368814,HUM,8308,8318,0.5504484304092565,0.5345866360700697,-0.015861794339186774,False
E8B-0001341439-0001193125-17-369491,ORCL,8309,8318,0.5306199432131541,0.5198292991587247,-0.010790644054429421,False
